seed,label,trial,optimizer,optimizer_execution,restart,initializer_role,step,max_steps,restart_count,parameter_count,energy_min,objective_calls,gradient_l2,gradient_abs_mean,gradient_variance,gamma_gradient_variance,beta_gradient_variance,spsa_a_k,spsa_c_k,spsa_update_l2,elapsed_sec
839277350,Std-XY p=1,0,spsa,sequential,0,deterministic_linear_ramp,1,120,5,2,7.709618091583252,19,21.936742782592773,15.511619567871094,0.0,0.0,0.0,0.004276167986208288,0.02,0.09380519390106201,0.17685723304748535
839277350,Std-XY p=1,0,spsa,sequential,0,deterministic_linear_ramp,5,120,5,2,5.872245788574219,27,40.03090286254883,28.306123733520508,801.2366333007812,0.0,0.0,0.003638466706006938,0.016999416915812672,0.14565111696720123,0.19447851181030273
839277350,Std-XY p=1,0,spsa,sequential,0,deterministic_linear_ramp,10,120,5,2,4.217593193054199,37,6.164033889770508,4.358630180358887,18.997657775878906,0.0,0.0,0.0031153740786736012,0.015850026609609436,0.019203271716833115,0.21376848220825195
839277350,Std-XY p=1,0,spsa,sequential,0,deterministic_linear_ramp,15,120,5,2,4.16348934173584,47,1.8741353750228882,1.3252137899398804,1.756191611289978,0.0,0.0,0.002754023678365112,0.015214047873475552,0.005161412991583347,0.2327585220336914
839277350,Std-XY p=1,0,spsa,sequential,0,deterministic_linear_ramp,20,120,5,2,4.16348934173584,57,2.011889696121216,1.4226207733154297,0.0,0.0,0.0,0.0024862704538197175,0.014778350620464044,0.005002101417630911,0.2516145706176758
839277350,Std-XY p=1,0,spsa,sequential,0,deterministic_linear_ramp,25,120,5,2,4.16348934173584,67,0.24446265399456024,0.17286120355129242,0.02988099493086338,0.0,0.0,0.0022781966977908903,0.014449008773880907,0.0005569339846260846,0.2682638168334961
839277350,Std-XY p=1,0,spsa,sequential,0,deterministic_linear_ramp,30,120,5,2,4.16348934173584,77,0.004183377139270306,0.002958094235509634,0.0,0.0,0.0,0.002110826720061951,0.014185372641231635,8.830384103930555e-06,0.28706836700439453
839277350,Std-XY p=1,0,spsa,sequential,0,deterministic_linear_ramp,35,120,5,2,4.16348934173584,87,0.001810661400668323,0.0012803309364244342,0.0,0.0,0.0,0.0019726305077683807,0.013966227856027484,3.5717660011869157e-06,0.30522656440734863
839277350,Std-XY p=1,0,spsa,sequential,0,deterministic_linear_ramp,40,120,5,2,4.16348934173584,97,0.0013213775819167495,0.0009343550191260874,0.0,0.0,0.0,0.0018561567244035782,0.013779134410346052,2.452683929732302e-06,0.3234066963195801
839277350,Std-XY p=1,0,spsa,sequential,0,deterministic_linear_ramp,45,120,5,2,4.16348934173584,107,2.476278859830927e-05,1.7509935787529685e-05,0.0,0.0,0.0,0.0017563537519112993,0.013616187769422706,4.3492221379892726e-08,0.342146635055542
839277350,Std-XY p=1,0,spsa,sequential,0,deterministic_linear_ramp,50,120,5,2,4.16348934173584,117,2.502770621504169e-05,1.7697260773275048e-05,0.0,0.0,0.0,0.0016696631368419155,0.013472060523173781,4.1787835414197616e-08,0.360365629196167
839277350,Std-XY p=1,0,spsa,sequential,0,deterministic_linear_ramp,55,120,5,2,4.16348934173584,127,0.00010107918205903843,7.147377618821338e-05,5.108500733541632e-09,0.0,0.0,0.0015934983740956926,0.01334299625175472,1.6106952216432546e-07,0.37929749488830566
839277350,Std-XY p=1,0,spsa,sequential,0,deterministic_linear_ramp,60,120,5,2,4.16348934173584,137,0.0001784499327186495,0.00012618314940482378,0.0,0.0,0.0,0.0015259295842064491,0.013226249755755135,2.7230200316807895e-07,0.39730405807495117
839277350,Std-XY p=1,0,spsa,sequential,0,deterministic_linear_ramp,65,120,5,2,4.16348934173584,147,0.0003340971015859395,0.000236242325627245,5.581043538427366e-08,0.0,0.0,0.0014654845336167705,0.01311975565249048,4.896141376775631e-07,0.4142181873321533
839277350,Std-XY p=1,0,spsa,sequential,0,deterministic_linear_ramp,70,120,5,2,4.16348934173584,157,0.0013982144882902503,0.0009886869229376316,9.775018270374858e-07,0.0,0.0,0.001411018528934884,0.013021922119457682,1.9729066025320208e-06,0.4326651096343994
839277350,Std-XY p=1,0,spsa,sequential,0,deterministic_linear_ramp,75,120,5,2,4.16348934173584,167,0.0013819176238030195,0.0009771633194759488,9.548481330057257e-07,0.0,0.0,0.0013616267218606744,0.01293149713891721,1.8816558622347657e-06,0.4508800506591797
839277350,Std-XY p=1,0,spsa,sequential,0,deterministic_linear_ramp,80,120,5,2,4.16348934173584,177,0.0017846215050667524,0.0012619179906323552,1.5924370018183254e-06,0.0,0.0,0.0013165834267140593,0.012847478719003411,2.349603164475411e-06,0.46999669075012207
839277350,Std-XY p=1,0,spsa,sequential,0,deterministic_linear_ramp,85,120,5,2,4.16348934173584,187,0.0008449799497611821,0.0005974910454824567,0.0,0.0,0.0,0.0012752991548628434,0.012769052840860788,1.077602178156667e-06,0.4902784824371338
839277350,Std-XY p=1,0,spsa,sequential,0,deterministic_linear_ramp,90,120,5,2,4.16348934173584,197,0.0001859095209510997,0.0001314578839810565,1.7281175601624454e-08,0.0,0.0,0.0012372895715572422,0.01269554947299621,2.3002390037163423e-07,0.5087049007415771
839277350,Std-XY p=1,0,spsa,sequential,0,deterministic_linear_ramp,95,120,5,2,4.16348934173584,207,0.00024033538647927344,0.00016994278121273965,2.888054950744845e-08,0.0,0.0,0.0012021526600318308,0.012626410699612943,2.88919835611523e-07,0.527519941329956
839277350,Std-XY p=1,0,spsa,sequential,0,deterministic_linear_ramp,100,120,5,2,4.16348934173584,217,0.0008321216446347535,0.0005883988342247903,3.4621319855432375e-07,0.0,0.0,0.0011695516507643396,0.012561167176266359,9.732091257319553e-07,0.5455284118652344
839277350,Std-XY p=1,0,spsa,sequential,0,deterministic_linear_ramp,105,120,5,2,4.16348934173584,227,0.00021580189059022814,0.00015259497740771621,2.3285227968017352e-08,0.0,0.0,0.0011392020744725203,0.01249942043693397,2.4584196012256143e-07,0.5673601627349854
839277350,Std-XY p=1,0,spsa,sequential,0,deterministic_linear_ramp,110,120,5,2,4.16348934173584,237,5.420454908744432e-05,3.832840593531728e-05,0.0,0.0,0.0,0.0011108618133331214,0.012440829393713411,6.021376464104833e-08,0.5851619243621826
839277350,Std-XY p=1,0,spsa,sequential,0,deterministic_linear_ramp,115,120,5,2,4.16348934173584,247,0.0006261572707444429,0.0004427600360941142,0.0,0.0,0.0,0.0010843233646057806,0.012385099893453082,6.789570079490659e-07,0.603020191192627
839277350,Std-XY p=1,0,spsa,sequential,0,deterministic_linear_ramp,120,120,5,2,4.16348934173584,257,0.0003007565683219582,0.00021266700059641153,0.0,0.0,0.0,0.001059407758954837,0.012331976538504544,3.1862381888458913e-07,0.621997594833374
839277350,Std-XY p=1,0,spsa,sequential,1,random_shared_stream,1,120,5,2,6.614802837371826,19,1.64033842086792,1.1598944664001465,0.0,0.0,0.0,0.014592969509723592,0.02,0.023937411606311798,0.6502318382263184
839277350,Std-XY p=1,0,spsa,sequential,1,random_shared_stream,5,120,5,2,6.614802837371826,27,8.554060935974121,6.0486345291137695,0.0,0.0,0.0,0.01241673242822819,0.016999416915812672,0.10621348023414612,0.6653010845184326
839277350,Std-XY p=1,0,spsa,sequential,1,random_shared_stream,10,120,5,2,6.497093677520752,37,10.661491394042969,7.53881311416626,56.833702087402344,0.0,0.0,0.010631612015265824,0.015850026609609436,0.11334884166717529,0.6860442161560059
839277350,Std-XY p=1,0,spsa,sequential,1,random_shared_stream,15,120,5,2,6.497093677520752,47,22.372276306152344,15.819587707519531,250.2593536376953,0.0,0.0,0.009398457613699862,0.015214047873475552,0.2102648764848709,0.704317569732666
839277350,Std-XY p=1,0,spsa,sequential,1,random_shared_stream,20,120,5,2,6.497093677520752,57,13.269491195678711,9.382946968078613,0.0,0.0,0.0,0.008484715530946523,0.014778350620464044,0.11258785426616669,0.7227821350097656
839277350,Std-XY p=1,0,spsa,sequential,1,random_shared_stream,25,120,5,2,6.481568336486816,67,1.8323731422424316,1.29568350315094,1.6787956953048706,0.0,0.0,0.007774637258227693,0.014449008773880907,0.014246036298573017,0.7411782741546631
839277350,Std-XY p=1,0,spsa,sequential,1,random_shared_stream,30,120,5,2,6.470805644989014,77,0.0007843831554055214,0.0005546426400542259,0.0,0.0,0.0,0.0072034658286395745,0.014185372641231635,5.650277216773247e-06,0.7592236995697021
839277350,Std-XY p=1,0,spsa,sequential,1,random_shared_stream,35,120,5,2,6.470805644989014,87,0.6756181120872498,0.47773414850234985,0.22822991013526917,0.0,0.0,0.006731853600386685,0.013966227856027484,0.004548162221908569,0.7780914306640625
839277350,Std-XY p=1,0,spsa,sequential,1,random_shared_stream,40,120,5,2,6.470805644989014,97,0.9578519463539124,0.6773036122322083,0.4587401747703552,0.0,0.0,0.006334371935773259,0.013779134410346052,0.00606739055365324,0.7960045337677002
839277350,Std-XY p=1,0,spsa,sequential,1,random_shared_stream,45,120,5,2,6.470805644989014,107,0.06064406782388687,0.04288183152675629,0.0018388514872640371,0.0,0.0,0.00599378154286612,0.013616187769422706,0.0003634873137343675,0.8149869441986084
839277350,Std-XY p=1,0,spsa,sequential,1,random_shared_stream,50,120,5,2,6.470805644989014,117,0.004204654600471258,0.002973139751702547,8.839559995976742e-06,0.0,0.0,0.005697938744695683,0.013472060523173781,2.3957863959367387e-05,0.8331053256988525
839277350,Std-XY p=1,0,spsa,sequential,1,random_shared_stream,55,120,5,2,6.470805644989014,127,0.0010360616724938154,0.000732606218662113,0.0,0.0,0.0,0.0054380167621973985,0.01334299625175472,5.634120498143602e-06,0.8513062000274658
839277350,Std-XY p=1,0,spsa,sequential,1,random_shared_stream,60,120,5,2,6.470805644989014,137,0.00010197138908552006,7.2104659921024e-05,0.0,0.0,0.0,0.005207429635161499,0.013226249755755135,5.310088226906373e-07,0.8701541423797607
839277350,Std-XY p=1,0,spsa,sequential,1,random_shared_stream,65,120,5,2,6.470805644989014,147,2.569977550592739e-05,1.817248630686663e-05,0.0,0.0,0.0,0.005001153178503626,0.01311975565249048,1.2852851227762585e-07,0.8868453502655029
839277350,Std-XY p=1,0,spsa,sequential,1,random_shared_stream,70,120,5,2,6.470805644989014,157,0.00020714287529699504,0.0001464721281081438,2.145408473097632e-08,0.0,0.0,0.004815280979796109,0.013021922119457682,9.97451138573524e-07,0.9056355953216553
839277350,Std-XY p=1,0,spsa,sequential,1,random_shared_stream,75,120,5,2,6.470805644989014,167,5.2147835958749056e-05,3.6874087527394295e-05,0.0,0.0,0.0,0.004646725128625444,0.01293149713891721,2.4231664497165184e-07,0.9244520664215088
839277350,Std-XY p=1,0,spsa,sequential,1,random_shared_stream,80,120,5,2,6.470805644989014,177,0.00013122217205818743,9.278809011448175e-05,8.60962945381516e-09,0.0,0.0,0.004493009129906019,0.012847478719003411,5.895824983781495e-07,0.9429330825805664
839277350,Std-XY p=1,0,spsa,sequential,1,random_shared_stream,85,120,5,2,6.470805644989014,187,0.0005281124613247812,0.0003734318888746202,1.3945137311566214e-07,0.0,0.0,0.004352121278376561,0.012769052840860788,2.298409299328341e-06,0.9619486331939697
839277350,Std-XY p=1,0,spsa,sequential,1,random_shared_stream,90,120,5,2,6.470805644989014,197,0.0004780530580319464,0.00033803455880843103,0.0,0.0,0.0,0.004222408719832347,0.01269554947299621,2.0185354969726177e-06,0.9809348583221436
839277350,Std-XY p=1,0,spsa,sequential,1,random_shared_stream,95,120,5,2,6.470805644989014,207,0.00021363144333008677,0.00015106024511624128,2.2819197198487018e-08,0.0,0.0,0.004102499520705948,0.012626410699612943,8.764229733060347e-07,0.9998476505279541
839277350,Std-XY p=1,0,spsa,sequential,1,random_shared_stream,100,120,5,2,6.470805644989014,217,0.00034895422868430614,0.0002467478916514665,0.0,0.0,0.0,0.003991244411982176,0.012561167176266359,1.392761532770237e-06,1.0186121463775635
839277350,Std-XY p=1,0,spsa,sequential,1,random_shared_stream,105,120,5,2,6.470805644989014,227,0.00040462854667566717,0.00028611559537239373,0.0,0.0,0.0,0.0038876726058959836,0.01249942043693397,1.5730632867416716e-06,1.0352678298950195
839277350,Std-XY p=1,0,spsa,sequential,1,random_shared_stream,110,120,5,2,6.470805644989014,237,0.0003523295745253563,0.0002491346385795623,6.206806801856146e-08,0.0,0.0,0.003790957844446313,0.012440829393713411,1.3356666386243887e-06,1.0539782047271729
839277350,Std-XY p=1,0,spsa,sequential,1,random_shared_stream,115,120,5,2,6.470805644989014,247,0.000299466511933133,0.00021175479923840612,0.0,0.0,0.0,0.003700391998024351,0.012385099893453082,1.1081434649895527e-06,1.0719470977783203
839277350,Std-XY p=1,0,spsa,sequential,1,random_shared_stream,120,120,5,2,6.470805644989014,257,5.468300878419541e-05,3.8666727050440386e-05,1.4951158089360206e-09,0.0,0.0,0.0036153643109098146,0.012331976538504544,1.9769898074173398e-07,1.0909316539764404
839277350,Std-XY p=1,0,spsa,sequential,2,random_shared_stream,1,120,5,2,7.627758979797363,19,0.31856274604797363,0.22525787353515625,0.0,0.0,0.0,0.33904324630183497,0.02,0.1080065444111824,1.1201937198638916
839277350,Std-XY p=1,0,spsa,sequential,2,random_shared_stream,5,120,5,2,7.455012798309326,27,1.78119695186615,1.2594964504241943,1.5863313674926758,0.0,0.0,0.28848201650271865,0.016999416915812672,0.25,1.1368646621704102
839277350,Std-XY p=1,0,spsa,sequential,2,random_shared_stream,10,120,5,2,7.455012798309326,37,1.0350717306137085,0.7319062352180481,0.0,0.0,0.0,0.2470077285281461,0.015850026609609436,0.25,1.155789852142334
839277350,Std-XY p=1,0,spsa,sequential,2,random_shared_stream,15,120,5,2,7.455012798309326,47,1.9374524354934692,1.3699856996536255,1.8768608570098877,0.0,0.0,0.21835744791050096,0.015214047873475552,0.25,1.173821210861206
839277350,Std-XY p=1,0,spsa,sequential,2,random_shared_stream,20,120,5,2,7.455012798309326,57,2.429708957672119,1.7180637121200562,0.0,0.0,0.0,0.19712817844530628,0.014778350620464044,0.25,1.1904187202453613
839277350,Std-XY p=1,0,spsa,sequential,2,random_shared_stream,25,120,5,2,7.455012798309326,67,7.6591997146606445,5.415872097015381,0.0,0.0,0.0,0.1806306970690465,0.014449008773880907,0.25,1.2091336250305176
839277350,Std-XY p=1,0,spsa,sequential,2,random_shared_stream,30,120,5,2,7.455012798309326,77,2.431088447570801,1.7190392017364502,0.0,0.0,0.0,0.16736048393296196,0.014185372641231635,0.25,1.2271332740783691
839277350,Std-XY p=1,0,spsa,sequential,2,random_shared_stream,35,120,5,2,7.455012798309326,87,1.9423567056655884,1.3734536170959473,1.886374831199646,0.0,0.0,0.15640336237137992,0.013966227856027484,0.25,1.2461137771606445
839277350,Std-XY p=1,0,spsa,sequential,2,random_shared_stream,40,120,5,2,7.455012798309326,97,2.4320199489593506,1.7196977138519287,0.0,0.0,0.0,0.14716854050553574,0.013779134410346052,0.25,1.264392375946045
839277350,Std-XY p=1,0,spsa,sequential,2,random_shared_stream,45,120,5,2,7.455012798309326,107,0.7820583581924438,0.5529987812042236,0.0,0.0,0.0,0.13925549221241687,0.013616187769422706,0.10890592634677887,1.2828876972198486
839277350,Std-XY p=1,0,spsa,sequential,2,random_shared_stream,50,120,5,2,7.455012798309326,117,2.5609850883483887,1.8108899593353271,0.0,0.0,0.0,0.13238207946253827,0.013472060523173781,0.25,1.301896095275879
839277350,Std-XY p=1,0,spsa,sequential,2,random_shared_stream,55,120,5,2,7.455012798309326,127,1.9889098405838013,1.4063715934753418,0.0,0.0,0.0,0.12634322680320065,0.01334299625175472,0.25,1.3200604915618896
839277350,Std-XY p=1,0,spsa,sequential,2,random_shared_stream,60,120,5,2,7.455012798309326,137,1.7334625720977783,1.2257431745529175,0.0,0.0,0.0,0.1209859204610218,0.013226249755755135,0.2097245752811432,1.338865041732788
839277350,Std-XY p=1,0,spsa,sequential,2,random_shared_stream,65,120,5,2,7.428210735321045,147,3.37150239944458,2.384012222290039,5.68351411819458,0.0,0.0,0.11619343189628349,0.01311975565249048,0.25,1.3559293746948242
839277350,Std-XY p=1,0,spsa,sequential,2,random_shared_stream,70,120,5,2,7.428210735321045,157,2.7483716011047363,1.9433921575546265,3.776772975921631,0.0,0.0,0.11187500214796765,0.013021922119457682,0.25,1.374743938446045
839277350,Std-XY p=1,0,spsa,sequential,2,random_shared_stream,75,120,5,2,7.428210735321045,167,1.6291505098342896,1.151983380317688,0.0,0.0,0.0,0.10795888878077445,0.01293149713891721,0.1758812814950943,1.3927087783813477
839277350,Std-XY p=1,0,spsa,sequential,2,random_shared_stream,80,120,5,2,7.397796154022217,177,3.0852692127227783,2.181614875793457,4.759443283081055,0.0,0.0,0.10438755457222723,0.012847478719003411,0.25,1.4108233451843262
839277350,Std-XY p=1,0,spsa,sequential,2,random_shared_stream,85,120,5,2,7.397796154022217,187,0.9118918180465698,0.6448048949241638,0.0,0.0,0.0,0.10111426091426337,0.012769052840860788,0.09220526367425919,1.4298298358917236
839277350,Std-XY p=1,0,spsa,sequential,2,random_shared_stream,90,120,5,2,7.397796154022217,197,1.5716789960861206,1.1113449335098267,0.0,0.0,0.0,0.09810060650310026,0.01269554947299621,0.15418267250061035,1.447869062423706
839277350,Std-XY p=1,0,spsa,sequential,2,random_shared_stream,95,120,5,2,7.397796154022217,207,2.4496049880981445,1.7321323156356812,0.0,0.0,0.0,0.09531471675624793,0.012626410699612943,0.23348340392112732,1.466780185699463
839277350,Std-XY p=1,0,spsa,sequential,2,random_shared_stream,100,120,5,2,7.397796154022217,217,3.5915441513061523,2.539605140686035,6.449594497680664,0.0,0.0,0.09272989032978021,0.012561167176266359,0.25,1.4848945140838623
839277350,Std-XY p=1,0,spsa,sequential,2,random_shared_stream,105,120,5,2,7.397796154022217,227,4.53424072265625,3.2061922550201416,10.279668807983398,0.0,0.0,0.09032357259318735,0.01249942043693397,0.25,1.5016181468963623
839277350,Std-XY p=1,0,spsa,sequential,2,random_shared_stream,110,120,5,2,7.397796154022217,237,6.073294639587402,4.294467926025391,0.0,0.0,0.0,0.0880765668233641,0.012440829393713411,0.25,1.5201506614685059
839277350,Std-XY p=1,0,spsa,sequential,2,random_shared_stream,115,120,5,2,7.397796154022217,247,2.03487491607666,1.4388737678527832,2.0703577995300293,0.0,0.0,0.08597242081288174,0.012385099893453082,0.17494311928749084,1.538703203201294
839277350,Std-XY p=1,0,spsa,sequential,2,random_shared_stream,120,120,5,2,7.397796154022217,257,1.962791919708252,1.3879034519195557,0.0,0.0,0.0,0.08399694467379708,0.012331976538504544,0.1648685336112976,1.5576815605163574
839277350,Std-XY p=1,0,spsa,sequential,3,random_shared_stream,1,120,5,2,7.892405033111572,19,7.744550704956055,5.476224422454834,29.98903465270996,0.0,0.0,0.007280982937140474,0.02,0.05638794228434563,1.5906615257263184
839277350,Std-XY p=1,0,spsa,sequential,3,random_shared_stream,5,120,5,2,7.439550876617432,27,0.00013884143845643848,9.817572572501376e-05,9.638473130735292e-09,0.0,0.0,0.006195176169231964,0.016999416915812672,8.60147224557295e-07,1.6066575050354004
839277350,Std-XY p=1,0,spsa,sequential,3,random_shared_stream,10,120,5,2,7.30663537979126,37,2.6479132175445557,1.8723573684692383,0.0,0.0,0.0,0.005304512260227035,0.015850026609609436,0.014045887626707554,1.627063274383545
839277350,Std-XY p=1,0,spsa,sequential,3,random_shared_stream,15,120,5,2,7.028286933898926,47,6.460132122039795,4.568003177642822,20.866653442382812,0.0,0.0,0.0046892450145387034,0.015214047873475552,0.030293142423033714,1.6476874351501465
839277350,Std-XY p=1,0,spsa,sequential,3,random_shared_stream,20,120,5,2,6.29730749130249,57,18.71725082397461,13.235095024108887,175.16773986816406,0.0,0.0,0.004233344622980887,0.014778350620464044,0.07923657447099686,1.666391134262085
839277350,Std-XY p=1,0,spsa,sequential,3,random_shared_stream,25,120,5,2,4.257069110870361,67,37.85773849487305,26.76946258544922,0.0,0.0,0.0,0.00387905978847513,0.014449008773880907,0.14685241878032684,1.68681001663208
839277350,Std-XY p=1,0,spsa,sequential,3,random_shared_stream,30,120,5,2,4.257069110870361,77,5.079736709594727,3.59191632270813,0.0,0.0,0.0,0.0035940808175917746,0.014185372641231635,0.018256984651088715,1.7053735256195068
839277350,Std-XY p=1,0,spsa,sequential,3,random_shared_stream,35,120,5,2,4.257069110870361,87,39.682308197021484,28.059629440307617,787.3428344726562,0.0,0.0,0.0033587756876408024,0.013966227856027484,0.13328397274017334,1.7233562469482422
839277350,Std-XY p=1,0,spsa,sequential,3,random_shared_stream,40,120,5,2,4.257069110870361,97,0.0005138690466992557,0.0003633603046182543,0.0,0.0,0.0,0.0031604570921042203,0.013779134410346052,1.6240610420936719e-06,1.742021083831787
839277350,Std-XY p=1,0,spsa,sequential,3,random_shared_stream,45,120,5,2,4.257069110870361,107,35.62471389770508,25.19047737121582,634.5601806640625,0.0,0.0,0.0029905236979681955,0.013616187769422706,0.10653655230998993,1.7604420185089111
839277350,Std-XY p=1,0,spsa,sequential,3,random_shared_stream,50,120,5,2,4.257069110870361,117,34.79236602783203,24.601917266845703,605.2543334960938,0.0,0.0,0.0028429165667315016,0.013472060523173781,0.09891179203987122,1.7792425155639648
839277350,Std-XY p=1,0,spsa,sequential,3,random_shared_stream,55,120,5,2,4.257069110870361,127,1.2086290121078491,0.8546298146247864,0.0,0.0,0.0,0.0027132316853715607,0.01334299625175472,0.003279290394857526,1.798003911972046
839277350,Std-XY p=1,0,spsa,sequential,3,random_shared_stream,60,120,5,2,4.257069110870361,137,5.0520195960998535,3.572317123413086,0.0,0.0,0.0,0.002598183069916431,0.013226249755755135,0.01312607154250145,1.814363718032837
839277350,Std-XY p=1,0,spsa,sequential,3,random_shared_stream,65,120,5,2,4.1748046875,147,14.610580444335938,10.3312406539917,0.0,0.0,0.0,0.0024952639649145993,0.01311975565249048,0.036457255482673645,1.8337640762329102
839277350,Std-XY p=1,0,spsa,sequential,3,random_shared_stream,70,120,5,2,4.1748046875,157,0.04614107310771942,0.032626666128635406,0.0,0.0,0.0,0.002402525313855508,0.013021922119457682,0.00011085510050179437,1.851816177368164
839277350,Std-XY p=1,0,spsa,sequential,3,random_shared_stream,75,120,5,2,4.1748046875,167,0.4045368432998657,0.2860507369041443,0.08182502537965775,0.0,0.0,0.00231842644175747,0.01293149713891721,0.000937888864427805,1.8707973957061768
839277350,Std-XY p=1,0,spsa,sequential,3,random_shared_stream,80,120,5,2,4.1748046875,177,0.0012072440003976226,0.0008536503883078694,0.0,0.0,0.0,0.0022417317318085537,0.012847478719003411,2.706316990952473e-06,1.889061450958252
839277350,Std-XY p=1,0,spsa,sequential,3,random_shared_stream,85,120,5,2,4.1748046875,187,7.921687210910022e-05,5.6014785513980314e-05,0.0,0.0,0.0,0.0021714374683721193,0.012769052840860788,1.720144950922986e-07,1.907250165939331
839277350,Std-XY p=1,0,spsa,sequential,3,random_shared_stream,90,120,5,2,4.1748046875,197,0.0027355258353054523,0.0019343089079484344,0.0,0.0,0.0,0.002106718980139552,0.01269554947299621,5.762984073953703e-06,1.9261589050292969
839277350,Std-XY p=1,0,spsa,sequential,3,random_shared_stream,95,120,5,2,4.1748046875,207,0.042192213237285614,0.02983439899981022,0.0,0.0,0.0,0.002046891757704546,0.012626410699612943,8.636288112029433e-05,1.9441089630126953
839277350,Std-XY p=1,0,spsa,sequential,3,random_shared_stream,100,120,5,2,4.1748046875,217,0.028372660279273987,0.02006250061094761,0.0,0.0,0.0,0.0019913823874048455,0.012561167176266359,5.650081220665015e-05,1.962965726852417
839277350,Std-XY p=1,0,spsa,sequential,3,random_shared_stream,105,120,5,2,4.1748046875,227,0.0072023882530629635,0.005092857405543327,2.593719727883581e-05,0.0,0.0,0.0019397065066062244,0.01249942043693397,1.3970518921269104e-05,1.979792594909668
839277350,Std-XY p=1,0,spsa,sequential,3,random_shared_stream,110,120,5,2,4.1748046875,237,0.000135511378175579,9.58210148382932e-05,0.0,0.0,0.0,0.0018914518640253944,0.012440829393713411,2.5631325684116746e-07,1.9982707500457764
839277350,Std-XY p=1,0,spsa,sequential,3,random_shared_stream,115,120,5,2,4.1748046875,247,0.002559077460318804,0.0018095410196110606,0.0,0.0,0.0,0.001846265147089776,0.012385099893453082,4.7247353904822376e-06,2.0170743465423584
839277350,Std-XY p=1,0,spsa,sequential,3,random_shared_stream,120,120,5,2,4.1748046875,257,0.00038278105785138905,0.0002706670784391463,7.3260665089947e-08,0.0,0.0,0.0018038416267327337,0.012331976538504544,6.904764404680463e-07,2.035266399383545
839277350,Std-XY p=1,0,spsa,sequential,4,continuation,1,120,5,2,7.5747904777526855,19,0.0,0.0,0.0,0.0,0.0,50000000000.00001,0.02,0.0,2.0654079914093018
839277350,Std-XY p=1,0,spsa,sequential,4,continuation,5,120,5,2,2.4117729663848877,27,22.579111099243164,15.965842247009277,0.0,0.0,0.0,42543542696.8948,0.016999416915812672,0.25,2.0823991298675537
839277350,Std-XY p=1,0,spsa,sequential,4,continuation,10,120,5,2,2.4117729663848877,37,58.97962188720703,41.704891204833984,0.0,0.0,0.0,36427171345.01571,0.015850026609609436,0.25,2.1010196208953857
839277350,Std-XY p=1,0,spsa,sequential,4,continuation,15,120,5,2,2.4117729663848877,47,17.485916137695312,12.364409446716309,152.8786163330078,0.0,0.0,32202005244.503113,0.015214047873475552,0.25,2.1195220947265625
839277350,Std-XY p=1,0,spsa,sequential,4,continuation,20,120,5,2,2.3411459922790527,57,84.93899536132812,60.06093978881836,0.0,0.0,0.0,29071243948.303272,0.014778350620464044,0.25,2.1373515129089355
839277350,Std-XY p=1,0,spsa,sequential,4,continuation,25,120,5,2,2.3411459922790527,67,45.963645935058594,32.50120544433594,1056.328369140625,0.0,0.0,26638297479.643517,0.014449008773880907,0.25,2.155618667602539
839277350,Std-XY p=1,0,spsa,sequential,4,continuation,30,120,5,2,2.3411459922790527,77,64.91983032226562,45.905250549316406,2107.2919921875,0.0,0.0,24681288561.04222,0.014185372641231635,0.25,2.174534320831299
839277350,Std-XY p=1,0,spsa,sequential,4,continuation,35,120,5,2,2.3411459922790527,87,0.4598597288131714,0.3251699209213257,0.0,0.0,0.0,23065400074.676765,0.013966227856027484,0.25,2.1925196647644043
839277350,Std-XY p=1,0,spsa,sequential,4,continuation,40,120,5,2,2.3411459922790527,97,38.007198333740234,26.87514877319336,0.0,0.0,0.0,21703505690.026073,0.013779134410346052,0.25,2.211418628692627
839277350,Std-XY p=1,0,spsa,sequential,4,continuation,45,120,5,2,2.3411459922790527,107,8.7783842086792,6.207254886627197,38.53001403808594,0.0,0.0,20536538292.88255,0.013616187769422706,0.25,2.2307558059692383
839277350,Std-XY p=1,0,spsa,sequential,4,continuation,50,120,5,2,2.3411459922790527,117,2.0952694416046143,1.481579303741455,0.0,0.0,0.0,19522889912.498726,0.013472060523173781,0.25,2.2495932579040527
839277350,Std-XY p=1,0,spsa,sequential,4,continuation,55,120,5,2,2.3411459922790527,127,51.631954193115234,36.50930404663086,1332.9293212890625,0.0,0.0,18632317290.096226,0.01334299625175472,0.25,2.26949405670166
839277350,Std-XY p=1,0,spsa,sequential,4,continuation,60,120,5,2,2.3411459922790527,137,45.65656661987305,32.2840690612793,1042.2611083984375,0.0,0.0,17842254901.21008,0.013226249755755135,0.25,2.286393880844116
839277350,Std-XY p=1,0,spsa,sequential,4,continuation,65,120,5,2,2.3411459922790527,147,8.78528881072998,6.212137222290039,38.59064865112305,0.0,0.0,17135488343.106785,0.01311975565249048,0.25,2.305285692214966
839277350,Std-XY p=1,0,spsa,sequential,4,continuation,70,120,5,2,2.3411459922790527,157,2.09260892868042,1.4796980619430542,0.0,0.0,0.0,16498633045.822475,0.013021922119457682,0.25,2.3234832286834717
839277350,Std-XY p=1,0,spsa,sequential,4,continuation,75,120,5,2,2.3411459922790527,167,30.977689743041992,21.9045352935791,0.0,0.0,0.0,15921108878.933916,0.01293149713891721,0.25,2.341721534729004
839277350,Std-XY p=1,0,spsa,sequential,4,continuation,80,120,5,2,2.3411459922790527,177,23.365970611572266,16.522235870361328,0.0,0.0,0.0,15394430608.904638,0.012847478719003411,0.25,2.3607373237609863
839277350,Std-XY p=1,0,spsa,sequential,4,continuation,85,120,5,2,2.3411459922790527,187,0.4489484131336212,0.31745445728302,0.0,0.0,0.0,14911705515.031244,0.012769052840860788,0.25,2.378980875015259
839277350,Std-XY p=1,0,spsa,sequential,4,continuation,90,120,5,2,2.3411459922790527,197,45.673561096191406,32.296085357666016,1043.037109375,0.0,0.0,14467270410.65518,0.01269554947299621,0.25,2.397909641265869
839277350,Std-XY p=1,0,spsa,sequential,4,continuation,95,120,5,2,2.3411459922790527,207,43.302799224853516,30.61970329284668,0.0,0.0,0.0,14056424629.58745,0.012626410699612943,0.25,2.415921688079834
839277350,Std-XY p=1,0,spsa,sequential,4,continuation,100,120,5,2,2.3411459922790527,217,23.362323760986328,16.519657135009766,272.8990783691406,0.0,0.0,13675230422.85098,0.012561167176266359,0.25,2.4325153827667236
839277350,Std-XY p=1,0,spsa,sequential,4,continuation,105,120,5,2,2.3411459922790527,227,43.30755615234375,30.623065948486328,0.0,0.0,0.0,13320361573.103914,0.01249942043693397,0.25,2.4473884105682373
839277350,Std-XY p=1,0,spsa,sequential,4,continuation,110,120,5,2,2.3411459922790527,237,38.03731155395508,26.896440505981445,0.0,0.0,0.0,12988987066.410032,0.012440829393713411,0.25,2.4621119499206543
839277350,Std-XY p=1,0,spsa,sequential,4,continuation,115,120,5,2,2.3411459922790527,247,4.133454322814941,2.9227936267852783,0.0,0.0,0.0,12678680633.022308,0.012385099893453082,0.25,2.476996898651123
839277350,Std-XY p=1,0,spsa,sequential,4,continuation,120,120,5,2,2.3411459922790527,257,2.0887815952301025,1.4769916534423828,0.0,0.0,0.0,12387349636.072441,0.012331976538504544,0.25,2.4919614791870117
839277350,Std-XY p=2,0,spsa,sequential,0,deterministic_linear_ramp,1,120,5,4,8.892738342285156,19,112.65006256103516,56.32503128051758,2379.3818359375,3172.509033203125,0.0,0.0011598703888732013,0.02,0.13065947592258453,0.03960704803466797
839277350,Std-XY p=2,0,spsa,sequential,0,deterministic_linear_ramp,5,120,5,4,4.182306289672852,27,22.950960159301758,11.475480079650879,98.76498413085938,131.6866455078125,0.0,0.0009868999082378203,0.016999416915812672,0.022650301456451416,0.06108355522155762
839277350,Std-XY p=2,0,spsa,sequential,0,deterministic_linear_ramp,10,120,5,4,3.1206109523773193,37,18.64311408996582,9.32155704498291,0.0,0.0,0.0,0.0008450159478698822,0.015850026609609436,0.01575372740626335,0.08568501472473145
839277350,Std-XY p=2,0,spsa,sequential,0,deterministic_linear_ramp,15,120,5,4,1.9638382196426392,47,0.8289775252342224,0.4144887626171112,0.0,0.0,0.0,0.0007470030469087738,0.015214047873475552,0.0006192487780936062,0.10903668403625488
839277350,Std-XY p=2,0,spsa,sequential,0,deterministic_linear_ramp,20,120,5,4,1.6813709735870361,57,21.138763427734375,10.569381713867188,83.78387451171875,111.71183013916016,0.0,0.0006743775004669243,0.014778350620464044,0.014255505986511707,0.1302812099456787
839277350,Std-XY p=2,0,spsa,sequential,0,deterministic_linear_ramp,25,120,5,4,1.4622467756271362,67,14.504533767700195,7.252266883850098,39.446533203125,52.595375061035156,0.0,0.0006179394491326828,0.014449008773880907,0.008962923660874367,0.15528607368469238
839277350,Std-XY p=2,0,spsa,sequential,0,deterministic_linear_ramp,30,120,5,4,1.4622467756271362,77,0.7765249013900757,0.38826245069503784,0.15074773132801056,0.15074773132801056,0.15074773132801056,0.0005725419152237547,0.014185372641231635,0.0004445930535439402,0.17762422561645508
839277350,Std-XY p=2,0,spsa,sequential,0,deterministic_linear_ramp,35,120,5,4,1.4622467756271362,87,4.4596147537231445,2.2298073768615723,3.7290308475494385,4.972041130065918,0.0,0.0005350574910826261,0.013966227856027484,0.0023861504159867764,0.2006089687347412
839277350,Std-XY p=2,0,spsa,sequential,0,deterministic_linear_ramp,40,120,5,4,1.4622467756271362,97,4.369563102722168,2.184781551361084,4.773270606994629,4.773270606994629,4.773270606994629,0.0005034650716920456,0.013779134410346052,0.0021999224554747343,0.22381210327148438
839277350,Std-XY p=2,0,spsa,sequential,0,deterministic_linear_ramp,45,120,5,4,1.44985032081604,107,2.0386555194854736,1.0193277597427368,1.0390291213989258,0.0,0.0,0.00047639445311750147,0.013616187769422706,0.0009712041937746108,0.24793100357055664
839277350,Std-XY p=2,0,spsa,sequential,0,deterministic_linear_ramp,50,120,5,4,1.44985032081604,117,0.617324709892273,0.3086623549461365,0.09527245163917542,0.09527245163917542,0.09527245163917542,0.0004528804382947719,0.013472060523173781,0.0002795742766465992,0.2694985866546631
839277350,Std-XY p=2,0,spsa,sequential,0,deterministic_linear_ramp,55,120,5,4,1.44985032081604,127,1.087857723236084,0.543928861618042,0.22189393639564514,0.0,0.29585859179496765,0.00043222146201745565,0.01334299625175472,0.0004701954312622547,0.2919504642486572
839277350,Std-XY p=2,0,spsa,sequential,0,deterministic_linear_ramp,60,120,5,4,1.44985032081604,137,1.1186497211456299,0.5593248605728149,0.0,0.0,0.0,0.0004138940626128263,0.013226249755755135,0.0004630024777725339,0.3163461685180664
839277350,Std-XY p=2,0,spsa,sequential,0,deterministic_linear_ramp,65,120,5,4,1.44985032081604,147,1.6180872917175293,0.8090436458587646,0.4909137189388275,0.65455162525177,0.0,0.0003974989105610295,0.01311975565249048,0.0006431879592128098,0.33948707580566406
839277350,Std-XY p=2,0,spsa,sequential,0,deterministic_linear_ramp,70,120,5,4,1.44985032081604,157,2.301809549331665,1.1509047746658325,0.993436336517334,0.0,1.3245817422866821,0.0003827255185346873,0.013021922119457682,0.0008809612481854856,0.36251306533813477
839277350,Std-XY p=2,0,spsa,sequential,0,deterministic_linear_ramp,75,120,5,4,1.44985032081604,167,1.3698723316192627,0.6849361658096313,0.3518531620502472,0.0,0.4691375494003296,0.00036932845493403314,0.01293149713891721,0.0005059328395873308,0.38500118255615234
839277350,Std-XY p=2,0,spsa,sequential,0,deterministic_linear_ramp,80,120,5,4,1.44985032081604,177,0.25113096833229065,0.12556548416614532,0.015766691416502,0.015766691416502,0.015766691416502,0.0003571108843366347,0.012847478719003411,8.96816054591909e-05,0.40866589546203613
839277350,Std-XY p=2,0,spsa,sequential,0,deterministic_linear_ramp,85,120,5,4,1.44985032081604,187,1.1200156211853027,0.5600078105926514,0.23520654439926147,0.31360873579978943,0.0,0.000345912913489639,0.012769052840860788,0.0003874278627336025,0.43111324310302734
839277350,Std-XY p=2,0,spsa,sequential,0,deterministic_linear_ramp,90,120,5,4,1.44985032081604,197,1.2779021263122559,0.6389510631561279,0.30619385838508606,0.0,0.40825846791267395,0.0003356031711428077,0.01269554947299621,0.00042886799201369286,0.45409154891967773
839277350,Std-XY p=2,0,spsa,sequential,0,deterministic_linear_ramp,95,120,5,4,1.44985032081604,207,1.2053852081298828,0.6026926040649414,0.2724287807941437,0.3632383644580841,0.0,0.0003260726140257288,0.012626410699612943,0.00039304312667809427,0.47743797302246094
839277350,Std-XY p=2,0,spsa,sequential,0,deterministic_linear_ramp,100,120,5,4,1.44985032081604,217,1.1175496578216553,0.5587748289108276,0.23417198657989502,0.31222930550575256,0.0,0.00031722989656965595,0.012561167176266359,0.0003545201616361737,0.5010864734649658
839277350,Std-XY p=2,0,spsa,sequential,0,deterministic_linear_ramp,105,120,5,4,1.44985032081604,227,0.6478706002235413,0.32393530011177063,0.10493408143520355,0.0,0.0,0.0003089978591545537,0.01249942043693397,0.00020019063958898187,0.523444652557373
839277350,Std-XY p=2,0,spsa,sequential,0,deterministic_linear_ramp,110,120,5,4,1.44985032081604,237,0.3118303418159485,0.15591517090797424,0.024309540167450905,0.024309540167450905,0.024309540167450905,0.0003013108295957197,0.012440829393713411,9.395785309607163e-05,0.5465714931488037
839277350,Std-XY p=2,0,spsa,sequential,0,deterministic_linear_ramp,115,120,5,4,1.44985032081604,247,1.2940431833267212,0.6470215916633606,0.3139777183532715,0.0,0.4186369478702545,0.00029411252472445423,0.012385099893453082,0.00038059428334236145,0.5696475505828857
839277350,Std-XY p=2,0,spsa,sequential,0,deterministic_linear_ramp,120,120,5,4,1.44985032081604,257,0.8065492510795593,0.40327462553977966,0.0,0.0,0.0,0.000287354400789993,0.012331976538504544,0.00023176547256298363,0.5934138298034668
839277350,Std-XY p=2,0,spsa,sequential,1,random_shared_stream,1,120,5,4,7.484879016876221,19,2.124953269958496,1.062476634979248,1.1288566589355469,0.0,0.0,0.0511171654819613,0.02,0.10862158983945847,0.6332073211669922
839277350,Std-XY p=2,0,spsa,sequential,1,random_shared_stream,5,120,5,4,7.3511457443237305,27,2.198491096496582,1.099245548248291,1.2083407640457153,0.0,0.0,0.043494106244521144,0.016999416915812672,0.09562140703201294,0.6559019088745117
839277350,Std-XY p=2,0,spsa,sequential,1,random_shared_stream,10,120,5,4,7.342702388763428,37,1.2823137044906616,0.6411568522453308,0.3083115816116333,0.0,0.41108211874961853,0.03724107491365854,0.015850026609609436,0.047754742205142975,0.6800470352172852
839277350,Std-XY p=2,0,spsa,sequential,1,random_shared_stream,15,120,5,4,7.342702388763428,47,0.44248488545417786,0.22124244272708893,0.03671116381883621,0.04894821718335152,0.0,0.032921504618685024,0.015214047873475552,0.014567268081009388,0.7030637264251709
839277350,Std-XY p=2,0,spsa,sequential,1,random_shared_stream,20,120,5,4,7.339196681976318,57,0.1173834353685379,0.05869171768426895,0.0,0.0,0.0,0.029720791753437684,0.014778350620464044,0.003488728776574135,0.7258830070495605
839277350,Std-XY p=2,0,spsa,sequential,1,random_shared_stream,25,120,5,4,7.338927745819092,67,0.45970916748046875,0.22985458374023438,0.0,0.0,0.0,0.027233485208493002,0.014449008773880907,0.012519482523202896,0.7504246234893799
839277350,Std-XY p=2,0,spsa,sequential,1,random_shared_stream,30,120,5,4,7.338927745819092,77,0.007126317825168371,0.0035631589125841856,0.0,0.0,0.0,0.02523275023365667,0.014185372641231635,0.00017981660494115204,0.7732489109039307
839277350,Std-XY p=2,0,spsa,sequential,1,random_shared_stream,35,120,5,4,7.338927745819092,87,0.0029020835645496845,0.0014510417822748423,1.5791417808941333e-06,2.105522298734286e-06,0.0,0.023580757450497893,0.013966227856027484,6.843332812422886e-05,0.796381950378418
839277350,Std-XY p=2,0,spsa,sequential,1,random_shared_stream,40,120,5,4,7.338927745819092,97,0.059833329170942307,0.029916664585471153,0.0006712551112286747,0.0008950068149715662,0.0,0.02218843383791503,0.013779134410346052,0.0013276078971102834,0.8201158046722412
839277350,Std-XY p=2,0,spsa,sequential,1,random_shared_stream,45,120,5,4,7.3386969566345215,107,0.09714512526988983,0.048572562634944916,0.00235929386690259,0.00235929386690259,0.00235929386690259,0.020995392526878244,0.013616187769422706,0.0020396001636981964,0.8444287776947021
839277350,Std-XY p=2,0,spsa,sequential,1,random_shared_stream,50,120,5,4,7.3386969566345215,117,0.0019113041926175356,0.0009556520963087678,6.849531928310171e-07,0.0,9.132709237746894e-07,0.019959095886866205,0.013472060523173781,3.8147903978824615e-05,0.8679802417755127
839277350,Std-XY p=2,0,spsa,sequential,1,random_shared_stream,55,120,5,4,7.3386969566345215,127,0.02419387362897396,0.01209693681448698,0.00010975191253237426,0.0001463358785258606,0.0,0.01904862492460515,0.01334299625175472,0.0004608600283972919,0.8907151222229004
839277350,Std-XY p=2,0,spsa,sequential,1,random_shared_stream,60,120,5,4,7.3386969566345215,137,0.028697654604911804,0.014348827302455902,0.0002058888494502753,0.0002058888494502753,0.0002058888494502753,0.01824090992712981,0.013226249755755135,0.0005234713316895068,0.9140090942382812
839277350,Std-XY p=2,0,spsa,sequential,1,random_shared_stream,65,120,5,4,7.3386969566345215,147,0.046885013580322266,0.023442506790161133,0.0,0.0,0.0,0.017518351864976165,0.01311975565249048,0.0008213482215069234,0.9380965232849121
839277350,Std-XY p=2,0,spsa,sequential,1,random_shared_stream,70,120,5,4,7.3386969566345215,157,0.002343554049730301,0.0011717770248651505,1.3730614227824844e-06,1.3730614227824844e-06,1.3730614227824844e-06,0.016867267112589252,0.013021922119457682,3.9529350033262745e-05,0.9604766368865967
839277350,Std-XY p=2,0,spsa,sequential,1,random_shared_stream,75,120,5,4,7.3386969566345215,167,0.005494238808751106,0.002747119404375553,5.659998805640498e-06,7.546665074187331e-06,0.0,0.016276839144415765,0.01293149713891721,8.942883869167417e-05,0.9834723472595215
839277350,Std-XY p=2,0,spsa,sequential,1,random_shared_stream,80,120,5,4,7.3386969566345215,177,0.008462273515760899,0.004231136757880449,1.3426888472167775e-05,1.7902517356560566e-05,0.0,0.01573839313871897,0.012847478719003411,0.00013318257697392255,1.0068130493164062
839277350,Std-XY p=2,0,spsa,sequential,1,random_shared_stream,85,120,5,4,7.3386969566345215,187,0.008738306351006031,0.0043691531755030155,1.431712371413596e-05,1.9089498891844414e-05,0.0,0.01524488236860254,0.012769052840860788,0.0001332144602201879,1.0304710865020752
839277350,Std-XY p=2,0,spsa,sequential,1,random_shared_stream,90,120,5,4,7.3386969566345215,197,0.0076996758580207825,0.0038498379290103912,1.4821252079855185e-05,1.4821252079855185e-05,1.4821252079855185e-05,0.01479051711307486,0.01269554947299621,0.00011388218990759924,1.0531375408172607
839277350,Std-XY p=2,0,spsa,sequential,1,random_shared_stream,95,120,5,4,7.3386969566345215,207,0.016352271661162376,0.008176135830581188,5.0136899517383426e-05,0.0,6.684919935651124e-05,0.014370491677506763,0.012626410699612943,0.00023499019152950495,1.076112985610962
839277350,Std-XY p=2,0,spsa,sequential,1,random_shared_stream,100,120,5,4,7.3386969566345215,217,0.00011388363782316446,5.694181891158223e-05,2.4317781122107363e-09,0.0,3.2423708162809817e-09,0.013980780330576502,0.012561167176266359,1.5921821159281535e-06,1.0997834205627441
839277350,Std-XY p=2,0,spsa,sequential,1,random_shared_stream,105,120,5,4,7.3386969566345215,227,0.005951204337179661,0.0029756021685898304,8.854208317643497e-06,0.0,0.0,0.01361798253623822,0.01249942043693397,8.104339212877676e-05,1.122755765914917
839277350,Std-XY p=2,0,spsa,sequential,1,random_shared_stream,110,120,5,4,7.3386969566345215,237,0.0010731953661888838,0.0005365976830944419,2.879370697428385e-07,2.879370697428385e-07,2.879370697428385e-07,0.01327920402633473,0.012440829393713411,1.4251180800783914e-05,1.1450767517089844
839277350,Std-XY p=2,0,spsa,sequential,1,random_shared_stream,115,120,5,4,7.3386969566345215,247,0.003850087057799101,0.0019250435288995504,2.7793444132839795e-06,3.705792551045306e-06,0.0,0.012961964320222783,0.012385099893453082,4.990469096810557e-05,1.168208122253418
839277350,Std-XY p=2,0,spsa,sequential,1,random_shared_stream,120,120,5,4,7.3386969566345215,257,0.005374675150960684,0.002687337575480342,5.416337444330566e-06,7.2217831075249705e-06,0.0,0.012664124024600558,0.012331976538504544,6.806555757066235e-05,1.1918785572052002
839277350,Std-XY p=2,0,spsa,sequential,2,random_shared_stream,1,120,5,4,4.358382701873779,19,15.388751029968262,7.694375514984131,44.40256118774414,0.0,59.20341491699219,0.003930304797877782,0.02,0.06048247963190079,1.233654499053955
839277350,Std-XY p=2,0,spsa,sequential,2,random_shared_stream,5,120,5,4,4.257326602935791,27,23.234661102294922,11.617330551147461,101.2217788696289,0.0,134.96237182617188,0.0033441817996064773,0.016999416915812672,0.07770092785358429,1.2533583641052246
839277350,Std-XY p=2,0,spsa,sequential,2,random_shared_stream,10,120,5,4,3.7502694129943848,37,10.676576614379883,5.338288307189941,21.37299156188965,28.49732208251953,0.0,0.002863397726208626,0.015850026609609436,0.030571285635232925,1.277439832687378
839277350,Std-XY p=2,0,spsa,sequential,2,random_shared_stream,15,120,5,4,3.648421049118042,47,0.950348973274231,0.4751744866371155,0.16934309899806976,0.22579079866409302,0.0,0.0025312739142751214,0.015214047873475552,0.0024055936373770237,1.3014240264892578
839277350,Std-XY p=2,0,spsa,sequential,2,random_shared_stream,20,120,5,4,3.6427695751190186,57,5.706374168395996,2.853187084197998,6.1055073738098145,8.140676498413086,0.0,0.0022851769914058353,0.014778350620464044,0.013040074147284031,1.3238651752471924
839277350,Std-XY p=2,0,spsa,sequential,2,random_shared_stream,25,120,5,4,3.627413511276245,67,3.7171595096588135,1.8585797548294067,3.4543187618255615,0.0,0.0,0.0020939325678307704,0.014449008773880907,0.007783481385558844,1.3488714694976807
839277350,Std-XY p=2,0,spsa,sequential,2,random_shared_stream,30,120,5,4,3.609612464904785,77,2.1851911544799805,1.0925955772399902,0.8953237533569336,1.1937650442123413,0.0,0.0019400997369854048,0.014185372641231635,0.004239488858729601,1.3712575435638428
839277350,Std-XY p=2,0,spsa,sequential,2,random_shared_stream,35,120,5,4,3.609612464904785,87,0.54786217212677,0.273931086063385,0.05627867951989174,0.07503823935985565,0.0,0.0018130810515694525,0.013966227856027484,0.0009933185065165162,1.3936152458190918
839277350,Std-XY p=2,0,spsa,sequential,2,random_shared_stream,40,120,5,4,3.6049530506134033,97,1.853743076324463,0.9268715381622314,0.8590908646583557,0.0,0.0,0.0017060278508855442,0.013779134410346052,0.003162537468597293,1.4169690608978271
839277350,Std-XY p=2,0,spsa,sequential,2,random_shared_stream,45,120,5,4,3.6039581298828125,107,1.2300204038619995,0.6150102019309998,0.3782375454902649,0.0,0.0,0.0016142970996863414,0.013616187769422706,0.0019856183789670467,1.4397952556610107
839277350,Std-XY p=2,0,spsa,sequential,2,random_shared_stream,50,120,5,4,3.6039581298828125,117,2.026247978210449,1.0131239891052246,1.02642023563385,1.02642023563385,1.02642023563385,0.0015346181578306697,0.013472060523173781,0.00310951704159379,1.463503122329712
839277350,Std-XY p=2,0,spsa,sequential,2,random_shared_stream,55,120,5,4,3.6039581298828125,127,0.2100614309310913,0.10503071546554565,0.008273588493466377,0.0,0.011031451635062695,0.0014646137208169268,0.01334299625175472,0.0003076588618569076,1.4864983558654785
839277350,Std-XY p=2,0,spsa,sequential,2,random_shared_stream,60,120,5,4,3.5923004150390625,137,3.2299463748931885,1.6149731874465942,1.956103801727295,2.6081383228302,0.0,0.0014025100008636868,0.013226249755755135,0.00453003216534853,1.5098140239715576
839277350,Std-XY p=2,0,spsa,sequential,2,random_shared_stream,65,120,5,4,3.5921995639801025,147,1.3582297563552856,0.6791148781776428,0.46119701862335205,0.46119701862335205,0.46119701862335205,0.0013469538409778279,0.01311975565249048,0.0018294727196916938,1.5332310199737549
839277350,Std-XY p=2,0,spsa,sequential,2,random_shared_stream,70,120,5,4,3.5809121131896973,157,3.335206985473633,1.6676034927368164,2.0856761932373047,2.7809014320373535,0.0,0.0012968931323684197,0.013021922119457682,0.004325407091528177,1.5560624599456787
839277350,Std-XY p=2,0,spsa,sequential,2,random_shared_stream,75,120,5,4,3.5697238445281982,167,1.6382973194122314,0.8191486597061157,0.5032534003257751,0.6710045337677002,0.0,0.0012514962122881703,0.01293149713891721,0.0020503229461610317,1.5785059928894043
839277350,Std-XY p=2,0,spsa,sequential,2,random_shared_stream,80,120,5,4,3.5600857734680176,177,0.046765197068452835,0.023382598534226418,0.00041005940875038505,0.0005467458977364004,0.0,0.0012100960896554895,0.012847478719003411,5.659037924488075e-05,1.6033923625946045
839277350,Std-XY p=2,0,spsa,sequential,2,random_shared_stream,85,120,5,4,3.552340507507324,187,3.6041033267974854,1.8020516633987427,2.435542583465576,0.0,3.2473902702331543,0.0011721509546053575,0.012769052840860788,0.0042245532386004925,1.6264588832855225
839277350,Std-XY p=2,0,spsa,sequential,2,random_shared_stream,90,120,5,4,3.5401153564453125,197,3.9478492736816406,1.9739246368408203,3.896378517150879,3.896378517150879,3.896378517150879,0.0011372156461438663,0.01269554947299621,0.0044895559549331665,1.649064540863037
839277350,Std-XY p=2,0,spsa,sequential,2,random_shared_stream,95,120,5,4,3.5401153564453125,207,0.14711380004882812,0.07355690002441406,0.004057963378727436,0.0,0.005410617683082819,0.0011049206632534993,0.012626410699612943,0.00016254906950052828,1.6703033447265625
839277350,Std-XY p=2,0,spsa,sequential,2,random_shared_stream,100,120,5,4,3.532839298248291,217,2.9422218799591064,1.4711109399795532,2.1641674041748047,2.1641674041748047,2.1641674041748047,0.0010749564748603082,0.012561167176266359,0.0031627605203539133,1.6940522193908691
839277350,Std-XY p=2,0,spsa,sequential,2,random_shared_stream,105,120,5,4,3.5123000144958496,227,0.0637274757027626,0.0318637378513813,0.0010152978356927633,0.0,0.0,0.0010470616200047428,0.01249942043693397,6.672659219475463e-05,1.7176637649536133
839277350,Std-XY p=2,0,spsa,sequential,2,random_shared_stream,110,120,5,4,3.5123000144958496,237,1.998883843421936,0.999441921710968,0.7491630911827087,0.0,0.9988841414451599,0.001021013563733676,0.012440829393713411,0.0020408874843269587,1.7401981353759766
839277350,Std-XY p=2,0,spsa,sequential,2,random_shared_stream,115,120,5,4,3.5123000144958496,247,3.141228437423706,1.570614218711853,0.0,0.0,0.0,0.0009966215864545538,0.012385099893453082,0.00313061592169106,1.7634222507476807
839277350,Std-XY p=2,0,spsa,sequential,2,random_shared_stream,120,120,5,4,3.50398850440979,257,1.6577779054641724,0.8288889527320862,0.5152926445007324,0.0,0.6870568990707397,0.0009737211941529021,0.012331976538504544,0.0016142134554684162,1.787158489227295
839277350,Std-XY p=2,0,spsa,sequential,3,random_shared_stream,1,120,5,4,7.617195129394531,19,11.21983528137207,5.609917640686035,23.603382110595703,31.471176147460938,0.0,0.00718172733878927,0.02,0.0805777981877327,1.8282840251922607
839277350,Std-XY p=2,0,spsa,sequential,3,random_shared_stream,5,120,5,4,5.684027194976807,27,101.68217468261719,50.841087341308594,1938.612060546875,2584.816162109375,0.0,0.006110722473504758,0.016999416915812672,0.25,1.8508474826812744
839277350,Std-XY p=2,0,spsa,sequential,3,random_shared_stream,10,120,5,4,5.684027194976807,37,31.513769149780273,15.756884574890137,0.0,0.0,0.0,0.005232200246465208,0.015850026609609436,0.16488634049892426,1.8739111423492432
839277350,Std-XY p=2,0,spsa,sequential,3,random_shared_stream,15,120,5,4,5.684027194976807,47,4.557237148284912,2.278618574142456,3.8940768241882324,5.192102432250977,0.0,0.004625320428565669,0.015214047873475552,0.02107868157327175,1.8968513011932373
839277350,Std-XY p=2,0,spsa,sequential,3,random_shared_stream,20,120,5,4,5.684027194976807,57,3.0020861625671387,1.5010430812835693,1.6898478269577026,2.2531304359436035,0.0,0.004175634948722834,0.014778350620464044,0.01253561582416296,1.9201090335845947
839277350,Std-XY p=2,0,spsa,sequential,3,random_shared_stream,25,120,5,4,5.684027194976807,67,21.274105072021484,10.637052536010742,84.86016845703125,0.0,113.14688873291016,0.0038261797853671427,0.014449008773880907,0.08139855414628983,1.9439594745635986
839277350,Std-XY p=2,0,spsa,sequential,3,random_shared_stream,30,120,5,4,5.684027194976807,77,18.672330856323242,9.336165428161621,65.37298583984375,87.16398620605469,0.0,0.0035450856963076755,0.014185372641231635,0.06619501113891602,1.966947317123413
839277350,Std-XY p=2,0,spsa,sequential,3,random_shared_stream,35,120,5,4,5.678915500640869,87,30.26586151123047,15.132930755615234,171.7541961669922,229.00559997558594,0.0,0.0033129882859283637,0.013966227856027484,0.10027044266462326,1.9892559051513672
839277350,Std-XY p=2,0,spsa,sequential,3,random_shared_stream,40,120,5,4,5.678915500640869,97,6.463176250457764,3.231588125228882,10.443161964416504,10.443161964416504,10.443161964416504,0.0031173732032325745,0.013779134410346052,0.020148131996393204,2.012908935546875
839277350,Std-XY p=2,0,spsa,sequential,3,random_shared_stream,45,120,5,4,5.312457084655762,107,21.81128692626953,10.905643463134766,0.0,0.0,0.0,0.0029497563700417464,0.013616187769422706,0.06433798372745514,2.035883665084839
839277350,Std-XY p=2,0,spsa,sequential,3,random_shared_stream,50,120,5,4,5.312457084655762,117,39.2834587097168,19.6417293548584,385.79754638671875,385.79754638671875,385.79754638671875,0.0028041614443353067,0.013472060523173781,0.11015716195106506,2.058885097503662
839277350,Std-XY p=2,0,spsa,sequential,3,random_shared_stream,55,120,5,4,5.194223880767822,127,27.39078712463379,13.695393562316895,187.56381225585938,187.56381225585938,187.56381225585938,0.002676244449345601,0.01334299625175472,0.0733044371008873,2.0818798542022705
839277350,Std-XY p=2,0,spsa,sequential,3,random_shared_stream,60,120,5,4,5.194223880767822,137,5.481071949005127,2.7405359745025635,7.510537624359131,7.510537624359131,7.510537624359131,0.0025627641961933454,0.013226249755755135,0.014046694152057171,2.105668544769287
839277350,Std-XY p=2,0,spsa,sequential,3,random_shared_stream,65,120,5,4,5.194223880767822,147,15.957442283630371,7.9787211418151855,47.7449951171875,0.0,63.65999221801758,0.0024612481019438965,0.01311975565249048,0.03927522525191307,2.128796339035034
839277350,Std-XY p=2,0,spsa,sequential,3,random_shared_stream,70,120,5,4,5.194223880767822,157,21.911460876464844,10.955730438232422,90.02102661132812,0.0,120.02803039550781,0.0023697736799567068,0.013021922119457682,0.05192520096898079,2.150646686553955
839277350,Std-XY p=2,0,spsa,sequential,3,random_shared_stream,75,120,5,4,5.194223880767822,167,31.161516189575195,15.580758094787598,182.0700225830078,0.0,242.76002502441406,0.0022868212579936053,0.01293149713891721,0.07126082479953766,2.17389178276062
839277350,Std-XY p=2,0,spsa,sequential,3,random_shared_stream,80,120,5,4,4.820184707641602,177,28.88411521911621,14.442057609558105,0.0,0.0,0.0,0.0022111720633812954,0.012847478719003411,0.06386774778366089,2.1981468200683594
839277350,Std-XY p=2,0,spsa,sequential,3,random_shared_stream,85,120,5,4,3.6317927837371826,187,10.656476974487305,5.328238487243652,21.29259490966797,0.0,28.390125274658203,0.002141836063305492,0.012769052840860788,0.022824427112936974,2.2222988605499268
839277350,Std-XY p=2,0,spsa,sequential,3,random_shared_stream,90,120,5,4,3.3293886184692383,197,22.10468101501465,11.052340507507324,91.61566925048828,122.15422821044922,0.0,0.0020779998285171872,0.01269554947299621,0.045933522284030914,2.246208667755127
839277350,Std-XY p=2,0,spsa,sequential,3,random_shared_stream,95,120,5,4,3.3293886184692383,207,26.10810089111328,13.05405044555664,127.8061752319336,0.0,170.40823364257812,0.0020189881809587803,0.012626410699612943,0.05271194502711296,2.268585443496704
839277350,Std-XY p=2,0,spsa,sequential,3,random_shared_stream,100,120,5,4,3.3293886184692383,217,3.3792693614959717,1.6896346807479858,2.1411490440368652,0.0,2.854865312576294,0.0019642355238406323,0.012561167176266359,0.006637680809944868,2.292372941970825
839277350,Std-XY p=2,0,spsa,sequential,3,random_shared_stream,105,120,5,4,3.3293886184692383,227,15.040103912353516,7.520051956176758,42.413387298583984,0.0,56.55118179321289,0.0019132640974423682,0.01249942043693397,0.028775690123438835,2.3144547939300537
839277350,Std-XY p=2,0,spsa,sequential,3,random_shared_stream,110,120,5,4,3.3293886184692383,237,18.40242576599121,9.201212882995605,84.66231536865234,84.66231536865234,84.66231536865234,0.001865667270360343,0.012440829393713411,0.03433280438184738,2.3375887870788574
839277350,Std-XY p=2,0,spsa,sequential,3,random_shared_stream,115,120,5,4,3.3293886184692383,247,92.35095977783203,46.175479888916016,1599.13134765625,2132.175048828125,0.0,0.001821096546439087,0.012385099893453082,0.16818001866340637,2.3613317012786865
839277350,Std-XY p=2,0,spsa,sequential,3,random_shared_stream,120,120,5,4,3.3293886184692383,257,0.24350371956825256,0.12175185978412628,0.014823514968156815,0.014823514968156815,0.014823514968156815,0.001779251350730455,0.012331976538504544,0.00043325431761331856,2.3856868743896484
839277350,Std-XY p=2,0,spsa,sequential,4,continuation,1,120,5,4,2.299014091491699,19,2.8091907501220703,1.4045953750610352,1.9728881120681763,1.9728881120681763,1.9728881120681763,0.0048721457614335426,0.02,0.013686786405742168,2.4278576374053955
839277350,Std-XY p=2,0,spsa,sequential,4,continuation,5,120,5,4,2.2600903511047363,27,42.35132598876953,21.175662994384766,448.40869140625,0.0,0.0,0.004145566824540858,0.016999416915812672,0.17557024955749512,2.448153018951416
839277350,Std-XY p=2,0,spsa,sequential,4,continuation,10,120,5,4,2.2600903511047363,37,1.2808095216751099,0.6404047608375549,0.4101182520389557,0.4101182520389557,0.4101182520389557,0.0035495697693926336,0.015850026609609436,0.004546322859823704,2.4705238342285156
839277350,Std-XY p=2,0,spsa,sequential,4,continuation,15,120,5,4,2.2600903511047363,47,142.27224731445312,71.13612365722656,3795.26123046875,5060.34814453125,0.0,0.0031378572672333305,0.015214047873475552,0.25,2.4937095642089844
839277350,Std-XY p=2,0,spsa,sequential,4,continuation,20,120,5,4,2.2600903511047363,57,129.281494140625,64.6407470703125,4178.42626953125,0.0,0.0,0.002832786759646526,0.014778350620464044,0.25,2.517457962036133
839277350,Std-XY p=2,0,spsa,sequential,4,continuation,25,120,5,4,2.2600903511047363,67,64.80776977539062,32.40388488769531,787.5087890625,0.0,1050.01171875,0.002595713363145019,0.014449008773880907,0.16822239756584167,2.5412044525146484
839277350,Std-XY p=2,0,spsa,sequential,4,continuation,30,120,5,4,2.1818203926086426,77,33.24272537231445,16.621362686157227,276.2696838378906,0.0,0.0,0.002405016708988,0.014185372641231635,0.07994931191205978,2.5648460388183594
839277350,Std-XY p=2,0,spsa,sequential,4,continuation,35,120,5,4,2.054739475250244,87,40.854915618896484,20.427457809448242,417.2810363769531,417.2810363769531,417.2810363769531,0.002247559824192106,0.013966227856027484,0.09182386845350266,2.5883522033691406
839277350,Std-XY p=2,0,spsa,sequential,4,continuation,40,120,5,4,2.0480470657348633,97,39.92241287231445,19.961206436157227,0.0,0.0,0.0,0.002114852865118186,0.013779134410346052,0.084430031478405,2.610694169998169
839277350,Std-XY p=2,0,spsa,sequential,4,continuation,45,120,5,4,1.6672155857086182,107,4.760785102844238,2.380392551422119,4.249701499938965,5.666268825531006,0.0,0.002001140159963707,0.013616187769422706,0.009526998735964298,2.6359505653381348
839277350,Std-XY p=2,0,spsa,sequential,4,continuation,50,120,5,4,1.5459545850753784,117,6.889012813568115,3.4445064067840576,11.8646240234375,0.0,0.0,0.0019023673067622864,0.013472060523173781,0.013105432502925396,2.6594419479370117
839277350,Std-XY p=2,0,spsa,sequential,4,continuation,55,120,5,4,1.3640190362930298,127,39.453731536865234,19.726865768432617,389.14923095703125,0.0,0.0,0.0018155873142125445,0.01334299625175472,0.07163169234991074,2.684257984161377
839277350,Std-XY p=2,0,spsa,sequential,4,continuation,60,120,5,4,0.8959376215934753,137,61.7692985534668,30.8846492767334,953.861572265625,953.861572265625,953.861572265625,0.0017386013318269505,0.013226249755755135,0.10739218443632126,2.708988666534424
839277350,Std-XY p=2,0,spsa,sequential,4,continuation,65,120,5,4,0.8181325793266296,147,4.984494686126709,2.4922473430633545,6.211297035217285,0.0,0.0,0.0016697319380192318,0.01311975565249048,0.008322769775986671,2.7328262329101562
839277350,Std-XY p=2,0,spsa,sequential,4,continuation,70,120,5,4,0.8181325793266296,157,44.43436050415039,22.217180252075195,370.20233154296875,0.0,493.60308837890625,0.0016076749012730268,0.013021922119457682,0.07143600285053253,2.756587028503418
839277350,Std-XY p=2,0,spsa,sequential,4,continuation,75,120,5,4,0.6404898762702942,167,1.214687705039978,0.607343852519989,0.0,0.0,0.0,0.001551399262836396,0.01293149713891721,0.0018844655714929104,2.778435707092285
839277350,Std-XY p=2,0,spsa,sequential,4,continuation,80,120,5,4,0.5562695860862732,177,60.69280242919922,30.34640121459961,920.904052734375,920.904052734375,920.904052734375,0.0015000781968171502,0.012847478719003411,0.09104394912719727,2.8014721870422363
839277350,Std-XY p=2,0,spsa,sequential,4,continuation,85,120,5,4,0.5562695860862732,187,33.197837829589844,16.598918914794922,206.64308166503906,275.52410888671875,0.0,0.001453040056416093,0.012769052840860788,0.048237789422273636,2.8252196311950684
839277350,Std-XY p=2,0,spsa,sequential,4,continuation,90,120,5,4,0.4647393524646759,197,7.292428970336914,3.646214485168457,9.971159934997559,13.294879913330078,0.0,0.0014097330042157307,0.01269554947299621,0.010280377231538296,2.8480336666107178
839277350,Std-XY p=2,0,spsa,sequential,4,continuation,95,120,5,4,0.44102442264556885,207,6.955328464508057,3.4776642322540283,0.0,0.0,0.0,0.0013696989935990907,0.012626410699612943,0.009526706300675869,2.8711936473846436
839277350,Std-XY p=2,0,spsa,sequential,4,continuation,100,120,5,4,0.44102442264556885,217,24.170894622802734,12.085447311401367,146.0580291748047,146.0580291748047,146.0580291748047,0.0013325543188264085,0.012561167176266359,0.03220902755856514,2.8942203521728516
839277350,Std-XY p=2,0,spsa,sequential,4,continuation,105,120,5,4,0.44035768508911133,227,12.828027725219727,6.414013862609863,0.0,0.0,0.0,0.0012979748635832092,0.01249942043693397,0.016650456935167313,2.9185791015625
839277350,Std-XY p=2,0,spsa,sequential,4,continuation,110,120,5,4,0.44035768508911133,237,7.5785369873046875,3.7892684936523438,14.358555793762207,14.358555793762207,14.358555793762207,0.0012656847656184946,0.012440829393713411,0.009592038579285145,2.9402871131896973
839277350,Std-XY p=2,0,spsa,sequential,4,continuation,115,120,5,4,0.44035768508911133,247,6.516229152679443,3.2581145763397217,7.961483001708984,10.615310668945312,0.0,0.0012354476021349836,0.012385099893453082,0.008050459437072277,2.963421106338501
839277350,Std-XY p=2,0,spsa,sequential,4,continuation,120,120,5,4,0.44035768508911133,257,2.2226600646972656,1.1113300323486328,1.2350544929504395,1.2350544929504395,1.2350544929504395,0.0012070594604957133,0.012331976538504544,0.0026828828267753124,2.98661470413208
839277350,Std-XY p=3,0,spsa,sequential,0,deterministic_linear_ramp,1,120,5,6,8.784869194030762,19,28.24365234375,11.530424118041992,132.95066833496094,118.1783676147461,118.17835235595703,0.0007318913129785741,0.02,0.020671283826231956,0.05207014083862305
839277350,Std-XY p=3,0,spsa,sequential,0,deterministic_linear_ramp,5,120,5,6,3.2057604789733887,27,45.28001022338867,18.48548698425293,341.7132263183594,303.7450866699219,303.7450866699219,0.0006227449864638071,0.016999416915812672,0.028197897598147392,0.07768130302429199
839277350,Std-XY p=3,0,spsa,sequential,0,deterministic_linear_ramp,10,120,5,6,2.6706044673919678,37,14.342190742492676,5.855174541473389,30.473838806152344,30.473838806152344,0.0,0.0005332146052759808,0.015850026609609436,0.007647464983165264,0.10921645164489746
839277350,Std-XY p=3,0,spsa,sequential,0,deterministic_linear_ramp,15,120,5,6,2.0114903450012207,47,6.91156005859375,2.8216328620910645,4.423117160797119,0.0,7.0769877433776855,0.0004713673579788462,0.015214047873475552,0.0032578837126493454,0.13992953300476074
839277350,Std-XY p=3,0,spsa,sequential,0,deterministic_linear_ramp,20,120,5,6,1.6783778667449951,57,12.663846015930176,5.1699934005737305,26.728830337524414,0.0,0.0,0.0004255398180648821,0.014778350620464044,0.005388970952481031,0.16901183128356934
839277350,Std-XY p=3,0,spsa,sequential,0,deterministic_linear_ramp,25,120,5,6,1.5754402875900269,67,14.163146018981934,5.78208065032959,18.573583602905273,29.71773338317871,0.0,0.00038992677035780263,0.014449008773880907,0.005522589664906263,0.199293851852417
839277350,Std-XY p=3,0,spsa,sequential,0,deterministic_linear_ramp,30,120,5,6,1.5754402875900269,77,2.364927053451538,0.9654774069786072,0.8285747170448303,0.8285747170448303,0.8285747170448303,0.000361280413818885,0.014185372641231635,0.0008544017910026014,0.22989368438720703
839277350,Std-XY p=3,0,spsa,sequential,0,deterministic_linear_ramp,35,120,5,6,1.5754402875900269,87,2.6887636184692383,1.0976831912994385,1.0710296630859375,1.0710296630859375,1.0710296630859375,0.00033762731890062554,0.013966227856027484,0.0009078000439330935,0.26051902770996094
839277350,Std-XY p=3,0,spsa,sequential,0,deterministic_linear_ramp,40,120,5,6,1.452612280845642,97,6.61052942276001,2.698737621307373,7.283183574676514,6.473941326141357,6.473941326141357,0.0003176921455142227,0.013779134410346052,0.0021001130808144808,0.2911398410797119
839277350,Std-XY p=3,0,spsa,sequential,0,deterministic_linear_ramp,45,120,5,6,1.452612280845642,107,4.59687614440918,1.876666784286499,3.521878242492676,0.0,0.0,0.0003006102795042515,0.013616187769422706,0.001381868263706565,0.32053256034851074
839277350,Std-XY p=3,0,spsa,sequential,0,deterministic_linear_ramp,50,120,5,6,1.452612280845642,117,3.2721214294433594,1.3358380794525146,1.7844630479812622,0.0,0.0,0.000285772670623897,0.013472060523173781,0.0009350829059258103,0.3507959842681885
839277350,Std-XY p=3,0,spsa,sequential,0,deterministic_linear_ramp,55,120,5,6,1.452612280845642,127,12.626521110534668,5.154755592346191,14.761947631835938,23.619115829467773,0.0,0.00027273662330563826,0.01334299625175472,0.0034437149297446012,0.3814404010772705
839277350,Std-XY p=3,0,spsa,sequential,0,deterministic_linear_ramp,60,120,5,6,1.452612280845642,137,6.289645671844482,2.567737102508545,6.593273639678955,5.860687732696533,5.860687732696533,0.00026117182732290087,0.013226249755755135,0.0016426782822236419,0.41202807426452637
839277350,Std-XY p=3,0,spsa,sequential,0,deterministic_linear_ramp,65,120,5,6,1.452612280845642,147,3.1108577251434326,1.2700023651123047,1.4336942434310913,1.4336942434310913,1.4336942434310913,0.0002508263012393095,0.01311975565249048,0.0007802849286235869,0.442657470703125
839277350,Std-XY p=3,0,spsa,sequential,0,deterministic_linear_ramp,70,120,5,6,1.452612280845642,157,2.4767730236053467,1.0111383199691772,1.0224007368087769,0.9088006615638733,0.9088006615638733,0.00024150412404517403,0.013021922119457682,0.0005981508293189108,0.4728100299835205
839277350,Std-XY p=3,0,spsa,sequential,0,deterministic_linear_ramp,75,120,5,6,1.452612280845642,167,5.147219657897949,2.1013436317443848,3.9250175952911377,3.925018072128296,0.0,0.00023305042562955553,0.01293149713891721,0.0011995617533102632,0.502429723739624
839277350,Std-XY p=3,0,spsa,sequential,0,deterministic_linear_ramp,80,120,5,6,1.452612280845642,177,2.715775966644287,1.1087110042572021,1.229239821434021,0.0,0.0,0.0002253410006181753,0.012847478719003411,0.0006119756726548076,0.5330288410186768
839277350,Std-XY p=3,0,spsa,sequential,0,deterministic_linear_ramp,85,120,5,6,1.452612280845642,187,0.4591425061225891,0.18744415044784546,0.035135310143232346,0.031231388449668884,0.031231388449668884,0.0002182749545629212,0.012769052840860788,0.00010021931666415185,0.5636532306671143
839277350,Std-XY p=3,0,spsa,sequential,0,deterministic_linear_ramp,90,120,5,6,1.452612280845642,197,0.2992919087409973,0.12218540906906128,0.013270466588437557,0.013270466588437557,0.013270466588437557,0.00021176939072140987,0.01269554947299621,6.338086677715182e-05,0.5942714214324951
839277350,Std-XY p=3,0,spsa,sequential,0,deterministic_linear_ramp,95,120,5,6,1.452612280845642,207,2.8552401065826416,1.1656469106674194,1.207762360572815,1.207762360572815,1.207762360572815,0.0002057555015586625,0.012626410699612943,0.0005874813650734723,0.6232836246490479
839277350,Std-XY p=3,0,spsa,sequential,0,deterministic_linear_ramp,100,120,5,6,1.452612280845642,217,6.269961357116699,2.5597009658813477,5.824061870574951,5.824061870574951,5.824061870574951,0.00020017564698929886,0.012561167176266359,0.0012550936080515385,0.6540248394012451
839277350,Std-XY p=3,0,spsa,sequential,0,deterministic_linear_ramp,105,120,5,6,1.447816014289856,227,8.75003433227539,3.5721864700317383,7.089175701141357,11.342680931091309,0.0,0.00019498113842176734,0.01249942043693397,0.0017060916870832443,0.685471773147583
839277350,Std-XY p=3,0,spsa,sequential,0,deterministic_linear_ramp,110,120,5,6,1.44089674949646,237,6.300894737243652,2.572329521179199,3.676043748855591,5.881669998168945,0.0,0.00019013053596593108,0.012440829393713411,0.001197992474772036,0.7169961929321289
839277350,Std-XY p=3,0,spsa,sequential,0,deterministic_linear_ramp,115,120,5,6,1.44089674949646,247,4.196529865264893,1.7132261991500854,2.6090168952941895,0.0,2.6090168952941895,0.00018558832430677432,0.012385099893453082,0.0007788270013406873,0.7476115226745605
839277350,Std-XY p=3,0,spsa,sequential,0,deterministic_linear_ramp,120,120,5,6,1.44089674949646,257,1.4095655679702759,0.5754527449607849,0.29435187578201294,0.29435187578201294,0.29435187578201294,0.0001813238717893944,0.012331976538504544,0.0002555878891143948,0.7769882678985596
839277350,Std-XY p=3,0,spsa,sequential,1,random_shared_stream,1,120,5,6,7.624377250671387,19,13.057683944702148,5.330777168273926,28.417184829711914,25.259719848632812,25.259719848632812,0.01649405399810643,0.02,0.2153741419315338,0.8267993927001953
839277350,Std-XY p=3,0,spsa,sequential,1,random_shared_stream,5,120,5,6,7.434584140777588,27,9.633096694946289,3.9326953887939453,8.592273712158203,13.747638702392578,0.0,0.014034309810266581,0.016999416915812672,0.13519386947155,0.8521506786346436
839277350,Std-XY p=3,0,spsa,sequential,1,random_shared_stream,10,120,5,6,7.1996941566467285,37,25.26496124267578,10.314376831054688,106.3863754272461,94.56566619873047,94.56566619873047,0.012016634623259284,0.015850026609609436,0.25,0.884568452835083
839277350,Std-XY p=3,0,spsa,sequential,1,random_shared_stream,15,120,5,6,7.102478981018066,47,15.885552406311035,6.485249996185303,42.0584602355957,37.38529968261719,37.38529586791992,0.010622832267002813,0.015214047873475552,0.16874955594539642,0.9164748191833496
839277350,Std-XY p=3,0,spsa,sequential,1,random_shared_stream,20,120,5,6,6.801549434661865,57,4.963677883148193,2.0264129638671875,3.650088310241699,3.6500885486602783,0.0,0.009590053349508777,0.014778350620464044,0.04760193079710007,0.9470994472503662
839277350,Std-XY p=3,0,spsa,sequential,1,random_shared_stream,25,120,5,6,6.801549434661865,67,14.69102954864502,5.997588157653809,31.974273681640625,31.974273681640625,31.974273681640625,0.00878747034093725,0.014449008773880907,0.12909698486328125,0.9784777164459229
839277350,Std-XY p=3,0,spsa,sequential,1,random_shared_stream,30,120,5,6,6.801549434661865,77,5.0143961906433105,2.047118663787842,4.190694808959961,3.725062131881714,3.725062131881714,0.008141890125373537,0.014185372641231635,0.04082665964961052,1.0095422267913818
839277350,Std-XY p=3,0,spsa,sequential,1,random_shared_stream,35,120,5,6,6.801549434661865,87,15.19485092163086,6.203271865844727,21.378103256225586,0.0,34.20496368408203,0.007608839086392931,0.013966227856027484,0.11561518162488937,1.039229393005371
839277350,Std-XY p=3,0,spsa,sequential,1,random_shared_stream,40,120,5,6,6.801549434661865,97,0.994945764541626,0.4061849117279053,0.1466543823480606,0.1466543823480606,0.1466543823480606,0.007159575895990002,0.013779134410346052,0.00712338974699378,1.0697917938232422
839277350,Std-XY p=3,0,spsa,sequential,1,random_shared_stream,45,120,5,6,6.801549434661865,107,2.3158247470855713,0.9454314708709717,0.4965781271457672,0.0,0.7945250868797302,0.006774615430739703,0.013616187769422706,0.0156888235360384,1.1000845432281494
839277350,Std-XY p=3,0,spsa,sequential,1,random_shared_stream,50,120,5,6,6.801549434661865,117,20.59735679626465,8.408835411071777,39.28250503540039,62.85200881958008,0.0,0.006440232008316824,0.013472060523173781,0.13265174627304077,1.1300740242004395
839277350,Std-XY p=3,0,spsa,sequential,1,random_shared_stream,55,120,5,6,6.801549434661865,127,0.9476332664489746,0.3868696689605713,0.1496681421995163,0.13303835690021515,0.13303835690021515,0.0061464489498539825,0.01334299625175472,0.005824579391628504,1.1602013111114502
839277350,Std-XY p=3,0,spsa,sequential,1,random_shared_stream,60,120,5,6,6.801549434661865,137,2.3866610527038574,0.9743503332138062,0.5274213552474976,0.0,0.8438742160797119,0.005885822315770762,0.013226249755755135,0.014047461561858654,1.1907958984375
839277350,Std-XY p=3,0,spsa,sequential,1,random_shared_stream,65,120,5,6,6.801549434661865,147,2.4757418632507324,1.0107173919677734,0.908044159412384,0.908044159412384,0.908044159412384,0.00565267340030253,0.01311975565249048,0.013994560576975346,1.221407413482666
839277350,Std-XY p=3,0,spsa,sequential,1,random_shared_stream,70,120,5,6,6.801549434661865,157,4.271658420562744,1.7438971996307373,3.04117751121521,2.7032690048217773,2.7032690048217773,0.00544258688705478,0.013021922119457682,0.02324886992573738,1.2513916492462158
839277350,Std-XY p=3,0,spsa,sequential,1,random_shared_stream,75,120,5,6,6.801549434661865,167,3.2346818447113037,1.3205533027648926,0.9688116908073425,0.0,1.5500987768173218,0.005252072591177353,0.01293149713891721,0.016988782212138176,1.2809925079345703
839277350,Std-XY p=3,0,spsa,sequential,1,random_shared_stream,80,120,5,6,6.801549434661865,177,6.487988471984863,2.648710250854492,6.236147403717041,0.0,6.236147403717041,0.00507833139466751,0.012847478719003411,0.03294815495610237,1.311283826828003
839277350,Std-XY p=3,0,spsa,sequential,1,random_shared_stream,85,120,5,6,6.801549434661865,187,10.593207359313965,4.3246588706970215,18.702674865722656,16.62459945678711,16.62459945678711,0.004919089519375735,0.012769052840860788,0.05210893601179123,1.341921091079712
839277350,Std-XY p=3,0,spsa,sequential,1,random_shared_stream,90,120,5,6,6.801549434661865,197,7.518626689910889,3.0694665908813477,5.234236240386963,8.374777793884277,0.0,0.004772478787171078,0.01269554947299621,0.035882484167814255,1.372680902481079
839277350,Std-XY p=3,0,spsa,sequential,1,random_shared_stream,95,120,5,6,6.801549434661865,207,1.8151819705963135,0.7410449385643005,0.5491476058959961,0.48813119530677795,0.48813119530677795,0.00463694853721457,0.012626410699612943,0.00841690506786108,1.4019041061401367
839277350,Std-XY p=3,0,spsa,sequential,1,random_shared_stream,100,120,5,6,6.801549434661865,217,3.1408677101135254,1.2822539806365967,1.6441749334335327,1.4614888429641724,1.4614888429641724,0.004511199780621036,0.012561167176266359,0.014169082045555115,1.43263578414917
839277350,Std-XY p=3,0,spsa,sequential,1,random_shared_stream,105,120,5,6,6.801549434661865,227,1.8745057582855225,0.7652637958526611,0.5205588340759277,0.5205588340759277,0.5205588340759277,0.004394135261221556,0.01249942043693397,0.008236832916736603,1.4632623195648193
839277350,Std-XY p=3,0,spsa,sequential,1,random_shared_stream,110,120,5,6,6.801549434661865,237,3.9484760761260986,1.6119587421417236,2.3096983432769775,2.3096983432769775,0.0,0.00428482108108146,0.012440829393713411,0.016918513923883438,1.4938876628875732
839277350,Std-XY p=3,0,spsa,sequential,1,random_shared_stream,115,120,5,6,6.801549434661865,247,6.019647121429443,2.4575107097625732,5.368319034576416,5.368319034576416,5.368319034576416,0.004182456859716323,0.012385099893453082,0.025176914408802986,1.5245108604431152
839277350,Std-XY p=3,0,spsa,sequential,1,random_shared_stream,120,120,5,6,6.801549434661865,257,1.7153133153915405,0.7002737522125244,0.4358963072299957,0.43589627742767334,0.4358963072299957,0.004086352275816056,0.012331976538504544,0.007009375374764204,1.5535016059875488
839277350,Std-XY p=3,0,spsa,sequential,2,random_shared_stream,1,120,5,6,7.6130828857421875,19,0.26005691289901733,0.10616779327392578,0.006262000650167465,0.0,0.01001920085400343,0.035380227209960945,0.02,0.009200872853398323,1.6107885837554932
839277350,Std-XY p=3,0,spsa,sequential,2,random_shared_stream,5,120,5,6,7.611748695373535,27,4.739251136779785,1.9347913265228271,3.7434170246124268,3.327481985092163,3.327481985092163,0.030104004138656246,0.016999416915812672,0.1426704376935959,1.6362757682800293
839277350,Std-XY p=3,0,spsa,sequential,2,random_shared_stream,10,120,5,6,7.343262672424316,37,14.07690143585205,5.746870994567871,33.026527404785156,0.0,0.0,0.025776031976056688,0.015850026609609436,0.25,1.6684849262237549
839277350,Std-XY p=3,0,spsa,sequential,2,random_shared_stream,15,120,5,6,7.333498477935791,47,3.2616052627563477,1.3315447568893433,1.5760102272033691,1.5760102272033691,1.5760102272033691,0.02278628524333748,0.015214047873475552,0.07431986927986145,1.6985299587249756
839277350,Std-XY p=3,0,spsa,sequential,2,random_shared_stream,20,120,5,6,7.332889556884766,57,3.781353235244751,1.5437310934066772,2.1183159351348877,0.0,2.1183159351348877,0.020570944323343436,0.014778350620464044,0.07778600603342056,1.7286884784698486
839277350,Std-XY p=3,0,spsa,sequential,2,random_shared_stream,25,120,5,6,7.332889556884766,67,3.7677905559539795,1.5381940603256226,2.103147506713867,2.103147506713867,2.103147506713867,0.018849380346326352,0.014449008773880907,0.07102052122354507,1.7588753700256348
839277350,Std-XY p=3,0,spsa,sequential,2,random_shared_stream,30,120,5,6,7.287230014801025,77,0.1772344559431076,0.07235565781593323,0.004653636831790209,0.004653636831790209,0.0,0.017464591942485674,0.014185372641231635,0.003095327178016305,1.7908399105072021
839277350,Std-XY p=3,0,spsa,sequential,2,random_shared_stream,35,120,5,6,7.264086723327637,87,0.3207662105560303,0.13095226883888245,0.017148492857813835,0.0152431046590209,0.015243105590343475,0.01632118190661428,0.013966227856027484,0.005235283635556698,1.8210763931274414
839277350,Std-XY p=3,0,spsa,sequential,2,random_shared_stream,40,120,5,6,7.233061790466309,97,5.9055914878845215,2.410947561264038,5.812668323516846,5.166816234588623,5.166816234588623,0.015357499251316053,0.013779134410346052,0.09069511294364929,1.8508806228637695
839277350,Std-XY p=3,0,spsa,sequential,2,random_shared_stream,45,120,5,6,7.217552185058594,107,3.9647462368011475,1.6186010837554932,2.3287723064422607,2.3287723064422607,0.0,0.01453174781816496,0.013616187769422706,0.05761469900608063,1.8813796043395996
839277350,Std-XY p=3,0,spsa,sequential,2,random_shared_stream,50,120,5,6,7.2053704261779785,117,3.801816701889038,1.552085280418396,2.1413052082061768,0.0,2.1413052082061768,0.013814485617985189,0.013472060523173781,0.05252014100551605,1.9120681285858154
839277350,Std-XY p=3,0,spsa,sequential,2,random_shared_stream,55,120,5,6,7.191700458526611,127,14.257830619812012,5.820734977722168,33.88095474243164,30.116403579711914,30.116403579711914,0.013184312383433764,0.01334299625175472,0.18797969818115234,1.9433176517486572
839277350,Std-XY p=3,0,spsa,sequential,2,random_shared_stream,60,120,5,6,7.105266571044922,137,3.4271271228790283,1.3991187810897827,1.7400296926498413,1.7400296926498413,0.0,0.012625260646857036,0.013226249755755135,0.04326837137341499,1.9749209880828857
839277350,Std-XY p=3,0,spsa,sequential,2,random_shared_stream,65,120,5,6,7.101158142089844,147,3.0771167278289795,1.256227731704712,1.5781078338623047,1.402762532234192,1.402762532234192,0.012125149418655104,0.01311975565249048,0.03731049597263336,2.00555157661438
839277350,Std-XY p=3,0,spsa,sequential,2,random_shared_stream,70,120,5,6,7.04262638092041,157,4.219635009765625,1.7226588726043701,2.96755313873291,2.6378250122070312,2.6378250122070312,0.011674507716299383,0.013021922119457682,0.0492621585726738,2.0362517833709717
839277350,Std-XY p=3,0,spsa,sequential,2,random_shared_stream,75,120,5,6,7.020981788635254,167,3.441746473312378,1.4050872325897217,1.9742698669433594,1.7549065351486206,1.7549065351486206,0.011265848991424169,0.01293149713891721,0.03877419978380203,2.066833019256592
839277350,Std-XY p=3,0,spsa,sequential,2,random_shared_stream,80,120,5,6,7.020981788635254,177,2.991595983505249,1.2213139533996582,1.4916077852249146,1.325873613357544,1.325873613357544,0.01089316905422047,0.012847478719003411,0.03258796036243439,2.097442865371704
839277350,Std-XY p=3,0,spsa,sequential,2,random_shared_stream,85,120,5,6,7.020981788635254,187,2.417552947998047,0.986961841583252,0.5411631464958191,0.8658611178398132,0.0,0.010551590584196661,0.012769052840860788,0.025509027764201164,2.1280596256256104
839277350,Std-XY p=3,0,spsa,sequential,2,random_shared_stream,90,120,5,6,7.020981788635254,197,0.3038804829120636,0.12405868619680405,0.00855030957609415,0.0,0.013680495321750641,0.010237106284738505,0.01269554947299621,0.0031108567491173744,2.1586484909057617
839277350,Std-XY p=3,0,spsa,sequential,2,random_shared_stream,95,120,5,6,6.995621681213379,207,5.058735370635986,2.065220355987549,3.7912304401397705,3.7912304401397705,0.0,0.009946389943089901,0.012626410699612943,0.050316158682107925,2.1887125968933105
839277350,Std-XY p=3,0,spsa,sequential,2,random_shared_stream,100,120,5,6,6.917529582977295,217,7.929440498352051,3.237180471420288,5.821854114532471,9.314967155456543,0.0,0.009676655190180758,0.012561167176266359,0.07673045992851257,2.2190723419189453
839277350,Std-XY p=3,0,spsa,sequential,2,random_shared_stream,105,120,5,6,6.752083778381348,227,8.949037551879883,3.6534290313720703,11.864482879638672,11.864482879638672,0.0,0.009425548379504984,0.01249942043693397,0.08434958755970001,2.2500083446502686
839277350,Std-XY p=3,0,spsa,sequential,2,random_shared_stream,110,120,5,6,6.727539539337158,237,6.759675979614258,2.7596261501312256,6.7693657875061035,6.7693657875061035,6.7693657875061035,0.00919106627273662,0.012440829393713411,0.06212862581014633,2.2809231281280518
839277350,Std-XY p=3,0,spsa,sequential,2,random_shared_stream,115,120,5,6,6.704417705535889,247,2.219998359680176,0.906310498714447,0.45633265376091003,0.7301321625709534,0.0,0.008971492030377214,0.012385099893453082,0.019916696473956108,2.312163829803467
839277350,Std-XY p=3,0,spsa,sequential,2,random_shared_stream,120,120,5,6,6.6501240730285645,257,9.811681747436523,4.005602836608887,14.26208782196045,0.0,14.262088775634766,0.008765344893069398,0.012331976538504544,0.08600277453660965,2.342191219329834
839277350,Std-XY p=3,0,spsa,sequential,3,random_shared_stream,1,120,5,6,7.881350040435791,19,15.495345115661621,6.325948238372803,40.01762008666992,35.57121658325195,35.57121658325195,0.01779177412786752,0.02,0.25,2.399121046066284
839277350,Std-XY p=3,0,spsa,sequential,3,random_shared_stream,5,120,5,6,7.489294052124023,27,3.339345693588257,1.3632822036743164,1.858538269996643,1.6520341634750366,1.6520341634750366,0.015138502045248798,0.016999416915812672,0.050552692264318466,2.425837278366089
839277350,Std-XY p=3,0,spsa,sequential,3,random_shared_stream,10,120,5,6,7.3889946937561035,37,7.9996232986450195,3.2658326625823975,9.480589866638184,9.480588912963867,9.480588912963867,0.01296208009375295,0.015850026609609436,0.10369176417589188,2.456721544265747
839277350,Std-XY p=3,0,spsa,sequential,3,random_shared_stream,15,120,5,6,7.2857890129089355,47,6.974167823791504,2.8471922874450684,4.503612518310547,7.205780029296875,0.0,0.011458616075492091,0.015214047873475552,0.07991430163383484,2.48796010017395
839277350,Std-XY p=3,0,spsa,sequential,3,random_shared_stream,20,120,5,6,7.142219543457031,57,0.6141418814659119,0.25072237849235535,0.06286171078681946,0.05587707459926605,0.05587707832455635,0.010344580118886946,0.014778350620464044,0.006353039760142565,2.518332004547119
839277350,Std-XY p=3,0,spsa,sequential,3,random_shared_stream,25,120,5,6,7.087003231048584,67,1.478419303894043,0.6035622358322144,0.3238109052181244,0.3238109052181244,0.3238109350204468,0.0094788514381752,0.014449008773880907,0.014013716951012611,2.5490052700042725
839277350,Std-XY p=3,0,spsa,sequential,3,random_shared_stream,30,120,5,6,7.02763557434082,77,4.993729591369629,2.0386815071105957,2.3090124130249023,3.6944198608398438,0.0,0.008782478225255668,0.014185372641231635,0.04385732114315033,2.5818533897399902
839277350,Std-XY p=3,0,spsa,sequential,3,random_shared_stream,35,120,5,6,6.990889072418213,87,6.217578411102295,2.538315773010254,6.443047046661377,5.727153301239014,5.727153301239014,0.008207487765950951,0.013966227856027484,0.05103069916367531,2.613165855407715
839277350,Std-XY p=3,0,spsa,sequential,3,random_shared_stream,40,120,5,6,6.9781389236450195,97,1.6518430709838867,0.6743621230125427,0.4547642767429352,0.404234915971756,0.404234915971756,0.007722877420396627,0.013779134410346052,0.012756980955600739,2.6441633701324463
839277350,Std-XY p=3,0,spsa,sequential,3,random_shared_stream,45,120,5,6,6.923187732696533,107,6.608425617218018,2.69787859916687,6.469820022583008,0.0,6.469820499420166,0.0073076290135053665,0.013616187769422706,0.048291925340890884,2.673558473587036
839277350,Std-XY p=3,0,spsa,sequential,3,random_shared_stream,50,120,5,6,6.877453327178955,117,7.483339309692383,3.055060386657715,5.1852192878723145,8.296350479125977,0.0,0.006946936952928012,0.013472060523173781,0.05198628455400467,2.7043769359588623
839277350,Std-XY p=3,0,spsa,sequential,3,random_shared_stream,55,120,5,6,6.870316505432129,127,3.521181583404541,1.437516450881958,1.1480296850204468,1.8368473052978516,0.0,0.0066300396140830525,0.01334299625175472,0.023345572873950005,2.735330581665039
839277350,Std-XY p=3,0,spsa,sequential,3,random_shared_stream,60,120,5,6,6.859835147857666,137,2.783172130584717,1.1362252235412598,1.2910077571868896,1.1475623846054077,1.1475625038146973,0.006348907382683337,0.013226249755755135,0.017670102417469025,2.7668063640594482
839277350,Std-XY p=3,0,spsa,sequential,3,random_shared_stream,65,120,5,6,6.859286308288574,147,2.61653733253479,1.0681970119476318,1.1410446166992188,0.0,0.0,0.006097414763425254,0.01311975565249048,0.015954112634062767,2.7971792221069336
839277350,Std-XY p=3,0,spsa,sequential,3,random_shared_stream,70,120,5,6,6.844832420349121,157,3.649709701538086,1.4899877309799194,2.2200634479522705,1.973389744758606,1.973389744758606,0.005870799051396887,0.013021922119457682,0.021426711231470108,2.8271148204803467
839277350,Std-XY p=3,0,spsa,sequential,3,random_shared_stream,75,120,5,6,6.838569641113281,167,0.2311358004808426,0.09436079114675522,0.008903958834707737,0.007914629764854908,0.007914629764854908,0.005665295460783565,0.01293149713891721,0.0013094524620100856,2.8584115505218506
839277350,Std-XY p=3,0,spsa,sequential,3,random_shared_stream,80,120,5,6,6.838569641113281,177,0.04186561331152916,0.01709156483411789,0.000162289768923074,0.0,0.00025966361863538623,0.005477884644415227,0.012847478719003411,0.0002293350116815418,2.8886051177978516
839277350,Std-XY p=3,0,spsa,sequential,3,random_shared_stream,85,120,5,6,6.825768947601318,187,0.49586841464042664,0.20243744552135468,0.03642747923731804,0.03642747923731804,0.0,0.005306113927694245,0.012769052840860788,0.002631134120747447,2.9196836948394775
839277350,Std-XY p=3,0,spsa,sequential,3,random_shared_stream,90,120,5,6,6.8250861167907715,197,1.0072308778762817,0.41120025515556335,0.16908566653728485,0.1502983570098877,0.1502983570098877,0.005147968147863162,0.01269554947299621,0.005185191985219717,2.9498980045318604
839277350,Std-XY p=3,0,spsa,sequential,3,random_shared_stream,95,120,5,6,6.820657253265381,207,0.5983231663703918,0.2442644089460373,0.05303564667701721,0.05303564667701721,0.05303564667701721,0.005001774641100275,0.012626410699612943,0.0029926777351647615,2.97934627532959
839277350,Std-XY p=3,0,spsa,sequential,3,random_shared_stream,100,120,5,6,6.808488368988037,217,0.8621159791946411,0.35195741057395935,0.11011022329330444,0.11011022329330444,0.0,0.004866132216598137,0.012561167176266359,0.0041951704770326614,3.009643316268921
839277350,Std-XY p=3,0,spsa,sequential,3,random_shared_stream,105,120,5,6,6.808488368988037,227,1.179695963859558,0.4816088378429413,0.23194707930088043,0.20617519319057465,0.20617519319057465,0.004739857288203817,0.01249942043693397,0.0055915904231369495,3.0402779579162598
839277350,Std-XY p=3,0,spsa,sequential,3,random_shared_stream,110,120,5,6,6.805633544921875,237,0.8121055364608765,0.33154070377349854,0.09770599007606506,0.09770599007606506,0.0,0.004621942480707196,0.012440829393713411,0.0037535051815211773,3.0712039470672607
839277350,Std-XY p=3,0,spsa,sequential,3,random_shared_stream,115,120,5,6,6.792516708374023,247,0.9236475825309753,0.37707754969596863,0.1421874761581421,0.12638886272907257,0.12638886272907257,0.004511524441242025,0.012385099893453082,0.004167058505117893,3.1018412113189697
839277350,Std-XY p=3,0,spsa,sequential,3,random_shared_stream,120,120,5,6,6.79102087020874,257,3.2161476612091064,1.3129867315292358,1.5323859453201294,1.5323859453201294,1.5323859453201294,0.004407858535358454,0.012331976538504544,0.01417632307857275,3.131164073944092
839277350,Std-XY p=3,0,spsa,sequential,4,continuation,1,120,5,6,0.3888646960258484,19,3.4631247520446777,1.413814902305603,1.7767753601074219,1.7767753601074219,1.7767753601074219,0.017688123214447172,0.02,0.061256181448698044,3.184858560562134
839277350,Std-XY p=3,0,spsa,sequential,4,continuation,5,120,5,6,0.3888646960258484,27,107.03925323486328,43.69859313964844,1697.3929443359375,0.0,1697.3929443359375,0.015050308504035385,0.016999416915812672,0.25,3.210012197494507
839277350,Std-XY p=3,0,spsa,sequential,4,continuation,10,120,5,6,0.3888646960258484,37,29.7764835357666,12.15619945526123,0.0,0.0,0.0,0.012886565902088342,0.015850026609609436,0.25,3.2417707443237305
839277350,Std-XY p=3,0,spsa,sequential,4,continuation,15,120,5,6,0.3888646960258484,47,8.917872428894043,3.6407060623168945,7.363744735717773,0.0,11.781991004943848,0.0113918607303409,0.015214047873475552,0.10159116238355637,3.2734603881835938
839277350,Std-XY p=3,0,spsa,sequential,4,continuation,20,120,5,6,0.3888646960258484,57,11.391005516052246,4.650359153747559,21.625837326049805,19.222965240478516,19.222965240478516,0.010284314899096798,0.014778350620464044,0.11714868992567062,3.30314040184021
839277350,Std-XY p=3,0,spsa,sequential,4,continuation,25,120,5,6,0.3888646960258484,67,114.18612670898438,46.616294860839844,1931.6253662109375,1931.62548828125,1931.62548828125,0.009423629760860641,0.014449008773880907,0.25,3.3334097862243652
839277350,Std-XY p=3,0,spsa,sequential,4,continuation,30,120,5,6,0.3888646960258484,77,9.9288330078125,4.05342960357666,16.430288314819336,14.604701042175293,14.604701042175293,0.008731313463180805,0.014185372641231635,0.08669175207614899,3.3640482425689697
839277350,Std-XY p=3,0,spsa,sequential,4,continuation,35,120,5,6,0.3888646960258484,87,226.5616912841797,92.4934310913086,8555.033203125,0.0,0.0,0.008159672770228032,0.013966227856027484,0.25,3.3945131301879883
839277350,Std-XY p=3,0,spsa,sequential,4,continuation,40,120,5,6,0.3888646960258484,97,59.003353118896484,24.0880184173584,515.7623291015625,515.7623291015625,515.7623291015625,0.007677885656612729,0.013779134410346052,0.25,3.4252893924713135
839277350,Std-XY p=3,0,spsa,sequential,4,continuation,45,120,5,6,0.3888646960258484,107,129.37298583984375,52.816307067871094,2789.561767578125,2479.610595703125,2479.610595703125,0.007265056394454382,0.013616187769422706,0.25,3.455282688140869
839277350,Std-XY p=3,0,spsa,sequential,4,continuation,50,120,5,6,0.3888646960258484,117,264.0384826660156,107.79325866699219,11619.3857421875,0.0,0.0,0.006906465645487304,0.013472060523173781,0.25,3.4849536418914795
839277350,Std-XY p=3,0,spsa,sequential,4,continuation,55,120,5,6,0.3888646960258484,127,103.35549926757812,42.19470977783203,1582.57177734375,0.0,1582.57177734375,0.006591414479957929,0.01334299625175472,0.25,3.5156233310699463
839277350,Std-XY p=3,0,spsa,sequential,4,continuation,60,120,5,6,0.3888646960258484,137,377.8499755859375,154.25662231445312,13219.5009765625,21151.201171875,0.0,0.006311920062323556,0.013226249755755135,0.25,3.5462605953216553
839277350,Std-XY p=3,0,spsa,sequential,4,continuation,65,120,5,6,0.3888646960258484,147,69.23316955566406,28.264324188232422,710.1083374023438,0.0,710.1083984375,0.00606189258305192,0.01311975565249048,0.25,3.576944351196289
839277350,Std-XY p=3,0,spsa,sequential,4,continuation,70,120,5,6,0.3888646960258484,157,117.57877349853516,48.00133514404297,2048.11376953125,2048.11376953125,2048.11376953125,0.005836597083689155,0.013021922119457682,0.25,3.6057755947113037
839277350,Std-XY p=3,0,spsa,sequential,4,continuation,75,120,5,6,0.3888646960258484,167,110.25962829589844,45.0133056640625,1801.0645751953125,0.0,1801.0645751953125,0.005632290711224239,0.01293149713891721,0.25,3.6363985538482666
839277350,Std-XY p=3,0,spsa,sequential,4,continuation,80,120,5,6,0.3888646960258484,177,132.5595245361328,54.11720275878906,2928.671630859375,2603.263671875,2603.263671875,0.005445971708531244,0.012847478719003411,0.25,3.6670470237731934
839277350,Std-XY p=3,0,spsa,sequential,4,continuation,85,120,5,6,0.3888646960258484,187,116.77758026123047,47.67424774169922,2020.296875,0.0,2020.296875,0.005275201689748481,0.012769052840860788,0.25,3.697702646255493
839277350,Std-XY p=3,0,spsa,sequential,4,continuation,90,120,5,6,0.3888646960258484,197,68.56051635742188,27.98971176147461,783.4240112304688,696.3768920898438,696.3768920898438,0.0051179772320078904,0.01269554947299621,0.25,3.728306293487549
839277350,Std-XY p=3,0,spsa,sequential,4,continuation,95,120,5,6,0.3888646960258484,207,11.32470989227295,4.623293876647949,11.87491226196289,18.999860763549805,0.0,0.004972635416054655,0.012626410699612943,0.0563136488199234,3.757323980331421
839277350,Std-XY p=3,0,spsa,sequential,4,continuation,100,120,5,6,0.3888646960258484,217,30.288013458251953,12.365031242370605,135.90574645996094,135.90574645996094,135.90574645996094,0.004837783214106892,0.012561167176266359,0.14652684330940247,3.788071393966675
839277350,Std-XY p=3,0,spsa,sequential,4,continuation,105,120,5,6,0.3888646960258484,227,4.251605033874512,1.735710620880127,3.0126912593841553,2.677947998046875,2.677947759628296,0.004712243935320987,0.01249942043693397,0.020034601911902428,3.8189709186553955
839277350,Std-XY p=3,0,spsa,sequential,4,continuation,110,120,5,6,0.3888646960258484,237,45.37614059448242,18.52473258972168,305.0361633300781,305.03619384765625,0.0,0.0045950160732304264,0.012440829393713411,0.2085041105747223,3.8501768112182617
839277350,Std-XY p=3,0,spsa,sequential,4,continuation,115,120,5,6,0.3888646960258484,247,127.30831909179688,51.97340393066406,2701.234619140625,2401.097412109375,2401.097412109375,0.004485241304670473,0.012385099893453082,0.25,3.8811004161834717
839277350,Std-XY p=3,0,spsa,sequential,4,continuation,120,120,5,6,0.3888646960258484,257,26.549163818359375,10.838651657104492,104.42342376708984,0.0,104.42342376708984,0.004382179333265733,0.012331976538504544,0.1163431853055954,3.9104526042938232
839277350,Std-XY p=4,0,spsa,sequential,0,deterministic_linear_ramp,1,120,5,8,12.287806510925293,19,44.013648986816406,15.561175346374512,242.15017700195312,181.61264038085938,181.61264038085938,0.002368567687154335,0.02,0.10424931347370148,0.06267857551574707
839277350,Std-XY p=4,0,spsa,sequential,0,deterministic_linear_ramp,5,120,5,8,4.823440074920654,27,105.23924255371094,37.20769119262695,1384.4122314453125,1038.3092041015625,1038.3092041015625,0.002015345210578716,0.016999416915812672,0.21209341287612915,0.09404850006103516
839277350,Std-XY p=4,0,spsa,sequential,0,deterministic_linear_ramp,10,120,5,8,2.4061784744262695,37,143.33465576171875,50.67645263671875,2568.102783203125,2568.102783203125,2568.102783203125,0.0017256044196447705,0.015850026609609436,0.2473389059305191,0.1298353672027588
839277350,Std-XY p=4,0,spsa,sequential,0,deterministic_linear_ramp,15,120,5,8,1.281072974205017,47,71.633056640625,25.326108932495117,601.3236083984375,481.058837890625,641.4118041992188,0.0015254525816740898,0.015214047873475552,0.10927283018827438,0.16622686386108398
839277350,Std-XY p=4,0,spsa,sequential,0,deterministic_linear_ramp,20,120,5,8,1.281072974205017,57,21.157045364379883,7.48014497756958,52.45553207397461,41.96442413330078,55.95256805419922,0.0013771441808266426,0.014778350620464044,0.029136301949620247,0.20269441604614258
839277350,Std-XY p=4,0,spsa,sequential,0,deterministic_linear_ramp,25,120,5,8,1.281072974205017,67,9.732582092285156,3.4409873485565186,8.880295753479004,8.880295753479004,8.880295753479004,0.0012618922130217677,0.014449008773880907,0.012281470000743866,0.23776555061340332
839277350,Std-XY p=4,0,spsa,sequential,0,deterministic_linear_ramp,30,120,5,8,1.281072974205017,77,122.67495727539062,43.37214660644531,823.0001220703125,0.0,1410.8572998046875,0.0011691860512603302,0.014185372641231635,0.14342986047267914,0.2737705707550049
839277350,Std-XY p=4,0,spsa,sequential,0,deterministic_linear_ramp,35,120,5,8,1.281072974205017,87,44.32390594482422,15.670866966247559,230.22756958007812,245.57606506347656,184.1820526123047,0.0010926392261633314,0.013966227856027484,0.04843003675341606,0.30863022804260254
839277350,Std-XY p=4,0,spsa,sequential,0,deterministic_linear_ramp,40,120,5,8,1.281072974205017,97,37.64039611816406,13.307888984680176,132.82493591308594,177.09991455078125,0.0,0.00102812444550732,0.013779134410346052,0.03869900852441788,0.3446681499481201
839277350,Std-XY p=4,0,spsa,sequential,0,deterministic_linear_ramp,45,120,5,8,1.281072974205017,107,22.657211303710938,8.010533332824707,48.126487731933594,48.126487731933594,48.126487731933594,0.000972843620130585,0.013616187769422706,0.02204192243516445,0.3791687488555908
839277350,Std-XY p=4,0,spsa,sequential,0,deterministic_linear_ramp,50,120,5,8,1.281072974205017,117,151.6245880126953,53.607383728027344,1257.266357421875,0.0,2155.313720703125,0.0009248257241323161,0.013472060523173781,0.1402263045310974,0.414165735244751
839277350,Std-XY p=4,0,spsa,sequential,0,deterministic_linear_ramp,55,120,5,8,1.281072974205017,127,2.4066574573516846,0.8508818745613098,0.7239999771118164,0.0,0.0,0.0008826380934025788,0.01334299625175472,0.002124207327142358,0.4503333568572998
839277350,Std-XY p=4,0,spsa,sequential,0,deterministic_linear_ramp,60,120,5,8,1.281072974205017,137,37.41043472290039,13.22658634185791,174.9425811767578,174.9425811767578,174.9425811767578,0.000845211768499545,0.013226249755755135,0.03161973878741264,0.48683810234069824
839277350,Std-XY p=4,0,spsa,sequential,0,deterministic_linear_ramp,65,120,5,8,1.281072974205017,147,5.281895160675049,1.8674319982528687,3.269345760345459,3.487302303314209,2.615476608276367,0.0008117312798618501,0.01311975565249048,0.004287479445338249,0.5234954357147217
839277350,Std-XY p=4,0,spsa,sequential,0,deterministic_linear_ramp,70,120,5,8,1.281072974205017,157,0.9960982799530029,0.35217392444610596,0.11627481132745743,0.09301985055208206,0.12402646988630295,0.0007815625822910363,0.013021922119457682,0.0007785130874253809,0.5584886074066162
839277350,Std-XY p=4,0,spsa,sequential,0,deterministic_linear_ramp,75,120,5,8,1.281072974205017,167,11.94841194152832,4.224401473999023,17.84556770324707,17.84556770324707,17.84556770324707,0.0007542044806861769,0.01293149713891721,0.009011545218527317,0.5935733318328857
839277350,Std-XY p=4,0,spsa,sequential,0,deterministic_linear_ramp,80,120,5,8,1.281072974205017,177,6.241924285888672,2.2068533897399902,4.56581449508667,3.65265154838562,4.87020206451416,0.000729255018047823,0.012847478719003411,0.0045519545674324036,0.6295661926269531
839277350,Std-XY p=4,0,spsa,sequential,0,deterministic_linear_ramp,85,120,5,8,1.281072974205017,187,8.934052467346191,3.1586644649505615,9.353588104248047,0.0,7.482871055603027,0.0007063876768652819,0.012769052840860788,0.006310904398560524,0.665393590927124
839277350,Std-XY p=4,0,spsa,sequential,0,deterministic_linear_ramp,90,120,5,8,1.281072974205017,197,9.723187446594238,3.4376659393310547,8.863160133361816,0.0,11.817546844482422,0.0006853341843200376,0.01269554947299621,0.006663632579147816,0.6996488571166992
839277350,Std-XY p=4,0,spsa,sequential,0,deterministic_linear_ramp,95,120,5,8,1.281072974205017,207,11.922704696655273,4.215312480926514,16.658306121826172,13.326644897460938,17.76885986328125,0.0006658718634912235,0.012626410699612943,0.007938993163406849,0.7353293895721436
839277350,Std-XY p=4,0,spsa,sequential,0,deterministic_linear_ramp,100,120,5,8,1.281072974205017,217,5.650118827819824,1.9976186752319336,3.990480422973633,2.9928603172302246,2.9928603172302246,0.0006478141778790948,0.012561167176266359,0.003660227172076702,0.770028829574585
839277350,Std-XY p=4,0,spsa,sequential,0,deterministic_linear_ramp,105,120,5,8,1.281072974205017,227,7.274843692779541,2.5720455646514893,6.2019548416137695,4.961564064025879,6.615418434143066,0.0006310035600653243,0.01249942043693397,0.004590452183037996,0.8066933155059814
839277350,Std-XY p=4,0,spsa,sequential,0,deterministic_linear_ramp,110,120,5,8,1.281072974205017,237,4.611506462097168,1.6304137706756592,2.4921085834503174,1.9936869144439697,2.6582491397857666,0.0006153059010872875,0.012440829393713411,0.0028374872636049986,0.8400633335113525
839277350,Std-XY p=4,0,spsa,sequential,0,deterministic_linear_ramp,115,120,5,8,1.281072974205017,247,16.213224411010742,5.732240676879883,30.804920196533203,32.85858154296875,24.643936157226562,0.0006006062652625222,0.012385099893453082,0.009737764485180378,0.870638370513916
839277350,Std-XY p=4,0,spsa,sequential,0,deterministic_linear_ramp,120,120,5,8,1.281072974205017,257,6.472472667694092,2.2883646488189697,4.909324645996094,3.927459716796875,0.0,0.0005868055215496838,0.012331976538504544,0.0037980827037245035,0.9012343883514404
839277350,Std-XY p=4,0,spsa,sequential,1,random_shared_stream,1,120,5,8,7.786026954650879,19,10.718584060668945,3.7895917892456055,13.4634428024292,10.770753860473633,14.361005783081055,0.022838292324853505,0.02,0.24479416012763977,0.9688551425933838
839277350,Std-XY p=4,0,spsa,sequential,1,random_shared_stream,5,120,5,8,7.576129913330078,27,5.817893028259277,2.0569357872009277,3.966548204421997,4.230984687805176,3.173238515853882,0.019432437292931395,0.016999416915812672,0.11305583268404007,1.0010879039764404
839277350,Std-XY p=4,0,spsa,sequential,1,random_shared_stream,10,120,5,8,7.544218063354492,37,5.4921746253967285,1.941776990890503,2.8278732299804688,2.8278732299804688,2.8278732299804688,0.016638687754899916,0.015850026609609436,0.09138257801532745,1.0376460552215576
839277350,Std-XY p=4,0,spsa,sequential,1,random_shared_stream,15,120,5,8,7.4756293296813965,47,1.678998351097107,0.5936155319213867,0.26428455114364624,0.26428455114364624,0.26428455114364624,0.014708776184408552,0.015214047873475552,0.02469600923359394,1.0752785205841064
839277350,Std-XY p=4,0,spsa,sequential,1,random_shared_stream,20,120,5,8,7.412262439727783,57,6.244635581970215,2.2078120708465576,3.655825614929199,0.0,4.874433994293213,0.01327875135076957,0.014778350620464044,0.08292096108198166,1.1114468574523926
839277350,Std-XY p=4,0,spsa,sequential,1,random_shared_stream,25,120,5,8,7.405864715576172,67,9.184151649475098,3.2470877170562744,9.884605407714844,7.907684326171875,10.5435791015625,0.012167464497530138,0.014449008773880907,0.11174783855676651,1.1480937004089355
839277350,Std-XY p=4,0,spsa,sequential,1,random_shared_stream,30,120,5,8,7.39546537399292,77,5.529853820800781,1.9550985097885132,3.5835094451904297,3.8224101066589355,2.866807460784912,0.0112735696622229,0.014185372641231635,0.06234119087457657,1.182483196258545
839277350,Std-XY p=4,0,spsa,sequential,1,random_shared_stream,35,120,5,8,7.39546537399292,87,5.612277984619141,1.9842398166656494,2.9529056549072266,3.9372076988220215,0.0,0.010535486989903316,0.013966227856027484,0.05912807583808899,1.2178754806518555
839277350,Std-XY p=4,0,spsa,sequential,1,random_shared_stream,40,120,5,8,7.39546537399292,97,3.950331687927246,1.396653175354004,1.950640082359314,1.950640082359314,1.950640082359314,0.009913420148458736,0.013779134410346052,0.03916129842400551,1.252692699432373
839277350,Std-XY p=4,0,spsa,sequential,1,random_shared_stream,45,120,5,8,7.39546537399292,107,4.231812000274658,1.496171474456787,2.098620891571045,2.2385289669036865,1.6788966655731201,0.009380389297467992,0.013616187769422706,0.039696045219898224,1.288705825805664
839277350,Std-XY p=4,0,spsa,sequential,1,random_shared_stream,50,120,5,8,7.39546537399292,117,2.7076973915100098,0.9573156237602234,0.6873399019241333,0.6873399019241333,0.6873399019241333,0.008917389336951591,0.013472060523173781,0.024145592004060745,1.3229608535766602
839277350,Std-XY p=4,0,spsa,sequential,1,random_shared_stream,55,120,5,8,7.39546537399292,127,0.06115290895104408,0.021620817482471466,0.00020451363525353372,0.0003505948116071522,0.0,0.008510606179212796,0.01334299625175472,0.0005204483168199658,1.3584864139556885
839277350,Std-XY p=4,0,spsa,sequential,1,random_shared_stream,60,120,5,8,7.388422966003418,137,4.144423007965088,1.4652748107910156,2.1470303535461426,1.610272765159607,1.610272765159607,0.008149732663367718,0.013226249755755135,0.0337759405374527,1.3931784629821777
839277350,Std-XY p=4,0,spsa,sequential,1,random_shared_stream,65,120,5,8,7.3822021484375,147,0.2166491150856018,0.07659702748060226,0.005500410217791796,0.005867104511708021,0.004400328267365694,0.007826905838179847,0.01311975565249048,0.0016956921899691224,1.4289758205413818
839277350,Std-XY p=4,0,spsa,sequential,1,random_shared_stream,70,120,5,8,7.379532814025879,157,5.234552383422852,1.850693702697754,3.211000680923462,2.568800449371338,3.425067186355591,0.007536012089219636,0.013021922119457682,0.03944765031337738,1.4638934135437012
839277350,Std-XY p=4,0,spsa,sequential,1,random_shared_stream,75,120,5,8,7.330781936645508,167,6.429254531860352,2.2730846405029297,4.843981742858887,3.875185489654541,5.166913986206055,0.007272218774258267,0.01293149713891721,0.04675494134426117,1.5002803802490234
839277350,Std-XY p=4,0,spsa,sequential,1,random_shared_stream,80,120,5,8,7.311277389526367,177,10.137542724609375,3.584162473678589,12.043331146240234,0.0,9.634665489196777,0.0070316501284167325,0.012847478719003411,0.07128365337848663,1.537431001663208
839277350,Std-XY p=4,0,spsa,sequential,1,random_shared_stream,85,120,5,8,7.297695636749268,187,3.7792255878448486,1.336158037185669,1.3389886617660522,1.3389886617660522,1.3389886617660522,0.006811157792288274,0.012769052840860788,0.02574090287089348,1.5742826461791992
839277350,Std-XY p=4,0,spsa,sequential,1,random_shared_stream,90,120,5,8,7.297695636749268,197,0.35869914293289185,0.12681929767131805,0.012062350288033485,0.012062350288033485,0.012062350288033485,0.006608155015624928,0.01269554947299621,0.002370339585468173,1.610384225845337
839277350,Std-XY p=4,0,spsa,sequential,1,random_shared_stream,95,120,5,8,7.241452217102051,207,2.5671558380126953,0.9076266288757324,0.7722994089126587,0.8237860798835754,0.6178395748138428,0.006420494694655776,0.012626410699612943,0.016482410952448845,1.6452796459197998
839277350,Std-XY p=4,0,spsa,sequential,1,random_shared_stream,100,120,5,8,7.241452217102051,217,12.630048751831055,4.465396404266357,18.693531036376953,19.93976593017578,14.954824447631836,0.006246378200136013,0.012561167176266359,0.0788920596241951,1.6802599430084229
839277350,Std-XY p=4,0,spsa,sequential,1,random_shared_stream,105,120,5,8,7.241452217102051,227,1.5778355598449707,0.557849109172821,0.2917459309101105,0.2333967387676239,0.31119564175605774,0.0060842862295858524,0.01249942043693397,0.009600003249943256,1.716325044631958
839277350,Std-XY p=4,0,spsa,sequential,1,random_shared_stream,110,120,5,8,7.241452217102051,237,3.8120436668395996,1.3477609157562256,1.8164595365524292,1.3623446226119995,1.3623446226119995,0.005932925672528272,0.012440829393713411,0.022616570815443993,1.7514405250549316
839277350,Std-XY p=4,0,spsa,sequential,1,random_shared_stream,115,120,5,8,7.241452217102051,247,0.5832518339157104,0.2062106728553772,0.0398651622235775,0.042522840201854706,0.03189212828874588,0.005791188291808443,0.012385099893453082,0.003377721179276705,1.7864234447479248
839277350,Std-XY p=4,0,spsa,sequential,1,random_shared_stream,120,120,5,8,7.241452217102051,257,2.2126386165618896,0.7822858691215515,0.45897841453552246,0.45897841453552246,0.45897841453552246,0.005658118242375801,0.012331976538504544,0.012519369833171368,1.8215034008026123
839277350,Std-XY p=4,0,spsa,sequential,2,random_shared_stream,1,120,5,8,8.110196113586426,19,3.644792079925537,1.2886285781860352,1.660563588142395,1.2454227209091187,1.2454227209091187,0.008842344042180447,0.02,0.0322285071015358,1.8891880512237549
839277350,Std-XY p=4,0,spsa,sequential,2,random_shared_stream,5,120,5,8,7.646893501281738,27,4.733541011810303,1.673559546470642,2.8008015155792236,2.8008015155792236,2.8008015155792236,0.0075236928259827425,0.016999416915812672,0.035613708198070526,1.918940782546997
839277350,Std-XY p=4,0,spsa,sequential,2,random_shared_stream,10,120,5,8,7.5759501457214355,37,4.943548202514648,1.7478083372116089,3.0548338890075684,2.2911252975463867,2.2911252975463867,0.006442031630321719,0.015850026609609436,0.03184649720788002,1.9542884826660156
839277350,Std-XY p=4,0,spsa,sequential,2,random_shared_stream,15,120,5,8,6.929757118225098,47,27.762243270874023,9.815435409545898,90.32135009765625,96.3427734375,72.257080078125,0.005694824184399911,0.015214047873475552,0.15810109674930573,1.9898045063018799
839277350,Std-XY p=4,0,spsa,sequential,2,random_shared_stream,20,120,5,8,6.8045477867126465,57,14.758268356323242,5.217835903167725,20.419357299804688,20.419357299804688,20.419357299804688,0.005141158814501076,0.014778350620464044,0.07587460428476334,2.0259132385253906
839277350,Std-XY p=4,0,spsa,sequential,2,random_shared_stream,25,120,5,8,6.676371097564697,67,19.34830093383789,6.8406572341918945,46.79458999633789,35.095943450927734,35.095943450927734,0.004710899820259125,0.014449008773880907,0.09114790707826614,2.061455011367798
839277350,Std-XY p=4,0,spsa,sequential,2,random_shared_stream,30,120,5,8,6.639365196228027,77,2.8066654205322266,0.992306113243103,0.9231294989585876,0.984671413898468,0.7385035753250122,0.004364808897221361,0.014185372641231635,0.012250558473169804,2.096989631652832
839277350,Std-XY p=4,0,spsa,sequential,2,random_shared_stream,35,120,5,8,6.623321533203125,87,0.9942220449447632,0.35151058435440063,0.1158372163772583,0.12355969101190567,0.0926697701215744,0.0040790440586165305,0.013966227856027484,0.004055475350469351,2.132185459136963
839277350,Std-XY p=4,0,spsa,sequential,2,random_shared_stream,40,120,5,8,6.5955047607421875,97,0.5544402599334717,0.19602422416210175,0.028819123283028603,0.028819123283028603,0.028819123283028603,0.0038381972846526294,0.013779134410346052,0.002128050895407796,2.1680755615234375
839277350,Std-XY p=4,0,spsa,sequential,2,random_shared_stream,45,120,5,8,6.555148124694824,107,3.0715267658233643,1.0859487056732178,1.1055793762207031,0.8844634294509888,0.0,0.0036318227404216123,0.013616187769422706,0.01115524023771286,2.2036638259887695
839277350,Std-XY p=4,0,spsa,sequential,2,random_shared_stream,50,120,5,8,6.483652591705322,117,9.39424991607666,3.32136869430542,8.2736177444458,8.2736177444458,8.2736177444458,0.003452562186078557,0.013472060523173781,0.03243423253297806,2.2395334243774414
839277350,Std-XY p=4,0,spsa,sequential,2,random_shared_stream,55,120,5,8,6.4217047691345215,127,9.353463172912598,3.306948661804199,8.201931953430176,8.201931953430176,8.201931953430176,0.0032950671956419614,0.01334299625175472,0.030820291489362717,2.27630352973938
839277350,Std-XY p=4,0,spsa,sequential,2,random_shared_stream,60,120,5,8,6.356560230255127,137,12.038333892822266,4.2561936378479,16.98298454284668,18.115184783935547,13.58638858795166,0.0031553471264955963,0.013226249755755135,0.037985119968652725,2.312005043029785
839277350,Std-XY p=4,0,spsa,sequential,2,random_shared_stream,65,120,5,8,6.3270134925842285,147,7.330039024353027,2.591560125350952,6.716183662414551,6.716183662414551,6.716183662414551,0.0030303576652104553,0.01311975565249048,0.022212639451026917,2.347153902053833
839277350,Std-XY p=4,0,spsa,sequential,2,random_shared_stream,70,120,5,8,6.293022632598877,157,5.51538610458374,1.9499834775924683,3.8024356365203857,3.8024356365203857,3.8024356365203857,0.002917731792336996,0.013021922119457682,0.016092417761683464,2.383702039718628
839277350,Std-XY p=4,0,spsa,sequential,2,random_shared_stream,75,120,5,8,6.25335693359375,167,3.1307992935180664,1.1069047451019287,0.0,0.0,0.0,0.00281559844481095,0.01293149713891721,0.00881507433950901,2.4196178913116455
839277350,Std-XY p=4,0,spsa,sequential,2,random_shared_stream,80,120,5,8,6.230679512023926,177,7.727359294891357,2.7320339679718018,5.5980072021484375,0.0,7.464009761810303,0.0027224570355481644,0.012847478719003411,0.021037403494119644,2.45467209815979
839277350,Std-XY p=4,0,spsa,sequential,2,random_shared_stream,85,120,5,8,6.180790901184082,187,6.854477882385254,2.4234237670898438,5.505921363830566,4.40473747253418,0.0,0.0026370886083917165,0.012769052840860788,0.018075864762067795,2.492191791534424
839277350,Std-XY p=4,0,spsa,sequential,2,random_shared_stream,90,120,5,8,6.153379917144775,197,0.3095659017562866,0.10944807529449463,0.011230201460421085,0.008984161540865898,0.011978881433606148,0.002558491646445406,0.01269554947299621,0.0007920218049548566,2.5293233394622803
839277350,Std-XY p=4,0,spsa,sequential,2,random_shared_stream,95,120,5,8,6.019435405731201,207,1.2010893821716309,0.4246492385864258,0.18032696843147278,0.18032696843147278,0.18032696843147278,0.0024858348515558217,0.012626410699612943,0.0029857095796614885,2.563014507293701
839277350,Std-XY p=4,0,spsa,sequential,2,random_shared_stream,100,120,5,8,5.9892449378967285,217,0.6104550957679749,0.21582847833633423,0.04367056116461754,0.04658193141222,0.03493645042181015,0.002418421845098823,0.012561167176266359,0.0014763380168005824,2.5984690189361572
839277350,Std-XY p=4,0,spsa,sequential,2,random_shared_stream,105,120,5,8,5.948227405548096,227,0.07143042236566544,0.025254469364881516,0.0005979264387860894,0.0006377882091328502,0.00047834115684963763,0.002355664395912495,0.01249942043693397,0.00016826612409204245,2.6348788738250732
839277350,Std-XY p=4,0,spsa,sequential,2,random_shared_stream,110,120,5,8,5.905229568481445,237,6.468174934387207,2.2868452072143555,3.922245740890503,3.922245740890503,3.922245740890503,0.0022970618480125924,0.012440829393713411,0.01485779881477356,2.670874834060669
839277350,Std-XY p=4,0,spsa,sequential,2,random_shared_stream,115,120,5,8,5.861613750457764,247,13.25825309753418,4.687500476837158,9.613039016723633,0.0,16.479496002197266,0.0022421851231622684,0.012385099893453082,0.02972746081650257,2.7080676555633545
839277350,Std-XY p=4,0,spsa,sequential,2,random_shared_stream,120,120,5,8,5.856877326965332,257,7.089652061462402,2.50657057762146,4.712172031402588,4.712172031402588,4.712172031402588,0.002190664145058625,0.012331976538504544,0.015531046316027641,2.7424566745758057
839277350,Std-XY p=4,0,spsa,sequential,3,random_shared_stream,1,120,5,8,7.778773307800293,19,10.18932056427002,3.602468967437744,9.733336448669434,0.0,12.977782249450684,0.016570573000804924,0.02,0.1688428819179535,2.805959939956665
839277350,Std-XY p=4,0,spsa,sequential,3,random_shared_stream,5,120,5,8,7.680995941162109,27,1.4643806219100952,0.5177367329597473,0.20103849470615387,0.20103849470615387,0.20103849470615387,0.014099417599435126,0.016999416915812672,0.020646914839744568,2.836573600769043
839277350,Std-XY p=4,0,spsa,sequential,3,random_shared_stream,10,120,5,8,7.639779567718506,37,3.0331215858459473,1.0723704099655151,0.8624837398529053,0.8624837398529053,0.8624837398529053,0.012072382039708241,0.015850026609609436,0.03661700338125229,2.8739748001098633
839277350,Std-XY p=4,0,spsa,sequential,3,random_shared_stream,15,120,5,8,7.6255927085876465,47,0.42755061388015747,0.15116196870803833,0.021421821787953377,0.01713745668530464,0.02284994162619114,0.010672113573526836,0.015214047873475552,0.004562868736684322,2.909666061401367
839277350,Std-XY p=4,0,spsa,sequential,3,random_shared_stream,20,120,5,8,7.603022575378418,57,3.171074151992798,1.1211440563201904,1.2569639682769775,1.2569639682769775,1.2569639682769775,0.009634543401391353,0.014778350620464044,0.030551852658391,2.9444968700408936
839277350,Std-XY p=4,0,spsa,sequential,3,random_shared_stream,25,120,5,8,7.577199935913086,67,0.43067991733551025,0.15226835012435913,0.021736545488238335,0.017389237880706787,0.023185649886727333,0.008828237060071813,0.014449008773880907,0.0038021442014724016,2.980395793914795
839277350,Std-XY p=4,0,spsa,sequential,3,random_shared_stream,30,120,5,8,7.572988510131836,77,2.6017751693725586,0.9198664426803589,0.7932696342468262,0.6346157193183899,0.8461542725563049,0.008179661877093632,0.014185372641231635,0.021281640976667404,3.0172297954559326
839277350,Std-XY p=4,0,spsa,sequential,3,random_shared_stream,35,120,5,8,7.551064968109131,87,0.32191145420074463,0.1138128861784935,0.012143786996603012,0.012953372672200203,0.00971502996981144,0.007644137914604053,0.013966227856027484,0.0024607356172055006,3.0536293983459473
839277350,Std-XY p=4,0,spsa,sequential,3,random_shared_stream,40,120,5,8,7.543698310852051,97,1.7146587371826172,0.6062234044075012,0.16078422963619232,0.2756301164627075,0.0,0.0071927905081992415,0.013779134410346052,0.012333180755376816,3.09013032913208
839277350,Std-XY p=4,0,spsa,sequential,3,random_shared_stream,45,120,5,8,7.525352478027344,107,0.8594669103622437,0.3038674294948578,0.08656445890665054,0.06925156712532043,0.09233541786670685,0.00680604413932072,0.013616187769422706,0.005849569104611874,3.1273741722106934
839277350,Std-XY p=4,0,spsa,sequential,3,random_shared_stream,50,120,5,8,7.525352478027344,117,0.8983444571495056,0.31761273741722107,0.10087785124778748,0.0756583884358406,0.0756583884358406,0.006470109449634763,0.013472060523173781,0.005812386982142925,3.1628026962280273
839277350,Std-XY p=4,0,spsa,sequential,3,random_shared_stream,55,120,5,8,7.514720916748047,127,2.223236560821533,0.7860328555107117,0.4633857011795044,0.6178476214408875,0.0,0.006174963476593985,0.01334299625175472,0.013728405348956585,3.1972851753234863
839277350,Std-XY p=4,0,spsa,sequential,3,random_shared_stream,60,120,5,8,7.510401725769043,137,1.0280754566192627,0.3634795844554901,0.12386006861925125,0.1321174055337906,0.09908805787563324,0.00591312774678942,0.013226249755755135,0.006079141516238451,3.233346462249756
839277350,Std-XY p=4,0,spsa,sequential,3,random_shared_stream,65,120,5,8,7.480784893035889,147,4.573686122894287,1.6170423030853271,2.451399087905884,2.61482572555542,1.961119294166565,0.005678897209877855,0.01311975565249048,0.025973495095968246,3.269974708557129
839277350,Std-XY p=4,0,spsa,sequential,3,random_shared_stream,70,120,5,8,7.439976692199707,157,1.6617000102996826,0.5874996781349182,0.34515586495399475,0.34515586495399475,0.34515586495399475,0.005467836065985876,0.013021922119457682,0.009085903875529766,3.305079698562622
839277350,Std-XY p=4,0,spsa,sequential,3,random_shared_stream,75,120,5,8,7.221333026885986,167,7.411250114440918,2.620272636413574,5.149371147155762,0.0,6.865828514099121,0.005276437938642757,0.01293149713891721,0.03910500183701515,3.342811107635498
839277350,Std-XY p=4,0,spsa,sequential,3,random_shared_stream,80,120,5,8,7.1531596183776855,177,5.607280731201172,1.9824731349945068,2.9476497173309326,0.0,3.93019962310791,0.005101890724213601,0.012847478719003411,0.02860773354768753,3.377520799636841
839277350,Std-XY p=4,0,spsa,sequential,3,random_shared_stream,85,120,5,8,7.069788932800293,187,10.499139785766602,3.7120065689086914,13.778992652893066,13.778992652893066,13.778992652893066,0.004941910096066612,0.012769052840860788,0.051885806024074554,3.412952423095703
839277350,Std-XY p=4,0,spsa,sequential,3,random_shared_stream,90,120,5,8,6.89381742477417,197,13.350958824157715,4.720276832580566,20.888450622558594,22.28101348876953,16.71076011657715,0.004794619209242934,0.01269554947299621,0.06401275843381882,3.448864459991455
839277350,Std-XY p=4,0,spsa,sequential,3,random_shared_stream,95,120,5,8,6.821348667144775,207,4.109948635101318,1.453086256980896,1.979493498802185,2.111459732055664,1.583594799041748,0.004658460209097822,0.012626410699612943,0.019146032631397247,3.485644578933716
839277350,Std-XY p=4,0,spsa,sequential,3,random_shared_stream,100,120,5,8,6.785205364227295,217,3.0060524940490723,1.0628000497817993,1.0589474439620972,1.1295439004898071,0.8471579551696777,0.004532128080493611,0.012561167176266359,0.013623815029859543,3.5216329097747803
839277350,Std-XY p=4,0,spsa,sequential,3,random_shared_stream,105,120,5,8,6.707988739013672,227,6.9302077293396,2.4501984119415283,6.003472328186035,4.5026044845581055,4.5026044845581055,0.004414520476884702,0.01249942043693397,0.030593544244766235,3.5580034255981445
839277350,Std-XY p=4,0,spsa,sequential,3,random_shared_stream,110,120,5,8,6.621384143829346,237,6.686131477355957,2.3639044761657715,5.588044166564941,4.191033363342285,4.191033363342285,0.004304699167809168,0.012440829393713411,0.02878178469836712,3.5951929092407227
839277350,Std-XY p=4,0,spsa,sequential,3,random_shared_stream,115,120,5,8,6.608445167541504,247,0.6993904113769531,0.2472718507051468,0.06114336848258972,0.04585752636194229,0.04585752636194229,0.004201860059667754,0.012385099893453082,0.0029387406539171934,3.631134271621704
839277350,Std-XY p=4,0,spsa,sequential,3,random_shared_stream,120,120,5,8,6.596405029296875,257,2.218817710876465,0.7844705581665039,0.5769319534301758,0.46154552698135376,0.0,0.004105309628620653,0.012331976538504544,0.009108933620154858,3.665031671524048
839277350,Std-XY p=4,0,spsa,sequential,4,continuation,1,120,5,8,0.38886475563049316,19,3.6792385578155518,1.300807237625122,1.269074559211731,0.0,1.6920994520187378,0.018107160893301295,0.02,0.06662056595087051,3.730076789855957
839277350,Std-XY p=4,0,spsa,sequential,4,continuation,5,120,5,8,0.38886475563049316,27,75.53418731689453,26.705368041992188,668.6031494140625,534.8825073242188,713.1766967773438,0.015406855451674145,0.016999416915812672,0.25,3.759469985961914
839277350,Std-XY p=4,0,spsa,sequential,4,continuation,10,120,5,8,0.38886475563049316,37,11.616065979003906,4.106899738311768,15.812460899353027,16.86662483215332,12.649969100952148,0.013191853048641079,0.015850026609609436,0.15323743224143982,3.7950279712677
839277350,Std-XY p=4,0,spsa,sequential,4,continuation,15,120,5,8,0.38886475563049316,47,233.09983825683594,82.41323852539062,6367.44580078125,5093.95654296875,6791.94189453125,0.011661737800982999,0.015214047873475552,0.25,3.8424646854400635
839277350,Std-XY p=4,0,spsa,sequential,4,continuation,20,120,5,8,0.38886475563049316,57,53.76539611816406,19.00893783569336,271.0047912597656,0.0,361.3397216796875,0.010527953830806779,0.014778350620464044,0.25,3.8777945041656494
839277350,Std-XY p=4,0,spsa,sequential,4,continuation,25,120,5,8,0.38886475563049316,67,52.98833465576172,18.73420524597168,350.970458984375,350.970458984375,350.970458984375,0.00964687876775055,0.014449008773880907,0.25,3.9143564701080322
839277350,Std-XY p=4,0,spsa,sequential,4,continuation,30,120,5,8,0.38886475563049316,77,52.68012619018555,18.62523651123047,260.1745910644531,260.1745910644531,260.1745910644531,0.008938161260575764,0.014185372641231635,0.25,3.949376106262207
839277350,Std-XY p=4,0,spsa,sequential,4,continuation,35,120,5,8,0.38886475563049316,87,70.31362915039062,24.859622955322266,579.3757934570312,618.0008544921875,463.5006408691406,0.008352978204410716,0.013966227856027484,0.25,3.985107421875
839277350,Std-XY p=4,0,spsa,sequential,4,continuation,40,120,5,8,0.38886475563049316,97,25.010887145996094,8.842683792114258,73.30598449707031,78.19305419921875,58.64479064941406,0.007859777389559645,0.013779134410346052,0.19658000767230988,4.020097970962524
839277350,Std-XY p=4,0,spsa,sequential,4,continuation,45,120,5,8,0.38886475563049316,107,105.29808807373047,37.22849655151367,1299.33837890625,1385.9609375,1039.470703125,0.007437168061213349,0.013616187769422706,0.25,4.056062698364258
839277350,Std-XY p=4,0,spsa,sequential,4,continuation,50,120,5,8,0.38886475563049316,117,148.93983459472656,52.658180236816406,2772.884033203125,2079.6630859375,2079.6630859375,0.007070082174956465,0.013472060523173781,0.25,4.092222690582275
839277350,Std-XY p=4,0,spsa,sequential,4,continuation,55,120,5,8,0.38886475563049316,127,160.6845703125,56.81057357788086,2420.580810546875,2420.580810546875,2420.580810546875,0.006747567339736239,0.01334299625175472,0.25,4.127587795257568
839277350,Std-XY p=4,0,spsa,sequential,4,continuation,60,120,5,8,0.38886475563049316,137,43.95660400390625,15.541006088256836,226.42770385742188,241.5228729248047,181.14215087890625,0.0064614516039100895,0.013226249755755135,0.25,4.162772178649902
839277350,Std-XY p=4,0,spsa,sequential,4,continuation,65,120,5,8,0.38886475563049316,147,65.4300308227539,23.133010864257812,501.6901550292969,401.35211181640625,535.1361694335938,0.0062055008882784665,0.01311975565249048,0.25,4.198017120361328
839277350,Std-XY p=4,0,spsa,sequential,4,continuation,70,120,5,8,0.38886475563049316,157,65.70064544677734,23.22868537902832,404.67889404296875,0.0,539.5718383789062,0.005974868061604903,0.013021922119457682,0.25,4.232951641082764
839277350,Std-XY p=4,0,spsa,sequential,4,continuation,75,120,5,8,0.38886475563049316,167,89.6994857788086,31.713558197021484,942.890380859375,1005.749755859375,754.3123168945312,0.005765721601412484,0.01293149713891721,0.25,4.269074440002441
839277350,Std-XY p=4,0,spsa,sequential,4,continuation,80,120,5,8,0.38886475563049316,177,79.91015625,28.252506256103516,748.31640625,0.0,598.653076171875,0.005574988637923969,0.012847478719003411,0.25,4.303750991821289
839277350,Std-XY p=4,0,spsa,sequential,4,continuation,85,120,5,8,0.38886475563049316,187,15.104122161865234,5.340113639831543,26.734512329101562,21.387609481811523,0.0,0.0054001730190839795,0.012769052840860788,0.08156487345695496,4.339280605316162
839277350,Std-XY p=4,0,spsa,sequential,4,continuation,90,120,5,8,0.38886475563049316,197,326.43450927734375,115.41202545166016,12487.439453125,9989.951171875,13319.935546875,0.005239223860252608,0.01269554947299621,0.25,4.374870777130127
839277350,Std-XY p=4,0,spsa,sequential,4,continuation,95,120,5,8,0.38886475563049316,207,281.8334045410156,99.64315795898438,9928.7587890625,9928.7587890625,9928.7587890625,0.0050904388470500595,0.012626410699612943,0.25,4.412116050720215
839277350,Std-XY p=4,0,spsa,sequential,4,continuation,100,120,5,8,0.38886475563049316,217,57.72255325317383,20.408004760742188,390.4562683105469,312.364990234375,416.4866638183594,0.004952391950390628,0.012561167176266359,0.25,4.448135852813721
839277350,Std-XY p=4,0,spsa,sequential,4,continuation,105,120,5,8,0.38886475563049316,227,52.4904899597168,18.558191299438477,322.88104248046875,258.3048400878906,344.4064636230469,0.00482387860322281,0.01249942043693397,0.25,4.483039379119873
839277350,Std-XY p=4,0,spsa,sequential,4,continuation,110,120,5,8,0.38886475563049316,237,49.925106048583984,17.65118980407715,233.6733856201172,0.0,311.56451416015625,0.00470387357304992,0.012440829393713411,0.23484140634536743,4.518346548080444
839277350,Std-XY p=4,0,spsa,sequential,4,continuation,115,120,5,8,0.38886475563049316,247,5.9573140144348145,2.1062285900115967,4.436198711395264,3.327148914337158,3.327148914337158,0.004591498202738361,0.012385099893453082,0.027352996170520782,4.554440975189209
839277350,Std-XY p=4,0,spsa,sequential,4,continuation,120,120,5,8,0.38886475563049316,257,27.151920318603516,9.599653244018555,86.39375305175781,0.0,69.11500549316406,0.004485994658038818,0.012331976538504544,0.12180335819721222,4.589518070220947
839277350,Std-XY p=5,0,spsa,sequential,0,deterministic_linear_ramp,1,120,5,10,12.901877403259277,19,105.71012878417969,33.4284782409668,1117.463134765625,1072.7646484375,1072.7646484375,0.0016068387740817563,0.02,0.1698591411113739,0.0698087215423584
839277350,Std-XY p=5,0,spsa,sequential,0,deterministic_linear_ramp,5,120,5,10,11.80493450164795,27,1.0417227745056152,0.32942163944244385,0.10851861536502838,0.10417786985635757,0.10417786985635757,0.0013672122798434657,0.016999416915812672,0.0014242561301216483,0.10465335845947266
839277350,Std-XY p=5,0,spsa,sequential,0,deterministic_linear_ramp,10,120,5,10,7.286863803863525,37,102.34566497802734,32.364540100097656,670.3766479492188,1005.5650634765625,0.0,0.0011706518269458226,0.015850026609609436,0.11981114745140076,0.14905309677124023
839277350,Std-XY p=5,0,spsa,sequential,0,deterministic_linear_ramp,15,120,5,10,4.517638683319092,47,41.70826721191406,13.189312934875488,173.95797729492188,166.99966430664062,166.99966430664062,0.0010348686126010333,0.015214047873475552,0.04316258057951927,0.1917893886566162
839277350,Std-XY p=5,0,spsa,sequential,0,deterministic_linear_ramp,20,120,5,10,3.489860773086548,57,37.955684661865234,12.002642631530762,138.3008575439453,138.30087280273438,138.30087280273438,0.000934256039738466,0.014778350620464044,0.03546033054590225,0.23145604133605957
839277350,Std-XY p=5,0,spsa,sequential,0,deterministic_linear_ramp,25,120,5,10,2.722975969314575,67,103.84622192382812,32.83905792236328,905.8591918945312,0.0,1035.267578125,0.0008560689853163105,0.014449008773880907,0.08889953047037125,0.2700839042663574
839277350,Std-XY p=5,0,spsa,sequential,0,deterministic_linear_ramp,30,120,5,10,2.1026113033294678,77,26.3038272857666,8.318000793457031,66.42157745361328,66.42157745361328,66.42157745361328,0.000793177029083663,0.014185372641231635,0.020863592624664307,0.30258798599243164
839277350,Std-XY p=5,0,spsa,sequential,0,deterministic_linear_ramp,35,120,5,10,2.1026113033294678,87,1.5323485136032104,0.4845711290836334,0.1972397267818451,0.22541682422161102,0.15027788281440735,0.0007412475835939772,0.013966227856027484,0.0011358496267348528,0.33827948570251465
839277350,Std-XY p=5,0,spsa,sequential,0,deterministic_linear_ramp,40,120,5,10,2.042956590652466,97,32.1616096496582,10.170393943786621,99.2994384765625,99.2994384765625,99.29944610595703,0.0006974806895247584,0.013779134410346052,0.022432101890444756,0.37421584129333496
839277350,Std-XY p=5,0,spsa,sequential,0,deterministic_linear_ramp,45,120,5,10,1.975648283958435,107,30.435779571533203,9.624638557434082,88.92832946777344,88.9283218383789,88.9283218383789,0.0006599781202883688,0.013616187769422706,0.020086949691176414,0.41011881828308105
839277350,Std-XY p=5,0,spsa,sequential,0,deterministic_linear_ramp,50,120,5,10,1.8670523166656494,117,18.28243064880371,5.781412124633789,33.42472457885742,21.391822814941406,21.391822814941406,0.0006274027298706508,0.013472060523173781,0.011470447294414043,0.4457831382751465
839277350,Std-XY p=5,0,spsa,sequential,0,deterministic_linear_ramp,55,120,5,10,1.8670523166656494,127,9.980786323547363,3.1562016010284424,6.375430107116699,6.375429630279541,6.375429630279541,0.0005987825974544106,0.01334299625175472,0.005976321175694466,0.48140573501586914
839277350,Std-XY p=5,0,spsa,sequential,0,deterministic_linear_ramp,60,120,5,10,1.7707353830337524,137,18.747346878051758,5.928431510925293,22.493633270263672,0.0,33.740447998046875,0.0005733925398462922,0.013226249755755135,0.01074958872050047,0.5155861377716064
839277350,Std-XY p=5,0,spsa,sequential,0,deterministic_linear_ramp,65,120,5,10,1.7707353830337524,147,13.581145286560059,4.294735908508301,17.70696258544922,17.706960678100586,11.804640769958496,0.0005506793416505985,0.01311975565249048,0.007478856015950441,0.5557971000671387
839277350,Std-XY p=5,0,spsa,sequential,0,deterministic_linear_ramp,70,120,5,10,1.6683540344238281,157,5.375181198120117,1.6997816562652588,1.849124550819397,1.849124550819397,1.849124550819397,0.0005302128659474827,0.013021922119457682,0.002849990501999855,0.596653938293457
839277350,Std-XY p=5,0,spsa,sequential,0,deterministic_linear_ramp,75,120,5,10,1.6683540344238281,167,4.285682201385498,1.3552517890930176,1.5428341627120972,0.0,1.7632389068603516,0.0005116531014609667,0.01293149713891721,0.0021927827037870884,0.6394927501678467
839277350,Std-XY p=5,0,spsa,sequential,0,deterministic_linear_ramp,80,120,5,10,1.6683540344238281,177,13.638035774230957,4.312726020812988,6.69585657119751,11.903745651245117,0.0,0.0004947273601459798,0.012847478719003411,0.00674710888415575,0.681567907333374
839277350,Std-XY p=5,0,spsa,sequential,0,deterministic_linear_ramp,85,120,5,10,1.6683540344238281,187,17.17876625061035,5.432402610778809,28.330556869506836,28.330556869506836,28.330556869506836,0.00047921413218481935,0.012769052840860788,0.008232306689023972,0.7223906517028809
839277350,Std-XY p=5,0,spsa,sequential,0,deterministic_linear_ramp,90,120,5,10,1.6238666772842407,197,13.186799049377441,4.170032024383545,17.38916778564453,11.129067420959473,11.129067420959473,0.0004649314210193287,0.01269554947299621,0.006130957510322332,0.7631399631500244
839277350,Std-XY p=5,0,spsa,sequential,0,deterministic_linear_ramp,95,120,5,10,1.5790077447891235,207,9.89072322845459,3.1277213096618652,9.391334533691406,9.391334533691406,9.391335487365723,0.00045172816239557803,0.012626410699612943,0.004467918071895838,0.8052718639373779
839277350,Std-XY p=5,0,spsa,sequential,0,deterministic_linear_ramp,100,120,5,10,1.5790077447891235,217,17.664295196533203,5.585940361022949,31.20273208618164,29.95462417602539,29.95462417602539,0.0004394778097587881,0.012561167176266359,0.00776306539773941,0.8469412326812744
839277350,Std-XY p=5,0,spsa,sequential,0,deterministic_linear_ramp,105,120,5,10,1.5790077447891235,227,7.545266628265381,2.3860230445861816,5.6931047439575195,5.465380668640137,5.465380668640137,0.0004280734692090405,0.01249942043693397,0.0032299282029271126,0.8877115249633789
839277350,Std-XY p=5,0,spsa,sequential,0,deterministic_linear_ramp,110,120,5,10,1.5486900806427002,237,1.7205663919448853,0.5440908670425415,0.2841934561729431,0.1894623190164566,0.2841934561729431,0.0004174241610870816,0.012440829393713411,0.0007182059925980866,0.9294571876525879
839277350,Std-XY p=5,0,spsa,sequential,0,deterministic_linear_ramp,115,120,5,10,1.4901727437973022,247,14.269288063049316,4.512345314025879,19.546810150146484,19.546810150146484,19.546810150146484,0.0004074519129067934,0.012385099893453082,0.005814048927277327,0.9701335430145264
839277350,Std-XY p=5,0,spsa,sequential,0,deterministic_linear_ramp,120,120,5,10,1.463789701461792,257,22.73000717163086,7.187860012054443,43.39887237548828,33.0658073425293,49.59871292114258,0.00039808947406697455,0.012331976538504544,0.009048576466739178,1.012030839920044
839277350,Std-XY p=5,0,spsa,sequential,1,random_shared_stream,1,120,5,10,7.597132682800293,19,4.630056381225586,1.4641523361206055,1.8007434606552124,1.371994972229004,2.057992458343506,0.03156406517800534,0.02,0.14614340662956238,1.092989206314087
839277350,Std-XY p=5,0,spsa,sequential,1,random_shared_stream,5,120,5,10,7.56810188293457,27,3.808089256286621,1.2042235136032104,1.3921482563018799,0.9280987977981567,1.3921481370925903,0.026856943091760805,0.016999416915812672,0.10227363556623459,1.1267354488372803
839277350,Std-XY p=5,0,spsa,sequential,1,random_shared_stream,10,120,5,10,7.525036334991455,37,0.6388787627220154,0.202031210064888,0.03918394818902016,0.026122629642486572,0.03918394818902016,0.022995792211688886,0.015850026609609436,0.01469152420759201,1.1698296070098877
839277350,Std-XY p=5,0,spsa,sequential,1,random_shared_stream,15,120,5,10,7.52039909362793,47,0.8220330476760864,0.2599496841430664,0.056762028485536575,0.06487087905406952,0.04324725642800331,0.020328523847999318,0.015214047873475552,0.016710719093680382,1.2138047218322754
839277350,Std-XY p=5,0,spsa,sequential,1,random_shared_stream,20,120,5,10,7.514358043670654,57,0.9824325442314148,0.31067249178886414,0.08107460290193558,0.0926566869020462,0.06177111715078354,0.018352132775798755,0.014778350620464044,0.01802973262965679,1.2569468021392822
839277350,Std-XY p=5,0,spsa,sequential,1,random_shared_stream,25,120,5,10,7.506200790405273,67,0.6820937991142273,0.2156970053911209,0.04652518779039383,0.02977612242102623,0.02977612242102623,0.016816259157571265,0.014449008773880907,0.011470265686511993,1.3110265731811523
839277350,Std-XY p=5,0,spsa,sequential,1,random_shared_stream,30,120,5,10,7.506200790405273,77,0.5834754109382629,0.18451112508773804,0.03268257901072502,0.02178838662803173,0.03268257901072502,0.015580836016357884,0.014185372641231635,0.009091034531593323,1.3511462211608887
839277350,Std-XY p=5,0,spsa,sequential,1,random_shared_stream,35,120,5,10,7.5032243728637695,87,0.9889236092567444,0.31272512674331665,0.08214946836233139,0.09388510137796402,0.06259007006883621,0.014560755826277333,0.013966227856027484,0.01439947634935379,1.3925414085388184
839277350,Std-XY p=5,0,spsa,sequential,1,random_shared_stream,40,120,5,10,7.500601768493652,97,0.19812838733196259,0.06265369802713394,0.0037684664130210876,0.003768466878682375,0.0025123110972344875,0.013701017363823854,0.013779134410346052,0.002714560367166996,1.4329566955566406
839277350,Std-XY p=5,0,spsa,sequential,1,random_shared_stream,45,120,5,10,7.500601768493652,107,0.1387050449848175,0.04386238753795624,0.0019239091780036688,0.0018469527130946517,0.0018469527130946517,0.012964332664142946,0.013616187769422706,0.0017982183489948511,1.472914457321167
839277350,Std-XY p=5,0,spsa,sequential,1,random_shared_stream,50,120,5,10,7.493777275085449,117,0.8120884895324707,0.2568049430847168,0.05539696663618088,0.0,0.06331082433462143,0.012324435393222654,0.013472060523173781,0.010008532553911209,1.5159258842468262
839277350,Std-XY p=5,0,spsa,sequential,1,random_shared_stream,55,120,5,10,7.493287563323975,127,0.7684112191200256,0.24299298226833344,0.03778917342424393,0.03778917342424393,0.03778917342424393,0.01176223354723746,0.01334299625175472,0.009038232266902924,1.5565032958984375
839277350,Std-XY p=5,0,spsa,sequential,1,random_shared_stream,60,120,5,10,7.493287563323975,137,0.30742114782333374,0.09721510857343674,0.007938653230667114,0.009072746150195599,0.006048497743904591,0.011263481932487603,0.013226249755755135,0.003462632652372122,1.5968163013458252
839277350,Std-XY p=5,0,spsa,sequential,1,random_shared_stream,65,120,5,10,7.491736888885498,147,0.4474337697029114,0.14149098098278046,0.01681654527783394,0.012812606990337372,0.019218910485506058,0.010817313418375465,0.01311975565249048,0.004840031266212463,1.637390375137329
839277350,Std-XY p=5,0,spsa,sequential,1,random_shared_stream,70,120,5,10,7.490082740783691,157,1.2101880311965942,0.3826950490474701,0.12302261590957642,0.14059726893901825,0.0,0.010415278576126667,0.013021922119457682,0.012604444287717342,1.6789677143096924
839277350,Std-XY p=5,0,spsa,sequential,1,random_shared_stream,75,120,5,10,7.486677169799805,167,0.7468038201332092,0.23616008460521698,0.053540728986263275,0.053540728986263275,0.053540728986263275,0.010050698367215793,0.01293149713891721,0.007505899295210838,1.7206637859344482
839277350,Std-XY p=5,0,spsa,sequential,1,random_shared_stream,80,120,5,10,7.486677169799805,177,0.49811264872550964,0.15751706063747406,0.02084176428616047,0.02381915971636772,0.015879439190030098,0.009718216222354928,0.012847478719003411,0.00484076701104641,1.7611136436462402
839277350,Std-XY p=5,0,spsa,sequential,1,random_shared_stream,85,120,5,10,7.485198497772217,187,1.193294882774353,0.3773529529571533,0.1423952579498291,0.13669945299625397,0.13669943809509277,0.009413480895833357,0.012769052840860788,0.011233057826757431,1.8009684085845947
839277350,Std-XY p=5,0,spsa,sequential,1,random_shared_stream,90,120,5,10,7.479244709014893,197,0.3335746228694916,0.10548555850982666,0.011127201840281487,0.010682115331292152,0.010682115331292152,0.009132917323794964,0.01269554947299621,0.0030465093441307545,1.8431339263916016
839277350,Std-XY p=5,0,spsa,sequential,1,random_shared_stream,95,120,5,10,7.479244709014893,207,0.19083893299102783,0.06034856662154198,0.003496271325275302,0.003496271325275302,0.0034962717909365892,0.008873558063560357,0.012626410699612943,0.0016934201121330261,1.8839097023010254
839277350,Std-XY p=5,0,spsa,sequential,1,random_shared_stream,100,120,5,10,7.477299213409424,217,0.48683804273605347,0.1539517045021057,0.02275308221578598,0.015168721787631512,0.02275308221578598,0.008632917287822197,0.012561167176266359,0.004202832002192736,1.9240097999572754
839277350,Std-XY p=5,0,spsa,sequential,1,random_shared_stream,105,120,5,10,7.475497722625732,227,0.16877105832099915,0.053370095789432526,0.0028483669739216566,0.0027344319969415665,0.0027344319969415665,0.008408895217760993,0.01249942043693397,0.0014191779773682356,1.9638822078704834
839277350,Std-XY p=5,0,spsa,sequential,1,random_shared_stream,110,120,5,10,7.474925994873047,237,0.5745726227760315,0.18169580399990082,0.02773122861981392,0.02112855389714241,0.031692832708358765,0.008199704687208691,0.012440829393713411,0.004711325746029615,2.0055367946624756
839277350,Std-XY p=5,0,spsa,sequential,1,random_shared_stream,115,120,5,10,7.473038673400879,247,0.6771759390830994,0.214141845703125,0.03851965069770813,0.0,0.044022463262081146,0.008003814037436602,0.012385099893453082,0.0054199909791350365,2.047835111618042
839277350,Std-XY p=5,0,spsa,sequential,1,random_shared_stream,120,120,5,10,7.467332363128662,257,0.8748770952224731,0.2766604423522949,0.07347936183214188,0.04898623749613762,0.07347936183214188,0.007819902225914624,0.012331976538504544,0.0068414537236094475,2.0890955924987793
839277350,Std-XY p=5,0,spsa,sequential,2,random_shared_stream,1,120,5,10,7.725574493408203,19,2.495145559310913,0.789034366607666,0.5976722240447998,0.5976722240447998,0.3984481394290924,0.06355089832244758,0.02,0.15856875479221344,2.1679720878601074
839277350,Std-XY p=5,0,spsa,sequential,2,random_shared_stream,5,120,5,10,7.725574493408203,27,0.29045650362968445,0.0918504148721695,0.008436497300863266,0.00809903722256422,0.00809903722256422,0.05407360712414137,0.016999416915812672,0.015706028789281845,2.201418876647949
839277350,Std-XY p=5,0,spsa,sequential,2,random_shared_stream,10,120,5,10,7.692727565765381,37,5.955400466918945,1.8832629919052124,2.97921085357666,2.2698750495910645,3.4048123359680176,0.046299589246429386,0.015850026609609436,0.25,2.2443573474884033
839277350,Std-XY p=5,0,spsa,sequential,2,random_shared_stream,15,120,5,10,7.634246349334717,47,0.9278349876403809,0.2934071719646454,0.05509617179632187,0.05509617179632187,0.05509617179632187,0.04092932722144682,0.015214047873475552,0.03797566145658493,2.2849206924438477
839277350,Std-XY p=5,0,spsa,sequential,2,random_shared_stream,20,120,5,10,7.621251106262207,57,1.420616865158081,0.44923850893974304,0.20181521773338318,0.1291617453098297,0.1291617453098297,0.036950073365313814,0.014778350620464044,0.052491892129182816,2.327256917953491
839277350,Std-XY p=5,0,spsa,sequential,2,random_shared_stream,25,120,5,10,7.621251106262207,67,2.9713761806488037,0.9396316409111023,0.741642415523529,0.5650609135627747,0.8475912809371948,0.033857754692238735,0.014449008773880907,0.10060413181781769,2.367039918899536
839277350,Std-XY p=5,0,spsa,sequential,2,random_shared_stream,30,120,5,10,7.621251106262207,77,0.616906464099884,0.19508294761180878,0.0380573570728302,0.03653506189584732,0.03653506562113762,0.03137036119619565,0.014185372641231635,0.01935257762670517,2.407846689224243
839277350,Std-XY p=5,0,spsa,sequential,2,random_shared_stream,35,120,5,10,7.621251106262207,87,5.246331691741943,1.6590359210968018,2.642303943634033,2.642303705215454,1.761535882949829,0.029316537898247157,0.013966227856027484,0.15380428731441498,2.4474713802337646
839277350,Std-XY p=5,0,spsa,sequential,2,random_shared_stream,40,120,5,10,7.621073246002197,97,3.374420404434204,1.0670855045318604,1.093124508857727,1.0931243896484375,1.093124508857727,0.02758554566695019,0.013779134410346052,0.09308522939682007,2.488858938217163
839277350,Std-XY p=5,0,spsa,sequential,2,random_shared_stream,45,120,5,10,7.6090407371521,107,1.1691645383834839,0.36972230672836304,0.13669458031654358,0.1312268078327179,0.1312268078327179,0.0261023091389206,0.013616187769422706,0.030517898499965668,2.530791759490967
839277350,Std-XY p=5,0,spsa,sequential,2,random_shared_stream,50,120,5,10,7.593514442443848,117,5.667830944061279,1.7923256158828735,3.212430477142334,3.0839333534240723,3.0839333534240723,0.02481394383579088,0.013472060523173781,0.1406412422657013,2.572138786315918
839277350,Std-XY p=5,0,spsa,sequential,2,random_shared_stream,55,120,5,10,7.568704605102539,127,2.357952833175659,0.7456501722335815,0.46703511476516724,0.5337543487548828,0.35583627223968506,0.023682010032289744,0.01334299625175472,0.05584106594324112,2.6116275787353516
839277350,Std-XY p=5,0,spsa,sequential,2,random_shared_stream,60,120,5,10,7.563436031341553,137,6.100654125213623,1.9291962385177612,3.126310348510742,2.381950855255127,3.5729262828826904,0.022677826541399874,0.013226249755755135,0.13834957778453827,2.653667449951172
839277350,Std-XY p=5,0,spsa,sequential,2,random_shared_stream,65,120,5,10,7.563436031341553,147,2.6073100566864014,0.8245038986206055,0.6798065900802612,0.4350762963294983,0.4350762367248535,0.0217795135479653,0.01311975565249048,0.0567859448492527,2.6948277950286865
839277350,Std-XY p=5,0,spsa,sequential,2,random_shared_stream,70,120,5,10,7.563436031341553,157,2.2003629207611084,0.6958158612251282,0.46479329466819763,0.3098621964454651,0.4647933542728424,0.020970059023088756,0.013021922119457682,0.046141739934682846,2.735535144805908
839277350,Std-XY p=5,0,spsa,sequential,2,random_shared_stream,75,120,5,10,7.563436031341553,167,4.262886047363281,1.3480428457260132,1.7445306777954102,1.163020372390747,1.7445309162139893,0.020236015430914932,0.01293149713891721,0.08626382052898407,2.775447130203247
839277350,Std-XY p=5,0,spsa,sequential,2,random_shared_stream,80,120,5,10,7.555174827575684,177,4.528670787811279,1.4320913553237915,1.7227439880371094,0.0,1.9688501358032227,0.019566597887169468,0.012847478719003411,0.0886106789112091,2.817572593688965
839277350,Std-XY p=5,0,spsa,sequential,2,random_shared_stream,85,120,5,10,7.555174827575684,187,2.180405378341675,0.6895047426223755,0.456400066614151,0.4564000070095062,0.4564000070095062,0.01895304562000063,0.012769052840860788,0.041325319558382034,2.8576958179473877
839277350,Std-XY p=5,0,spsa,sequential,2,random_shared_stream,90,120,5,10,7.555174827575684,197,2.240241289138794,0.7084265947341919,0.42156925797462463,0.4817934036254883,0.3211956024169922,0.018388160617418034,0.01269554947299621,0.041193921118974686,2.898698329925537
839277350,Std-XY p=5,0,spsa,sequential,2,random_shared_stream,95,120,5,10,7.54982852935791,207,1.2728168964385986,0.40250006318092346,0.15552601218223572,0.15552601218223572,0.15552601218223572,0.017865968248241198,0.012626410699612943,0.022740107029676437,2.9383575916290283
839277350,Std-XY p=5,0,spsa,sequential,2,random_shared_stream,100,120,5,10,7.544020175933838,217,0.41349121928215027,0.1307574063539505,0.01436190027743578,0.016413599252700806,0.010942399501800537,0.017381463562772887,0.012561167176266359,0.007187082897871733,2.981060743331909
839277350,Std-XY p=5,0,spsa,sequential,2,random_shared_stream,105,120,5,10,7.527181625366211,227,4.593673229217529,1.4526469707489014,2.0257761478424072,2.025775909423828,2.025775909423828,0.016930418879011293,0.01249942043693397,0.07777280360460281,3.0224404335021973
839277350,Std-XY p=5,0,spsa,sequential,2,random_shared_stream,110,120,5,10,7.520452499389648,237,1.8469833135604858,0.5840674638748169,0.21832624077796936,0.21832621097564697,0.21832621097564697,0.01650923592738021,0.012440829393713411,0.030492283403873444,3.0636367797851562
839277350,Std-XY p=5,0,spsa,sequential,2,random_shared_stream,115,120,5,10,7.514540195465088,247,1.1459760665893555,0.3623894453048706,0.12607307732105255,0.08404871821403503,0.12607307732105255,0.01611483087543972,0.012385099893453082,0.018467210233211517,3.105353593826294
839277350,Std-XY p=5,0,spsa,sequential,2,random_shared_stream,120,120,5,10,7.499869346618652,257,0.7653188109397888,0.2420150488615036,0.05622843652963638,0.05622843652963638,0.056228429079055786,0.015744543944132952,0.012331976538504544,0.012049595825374126,3.146900177001953
839277350,Std-XY p=5,0,spsa,sequential,3,random_shared_stream,1,120,5,10,7.773715972900391,19,2.442821741104126,0.7724881172180176,0.3819122314453125,0.0,0.5728683471679688,0.029357228973638856,0.02,0.07171448320150375,3.225844383239746
839277350,Std-XY p=5,0,spsa,sequential,3,random_shared_stream,5,120,5,10,7.764338493347168,27,6.212770938873291,1.9646507501602173,2.4703054428100586,2.4703054428100586,2.4703054428100586,0.02497921048605043,0.016999416915812672,0.1551901251077652,3.2599778175354004
839277350,Std-XY p=5,0,spsa,sequential,3,random_shared_stream,10,120,5,10,7.675021171569824,37,5.813126087188721,1.8382717370986938,2.1627156734466553,2.1627156734466553,2.1627156734466553,0.021388016200752043,0.015850026609609436,0.12433123588562012,3.3029253482818604
839277350,Std-XY p=5,0,spsa,sequential,3,random_shared_stream,15,120,5,10,7.629447937011719,47,1.1442455053329468,0.36184221506118774,0.12569257616996765,0.12569257616996765,0.12569257616996765,0.01890723282746394,0.015214047873475552,0.02163451537489891,3.3441288471221924
839277350,Std-XY p=5,0,spsa,sequential,3,random_shared_stream,20,120,5,10,7.51668643951416,57,7.2820515632629395,2.3027868270874023,5.30282735824585,5.090714454650879,5.090714454650879,0.01706902330277704,0.014778350620464044,0.12429749965667725,3.3836581707000732
839277350,Std-XY p=5,0,spsa,sequential,3,random_shared_stream,25,120,5,10,7.476853847503662,67,6.257657527923584,1.9788450002670288,3.289295196533203,3.7591941356658936,0.0,0.01564053197155603,0.014449008773880907,0.09787309169769287,3.424790859222412
839277350,Std-XY p=5,0,spsa,sequential,3,random_shared_stream,30,120,5,10,7.394874572753906,77,14.487015724182129,4.5811967849731445,13.431912422180176,13.431912422180176,13.431912422180176,0.014491484793019396,0.014185372641231635,0.20993836224079132,3.4671542644500732
839277350,Std-XY p=5,0,spsa,sequential,3,random_shared_stream,35,120,5,10,7.304852485656738,87,5.26986837387085,1.6664787530899048,2.3328070640563965,2.666065216064453,1.7773768901824951,0.013542724627217449,0.013966227856027484,0.07136838138103485,3.5084245204925537
839277350,Std-XY p=5,0,spsa,sequential,3,random_shared_stream,40,120,5,10,7.304852485656738,97,3.294260263442993,1.0417366027832031,0.9115806818008423,1.0418064594268799,0.6945376396179199,0.012743095721455383,0.013779134410346052,0.041979074478149414,3.547883987426758
839277350,Std-XY p=5,0,spsa,sequential,3,random_shared_stream,45,120,5,10,7.304852485656738,107,3.60882306098938,1.1412100791931152,1.0939826965332031,1.2502659559249878,0.83351069688797,0.012057917139801108,0.013616187769422706,0.04351489245891571,3.588670492172241
839277350,Std-XY p=5,0,spsa,sequential,3,random_shared_stream,50,120,5,10,7.28827428817749,117,2.6723763942718506,0.8450796008110046,0.6855931878089905,0.45706215500831604,0.6855932474136353,0.011462758987767385,0.013472060523173781,0.030632806941866875,3.629605770111084
839277350,Std-XY p=5,0,spsa,sequential,3,random_shared_stream,55,120,5,10,7.28827428817749,127,15.04224681854248,4.756776332855225,21.721843719482422,14.481228828430176,21.721843719482422,0.010939864099896902,0.01334299625175472,0.16456013917922974,3.672243595123291
839277350,Std-XY p=5,0,spsa,sequential,3,random_shared_stream,60,120,5,10,7.233070373535156,137,15.861576080322266,5.015870571136475,24.152599334716797,24.152599334716797,24.152599334716797,0.010475983250817087,0.013226249755755135,0.16616559028625488,3.712113380432129
839277350,Std-XY p=5,0,spsa,sequential,3,random_shared_stream,65,120,5,10,7.233070373535156,147,23.891963958740234,7.555302619934082,47.94937515258789,0.0,54.799285888671875,0.010061009097274106,0.01311975565249048,0.2403772473335266,3.7520289421081543
839277350,Std-XY p=5,0,spsa,sequential,3,random_shared_stream,70,120,5,10,7.233070373535156,157,4.284003257751465,1.3547207117080688,1.5416253805160522,1.7618573904037476,1.1745717525482178,0.0096870829615651,0.013021922119457682,0.04149949178099632,3.7939467430114746
839277350,Std-XY p=5,0,spsa,sequential,3,random_shared_stream,75,120,5,10,7.027064323425293,167,24.951141357421875,7.8902435302734375,59.76570510864258,59.76570510864258,59.76570510864258,0.00934799277746195,0.01293149713891721,0.23324307799339294,3.8356308937072754
839277350,Std-XY p=5,0,spsa,sequential,3,random_shared_stream,80,120,5,10,7.027064323425293,177,9.558680534362793,3.0227203369140625,7.6749444007873535,5.847576141357422,8.771364212036133,0.009038756486088161,0.012847478719003411,0.08639858663082123,3.875133752822876
839277350,Std-XY p=5,0,spsa,sequential,3,random_shared_stream,85,120,5,10,7.027064323425293,187,2.81974196434021,0.8916807174682617,0.5088604688644409,0.7632907032966614,0.0,0.00875532706384491,0.012769052840860788,0.024687763303518295,3.915384531021118
839277350,Std-XY p=5,0,spsa,sequential,3,random_shared_stream,90,120,5,10,7.027064323425293,197,41.597415924072266,13.154257774353027,110.7420883178711,0.0,166.11312866210938,0.008494379401383086,0.01269554947299621,0.25,3.957998037338257
839277350,Std-XY p=5,0,spsa,sequential,3,random_shared_stream,95,120,5,10,7.027064323425293,207,44.23677444458008,13.988896369934082,187.86166381835938,187.86166381835938,187.86166381835938,0.008253153528029909,0.012626410699612943,0.25,3.9982402324676514
839277350,Std-XY p=5,0,spsa,sequential,3,random_shared_stream,100,120,5,10,7.027064323425293,217,19.071794509887695,6.031031131744385,30.553600311279297,23.278934478759766,34.91840362548828,0.008029337415818166,0.012561167176266359,0.15313386917114258,4.0382630825042725
839277350,Std-XY p=5,0,spsa,sequential,3,random_shared_stream,105,120,5,10,7.027064323425293,227,3.856400489807129,1.2195008993148804,1.4276951551437378,1.4276950359344482,1.4276951551437378,0.007820978094265437,0.01249942043693397,0.030160823836922646,4.078851222991943
839277350,Std-XY p=5,0,spsa,sequential,3,random_shared_stream,110,120,5,10,7.027064323425293,237,10.77470588684082,3.407261371612549,11.145051956176758,7.4300336837768555,11.145051002502441,0.0076264133488846576,0.012440829393713411,0.08217235654592514,4.120370388031006
839277350,Std-XY p=5,0,spsa,sequential,3,random_shared_stream,115,120,5,10,7.027064323425293,247,32.84303283691406,10.385879516601562,38.831939697265625,69.03456115722656,0.0,0.007444218608545526,0.012385099893453082,0.24449072778224945,4.163033485412598
839277350,Std-XY p=5,0,spsa,sequential,3,random_shared_stream,120,120,5,10,6.877645492553711,257,38.55352783203125,12.191696166992188,124.85545349121094,0.0,142.6919708251953,0.00727316519285401,0.012331976538504544,0.25,4.202754974365234
839277350,Std-XY p=5,0,spsa,sequential,4,continuation,1,120,5,10,0.3888649046421051,19,1.6800880432128906,0.5312904715538025,0.27097877860069275,0.27097877860069275,0.27097877860069275,0.012274430521164866,0.02,0.020622123032808304,4.278605937957764
839277350,Std-XY p=5,0,spsa,sequential,4,continuation,5,120,5,10,0.3888649046421051,27,91.53872680664062,28.94708824157715,837.9337768554688,804.4163818359375,804.41650390625,0.01044395517914492,0.016999416915812672,0.25,4.312806129455566
839277350,Std-XY p=5,0,spsa,sequential,4,continuation,10,120,5,10,0.3888649046421051,37,29.47751808166504,9.321609497070312,86.89241027832031,83.41670989990234,83.41670227050781,0.008942455675139259,0.015850026609609436,0.25,4.356186628341675
839277350,Std-XY p=5,0,spsa,sequential,4,continuation,15,120,5,10,0.3888649046421051,47,27.819982528686523,8.79745101928711,65.01191711425781,49.53289031982422,74.29933166503906,0.0079052255203168,0.015214047873475552,0.2199232429265976,4.396718263626099
839277350,Std-XY p=5,0,spsa,sequential,4,continuation,20,120,5,10,0.3888649046421051,57,18.806310653686523,5.947077751159668,33.95302200317383,22.63534927368164,33.953025817871094,0.00713665928014566,0.014778350620464044,0.13421422243118286,4.439152479171753
839277350,Std-XY p=5,0,spsa,sequential,4,continuation,25,120,5,10,0.3888649046421051,67,165.18539428710938,52.23621368408203,2619.476806640625,1746.3177490234375,2619.476806640625,0.006539398632320109,0.014449008773880907,0.25,4.479079246520996
839277350,Std-XY p=5,0,spsa,sequential,4,continuation,30,120,5,10,0.3888649046421051,77,13.258784294128418,4.192795753479004,14.766810417175293,16.87635612487793,11.250903129577637,0.006058975232306677,0.014185372641231635,0.08033464103937149,4.519209861755371
839277350,Std-XY p=5,0,spsa,sequential,4,continuation,35,120,5,10,0.3888649046421051,87,215.96241760253906,68.2933120727539,3917.740234375,4477.41748046875,2984.94482421875,0.005662293013189816,0.013966227856027484,0.25,4.557948589324951
839277350,Std-XY p=5,0,spsa,sequential,4,continuation,40,120,5,10,0.3888649046421051,97,32.877220153808594,10.396689414978027,90.79656982421875,69.17832946777344,103.76750183105469,0.005327963453158627,0.013779134410346052,0.17516861855983734,4.601253509521484
839277350,Std-XY p=5,0,spsa,sequential,4,continuation,45,120,5,10,0.3888649046421051,107,24.689058303833008,7.807365417480469,60.9549560546875,58.516761779785156,58.516761779785156,0.005041486248424571,0.013616187769422706,0.12446954101324081,4.642377138137817
839277350,Std-XY p=5,0,spsa,sequential,4,continuation,50,120,5,10,0.3888649046421051,117,14.044973373413086,4.441411018371582,19.72612762451172,18.937084197998047,18.937084197998047,0.00479264711606632,0.013472060523173781,0.06731259822845459,4.683904409408569
839277350,Std-XY p=5,0,spsa,sequential,4,continuation,55,120,5,10,0.3888649046421051,127,2.427114963531494,0.7675211429595947,0.37701675295829773,0.5655251741409302,0.0,0.004574021680511698,0.01334299625175472,0.011101677082479,4.723265171051025
839277350,Std-XY p=5,0,spsa,sequential,4,continuation,60,120,5,10,0.3888649046421051,137,111.43854522705078,35.239967346191406,1192.180908203125,1192.1807861328125,1192.1807861328125,0.0043800703625163275,0.013226249755755135,0.25,4.759779214859009
839277350,Std-XY p=5,0,spsa,sequential,4,continuation,65,120,5,10,0.3888649046421051,147,38.24696350097656,12.094752311706543,122.87776184082031,93.62113952636719,140.4317169189453,0.004206567222273893,0.01311975565249048,0.1608884334564209,4.799092531204224
839277350,Std-XY p=5,0,spsa,sequential,4,continuation,70,120,5,10,0.3888649046421051,157,202.73757934570312,64.11125946044922,3945.842529296875,3945.84228515625,3945.842529296875,0.004050226500302853,0.013021922119457682,0.25,4.841665983200073
839277350,Std-XY p=5,0,spsa,sequential,4,continuation,75,120,5,10,0.3888649046421051,167,101.0627670288086,31.9588565826416,1021.3683471679688,980.513671875,980.513671875,0.003908450895087507,0.01293149713891721,0.25,4.883480548858643
839277350,Std-XY p=5,0,spsa,sequential,4,continuation,80,120,5,10,0.3888649046421051,177,89.80734252929688,28.39957618713379,774.2745361328125,516.1829833984375,774.2745361328125,0.0037791573784378735,0.012847478719003411,0.25,4.925675392150879
839277350,Std-XY p=5,0,spsa,sequential,4,continuation,85,120,5,10,0.3888649046421051,187,36.06776428222656,11.405628204345703,109.27421569824219,83.25654602050781,124.88481140136719,0.0036606538659264385,0.012769052840860788,0.1320316046476364,4.967551231384277
839277350,Std-XY p=5,0,spsa,sequential,4,continuation,90,120,5,10,0.3888649046421051,197,72.22184753417969,22.83855438232422,438.14361572265625,333.8236999511719,500.735595703125,0.0035515501097298256,0.01269554947299621,0.25,5.0095274448394775
839277350,Std-XY p=5,0,spsa,sequential,4,continuation,95,120,5,10,0.3888649046421051,207,133.10202026367188,42.09055709838867,1488.156494140625,1133.8336181640625,1700.7506103515625,0.003450692149837234,0.012626410699612943,0.25,5.051199913024902
839277350,Std-XY p=5,0,spsa,sequential,4,continuation,100,120,5,10,0.3888649046421051,217,158.8366241455078,50.228553771972656,2522.9072265625,2421.990966796875,2421.99072265625,0.003357113313724087,0.012561167176266359,0.25,5.092063665390015
839277350,Std-XY p=5,0,spsa,sequential,4,continuation,105,120,5,10,0.3888649046421051,227,13.565840721130371,4.289895534515381,17.667076110839844,17.667076110839844,11.778050422668457,0.0032699970529171656,0.01249942043693397,0.04436026141047478,5.133681774139404
839277350,Std-XY p=5,0,spsa,sequential,4,continuation,110,120,5,10,0.3888649046421051,237,252.24575805664062,79.7671127319336,5344.74609375,4072.18701171875,6108.28125,0.003188648385739179,0.012440829393713411,0.25,5.1738502979278564
839277350,Std-XY p=5,0,spsa,sequential,4,continuation,115,120,5,10,0.3888649046421051,247,92.08345031738281,29.11934471130371,542.67919921875,542.67919921875,542.67919921875,0.0031124716906014175,0.012385099893453082,0.25,5.214453458786011
839277350,Std-XY p=5,0,spsa,sequential,4,continuation,120,120,5,10,0.3888649046421051,257,77.615478515625,24.54416847229004,602.4161987304688,578.319580078125,578.319580078125,0.0030409532489869603,0.012331976538504544,0.23602505028247833,5.256863355636597
839277350,Std-XY p=6,0,spsa,sequential,0,deterministic_linear_ramp,1,120,5,12,13.027396202087402,19,90.46175384521484,26.114059448242188,681.944091796875,606.1725463867188,606.1725463867188,0.0034181102313949954,0.02,0.25,0.08567070960998535
839277350,Std-XY p=6,0,spsa,sequential,0,deterministic_linear_ramp,5,120,5,12,10.412147521972656,27,21.659502029418945,6.252559661865234,29.320877075195312,34.750667572021484,21.719167709350586,0.0029083703714409184,0.016999416915812672,0.0629938617348671,0.12568998336791992
839277350,Std-XY p=6,0,spsa,sequential,0,deterministic_linear_ramp,10,120,5,12,8.551925659179688,37,65.8401870727539,19.006427764892578,351.2096862792969,361.2442321777344,321.1059875488281,0.002490241741503536,0.015850026609609436,0.16395798325538635,0.1754157543182373
839277350,Std-XY p=6,0,spsa,sequential,0,deterministic_linear_ramp,15,120,5,12,7.957666873931885,47,15.350708961486816,4.431367874145508,19.637022018432617,19.637022018432617,19.637022018432617,0.0022014000719534276,0.015214047873475552,0.03379305079579353,0.22423028945922852
839277350,Std-XY p=6,0,spsa,sequential,0,deterministic_linear_ramp,20,120,5,12,6.116655349731445,57,142.00035095214844,40.99197006225586,1493.6368408203125,933.5231323242188,1680.3414306640625,0.001987374327581505,0.014778350620464044,0.25,0.2753567695617676
839277350,Std-XY p=6,0,spsa,sequential,0,deterministic_linear_ramp,25,120,5,12,6.116655349731445,67,88.39368438720703,25.517059326171875,633.0335693359375,578.7736206054688,651.1203002929688,0.0018210527432422604,0.014449008773880907,0.1609695702791214,0.3210484981536865
839277350,Std-XY p=6,0,spsa,sequential,0,deterministic_linear_ramp,30,120,5,12,6.116655349731445,77,142.45635986328125,41.12360763549805,1691.1510009765625,1503.2454833984375,1503.2454833984375,0.0016872672990902132,0.014185372641231635,0.24036195874214172,0.36898374557495117
839277350,Std-XY p=6,0,spsa,sequential,0,deterministic_linear_ramp,35,120,5,12,6.116655349731445,87,12.867450714111328,3.7145133018493652,13.41434097290039,13.797607421875,12.264540672302246,0.0015768015997294307,0.013966227856027484,0.02028941735625267,0.4155600070953369
839277350,Std-XY p=6,0,spsa,sequential,0,deterministic_linear_ramp,40,120,5,12,6.116655349731445,97,11.904525756835938,3.4365406036376953,11.80981159210205,10.497610092163086,10.497610092163086,0.0014836994971243523,0.013779134410346052,0.017662739381194115,0.4620096683502197
839277350,Std-XY p=6,0,spsa,sequential,0,deterministic_linear_ramp,45,120,5,12,6.116655349731445,107,39.16242980957031,11.305219650268555,113.60710906982422,113.60710906982422,113.60710906982422,0.001403923033126739,0.013616187769422706,0.054981037974357605,0.5100033283233643
839277350,Std-XY p=6,0,spsa,sequential,0,deterministic_linear_ramp,50,120,5,12,4.751493453979492,117,148.822021484375,42.961219787597656,1845.6661376953125,1845.6661376953125,1845.6661376953125,0.0013346277951262007,0.013472060523173781,0.19862200319766998,0.5562798976898193
839277350,Std-XY p=6,0,spsa,sequential,0,deterministic_linear_ramp,55,120,5,12,4.3901214599609375,127,11.868157386779785,3.426042079925537,10.433566093444824,11.737762451171875,6.520978927612305,0.0012737462872775157,0.01334299625175472,0.015117021277546883,0.6040506362915039
839277350,Std-XY p=6,0,spsa,sequential,0,deterministic_linear_ramp,60,120,5,12,4.091311931610107,137,18.664026260375977,5.387840270996094,25.80339813232422,25.80339813232422,25.80339813232422,0.0012197358805796734,0.013226249755755135,0.022765181958675385,0.6499783992767334
839277350,Std-XY p=6,0,spsa,sequential,0,deterministic_linear_ramp,65,120,5,12,4.091311931610107,147,4.398913860321045,1.2698571681976318,1.567744255065918,1.4333661794662476,1.612536907196045,0.0011714197605104594,0.01311975565249048,0.005152974743396044,0.698725700378418
839277350,Std-XY p=6,0,spsa,sequential,0,deterministic_linear_ramp,70,120,5,12,3.6880054473876953,157,52.57997512817383,15.178531646728516,223.9881591796875,204.78916931152344,127.99323272705078,0.0011278829283591476,0.013021922119457682,0.05930406227707863,0.7457339763641357
839277350,Std-XY p=6,0,spsa,sequential,0,deterministic_linear_ramp,75,120,5,12,3.007274866104126,167,21.679250717163086,6.258260726928711,38.07788848876953,39.165828704833984,34.81406784057617,0.0010884021030847543,0.01293149713891721,0.023595742881298065,0.7966363430023193
839277350,Std-XY p=6,0,spsa,sequential,0,deterministic_linear_ramp,80,120,5,12,2.83286452293396,177,80.43780517578125,23.220394134521484,524.2092895507812,299.5481872558594,479.277099609375,0.0010523972154159445,0.012847478719003411,0.08465251326560974,0.8436596393585205
839277350,Std-XY p=6,0,spsa,sequential,0,deterministic_linear_ramp,85,120,5,12,2.653365135192871,187,84.25566864013672,24.3225154876709,575.15185546875,525.8530883789062,591.5847778320312,0.0010193970637695493,0.012769052840860788,0.08588998019695282,0.8913130760192871
839277350,Std-XY p=6,0,spsa,sequential,0,deterministic_linear_ramp,90,120,5,12,2.614616870880127,197,17.330366134643555,5.002845764160156,18.77134895324707,25.028465270996094,0.0,0.0009890145002203708,0.01269554947299621,0.017139984294772148,0.9395673274993896
839277350,Std-XY p=6,0,spsa,sequential,0,deterministic_linear_ramp,95,120,5,12,2.6024599075317383,207,61.953609466552734,17.88446617126465,310.9692687988281,284.3147888183594,319.8541259765625,0.0009609281768645094,0.012626410699612943,0.05953296273946762,0.9859380722045898
839277350,Std-XY p=6,0,spsa,sequential,0,deterministic_linear_ramp,100,120,5,12,2.219644784927368,217,42.78631591796875,12.35134506225586,135.60508728027344,135.60508728027344,135.60508728027344,0.0009348689005006207,0.012561167176266359,0.039999593049287796,1.0346245765686035
839277350,Std-XY p=6,0,spsa,sequential,0,deterministic_linear_ramp,105,120,5,12,1.9292516708374023,227,46.67089080810547,13.472724914550781,176.4722442626953,181.5143280029297,161.34605407714844,0.0009106092835781444,0.01249942043693397,0.04249894246459007,1.0821609497070312
839277350,Std-XY p=6,0,spsa,sequential,0,deterministic_linear_ramp,110,120,5,12,1.9292516708374023,237,153.5005340576172,44.311790466308594,1908.9918212890625,1963.5345458984375,1745.3638916015625,0.0008879557917430678,0.012440829393713411,0.1363016813993454,1.129108190536499
839277350,Std-XY p=6,0,spsa,sequential,0,deterministic_linear_ramp,115,120,5,12,1.9292516708374023,247,0.5256481766700745,0.15174156427383423,0.02238590456545353,0.020467113703489304,0.012791946530342102,0.0008667425598464626,0.012385099893453082,0.00045560169382952154,1.176750659942627
839277350,Std-XY p=6,0,spsa,sequential,0,deterministic_linear_ramp,120,120,5,12,1.9292516708374023,257,8.911994934082031,2.572671413421631,6.618637561798096,5.883234024047852,5.883234024047852,0.0008468265306185255,0.012331976538504544,0.007546913810074329,1.2254586219787598
839277350,Std-XY p=6,0,spsa,sequential,1,random_shared_stream,1,120,5,12,7.802731990814209,19,28.196683883666992,8.139681816101074,58.892818450927734,36.80801010131836,66.2544174194336,0.007082272138922157,0.02,0.1996966004371643,1.3158705234527588
839277350,Std-XY p=6,0,spsa,sequential,1,random_shared_stream,5,120,5,12,7.676332950592041,27,18.675643920898438,5.3911943435668945,28.257612228393555,29.064971923828125,25.83553123474121,0.006026098942665264,0.016999416915812672,0.11254128068685532,1.3549256324768066
839277350,Std-XY p=6,0,spsa,sequential,1,random_shared_stream,10,120,5,12,6.578919887542725,37,72.37870025634766,20.893932342529297,436.5563659667969,436.556396484375,436.556396484375,0.0051597428143309665,0.015850026609609436,0.25,1.4036104679107666
839277350,Std-XY p=6,0,spsa,sequential,1,random_shared_stream,15,120,5,12,6.578919887542725,47,28.821720123291016,8.320114135742188,67.30139923095703,69.22429656982422,61.5327033996582,0.004561267291211391,0.015214047873475552,0.13146357238292694,1.451753854751587
839277350,Std-XY p=6,0,spsa,sequential,1,random_shared_stream,20,120,5,12,6.083966255187988,57,47.547882080078125,13.725893020629883,141.3000946044922,104.6667251586914,167.46676635742188,0.004117809221177552,0.014778350620464044,0.19579310715198517,1.498504638671875
839277350,Std-XY p=6,0,spsa,sequential,1,random_shared_stream,25,120,5,12,6.000614643096924,67,3.418571710586548,0.9868566393852234,0.7304144501686096,0.5410477519035339,0.8656764626502991,0.003773193441367992,0.014449008773880907,0.01289893127977848,1.5456655025482178
839277350,Std-XY p=6,0,spsa,sequential,1,random_shared_stream,30,120,5,12,5.124156951904297,77,137.02642822265625,39.556121826171875,1564.6866455078125,1564.6868896484375,1564.6868896484375,0.0034959920465713486,0.014185372641231635,0.25,1.594832420349121
839277350,Std-XY p=6,0,spsa,sequential,1,random_shared_stream,35,120,5,12,5.124156951904297,87,58.255001068115234,16.816770553588867,282.80377197265625,282.8037414550781,282.8037414550781,0.0032671088064395257,0.013966227856027484,0.19032542407512665,1.6410908699035645
839277350,Std-XY p=6,0,spsa,sequential,1,random_shared_stream,40,120,5,12,5.124156951904297,97,35.265594482421875,10.180299758911133,57.57694625854492,92.12310791015625,0.0,0.0030742026733082033,0.013779134410346052,0.10841357707977295,1.689427137374878
839277350,Std-XY p=6,0,spsa,sequential,1,random_shared_stream,45,120,5,12,5.124156951904297,107,12.115591049194336,3.497469663619995,10.873150825500488,10.873149871826172,10.873149871826172,0.0029089070596318017,0.013616187769422706,0.03524312749505043,1.734990119934082
839277350,Std-XY p=6,0,spsa,sequential,1,random_shared_stream,50,120,5,12,5.124156951904297,117,92.2947769165039,26.64320945739746,690.1421508789062,709.8605346679688,630.9871215820312,0.002765328385970683,0.013472060523173781,0.25,1.7824335098266602
839277350,Std-XY p=6,0,spsa,sequential,1,random_shared_stream,55,120,5,12,5.124156951904297,127,118.93931579589844,34.33482360839844,1178.880126953125,1047.8934326171875,1047.8934326171875,0.0026391828325441216,0.01334299625175472,0.25,1.8300540447235107
839277350,Std-XY p=6,0,spsa,sequential,1,random_shared_stream,60,120,5,12,5.124156951904297,137,29.137651443481445,8.411314964294434,70.7502212524414,70.7502212524414,70.7502212524414,0.0025272740956477488,0.013226249755755135,0.07363882660865784,1.8787002563476562
839277350,Std-XY p=6,0,spsa,sequential,1,random_shared_stream,65,120,5,12,5.124156951904297,147,196.611572265625,56.75687789916992,3131.861083984375,2863.415771484375,3221.3427734375,0.002427163833584211,0.01311975565249048,0.25,1.926283836364746
839277350,Std-XY p=6,0,spsa,sequential,1,random_shared_stream,70,120,5,12,4.817439556121826,157,99.75930786132812,28.798030853271484,460.7370300292969,460.7369689941406,460.7369689941406,0.0023369561830145786,0.013021922119457682,0.23313310742378235,1.9749395847320557
839277350,Std-XY p=6,0,spsa,sequential,1,random_shared_stream,75,120,5,12,4.817439556121826,167,35.761173248291016,10.323362350463867,79.92884826660156,59.2065544128418,94.73047637939453,0.0022551525166803967,0.01293149713891721,0.08064689487218857,2.021930694580078
839277350,Std-XY p=6,0,spsa,sequential,1,random_shared_stream,80,120,5,12,4.817439556121826,177,64.82720947265625,18.71400260925293,262.6604309082031,194.5632781982422,311.3012390136719,0.0021805509399203155,0.012847478719003411,0.14135903120040894,2.0692622661590576
839277350,Std-XY p=6,0,spsa,sequential,1,random_shared_stream,85,120,5,12,4.817439556121826,187,101.95665740966797,29.432353973388672,770.0119018554688,866.2633666992188,481.2574157714844,0.002112175130258353,0.012769052840860788,0.21535031497478485,2.11692214012146
839277350,Std-XY p=6,0,spsa,sequential,1,random_shared_stream,90,120,5,12,4.817439556121826,197,33.73331069946289,9.737968444824219,71.12102508544922,52.68223571777344,84.29158020019531,0.002049222923112722,0.01269554947299621,0.06912706792354584,2.164546489715576
839277350,Std-XY p=6,0,spsa,sequential,1,random_shared_stream,95,120,5,12,4.817439556121826,207,27.544246673583984,7.951339244842529,35.124332427978516,0.0,56.19892883300781,0.001991028490539728,0.012626410699612943,0.05484137684106827,2.2132091522216797
839277350,Std-XY p=6,0,spsa,sequential,1,random_shared_stream,100,120,5,12,4.4201483726501465,217,16.515338897705078,4.7675676345825195,20.204179763793945,12.627612113952637,22.729700088500977,0.0019370340683419632,0.012561167176266359,0.03199077397584915,2.2617006301879883
839277350,Std-XY p=6,0,spsa,sequential,1,random_shared_stream,105,120,5,12,4.4201483726501465,227,25.269739151000977,7.294745445251465,47.300716400146484,47.300716400146484,47.30072021484375,0.0018867685129912632,0.01249942043693397,0.0476781502366066,2.309786319732666
839277350,Std-XY p=6,0,spsa,sequential,1,random_shared_stream,110,120,5,12,4.4201483726501465,237,7.02909517288208,2.0291249752044678,3.659865379333496,3.659865379333496,3.659865379333496,0.0018398308242651201,0.012440829393713411,0.01293234620243311,2.356315851211548
839277350,Std-XY p=6,0,spsa,sequential,1,random_shared_stream,115,120,5,12,4.4201483726501465,247,18.156917572021484,5.241450786590576,26.709672927856445,15.26267147064209,24.420272827148438,0.0017958773321109167,0.012385099893453082,0.03260760009288788,2.4052491188049316
839277350,Std-XY p=6,0,spsa,sequential,1,random_shared_stream,120,120,5,12,4.4201483726501465,257,76.36284637451172,22.044057846069336,485.9403991699219,269.9668884277344,269.9668884277344,0.0017546116240528672,0.012331976538504544,0.13398714363574982,2.4491539001464844
839277350,Std-XY p=6,0,spsa,sequential,2,random_shared_stream,1,120,5,12,7.646676063537598,19,0.9238999485969543,0.2667069435119629,0.071132592856884,0.06322897225618362,0.06322897225618362,0.06546120035028724,0.02,0.060479599982500076,2.5391786098480225
839277350,Std-XY p=6,0,spsa,sequential,2,random_shared_stream,5,120,5,12,7.613417625427246,27,3.1438469886779785,0.9075505137443542,0.8007686734199524,0.8236477971076965,0.7321314215660095,0.05569902744184859,0.016999416915812672,0.17510922253131866,2.5770554542541504
839277350,Std-XY p=6,0,spsa,sequential,2,random_shared_stream,10,120,5,12,7.570013046264648,37,0.5658359527587891,0.16334277391433716,0.02668086253106594,0.02371632307767868,0.02371632307767868,0.04769132723220631,0.015850026609609436,0.026985468342900276,2.6256473064422607
839277350,Std-XY p=6,0,spsa,sequential,2,random_shared_stream,15,120,5,12,7.497145652770996,47,1.7722669839859009,0.5116094350814819,0.2617442011833191,0.2617442011833191,0.2617442011833191,0.042159638339828366,0.015214047873475552,0.07471814006567001,2.6750967502593994
839277350,Std-XY p=6,0,spsa,sequential,2,random_shared_stream,20,120,5,12,7.404460906982422,57,6.646772384643555,1.9187577962875366,3.2725613117218018,3.2725613117218018,3.2725613117218018,0.03806077049063911,0.014778350620464044,0.25,2.725517749786377
839277350,Std-XY p=6,0,spsa,sequential,2,random_shared_stream,25,120,5,12,7.391936779022217,67,4.0885443687438965,1.1802611351013184,1.3543214797973633,1.2382367849349976,0.7738979458808899,0.034875498566109914,0.014449008773880907,0.1425900161266327,2.7721102237701416
839277350,Std-XY p=6,0,spsa,sequential,2,random_shared_stream,30,120,5,12,7.262649059295654,77,0.8605849146842957,0.24842947721481323,0.0617172010242939,0.034287337213754654,0.034287337213754654,0.03231333550795274,0.014185372641231635,0.02780837006866932,2.819183588027954
839277350,Std-XY p=6,0,spsa,sequential,2,random_shared_stream,35,120,5,12,7.262649059295654,87,7.932260036468506,2.289846181869507,4.66079568862915,4.66079568862915,4.66079568862915,0.030197775508958916,0.013966227856027484,0.2395365834236145,2.867713212966919
839277350,Std-XY p=6,0,spsa,sequential,2,random_shared_stream,40,120,5,12,7.262649059295654,97,0.9592022895812988,0.2768978476524353,0.07454263418912888,0.04259578883647919,0.0681532621383667,0.028414750685567917,0.013779134410346052,0.02725549414753914,2.91444993019104
839277350,Std-XY p=6,0,spsa,sequential,2,random_shared_stream,45,120,5,12,7.16950798034668,107,24.970518112182617,7.208367824554443,46.18716812133789,51.960567474365234,28.866981506347656,0.02688692895383461,0.013616187769422706,0.25,2.962470769882202
839277350,Std-XY p=6,0,spsa,sequential,2,random_shared_stream,50,120,5,12,7.16950798034668,117,5.5206475257873535,1.5936737060546875,1.9048470258712769,0.0,2.5397958755493164,0.025559836159573614,0.013472060523173781,0.14110685884952545,3.0089519023895264
839277350,Std-XY p=6,0,spsa,sequential,2,random_shared_stream,55,120,5,12,7.126553058624268,127,3.0016868114471436,0.8665122985839844,0.729986846446991,0.667416512966156,0.7508435845375061,0.0243938771023422,0.01334299625175472,0.07322277873754501,3.0570755004882812
839277350,Std-XY p=6,0,spsa,sequential,2,random_shared_stream,60,120,5,12,7.051613807678223,137,19.407428741455078,5.602441787719727,23.540517807006836,17.43741798400879,27.899869918823242,0.023359508455780147,0.013226249755755135,0.25,3.1023428440093994
839277350,Std-XY p=6,0,spsa,sequential,2,random_shared_stream,65,120,5,12,6.771634578704834,147,4.559502601623535,1.3162150382995605,1.684299111366272,1.5399307012557983,0.9624567031860352,0.022434192710562493,0.01311975565249048,0.10228876769542694,3.152139902114868
839277350,Std-XY p=6,0,spsa,sequential,2,random_shared_stream,70,120,5,12,6.735526084899902,157,24.435287475585938,7.053859710693359,48.37480163574219,49.75693893432617,44.228389739990234,0.021600406466369095,0.013021922119457682,0.25,3.200288772583008
839277350,Std-XY p=6,0,spsa,sequential,2,random_shared_stream,75,120,5,12,6.735526084899902,167,32.1141357421875,9.270551681518555,83.55582427978516,47.746185302734375,76.3938980102539,0.0208442979624526,0.01293149713891721,0.25,3.2488558292388916
839277350,Std-XY p=6,0,spsa,sequential,2,random_shared_stream,80,120,5,12,6.735526084899902,177,19.983074188232422,5.768617153167725,32.35258102416992,33.27694320678711,29.579500198364258,0.020154758127362015,0.012847478719003411,0.25,3.2951550483703613
839277350,Std-XY p=6,0,spsa,sequential,2,random_shared_stream,85,120,5,12,6.735526084899902,187,32.584449768066406,9.406320571899414,66.35914611816406,78.64788055419922,49.15492248535156,0.019522762845678866,0.012769052840860788,0.25,3.342381477355957
839277350,Std-XY p=6,0,spsa,sequential,2,random_shared_stream,90,120,5,12,6.665719509124756,197,35.96104431152344,10.381059646606445,104.77288818359375,59.87022399902344,95.7923583984375,0.018940897737473622,0.01269554947299621,0.25,3.391153335571289
839277350,Std-XY p=6,0,spsa,sequential,2,random_shared_stream,95,120,5,12,6.431984901428223,207,20.803970336914062,6.005589485168457,36.067100524902344,32.05964279174805,32.05964660644531,0.018403008577722722,0.012626410699612943,0.25,3.437849998474121
839277350,Std-XY p=6,0,spsa,sequential,2,random_shared_stream,100,120,5,12,6.431984901428223,217,19.856990814208984,5.732219219207764,24.643753051757812,18.2546329498291,29.20741081237793,0.017903939970931825,0.012561167176266359,0.25,3.4855635166168213
839277350,Std-XY p=6,0,spsa,sequential,2,random_shared_stream,105,120,5,12,6.431984901428223,227,3.496190071105957,1.009263277053833,0.9054329991340637,1.018612265586853,0.5658956170082092,0.01743933715350445,0.01249942043693397,0.06097124144434929,3.531996726989746
839277350,Std-XY p=6,0,spsa,sequential,2,random_shared_stream,110,120,5,12,6.431984901428223,237,4.818018436431885,1.3908421993255615,1.7195037603378296,1.7195037603378296,1.7195037603378296,0.017005493694031135,0.012440829393713411,0.08193278312683105,3.5794808864593506
839277350,Std-XY p=6,0,spsa,sequential,2,random_shared_stream,115,120,5,12,6.431984901428223,247,5.452070236206055,1.5738770961761475,2.201857089996338,2.4770891666412354,1.3761606216430664,0.0165992330619116,0.012385099893453082,0.09050018340349197,3.621736764907837
839277350,Std-XY p=6,0,spsa,sequential,2,random_shared_stream,120,120,5,12,6.431984901428223,257,5.939276218414307,1.7145212888717651,2.8579280376434326,2.6129629611968994,2.9395835399627686,0.016217815526719914,0.012331976538504544,0.09632207453250885,3.664397954940796
839277350,Std-XY p=6,0,spsa,sequential,3,random_shared_stream,1,120,5,12,7.637495040893555,19,0.993399977684021,0.2867698669433594,0.07995260506868362,0.08223696053028107,0.0730995163321495,0.06750267460363762,0.02,0.06705715507268906,3.7558670043945312
839277350,Std-XY p=6,0,spsa,sequential,3,random_shared_stream,5,120,5,12,7.615591049194336,27,0.756993293762207,0.21852514147758484,0.0477532334625721,0.04244731739163399,0.04244731739163399,0.05743605838308906,0.016999416915812672,0.04347871243953705,3.7952706813812256
839277350,Std-XY p=6,0,spsa,sequential,3,random_shared_stream,10,120,5,12,7.576268672943115,37,2.71079158782959,0.782538115978241,0.5443251729011536,0.5443252921104431,0.5443252921104431,0.04917862988067096,0.015850026609609436,0.13331301510334015,3.8444602489471436
839277350,Std-XY p=6,0,spsa,sequential,3,random_shared_stream,15,120,5,12,7.5415191650390625,47,2.6414365768432617,0.7625170946121216,0.5814322233200073,0.5168286561965942,0.5168286561965942,0.04347442963208651,0.015214047873475552,0.11483493447303772,3.8936514854431152
839277350,Std-XY p=6,0,spsa,sequential,3,random_shared_stream,20,120,5,12,7.480020046234131,57,0.44412779808044434,0.12820866703987122,0.012328092940151691,0.014611073769629002,0.009131921455264091,0.0392477344113057,0.014778350620464044,0.01743100956082344,3.941460609436035
839277350,Std-XY p=6,0,spsa,sequential,3,random_shared_stream,25,120,5,12,7.450127124786377,67,1.7993415594100952,0.5194251537322998,0.2623079717159271,0.2698024809360504,0.23982442915439606,0.035963126535265524,0.014449008773880907,0.06470994651317596,3.9875905513763428
839277350,Std-XY p=6,0,spsa,sequential,3,random_shared_stream,30,120,5,12,7.4209771156311035,77,11.270222663879395,3.2534329891204834,10.584826469421387,5.880458831787109,5.880458831787109,0.03332105981069032,0.014185372641231635,0.25,4.0360331535339355
839277350,Std-XY p=6,0,spsa,sequential,3,random_shared_stream,35,120,5,12,7.417308807373047,87,8.233084678649902,2.3766868114471436,4.236480236053467,5.0210137367248535,3.1381332874298096,0.03113952391687249,0.013966227856027484,0.25,4.083817005157471
839277350,Std-XY p=6,0,spsa,sequential,3,random_shared_stream,40,120,5,12,7.417308807373047,97,3.126772880554199,0.9026216268539429,0.7920944690704346,0.0,0.4526253938674927,0.02930089364704055,0.013779134410346052,0.09161723405122757,4.131367444992065
839277350,Std-XY p=6,0,spsa,sequential,3,random_shared_stream,45,120,5,12,7.417308807373047,107,5.1219305992126465,1.4785741567611694,2.1254539489746094,2.18618106842041,1.9432721138000488,0.027725425237391885,0.013616187769422706,0.14200769364833832,4.177780866622925
839277350,Std-XY p=6,0,spsa,sequential,3,random_shared_stream,50,120,5,12,7.417308807373047,117,1.5532876253128052,0.4483954906463623,0.1787186861038208,0.1116991862654686,0.2010585218667984,0.026356945701720817,0.013472060523173781,0.04093991219997406,4.2252702713012695
839277350,Std-XY p=6,0,spsa,sequential,3,random_shared_stream,55,120,5,12,7.417308807373047,127,5.956454753875732,1.7194803953170776,2.8744850158691406,2.9566128253936768,2.6281001567840576,0.02515462502290193,0.01334299625175472,0.14983238279819489,4.272642135620117
839277350,Std-XY p=6,0,spsa,sequential,3,random_shared_stream,60,120,5,12,7.417308807373047,137,3.722064733505249,1.0744675397872925,1.1224116086959839,0.6413780450820923,1.0262048244476318,0.024087998535830848,0.013226249755755135,0.08965709060430527,4.320799112319946
839277350,Std-XY p=6,0,spsa,sequential,3,random_shared_stream,65,120,5,12,7.417308807373047,147,0.8584674596786499,0.2478182017803192,0.054590094834566116,0.06141386553645134,0.034118812531232834,0.023133825875983255,0.01311975565249048,0.019859636202454567,4.367656707763672
839277350,Std-XY p=6,0,spsa,sequential,3,random_shared_stream,70,120,5,12,7.417308807373047,157,2.20304274559021,0.6359636783599854,0.3595109283924103,0.3595109283924103,0.3595109283924103,0.022274037157939543,0.013021922119457682,0.049070656299591064,4.413819074630737
839277350,Std-XY p=6,0,spsa,sequential,3,random_shared_stream,75,120,5,12,7.417308807373047,167,0.2884269654750824,0.08326169103384018,0.0038513941690325737,0.006162229925394058,0.0,0.021494348639675236,0.01293149713891721,0.00619954988360405,4.461336135864258
839277350,Std-XY p=6,0,spsa,sequential,3,random_shared_stream,80,120,5,12,7.417308807373047,177,0.1189924106001854,0.03435014933347702,0.0011799328494817019,0.00117993273306638,0.00117993273306638,0.020783304802023374,0.012847478719003411,0.0024730556178838015,4.507623195648193
839277350,Std-XY p=6,0,spsa,sequential,3,random_shared_stream,85,120,5,12,7.417308807373047,187,2.3887081146240234,0.6895606517791748,0.46228572726249695,0.4754939079284668,0.4226612150669098,0.02013160010332845,0.012769052840860788,0.048088520765304565,4.555980443954468
839277350,Std-XY p=6,0,spsa,sequential,3,random_shared_stream,90,120,5,12,7.417308807373047,197,3.4868061542510986,1.006554365158081,0.9850082993507385,0.5628618597984314,0.9005789756774902,0.019531588938665828,0.01269554947299621,0.0681028664112091,4.60270357131958
839277350,Std-XY p=6,0,spsa,sequential,3,random_shared_stream,95,120,5,12,7.417308807373047,207,0.465791791677475,0.13446250557899475,0.01808016560971737,0.01808016560971737,0.01808016560971737,0.01897692515723198,0.012626410699612943,0.008839295245707035,4.651354789733887
839277350,Std-XY p=6,0,spsa,sequential,3,random_shared_stream,100,120,5,12,7.417308807373047,217,1.7243791818618774,0.49778541922569275,0.2409072369337082,0.22025804221630096,0.24779029190540314,0.018462292587269506,0.012561167176266359,0.03183599188923836,4.699620008468628
839277350,Std-XY p=6,0,spsa,sequential,3,random_shared_stream,105,120,5,12,7.417308807373047,227,4.857743263244629,1.402309775352478,1.747975468635559,1.747975468635559,1.7479753494262695,0.017983200657440638,0.01249942043693397,0.0873577743768692,4.747622013092041
839277350,Std-XY p=6,0,spsa,sequential,3,random_shared_stream,110,120,5,12,7.417308807373047,237,0.6458766460418701,0.18644854426383972,0.03379741311073303,0.030900491401553154,0.01931280829012394,0.017535827347494676,0.012440829393713411,0.01132598239928484,4.7944440841674805
839277350,Std-XY p=6,0,spsa,sequential,3,random_shared_stream,115,120,5,12,7.417308807373047,247,2.0764520168304443,0.5994200706481934,0.35930442810058594,0.3193817138671875,0.3193817138671875,0.017116897063486944,0.012385099893453082,0.03554241359233856,4.840801954269409
839277350,Std-XY p=6,0,spsa,sequential,3,random_shared_stream,120,120,5,12,7.417308807373047,257,2.4171128273010254,0.6977604627609253,0.4327729046344757,0.2704831063747406,0.48686957359313965,0.016723584633705733,0.012331976538504544,0.04042278975248337,4.88922905921936
839277350,Std-XY p=6,0,spsa,sequential,4,continuation,1,120,5,12,0.38886499404907227,19,19.400835037231445,5.600539207458496,27.880918502807617,27.880918502807617,27.880918502807617,0.01203871996293009,0.02,0.2335612177848816,4.978569269180298
839277350,Std-XY p=6,0,spsa,sequential,4,continuation,5,120,5,12,0.38886499404907227,27,637.8424072265625,184.12924194335938,30136.513671875,30136.513671875,30136.513671875,0.01024339593517752,0.016999416915812672,0.25,5.016894817352295
839277350,Std-XY p=6,0,spsa,sequential,4,continuation,10,120,5,12,0.38886499404907227,37,454.23919677734375,131.1275634765625,16716.814453125,15283.9443359375,9552.4658203125,0.008770730297286311,0.015850026609609436,0.25,5.061402797698975
839277350,Std-XY p=6,0,spsa,sequential,4,continuation,15,120,5,12,0.38886499404907227,47,79.7999496459961,23.03626251220703,471.7060852050781,471.7060852050781,471.7060852050781,0.007753418467667581,0.015214047873475552,0.25,5.109085559844971
839277350,Std-XY p=6,0,spsa,sequential,4,continuation,20,120,5,12,0.38886499404907227,57,182.55245971679688,52.69835662841797,2468.548095703125,2777.116455078125,1542.8424072265625,0.006999611297352983,0.014778350620464044,0.25,5.155914783477783
839277350,Std-XY p=6,0,spsa,sequential,4,continuation,25,120,5,12,0.38886499404907227,67,101.97119903564453,29.43655014038086,649.8828735351562,481.3947448730469,770.2315063476562,0.006413820072933093,0.014449008773880907,0.25,5.202296495437622
839277350,Std-XY p=6,0,spsa,sequential,4,continuation,30,120,5,12,0.38886499404907227,77,135.38002014160156,39.080848693847656,1484.8870849609375,1527.3123779296875,1357.6109619140625,0.00594262242621314,0.014185372641231635,0.25,5.250400066375732
839277350,Std-XY p=6,0,spsa,sequential,4,continuation,35,120,5,12,0.38886499404907227,87,80.05012512207031,23.10848045349121,474.6683349609375,296.667724609375,534.0018920898438,0.005553557846639606,0.013966227856027484,0.25,5.2961084842681885
839277350,Std-XY p=6,0,spsa,sequential,4,continuation,40,120,5,12,0.38886499404907227,97,309.6208801269531,89.37985229492188,5991.568359375,7101.11767578125,4438.19873046875,0.005225648544321673,0.013779134410346052,0.25,5.343562364578247
839277350,Std-XY p=6,0,spsa,sequential,4,continuation,45,120,5,12,0.38886499404907227,107,190.49818420410156,54.992088317871094,2940.126220703125,2688.115478515625,1680.0721435546875,0.0049446726703200675,0.013616187769422706,0.25,5.388521909713745
839277350,Std-XY p=6,0,spsa,sequential,4,continuation,50,120,5,12,0.38886499404907227,117,3.634289264678955,1.0491290092468262,1.0700973272323608,0.9783747792243958,1.100671648979187,0.004700612090473697,0.013472060523173781,0.017083385959267616,5.435823917388916
839277350,Std-XY p=6,0,spsa,sequential,4,continuation,55,120,5,12,0.38886499404907227,127,223.49282836914062,64.51683044433594,4162.42041015625,3699.929443359375,3699.928955078125,0.004486185002318578,0.01334299625175472,0.25,5.483456611633301
839277350,Std-XY p=6,0,spsa,sequential,4,continuation,60,120,5,12,0.38886499404907227,137,290.2710266113281,83.79402923583984,6826.39892578125,7021.439453125,6241.279296875,0.0042959582052577,0.013226249755755135,0.25,5.529940128326416
839277350,Std-XY p=6,0,spsa,sequential,4,continuation,65,120,5,12,0.38886499404907227,147,129.03680419921875,37.249717712402344,1387.54150390625,1233.3702392578125,1233.3702392578125,0.004125786911814309,0.01311975565249048,0.25,5.577917814254761
839277350,Std-XY p=6,0,spsa,sequential,4,continuation,70,120,5,12,0.38886499404907227,157,22.702661514282227,6.553693771362305,41.7578239440918,38.17858123779297,42.95090103149414,0.003972448460196022,0.013021922119457682,0.09018515050411224,5.6234869956970215
839277350,Std-XY p=6,0,spsa,sequential,4,continuation,75,120,5,12,0.38886499404907227,167,16.565963745117188,4.782181739807129,22.234006881713867,22.8692626953125,20.32823371887207,0.003833395425856104,0.01293149713891721,0.06350389122962952,5.671004295349121
839277350,Std-XY p=6,0,spsa,sequential,4,continuation,80,120,5,12,0.38886499404907227,177,83.56729125976562,24.12380027770996,581.9577026367188,581.9576416015625,581.9576416015625,0.0037065847817872454,0.012847478719003411,0.25,5.716018438339233
839277350,Std-XY p=6,0,spsa,sequential,4,continuation,85,120,5,12,0.38886499404907227,187,80.7990951538086,23.324687957763672,544.0410766601562,544.0410766601562,544.0410766601562,0.0035903569373028268,0.012769052840860788,0.25,5.763270854949951
839277350,Std-XY p=6,0,spsa,sequential,4,continuation,90,120,5,12,0.38886499404907227,197,65.04560852050781,18.777050018310547,313.4023132324219,352.5776062011719,195.87644958496094,0.003483348342037246,0.01269554947299621,0.2265765219926834,5.810951232910156
839277350,Std-XY p=6,0,spsa,sequential,4,continuation,95,120,5,12,0.38886499404907227,207,118.3991470336914,34.178890228271484,1135.74658203125,648.9981079101562,1038.3968505859375,0.003384427195912732,0.012626410699612943,0.25,5.857393980026245
839277350,Std-XY p=6,0,spsa,sequential,4,continuation,100,120,5,12,0.38886499404907227,217,203.2691192626953,58.67873764038086,3347.550048828125,1912.8857421875,3060.617431640625,0.003292645389784899,0.012561167176266359,0.25,5.904791593551636
839277350,Std-XY p=6,0,spsa,sequential,4,continuation,105,120,5,12,0.38886499404907227,227,30.2269287109375,8.725763320922852,67.6790542602539,76.1389389038086,42.29940414428711,0.0032072020556714585,0.01249942043693397,0.09694386273622513,5.951085090637207
839277350,Std-XY p=6,0,spsa,sequential,4,continuation,110,120,5,12,0.38886499404907227,237,55.74116897583008,16.09109115600586,258.92315673828125,258.9231872558594,258.92315673828125,0.0031274155578926233,0.012440829393713411,0.17432579398155212,5.998530387878418
839277350,Std-XY p=6,0,spsa,sequential,4,continuation,115,120,5,12,0.38886499404907227,247,106.21701049804688,30.662212371826172,705.12841796875,522.3173217773438,835.7077026367188,0.003052701712807615,0.012385099893453082,0.25,6.043491363525391
839277350,Std-XY p=6,0,spsa,sequential,4,continuation,120,120,5,12,0.38886499404907227,257,21.73539924621582,6.274468898773193,39.368961334228516,39.368961334228516,39.368961334228516,0.002982556667031601,0.012331976538504544,0.06482705473899841,6.090901851654053
839277350,Std-XY p=8,0,spsa,sequential,0,deterministic_linear_ramp,1,120,5,16,13.206812858581543,19,79.46577453613281,19.866443634033203,388.5087585449219,296.0066833496094,370.00836181640625,0.0011388211039871077,0.02,0.09049730002880096,0.10567283630371094
839277350,Std-XY p=8,0,spsa,sequential,0,deterministic_linear_ramp,5,120,5,16,10.032200813293457,27,152.17529296875,38.0438232421875,1243.8013916015625,1356.874267578125,1085.4993896484375,0.0009689896852320075,0.016999416915812672,0.14745628833770752,0.1517624855041504
839277350,Std-XY p=8,0,spsa,sequential,0,deterministic_linear_ramp,10,120,5,16,8.24920654296875,37,54.46885299682617,13.617213249206543,182.5311737060547,185.42849731445312,173.83921813964844,0.0008296806297251664,0.015850026609609436,0.04519175365567207,0.21048784255981445
839277350,Std-XY p=8,0,spsa,sequential,0,deterministic_linear_ramp,15,120,5,16,7.7706732749938965,47,51.396385192871094,12.849096298217773,162.5196075439453,123.82445526123047,154.78057861328125,0.0007334464632628732,0.015214047873475552,0.03769649565219879,0.2680349349975586
839277350,Std-XY p=8,0,spsa,sequential,0,deterministic_linear_ramp,20,120,5,16,7.712454319000244,57,44.57402038574219,11.143505096435547,116.41659545898438,93.1332778930664,124.17770385742188,0.000662138922549705,0.014778350620464044,0.029514193534851074,0.32683897018432617
839277350,Std-XY p=8,0,spsa,sequential,0,deterministic_linear_ramp,25,120,5,16,7.242924213409424,67,76.39495086669922,19.098737716674805,359.0623779296875,364.76177978515625,341.96417236328125,0.0006067251068820923,0.014449008773880907,0.046350736171007156,0.38459086418151855
839277350,Std-XY p=8,0,spsa,sequential,0,deterministic_linear_ramp,30,120,5,16,6.513665199279785,77,117.4386215209961,29.359655380249023,808.114990234375,808.1150512695312,377.120361328125,0.0005621514457382094,0.014185372641231635,0.06601829081773758,0.44283413887023926
839277350,Std-XY p=8,0,spsa,sequential,0,deterministic_linear_ramp,35,120,5,16,5.732790946960449,87,14.768190383911133,3.692047595977783,13.63121509552002,12.779263496398926,12.779264450073242,0.0005253472875389541,0.013966227856027484,0.007758428808301687,0.5030796527862549
839277350,Std-XY p=8,0,spsa,sequential,0,deterministic_linear_ramp,40,120,5,16,5.573081016540527,97,28.62746238708496,7.15686559677124,51.220726013183594,51.220726013183594,51.220726013183594,0.0004943282062061193,0.013779134410346052,0.01415136270225048,0.5607428550720215
839277350,Std-XY p=8,0,spsa,sequential,0,deterministic_linear_ramp,45,120,5,16,4.763381481170654,107,26.079158782958984,6.519789695739746,41.84347152709961,39.85092544555664,31.880741119384766,0.0004677488642154803,0.013616187769422706,0.012198497541248798,0.6178452968597412
839277350,Std-XY p=8,0,spsa,sequential,0,deterministic_linear_ramp,50,120,5,16,4.1226654052734375,117,59.744747161865234,14.936186790466309,135.94528198242188,97.60173797607422,167.3172607421875,0.00044466158086341125,0.013472060523173781,0.026566194370388985,0.6763098239898682
839277350,Std-XY p=8,0,spsa,sequential,0,deterministic_linear_ramp,55,120,5,16,3.1892027854919434,127,132.87188720703125,33.21797180175781,1086.1923828125,1103.43359375,1034.468994140625,0.0004243775229229091,0.01334299625175472,0.05638784542679787,0.736086368560791
839277350,Std-XY p=8,0,spsa,sequential,0,deterministic_linear_ramp,60,120,5,16,3.008357524871826,137,36.09941482543945,9.024853706359863,80.17535400390625,76.35748291015625,61.08598709106445,0.00040638272848430885,0.013226249755755135,0.014670178294181824,0.792701244354248
839277350,Std-XY p=8,0,spsa,sequential,0,deterministic_linear_ramp,65,120,5,16,3.008357524871826,147,6.040788650512695,1.5101971626281738,2.2450597286224365,2.2806954383850098,2.1381521224975586,0.00039028511504510157,0.01311975565249048,0.0023576298262923956,0.8490562438964844
839277350,Std-XY p=8,0,spsa,sequential,0,deterministic_linear_ramp,70,120,5,16,2.3924319744110107,157,26.337995529174805,6.584498882293701,42.67819595336914,40.64590072631836,32.516719818115234,0.00037577982999043453,0.013021922119457682,0.00989728793501854,0.9072039127349854
839277350,Std-XY p=8,0,spsa,sequential,0,deterministic_linear_ramp,75,120,5,16,2.2226295471191406,167,57.85105514526367,14.462763786315918,209.1715545654297,196.09832763671875,196.09832763671875,0.0003626258958041292,0.01293149713891721,0.02097829058766365,0.9666433334350586
839277350,Std-XY p=8,0,spsa,sequential,0,deterministic_linear_ramp,80,120,5,16,1.9848909378051758,177,2.2646231651306152,0.5661557912826538,0.275457501411438,0.2403992861509323,0.3004991114139557,0.000350630049225714,0.012847478719003411,0.000794044928625226,1.0252735614776611
839277350,Std-XY p=8,0,spsa,sequential,0,deterministic_linear_ramp,85,120,5,16,1.904168725013733,187,55.88186264038086,13.970465660095215,167.72756958007812,146.38043212890625,182.97552490234375,0.0003396352987391704,0.012769052840860788,0.018979452550411224,1.0807554721832275
839277350,Std-XY p=8,0,spsa,sequential,0,deterministic_linear_ramp,90,120,5,16,1.6309133768081665,197,43.714141845703125,10.928535461425781,117.56674194335938,89.57466125488281,111.96832275390625,0.0003295126572148469,0.01269554947299621,0.014404362998902798,1.1403961181640625
839277350,Std-XY p=8,0,spsa,sequential,0,deterministic_linear_ramp,95,120,5,16,1.3799428939819336,207,41.44213104248047,10.360532760620117,100.63185119628906,80.50547790527344,107.34063720703125,0.00032015506029556696,0.012626410699612943,0.013267908245325089,1.199469804763794
839277350,Std-XY p=8,0,spsa,sequential,0,deterministic_linear_ramp,100,120,5,16,1.2098010778427124,217,81.57566833496094,20.393917083740234,357.42425537109375,311.93389892578125,389.9173583984375,0.00031147282014858465,0.012561167176266359,0.025408605113625526,1.2565901279449463
839277350,Std-XY p=8,0,spsa,sequential,0,deterministic_linear_ramp,105,120,5,16,1.1098910570144653,227,51.08046340942383,12.770115852355957,152.8836212158203,152.8836212158203,152.8836212158203,0.00030339017744379285,0.01249942043693397,0.015497311018407345,1.3123362064361572
839277350,Std-XY p=8,0,spsa,sequential,0,deterministic_linear_ramp,110,120,5,16,1.1098910570144653,237,39.52825927734375,9.882064819335938,97.65519714355469,91.55175018310547,91.55175018310547,0.00029584265181286664,0.012440829393713411,0.011694144457578659,1.3696045875549316
839277350,Std-XY p=8,0,spsa,sequential,0,deterministic_linear_ramp,115,120,5,16,0.9557023644447327,247,56.63283920288086,14.158209800720215,200.4549102783203,200.4549102783203,200.4549102783203,0.0002887749815119685,0.012385099893453082,0.016354147344827652,1.427072525024414
839277350,Std-XY p=8,0,spsa,sequential,0,deterministic_linear_ramp,120,120,5,16,0.9450135827064514,257,49.66305160522461,12.415762901306152,132.47366333007812,154.1511688232422,67.44113159179688,0.00028213950376052623,0.012331976538504544,0.014011909253895283,1.4855499267578125
839277350,Std-XY p=8,0,spsa,sequential,1,random_shared_stream,1,120,5,16,7.713446617126465,19,1.339864730834961,0.33496618270874023,0.1104491800069809,0.11220234632492065,0.10518969595432281,0.08990258579807144,0.02,0.12045730650424957,1.6011765003204346
839277350,Std-XY p=8,0,spsa,sequential,1,random_shared_stream,5,120,5,16,7.703040599822998,27,5.224014759063721,1.3060036897659302,1.2792342901229858,1.2792342901229858,1.2792342901229858,0.07649548994922999,0.016999416915812672,0.25,1.6441624164581299
839277350,Std-XY p=8,0,spsa,sequential,1,random_shared_stream,10,120,5,16,7.703040599822998,37,1.8313524723052979,0.45783811807632446,0.18013852834701538,0.09170688688755035,0.20961573719978333,0.06549793794452648,0.015850026609609436,0.11994980275630951,1.696380376815796
839277350,Std-XY p=8,0,spsa,sequential,1,random_shared_stream,15,120,5,16,7.653992652893066,47,3.1763131618499756,0.7940782904624939,0.6305603384971619,0.6305603384971619,0.6305603384971619,0.05790087078727774,0.015214047873475552,0.1839113086462021,1.752838373184204
839277350,Std-XY p=8,0,spsa,sequential,1,random_shared_stream,20,120,5,16,7.653992652893066,57,4.536008358001709,1.1340020895004272,1.1051225662231445,0.964470624923706,1.2055883407592773,0.05227160006638,0.014778350620464044,0.2371044158935547,1.8099281787872314
839277350,Std-XY p=8,0,spsa,sequential,1,random_shared_stream,25,120,5,16,7.653992652893066,67,1.9326266050338745,0.48315665125846863,0.21885034441947937,0.21885034441947937,0.21885034441947937,0.04789703649356403,0.014449008773880907,0.0925670862197876,1.8689355850219727
839277350,Std-XY p=8,0,spsa,sequential,1,random_shared_stream,30,120,5,16,7.653992652893066,77,2.212923288345337,0.5532308220863342,0.28693529963493347,0.28693529963493347,0.28693529963493347,0.04437823324932114,0.014185372641231635,0.09820562601089478,1.9280261993408203
839277350,Std-XY p=8,0,spsa,sequential,1,random_shared_stream,35,120,5,16,7.653992652893066,87,0.8911103010177612,0.2227775752544403,0.049629852175712585,0.046527985483407974,0.046527985483407974,0.04147278218360942,0.013966227856027484,0.036956824362277985,1.984769344329834
839277350,Std-XY p=8,0,spsa,sequential,1,random_shared_stream,40,120,5,16,7.653992652893066,97,3.351358413696289,0.8378396034240723,0.6910068392753601,0.7019752264022827,0.6581017374992371,0.03902402564833001,0.013779134410346052,0.13078349828720093,2.0412774085998535
839277350,Std-XY p=8,0,spsa,sequential,1,random_shared_stream,45,120,5,16,7.653992652893066,107,1.0763707160949707,0.2690926790237427,0.062228087335824966,0.031679753214120865,0.07241086661815643,0.036925757917425056,0.013616187769422706,0.03974580764770508,2.0973427295684814
839277350,Std-XY p=8,0,spsa,sequential,1,random_shared_stream,50,120,5,16,7.653992652893066,117,3.281001329421997,0.8202503323554993,0.6307599544525146,0.6728106141090393,0.5046079754829407,0.0351031657076944,0.013472060523173781,0.11517352610826492,2.1540024280548096
839277350,Std-XY p=8,0,spsa,sequential,1,random_shared_stream,55,120,5,16,7.653992652893066,127,2.3960869312286377,0.5990217328071594,0.3532203733921051,0.35882702469825745,0.3364003598690033,0.03350187007579532,0.01334299625175472,0.08027339726686478,2.2099149227142334
839277350,Std-XY p=8,0,spsa,sequential,1,random_shared_stream,60,120,5,16,7.653992652893066,137,2.523951530456543,0.6309878826141357,0.37326160073280334,0.37326160073280334,0.37326160073280334,0.032081297041741993,0.013226249755755135,0.08097164332866669,2.267324447631836
839277350,Std-XY p=8,0,spsa,sequential,1,random_shared_stream,65,120,5,16,7.653992652893066,147,4.20395040512085,1.0509876012802124,1.1045749187469482,1.1045749187469482,1.1045749187469482,0.03081049421916021,0.01311975565249048,0.1295257955789566,2.3252992630004883
839277350,Std-XY p=8,0,spsa,sequential,1,random_shared_stream,70,120,5,16,7.653992652893066,157,3.7976560592651367,0.9494140148162842,0.8450502753257751,0.6760402321815491,0.9013869762420654,0.029665395459059034,0.013021922119457682,0.11265897005796432,2.3832106590270996
839277350,Std-XY p=8,0,spsa,sequential,1,random_shared_stream,75,120,5,16,7.653992652893066,167,1.1577725410461426,0.28944313526153564,0.08246830850839615,0.07854124158620834,0.08377733081579208,0.028626977139775862,0.01293149713891721,0.033143527805805206,2.4391324520111084
839277350,Std-XY p=8,0,spsa,sequential,1,random_shared_stream,80,120,5,16,7.646511077880859,177,5.823677062988281,1.4559192657470703,2.086580514907837,1.9872195720672607,2.1197009086608887,0.027679982372590124,0.012847478719003411,0.16119927167892456,2.495353937149048
839277350,Std-XY p=8,0,spsa,sequential,1,random_shared_stream,85,120,5,16,7.646164894104004,187,3.331386089324951,0.8328465223312378,0.6502812504768372,0.6936333179473877,0.5202249884605408,0.026812017689213426,0.012769052840860788,0.08932118117809296,2.553767204284668
839277350,Std-XY p=8,0,spsa,sequential,1,random_shared_stream,90,120,5,16,7.624923229217529,197,1.9651075601577759,0.49127689003944397,0.22626841068267822,0.18101473152637482,0.24135297536849976,0.02601290038715655,0.01269554947299621,0.0511181503534317,2.6124024391174316
839277350,Std-XY p=8,0,spsa,sequential,1,random_shared_stream,95,120,5,16,7.622524738311768,207,5.698218822479248,1.424554705619812,1.9025212526321411,1.9025212526321411,1.9025212526321411,0.025274178425512203,0.012626410699612943,0.1440178006887436,2.6697659492492676
839277350,Std-XY p=8,0,spsa,sequential,1,random_shared_stream,100,120,5,16,7.621323585510254,217,7.819933891296387,1.9549834728240967,3.82196044921875,2.8664703369140625,2.8664703369140625,0.024588771527975138,0.012561167176266359,0.192282572388649,2.7262485027313232
839277350,Std-XY p=8,0,spsa,sequential,1,random_shared_stream,105,120,5,16,7.621323585510254,227,10.544159889221191,2.636039972305298,5.9715447425842285,6.5144124031066895,5.211529731750488,0.023950698983746167,0.01249942043693397,0.25,2.783557415008545
839277350,Std-XY p=8,0,spsa,sequential,1,random_shared_stream,110,120,5,16,7.621323585510254,237,11.098219871520996,2.774554967880249,7.2170209884643555,7.2170209884643555,3.367943048477173,0.02335487048335936,0.012440829393713411,0.25,2.8394525051116943
839277350,Std-XY p=8,0,spsa,sequential,1,random_shared_stream,115,120,5,16,7.621323585510254,247,1.9508391618728638,0.48770979046821594,0.23786085844039917,0.22299455106258392,0.22299455106258392,0.022796923468332696,0.012385099893453082,0.044473130255937576,2.8958945274353027
839277350,Std-XY p=8,0,spsa,sequential,1,random_shared_stream,120,120,5,16,7.621323585510254,257,5.020642280578613,1.2551605701446533,1.5754280090332031,1.476963758468628,1.476963758468628,0.02227309526935423,0.012331976538504544,0.11182524263858795,2.953979969024658
839277350,Std-XY p=8,0,spsa,sequential,2,random_shared_stream,1,120,5,16,7.6970648765563965,19,5.013608932495117,1.2534022331237793,1.5710170269012451,1.4728285074234009,1.4728285074234009,0.08682218938968571,0.02,0.25,3.0680108070373535
839277350,Std-XY p=8,0,spsa,sequential,2,random_shared_stream,5,120,5,16,7.656994819641113,27,2.1593611240386963,0.5398402810096741,0.25044554471969604,0.21857064962387085,0.27321332693099976,0.07387447042675958,0.016999416915812672,0.1595216691493988,3.114992380142212
839277350,Std-XY p=8,0,spsa,sequential,2,random_shared_stream,10,120,5,16,7.655093669891357,37,0.5964515805244446,0.14911289513111115,0.022234655916690826,0.020844990387558937,0.020844990387558937,0.06325373538894971,0.015850026609609436,0.03772779181599617,3.170975685119629
839277350,Std-XY p=8,0,spsa,sequential,2,random_shared_stream,15,120,5,16,7.6535115242004395,47,1.1615934371948242,0.29039835929870605,0.0843311995267868,0.07906050235033035,0.07906050235033035,0.05591697196131802,0.015214047873475552,0.0649527907371521,3.2293806076049805
839277350,Std-XY p=8,0,spsa,sequential,2,random_shared_stream,20,120,5,16,7.635653495788574,57,3.81138014793396,0.95284503698349,0.8937274813652039,0.8511690497398376,0.680935263633728,0.05048058095746682,0.014778350620464044,0.19240069389343262,3.2858481407165527
839277350,Std-XY p=8,0,spsa,sequential,2,random_shared_stream,25,120,5,16,7.635653495788574,67,0.5136994123458862,0.12842485308647156,0.016492942348122597,0.015462134033441544,0.015462134033441544,0.04625590617592793,0.014449008773880907,0.023761631920933723,3.3441786766052246
839277350,Std-XY p=8,0,spsa,sequential,2,random_shared_stream,30,120,5,16,7.635653495788574,77,1.1301263570785522,0.28253158926963806,0.07857684046030045,0.07982409745454788,0.07483509182929993,0.04285767019656581,0.014185372641231635,0.048434581607580185,3.400456190109253
839277350,Std-XY p=8,0,spsa,sequential,2,random_shared_stream,35,120,5,16,7.635653495788574,87,0.35514673590660095,0.08878668397665024,0.007390383630990982,0.007390383630990982,0.007390383630990982,0.04005177067264913,0.013966227856027484,0.014224255457520485,3.4561240673065186
839277350,Std-XY p=8,0,spsa,sequential,2,random_shared_stream,40,120,5,16,7.634008884429932,97,1.7179675102233887,0.42949187755584717,0.181581050157547,0.1844632774591446,0.17293432354927063,0.0376869176287913,0.013779134410346052,0.06474489718675613,3.514554977416992
839277350,Std-XY p=8,0,spsa,sequential,2,random_shared_stream,45,120,5,16,7.634008884429932,107,1.519932508468628,0.379983127117157,0.14213111996650696,0.10829037427902222,0.13536298274993896,0.035660544341463624,0.013616187769422706,0.05420161783695221,3.5725715160369873
839277350,Std-XY p=8,0,spsa,sequential,2,random_shared_stream,50,120,5,16,7.6298909187316895,117,0.9117628931999207,0.22794072329998016,0.03896772861480713,0.03896772861480713,0.03896772861480713,0.03390040090833898,0.013472060523173781,0.030909128487110138,3.62850022315979
839277350,Std-XY p=8,0,spsa,sequential,2,random_shared_stream,55,120,5,16,7.6298909187316895,127,0.8403171896934509,0.21007929742336273,0.03309998661279678,0.04137498140335083,0.01930832490324974,0.032353971610589,0.01334299625175472,0.02718759886920452,3.6848809719085693
839277350,Std-XY p=8,0,spsa,sequential,2,random_shared_stream,60,120,5,16,7.626657962799072,137,0.6914836764335632,0.1728709191083908,0.029417412355542183,0.028016582131385803,0.022413266822695732,0.030982072683438184,0.013226249755755135,0.021423598751425743,3.7429118156433105
839277350,Std-XY p=8,0,spsa,sequential,2,random_shared_stream,65,120,5,16,7.621102333068848,147,1.543789029121399,0.38594725728034973,0.09076962620019913,0.06516793370246887,0.11171646416187286,0.029754812284199374,0.01311975565249048,0.04593515396118164,3.8020033836364746
839277350,Std-XY p=8,0,spsa,sequential,2,random_shared_stream,70,120,5,16,7.618215560913086,157,0.4256480038166046,0.10641200095415115,0.01114658359438181,0.011323514394462109,0.010615793988108635,0.02864894885950652,0.013021922119457682,0.012194368056952953,3.86032772064209
839277350,Std-XY p=8,0,spsa,sequential,2,random_shared_stream,75,120,5,16,7.61495304107666,167,0.4351879954338074,0.10879699885845184,0.010172238573431969,0.011096986941993237,0.008877590298652649,0.027646110607612136,0.01293149713891721,0.012031256221234798,3.91721510887146
839277350,Std-XY p=8,0,spsa,sequential,2,random_shared_stream,80,120,5,16,7.609996318817139,177,0.3385651707649231,0.08464129269123077,0.007052208762615919,0.006716389209032059,0.0053731114603579044,0.026731563397453858,0.012847478719003411,0.00905037671327591,3.974998950958252
839277350,Std-XY p=8,0,spsa,sequential,2,random_shared_stream,85,120,5,16,7.6098952293396,187,0.08208033442497253,0.020520083606243134,0.00042107381159439683,0.00039475670200772583,0.00039475670200772583,0.025893338406985267,0.012769052840860788,0.0021253337617963552,4.0324060916900635
839277350,Std-XY p=8,0,spsa,sequential,2,random_shared_stream,90,120,5,16,7.6098952293396,197,0.004582246299833059,0.0011455615749582648,1.1277675184828695e-06,1.2302917866691132e-06,9.842334520726581e-07,0.025121601830913998,0.01269554947299621,0.00011511336197145283,4.090625286102295
839277350,Std-XY p=8,0,spsa,sequential,2,random_shared_stream,95,120,5,16,7.597022533416748,207,1.0043240785598755,0.25108101963996887,0.05910157412290573,0.06304167956113815,0.047281257808208466,0.024408191226637684,0.012626410699612943,0.024513734504580498,4.146902322769165
839277350,Std-XY p=8,0,spsa,sequential,2,random_shared_stream,100,120,5,16,7.5920891761779785,217,1.7571486234664917,0.4392871558666229,0.18091237545013428,0.14472991228103638,0.19297321140766144,0.023746268914407186,0.012561167176266359,0.041725724935531616,4.204890727996826
839277350,Std-XY p=8,0,spsa,sequential,2,random_shared_stream,105,120,5,16,7.5920891761779785,227,4.185909271240234,1.0464773178100586,0.8213361501693726,1.026670217514038,0.47911274433135986,0.023130059104782393,0.01249942043693397,0.09682033210992813,4.262429237365723
839277350,Std-XY p=8,0,spsa,sequential,2,random_shared_stream,110,120,5,16,7.5920891761779785,237,3.630849838256836,0.907712459564209,0.7080750465393066,0.6179563999176025,0.772445559501648,0.022554645901200595,0.012440829393713411,0.08189252763986588,4.320499420166016
839277350,Std-XY p=8,0,spsa,sequential,2,random_shared_stream,115,120,5,16,7.5920891761779785,247,1.4156770706176758,0.35391926765441895,0.11743016541004181,0.09394413232803345,0.12525884807109833,0.02201581622263206,0.012385099893453082,0.0311672855168581,4.376335144042969
839277350,Std-XY p=8,0,spsa,sequential,2,random_shared_stream,120,120,5,16,7.5920891761779785,257,0.1978963017463684,0.0494740754365921,0.002103478414937854,0.0018357629887759686,0.002294703619554639,0.02150993632278671,0.012331976538504544,0.00425673695281148,4.432944297790527
839277350,Std-XY p=8,0,spsa,sequential,3,random_shared_stream,1,120,5,16,7.702980995178223,19,1.6009330749511719,0.40023326873779297,0.15768375992774963,0.15017500519752502,0.16018666326999664,0.2814260840392519,0.02,0.25,4.546558141708374
839277350,Std-XY p=8,0,spsa,sequential,3,random_shared_stream,5,120,5,16,7.684258460998535,27,1.7356908321380615,0.4339227080345154,0.18534688651561737,0.17652085423469543,0.18828891217708588,0.23945725244687627,0.016999416915812672,0.25,4.593693733215332
839277350,Std-XY p=8,0,spsa,sequential,3,random_shared_stream,10,120,5,16,7.670873641967773,37,0.18941083550453186,0.047352708876132965,0.002207243349403143,0.0022422790061682463,0.002102136379107833,0.20503112368509235,0.015850026609609436,0.03883511573076248,4.6509881019592285
839277350,Std-XY p=8,0,spsa,sequential,3,random_shared_stream,15,120,5,16,7.656260013580322,47,2.3621761798858643,0.5905440449714661,0.3269459009170532,0.34874227643013,0.2615567147731781,0.18124968468343922,0.015214047873475552,0.25,4.707028865814209
839277350,Std-XY p=8,0,spsa,sequential,3,random_shared_stream,20,120,5,16,7.656260013580322,57,0.19424086809158325,0.04856021702289581,0.0020264878403395414,0.0017685710918158293,0.0022107139229774475,0.16362812685041578,0.014778350620464044,0.031783271580934525,4.7643702030181885
839277350,Std-XY p=8,0,spsa,sequential,3,random_shared_stream,25,120,5,16,7.6421895027160645,67,0.48960840702056885,0.12240210175514221,0.014045882038772106,0.0112367058172822,0.014982274733483791,0.14993423490337493,0.014449008773880907,0.0734090581536293,4.820883512496948
839277350,Std-XY p=8,0,spsa,sequential,3,random_shared_stream,30,120,5,16,7.634502410888672,77,1.56126868724823,0.3903171718120575,0.14282578229904175,0.15234749019145966,0.11426061391830444,0.13891916777553787,0.014185372641231635,0.2168901562690735,4.877905368804932
839277350,Std-XY p=8,0,spsa,sequential,3,random_shared_stream,35,120,5,16,7.634502410888672,87,0.9120736122131348,0.2280184030532837,0.05199239403009415,0.0487428680062294,0.0487428680062294,0.129824104396299,0.013966227856027484,0.11840913444757462,4.935402870178223
839277350,Std-XY p=8,0,spsa,sequential,3,random_shared_stream,40,120,5,16,7.634502410888672,97,3.6444690227508545,0.9111172556877136,0.8171637654304504,0.8301346302032471,0.7782512307167053,0.12215865232535318,0.013779134410346052,0.25,4.993572473526001
839277350,Std-XY p=8,0,spsa,sequential,3,random_shared_stream,45,120,5,16,7.634502410888672,107,0.7492851614952087,0.18732129037380219,0.03289618715643883,0.026316948235034943,0.035089265555143356,0.11559035102976156,0.013616187769422706,0.08661013096570969,5.050035715103149
839277350,Std-XY p=8,0,spsa,sequential,3,random_shared_stream,50,120,5,16,7.630350589752197,117,0.5349528193473816,0.1337382048368454,0.015370700508356094,0.013414429500699043,0.016768036410212517,0.10988500914407857,0.013472060523173781,0.05878329277038574,5.104854345321655
839277350,Std-XY p=8,0,spsa,sequential,3,random_shared_stream,55,120,5,16,7.616130352020264,127,0.7481160163879395,0.18702900409698486,0.03497985005378723,0.03279361128807068,0.03279361128807068,0.10487240183057252,0.01334299625175472,0.07845672965049744,5.162802457809448
839277350,Std-XY p=8,0,spsa,sequential,3,random_shared_stream,60,120,5,16,7.616130352020264,137,1.2709888219833374,0.31774720549583435,0.09465307742357254,0.09465307742357254,0.09465307742357254,0.10042551854555402,0.013226249755755135,0.12763971090316772,5.219097137451172
839277350,Std-XY p=8,0,spsa,sequential,3,random_shared_stream,65,120,5,16,7.604830741882324,147,4.895304203033447,1.2238260507583618,1.497750163078308,1.497750163078308,1.497750163078308,0.0964474676500158,0.01311975565249048,0.25,5.274652719497681
839277350,Std-XY p=8,0,spsa,sequential,3,random_shared_stream,70,120,5,16,7.5174641609191895,157,5.256152153015137,1.3140380382537842,1.6187775135040283,1.2950220108032227,1.7266960144042969,0.09286291380172827,0.013021922119457682,0.25,5.333299160003662
839277350,Std-XY p=8,0,spsa,sequential,3,random_shared_stream,75,120,5,16,7.5174641609191895,167,2.127044916152954,0.5317612290382385,0.27835172414779663,0.21207749843597412,0.26509687304496765,0.0896123065072187,0.01293149713891721,0.1906093955039978,5.391345262527466
839277350,Std-XY p=8,0,spsa,sequential,3,random_shared_stream,80,120,5,16,7.5174641609191895,177,1.7698028087615967,0.44245070219039917,0.19576261937618256,0.18352745473384857,0.18352745473384857,0.08664788644556055,0.012847478719003411,0.15334966778755188,5.447607755661011
839277350,Std-XY p=8,0,spsa,sequential,3,random_shared_stream,85,120,5,16,7.5174641609191895,187,1.7598352432250977,0.4399588108062744,0.1814660280942917,0.19356375932693481,0.1451728194952011,0.08393085778883516,0.012769052840860788,0.14770448207855225,5.503959655761719
839277350,Std-XY p=8,0,spsa,sequential,3,random_shared_stream,90,120,5,16,7.5174641609191895,197,7.7315263748168945,1.9328815937042236,3.6776556968688965,3.5025291442871094,2.802023410797119,0.08142934516815253,0.01269554947299621,0.25,5.56131386756897
839277350,Std-XY p=8,0,spsa,sequential,3,random_shared_stream,95,120,5,16,7.4438934326171875,207,4.2632222175598145,1.0658055543899536,1.135941505432129,1.135941505432129,1.135941505432129,0.07911689078195375,0.012626410699612943,0.25,5.618236064910889
839277350,Std-XY p=8,0,spsa,sequential,3,random_shared_stream,100,120,5,16,7.4438934326171875,217,2.094775676727295,0.5236939191818237,0.2699700891971588,0.27425533533096313,0.25711438059806824,0.07697133092474787,0.012561167176266359,0.1612376719713211,5.675599813461304
839277350,Std-XY p=8,0,spsa,sequential,3,random_shared_stream,105,120,5,16,7.4438934326171875,227,2.711078643798828,0.677769660949707,0.4593716859817505,0.4306609630584717,0.4306609630584717,0.07497394391011125,0.01249942043693397,0.20326024293899536,5.733133316040039
839277350,Std-XY p=8,0,spsa,sequential,3,random_shared_stream,110,120,5,16,7.4438934326171875,237,3.760016679763794,0.9400041699409485,0.7593505382537842,0.38657844066619873,0.8836078643798828,0.07310879531472529,0.012440829393713411,0.25,5.789394855499268
839277350,Std-XY p=8,0,spsa,sequential,3,random_shared_stream,115,120,5,16,7.4438934326171875,247,2.911897897720337,0.7279744744300842,0.521666407585144,0.4968251883983612,0.5299468636512756,0.07136222882671542,0.012385099893453082,0.2077995240688324,5.8465752601623535
839277350,Std-XY p=8,0,spsa,sequential,3,random_shared_stream,120,120,5,16,7.4438934326171875,257,2.1376514434814453,0.5344128608703613,0.26774731278419495,0.21419784426689148,0.2855971157550812,0.06972246599409837,0.012331976538504544,0.14904232323169708,5.90439772605896
839277350,Std-XY p=8,0,spsa,sequential,4,continuation,1,120,5,16,0.3888651728630066,19,4.254478454589844,1.063619613647461,1.0605813264846802,0.848465085029602,1.1312867403030396,0.019283964812119567,0.02,0.08204321563243866,6.011399507522583
839277350,Std-XY p=8,0,spsa,sequential,4,continuation,5,120,5,16,0.3888651728630066,27,141.10325622558594,35.275814056396484,1069.3917236328125,933.2872924804688,1166.609130859375,0.016408163606996512,0.016999416915812672,0.25,6.058677434921265
839277350,Std-XY p=8,0,spsa,sequential,4,continuation,10,120,5,16,0.3888651728630066,37,348.49853515625,87.1246337890625,7472.09716796875,7116.283203125,5693.0263671875,0.014049205808446662,0.015850026609609436,0.25,6.1173319816589355
839277350,Std-XY p=8,0,spsa,sequential,4,continuation,15,120,5,16,0.3888651728630066,47,56.82016372680664,14.20504093170166,201.78318786621094,201.78318786621094,201.78318786621094,0.012419646720293755,0.015214047873475552,0.25,6.17612361907959
839277350,Std-XY p=8,0,spsa,sequential,4,continuation,20,120,5,16,0.3888651728630066,57,35.97089385986328,8.99272346496582,79.6054916381836,75.81475067138672,60.65180206298828,0.011212176906872482,0.014778350620464044,0.25,6.234771966934204
839277350,Std-XY p=8,0,spsa,sequential,4,continuation,25,120,5,16,0.3888651728630066,67,142.864501953125,35.71612548828125,1255.709716796875,1195.9140625,1275.6416015625,0.010273839825044378,0.014449008773880907,0.25,6.291695833206177
839277350,Std-XY p=8,0,spsa,sequential,4,continuation,30,120,5,16,0.3888651728630066,77,167.119140625,41.77978515625,1745.5504150390625,1745.5504150390625,1745.5504150390625,0.009519062002578146,0.014185372641231635,0.25,6.347912311553955
839277350,Std-XY p=8,0,spsa,sequential,4,continuation,35,120,5,16,0.3888651728630066,87,165.6654052734375,41.416351318359375,1715.314208984375,1715.314208984375,1715.314208984375,0.008895847268350535,0.013966227856027484,0.25,6.405390024185181
839277350,Std-XY p=8,0,spsa,sequential,4,continuation,40,120,5,16,0.3888651728630066,97,165.33682250976562,41.334205627441406,1708.5166015625,1601.734375,1601.734375,0.008370592800521992,0.013779134410346052,0.25,6.4606852531433105
839277350,Std-XY p=8,0,spsa,sequential,4,continuation,45,120,5,16,0.3888651728630066,107,60.814388275146484,15.203597068786621,231.14938354492188,216.70254516601562,216.70254516601562,0.007920517636053863,0.013616187769422706,0.25,6.516470432281494
839277350,Std-XY p=8,0,spsa,sequential,4,continuation,50,120,5,16,0.3888651728630066,117,22.1522274017334,5.53805685043335,28.75319480895996,28.75319480895996,28.75319480895996,0.007529574442070189,0.013472060523173781,0.16679684817790985,6.575265407562256
839277350,Std-XY p=8,0,spsa,sequential,4,continuation,55,120,5,16,0.3888651728630066,127,39.38276672363281,9.845691680908203,95.42298889160156,90.87903594970703,96.9376449584961,0.007186099019809252,0.01334299625175472,0.25,6.636036396026611
839277350,Std-XY p=8,0,spsa,sequential,4,continuation,60,120,5,16,0.3888651728630066,137,48.4759635925293,12.118990898132324,146.86993408203125,146.86993408203125,146.86993408203125,0.00688138831367606,0.013226249755755135,0.25,6.693148851394653
839277350,Std-XY p=8,0,spsa,sequential,4,continuation,65,120,5,16,0.3888651728630066,147,254.0657501220703,63.51643753051758,3782.19189453125,3025.75341796875,4034.337890625,0.006608803084939124,0.01311975565249048,0.25,6.750515937805176
839277350,Std-XY p=8,0,spsa,sequential,4,continuation,70,120,5,16,0.3888651728630066,157,96.88941192626953,24.222352981567383,550.05224609375,550.05224609375,550.05224609375,0.006363181182074273,0.013021922119457682,0.25,6.808532476425171
839277350,Std-XY p=8,0,spsa,sequential,4,continuation,75,120,5,16,0.3888651728630066,167,172.24365234375,43.0609130859375,1825.2696533203125,1854.2421875,1738.35205078125,0.00614044206782572,0.01293149713891721,0.25,6.865789175033569
839277350,Std-XY p=8,0,spsa,sequential,4,continuation,80,120,5,16,0.3888651728630066,177,25.2911376953125,6.322784423828125,34.355751037597656,39.977603912353516,17.490201950073242,0.005937313163294668,0.012847478719003411,0.15016140043735504,6.921166181564331
839277350,Std-XY p=8,0,spsa,sequential,4,continuation,85,120,5,16,0.3888651728630066,187,48.129249572753906,12.032312393188477,135.72799682617188,144.7765350341797,108.5823974609375,0.005751136088811035,0.012769052840860788,0.25,6.976935148239136
839277350,Std-XY p=8,0,spsa,sequential,4,continuation,90,120,5,16,0.3888651728630066,197,59.31282043457031,14.828205108642578,216.4401092529297,206.13343811035156,164.90675354003906,0.005579726670529861,0.01269554947299621,0.25,7.03380012512207
839277350,Std-XY p=8,0,spsa,sequential,4,continuation,95,120,5,16,0.3888651728630066,207,65.10462188720703,16.276155471801758,161.43150329589844,115.89954376220703,198.6849365234375,0.005421271958823503,0.012626410699612943,0.25,7.090198516845703
839277350,Std-XY p=8,0,spsa,sequential,4,continuation,100,120,5,16,0.3888651728630066,217,66.22303009033203,16.555757522583008,269.8104248046875,274.0931091308594,256.9622802734375,0.005274253245437705,0.012561167176266359,0.25,7.146010637283325
839277350,Std-XY p=8,0,spsa,sequential,4,continuation,105,120,5,16,0.3888651728630066,227,49.76740264892578,12.441850662231445,154.79965209960938,154.79965209960938,154.79965209960938,0.00513738767720891,0.01249942043693397,0.25,7.203826904296875
839277350,Std-XY p=8,0,spsa,sequential,4,continuation,110,120,5,16,0.3888651728630066,237,82.08679962158203,20.521699905395508,414.55987548828125,315.8551330566406,394.81890869140625,0.005009583390674544,0.012440829393713411,0.25,7.261903285980225
839277350,Std-XY p=8,0,spsa,sequential,4,continuation,115,120,5,16,0.3888651728630066,247,286.68304443359375,71.67076110839844,5056.4365234375,4815.65380859375,5136.69775390625,0.004889904623826081,0.012385099893453082,0.25,7.31886100769043
839277350,Std-XY p=8,0,spsa,sequential,4,continuation,120,120,5,16,0.3888651728630066,257,88.25835418701172,22.06458854675293,456.4181823730469,365.1345520019531,486.8460693359375,0.004777544289948861,0.012331976538504544,0.25,7.374093532562256
839277350,Std-XY p=9,0,spsa,sequential,0,deterministic_linear_ramp,1,120,5,18,13.716248512268066,19,200.1181640625,47.168304443359375,2197.381591796875,2197.381591796875,1977.6434326171875,0.0014831731386698765,0.02,0.25,0.11738157272338867
839277350,Std-XY p=9,0,spsa,sequential,0,deterministic_linear_ramp,5,120,5,18,11.487821578979492,27,106.97737884521484,25.21480941772461,627.9373779296875,439.5561828613281,565.1436767578125,0.001261988795037787,0.016999416915812672,0.13500426709651947,0.16967105865478516
839277350,Std-XY p=9,0,spsa,sequential,0,deterministic_linear_ramp,10,120,5,18,9.537752151489258,37,7.735819339752197,1.8233500719070435,2.667893409729004,3.2835609912872314,1.3134244680404663,0.0010805560411330467,0.015850026609609436,0.008358987048268318,0.23553085327148438
839277350,Std-XY p=9,0,spsa,sequential,0,deterministic_linear_ramp,15,120,5,18,8.871521949768066,47,101.4203109741211,23.90499496459961,507.9544677734375,507.95452880859375,507.95452880859375,0.00095522298379907,0.015214047873475552,0.0968790203332901,0.300095796585083
839277350,Std-XY p=9,0,spsa,sequential,0,deterministic_linear_ramp,20,120,5,18,7.0814642906188965,57,222.3046875,52.39772033691406,2711.62548828125,2440.462890625,2711.62548828125,0.0008623537626368523,0.014778350620464044,0.19170528650283813,0.3642749786376953
839277350,Std-XY p=9,0,spsa,sequential,0,deterministic_linear_ramp,25,120,5,18,5.9443488121032715,67,80.25418090820312,18.916091918945312,340.14849853515625,318.0609130859375,353.4010314941406,0.0007901841456340946,0.014449008773880907,0.06341557949781418,0.4288749694824219
839277350,Std-XY p=9,0,spsa,sequential,0,deterministic_linear_ramp,30,120,5,18,4.800600528717041,77,155.01329040527344,36.53697967529297,1318.47021484375,1186.623291015625,1318.47021484375,0.0007321324844299581,0.014185372641231635,0.1134902685880661,0.49454283714294434
839277350,Std-XY p=9,0,spsa,sequential,0,deterministic_linear_ramp,35,120,5,18,3.632685661315918,87,33.46337890625,7.887393474578857,49.922386169433594,24.577177047729492,61.44293975830078,0.0006841996364686947,0.013966227856027484,0.022895628586411476,0.5582053661346436
839277350,Std-XY p=9,0,spsa,sequential,0,deterministic_linear_ramp,40,120,5,18,2.8349087238311768,97,54.37850570678711,12.81713581085205,162.2508544921875,162.25083923339844,162.25086975097656,0.0006438011330883098,0.013779134410346052,0.03500894084572792,0.6229119300842285
839277350,Std-XY p=9,0,spsa,sequential,0,deterministic_linear_ramp,45,120,5,18,2.6966962814331055,107,40.05049133300781,9.43999195098877,88.01327514648438,79.21195220947266,88.0132827758789,0.0006091848391453743,0.013616187769422706,0.02439815178513527,0.6874005794525146
839277350,Std-XY p=9,0,spsa,sequential,0,deterministic_linear_ramp,50,120,5,18,2.2492146492004395,117,62.79910659790039,14.801892280578613,216.39109802246094,151.47377014160156,194.7519989013672,0.0005791165181485441,0.013472060523173781,0.0363679975271225,0.7518692016601562
839277350,Std-XY p=9,0,spsa,sequential,0,deterministic_linear_ramp,55,120,5,18,1.9194111824035645,127,10.23995304107666,2.4135801792144775,5.537696838378906,5.753451347351074,5.17810583114624,0.0005526990503169005,0.01334299625175472,0.005659612361341715,0.8164052963256836
839277350,Std-XY p=9,0,spsa,sequential,0,deterministic_linear_ramp,60,120,5,18,1.3839315176010132,137,155.8672332763672,36.738258361816406,1283.0478515625,1199.73291015625,1333.0367431640625,0.0005292630640555148,0.013226249755755135,0.08249476552009583,0.8813703060150146
839277350,Std-XY p=9,0,spsa,sequential,0,deterministic_linear_ramp,65,120,5,18,1.2948890924453735,147,100.98332214355469,23.8019962310791,559.540771484375,559.540771484375,503.5867004394531,0.0005082979205697354,0.01311975565249048,0.051329609006643295,0.9460165500640869
839277350,Std-XY p=9,0,spsa,sequential,0,deterministic_linear_ramp,70,120,5,18,1.0629394054412842,157,7.496487617492676,1.7669389247894287,2.158470630645752,2.158470869064331,2.158470869064331,0.0004894065871667013,0.013021922119457682,0.0036688302643597126,1.010526180267334
839277350,Std-XY p=9,0,spsa,sequential,0,deterministic_linear_ramp,75,120,5,18,0.8726836442947388,167,118.81477355957031,28.00490951538086,542.21484375,542.21484375,542.2149047851562,0.000472275220541465,0.01293149713891721,0.05611327663064003,1.0758092403411865
839277350,Std-XY p=9,0,spsa,sequential,0,deterministic_linear_ramp,80,120,5,18,0.833471953868866,177,98.96891021728516,23.32719612121582,376.2080383300781,483.6960754394531,214.9760284423828,0.00045665211928489413,0.012847478719003411,0.045194365084171295,1.1402239799499512
839277350,Std-XY p=9,0,spsa,sequential,0,deterministic_linear_ramp,85,120,5,18,0.8322939872741699,187,51.972564697265625,12.25005054473877,133.38998413085938,133.38998413085938,133.38998413085938,0.00044233282143299593,0.012769052840860788,0.022989170625805855,1.2040901184082031
839277350,Std-XY p=9,0,spsa,sequential,0,deterministic_linear_ramp,90,120,5,18,0.42848679423332214,197,67.39148712158203,15.88432502746582,249.19680786132812,249.19683837890625,224.27716064453125,0.0004291493372591455,0.01269554947299621,0.028921011835336685,1.268799066543579
839277350,Std-XY p=9,0,spsa,sequential,0,deterministic_linear_ramp,95,120,5,18,0.4283551573753357,207,50.620426177978516,11.93134880065918,140.59962463378906,140.59962463378906,126.53964233398438,0.00041696222872683543,0.012626410699612943,0.02110680751502514,1.3332397937774658
839277350,Std-XY p=9,0,spsa,sequential,0,deterministic_linear_ramp,100,120,5,18,0.26504650712013245,217,1.0300071239471436,0.24277502298355103,0.040748439729213715,0.040748439729213715,0.040748439729213715,0.00040565468856587335,0.012561167176266359,0.00041782725020311773,1.397153377532959
839277350,Std-XY p=9,0,spsa,sequential,0,deterministic_linear_ramp,105,120,5,18,0.26504650712013245,227,15.367301940917969,3.622107744216919,13.11966323852539,9.070384979248047,9.070384979248047,0.00039512804965196284,0.01249942043693397,0.006072052288800478,1.4616029262542725
839277350,Std-XY p=9,0,spsa,sequential,0,deterministic_linear_ramp,110,120,5,18,0.2549189627170563,237,11.132246017456055,2.6238956451416016,6.884828567504883,6.799830436706543,6.799830436706543,0.0003852983343085959,0.012440829393713411,0.004289235919713974,1.5248980522155762
839277350,Std-XY p=9,0,spsa,sequential,0,deterministic_linear_ramp,115,120,5,18,0.12609213590621948,247,2.10137677192688,0.49529924988746643,0.24229271709918976,0.24229270219802856,0.24229271709918976,0.00037609357097345345,0.012385099893453082,0.000790314341429621,1.587399959564209
839277350,Std-XY p=9,0,spsa,sequential,0,deterministic_linear_ramp,120,120,5,18,0.12609213590621948,257,10.326245307922363,2.4339194297790527,5.265745639801025,5.265745639801025,5.265745639801025,0.00036745168479069423,0.012331976538504544,0.003794396296143532,1.651719093322754
839277350,Std-XY p=9,0,spsa,sequential,1,random_shared_stream,1,120,5,18,7.687277793884277,19,1.1934975385665894,0.2813100814819336,0.07522743940353394,0.05471086874604225,0.07815837860107422,0.12664630528485052,0.02,0.15115207433700562,1.7773888111114502
839277350,Std-XY p=9,0,spsa,sequential,1,random_shared_stream,5,120,5,18,7.67441463470459,27,0.036178115755319595,0.008527262136340141,6.912339449627325e-05,7.18165174475871e-05,5.027155566494912e-05,0.1077596499258002,0.016999416915812672,0.0038985407445579767,1.8303818702697754
839277350,Std-XY p=9,0,spsa,sequential,1,random_shared_stream,10,120,5,18,7.67441463470459,37,1.3100653886795044,0.3087853789329529,0.09417127072811127,0.08475413918495178,0.09417127072811127,0.09226733325648835,0.015850026609609436,0.120876245200634,1.8948123455047607
839277350,Std-XY p=9,0,spsa,sequential,1,random_shared_stream,15,120,5,18,7.66784143447876,47,0.7133304476737976,0.16813360154628754,0.027919908985495567,0.027919908985495567,0.025127915665507317,0.08156529973959396,0.015214047873475552,0.05818301439285278,1.960338830947876
839277350,Std-XY p=9,0,spsa,sequential,1,random_shared_stream,20,120,5,18,7.66702127456665,57,0.3164275586605072,0.07458268105983734,0.004463796969503164,0.003845732193440199,0.004944513086229563,0.07363531272174358,0.014778350620464044,0.02330024167895317,2.024240732192993
839277350,Std-XY p=9,0,spsa,sequential,1,random_shared_stream,25,120,5,18,7.66702127456665,67,1.0634685754776,0.2506619691848755,0.05972862243652344,0.062055714428424835,0.05585014075040817,0.06747283909751192,0.014449008773880907,0.07175523787736893,2.0860750675201416
839277350,Std-XY p=9,0,spsa,sequential,1,random_shared_stream,30,120,5,18,7.663018703460693,77,0.6434080600738525,0.1516527384519577,0.021862821653485298,0.02271462231874466,0.020443156361579895,0.06251588011850483,0.014185372641231635,0.040223218500614166,2.150510787963867
839277350,Std-XY p=9,0,spsa,sequential,1,random_shared_stream,35,120,5,18,7.662181377410889,87,1.8572314977645874,0.43775367736816406,0.18216516077518463,0.1892624944448471,0.17033624649047852,0.058422953987494544,0.013966227856027484,0.10850495845079422,2.213303565979004
839277350,Std-XY p=9,0,spsa,sequential,1,random_shared_stream,40,120,5,18,7.657122611999512,97,1.9977760314941406,0.47088029980659485,0.21899089217185974,0.19709180295467377,0.15329362452030182,0.054973376147410644,0.013779134410346052,0.10982449352741241,2.277650833129883
839277350,Std-XY p=9,0,spsa,sequential,1,random_shared_stream,45,120,5,18,7.656838893890381,107,0.2422543615102768,0.05709989741444588,0.002616369165480137,0.0022541028447449207,0.0028981321956962347,0.05201753396268852,0.013616187769422706,0.012601473368704319,2.341787338256836
839277350,Std-XY p=9,0,spsa,sequential,1,random_shared_stream,50,120,5,18,7.656838893890381,117,0.22427326440811157,0.052861716598272324,0.0027598629239946604,0.0024838766548782587,0.0027598626911640167,0.04945003751801684,0.013472060523173781,0.011090321466326714,2.4043941497802734
839277350,Std-XY p=9,0,spsa,sequential,1,random_shared_stream,55,120,5,18,7.656838893890381,127,0.03328032046556473,0.007844246923923492,5.849358421983197e-05,6.07725560257677e-05,4.2540792492218316e-05,0.0471942828737145,0.01334299625175472,0.0015706408303231,2.4690933227539062
839277350,Std-XY p=9,0,spsa,sequential,1,random_shared_stream,60,120,5,18,7.656838893890381,137,0.45894771814346313,0.10817501693964005,0.011123966425657272,0.010401630774140358,0.011557366698980331,0.045193113223775436,0.013226249755755135,0.020741278305649757,2.533560037612915
839277350,Std-XY p=9,0,spsa,sequential,1,random_shared_stream,65,120,5,18,7.656838893890381,147,0.49459218978881836,0.11657650023698807,0.013422301039099693,0.013422301970422268,0.012080071493983269,0.04340292575812198,0.01311975565249048,0.021466746926307678,2.594851493835449
839277350,Std-XY p=9,0,spsa,sequential,1,random_shared_stream,70,120,5,18,7.656838893890381,157,0.5641794800758362,0.1329783946275711,0.017464937642216682,0.017464937642216682,0.01571844331920147,0.04178981835007912,0.013021922119457682,0.02357695810496807,2.658433437347412
839277350,Std-XY p=9,0,spsa,sequential,1,random_shared_stream,75,120,5,18,7.656838893890381,167,0.890789270401001,0.20996105670928955,0.044083643704652786,0.03918546065688133,0.03918546065688133,0.04032699231109617,0.01293149713891721,0.035922858864068985,2.720679521560669
839277350,Std-XY p=9,0,spsa,sequential,1,random_shared_stream,80,120,5,18,7.654269218444824,177,0.8136299252510071,0.1917744278907776,0.03496125712990761,0.032691046595573425,0.03632338345050812,0.038992955171635674,0.012847478719003411,0.03172583878040314,2.774116277694702
839277350,Std-XY p=9,0,spsa,sequential,1,random_shared_stream,85,120,5,18,7.652227878570557,187,0.8913482427597046,0.21009278297424316,0.04195927456021309,0.04359405115246773,0.03923465311527252,0.037770248179488715,0.012769052840860788,0.03366644307971001,2.8283491134643555
839277350,Std-XY p=9,0,spsa,sequential,1,random_shared_stream,90,120,5,18,7.6487812995910645,197,0.5833044052124023,0.13748617470264435,0.01890244334936142,0.016802173107862473,0.016802171245217323,0.036644526901326406,0.01269554947299621,0.021374912932515144,2.882620334625244
839277350,Std-XY p=9,0,spsa,sequential,1,random_shared_stream,95,120,5,18,7.647060871124268,207,1.2692911624908447,0.29917484521865845,0.08840056508779526,0.07956051081418991,0.08840057253837585,0.035603884897044476,0.012626410699612943,0.045191701501607895,2.9383296966552734
839277350,Std-XY p=9,0,spsa,sequential,1,random_shared_stream,100,120,5,18,7.647060871124268,217,0.5571725368499756,0.131326824426651,0.016395041719079018,0.015330430120229721,0.017033811658620834,0.034638348139461206,0.012561167176266359,0.01929953694343567,2.9927732944488525
839277350,Std-XY p=9,0,spsa,sequential,1,random_shared_stream,105,120,5,18,7.647060871124268,227,0.8044824600219727,0.189618319272995,0.02885286696255207,0.014204489067196846,0.03551122173666954,0.03373949156583819,0.01249942043693397,0.027142830193042755,3.0507137775421143
839277350,Std-XY p=9,0,spsa,sequential,1,random_shared_stream,110,120,5,18,7.647060871124268,237,0.13187967240810394,0.0310843363404274,0.0009543070918880403,0.0008588763885200024,0.0009543070918880403,0.03290014442707079,0.012440829393713411,0.004338860046118498,3.1165482997894287
839277350,Std-XY p=9,0,spsa,sequential,1,random_shared_stream,115,120,5,18,7.64608907699585,247,0.6285529732704163,0.14815135300159454,0.02167784981429577,0.021677851676940918,0.019510066136717796,0.032114161161177296,0.012385099893453082,0.020185451954603195,3.1819207668304443
839277350,Std-XY p=9,0,spsa,sequential,1,random_shared_stream,120,120,5,18,7.644475936889648,257,0.5959081053733826,0.140456885099411,0.01948457956314087,0.01948457956314087,0.017536122351884842,0.031376241273604236,0.012331976538504544,0.018697356805205345,3.2479300498962402
839277350,Std-XY p=9,0,spsa,sequential,2,random_shared_stream,1,120,5,18,7.6999969482421875,19,0.5555797815322876,0.1309514045715332,0.017148271203041077,0.016936562955379486,0.016936562955379486,0.049264839575521496,0.02,0.027370547875761986,3.372422456741333
839277350,Std-XY p=9,0,spsa,sequential,2,random_shared_stream,5,120,5,18,7.6856207847595215,27,6.217875003814697,1.4655672311782837,2.041818618774414,2.1213700771331787,1.4849591255187988,0.04191801611873742,0.016999416915812672,0.25,3.42557430267334
839277350,Std-XY p=9,0,spsa,sequential,2,random_shared_stream,10,120,5,18,7.6856207847595215,37,3.743272304534912,0.8822977542877197,0.7688387036323547,0.6919548511505127,0.7688387036323547,0.03589157505004465,0.015850026609609436,0.1343519389629364,3.4868438243865967
839277350,Std-XY p=9,0,spsa,sequential,2,random_shared_stream,15,120,5,18,7.653273582458496,47,0.3475898504257202,0.08192771673202515,0.006629284471273422,0.0066292849369347095,0.00596635602414608,0.03172853244761095,0.015214047873475552,0.011028516106307507,3.5501279830932617
839277350,Std-XY p=9,0,spsa,sequential,2,random_shared_stream,20,120,5,18,7.647948741912842,57,0.29822078347206116,0.07029131799936295,0.00494086928665638,0.004879871383309364,0.004879871383309364,0.028643803387480214,0.014778350620464044,0.008542178198695183,3.614279270172119
839277350,Std-XY p=9,0,spsa,sequential,2,random_shared_stream,25,120,5,18,7.647948741912842,67,1.2270737886428833,0.2892240583896637,0.08261784166097641,0.08261784166097641,0.08261784166097641,0.026246629037993126,0.014449008773880907,0.03220655024051666,3.6781370639801025
839277350,Std-XY p=9,0,spsa,sequential,2,random_shared_stream,30,120,5,18,7.647948741912842,77,0.7171400785446167,0.1690315455198288,0.02821892499923706,0.02821892499923706,0.02821892499923706,0.02431839442953797,0.014185372641231635,0.017439696937799454,3.743196725845337
839277350,Std-XY p=9,0,spsa,sequential,2,random_shared_stream,35,120,5,18,7.647948741912842,87,0.05518895760178566,0.013008162379264832,0.00016921228962019086,0.00016712324577383697,0.00016712324577383697,0.022726264688483443,0.013966227856027484,0.0012542388867586851,3.8070015907287598
839277350,Std-XY p=9,0,spsa,sequential,2,random_shared_stream,40,120,5,18,7.647948741912842,97,0.35589101910591125,0.08388432115316391,0.005646638106554747,0.006949707865715027,0.002779883099719882,0.021384394520911048,0.013779134410346052,0.00761051382869482,3.869251251220703
839277350,Std-XY p=9,0,spsa,sequential,2,random_shared_stream,45,120,5,18,7.623897552490234,107,8.666926383972168,2.042814254760742,4.121570587158203,4.121570587158203,4.121570110321045,0.020234585288708258,0.013616187769422706,0.1753716617822647,3.935025930404663
839277350,Std-XY p=9,0,spsa,sequential,2,random_shared_stream,50,120,5,18,7.623897552490234,117,3.7244982719421387,0.8778727054595947,0.761146068572998,0.7611461281776428,0.7611461281776428,0.01923584079179633,0.013472060523173781,0.07164385169744492,3.9991297721862793
839277350,Std-XY p=9,0,spsa,sequential,2,random_shared_stream,55,120,5,18,7.603107929229736,127,6.2208428382873535,1.4662666320800781,2.0437681674957275,1.9110559225082397,2.1233954429626465,0.018358362444336116,0.01334299625175472,0.11420448124408722,4.061862230300903
839277350,Std-XY p=9,0,spsa,sequential,2,random_shared_stream,60,120,5,18,7.603107929229736,137,0.05414681136608124,0.012762525118887424,0.00015483848983421922,0.00011260980681981891,0.00016087116091512144,0.017579916507473533,0.013226249755755135,0.000951896421611309,4.126420021057129
839277350,Std-XY p=9,0,spsa,sequential,2,random_shared_stream,65,120,5,18,7.573031902313232,147,4.53575325012207,1.0690873861312866,1.015953540802002,0.7901861667633057,1.12883722782135,0.016883541685427488,0.01311975565249048,0.07657958567142487,4.190876007080078
839277350,Std-XY p=9,0,spsa,sequential,2,random_shared_stream,70,120,5,18,7.52805233001709,157,5.593634128570557,1.318432331085205,1.7168034315109253,1.7168034315109253,1.7168034315109253,0.016256050204356835,0.013021922119457682,0.09093038737773895,4.256298542022705
839277350,Std-XY p=9,0,spsa,sequential,2,random_shared_stream,75,120,5,18,7.328264236450195,167,15.503785133361816,3.6542773246765137,13.353742599487305,13.188880920410156,13.188881874084473,0.015687017495701804,0.01293149713891721,0.2432081550359726,4.32294225692749
839277350,Std-XY p=9,0,spsa,sequential,2,random_shared_stream,80,120,5,18,7.268259048461914,177,2.5341100692749023,0.5972954630851746,0.3171216547489166,0.3171216547489166,0.3171216547489166,0.015168083086083691,0.012847478719003411,0.03843759000301361,4.387911796569824
839277350,Std-XY p=9,0,spsa,sequential,2,random_shared_stream,85,120,5,18,7.2406487464904785,187,32.689395904541016,7.704964637756348,58.63356399536133,58.63356018066406,58.63356399536133,0.014692455599908666,0.012769052840860788,0.25,4.451195478439331
839277350,Std-XY p=9,0,spsa,sequential,2,random_shared_stream,90,120,5,18,7.2406487464904785,197,9.597073554992676,2.262052059173584,5.116879940032959,4.548337459564209,4.548336982727051,0.014254555117532328,0.01269554947299621,0.13680201768875122,4.514257907867432
839277350,Std-XY p=9,0,spsa,sequential,2,random_shared_stream,95,120,5,18,7.2406487464904785,207,2.9836835861206055,0.7032609581947327,0.4884701371192932,0.439623087644577,0.3419290781021118,0.013849750087640696,0.012626410699612943,0.04132327064871788,4.576519012451172
839277350,Std-XY p=9,0,spsa,sequential,2,random_shared_stream,100,120,5,18,7.2406487464904785,217,11.576448440551758,2.728595018386841,6.617982864379883,5.14732027053833,7.3533148765563965,0.01347416065880089,0.012561167176266359,0.15598292648792267,4.640258550643921
839277350,Std-XY p=9,0,spsa,sequential,2,random_shared_stream,105,120,5,18,7.2406487464904785,227,17.022802352905273,4.012312889099121,14.309917449951172,11.129937171936035,15.899909019470215,0.013124509519738108,0.01249942043693397,0.22341595590114594,4.704153060913086
839277350,Std-XY p=9,0,spsa,sequential,2,random_shared_stream,110,120,5,18,7.2406487464904785,237,1.4693769216537476,0.3463354706764221,0.09625478088855743,0.08292718976736069,0.1066206842660904,0.012798007281504273,0.012440829393713411,0.01880509778857231,4.769065618515015
839277350,Std-XY p=9,0,spsa,sequential,2,random_shared_stream,115,120,5,18,7.025967121124268,247,48.479270935058594,11.426673889160156,116.06122589111328,90.26984405517578,128.9569091796875,0.012492263348302307,0.012385099893453082,0.25,4.834978342056274
839277350,Std-XY p=9,0,spsa,sequential,2,random_shared_stream,120,120,5,18,6.870852470397949,257,10.421215057373047,2.456303834915161,4.841640472412109,2.3835766315460205,5.95894193649292,0.012205215851740066,0.012331976538504544,0.12719318270683289,4.895947694778442
839277350,Std-XY p=9,0,spsa,sequential,3,random_shared_stream,1,120,5,18,7.754026412963867,19,2.327770471572876,0.5486607551574707,0.24156618118286133,0.2675809860229492,0.20811855792999268,0.06469434177622764,0.02,0.1505935788154602,5.025453329086304
839277350,Std-XY p=9,0,spsa,sequential,3,random_shared_stream,5,120,5,18,7.737964153289795,27,2.9786250591278076,0.7020686268806458,0.3407706916332245,0.1947260946035385,0.43813371658325195,0.055046529832088895,0.016999416915812672,0.1639629751443863,5.078031778335571
839277350,Std-XY p=9,0,spsa,sequential,3,random_shared_stream,10,120,5,18,7.7287468910217285,37,3.276120662689209,0.7721890211105347,0.5300230979919434,0.5300230979919434,0.5300230979919434,0.04713263745871304,0.015850026609609436,0.15441220998764038,5.143275737762451
839277350,Std-XY p=9,0,spsa,sequential,3,random_shared_stream,15,120,5,18,7.7287468910217285,47,4.436026096343994,1.0455814599990845,0.8772916793823242,0.43189743161201477,1.0797436237335205,0.04166575066335518,0.015214047873475552,0.18483035266399384,5.207204818725586
839277350,Std-XY p=9,0,spsa,sequential,3,random_shared_stream,20,120,5,18,7.687676906585693,57,0.9822736978530884,0.23152415454387665,0.05294165760278702,0.05294165387749672,0.047647491097450256,0.03761489983703242,0.014778350620464044,0.036948129534721375,5.272564172744751
839277350,Std-XY p=9,0,spsa,sequential,3,random_shared_stream,25,120,5,18,7.62761926651001,67,0.2882867157459259,0.06794983148574829,0.004389171488583088,0.0031921241898089647,0.004560177680104971,0.03446694242969761,0.014449008773880907,0.009936360642313957,5.33798623085022
839277350,Std-XY p=9,0,spsa,sequential,3,random_shared_stream,30,120,5,18,7.6197662353515625,77,1.5859514474868774,0.37381234765052795,0.12420947104692459,0.13801054656505585,0.09660737216472626,0.031934794352915255,0.014185372641231635,0.050647031515836716,5.402609348297119
839277350,Std-XY p=9,0,spsa,sequential,3,random_shared_stream,35,120,5,18,7.617833614349365,87,2.9467427730560303,0.6945539116859436,0.4824051260948181,0.47644954919815063,0.47644948959350586,0.0298440175127313,0.013966227856027484,0.08794263750314713,5.464948892593384
839277350,Std-XY p=9,0,spsa,sequential,3,random_shared_stream,40,120,5,18,7.600645542144775,97,5.967854976654053,1.4066369533538818,1.9786275625228882,1.9541999101638794,1.9542001485824585,0.02808188029705696,0.013779134410346052,0.16758860647678375,5.527406454086304
839277350,Std-XY p=9,0,spsa,sequential,3,random_shared_stream,45,120,5,18,7.590812683105469,107,0.6786985397338867,0.15997079014778137,0.025274716317653656,0.025274716317653656,0.025274716317653656,0.0265719565444066,0.013616187769422706,0.018034348264336586,5.591022968292236
839277350,Std-XY p=9,0,spsa,sequential,3,random_shared_stream,50,120,5,18,7.57489013671875,117,0.26324141025543213,0.0620465949177742,0.003802251536399126,0.0034220265224575996,0.003802251536399126,0.025260410249177186,0.013472060523173781,0.006649585906416178,5.656780481338501
839277350,Std-XY p=9,0,spsa,sequential,3,random_shared_stream,55,120,5,18,7.564873695373535,127,0.9978031516075134,0.2351844608783722,0.054628871381282806,0.049165982753038406,0.05462886765599251,0.024108110056972012,0.01334299625175472,0.024055147543549538,5.722178936004639
839277350,Std-XY p=9,0,spsa,sequential,3,random_shared_stream,60,120,5,18,7.503877639770508,137,7.879507541656494,1.857217788696289,3.406674385070801,3.40667462348938,3.40667462348938,0.023085858732749147,0.013226249755755135,0.18190521001815796,5.785486936569214
839277350,Std-XY p=9,0,spsa,sequential,3,random_shared_stream,65,120,5,18,7.503877639770508,147,12.94389820098877,3.05090594291687,9.193113327026367,9.193113327026367,9.193113327026367,0.022171382787430298,0.01311975565249048,0.25,5.848094701766968
839277350,Std-XY p=9,0,spsa,sequential,3,random_shared_stream,70,120,5,18,7.503877639770508,157,4.877981662750244,1.1497513055801392,1.3056080341339111,1.1750471591949463,0.9139254689216614,0.021347364102140054,0.013021922119457682,0.10413205623626709,5.911283493041992
839277350,Std-XY p=9,0,spsa,sequential,3,random_shared_stream,75,120,5,18,7.503877639770508,167,1.5925166606903076,0.37535977363586426,0.14089497923851013,0.12523996829986572,0.12523996829986572,0.02060011318540566,0.01293149713891721,0.032806023955345154,5.973939418792725
839277350,Std-XY p=9,0,spsa,sequential,3,random_shared_stream,80,120,5,18,7.503877639770508,177,7.99229621887207,1.8838021755218506,3.548711061477661,3.504899740219116,3.5048999786376953,0.019918651105257933,0.012847478719003411,0.15919576585292816,6.037847995758057
839277350,Std-XY p=9,0,spsa,sequential,3,random_shared_stream,85,120,5,18,7.503877639770508,187,0.21230122447013855,0.050039876252412796,0.0023803352378308773,0.0022257682867348194,0.0024730758741497993,0.019294059461117796,0.012769052840860788,0.004096152260899544,6.101582288742065
839277350,Std-XY p=9,0,spsa,sequential,3,random_shared_stream,90,120,5,18,7.503877639770508,197,6.6874847412109375,1.576255202293396,2.3618853092193604,2.453906774520874,2.2085161209106445,0.018719010730320625,0.01269554947299621,0.1251830905675888,6.166730880737305
839277350,Std-XY p=9,0,spsa,sequential,3,random_shared_stream,95,120,5,18,7.503877639770508,207,0.492847740650177,0.11616531759500504,0.013494382612407207,0.009329450316727161,0.009329449385404587,0.018187422782766288,0.012626410699612943,0.0089636305347085,6.230649948120117
839277350,Std-XY p=9,0,spsa,sequential,3,random_shared_stream,100,120,5,18,7.503877639770508,217,3.654355764389038,0.8613399267196655,0.7327470779418945,0.7327471375465393,0.7327471375465393,0.017694200616891743,0.012561167176266359,0.06466090679168701,6.293664932250977
839277350,Std-XY p=9,0,spsa,sequential,3,random_shared_stream,105,120,5,18,7.503877639770508,227,2.8037519454956055,0.6608507633209229,0.4151570498943329,0.3019324243068695,0.431331992149353,0.017235040483866274,0.01249942043693397,0.048322781920433044,6.357775449752808
839277350,Std-XY p=9,0,spsa,sequential,3,random_shared_stream,110,120,5,18,7.501012325286865,237,0.09496636688709259,0.022383788600564003,0.0005010339664295316,0.0004948482965119183,0.0004948483547195792,0.016806279372026618,0.012440829393713411,0.0015960314776748419,6.419816493988037
839277350,Std-XY p=9,0,spsa,sequential,3,random_shared_stream,115,120,5,18,7.4790544509887695,247,2.651095390319824,0.624869167804718,0.3711794316768646,0.3856409788131714,0.26994869112968445,0.016404777962887668,0.012385099893453082,0.04349062591791153,6.486939430236816
839277350,Std-XY p=9,0,spsa,sequential,3,random_shared_stream,120,120,5,18,7.461108207702637,257,3.816108465194702,0.8994653820991516,0.7990499138832092,0.7191448211669922,0.7990498542785645,0.016027828621153987,0.012331976538504544,0.06116393208503723,6.550773620605469
839277350,Std-XY p=9,0,spsa,sequential,4,continuation,1,120,5,18,0.38886526226997375,19,9.914329528808594,2.336829662322998,5.191106796264648,5.393356800079346,4.8540215492248535,0.006500565542308424,0.02,0.0644487515091896,6.674831390380859
839277350,Std-XY p=9,0,spsa,sequential,4,continuation,5,120,5,18,0.38886526226997375,27,30.890947341918945,7.281065464019775,53.01392364501953,52.35942840576172,52.35942459106445,0.005531141754063229,0.016999416915812672,0.17086218297481537,6.722639322280884
839277350,Std-XY p=9,0,spsa,sequential,4,continuation,10,120,5,18,0.38886526226997375,37,120.63764190673828,28.4345645904541,808.5245361328125,718.6884155273438,718.6884765625,0.0047359442969834775,0.015850026609609436,0.25,6.785593032836914
839277350,Std-XY p=9,0,spsa,sequential,4,continuation,15,120,5,18,0.38886526226997375,47,49.103919982910156,11.57390308380127,127.34017181396484,132.3014678955078,119.07134246826172,0.004186624913713041,0.015214047873475552,0.20557968318462372,6.850722074508667
839277350,Std-XY p=9,0,spsa,sequential,4,continuation,20,120,5,18,0.38886526226997375,57,102.0279312133789,24.048213958740234,571.1768798828125,571.1769409179688,571.1768798828125,0.00377959053364765,0.014778350620464044,0.25,6.9135870933532715
839277350,Std-XY p=9,0,spsa,sequential,4,continuation,25,120,5,18,0.38886526226997375,67,336.9940185546875,79.43025207519531,5997.6015625,5608.14697265625,6231.2744140625,0.003463279974038639,0.014449008773880907,0.25,6.97788143157959
839277350,Std-XY p=9,0,spsa,sequential,4,continuation,30,120,5,18,0.38886526226997375,77,238.55523681640625,56.22800827026367,3005.4609375,3122.556884765625,2810.30126953125,0.0032088466791936414,0.014185372641231635,0.25,7.043042421340942
839277350,Std-XY p=9,0,spsa,sequential,4,continuation,35,120,5,18,0.38886526226997375,87,135.90187072753906,32.032379150390625,1026.0733642578125,912.065185546875,912.065185546875,0.002998762898900038,0.013966227856027484,0.25,7.104299068450928
839277350,Std-XY p=9,0,spsa,sequential,4,continuation,40,120,5,18,0.38886526226997375,97,38.64647674560547,9.109062194824219,81.95063018798828,73.75556945800781,81.95063781738281,0.0028217012247175655,0.013779134410346052,0.10904880613088608,7.16866660118103
839277350,Std-XY p=9,0,spsa,sequential,4,continuation,45,120,5,18,0.38886526226997375,107,3.072640895843506,0.7242284417152405,0.5180314183235168,0.5180314183235168,0.5180314183235168,0.002669982263700195,0.013616187769422706,0.008203896693885326,7.232909679412842
839277350,Std-XY p=9,0,spsa,sequential,4,continuation,50,120,5,18,0.38886526226997375,117,64.48551177978516,15.199381828308105,228.16905212402344,228.16908264160156,228.16908264160156,0.0025381965090293984,0.013472060523173781,0.1636769026517868,7.2980146408081055
839277350,Std-XY p=9,0,spsa,sequential,4,continuation,55,120,5,18,0.38886526226997375,127,298.4051513671875,70.33477020263672,4702.6845703125,4885.90576171875,3420.134521484375,0.0024224119949871393,0.01334299625175472,0.25,7.36186957359314
839277350,Std-XY p=9,0,spsa,sequential,4,continuation,60,120,5,18,0.38886526226997375,137,145.599853515625,34.318214416503906,1119.579833984375,1046.8798828125,1163.19970703125,0.0023196949481577964,0.013226249755755135,0.25,7.421396017074585
839277350,Std-XY p=9,0,spsa,sequential,4,continuation,65,120,5,18,0.38886526226997375,147,57.63090133666992,13.583733558654785,182.23980712890625,164.01583862304688,182.2398223876953,0.002227807301476552,0.01311975565249048,0.12839055061340332,7.477388381958008
839277350,Std-XY p=9,0,spsa,sequential,4,continuation,70,120,5,18,0.38886526226997375,157,160.84310913085938,37.91108703613281,1277.5560302734375,1277.5560302734375,1277.5560302734375,0.002145008909457293,0.013021922119457682,0.25,7.542134046554565
839277350,Std-XY p=9,0,spsa,sequential,4,continuation,75,120,5,18,0.38886526226997375,167,12.231535911560059,2.883000612258911,8.20907974243164,7.3881707191467285,8.209078788757324,0.00206992423547477,0.01293149713891721,0.02531835250556469,7.606730222702026
839277350,Std-XY p=9,0,spsa,sequential,4,continuation,80,120,5,18,0.38886526226997375,177,179.3983154296875,42.28458786010742,1765.9124755859375,1589.3211669921875,1765.9124755859375,0.002001450103194071,0.012847478719003411,0.25,7.671657562255859
839277350,Std-XY p=9,0,spsa,sequential,4,continuation,85,120,5,18,0.38886526226997375,187,76.16995239257812,17.95343017578125,322.3256530761719,318.3463134765625,318.3463134765625,0.0019386903809612516,0.012769052840860788,0.1476699709892273,7.73619532585144
839277350,Std-XY p=9,0,spsa,sequential,4,continuation,90,120,5,18,0.38886526226997375,197,84.63514709472656,19.94869613647461,397.9504699707031,393.0375061035156,393.0375061035156,0.0018809087904552658,0.01269554947299621,0.15919099748134613,7.799660682678223
839277350,Std-XY p=9,0,spsa,sequential,4,continuation,95,120,5,18,0.38886526226997375,207,22.600658416748047,5.3270263671875,22.771835327148438,19.618812561035156,25.22418975830078,0.0018274941919030321,0.012626410699612943,0.041302572935819626,7.863356828689575
839277350,Std-XY p=9,0,spsa,sequential,4,continuation,100,120,5,18,0.38886526226997375,217,238.7928924560547,56.284027099609375,2815.903564453125,2190.1474609375,3128.781982421875,0.0017779346333982584,0.012561167176266359,0.25,7.925664663314819
839277350,Std-XY p=9,0,spsa,sequential,4,continuation,105,120,5,18,0.38886526226997375,227,10.173818588256836,2.3979921340942383,5.750364303588867,5.679372787475586,5.679372787475586,0.0017317976690641704,0.01249942043693397,0.017618995159864426,7.988912582397461
839277350,Std-XY p=9,0,spsa,sequential,4,continuation,110,120,5,18,0.38886526226997375,237,55.45304489135742,13.07040786743164,162.39923095703125,151.85382080078125,168.7264862060547,0.0016887152350678963,0.012440829393713411,0.0936443954706192,8.053344249725342
839277350,Std-XY p=9,0,spsa,sequential,4,continuation,115,120,5,18,0.38886526226997375,247,193.37176513671875,45.57815933227539,1436.20556640625,1436.20556640625,1436.20556640625,0.0016483718888991592,0.012385099893453082,0.25,8.117714881896973
839277350,Std-XY p=9,0,spsa,sequential,4,continuation,120,120,5,18,0.38886526226997375,257,237.1064453125,55.88652420043945,2776.2705078125,2776.270263671875,2776.27001953125,0.0016104955640955855,0.012331976538504544,0.25,8.182779550552368
839277350,Std-XY p=10,0,spsa,sequential,0,deterministic_linear_ramp,1,120,5,20,14.959077835083008,19,70.5726318359375,15.78052043914795,239.0638427734375,239.0638427734375,239.0638427734375,0.0016410453651285874,0.02,0.11581288278102875,0.1253526210784912
839277350,Std-XY p=10,0,spsa,sequential,0,deterministic_linear_ramp,5,120,5,20,8.502181053161621,27,104.40518951416016,23.34571075439453,545.022216796875,523.2213134765625,523.2213134765625,0.0013963176711777872,0.016999416915812672,0.14578279852867126,0.1828632354736328
839277350,Std-XY p=10,0,spsa,sequential,0,deterministic_linear_ramp,10,120,5,20,7.5250091552734375,37,7.363705158233643,1.64657461643219,2.0334057807922363,0.9760348200798035,2.602759599685669,0.0011955728140096583,0.015850026609609436,0.008803846314549446,0.2523763179779053
839277350,Std-XY p=10,0,spsa,sequential,0,deterministic_linear_ramp,15,120,5,20,7.188563823699951,47,21.762052536010742,4.866143226623535,23.442554473876953,22.732173919677734,23.679346084594727,0.0010568990290867658,0.015214047873475552,0.023000292479991913,0.31978821754455566
839277350,Std-XY p=10,0,spsa,sequential,0,deterministic_linear_ramp,20,120,5,20,6.544259071350098,57,122.41004180908203,27.37171745300293,681.7819213867188,719.2425537109375,629.3372192382812,0.0009541446027977116,0.014778350620464044,0.11679688096046448,0.3897213935852051
839277350,Std-XY p=10,0,spsa,sequential,0,deterministic_linear_ramp,25,120,5,20,6.429355144500732,67,61.637046813964844,13.782463073730469,188.05670166015625,182.35801696777344,159.56326293945312,0.0008742930922777104,0.014449008773880907,0.053888846188783646,0.45630526542663574
839277350,Std-XY p=10,0,spsa,sequential,0,deterministic_linear_ramp,30,120,5,20,6.429355144500732,77,30.517797470092773,6.823987007141113,46.566795349121094,44.704124450683594,44.704124450683594,0.000810062283969991,0.014185372641231635,0.024721316993236542,0.5260822772979736
839277350,Std-XY p=10,0,spsa,sequential,0,deterministic_linear_ramp,35,120,5,20,6.1235504150390625,87,84.5243911743164,18.90022850036621,325.0689392089844,357.2186279296875,228.6199188232422,0.0007570273577476975,0.013966227856027484,0.06398727744817734,0.5968632698059082
839277350,Std-XY p=10,0,spsa,sequential,0,deterministic_linear_ramp,40,120,5,20,6.026066780090332,97,16.950572967529297,3.7902634143829346,14.222434997558594,9.194299697875977,12.067519187927246,0.0007123287483931843,0.013779134410346052,0.012074380181729794,0.6648006439208984
839277350,Std-XY p=10,0,spsa,sequential,0,deterministic_linear_ramp,45,120,5,20,5.539821147918701,107,75.44759368896484,16.870595932006836,273.2323303222656,239.07827758789062,284.61700439453125,0.0006740278196264132,0.013616187769422706,0.05085378140211105,0.7338309288024902
839277350,Std-XY p=10,0,spsa,sequential,0,deterministic_linear_ramp,50,120,5,20,3.599384069442749,117,34.86713409423828,7.7965288162231445,60.785858154296875,60.785850524902344,60.785850524902344,0.0006407589600964337,0.013472060523173781,0.022341428324580193,0.8033852577209473
839277350,Std-XY p=10,0,spsa,sequential,0,deterministic_linear_ramp,55,120,5,20,3.1848642826080322,127,101.07062530517578,22.600078582763672,429.0414123535156,490.3330078125,326.888671875,0.000611529558610353,0.01334299625175472,0.061807677149772644,0.87400221824646
839277350,Std-XY p=10,0,spsa,sequential,0,deterministic_linear_ramp,60,120,5,20,2.6064164638519287,137,194.61123657226562,43.51639938354492,1723.2457275390625,1590.6883544921875,1817.9296875,0.0005855989941814724,0.013226249755755135,0.11396414041519165,0.9434666633605957
839277350,Std-XY p=10,0,spsa,sequential,0,deterministic_linear_ramp,65,120,5,20,1.7099573612213135,147,10.56528091430664,2.362468719482422,5.525445461273193,4.688257217407227,5.358007907867432,0.0005624022744934065,0.01311975565249048,0.005941938608884811,1.0115180015563965
839277350,Std-XY p=10,0,spsa,sequential,0,deterministic_linear_ramp,70,120,5,20,1.5529727935791016,157,4.852581024169922,1.0850701332092285,1.071413278579712,0.9889968633651733,1.1302821636199951,0.0005415001058160865,0.013021922119457682,0.002627673326060176,1.0799946784973145
839277350,Std-XY p=10,0,spsa,sequential,0,deterministic_linear_ramp,75,120,5,20,1.2439578771591187,167,174.94126892089844,39.11805725097656,1469.0135498046875,979.34228515625,1469.013427734375,0.000522545238669642,0.01293149713891721,0.09141473472118378,1.1490116119384766
839277350,Std-XY p=10,0,spsa,sequential,0,deterministic_linear_ramp,80,120,5,20,0.8613805770874023,177,127.38980865478516,28.485227584838867,803.2941284179688,811.408203125,778.9518432617188,0.0005052591799907323,0.012847478719003411,0.06436487287282944,1.2184643745422363
839277350,Std-XY p=10,0,spsa,sequential,0,deterministic_linear_ramp,85,120,5,20,0.711368978023529,187,45.736053466796875,10.226892471313477,100.40576934814453,66.93717193603516,100.40576171875,0.0004894157044320883,0.012769052840860788,0.02238394320011139,1.2884414196014404
839277350,Std-XY p=10,0,spsa,sequential,0,deterministic_linear_ramp,90,120,5,20,0.711368978023529,197,39.91750717163086,8.925826072692871,76.48355102539062,66.92311096191406,79.67037200927734,0.00047482894106935276,0.01269554947299621,0.018953988328576088,1.3572266101837158
839277350,Std-XY p=10,0,spsa,sequential,0,deterministic_linear_ramp,95,120,5,20,0.711368978023529,207,28.537151336669922,6.381101131439209,39.08971405029297,34.20349884033203,40.71845245361328,0.00046134460977327607,0.012626410699612943,0.013165461830794811,1.4259929656982422
839277350,Std-XY p=10,0,spsa,sequential,0,deterministic_linear_ramp,100,120,5,20,0.711368978023529,217,66.27755737304688,14.820111274719238,219.63571166992188,210.8502960205078,210.8502960205078,0.00044883347004970103,0.012561167176266359,0.029747584834694862,1.49526047706604
839277350,Std-XY p=10,0,spsa,sequential,0,deterministic_linear_ramp,105,120,5,20,0.711368978023529,227,35.12101745605469,7.853298187255859,61.05754852294922,61.674293518066406,59.20732498168945,0.0004371863524275823,0.01249942043693397,0.015354430302977562,1.5650765895843506
839277350,Std-XY p=10,0,spsa,sequential,0,deterministic_linear_ramp,110,120,5,20,0.6220709085464478,237,15.853224754333496,3.544889211654663,12.063589096069336,12.06358814239502,12.063587188720703,0.0004263103404609469,0.012440829393713411,0.006758393719792366,1.6345973014831543
839277350,Std-XY p=10,0,spsa,sequential,0,deterministic_linear_ramp,115,120,5,20,0.6220709085464478,247,65.26032257080078,14.59265422821045,204.42770385742188,204.42770385742188,204.42770385742188,0.00041612580177533687,0.012385099893453082,0.02715650573372841,1.7039904594421387
839277350,Std-XY p=10,0,spsa,sequential,0,deterministic_linear_ramp,120,120,5,20,0.6220709085464478,257,28.368751525878906,6.343446254730225,39.836910247802734,33.80101776123047,38.62973403930664,0.00040656405413007937,0.012331976538504544,0.011533714830875397,1.7730541229248047
839277350,Std-XY p=10,0,spsa,sequential,1,random_shared_stream,1,120,5,20,7.641513824462891,19,1.7283754348754883,0.3864765167236328,0.14787046611309052,0.1433895379304886,0.14936408400535583,0.14158167402962907,0.02,0.24470630288124084,1.9091179370880127
839277350,Std-XY p=10,0,spsa,sequential,1,random_shared_stream,5,120,5,20,7.609930038452148,27,0.8197160959243774,0.18329410254955292,0.03057301603257656,0.0282212495803833,0.032252855598926544,0.12046771988354729,0.016999416915812672,0.0987493246793747,1.9660067558288574
839277350,Std-XY p=10,0,spsa,sequential,1,random_shared_stream,10,120,5,20,7.605215549468994,37,4.852024555206299,1.0849456787109375,1.1653361320495605,1.1300227642059326,0.9887698888778687,0.10314839798382917,0.015850026609609436,0.25,2.034259557723999
839277350,Std-XY p=10,0,spsa,sequential,1,random_shared_stream,15,120,5,20,7.598384857177734,47,0.41327717900276184,0.0924115926027298,0.008539902046322823,0.008539902046322823,0.008539902046322823,0.0911842761925529,0.015214047873475552,0.037684377282857895,2.104445219039917
839277350,Std-XY p=10,0,spsa,sequential,1,random_shared_stream,20,120,5,20,7.435577869415283,57,0.8915427923202515,0.19935503602027893,0.03934500366449356,0.039742425084114075,0.038152728229761124,0.08231910768649,0.014778350620464044,0.07339101284742355,2.1724841594696045
839277350,Std-XY p=10,0,spsa,sequential,1,random_shared_stream,25,120,5,20,7.435577869415283,67,5.968846321105957,1.334674596786499,1.7813564538955688,1.7101020812988281,1.7101020812988281,0.07542989500934355,0.014449008773880907,0.25,2.24249267578125
839277350,Std-XY p=10,0,spsa,sequential,1,random_shared_stream,30,120,5,20,7.435577869415283,77,24.115488052368164,5.3923869132995605,24.425382614135742,10.468021392822266,29.077838897705078,0.06988836303361383,0.014185372641231635,0.25,2.310347557067871
839277350,Std-XY p=10,0,spsa,sequential,1,random_shared_stream,35,120,5,20,7.435577869415283,87,3.681316614151001,0.8231674432754517,0.6708285212516785,0.5691878199577332,0.6505004167556763,0.06531275909471734,0.013966227856027484,0.24043695628643036,2.377470016479492
839277350,Std-XY p=10,0,spsa,sequential,1,random_shared_stream,40,120,5,20,7.435577869415283,97,1.6959547996520996,0.37922701239585876,0.13086995482444763,0.12080302089452744,0.13806059956550598,0.06145637335810942,0.013779134410346052,0.1042272299528122,2.4471895694732666
839277350,Std-XY p=10,0,spsa,sequential,1,random_shared_stream,45,120,5,20,7.435577869415283,107,13.560077667236328,3.032125473022461,8.826032638549805,7.722779750823975,9.193784713745117,0.05815194940559784,0.013616187769422706,0.25,2.514791965484619
839277350,Std-XY p=10,0,spsa,sequential,1,random_shared_stream,50,120,5,20,7.392111778259277,117,10.226584434509277,2.286734104156494,4.392487525939941,3.3466572761535645,5.019985675811768,0.05528166871415456,0.013472060523173781,0.25,2.584150791168213
839277350,Std-XY p=10,0,spsa,sequential,1,random_shared_stream,55,120,5,20,7.392111778259277,127,1.6013985872268677,0.3580836057662964,0.12309491634368896,0.12309491634368896,0.08206328004598618,0.052759893459660506,0.01334299625175472,0.0844896137714386,2.6532280445098877
839277350,Std-XY p=10,0,spsa,sequential,1,random_shared_stream,60,120,5,20,7.392111778259277,137,8.333301544189453,1.8633826971054077,3.3333077430725098,3.3333077430725098,3.3333072662353516,0.050522726347533534,0.013226249755755135,0.25,2.720280885696411
839277350,Std-XY p=10,0,spsa,sequential,1,random_shared_stream,65,120,5,20,7.392111778259277,147,9.560745239257812,2.137847661972046,4.1590576171875,1.6453412771224976,4.387577056884766,0.048521422498645064,0.01311975565249048,0.25,2.790030002593994
839277350,Std-XY p=10,0,spsa,sequential,1,random_shared_stream,70,120,5,20,7.392111778259277,157,2.072474956512451,0.46341952681541443,0.21261008083820343,0.2061673402786255,0.1803964078426361,0.046718081716562075,0.013021922119457682,0.09682205319404602,2.856795072555542
839277350,Std-XY p=10,0,spsa,sequential,1,random_shared_stream,75,120,5,20,7.392111778259277,167,6.079174995422363,1.3593448400497437,1.6815147399902344,1.552167534828186,1.7739055156707764,0.045082744949749086,0.01293149713891721,0.25,2.925433874130249
839277350,Std-XY p=10,0,spsa,sequential,1,random_shared_stream,80,120,5,20,7.392111778259277,177,1.0168201923370361,0.22736792266368866,0.049628324806690216,0.049628324806690216,0.049628324806690216,0.04359138512683361,0.012847478719003411,0.0443245992064476,2.9951446056365967
839277350,Std-XY p=10,0,spsa,sequential,1,random_shared_stream,85,120,5,20,7.392111778259277,187,2.1471681594848633,0.4801214337348938,0.2282114028930664,0.19363391399383545,0.22129590809345245,0.04222448458909951,0.012769052840860788,0.09066306799650192,3.06280255317688
839277350,Std-XY p=10,0,spsa,sequential,1,random_shared_stream,90,120,5,20,7.392111778259277,197,2.4216339588165283,0.541493833065033,0.21991166472434998,0.2814869284629822,0.10555760562419891,0.04096600726759759,0.01269554947299621,0.09920468181371689,3.1324310302734375
839277350,Std-XY p=10,0,spsa,sequential,1,random_shared_stream,95,120,5,20,7.392111778259277,207,4.212719917297363,0.9419928789138794,0.8074890375137329,0.8873504400253296,0.5679043531417847,0.039802642598565995,0.012626410699612943,0.1676774024963379,3.200324773788452
839277350,Std-XY p=10,0,spsa,sequential,1,random_shared_stream,100,120,5,20,7.392111778259277,217,0.7914570569992065,0.17697517573833466,0.028501395136117935,0.030067404732108116,0.026308977976441383,0.038723240320163076,0.012561167176266359,0.03064778260886669,3.2693207263946533
839277350,Std-XY p=10,0,spsa,sequential,1,random_shared_stream,105,120,5,20,7.392111778259277,227,2.8669545650482178,0.641070544719696,0.410971462726593,0.39453256130218506,0.39453259110450745,0.037718381803999904,0.01249942043693397,0.10813689231872559,3.338878870010376
839277350,Std-XY p=10,0,spsa,sequential,1,random_shared_stream,110,120,5,20,7.392111778259277,237,5.676751136779785,1.2693601846694946,1.5951626300811768,1.611275315284729,1.546824336051941,0.036780050656230655,0.012440829393713411,0.20879121124744415,3.405057191848755
839277350,Std-XY p=10,0,spsa,sequential,1,random_shared_stream,115,120,5,20,7.392111778259277,247,2.1355624198913574,0.4775262773036957,0.20750853419303894,0.14594006538391113,0.22803135216236115,0.03590137657020671,0.012385099893453082,0.07666963338851929,3.4738657474517822
839277350,Std-XY p=10,0,spsa,sequential,1,random_shared_stream,120,120,5,20,7.392111778259277,257,3.8804755210876465,0.8677007555961609,0.7227882742881775,0.7529045343399048,0.6324397921562195,0.035076433965309045,0.012331976538504544,0.136113241314888,3.5396432876586914
839277350,Std-XY p=10,0,spsa,sequential,2,random_shared_stream,1,120,5,20,7.677053451538086,19,1.0813275575637817,0.2417922019958496,0.05787883326411247,0.05846346542239189,0.05612493306398392,0.4266786027644613,0.02,0.25,3.6735246181488037
839277350,Std-XY p=10,0,spsa,sequential,2,random_shared_stream,5,120,5,20,7.677053451538086,27,0.682668149471283,0.15264923870563507,0.0212046280503273,0.02330178953707218,0.014913146384060383,0.36304838709122544,0.016999416915812672,0.24784156680107117,3.7298426628112793
839277350,Std-XY p=10,0,spsa,sequential,2,random_shared_stream,10,120,5,20,7.677053451538086,37,0.36305925250053406,0.08118251711130142,0.006524695549160242,0.006326977163553238,0.005536104552447796,0.31085389144305847,0.015850026609609436,0.11285838484764099,3.7993621826171875
839277350,Std-XY p=10,0,spsa,sequential,2,random_shared_stream,15,120,5,20,7.671695232391357,47,1.562281608581543,0.34933677315711975,0.12203618139028549,0.12203618139028549,0.12203618139028549,0.27479813207876885,0.015214047873475552,0.25,3.8689000606536865
839277350,Std-XY p=10,0,spsa,sequential,2,random_shared_stream,20,120,5,20,7.667686462402344,57,0.33801713585853577,0.07558293640613556,0.005655651446431875,0.005484267603605986,0.005712779238820076,0.2480815549697368,0.014778350620464044,0.08385581523180008,3.939453125
839277350,Std-XY p=10,0,spsa,sequential,2,random_shared_stream,25,120,5,20,7.664181709289551,67,1.241129755973816,0.27752506732940674,0.07393934577703476,0.07393934577703476,0.07393935322761536,0.2273198309727673,0.014449008773880907,0.25,4.0088512897491455
839277350,Std-XY p=10,0,spsa,sequential,2,random_shared_stream,30,120,5,20,7.664181709289551,77,0.8958889245986938,0.2003268450498581,0.039729539304971695,0.040130846202373505,0.03852561488747597,0.2106195543530395,0.014185372641231635,0.18869172036647797,4.077410459518433
839277350,Std-XY p=10,0,spsa,sequential,2,random_shared_stream,35,120,5,20,7.664181709289551,87,0.6676298975944519,0.14928658306598663,0.02028070017695427,0.02139502391219139,0.01872064732015133,0.19683025352132766,0.013966227856027484,0.13140974938869476,4.146251678466797
839277350,Std-XY p=10,0,spsa,sequential,2,random_shared_stream,40,120,5,20,7.664181709289551,97,0.593742847442627,0.13276493549346924,0.01745026186108589,0.014806282706558704,0.01692146621644497,0.1852084296582172,0.013779134410346052,0.10996618121862411,4.21405816078186
839277350,Std-XY p=10,0,spsa,sequential,2,random_shared_stream,45,120,5,20,7.664181709289551,107,0.2508167326450348,0.056084323674440384,0.0031139967031776905,0.002642179373651743,0.002013088669627905,0.17525002928851963,0.013616187769422706,0.04395563527941704,4.2825305461883545
839277350,Std-XY p=10,0,spsa,sequential,2,random_shared_stream,50,120,5,20,7.664181709289551,117,1.8022006750106812,0.4029843509197235,0.1607723981142044,0.1623963564634323,0.1559005081653595,0.16659998779578702,0.013472060523173781,0.25,4.351369380950928
839277350,Std-XY p=10,0,spsa,sequential,2,random_shared_stream,55,120,5,20,7.664181709289551,127,0.007511550560593605,0.0016796337440609932,2.821169346134411e-06,2.8211695735080866e-06,2.8211695735080866e-06,0.15900022215204743,0.01334299625175472,0.0011943381978198886,4.419942855834961
839277350,Std-XY p=10,0,spsa,sequential,2,random_shared_stream,60,120,5,20,7.664181709289551,137,0.5982472896575928,0.13377216458320618,0.017716040834784508,0.015031795017421246,0.01717919483780861,0.15225816782831356,0.013226249755755135,0.09108804166316986,4.488781690597534
839277350,Std-XY p=10,0,spsa,sequential,2,random_shared_stream,65,120,5,20,7.664181709289551,147,0.9476875066757202,0.21190936863422394,0.043109357357025146,0.037720687687397,0.04490558058023453,0.14622692447847033,0.01311975565249048,0.1385774463415146,4.556613206863403
839277350,Std-XY p=10,0,spsa,sequential,2,random_shared_stream,70,120,5,20,7.664181709289551,157,0.39965829253196716,0.08936630934476852,0.007666883524507284,0.007666883524507284,0.005111255683004856,0.14079227391030202,0.013021922119457682,0.05626880005002022,4.625073194503784
839277350,Std-XY p=10,0,spsa,sequential,2,random_shared_stream,75,120,5,20,7.664181709289551,167,0.3984127342700958,0.08908780664205551,0.007222338579595089,0.006666774395853281,0.007619170006364584,0.13586392981848763,0.01293149713891721,0.05412992089986801,4.693936109542847
839277350,Std-XY p=10,0,spsa,sequential,2,random_shared_stream,80,120,5,20,7.664181709289551,177,1.6278088092803955,0.36398911476135254,0.13248807191848755,0.13248807191848755,0.13248807191848755,0.1313694828512377,0.012847478719003411,0.2138444036245346,4.762509346008301
839277350,Std-XY p=10,0,spsa,sequential,2,random_shared_stream,85,120,5,20,7.664181709289551,187,0.4565049707889557,0.10207761824131012,0.01000304613262415,0.01041983999311924,0.008752664551138878,0.12725011347977286,0.012769052840860788,0.05809030681848526,4.831355571746826
839277350,Std-XY p=10,0,spsa,sequential,2,random_shared_stream,90,120,5,20,7.664181709289551,197,0.3670160472393036,0.08206728100776672,0.0064656371250748634,0.0064656371250748634,0.0064656371250748634,0.12345749449267972,0.01269554947299621,0.04531088098883629,4.899190664291382
839277350,Std-XY p=10,0,spsa,sequential,2,random_shared_stream,95,120,5,20,7.664181709289551,207,0.9066885709762573,0.20274172723293304,0.04069316387176514,0.03452753648161888,0.039460040628910065,0.11995151241632666,0.012626410699612943,0.10875866562128067,4.967634677886963
839277350,Std-XY p=10,0,spsa,sequential,2,random_shared_stream,100,120,5,20,7.659876346588135,217,1.5886012315750122,0.35522207617759705,0.09463702887296677,0.08075693249702454,0.10599346458911896,0.11669856418608218,0.012561167176266359,0.1853874772787094,5.037666082382202
839277350,Std-XY p=10,0,spsa,sequential,2,random_shared_stream,105,120,5,20,7.659876346588135,227,2.152881622314453,0.48139896988868713,0.21088793873786926,0.22247520089149475,0.194665789604187,0.11367026528658798,0.01249942043693397,0.24471864104270935,5.105333566665649
839277350,Std-XY p=10,0,spsa,sequential,2,random_shared_stream,110,120,5,20,7.659876346588135,237,0.7841999530792236,0.17535245418548584,0.029518544673919678,0.02951854094862938,0.02951854094862938,0.11084245705642981,0.012440829393713411,0.08692265301942825,5.173297166824341
839277350,Std-XY p=10,0,spsa,sequential,2,random_shared_stream,115,120,5,20,7.659876346588135,247,1.0768208503723145,0.2407844513654709,0.05275920033454895,0.05565806105732918,0.04870080575346947,0.10819443474789588,0.012385099893453082,0.11650601774454117,5.241553544998169
839277350,Std-XY p=10,0,spsa,sequential,2,random_shared_stream,120,120,5,20,7.659876346588135,257,1.4196966886520386,0.3174538314342499,0.0846526250243187,0.06449723988771439,0.09674585610628128,0.10570834069348493,0.012331976538504544,0.15007376670837402,5.310758829116821
839277350,Std-XY p=10,0,spsa,sequential,3,random_shared_stream,1,120,5,20,7.674231052398682,19,0.9770492911338806,0.2184748649597168,0.04725395515561104,0.047731269150972366,0.04582201689481735,0.30342661301261475,0.02,0.25,5.448241233825684
839277350,Std-XY p=10,0,spsa,sequential,3,random_shared_stream,5,120,5,20,7.667855739593506,27,1.480556845664978,0.3310626149177551,0.1096024289727211,0.09206604212522507,0.09206604957580566,0.25817686132152695,0.016999416915812672,0.25,5.503351926803589
839277350,Std-XY p=10,0,spsa,sequential,3,random_shared_stream,10,120,5,20,7.667855739593506,37,0.15949851274490356,0.03566495329141617,0.0011575098615139723,0.0010684706503525376,0.001221109414473176,0.22105946445696578,0.015850026609609436,0.03525865823030472,5.570763111114502
839277350,Std-XY p=10,0,spsa,sequential,3,random_shared_stream,15,120,5,20,7.667855739593506,47,0.439067542552948,0.09817849099636078,0.009542625397443771,0.009253455325961113,0.009639015421271324,0.1954189076710807,0.015214047873475552,0.0858021080493927,5.639338254928589
839277350,Std-XY p=10,0,spsa,sequential,3,random_shared_stream,20,120,5,20,7.663877964019775,57,0.2176729440689087,0.048673149198293686,0.0022743125446140766,0.0022743125446140766,0.0022743125446140766,0.1764197817459427,0.014778350620464044,0.038401808589696884,5.710241079330444
839277350,Std-XY p=10,0,spsa,sequential,3,random_shared_stream,25,120,5,20,7.662805080413818,67,2.2128403186798096,0.49480611085891724,0.22279810905456543,0.20565977692604065,0.23503975570201874,0.16165536761341406,0.014449008773880907,0.25,5.777985095977783
839277350,Std-XY p=10,0,spsa,sequential,3,random_shared_stream,30,120,5,20,7.662805080413818,77,1.854239583015442,0.41462060809135437,0.17191022634506226,0.16503383219242096,0.16503383219242096,0.14977919585728064,0.014185372641231635,0.25,5.848095655441284
839277350,Std-XY p=10,0,spsa,sequential,3,random_shared_stream,35,120,5,20,7.662805080413818,87,2.137866258621216,0.47804147005081177,0.21938267350196838,0.14625510573387146,0.21938268840312958,0.1399731244488016,0.013966227856027484,0.25,5.914898157119751
839277350,Std-XY p=10,0,spsa,sequential,3,random_shared_stream,40,120,5,20,7.662805080413818,97,0.31432077288627625,0.07028426229953766,0.004890478681772947,0.004742282442748547,0.004939877428114414,0.13170842444049247,0.013779134410346052,0.04139869660139084,5.983473300933838
839277350,Std-XY p=10,0,spsa,sequential,3,random_shared_stream,45,120,5,20,7.662805080413818,107,0.47759324312210083,0.10679309815168381,0.010948575101792812,0.009580003097653389,0.011404765769839287,0.12462664514426433,0.013616187769422706,0.059520844370126724,6.053335666656494
839277350,Std-XY p=10,0,spsa,sequential,3,random_shared_stream,50,120,5,20,7.662805080413818,117,0.5414279103279114,0.12106695026159286,0.014070920646190643,0.014070920646190643,0.014070920646190643,0.11847528724735261,0.013472060523173781,0.06414582580327988,6.120839595794678
839277350,Std-XY p=10,0,spsa,sequential,3,random_shared_stream,55,120,5,20,7.662805080413818,127,0.3177226185798645,0.0710449367761612,0.004996909759938717,0.00504738325253129,0.0048454878851771355,0.11307081855820555,0.01334299625175472,0.035925157368183136,6.190733432769775
839277350,Std-XY p=10,0,spsa,sequential,3,random_shared_stream,60,120,5,20,7.660192489624023,137,1.039697527885437,0.23248343169689178,0.05404854938387871,0.05188661068677902,0.05188661068677902,0.10827629946363797,0.013226249755755135,0.11257460713386536,6.258250951766968
839277350,Std-XY p=10,0,spsa,sequential,3,random_shared_stream,65,120,5,20,7.658695697784424,147,1.472609281539917,0.3292854428291321,0.10842891037464142,0.10409174859523773,0.10409174114465714,0.10398726380532065,0.01311975565249048,0.1531326025724411,6.327877759933472
839277350,Std-XY p=10,0,spsa,sequential,3,random_shared_stream,70,120,5,20,7.658695697784424,157,0.5043014883995056,0.11276523023843765,0.01258883811533451,0.01271599717438221,0.012207357212901115,0.10012248688863826,0.013021922119457682,0.05049191042780876,6.396672487258911
839277350,Std-XY p=10,0,spsa,sequential,3,random_shared_stream,75,120,5,20,7.658695697784424,167,0.5245657563209534,0.1172964796423912,0.0137584637850523,0.013208123855292797,0.013208123855292797,0.0966177628507997,0.01293149713891721,0.050682369619607925,6.462792158126831
839277350,Std-XY p=10,0,spsa,sequential,3,random_shared_stream,80,120,5,20,7.658695697784424,177,0.2565288543701172,0.05736159160733223,0.0029942209366708994,0.0027638962492346764,0.0031587383709847927,0.09342159877835315,0.012847478719003411,0.02396533638238907,6.531511306762695
839277350,Std-XY p=10,0,spsa,sequential,3,random_shared_stream,85,120,5,20,7.658695697784424,187,0.32732751965522766,0.07319265604019165,0.005142878275364637,0.004500018432736397,0.005357164889574051,0.09049216597334915,0.012769052840860788,0.02962057664990425,6.59907603263855
839277350,Std-XY p=10,0,spsa,sequential,3,random_shared_stream,90,120,5,20,7.658695697784424,197,0.6651641130447388,0.14873521029949188,0.02190094254910946,0.022122163325548172,0.02123727649450302,0.08779509720485441,0.01269554947299621,0.05839814618229866,6.6676108837127686
839277350,Std-XY p=10,0,spsa,sequential,3,random_shared_stream,95,120,5,20,7.658695697784424,207,0.34217214584350586,0.07651201635599136,0.00579554820433259,0.00491743441671133,0.005619924981147051,0.08530186632845634,0.012626410699612943,0.029187921434640884,6.736378192901611
839277350,Std-XY p=10,0,spsa,sequential,3,random_shared_stream,100,120,5,20,7.658254146575928,217,0.5346834063529968,0.11955883353948593,0.01300782710313797,0.014294316060841084,0.009148362092673779,0.08298857698745479,0.012561167176266359,0.04437261447310448,6.805535554885864
839277350,Std-XY p=10,0,spsa,sequential,3,random_shared_stream,105,120,5,20,7.65593957901001,227,0.5522528290748596,0.12348749488592148,0.015096667222678661,0.014639194123446941,0.01524916011840105,0.0808350439246061,0.01249942043693397,0.04464137926697731,6.874875068664551
839277350,Std-XY p=10,0,spsa,sequential,3,random_shared_stream,110,120,5,20,7.654022693634033,237,0.7212069630622864,0.16126678884029388,0.02574690245091915,0.024966692551970482,0.026006972417235374,0.07882408704050908,0.012440829393713411,0.05684847757220268,6.945117473602295
839277350,Std-XY p=10,0,spsa,sequential,3,random_shared_stream,115,120,5,20,7.651727676391602,247,0.9130765795707703,0.2041701376438141,0.04001802206039429,0.035015769302845,0.04168543964624405,0.07694098243893185,0.012385099893453082,0.07025300711393356,7.014449119567871
839277350,Std-XY p=10,0,spsa,sequential,3,random_shared_stream,120,120,5,20,7.651727676391602,257,0.41319918632507324,0.0923941433429718,0.008195211179554462,0.008195211179554462,0.008195211179554462,0.07517303088553012,0.012331976538504544,0.031061433255672455,7.0824408531188965
839277350,Std-XY p=10,0,spsa,sequential,4,continuation,1,120,5,20,0.06397778540849686,19,54.199893951416016,12.119464874267578,141.00616455078125,146.88143920898438,123.38040924072266,0.005530552810551393,0.02,0.25,7.215806245803833
839277350,Std-XY p=10,0,spsa,sequential,4,continuation,5,120,5,20,0.06397778540849686,27,98.7092056274414,22.072050094604492,482.30364990234375,467.6883239746094,409.2273254394531,0.004705786192662494,0.016999416915812672,0.25,7.274952173233032
839277350,Std-XY p=10,0,spsa,sequential,4,continuation,10,120,5,20,0.06397778540849686,37,24.3366756439209,5.4418463706970215,29.317550659179688,29.61368751525879,28.42913818359375,0.004029247897252276,0.015850026609609436,0.09805849939584732,7.344411373138428
839277350,Std-XY p=10,0,spsa,sequential,4,continuation,15,120,5,20,0.06397778540849686,47,38.50492858886719,8.609964370727539,73.3901596069336,74.13146209716797,71.16621398925781,0.0035618978122075474,0.015214047873475552,0.1371506154537201,7.413804531097412
839277350,Std-XY p=10,0,spsa,sequential,4,continuation,20,120,5,20,0.06397778540849686,57,8.138384819030762,1.8197983503341675,3.3116657733917236,3.3116652965545654,3.3116652965545654,0.0032156009984902765,0.014778350620464044,0.026169799268245697,7.481921672821045
839277350,Std-XY p=10,0,spsa,sequential,4,continuation,25,120,5,20,0.06397778540849686,67,71.5068359375,15.989413261413574,253.10476684570312,214.7555694580078,245.4348907470703,0.0029464902198869307,0.014449008773880907,0.21069419384002686,7.551690578460693
839277350,Std-XY p=10,0,spsa,sequential,4,continuation,30,120,5,20,0.06397778540849686,77,73.98634338378906,16.543848037719727,249.0660400390625,262.7509765625,229.90707397460938,0.0027300233963860397,0.014185372641231635,0.2019844353199005,7.619648694992065
839277350,Std-XY p=10,0,spsa,sequential,4,continuation,35,120,5,20,0.06397778540849686,87,308.9389953613281,69.08086395263672,4581.2783203125,4772.1650390625,4008.618408203125,0.0025512882641899174,0.013966227856027484,0.25,7.689300060272217
839277350,Std-XY p=10,0,spsa,sequential,4,continuation,40,120,5,20,0.06397778540849686,97,47.552005767822266,10.632951736450195,108.53727722167969,108.53727722167969,108.53727722167969,0.002400647687855837,0.013779134410346052,0.114155612885952,7.757532358169556
839277350,Std-XY p=10,0,spsa,sequential,4,continuation,45,120,5,20,0.06397778540849686,107,120.93836975097656,27.04264259338379,723.9915161132812,702.0523681640625,731.3045043945312,0.0022715681914939577,0.013616187769422706,0.25,7.825733661651611
839277350,Std-XY p=10,0,spsa,sequential,4,continuation,50,120,5,20,0.06397778540849686,117,108.59986114501953,24.283668518066406,566.108642578125,566.1087036132812,566.108642578125,0.002159447473513105,0.013472060523173781,0.2345156967639923,7.8948445320129395
839277350,Std-XY p=10,0,spsa,sequential,4,continuation,55,120,5,20,0.06397778540849686,127,19.499425888061523,4.360204219818115,18.821266174316406,18.250926971435547,19.01137924194336,0.00206094029511654,0.01334299625175472,0.04018715023994446,7.96390175819397
839277350,Std-XY p=10,0,spsa,sequential,4,continuation,60,120,5,20,0.06397778540849686,137,120.98421478271484,27.052892684936523,724.5404052734375,702.5846557617188,731.8590087890625,0.001973550659809235,0.013226249755755135,0.23876848816871643,8.025733709335327
839277350,Std-XY p=10,0,spsa,sequential,4,continuation,65,120,5,20,0.06397778540849686,147,299.84576416015625,67.04756164550781,4315.5595703125,4495.37451171875,3776.114501953125,0.001895374464322797,0.01311975565249048,0.25,8.094243049621582
839277350,Std-XY p=10,0,spsa,sequential,4,continuation,70,120,5,20,0.06397778540849686,157,158.1624755859375,35.366207122802734,1238.260986328125,1200.73779296875,1250.7685546875,0.0018249312272365914,0.013021922119457682,0.25,8.163675785064697
839277350,Std-XY p=10,0,spsa,sequential,4,continuation,75,120,5,20,0.06397778540849686,167,155.9684295654297,34.875606536865234,1021.6984252929688,437.8707580566406,1216.3076171875,0.001761050669149654,0.01293149713891721,0.25,8.23410177230835
839277350,Std-XY p=10,0,spsa,sequential,4,continuation,80,120,5,20,0.06397778540849686,177,27.931228637695312,6.245612621307373,37.447364807128906,37.44736862182617,37.44736862182617,0.0017027942294183186,0.012847478719003411,0.04756113514304161,8.303216695785522
839277350,Std-XY p=10,0,spsa,sequential,4,continuation,85,120,5,20,0.06397778540849686,187,367.3385314941406,82.13939666748047,6746.8798828125,6477.00439453125,6477.00390625,0.0016493994969254148,0.012769052840860788,0.25,8.370601654052734
839277350,Std-XY p=10,0,spsa,sequential,4,continuation,90,120,5,20,0.06397778540849686,197,15.012636184692383,3.3569276332855225,10.818203926086426,9.46592903137207,11.268961906433105,0.0016002400606131202,0.01269554947299621,0.02402382157742977,8.439087390899658
839277350,Std-XY p=10,0,spsa,sequential,4,continuation,95,120,5,20,0.06397778540849686,207,58.258819580078125,13.027066230773926,169.70449829101562,142.5517578125,142.55177307128906,0.0015547959748293738,0.012626410699612943,0.09058056771755219,8.505615711212158
839277350,Std-XY p=10,0,spsa,sequential,4,continuation,100,120,5,20,0.06397778540849686,217,24.314172744750977,5.436814785003662,29.26336097717285,28.3765926361084,29.558950424194336,0.0015126316810007278,0.012561167176266359,0.036778390407562256,8.574321746826172
839277350,Std-XY p=10,0,spsa,sequential,4,continuation,105,120,5,20,0.06397778540849686,227,25.76642417907715,5.761548042297363,31.867610931396484,31.867610931396484,31.867610931396484,0.0014733792627138122,0.01249942043693397,0.03796371445059776,8.642234086990356
839277350,Std-XY p=10,0,spsa,sequential,4,continuation,110,120,5,20,0.06397778540849686,237,129.89755249023438,29.045974731445312,835.2320556640625,809.921875,708.681640625,0.0014367255785269937,0.012440829393713411,0.18662713468074799,8.710161685943604
839277350,Std-XY p=10,0,spsa,sequential,4,continuation,115,120,5,20,0.06397778540849686,247,72.58485412597656,16.230466842651367,260.79376220703125,221.27957153320312,252.89089965820312,0.0014024022561809008,0.012385099893453082,0.10179317742586136,8.778400182723999
839277350,Std-XY p=10,0,spsa,sequential,4,continuation,120,120,5,20,0.06397778540849686,257,83.86455535888672,18.752685546875,348.1465759277344,295.3970947265625,337.5966796875,0.001370177826901264,0.012331976538504544,0.11490935832262039,8.847459316253662
839277350,Std-XY p=12,0,spsa,sequential,0,deterministic_linear_ramp,1,120,5,24,14.672216415405273,19,58.23289489746094,11.886739730834961,141.2946014404297,125.59518432617188,125.59518432617188,0.002281970825273203,0.02,0.13288576900959015,0.14708232879638672
839277350,Std-XY p=12,0,spsa,sequential,0,deterministic_linear_ramp,5,120,5,24,11.190983772277832,27,97.64247131347656,19.93118667602539,328.2848205566406,386.2174072265625,220.69566345214844,0.0019416624647615752,0.016999416915812672,0.1895887404680252,0.21241331100463867
839277350,Std-XY p=12,0,spsa,sequential,0,deterministic_linear_ramp,10,120,5,24,8.851884841918945,37,48.41365432739258,9.88239574432373,80.70658111572266,73.24630737304688,86.81043243408203,0.0016625148451310775,0.015850026609609436,0.0804884135723114,0.29161691665649414
839277350,Std-XY p=12,0,spsa,sequential,0,deterministic_linear_ramp,15,120,5,24,7.789612293243408,47,65.85979461669922,13.443574905395508,179.474609375,175.70941162109375,160.6486053466797,0.0014696807296650154,0.015214047873475552,0.09679286181926727,0.3709840774536133
839277350,Std-XY p=12,0,spsa,sequential,0,deterministic_linear_ramp,20,120,5,24,7.789612293243408,57,24.80736541748047,5.063782691955566,25.463821411132812,25.641889572143555,24.929616928100586,0.0013267946108885644,0.014778350620464044,0.03291427716612816,0.4499220848083496
839277350,Std-XY p=12,0,spsa,sequential,0,deterministic_linear_ramp,25,120,5,24,7.789612293243408,67,39.78563690185547,8.121210098266602,61.831912994384766,64.12198638916016,58.62581253051758,0.0012157563536699038,0.014449008773880907,0.0483696386218071,0.52866530418396
839277350,Std-XY p=12,0,spsa,sequential,0,deterministic_linear_ramp,30,120,5,24,7.789612293243408,77,8.70470142364502,1.7768397331237793,3.1571590900421143,3.06946063041687,3.069460153579712,0.0011264396085289515,0.014185372641231635,0.00980532169342041,0.607506275177002
839277350,Std-XY p=12,0,spsa,sequential,0,deterministic_linear_ramp,35,120,5,24,7.789612293243408,87,23.74138069152832,4.846189022064209,22.83316993713379,22.83316993713379,22.833173751831055,0.0010526914008733347,0.013966227856027484,0.02499234862625599,0.6851105690002441
839277350,Std-XY p=12,0,spsa,sequential,0,deterministic_linear_ramp,40,120,5,24,7.789612293243408,97,57.89274978637695,11.81730842590332,139.6487579345703,139.6487579345703,139.6487579345703,0.000990535335815809,0.013779134410346052,0.057344816625118256,0.7655248641967773
839277350,Std-XY p=12,0,spsa,sequential,0,deterministic_linear_ramp,45,120,5,24,7.77340030670166,107,34.38069152832031,7.017930030822754,48.9093132019043,47.88323974609375,49.2513313293457,0.0009372756247292785,0.013616187769422706,0.03222418576478958,0.8424923419952393
839277350,Std-XY p=12,0,spsa,sequential,0,deterministic_linear_ramp,50,120,5,24,7.77340030670166,117,3.462999105453491,0.7068817019462585,0.4129314124584198,0.2776009738445282,0.48580169677734375,0.0008910133041068521,0.013472060523173781,0.00308557809330523,0.9228591918945312
839277350,Std-XY p=12,0,spsa,sequential,0,deterministic_linear_ramp,55,120,5,24,7.67808198928833,127,72.13401794433594,14.724294662475586,192.71543884277344,210.78248596191406,162.6036376953125,0.000850368089264661,0.01334299625175472,0.061340466141700745,1.004044771194458
839277350,Std-XY p=12,0,spsa,sequential,0,deterministic_linear_ramp,60,120,5,24,7.596308708190918,137,29.724994659423828,6.06758975982666,36.55997848510742,35.7929801940918,36.81563949584961,0.0008143101028329843,0.013226249755755135,0.024205364286899567,1.0848827362060547
839277350,Std-XY p=12,0,spsa,sequential,0,deterministic_linear_ramp,65,120,5,24,7.567244529724121,147,31.206951141357422,6.370092391967773,38.04194641113281,40.57807540893555,30.433555603027344,0.0007820536895155747,0.01311975565249048,0.02440551295876503,1.164104700088501
839277350,Std-XY p=12,0,spsa,sequential,0,deterministic_linear_ramp,70,120,5,24,7.567244529724121,157,34.358665466308594,7.013433456420898,46.113983154296875,43.72288513183594,47.8219108581543,0.000752987985349105,0.013021922119457682,0.02587166242301464,1.2415833473205566
839277350,Std-XY p=12,0,spsa,sequential,0,deterministic_linear_ramp,75,120,5,24,7.429764747619629,167,21.231433868408203,4.333848476409912,18.651811599731445,18.260513305664062,18.782241821289062,0.0007266301193545069,0.01293149713891721,0.015427399426698685,1.3210506439208984
839277350,Std-XY p=12,0,spsa,sequential,0,deterministic_linear_ramp,80,120,5,24,7.355712890625,177,59.859283447265625,12.218725204467773,148.2604522705078,149.2972412109375,145.1501007080078,0.0007025928304242634,0.012847478719003411,0.04205670580267906,1.3984644412994385
839277350,Std-XY p=12,0,spsa,sequential,0,deterministic_linear_ramp,85,120,5,24,7.31127405166626,187,17.706098556518555,3.6142420768737793,12.6998929977417,13.06274700164795,11.611329078674316,0.0006805615388073363,0.012769052840860788,0.012050089426338673,1.4775450229644775
839277350,Std-XY p=12,0,spsa,sequential,0,deterministic_linear_ramp,90,120,5,24,7.31127405166626,197,33.99707794189453,6.939624309539795,47.82395553588867,48.15838623046875,46.82065200805664,0.0006602777799690678,0.01269554947299621,0.02244751527905464,1.5556976795196533
839277350,Std-XY p=12,0,spsa,sequential,0,deterministic_linear_ramp,95,120,5,24,7.283260345458984,207,36.02353286743164,7.353272914886475,53.69512939453125,48.062774658203125,52.568660736083984,0.0006415270182474049,0.012626410699612943,0.02311006747186184,1.6348857879638672
839277350,Std-XY p=12,0,spsa,sequential,0,deterministic_linear_ramp,100,120,5,24,7.271736145019531,217,9.371832847595215,1.9130175113677979,3.634221315383911,3.557978868484497,3.253009080886841,0.0006241295370766892,0.012561167176266359,0.005849238019436598,1.7133464813232422
839277350,Std-XY p=12,0,spsa,sequential,0,deterministic_linear_ramp,105,120,5,24,7.196816444396973,227,44.54978942871094,9.093688011169434,82.69515228271484,80.3980712890625,80.3980712890625,0.0006079335298382679,0.01249942043693397,0.02708331309258938,1.7943158149719238
839277350,Std-XY p=12,0,spsa,sequential,0,deterministic_linear_ramp,110,120,5,24,7.12209939956665,237,19.884286880493164,4.058863639831543,16.4743709564209,14.643885612487793,14.643885612487793,0.0005928097907079731,0.012440829393713411,0.011787599883973598,1.871666669845581
839277350,Std-XY p=12,0,spsa,sequential,0,deterministic_linear_ramp,115,120,5,24,7.069913864135742,247,35.308631896972656,7.207344055175781,46.17405319213867,46.17405700683594,46.17405700683594,0.0005786475861502659,0.012385099893453082,0.02043125405907631,1.9535646438598633
839277350,Std-XY p=12,0,spsa,sequential,0,deterministic_linear_ramp,120,120,5,24,7.021851539611816,257,41.160892486572266,8.401931762695312,70.10223388671875,68.63155364990234,70.59246063232422,0.0005653514094395187,0.012331976538504544,0.023270366713404655,2.0331292152404785
839277350,Std-XY p=12,0,spsa,sequential,1,random_shared_stream,1,120,5,24,7.732844352722168,19,1.363707423210144,0.2783656120300293,0.07264445722103119,0.07748742401599884,0.05811556801199913,0.07725970087889895,0.02,0.10535963624715805,2.191835641860962
839277350,Std-XY p=12,0,spsa,sequential,1,random_shared_stream,5,120,5,24,7.6961283683776855,27,9.240907669067383,1.8862923383712769,3.4592628479003906,3.162754774093628,3.558098793029785,0.06573802766181515,0.016999416915812672,0.25,2.254988193511963
839277350,Std-XY p=12,0,spsa,sequential,1,random_shared_stream,10,120,5,24,7.665585517883301,37,1.7936441898345947,0.3661261200904846,0.13032473623752594,0.13032473623752594,0.13032475113868713,0.05628704723960625,0.015850026609609436,0.1009589359164238,2.3356690406799316
839277350,Std-XY p=12,0,spsa,sequential,1,random_shared_stream,15,120,5,24,7.659051418304443,47,0.07730904966592789,0.015780646353960037,0.00023346445232164115,0.00024902872974053025,0.0001867715473053977,0.04975834585782091,0.015214047873475552,0.0038467703852802515,2.413675546646118
839277350,Std-XY p=12,0,spsa,sequential,1,random_shared_stream,20,120,5,24,7.659051418304443,57,3.3510072231292725,0.6840214729309082,0.45488855242729187,0.45488855242729187,0.35091403126716614,0.044920712232468234,0.014778350620464044,0.1505296379327774,2.49491548538208
839277350,Std-XY p=12,0,spsa,sequential,1,random_shared_stream,25,120,5,24,7.659051418304443,67,1.570411205291748,0.3205588459968567,0.10204437375068665,0.09134042263031006,0.09990358352661133,0.041161337904007715,0.014449008773880907,0.06464023143053055,2.574350595474243
839277350,Std-XY p=12,0,spsa,sequential,1,random_shared_stream,30,120,5,24,7.659051418304443,77,4.389649868011475,0.8960336446762085,0.7973007559776306,0.6021571159362793,0.7136678099632263,0.03813737943063824,0.014185372641231635,0.1674097627401352,2.6523962020874023
839277350,Std-XY p=12,0,spsa,sequential,1,random_shared_stream,35,120,5,24,7.659051418304443,87,2.537360429763794,0.5179365873336792,0.26639533042907715,0.2608066201210022,0.2682582437992096,0.035640518208433204,0.013966227856027484,0.09043284505605698,2.732390880584717
839277350,Std-XY p=12,0,spsa,sequential,1,random_shared_stream,40,120,5,24,7.659051418304443,97,0.17156720161437988,0.035021014511585236,0.001149816787801683,0.0011924024438485503,0.0010901966597884893,0.033536127152697916,0.013779134410346052,0.005753700155764818,2.8114426136016846
839277350,Std-XY p=12,0,spsa,sequential,1,random_shared_stream,45,120,5,24,7.659051418304443,107,2.3105063438415527,0.47163015604019165,0.21625621616840363,0.1977199763059616,0.22243499755859375,0.031732936111923196,0.013616187769422706,0.07331915199756622,2.8888437747955322
839277350,Std-XY p=12,0,spsa,sequential,1,random_shared_stream,50,120,5,24,7.659051418304443,117,1.6383419036865234,0.334425151348114,0.11184018105268478,0.10873351246118546,0.10873351246118546,0.030166652698626503,0.013472060523173781,0.04942329227924347,2.9690608978271484
839277350,Std-XY p=12,0,spsa,sequential,1,random_shared_stream,55,120,5,24,7.659051418304443,127,2.1645309925079346,0.4418330192565918,0.1938607543706894,0.17352570593357086,0.18979375064373016,0.028790545210271426,0.01334299625175472,0.062318023294210434,3.0481655597686768
839277350,Std-XY p=12,0,spsa,sequential,1,random_shared_stream,60,120,5,24,7.659051418304443,137,2.3171610832214355,0.4729885458946228,0.20973576605319977,0.21750377118587494,0.19886058568954468,0.027569745533451186,0.013226249755755135,0.06388354301452637,3.126526117324829
839277350,Std-XY p=12,0,spsa,sequential,1,random_shared_stream,65,120,5,24,7.655989170074463,147,2.4063010215759277,0.49118417501449585,0.23456014692783356,0.24126189947128296,0.2144550085067749,0.026477654076045794,0.01311975565249048,0.0637132078409195,3.207280158996582
839277350,Std-XY p=12,0,spsa,sequential,1,random_shared_stream,70,120,5,24,7.655989170074463,157,2.521071434020996,0.5146116018295288,0.21884848177433014,0.2354000359773636,0.1986187845468521,0.025493589080619238,0.013021922119457682,0.06427115947008133,3.2850284576416016
839277350,Std-XY p=12,0,spsa,sequential,1,random_shared_stream,75,120,5,24,7.649784088134766,167,4.78800630569458,0.977347731590271,0.9485750794410706,0.9286749362945557,0.9552084803581238,0.024601202192936326,0.01293149713891721,0.11779071390628815,3.365689754486084
839277350,Std-XY p=12,0,spsa,sequential,1,random_shared_stream,80,120,5,24,7.649784088134766,177,2.321655035018921,0.47390589118003845,0.21834821999073029,0.21834824979305267,0.21834824979305267,0.023787382080898766,0.012847478719003411,0.05522609502077103,3.4407970905303955
839277350,Std-XY p=12,0,spsa,sequential,1,random_shared_stream,85,120,5,24,7.648582458496094,187,2.9954259395599365,0.6114387512207031,0.3738573491573334,0.3634723722934723,0.3634723722934723,0.023041478153710833,0.012769052840860788,0.06901903450489044,3.5196051597595215
839277350,Std-XY p=12,0,spsa,sequential,1,random_shared_stream,90,120,5,24,7.643083572387695,197,2.2610251903533936,0.46152985095977783,0.2130097895860672,0.20709286630153656,0.20709286630153656,0.022354739689227292,0.01269554947299621,0.050544630736112595,3.5984392166137695
839277350,Std-XY p=12,0,spsa,sequential,1,random_shared_stream,95,120,5,24,7.643083572387695,207,2.8967981338500977,0.5913064479827881,0.3472152054309845,0.3399309813976288,0.31079405546188354,0.021719903246174285,0.012626410699612943,0.06291817873716354,3.6788902282714844
839277350,Std-XY p=12,0,spsa,sequential,1,random_shared_stream,100,120,5,24,7.643083572387695,217,4.095272064208984,0.835943877696991,0.6939494013786316,0.679391086101532,0.6988021731376648,0.021130884238389706,0.012561167176266359,0.0865367129445076,3.7592525482177734
839277350,Std-XY p=12,0,spsa,sequential,1,random_shared_stream,105,120,5,24,7.643083572387695,227,1.717892050743103,0.35066327452659607,0.12296470999717712,0.12296470999717712,0.12296470999717712,0.020582543014735763,0.01249942043693397,0.03535858541727066,3.839308261871338
839277350,Std-XY p=12,0,spsa,sequential,1,random_shared_stream,110,120,5,24,7.643083572387695,237,2.506355047225952,0.5116075873374939,0.25992467999458313,0.26174232363700867,0.25447168946266174,0.02007050510941452,0.012440829393713411,0.05030381307005882,3.917205572128296
839277350,Std-XY p=12,0,spsa,sequential,1,random_shared_stream,115,120,5,24,7.634763240814209,247,5.866680145263672,1.1975311040878296,1.3942451477050781,1.3942451477050781,1.075560450553894,0.019591021464927853,0.012385099893453082,0.1149342730641365,3.997626543045044
839277350,Std-XY p=12,0,spsa,sequential,1,random_shared_stream,120,120,5,24,7.634763240814209,257,3.862710952758789,0.788472592830658,0.6173717379570007,0.5526124238967896,0.6044198870658875,0.019140858551305887,0.012331976538504544,0.0739356055855751,4.077505350112915
839277350,Std-XY p=12,0,spsa,sequential,2,random_shared_stream,1,120,5,24,7.665271759033203,19,0.3591623604297638,0.07331371307373047,0.005337575450539589,0.005374900531023741,0.0052255974151194096,0.1552525910571513,0.02,0.05576089024543762,4.238083839416504
839277350,Std-XY p=12,0,spsa,sequential,2,random_shared_stream,5,120,5,24,7.665043354034424,27,2.308337450027466,0.47118741273880005,0.16651317477226257,0.197348952293396,0.1233430877327919,0.13209990472886926,0.016999416915812672,0.25,4.303086519241333
839277350,Std-XY p=12,0,spsa,sequential,2,random_shared_stream,10,120,5,24,7.6630730628967285,37,1.198071837425232,0.24455539882183075,0.05939200893044472,0.03322630003094673,0.018274463713169098,0.11310825472393009,0.015850026609609436,0.13551180064678192,4.383304595947266
839277350,Std-XY p=12,0,spsa,sequential,2,random_shared_stream,15,120,5,24,7.658598899841309,47,0.8928543329238892,0.1822531521320343,0.031140193343162537,0.03229353204369545,0.02952551282942295,0.09998889502890165,0.015214047873475552,0.08927552402019501,4.462902784347534
839277350,Std-XY p=12,0,spsa,sequential,2,random_shared_stream,20,120,5,24,7.658598899841309,57,2.0767250061035156,0.4239097535610199,0.1784515380859375,0.1747078150510788,0.159732848405838,0.09026771896457225,0.014778350620464044,0.1874612271785736,4.541905403137207
839277350,Std-XY p=12,0,spsa,sequential,2,random_shared_stream,25,120,5,24,7.658598899841309,67,0.4944770336151123,0.1009347066283226,0.009551077149808407,0.00990482047200203,0.009055836126208305,0.08271329410131678,0.014449008773880907,0.04089982435107231,4.621545076370239
839277350,Std-XY p=12,0,spsa,sequential,2,random_shared_stream,30,120,5,24,7.657451629638672,77,0.1239200085401535,0.025295067578554153,0.0006220670184120536,0.0006220670184120536,0.0006220670184120536,0.07663667999462068,0.014185372641231635,0.009496818296611309,4.700043678283691
839277350,Std-XY p=12,0,spsa,sequential,2,random_shared_stream,35,120,5,24,7.653414249420166,87,1.9043585062026978,0.3887255787849426,0.1511075496673584,0.14691011607646942,0.14691011607646942,0.07161926250726758,0.013966227856027484,0.13638874888420105,4.78120756149292
839277350,Std-XY p=12,0,spsa,sequential,2,random_shared_stream,40,120,5,24,7.652160167694092,97,2.237748384475708,0.45677849650382996,0.2071976661682129,0.1564849466085434,0.18546362221240997,0.06739050986800349,0.013779134410346052,0.15080301463603973,4.861684322357178
839277350,Std-XY p=12,0,spsa,sequential,2,random_shared_stream,45,120,5,24,7.651467800140381,107,0.06810996681451797,0.01390288956463337,0.00019194804190192372,0.00017181360453832895,0.00018792114860843867,0.06376701562628845,0.013616187769422706,0.004343169275671244,4.9402947425842285
839277350,Std-XY p=12,0,spsa,sequential,2,random_shared_stream,50,120,5,24,7.651467800140381,117,1.0032752752304077,0.20479270815849304,0.04164879769086838,0.04194004833698273,0.04077504947781563,0.06061958487677898,0.013472060523173781,0.060818132013082504,5.020266771316528
839277350,Std-XY p=12,0,spsa,sequential,2,random_shared_stream,55,120,5,24,7.651467800140381,127,0.6826146245002747,0.13933812081813812,0.019280284643173218,0.0194151122123003,0.01887580193579197,0.05785431073372797,0.01334299625175472,0.03949219733476639,5.099584102630615
839277350,Std-XY p=12,0,spsa,sequential,2,random_shared_stream,60,120,5,24,7.651467800140381,137,0.6700948476791382,0.13678255677223206,0.01857953704893589,0.014032098464667797,0.016630632802844048,0.055401126074300436,0.013226249755755135,0.03712401166558266,5.17814826965332
839277350,Std-XY p=12,0,spsa,sequential,2,random_shared_stream,65,120,5,24,7.650672435760498,147,0.9715476632118225,0.19831633567810059,0.03823688626289368,0.03495943918824196,0.039329368621110916,0.05320657928593881,0.01311975565249048,0.05169272795319557,5.258212327957153
839277350,Std-XY p=12,0,spsa,sequential,2,random_shared_stream,70,120,5,24,7.646305561065674,157,0.00017939099052455276,3.661803202703595e-05,1.3315686331338838e-09,1.3036336454774755e-09,1.34088029568602e-09,0.051229110585301586,0.013021922119457682,9.190040145767853e-06,5.337599754333496
839277350,Std-XY p=12,0,spsa,sequential,2,random_shared_stream,75,120,5,24,7.646027565002441,167,0.01932905800640583,0.003945527598261833,1.5459083442692645e-05,1.5134765817492735e-05,1.556718780193478e-05,0.049435868119150156,0.01293149713891721,0.0009555487777106464,5.415376663208008
839277350,Std-XY p=12,0,spsa,sequential,2,random_shared_stream,80,120,5,24,7.642921447753906,177,0.1327335387468338,0.027094122022390366,0.0007289936183951795,0.000734091445337981,0.0007137000211514533,0.04780050479763929,0.012847478719003411,0.0063447305001318455,5.4950385093688965
839277350,Std-XY p=12,0,spsa,sequential,2,random_shared_stream,85,120,5,24,7.642921447753906,187,1.067566990852356,0.21791619062423706,0.04748746380209923,0.047487467527389526,0.047487467527389526,0.04630161836579627,0.012769052840860788,0.04943007975816727,5.574488162994385
839277350,Std-XY p=12,0,spsa,sequential,2,random_shared_stream,90,120,5,24,7.640586853027344,197,2.1204471588134766,0.4328344762325287,0.18214161694049835,0.1873456835746765,0.16652949154376984,0.04492162433557348,0.01269554947299621,0.09525392949581146,5.653810024261475
839277350,Std-XY p=12,0,spsa,sequential,2,random_shared_stream,95,120,5,24,7.640586853027344,207,1.4913678169250488,0.3044241666793823,0.09009980410337448,0.06950556486845016,0.09009980410337448,0.043645926894860194,0.012626410699612943,0.06509212404489517,5.733609437942505
839277350,Std-XY p=12,0,spsa,sequential,2,random_shared_stream,100,120,5,24,7.640586853027344,217,0.5862742066383362,0.1196727305650711,0.013426464051008224,0.014321560971438885,0.01074117049574852,0.042462299129023946,0.012561167176266359,0.024894552305340767,5.811365604400635
839277350,Std-XY p=12,0,spsa,sequential,2,random_shared_stream,105,120,5,24,7.640586853027344,227,0.650844156742096,0.13285300135612488,0.01715964451432228,0.0156888198107481,0.017649920657277107,0.041360412960849885,0.01249942043693397,0.026919180527329445,5.891996383666992
839277350,Std-XY p=12,0,spsa,sequential,2,random_shared_stream,110,120,5,24,7.640259742736816,237,1.6484335660934448,0.3364850878715515,0.11243594437837601,0.1100771501660347,0.11322221159934998,0.04033147794535968,0.012440829393713411,0.0664837583899498,5.972093820571899
839277350,Std-XY p=12,0,spsa,sequential,2,random_shared_stream,115,120,5,24,7.637913703918457,247,0.08902627229690552,0.018172411248087883,0.00032794324215501547,0.00029354359139688313,0.0003210633003618568,0.03936796038925673,0.012385099893453082,0.003504782682284713,6.0498127937316895
839277350,Std-XY p=12,0,spsa,sequential,2,random_shared_stream,120,120,5,24,7.636291027069092,257,0.8224942684173584,0.16789095103740692,0.02505543641746044,0.027404382824897766,0.021140525117516518,0.03846336254662213,0.012331976538504544,0.031635891646146774,6.131760835647583
839277350,Std-XY p=12,0,spsa,sequential,3,random_shared_stream,1,120,5,24,7.664948463439941,19,0.18612203001976013,0.037992000579833984,0.0014032978797331452,0.0014433921314775944,0.0012830152409151196,0.19590625766298067,0.02,0.03646247088909149,6.287168264389038
839277350,Std-XY p=12,0,spsa,sequential,3,random_shared_stream,5,120,5,24,7.664948463439941,27,0.04740900173783302,0.009677322581410408,9.104915079660714e-05,8.324493683176115e-05,9.365056030219421e-05,0.1666909247494778,0.016999416915812672,0.007902650162577629,6.352228879928589
839277350,Std-XY p=12,0,spsa,sequential,3,random_shared_stream,10,120,5,24,7.664948463439941,37,2.5512635707855225,0.5207744836807251,0.24107204377651215,0.2636725604534149,0.20340454578399658,0.14272621630900387,0.015850026609609436,0.25,6.432475566864014
839277350,Std-XY p=12,0,spsa,sequential,3,random_shared_stream,15,120,5,24,7.664948463439941,47,0.2442106306552887,0.049849286675453186,0.0023296417202800512,0.002415925031527877,0.002208845689892769,0.12617148673388562,0.015214047873475552,0.030812418088316917,6.511315822601318
839277350,Std-XY p=12,0,spsa,sequential,3,random_shared_stream,20,120,5,24,7.664186000823975,57,0.30072838068008423,0.06138592213392258,0.003742063185200095,0.003768231486901641,0.0036635585129261017,0.11390477215039335,0.014778350620464044,0.034254398196935654,6.590862989425659
839277350,Std-XY p=12,0,spsa,sequential,3,random_shared_stream,25,120,5,24,7.661889553070068,67,0.6157318353652954,0.12568573653697968,0.015687203034758568,0.008776058442890644,0.011847677640616894,0.10437218339500341,0.014449008773880907,0.06426528096199036,6.671293258666992
839277350,Std-XY p=12,0,spsa,sequential,3,random_shared_stream,30,120,5,24,7.658201694488525,77,1.521210789680481,0.3105158507823944,0.09575051069259644,0.09642008692026138,0.0937417522072792,0.09670437752587828,0.014185372641231635,0.14710775017738342,6.750041246414185
839277350,Std-XY p=12,0,spsa,sequential,3,random_shared_stream,35,120,5,24,7.657350063323975,87,0.9015406966209412,0.18402622640132904,0.03363047167658806,0.03292493894696236,0.03386564925312996,0.09037312420258718,0.013966227856027484,0.08147504925727844,6.828859567642212
839277350,Std-XY p=12,0,spsa,sequential,3,random_shared_stream,40,120,5,24,7.657350063323975,97,0.7178019881248474,0.1465207189321518,0.02146831899881363,0.020871980115771294,0.020871980115771294,0.0850370515580043,0.013779134410346052,0.0610397644340992,6.907337188720703
839277350,Std-XY p=12,0,spsa,sequential,3,random_shared_stream,45,120,5,24,7.656795024871826,107,0.7605326771736145,0.15524308383464813,0.02393305115401745,0.024100415408611298,0.0234309583902359,0.08046472724622235,0.013616187769422706,0.06119605526328087,6.985868215560913
839277350,Std-XY p=12,0,spsa,sequential,3,random_shared_stream,50,120,5,24,7.656795024871826,117,1.2153397798538208,0.24808022379875183,0.0615437887609005,0.0615437887609005,0.0615437887609005,0.07649312603047961,0.013472060523173781,0.09296514838933945,7.065693616867065
839277350,Std-XY p=12,0,spsa,sequential,3,random_shared_stream,55,120,5,24,7.656614303588867,127,0.9931963682174683,0.20273536443710327,0.04081619903445244,0.03653477877378464,0.03995991498231888,0.07300375103784001,0.01334299625175472,0.07250706106424332,7.142320394515991
839277350,Std-XY p=12,0,spsa,sequential,3,random_shared_stream,60,120,5,24,7.654624938964844,137,0.018280131742358208,0.0037314160726964474,1.3826775102643296e-05,1.0442599887028337e-05,1.2376414815662429e-05,0.06990818771930082,0.013226249755755135,0.0012779308017343283,7.22268533706665
839277350,Std-XY p=12,0,spsa,sequential,3,random_shared_stream,65,120,5,24,7.654624938964844,147,0.008457531221210957,0.0017263863701373339,2.9597122193081304e-06,2.980409590236377e-06,2.8976203338970663e-06,0.06713898789051358,0.01311975565249048,0.0005678300512954593,7.302281141281128
839277350,Std-XY p=12,0,spsa,sequential,3,random_shared_stream,70,120,5,24,7.654624938964844,157,0.60652095079422,0.12380556762218475,0.011495864950120449,0.013624727725982666,0.008515454828739166,0.0646437091312373,0.013021922119457682,0.03920776769518852,7.380669832229614
839277350,Std-XY p=12,0,spsa,sequential,3,random_shared_stream,75,120,5,24,7.654624938964844,167,0.5949556231498718,0.12144480645656586,0.014748840592801571,0.014748840592801571,0.014748840592801571,0.06238089716633593,0.01293149713891721,0.03711386397480965,7.461074590682983
839277350,Std-XY p=12,0,spsa,sequential,3,random_shared_stream,80,120,5,24,7.654624938964844,177,0.4592035412788391,0.09373452514410019,0.007809920702129602,0.007809921633452177,0.007809920702129602,0.06031730578885896,0.012847478719003411,0.027697918936610222,7.540961980819702
839277350,Std-XY p=12,0,spsa,sequential,3,random_shared_stream,85,120,5,24,7.652946949005127,187,0.29069727659225464,0.05933833122253418,0.003496586112305522,0.0034232307225465775,0.003521037520840764,0.05842592845644401,0.012769052840860788,0.016984257847070694,7.618479490280151
839277350,Std-XY p=12,0,spsa,sequential,3,random_shared_stream,90,120,5,24,7.6527204513549805,197,0.8813729286193848,0.17990951240062714,0.031468331813812256,0.03236742690205574,0.028771044686436653,0.05668457609499659,0.01269554947299621,0.04996025189757347,7.6982715129852295
839277350,Std-XY p=12,0,spsa,sequential,3,random_shared_stream,95,120,5,24,7.6527204513549805,207,0.027659032493829727,0.0056458767503499985,2.98836766887689e-05,2.8334156013443135e-05,3.099047899013385e-05,0.055074830906084525,0.012626410699612943,0.0015233166050165892,7.776960611343384
839277350,Std-XY p=12,0,spsa,sequential,3,random_shared_stream,100,120,5,24,7.6527204513549805,217,1.1336804628372192,0.23141156136989594,0.052063774317502975,0.053551312536001205,0.047601163387298584,0.05358126429639352,0.012561167176266359,0.0607440322637558,7.851453542709351
839277350,Std-XY p=12,0,spsa,sequential,3,random_shared_stream,105,120,5,24,7.6527204513549805,227,0.558520495891571,0.11400752514600754,0.012636668048799038,0.012636668048799038,0.012636668048799038,0.052190843730091224,0.01249942043693397,0.029149658977985382,7.9222002029418945
839277350,Std-XY p=12,0,spsa,sequential,3,random_shared_stream,110,120,5,24,7.6527204513549805,237,1.1666154861450195,0.23813438415527344,0.05631418153643608,0.05670798942446709,0.05513276532292366,0.050892476940264934,0.012440829393713411,0.0593719519674778,7.991801977157593
839277350,Std-XY p=12,0,spsa,sequential,3,random_shared_stream,115,120,5,24,7.6527204513549805,247,0.9411886930465698,0.19211934506893158,0.03690984472632408,0.03690984100103378,0.03690984100103378,0.04967665749839022,0.012385099893453082,0.0467551089823246,8.063494205474854
839277350,Std-XY p=12,0,spsa,sequential,3,random_shared_stream,120,120,5,24,7.6527204513549805,257,0.16972702741622925,0.034645386040210724,0.001125283888541162,0.0009002270526252687,0.0012003028532490134,0.04853518619131674,0.012331976538504544,0.008237733505666256,8.134148597717285
839277350,Std-XY p=12,0,spsa,sequential,4,continuation,1,120,5,24,0.06397794932126999,19,20.23008155822754,4.129448890686035,16.933923721313477,17.052343368530273,16.57866668701172,0.0062293632026432216,0.02,0.12602053582668304,8.29257583618164
839277350,Std-XY p=12,0,spsa,sequential,4,continuation,5,120,5,24,0.06397794932126999,27,2.5255942344665527,0.5155347585678101,0.2491651028394699,0.25839343667030334,0.23624543845653534,0.0053003835877223435,0.016999416915812672,0.013386618345975876,8.357424259185791
839277350,Std-XY p=12,0,spsa,sequential,4,continuation,10,120,5,24,0.06397794932126999,37,172.65328979492188,35.242706298828125,1233.4229736328125,1242.04833984375,1207.5469970703125,0.004538361615060408,0.015850026609609436,0.25,8.437082767486572
839277350,Std-XY p=12,0,spsa,sequential,4,continuation,15,120,5,24,0.06397794932126999,47,291.2649841308594,59.45421600341797,3436.614990234375,3534.8037109375,3142.047607421875,0.004011959730428634,0.015214047873475552,0.25,8.515996932983398
839277350,Std-XY p=12,0,spsa,sequential,4,continuation,20,120,5,24,0.06397794932126999,57,104.51863861083984,21.33477783203125,452.0118103027344,442.5290832519531,404.5980224609375,0.0036219067461324963,0.014778350620464044,0.25,8.596200466156006
839277350,Std-XY p=12,0,spsa,sequential,4,continuation,25,120,5,24,0.06397794932126999,67,113.19033813476562,23.104881286621094,530.1283569335938,533.8355102539062,519.0067138671875,0.0033187926020150993,0.014449008773880907,0.25,8.67431902885437
839277350,Std-XY p=12,0,spsa,sequential,4,continuation,30,120,5,24,0.06397794932126999,77,52.019561767578125,10.618448257446289,111.96845245361328,109.61945343017578,100.22350311279297,0.003074974215119509,0.014185372641231635,0.15995879471302032,8.753803253173828
839277350,Std-XY p=12,0,spsa,sequential,4,continuation,35,120,5,24,0.06397794932126999,87,90.4231948852539,18.457557678222656,338.31561279296875,255.51109313964844,302.82794189453125,0.002873655089588713,0.013966227856027484,0.25,8.83304738998413
839277350,Std-XY p=12,0,spsa,sequential,4,continuation,40,120,5,24,0.06397794932126999,97,85.83370208740234,17.520732879638672,298.44891357421875,306.97601318359375,272.8675537109375,0.002703980394276124,0.013779134410346052,0.23209263384342194,8.912595510482788
839277350,Std-XY p=12,0,spsa,sequential,4,continuation,45,120,5,24,0.06397794932126999,107,159.2273712158203,32.50215148925781,1027.0457763671875,1027.0457763671875,1027.0457763671875,0.00255859111902712,0.013616187769422706,0.25,8.990556240081787
839277350,Std-XY p=12,0,spsa,sequential,4,continuation,50,120,5,24,0.06397794932126999,117,159.65213012695312,32.58885192871094,1054.6580810546875,1062.0333251953125,1032.532470703125,0.002432303440603482,0.013472060523173781,0.25,9.068251609802246
839277350,Std-XY p=12,0,spsa,sequential,4,continuation,55,120,5,24,0.06397794932126999,127,63.391944885253906,12.939826965332031,167.4391326904297,162.7880401611328,162.7880401611328,0.00232134943413797,0.01334299625175472,0.14715485274791718,9.147176504135132
839277350,Std-XY p=12,0,spsa,sequential,4,continuation,60,120,5,24,0.06397794932126999,137,152.85342407226562,31.20107650756836,973.507080078125,973.507080078125,973.507080078125,0.0022229177226755744,0.013226249755755135,0.25,9.22563648223877
839277350,Std-XY p=12,0,spsa,sequential,4,continuation,65,120,5,24,0.06397794932126999,147,16.180057525634766,3.3027405738830566,10.832343101501465,10.908093452453613,10.605091094970703,0.0021348636108774253,0.01311975565249048,0.03454221412539482,9.304970741271973
839277350,Std-XY p=12,0,spsa,sequential,4,continuation,70,120,5,24,0.06397794932126999,157,228.3582763671875,46.613441467285156,2037.01171875,1931.3887939453125,2112.45654296875,0.0020555195517911995,0.013021922119457682,0.25,9.382530212402344
839277350,Std-XY p=12,0,spsa,sequential,4,continuation,75,120,5,24,0.06397794932126999,167,50.94300079345703,10.398695945739746,105.12918853759766,108.13288116455078,96.11811065673828,0.001983567395914144,0.01293149713891721,0.10104886442422867,9.460363388061523
839277350,Std-XY p=12,0,spsa,sequential,4,continuation,80,120,5,24,0.06397794932126999,177,140.00315856933594,28.578025817871094,794.0172729492188,794.017333984375,612.5276489257812,0.0019179499912151004,0.012847478719003411,0.25,9.539320468902588
839277350,Std-XY p=12,0,spsa,sequential,4,continuation,85,120,5,24,0.06397794932126999,187,41.713871002197266,8.51480770111084,70.4880142211914,70.4880142211914,70.4880142211914,0.0018578085924797522,0.012769052840860788,0.07749638706445694,9.617883682250977
839277350,Std-XY p=12,0,spsa,sequential,4,continuation,90,120,5,24,0.06397794932126999,197,46.18743896484375,9.427972793579102,88.2693862915039,86.41757202148438,88.88665008544922,0.0018024376387764892,0.01269554947299621,0.08324997872114182,9.697438716888428
839277350,Std-XY p=12,0,spsa,sequential,4,continuation,95,120,5,24,0.06397794932126999,207,9.931906700134277,2.027341842651367,3.9959452152252197,2.2833971977233887,3.653435707092285,0.0017512514869655986,0.012626410699612943,0.017393266782164574,9.776280879974365
839277350,Std-XY p=12,0,spsa,sequential,4,continuation,100,120,5,24,0.06397794932126999,217,60.16056823730469,12.28022575378418,141.37867736816406,150.80392456054688,113.10294342041016,0.0017037595436754998,0.012561167176266359,0.10249914228916168,9.861513614654541
839277350,Std-XY p=12,0,spsa,sequential,4,continuation,105,120,5,24,0.06397794932126999,227,47.88577651977539,9.774642944335938,94.88015747070312,92.88965606689453,84.92768859863281,0.0016595474045879256,0.01249942043693397,0.07946871966123581,9.940562963485718
839277350,Std-XY p=12,0,spsa,sequential,4,continuation,110,120,5,24,0.06397794932126999,237,165.61912536621094,33.806861877441406,1071.4725341796875,1111.1566162109375,1015.9146118164062,0.0016182623614220673,0.012440829393713411,0.25,10.020493507385254
839277350,Std-XY p=12,0,spsa,sequential,4,continuation,115,120,5,24,0.06397794932126999,247,103.28565979003906,21.083097457885742,416.7159423828125,395.1084899902344,432.14990234375,0.0015796021318682887,0.012385099893453082,0.16315026581287384,10.098219871520996
839277350,Std-XY p=12,0,spsa,sequential,4,continuation,120,120,5,24,0.06397794932126999,257,127.72215270996094,26.071178436279297,637.2245483398438,660.8255004882812,604.1832885742188,0.001543306000024511,0.012331976538504544,0.19711436331272125,10.17869234085083
839277350,Std-XY p=16,0,spsa,sequential,0,deterministic_linear_ramp,1,120,5,32,13.586400032043457,19,32.03929138183594,5.663800239562988,32.07863235473633,30.073719024658203,30.073719024658203,0.001545770841642693,0.02,0.04952540248632431,0.1856539249420166
839277350,Std-XY p=16,0,spsa,sequential,0,deterministic_linear_ramp,5,120,5,32,10.488557815551758,27,49.73713302612305,8.792366027832031,69.75631713867188,66.43458557128906,72.47409057617188,0.001315251356020818,0.016999416915812672,0.06541682779788971,0.26866626739501953
839277350,Std-XY p=16,0,spsa,sequential,0,deterministic_linear_ramp,10,120,5,32,8.516481399536133,37,325.5917663574219,57.557037353515625,3261.0498046875,3261.0498046875,3261.0498046875,0.0011261611861729504,0.015850026609609436,0.25,0.36919116973876953
839277350,Std-XY p=16,0,spsa,sequential,0,deterministic_linear_ramp,15,120,5,32,7.6415324211120605,47,74.45559692382812,13.16201400756836,162.41119384765625,170.53175354003906,148.87692260742188,0.0009955384149875597,0.015214047873475552,0.07412340492010117,0.4700796604156494
839277350,Std-XY p=16,0,spsa,sequential,0,deterministic_linear_ramp,20,120,5,32,7.265579700469971,57,26.833620071411133,4.743558883666992,22.14976692199707,22.14976692199707,19.337099075317383,0.0008987496245113758,0.014778350620464044,0.02411670610308647,0.5718495845794678
839277350,Std-XY p=16,0,spsa,sequential,0,deterministic_linear_ramp,25,120,5,32,7.115781784057617,67,33.495399475097656,5.921205997467041,35.0606803894043,35.0606803894043,35.0606803894043,0.0008235340703007396,0.014449008773880907,0.027584604918956757,0.6737444400787354
839277350,Std-XY p=16,0,spsa,sequential,0,deterministic_linear_ramp,30,120,5,32,6.987516403198242,77,1.4841480255126953,0.2623627781867981,0.06641427427530289,0.06883422285318375,0.059154413640499115,0.000763032323836568,0.014185372641231635,0.0011324529768899083,0.7731983661651611
839277350,Std-XY p=16,0,spsa,sequential,0,deterministic_linear_ramp,35,120,5,32,6.895334243774414,87,67.15352630615234,11.871177673339844,140.37437438964844,132.1170654296875,121.10730743408203,0.0007130764577251707,0.013966227856027484,0.04788559675216675,0.8740494251251221
839277350,Std-XY p=16,0,spsa,sequential,0,deterministic_linear_ramp,40,120,5,32,6.7003960609436035,97,43.717041015625,7.728154182434082,59.724365234375,51.325626373291016,51.325626373291016,0.0006709729251413715,0.013779134410346052,0.029332950711250305,0.9740722179412842
839277350,Std-XY p=16,0,spsa,sequential,0,deterministic_linear_ramp,45,120,5,32,5.750748634338379,107,149.31178283691406,26.39484405517578,693.96630859375,685.802001953125,653.144775390625,0.000634895641628329,0.013616187769422706,0.09479739516973495,1.0761961936950684
839277350,Std-XY p=16,0,spsa,sequential,0,deterministic_linear_ramp,50,120,5,32,5.750748634338379,117,174.65704345703125,30.875295639038086,949.56005859375,953.2838134765625,938.3888549804688,0.0006035582794268159,0.013472060523173781,0.1054157093167305,1.1770298480987549
839277350,Std-XY p=16,0,spsa,sequential,0,deterministic_linear_ramp,55,120,5,32,5.750748634338379,127,27.239830017089844,4.815367221832275,21.738525390625,19.92698097229004,22.82545280456543,0.0005760258555853148,0.01334299625175472,0.015690846368670464,1.2773945331573486
839277350,Std-XY p=16,0,spsa,sequential,0,deterministic_linear_ramp,60,120,5,32,5.7437262535095215,137,119.33100128173828,21.094940185546875,417.1842041015625,382.41888427734375,438.0434265136719,0.0005516007475089393,0.013226249755755135,0.06582307070493698,1.3790655136108398
839277350,Std-XY p=16,0,spsa,sequential,0,deterministic_linear_ramp,65,120,5,32,5.7437262535095215,147,40.62456130981445,7.181475639343262,38.68019485473633,38.68019485473633,38.68019485473633,0.0005297507647616546,0.01311975565249048,0.021520892158150673,1.4759557247161865
839277350,Std-XY p=16,0,spsa,sequential,0,deterministic_linear_ramp,70,120,5,32,5.464835166931152,157,75.33568572998047,13.317593574523926,174.5870819091797,166.27340698242188,177.35830688476562,0.0005100621177838991,0.013021922119457682,0.03842587769031525,1.5776026248931885
839277350,Std-XY p=16,0,spsa,sequential,0,deterministic_linear_ramp,75,120,5,32,5.464835166931152,167,51.929962158203125,9.180006980895996,83.94334411621094,82.95577239990234,79.00550079345703,0.0004922077174334925,0.01293149713891721,0.025560326874256134,1.6778481006622314
839277350,Std-XY p=16,0,spsa,sequential,0,deterministic_linear_ramp,80,120,5,32,5.464835166931152,177,243.12350463867188,42.97856903076172,1818.2955322265625,1818.2955322265625,1587.4007568359375,0.00047592523917873106,0.012847478719003411,0.1157086044549942,1.7782907485961914
839277350,Std-XY p=16,0,spsa,sequential,0,deterministic_linear_ramp,85,120,5,32,5.464835166931152,187,45.61117172241211,8.062992095947266,60.94860076904297,63.99603271484375,55.86955261230469,0.0004610015916859566,0.012769052840860788,0.021026823669672012,1.8792502880096436
839277350,Std-XY p=16,0,spsa,sequential,0,deterministic_linear_ramp,90,120,5,32,5.262218952178955,197,97.80253601074219,17.289209365844727,297.74908447265625,298.916748046875,294.24615478515625,0.00044726169517901766,0.01269554947299621,0.043743327260017395,1.9792823791503906
839277350,Std-XY p=16,0,spsa,sequential,0,deterministic_linear_ramp,95,120,5,32,4.709609508514404,207,40.29868698120117,7.123868942260742,50.749507904052734,50.749507904052734,50.749507904052734,0.00043456022660328937,0.012626410699612943,0.017512207850813866,2.078946352005005
839277350,Std-XY p=16,0,spsa,sequential,0,deterministic_linear_ramp,100,120,5,32,4.045036315917969,217,251.88609313964844,44.527591705322266,1951.7265625,1951.7265625,1951.7265625,0.00042277544880776235,0.012561167176266359,0.10649126023054123,2.1794400215148926
839277350,Std-XY p=16,0,spsa,sequential,0,deterministic_linear_ramp,105,120,5,32,3.9834110736846924,227,169.6970977783203,29.998493194580078,868.2720947265625,773.3597412109375,899.9095458984375,0.0004118045303968364,0.01249942043693397,0.06988203525543213,2.280491352081299
839277350,Std-XY p=16,0,spsa,sequential,0,deterministic_linear_ramp,110,120,5,32,3.966495990753174,237,61.651283264160156,10.898509979248047,107.17814636230469,116.92161560058594,51.96516418457031,0.0004015599493946137,0.012440829393713411,0.02475668676197529,2.379456043243408
839277350,Std-XY p=16,0,spsa,sequential,0,deterministic_linear_ramp,115,120,5,32,3.966495990753174,247,183.39524841308594,32.420005798339844,1034.634033203125,903.251953125,1034.634033203125,0.00039196669666051605,0.012385099893453082,0.07188482582569122,2.4758388996124268
839277350,Std-XY p=16,0,spsa,sequential,0,deterministic_linear_ramp,120,120,5,32,3.966495990753174,257,142.00991821289062,25.10404396057129,627.7512817382812,620.365966796875,630.2130126953125,0.00038296007745348,0.012331976538504544,0.054384127259254456,2.5772910118103027
839277350,Std-XY p=16,0,spsa,sequential,1,random_shared_stream,1,120,5,32,7.662900924682617,19,0.7534508109092712,0.1331925392150879,0.017116572707891464,0.017463061958551407,0.016631487756967545,0.6460229495571814,0.02,0.25,2.7816152572631836
839277350,Std-XY p=16,0,spsa,sequential,1,random_shared_stream,5,120,5,32,7.662900924682617,27,0.20596137642860413,0.0364091694355011,0.0013256276724860072,0.0013256276724860072,0.0013256276724860072,0.5496820987531972,0.016999416915812672,0.11321327090263367,2.8624091148376465
839277350,Std-XY p=16,0,spsa,sequential,1,random_shared_stream,10,120,5,32,7.658601760864258,37,0.19485904276371002,0.034446537494659424,0.0011448487639427185,0.00101970334071666,0.0011865640990436077,0.47065577352663773,0.015850026609609436,0.09171152859926224,2.9637200832366943
839277350,Std-XY p=16,0,spsa,sequential,1,random_shared_stream,15,120,5,32,7.657903671264648,47,1.3197954893112183,0.2333090752363205,0.053582604974508286,0.05103105306625366,0.05443312227725983,0.41606468819419445,0.015214047873475552,0.25,3.0634567737579346
839277350,Std-XY p=16,0,spsa,sequential,1,random_shared_stream,20,120,5,32,7.657903671264648,57,0.36906278133392334,0.06524170190095901,0.004189971834421158,0.004189972300082445,0.004189971834421158,0.37561381525558474,0.014778350620464044,0.13862508535385132,3.1624562740325928
839277350,Std-XY p=16,0,spsa,sequential,1,random_shared_stream,25,120,5,32,7.657903671264648,67,0.07915400713682175,0.013992583379149437,0.00019273313228040934,0.0001468442933401093,8.565917232772335e-05,0.3441790301796187,0.014449008773880907,0.027243148535490036,3.26286244392395
839277350,Std-XY p=16,0,spsa,sequential,1,random_shared_stream,30,120,5,32,7.657903671264648,77,0.8538842797279358,0.15094684064388275,0.02269594371318817,0.021360889077186584,0.022428933531045914,0.3188935767015283,0.014185372641231635,0.25,3.360759735107422
839277350,Std-XY p=16,0,spsa,sequential,1,random_shared_stream,35,120,5,32,7.657903671264648,87,1.0851414203643799,0.1918277144432068,0.03679786995053291,0.03162316977977753,0.03162316977977753,0.29801555577918226,0.013966227856027484,0.25,3.4607386589050293
839277350,Std-XY p=16,0,spsa,sequential,1,random_shared_stream,40,120,5,32,7.657903671264648,97,0.5693669319152832,0.10065080225467682,0.009141269139945507,0.007597938179969788,0.009972293861210346,0.28041925523203426,0.013779134410346052,0.1596614420413971,3.561589002609253
839277350,Std-XY p=16,0,spsa,sequential,1,random_shared_stream,45,120,5,32,7.657903671264648,107,2.2386550903320312,0.3957420587539673,0.15600000321865082,0.15416471660137177,0.15661177039146423,0.26534150083323976,0.013616187769422706,0.25,3.660534143447876
839277350,Std-XY p=16,0,spsa,sequential,1,random_shared_stream,50,120,5,32,7.657903671264648,117,0.48273441195487976,0.08533619344234467,0.0072822654619812965,0.007168480195105076,0.007168480195105076,0.25224469850305137,0.013472060523173781,0.12176720052957535,3.761869430541992
839277350,Std-XY p=16,0,spsa,sequential,1,random_shared_stream,55,120,5,32,7.657903671264648,127,1.631620168685913,0.28843241930007935,0.08286828547716141,0.08189336210489273,0.07799368351697922,0.24073809145666464,0.01334299625175472,0.25,3.8583261966705322
839277350,Std-XY p=16,0,spsa,sequential,1,random_shared_stream,60,120,5,32,7.657903671264648,137,0.7602986097335815,0.1344030797481537,0.01742911897599697,0.016935177147388458,0.017781933769583702,0.2305301227606162,0.013226249755755135,0.17527173459529877,3.9586706161499023
839277350,Std-XY p=16,0,spsa,sequential,1,random_shared_stream,65,120,5,32,7.657903671264648,147,0.9488357305526733,0.16773204505443573,0.02714495174586773,0.026375662535429,0.027694443240761757,0.22139837443033086,0.01311975565249048,0.2100706845521927,4.058172941207886
839277350,Std-XY p=16,0,spsa,sequential,1,random_shared_stream,70,120,5,32,7.657903671264648,157,0.5140250325202942,0.09086764603853226,0.008127914741635323,0.008256928995251656,0.007740871049463749,0.21316991167847638,0.013021922119457682,0.10957467555999756,4.158559560775757
839277350,Std-XY p=16,0,spsa,sequential,1,random_shared_stream,75,120,5,32,7.657903671264648,167,0.005527670495212078,0.0009771633194759488,9.212793088408944e-07,8.951701602200046e-07,9.399287250744237e-07,0.20570803436379834,0.01293149713891721,0.0011370863066986203,4.2568018436431885
839277350,Std-XY p=16,0,spsa,sequential,1,random_shared_stream,80,120,5,32,7.657903671264648,177,1.0078911781311035,0.17817167937755585,0.02864503301680088,0.023808859288692474,0.03124912828207016,0.1989031093743586,0.012847478719003411,0.20047271251678467,4.356718301773071
839277350,Std-XY p=16,0,spsa,sequential,1,random_shared_stream,85,120,5,32,7.657903671264648,187,0.5725795030593872,0.10121871531009674,0.00988504383713007,0.010245228186249733,0.00880449265241623,0.19266607959497145,0.012769052840860788,0.11031665652990341,4.457361459732056
839277350,Std-XY p=16,0,spsa,sequential,1,random_shared_stream,90,120,5,32,7.657903671264648,197,0.6984886527061462,0.12347651273012161,0.01232818327844143,0.013102416880428791,0.011434836313128471,0.18692377405465588,0.01269554947299621,0.1305641233921051,4.555913925170898
839277350,Std-XY p=16,0,spsa,sequential,1,random_shared_stream,95,120,5,32,7.657903671264648,207,2.142937183380127,0.37882134318351746,0.1429450362920761,0.14350560307502747,0.14126333594322205,0.1816154579886859,0.012626410699612943,0.25,4.657575368881226
839277350,Std-XY p=16,0,spsa,sequential,1,random_shared_stream,100,120,5,32,7.657903671264648,217,1.097970962524414,0.1940956860780716,0.037525974214076996,0.03708449378609657,0.03767313435673714,0.1766902538728858,0.012561167176266359,0.19400076568126678,4.753984212875366
839277350,Std-XY p=16,0,spsa,sequential,1,random_shared_stream,105,120,5,32,7.657903671264648,227,0.4866332411766052,0.0860254168510437,0.006937848869711161,0.007284741383045912,0.006359695456922054,0.1721051854524945,0.01249942043693397,0.0837521031498909,4.854659080505371
839277350,Std-XY p=16,0,spsa,sequential,1,random_shared_stream,110,120,5,32,7.657903671264648,237,0.07718727737665176,0.013644912280142307,0.00018327451834920794,0.00018618363537825644,0.00017454716726206243,0.16782367472804577,0.012440829393713411,0.01295385230332613,4.9540791511535645
839277350,Std-XY p=16,0,spsa,sequential,1,random_shared_stream,115,120,5,32,7.657903671264648,247,0.9460963606834412,0.16724778711795807,0.0269884392619133,0.027534764260053635,0.02622358500957489,0.16381437318077166,0.012385099893453082,0.15498417615890503,5.054239273071289
839277350,Std-XY p=16,0,spsa,sequential,1,random_shared_stream,120,120,5,32,7.657903671264648,257,0.7664370536804199,0.13548821210861206,0.018357055261731148,0.015775594860315323,0.015775594860315323,0.16005024298183188,0.012331976538504544,0.12266843020915985,5.153104543685913
839277350,Std-XY p=16,0,spsa,sequential,2,random_shared_stream,1,120,5,32,7.6654887199401855,19,1.201690912246704,0.2124309539794922,0.042306479066610336,0.045126911252737045,0.03384518250823021,0.42065028582890385,0.02,0.25,5.360779285430908
839277350,Std-XY p=16,0,spsa,sequential,2,random_shared_stream,5,120,5,32,7.6654887199401855,27,0.9002479314804077,0.1591428518295288,0.025326449424028397,0.02374354563653469,0.02374354563653469,0.35791906791245937,0.016999416915812672,0.25,5.440764427185059
839277350,Std-XY p=16,0,spsa,sequential,2,random_shared_stream,10,120,5,32,7.660577297210693,37,0.3978017568588257,0.07032208144664764,0.0048679267056286335,0.0037088964600116014,0.004636120516806841,0.30646200076438623,0.015850026609609436,0.12191111594438553,5.541722059249878
839277350,Std-XY p=16,0,spsa,sequential,2,random_shared_stream,15,120,5,32,7.660310745239258,47,1.436633825302124,0.2539633810520172,0.06424545496702194,0.06449739634990692,0.06348962336778641,0.27091565420728186,0.015214047873475552,0.25,5.6438117027282715
839277350,Std-XY p=16,0,spsa,sequential,2,random_shared_stream,20,120,5,32,7.660310745239258,57,0.2849193811416626,0.05036710947751999,0.002526935888454318,0.0021801015827804804,0.0019026340451091528,0.2445765415251112,0.014778350620464044,0.06968460232019424,5.74472975730896
839277350,Std-XY p=16,0,spsa,sequential,2,random_shared_stream,25,120,5,32,7.658292770385742,67,1.0233081579208374,0.1808970421552658,0.032212432473897934,0.032212432473897934,0.032212432473897934,0.22410814897614825,0.014449008773880907,0.22933171689510345,5.844825983047485
839277350,Std-XY p=16,0,spsa,sequential,2,random_shared_stream,30,120,5,32,7.658292770385742,77,0.8522679805755615,0.15066111087799072,0.022344103083014488,0.02128009870648384,0.022698769345879555,0.20764382175656126,0.014185372641231635,0.17696817219257355,5.946004390716553
839277350,Std-XY p=16,0,spsa,sequential,2,random_shared_stream,35,120,5,32,7.657568454742432,87,0.36869895458221436,0.06517738103866577,0.004231496714055538,0.00398258538916707,0.004181714728474617,0.194049342683416,0.013966227856027484,0.0715457871556282,6.044787645339966
839277350,Std-XY p=16,0,spsa,sequential,2,random_shared_stream,40,120,5,32,7.657568454742432,97,0.6930869817733765,0.12252163141965866,0.014073328115046024,0.014776994474232197,0.012900550849735737,0.18259171743997415,0.013779134410346052,0.12655194103717804,6.145189046859741
839277350,Std-XY p=16,0,spsa,sequential,2,random_shared_stream,45,120,5,32,7.657568454742432,107,0.5753881335258484,0.10171521455049515,0.009982259944081306,0.008891081437468529,0.010345985181629658,0.17277401405674545,0.013616187769422706,0.09941212087869644,6.246181488037109
839277350,Std-XY p=16,0,spsa,sequential,2,random_shared_stream,50,120,5,32,7.657568454742432,117,0.27440378069877625,0.04850819334387779,0.002123255282640457,0.0020221478771418333,0.0022059795446693897,0.16424618443797623,0.013472060523173781,0.045069776475429535,6.344983100891113
839277350,Std-XY p=16,0,spsa,sequential,2,random_shared_stream,55,120,5,32,7.657568454742432,127,0.005559355020523071,0.0009827644098550081,9.318710567640665e-07,9.054617180481728e-07,9.507348295301199e-07,0.15675379187467606,0.01334299625175472,0.0008714499999769032,6.446441411972046
839277350,Std-XY p=16,0,spsa,sequential,2,random_shared_stream,60,120,5,32,7.657568454742432,137,1.2254921197891235,0.216638445854187,0.042348992079496384,0.04399895295500755,0.0403323732316494,0.1501069924805236,0.013226249755755135,0.18395493924617767,6.543444633483887
839277350,Std-XY p=16,0,spsa,sequential,2,random_shared_stream,65,120,5,32,7.653525352478027,147,1.8946902751922607,0.33493709564208984,0.11174464225769043,0.1121828556060791,0.11043000221252441,0.14416096138691437,0.01311975565249048,0.25,6.642577886581421
839277350,Std-XY p=16,0,spsa,sequential,2,random_shared_stream,70,120,5,32,7.653525352478027,157,0.259550005197525,0.045882392674684525,0.002096970332786441,0.001973619218915701,0.0018091509118676186,0.13880309413022843,0.013021922119457682,0.03602634370326996,6.7430150508880615
839277350,Std-XY p=16,0,spsa,sequential,2,random_shared_stream,75,120,5,32,7.653525352478027,167,0.005527670495212078,0.0009771633194759488,9.511182952337549e-07,9.399286682310048e-07,9.548481330057257e-07,0.13394438001273298,0.01293149713891721,0.0007404003408737481,6.84332275390625
839277350,Std-XY p=16,0,spsa,sequential,2,random_shared_stream,80,120,5,32,7.653525352478027,177,0.5998427867889404,0.10603822767734528,0.011068416759371758,0.011068416759371758,0.011068415828049183,0.1295134327161792,0.012847478719003411,0.07768769562244415,6.945167303085327
839277350,Std-XY p=16,0,spsa,sequential,2,random_shared_stream,85,120,5,32,7.653525352478027,187,0.5123746991157532,0.09057591110467911,0.008171948604285717,0.0070503088645637035,0.0076912459917366505,0.12545226374188667,0.012769052840860788,0.06427856534719467,7.039008617401123
839277350,Std-XY p=16,0,spsa,sequential,2,random_shared_stream,90,120,5,32,7.653525352478027,197,0.9945628046989441,0.17581552267074585,0.03079034946858883,0.02897915244102478,0.03042810969054699,0.12171322866812288,0.01269554947299621,0.12105145305395126,7.1377880573272705
839277350,Std-XY p=16,0,spsa,sequential,2,random_shared_stream,95,120,5,32,7.653525352478027,207,0.3633871078491211,0.06423836946487427,0.0040620905347168446,0.0035462696105241776,0.0040620905347168446,0.11825678076336807,0.012626410699612943,0.04297298565506935,7.239574193954468
839277350,Std-XY p=16,0,spsa,sequential,2,random_shared_stream,100,120,5,32,7.653525352478027,217,0.7784363627433777,0.13760940730571747,0.018862377852201462,0.018640469759702682,0.01893634907901287,0.11504979172296771,0.012561167176266359,0.08955894410610199,7.340674638748169
839277350,Std-XY p=16,0,spsa,sequential,2,random_shared_stream,105,120,5,32,7.653525352478027,227,0.4457387924194336,0.07879623025655746,0.006208845414221287,0.006208845414221287,0.006208845414221287,0.11206427806141016,0.01249942043693397,0.04995139688253403,7.438710927963257
839277350,Std-XY p=16,0,spsa,sequential,2,random_shared_stream,110,120,5,32,7.653525352478027,237,1.3104491233825684,0.23165687918663025,0.05177824944257736,0.04611827805638313,0.053664907813072205,0.10927642244226628,0.012440829393713411,0.14320120215415955,7.539730548858643
839277350,Std-XY p=16,0,spsa,sequential,2,random_shared_stream,115,120,5,32,7.653525352478027,247,0.44223037362098694,0.07817602157592773,0.0060876174829900265,0.006015998311340809,0.006111490074545145,0.10666581264428442,0.012385099893453082,0.04717085883021355,7.638556480407715
839277350,Std-XY p=16,0,spsa,sequential,2,random_shared_stream,120,120,5,32,7.653525352478027,257,1.427664041519165,0.2523777186870575,0.06145525723695755,0.06269928812980652,0.059713609516620636,0.10421484330152879,0.012331976538504544,0.14878377318382263,7.739206314086914
839277350,Std-XY p=16,0,spsa,sequential,3,random_shared_stream,1,120,5,32,7.671027183532715,19,0.3164048194885254,0.05593299865722656,0.0031285001896321774,0.003128500422462821,0.0031285001896321774,0.33462744081217466,0.02,0.10587774217128754,7.941705942153931
839277350,Std-XY p=16,0,spsa,sequential,3,random_shared_stream,5,120,5,32,7.665622711181641,27,0.6594572067260742,0.1165766641497612,0.012262958101928234,0.01274073589593172,0.011679007671773434,0.28472473631490774,0.016999416915812672,0.18776379525661469,8.023206949234009
839277350,Std-XY p=16,0,spsa,sequential,3,random_shared_stream,10,120,5,32,7.665521621704102,37,0.731359601020813,0.12928733229637146,0.0161275677382946,0.01645403727889061,0.01567051187157631,0.24379062246418376,0.015850026609609436,0.17829862236976624,8.121586799621582
839277350,Std-XY p=16,0,spsa,sequential,3,random_shared_stream,15,120,5,32,7.662386894226074,47,0.3401434123516083,0.06012943014502525,0.0036014250945299864,0.003615548135712743,0.003559055272489786,0.21551349207976603,0.015214047873475552,0.07330549508333206,8.223499059677124
839277350,Std-XY p=16,0,spsa,sequential,3,random_shared_stream,20,120,5,32,7.661787509918213,57,0.12493743002414703,0.022086026147007942,0.0004706435720436275,0.00048017079825513065,0.0004573055193759501,0.19456071927294286,0.014778350620464044,0.024307915940880775,8.32308053970337
839277350,Std-XY p=16,0,spsa,sequential,3,random_shared_stream,25,120,5,32,7.660367965698242,67,0.4700702428817749,0.08309746533632278,0.00687821488827467,0.006473614368587732,0.0067972950637340546,0.1782781062641302,0.014449008773880907,0.08380323648452759,8.421900510787964
839277350,Std-XY p=16,0,spsa,sequential,3,random_shared_stream,30,120,5,32,7.660367965698242,77,0.9242410063743591,0.16338427364826202,0.025755945593118668,0.026277320459485054,0.025026019662618637,0.16518072854256716,0.014185372641231635,0.15266680717468262,8.523428440093994
839277350,Std-XY p=16,0,spsa,sequential,3,random_shared_stream,35,120,5,32,7.660367965698242,87,0.43175825476646423,0.07632479816675186,0.005620673298835754,0.005825474858283997,0.005006267689168453,0.15436631596596054,0.013966227856027484,0.066648930311203,8.622212648391724
839277350,Std-XY p=16,0,spsa,sequential,3,random_shared_stream,40,120,5,32,7.660367965698242,97,0.8706410527229309,0.15390904247760773,0.02359546162188053,0.023317867890000343,0.02220749296247959,0.1452517713141179,0.013779134410346052,0.1264621466398239,8.724713563919067
839277350,Std-XY p=16,0,spsa,sequential,3,random_shared_stream,45,120,5,32,7.660367965698242,107,1.284000039100647,0.2269812971353531,0.05131926015019417,0.050715502351522446,0.051520511507987976,0.13744178504177026,0.013616187769422706,0.17647527158260345,8.825073480606079
839277350,Std-XY p=16,0,spsa,sequential,3,random_shared_stream,50,120,5,32,7.660367965698242,117,2.1032283306121826,0.3718017637729645,0.13769656419754028,0.13823655247688293,0.13607661426067352,0.13065789377354536,0.013472060523173781,0.25,8.925299644470215
839277350,Std-XY p=16,0,spsa,sequential,3,random_shared_stream,55,120,5,32,7.660367965698242,127,0.737473726272583,0.130368173122406,0.016730299219489098,0.016730301082134247,0.014605817385017872,0.12469769302370665,0.01334299625175472,0.09196127206087112,9.026373624801636
839277350,Std-XY p=16,0,spsa,sequential,3,random_shared_stream,60,120,5,32,7.660367965698242,137,0.5823585987091064,0.1029474288225174,0.010556774213910103,0.009935786947607994,0.010432576760649681,0.11941016191820816,0.013226249755755135,0.06953953206539154,9.126753568649292
839277350,Std-XY p=16,0,spsa,sequential,3,random_shared_stream,65,120,5,32,7.660367965698242,147,0.057361900806427,0.010140247642993927,9.63980783126317e-05,8.836490451358259e-05,0.00010121798550244421,0.11468009222641347,0.01311975565249048,0.006578268017619848,9.227529525756836
839277350,Std-XY p=16,0,spsa,sequential,3,random_shared_stream,70,120,5,32,7.660367965698242,157,1.6005929708480835,0.2829475402832031,0.07505559921264648,0.08005930483341217,0.060044482350349426,0.11041790706045497,0.013021922119457682,0.17673413455486298,9.328904867172241
839277350,Std-XY p=16,0,spsa,sequential,3,random_shared_stream,75,120,5,32,7.660367965698242,167,0.35116350650787354,0.06207752600312233,0.003793406533077359,0.003793406533077359,0.003793406533077359,0.10655279838099292,0.01293149713891721,0.0374174565076828,9.429620742797852
839277350,Std-XY p=16,0,spsa,sequential,3,random_shared_stream,80,120,5,32,7.660367965698242,177,0.03632229566574097,0.00642093550413847,4.122841346543282e-05,4.058421836816706e-05,4.058421836816706e-05,0.10302797834836731,0.012847478719003411,0.0037422128953039646,9.527096271514893
839277350,Std-XY p=16,0,spsa,sequential,3,random_shared_stream,85,120,5,32,7.660367965698242,187,0.030208030715584755,0.0053400760516524315,2.8516411475720815e-05,2.8070842745364644e-05,2.8070842745364644e-05,0.09979731709279391,0.012769052840860788,0.003014680463820696,9.627831935882568
839277350,Std-XY p=16,0,spsa,sequential,3,random_shared_stream,90,120,5,32,7.660367965698242,197,0.9979623556137085,0.17641648650169373,0.029177604243159294,0.02674613706767559,0.030636483803391457,0.09682291346110483,0.01269554947299621,0.09662561863660812,9.726434230804443
839277350,Std-XY p=16,0,spsa,sequential,3,random_shared_stream,95,120,5,32,7.660367965698242,207,0.6945158243179321,0.12277421355247498,0.014837983064353466,0.015073507092893124,0.014131412841379642,0.09407330801536136,0.012626410699612943,0.06533540040254593,9.82896113395691
839277350,Std-XY p=16,0,spsa,sequential,3,random_shared_stream,100,120,5,32,7.660367965698242,217,0.4633038341999054,0.08190131932497025,0.006707826163619757,0.006288587115705013,0.006288586650043726,0.09152214717830831,0.012561167176266359,0.042402561753988266,9.927862167358398
839277350,Std-XY p=16,0,spsa,sequential,3,random_shared_stream,105,120,5,32,7.660367965698242,227,0.7564935088157654,0.1337304264307022,0.017813967540860176,0.017883827909827232,0.017604392021894455,0.0891471700780119,0.01249942043693397,0.06743926554918289,10.024725675582886
839277350,Std-XY p=16,0,spsa,sequential,3,random_shared_stream,110,120,5,32,7.660367965698242,237,0.3311898112297058,0.05854663997888565,0.0030929718632251024,0.0029456873890012503,0.0032134773209691048,0.08692943001550449,0.012440829393713411,0.028790144249796867,10.125644445419312
839277350,Std-XY p=16,0,spsa,sequential,3,random_shared_stream,115,120,5,32,7.6569085121154785,247,1.1569207906723022,0.20451663434505463,0.041173502802848816,0.04182705283164978,0.03921286016702652,0.08485268906206275,0.012385099893453082,0.09816783666610718,10.224330186843872
839277350,Std-XY p=16,0,spsa,sequential,3,random_shared_stream,120,120,5,32,7.6569085121154785,257,1.8660030364990234,0.32986584305763245,0.10711129754781723,0.10711129009723663,0.10711130499839783,0.08290294214329086,0.012331976538504544,0.15469713509082794,10.32451343536377
839277350,Std-XY p=16,0,spsa,sequential,4,continuation,1,120,5,32,0.06397828459739685,19,32.33776092529297,5.716562271118164,32.16847610473633,32.16847610473633,32.16847610473633,0.005845998839024737,0.02,0.18904650211334229,10.525903463363647
839277350,Std-XY p=16,0,spsa,sequential,4,continuation,5,120,5,32,0.06397828459739685,27,245.1427764892578,43.33552932739258,1877.96826171875,1848.625,1848.625,0.004974190024280925,0.016999416915812672,0.25,10.604498386383057
839277350,Std-XY p=16,0,spsa,sequential,4,continuation,10,120,5,32,0.06397828459739685,37,154.1363983154297,27.247722625732422,739.5382690429688,696.0360107421875,730.8377685546875,0.00425906402783834,0.015850026609609436,0.25,10.705235958099365
839277350,Std-XY p=16,0,spsa,sequential,4,continuation,15,120,5,32,0.06397828459739685,47,237.66867065429688,42.0142822265625,1758.3046875,1654.8748779296875,1737.61865234375,0.003765057705472673,0.015214047873475552,0.25,10.804605722427368
839277350,Std-XY p=16,0,spsa,sequential,4,continuation,20,120,5,32,0.06397828459739685,57,121.96055603027344,21.559783935546875,435.77276611328125,464.82427978515625,348.61822509765625,0.0033990091674157164,0.014778350620464044,0.25,10.905064821243286
839277350,Std-XY p=16,0,spsa,sequential,4,continuation,25,120,5,32,0.06397828459739685,67,30.306743621826172,5.357525825500488,28.59096336364746,28.25459861755371,28.70308494567871,0.003114549122791831,0.014449008773880907,0.0943918377161026,11.003919839859009
839277350,Std-XY p=16,0,spsa,sequential,4,continuation,30,120,5,32,0.06397828459739685,77,5.5911784172058105,0.9883900284767151,0.9616504907608032,0.839536190032959,0.9616504907608032,0.002885735685469746,0.014185372641231635,0.016134660691022873,11.102021217346191
839277350,Std-XY p=16,0,spsa,sequential,4,continuation,35,120,5,32,0.06397828459739685,87,31.74123191833496,5.611110210418701,29.51677131652832,30.992610931396484,27.05704116821289,0.0026968060411640287,0.013966227856027484,0.08559995144605637,11.203279495239258
839277350,Std-XY p=16,0,spsa,sequential,4,continuation,40,120,5,32,0.06397828459739685,97,61.69110870361328,10.905550003051758,102.20635223388672,111.49783325195312,89.1982650756836,0.0025375733813331838,0.013779134410346052,0.1565457135438919,11.303059101104736
839277350,Std-XY p=16,0,spsa,sequential,4,continuation,45,120,5,32,0.06397828459739685,107,247.0743865966797,43.67699432373047,1900.22802734375,1907.6798095703125,1877.872314453125,0.0024011315803555686,0.013616187769422706,0.25,11.40462040901184
839277350,Std-XY p=16,0,spsa,sequential,4,continuation,50,120,5,32,0.06397828459739685,117,171.92152404785156,30.3917179107666,909.224365234375,923.656494140625,865.927978515625,0.0022826158352575055,0.013472060523173781,0.25,11.505439758300781
839277350,Std-XY p=16,0,spsa,sequential,4,continuation,55,120,5,32,0.06397828459739685,127,192.2066192626953,33.9776496887207,1149.9710693359375,1136.4420166015625,1154.480712890625,0.0021784901049248613,0.01334299625175472,0.25,11.605412721633911
839277350,Std-XY p=16,0,spsa,sequential,4,continuation,60,120,5,32,0.06397828459739685,137,231.46780395507812,40.918113708496094,1667.751708984375,1648.131103515625,1569.648681640625,0.0020861160287611504,0.013226249755755135,0.25,11.699118852615356
839277350,Std-XY p=16,0,spsa,sequential,4,continuation,65,120,5,32,0.06397828459739685,147,214.52322387695312,37.922706604003906,1432.513916015625,1415.660888671875,1348.2484130859375,0.0020034808991984832,0.01311975565249048,0.25,11.800129175186157
839277350,Std-XY p=16,0,spsa,sequential,4,continuation,70,120,5,32,0.06397828459739685,157,226.4672393798828,40.03413009643555,1596.4710693359375,1502.5609130859375,1577.68896484375,0.0019290197926274668,0.013021922119457682,0.25,11.901916027069092
839277350,Std-XY p=16,0,spsa,sequential,4,continuation,75,120,5,32,0.06397828459739685,167,333.2645263671875,58.91339874267578,3253.8642578125,3416.557373046875,2982.708740234375,0.0018614956804446816,0.01293149713891721,0.25,12.00422716140747
839277350,Std-XY p=16,0,spsa,sequential,4,continuation,80,120,5,32,0.06397828459739685,177,26.8093204498291,4.73926305770874,20.267194747924805,21.056825637817383,19.30208969116211,0.0017999164693420675,0.012847478719003411,0.04825453832745552,12.105078220367432
839277350,Std-XY p=16,0,spsa,sequential,4,continuation,85,120,5,32,0.06397828459739685,187,48.635780334472656,8.597672462463379,73.63121795654297,72.76496887207031,69.29997253417969,0.0017434762625750282,0.012769052840860788,0.08479533344507217,12.206228733062744
839277350,Std-XY p=16,0,spsa,sequential,4,continuation,90,120,5,32,0.06397828459739685,197,166.5065155029297,29.434471130371094,863.0037231445312,852.8507080078125,866.3880004882812,0.001691512920490942,0.01269554947299621,0.25,12.305469274520874
839277350,Std-XY p=16,0,spsa,sequential,4,continuation,95,120,5,32,0.06397828459739685,207,10.602635383605957,1.8742989301681519,3.1699302196502686,2.1407322883605957,3.5129964351654053,0.0016434768413081387,0.012626410699612943,0.017425186932086945,12.40661096572876
839277350,Std-XY p=16,0,spsa,sequential,4,continuation,100,120,5,32,0.06397828459739685,217,90.46826171875,15.992679595947266,254.76670837402344,219.79873657226562,239.7804412841797,0.0015989076235076516,0.012561167176266359,0.1446503847837448,12.507944583892822
839277350,Std-XY p=16,0,spsa,sequential,4,continuation,105,120,5,32,0.06397828459739685,227,74.50959014892578,13.17155933380127,173.48997497558594,173.48997497558594,173.48997497558594,0.0015574163658351036,0.01249942043693397,0.11604245752096176,12.608125686645508
839277350,Std-XY p=16,0,spsa,sequential,4,continuation,110,120,5,32,0.06397828459739685,237,34.7742805480957,6.147282123565674,36.46055603027344,28.34181022644043,37.19862365722656,0.0015186720662068072,0.012440829393713411,0.052810728549957275,12.70875072479248
839277350,Std-XY p=16,0,spsa,sequential,4,continuation,115,120,5,32,0.06397828459739685,247,196.29635620117188,34.70062255859375,1034.8018798828125,1185.3184814453125,733.7686157226562,0.0014823910452202765,0.012385099893453082,0.25,12.80772352218628
839277350,Std-XY p=16,0,spsa,sequential,4,continuation,120,120,5,32,0.06397828459739685,257,34.01425552368164,6.012927532196045,35.590370178222656,33.89558792114258,36.155296325683594,0.0014483286318214593,0.012331976538504544,0.04926381632685661,12.906124114990234
839277350,Std-XY p=20,0,spsa,sequential,0,deterministic_linear_ramp,1,120,5,40,13.710477828979492,19,329.61724853515625,52.117061614990234,2689.02587890625,2471.73095703125,2689.026123046875,0.002007672909473745,0.02,0.25,0.23146915435791016
839277350,Std-XY p=20,0,spsa,sequential,0,deterministic_linear_ramp,5,120,5,40,11.405019760131836,27,22.0133113861084,3.4806103706359863,11.842065811157227,11.993500709533691,11.630061149597168,0.001708270362911905,0.016999416915812672,0.0376046858727932,0.3337855339050293
839277350,Std-XY p=20,0,spsa,sequential,0,deterministic_linear_ramp,10,120,5,40,9.316980361938477,37,146.38966369628906,23.146238327026367,523.6940307617188,530.390869140625,514.3184814453125,0.001462676901562926,0.015850026609609436,0.2141207754611969,0.4587893486022949
839277350,Std-XY p=20,0,spsa,sequential,0,deterministic_linear_ramp,15,120,5,40,7.837737083435059,47,228.361083984375,36.1070556640625,1290.682373046875,1290.6822509765625,1290.682373046875,0.0012930218712024068,0.015214047873475552,0.25,0.5796358585357666
839277350,Std-XY p=20,0,spsa,sequential,0,deterministic_linear_ramp,20,120,5,40,7.758296966552734,57,29.401859283447266,4.648842811584473,21.55770492553711,20.747264862060547,21.395618438720703,0.0011673109783942204,0.014778350620464044,0.03432111442089081,0.7005953788757324
839277350,Std-XY p=20,0,spsa,sequential,0,deterministic_linear_ramp,25,120,5,40,7.726289749145508,67,4.899052619934082,0.774608314037323,0.5985178351402283,0.6000179648399353,0.594017744064331,0.0010696197640876603,0.014449008773880907,0.0052401237189769745,0.8248147964477539
839277350,Std-XY p=20,0,spsa,sequential,0,deterministic_linear_ramp,30,120,5,40,7.620549201965332,77,0.7763018608093262,0.1227441057562828,0.014915451407432556,0.014463469386100769,0.015066114254295826,0.0009910390882981737,0.014185372641231635,0.0007693454390391707,0.9471933841705322
839277350,Std-XY p=20,0,spsa,sequential,0,deterministic_linear_ramp,35,120,5,40,7.549736499786377,87,2.4421050548553467,0.38613075017929077,0.145742267370224,0.1476059854030609,0.12524142861366272,0.0009261555775220445,0.013966227856027484,0.0022617694921791553,1.067518711090088
839277350,Std-XY p=20,0,spsa,sequential,0,deterministic_linear_ramp,40,120,5,40,7.448805332183838,97,6.099246501922607,0.9643754959106445,0.9090946316719055,0.9207199215888977,0.8928192257881165,0.0008714708082894924,0.013779134410346052,0.00531531497836113,1.189720630645752
839277350,Std-XY p=20,0,spsa,sequential,0,deterministic_linear_ramp,45,120,5,40,7.295827865600586,107,2.6485190391540527,0.41876766085624695,0.17492792010307312,0.17361265420913696,0.1683516800403595,0.0008246130316998095,0.013616187769422706,0.002184003358706832,1.3086230754852295
839277350,Std-XY p=20,0,spsa,sequential,0,deterministic_linear_ramp,50,120,5,40,7.214941024780273,117,24.55136489868164,3.881911516189575,15.069239616394043,14.466470718383789,14.466470718383789,0.0007839115438392387,0.013472060523173781,0.019246099516749382,1.4293994903564453
839277350,Std-XY p=20,0,spsa,sequential,0,deterministic_linear_ramp,55,120,5,40,7.159512519836426,127,15.157121658325195,2.3965516090393066,5.2265472412109375,4.307593822479248,5.686023712158203,0.000748151973280909,0.01334299625175472,0.011339830234646797,1.5511066913604736
839277350,Std-XY p=20,0,spsa,sequential,0,deterministic_linear_ramp,60,120,5,40,7.075764179229736,137,51.082763671875,8.07689380645752,59.364952087402344,59.364959716796875,59.364952087402344,0.0007164282361816923,0.013226249755755135,0.036597128957509995,1.6698338985443115
839277350,Std-XY p=20,0,spsa,sequential,0,deterministic_linear_ramp,65,120,5,40,7.049878120422363,147,15.819018363952637,2.501206398010254,6.24039363861084,6.193472862243652,6.005792140960693,0.0006880491147411727,0.01311975565249048,0.01088426262140274,1.790543556213379
839277350,Std-XY p=20,0,spsa,sequential,0,deterministic_linear_ramp,70,120,5,40,7.049878120422363,157,41.15658187866211,6.507427215576172,40.65274429321289,40.65274429321289,40.652748107910156,0.0006624771721889215,0.013021922119457682,0.027265295386314392,1.9120762348175049
839277350,Std-XY p=20,0,spsa,sequential,0,deterministic_linear_ramp,75,120,5,40,7.011670112609863,167,4.309411525726318,0.6813778281211853,0.4224909245967865,0.4224909245967865,0.4224909245967865,0.0006392875797003504,0.01293149713891721,0.002754953457042575,2.0322482585906982
839277350,Std-XY p=20,0,spsa,sequential,0,deterministic_linear_ramp,80,120,5,40,6.981534481048584,177,46.26262664794922,7.314763069152832,52.970703125,53.50575637817383,51.36553192138672,0.0006181396258054248,0.012847478719003411,0.02859676256775856,2.153956413269043
839277350,Std-XY p=20,0,spsa,sequential,0,deterministic_linear_ramp,85,120,5,40,6.981534481048584,187,9.162803649902344,1.4487664699554443,2.093677043914795,2.077934980392456,2.098924160003662,0.0005987565439315691,0.012769052840860788,0.005486288573592901,2.2742302417755127
839277350,Std-XY p=20,0,spsa,sequential,0,deterministic_linear_ramp,90,120,5,40,6.929625511169434,197,2.7937841415405273,0.44173604249954224,0.19074031710624695,0.18732552230358124,0.1931794285774231,0.00058091093755007,0.01269554947299621,0.0016229395987465978,2.3936386108398438
839277350,Std-XY p=20,0,spsa,sequential,0,deterministic_linear_ramp,95,120,5,40,6.929625511169434,207,11.304280281066895,1.7873636484146118,3.1866822242736816,3.162722110748291,3.0668821334838867,0.0005644140586576448,0.012626410699612943,0.006380294915288687,2.51370906829834
839277350,Std-XY p=20,0,spsa,sequential,0,deterministic_linear_ramp,100,120,5,40,6.929625511169434,217,27.04300880432129,4.275875091552734,17.140413284301758,18.10027503967285,11.701189041137695,0.0005491077930153818,0.012561167176266359,0.014849526807665825,2.635633707046509
839277350,Std-XY p=20,0,spsa,sequential,0,deterministic_linear_ramp,105,120,5,40,6.929625511169434,227,13.734633445739746,2.1716363430023193,4.527364253997803,4.291563987731934,4.668844223022461,0.000534858581494316,0.01249942043693397,0.007346086669713259,2.7554049491882324
839277350,Std-XY p=20,0,spsa,sequential,0,deterministic_linear_ramp,110,120,5,40,6.929625511169434,237,14.154447555541992,2.2380146980285645,4.808362007141113,5.008709907531738,4.2073163986206055,0.0005215527490947253,0.012440829393713411,0.007382291369140148,2.8752810955047607
839277350,Std-XY p=20,0,spsa,sequential,0,deterministic_linear_ramp,115,120,5,40,6.929625511169434,247,33.83822250366211,5.350293159484863,24.045530319213867,21.469223022460938,26.049325942993164,0.0005090928726957663,0.012385099893453082,0.017226798459887505,2.9970736503601074
839277350,Std-XY p=20,0,spsa,sequential,0,deterministic_linear_ramp,120,120,5,40,6.9271745681762695,257,62.11847686767578,9.821794509887695,92.60893249511719,96.4676284790039,81.0328140258789,0.0004973949256904417,0.012331976538504544,0.030897414311766624,3.11710262298584
839277350,Std-XY p=20,0,spsa,sequential,1,random_shared_stream,1,120,5,40,7.664705753326416,19,0.12040513753890991,0.019037723541259766,0.00036243494832888246,0.0003588105901144445,0.0003588105901144445,0.5873964008122681,0.02,0.07072553783655167,3.363811731338501
839277350,Std-XY p=20,0,spsa,sequential,1,random_shared_stream,5,120,5,40,7.661197662353516,27,0.06138216331601143,0.009705372154712677,9.325230348622426e-05,8.571676153223962e-05,9.325230348622426e-05,0.499798477159181,0.016999416915812672,0.03067871183156967,3.464930295944214
839277350,Std-XY p=20,0,spsa,sequential,1,random_shared_stream,10,120,5,40,7.661197662353516,37,0.19017477333545685,0.030069271102547646,0.0008951194467954338,0.0008951194467954338,0.000822786707431078,0.4279437867966802,0.015850026609609436,0.08138411492109299,3.5896244049072266
839277350,Std-XY p=20,0,spsa,sequential,1,random_shared_stream,15,120,5,40,7.659563064575195,47,0.3007051348686218,0.0475456565618515,0.002237983513623476,0.0022379837464541197,0.0022379837464541197,0.3783068395911781,0.015214047873475552,0.11375880986452103,3.70818829536438
839277350,Std-XY p=20,0,spsa,sequential,1,random_shared_stream,20,120,5,40,7.659563064575195,57,1.143799066543579,0.18085050582885742,0.03262513503432274,0.03237983584403992,0.03139863163232803,0.3415268812473754,0.014778350620464044,0.25,3.831173896789551
839277350,Std-XY p=20,0,spsa,sequential,1,random_shared_stream,25,120,5,40,7.659563064575195,67,1.3204607963562012,0.20878319442272186,0.04260963574051857,0.0396672859787941,0.04359041899442673,0.31294480126618224,0.014449008773880907,0.25,3.952544927597046
839277350,Std-XY p=20,0,spsa,sequential,1,random_shared_stream,30,120,5,40,7.659563064575195,77,1.129427194595337,0.17857812345027924,0.03117261826992035,0.031571246683597565,0.030614539980888367,0.289954001363304,0.014185372641231635,0.25,4.070196151733398
839277350,Std-XY p=20,0,spsa,sequential,1,random_shared_stream,35,120,5,40,7.659563064575195,87,0.39667069911956787,0.06271914392709732,0.003776343073695898,0.003933691419661045,0.0033043003641068935,0.270970659743203,0.013966227856027484,0.10748612135648727,4.192318439483643
839277350,Std-XY p=20,0,spsa,sequential,1,random_shared_stream,40,120,5,40,7.659563064575195,97,0.39560016989707947,0.0625498816370964,0.0039027060847729445,0.0039124870672822,0.003873362671583891,0.2549712225465979,0.013779134410346052,0.10086666792631149,4.314152717590332
839277350,Std-XY p=20,0,spsa,sequential,1,random_shared_stream,45,120,5,40,7.658085823059082,107,1.7240402698516846,0.272594690322876,0.0735647901892662,0.0743078738451004,0.0713355541229248,0.24126177356765058,0.013616187769422706,0.25,4.433082580566406
839277350,Std-XY p=20,0,spsa,sequential,1,random_shared_stream,50,120,5,40,7.658085823059082,117,1.0555864572525024,0.16690286993980408,0.027578001841902733,0.026742303743958473,0.02785656787455082,0.2293535053611177,0.013472060523173781,0.24210244417190552,4.554988861083984
839277350,Std-XY p=20,0,spsa,sequential,1,random_shared_stream,55,120,5,40,7.658085823059082,127,0.5405266284942627,0.08546476811170578,0.007012057118117809,0.007012057118117809,0.007012057118117809,0.21889112229989427,0.01334299625175472,0.11831648647785187,4.676012277603149
839277350,Std-XY p=20,0,spsa,sequential,1,random_shared_stream,60,120,5,40,7.658085823059082,137,0.9526464343070984,0.15062664449214935,0.02064642682671547,0.021780844777822495,0.019058240577578545,0.20960952622691698,0.013226249755755135,0.1996837854385376,4.794244289398193
839277350,Std-XY p=20,0,spsa,sequential,1,random_shared_stream,65,120,5,40,7.658085823059082,147,1.3240269422531128,0.20934705436229706,0.03988182172179222,0.04207313433289528,0.03681398928165436,0.20130648357802997,0.01311975565249048,0.25,4.915804386138916
839277350,Std-XY p=20,0,spsa,sequential,1,random_shared_stream,70,120,5,40,7.658085823059082,157,1.4480338096618652,0.2289542406797409,0.05189584568142891,0.05242004245519638,0.0503232404589653,0.19382475338876937,0.013021922119457682,0.25,5.036752700805664
839277350,Std-XY p=20,0,spsa,sequential,1,random_shared_stream,75,120,5,40,7.658085823059082,167,0.4333082437515259,0.06851205229759216,0.004506145603954792,0.00464696204289794,0.004271450452506542,0.18704004104852048,0.01293149713891721,0.08104600012302399,5.154902935028076
839277350,Std-XY p=20,0,spsa,sequential,1,random_shared_stream,80,120,5,40,7.658085823059082,177,1.6646400690078735,0.2632027268409729,0.0691024661064148,0.06858290731906891,0.06927566230297089,0.1808526626444959,0.012847478719003411,0.25,5.277293920516968
839277350,Std-XY p=20,0,spsa,sequential,1,random_shared_stream,85,120,5,40,7.658085823059082,187,0.9696332216262817,0.15331247448921204,0.022035669535398483,0.019743960350751877,0.023269666358828545,0.175181642990036,0.012769052840860788,0.16986194252967834,5.399472951889038
839277350,Std-XY p=20,0,spsa,sequential,1,random_shared_stream,90,120,5,40,7.654982089996338,197,0.11972343176603317,0.01892993599176407,0.0003440088185016066,0.0003583424841053784,0.00030100770527496934,0.1699604513759335,0.01269554947299621,0.02034824714064598,5.5166730880737305
839277350,Std-XY p=20,0,spsa,sequential,1,random_shared_stream,95,120,5,40,7.654982089996338,207,0.919681191444397,0.14541438221931458,0.020933886989951134,0.020299525931477547,0.017762083560228348,0.1651338647141717,0.012626410699612943,0.1518705040216446,5.6389665603637695
839277350,Std-XY p=20,0,spsa,sequential,1,random_shared_stream,100,120,5,40,7.654982089996338,217,0.0234085600823164,0.003701218171045184,1.3664770449395292e-05,1.3699018381885253e-05,1.3562028470914811e-05,0.1606556226132219,0.012561167176266359,0.0037607168778777122,5.761241674423218
839277350,Std-XY p=20,0,spsa,sequential,1,random_shared_stream,105,120,5,40,7.654982089996338,227,0.07286470383405685,0.011520921252667904,0.0001297451526625082,0.00013140430382918566,0.00012742236140184104,0.15648664891118558,0.01249942043693397,0.011402352713048458,5.878357410430908
839277350,Std-XY p=20,0,spsa,sequential,1,random_shared_stream,110,120,5,40,7.654982089996338,237,0.019514014944434166,0.003085436997935176,9.496120583207812e-06,9.139122994383797e-06,9.424720701645128e-06,0.15259368506012702,0.012440829393713411,0.0029777155723422766,6.001145362854004
839277350,Std-XY p=20,0,spsa,sequential,1,random_shared_stream,115,120,5,40,7.654982089996338,247,0.34796276688575745,0.05501774698495865,0.0030193848069757223,0.002905874280259013,0.0027545266784727573,0.14894822741771024,0.012385099893453082,0.05182844027876854,6.122865438461304
839277350,Std-XY p=20,0,spsa,sequential,1,random_shared_stream,120,120,5,40,7.654982089996338,257,0.3531299829483032,0.05583475902676582,0.002992819296196103,0.0029928190633654594,0.0029928190633654594,0.14552569183664218,0.012331976538504544,0.05138948932290077,6.240386724472046
839277350,Std-XY p=20,0,spsa,sequential,2,random_shared_stream,1,120,5,40,7.664595603942871,19,0.3005227744579315,0.047516822814941406,0.0016933862352743745,0.0016933862352743745,0.0016933863516896963,0.458669582809339,0.02,0.1378406584262848,6.4910054206848145
839277350,Std-XY p=20,0,spsa,sequential,2,random_shared_stream,5,120,5,40,7.660499572753906,27,1.7557783126831055,0.27761292457580566,0.07687626034021378,0.07398618012666702,0.07629823684692383,0.3902685796003207,0.016999416915812672,0.25,6.589984655380249
839277350,Std-XY p=20,0,spsa,sequential,2,random_shared_stream,10,120,5,40,7.660499572753906,37,0.3453398644924164,0.054603029042482376,0.0029740368481725454,0.0029814906883984804,0.002951675793156028,0.33416070967485323,0.015850026609609436,0.11539901793003082,6.709687948226929
839277350,Std-XY p=20,0,spsa,sequential,2,random_shared_stream,15,120,5,40,7.660499572753906,47,0.029535310342907906,0.004669942893087864,2.1590280084637925e-05,2.1590280084637925e-05,2.1590280084637925e-05,0.29540160622240774,0.015214047873475552,0.008724777959287167,6.829320907592773
839277350,Std-XY p=20,0,spsa,sequential,2,random_shared_stream,20,120,5,40,7.660296440124512,57,0.9438127279281616,0.14922991394996643,0.022269561886787415,0.0213787779211998,0.021378779783844948,0.26668190667033564,0.014778350620464044,0.25,6.95102071762085
839277350,Std-XY p=20,0,spsa,sequential,2,random_shared_stream,25,120,5,40,7.660296440124512,67,1.1013058423995972,0.17413175106048584,0.026607438921928406,0.025470366701483727,0.02759290114045143,0.24436353583478315,0.014449008773880907,0.25,7.070769309997559
839277350,Std-XY p=20,0,spsa,sequential,2,random_shared_stream,30,120,5,40,7.660296440124512,77,0.29572391510009766,0.046758055686950684,0.0021808496676385403,0.00216445280238986,0.002186315832659602,0.2264111265498029,0.014185372641231635,0.06695518642663956,7.191071510314941
839277350,Std-XY p=20,0,spsa,sequential,2,random_shared_stream,35,120,5,40,7.660296440124512,87,0.3002561926841736,0.04747467115521431,0.0022482096683233976,0.0022538441698998213,0.002231305930763483,0.21158794859164975,0.013966227856027484,0.06353059411048889,7.312867879867554
839277350,Std-XY p=20,0,spsa,sequential,2,random_shared_stream,40,120,5,40,7.660296440124512,97,0.5270291566848755,0.08333062380552292,0.006874552927911282,0.006319033447653055,0.006874552927911282,0.19909475800688747,0.013779134410346052,0.10492873936891556,7.43263578414917
839277350,Std-XY p=20,0,spsa,sequential,2,random_shared_stream,45,120,5,40,7.660296440124512,107,0.3110758662223816,0.049185410141944885,0.002364772604778409,0.002032131887972355,0.0023950128816068172,0.18838970902288907,0.013616187769422706,0.05860348418354988,7.552844285964966
839277350,Std-XY p=20,0,spsa,sequential,2,random_shared_stream,50,120,5,40,7.659496307373047,117,1.3240998983383179,0.2093586027622223,0.04372144117951393,0.04339270666241646,0.04383101314306259,0.17909111542796885,0.013472060523173781,0.23713453114032745,7.674299478530884
839277350,Std-XY p=20,0,spsa,sequential,2,random_shared_stream,55,120,5,40,7.659496307373047,127,0.1326736956834793,0.020977552980184555,0.0004004525544587523,0.00043565715895965695,0.00033004331635311246,0.17092154396439338,0.01334299625175472,0.02267679199576378,7.794381141662598
839277350,Std-XY p=20,0,spsa,sequential,2,random_shared_stream,60,120,5,40,7.659496307373047,137,0.12632028758525848,0.019972993060946465,0.0003350931510794908,0.00020344939548522234,0.0003949312085751444,0.16367399223831822,0.013226249755755135,0.02067534625530243,7.910725831985474
839277350,Std-XY p=20,0,spsa,sequential,2,random_shared_stream,65,120,5,40,7.659496307373047,147,1.12565279006958,0.17798133194446564,0.03136058151721954,0.031677354127168655,0.03041025996208191,0.1571905457913416,0.01311975565249048,0.17694197595119476,8.022050380706787
839277350,Std-XY p=20,0,spsa,sequential,2,random_shared_stream,70,120,5,40,7.657861709594727,157,0.10386936366558075,0.016423188149929047,0.000269046809989959,0.00026702391915023327,0.00026972111663781106,0.15134842272103535,0.013021922119457682,0.015720462426543236,8.132445335388184
839277350,Std-XY p=20,0,spsa,sequential,2,random_shared_stream,75,120,5,40,7.657336235046387,167,0.7181769609451294,0.11355375498533249,0.012862218543887138,0.012378676794469357,0.012765511870384216,0.14605056734725363,0.01293149713891721,0.10489015281200409,8.247214317321777
839277350,Std-XY p=20,0,spsa,sequential,2,random_shared_stream,80,120,5,40,7.657336235046387,177,0.041665881872177124,0.006587953772395849,4.329263902036473e-05,3.9495036617154256e-05,4.166509461356327e-05,0.14121914129947216,0.012847478719003411,0.005884020123630762,8.370731353759766
839277350,Std-XY p=20,0,spsa,sequential,2,random_shared_stream,85,120,5,40,7.657336235046387,187,1.5846434831619263,0.2505541443824768,0.06214960291981697,0.06277738511562347,0.06026628613471985,0.136790914951102,0.012769052840860788,0.21676483750343323,8.493957042694092
839277350,Std-XY p=20,0,spsa,sequential,2,random_shared_stream,90,120,5,40,7.65732479095459,197,0.2991897761821747,0.04730605706572533,0.0022378633730113506,0.0022154846228659153,0.0022154846228659153,0.1327139376729021,0.01269554947299621,0.03970665484666824,8.614466428756714
839277350,Std-XY p=20,0,spsa,sequential,2,random_shared_stream,95,120,5,40,7.656940937042236,207,1.6767075061798096,0.26511073112487793,0.06747234612703323,0.07028369605541229,0.05903831124305725,0.12894508841287586,0.012626410699612943,0.21620318293571472,8.734102964401245
839277350,Std-XY p=20,0,spsa,sequential,2,random_shared_stream,100,120,5,40,7.656940937042236,217,0.3866614103317261,0.061136532574892044,0.003139647888019681,0.0034012850373983383,0.0028032572008669376,0.12544824465741278,0.012561167176266359,0.0485059954226017,8.854901313781738
839277350,Std-XY p=20,0,spsa,sequential,2,random_shared_stream,105,120,5,40,7.656940937042236,227,1.2507635354995728,0.1977630853652954,0.03871913626790047,0.0375458262860775,0.03911023959517479,0.12219289371210244,0.01249942043693397,0.1528344303369522,8.977059364318848
839277350,Std-XY p=20,0,spsa,sequential,2,random_shared_stream,110,120,5,40,7.656940937042236,237,0.8176493048667908,0.12928171455860138,0.01566915027797222,0.016045210883021355,0.015209523029625416,0.11915306557732377,0.012440829393713411,0.0974254310131073,9.097378730773926
839277350,Std-XY p=20,0,spsa,sequential,2,random_shared_stream,115,120,5,40,7.656940937042236,247,0.4544944167137146,0.0718618780374527,0.005151219200342894,0.005112487822771072,0.005164129193872213,0.11630650313042376,0.012385099893453082,0.05286065489053726,9.219013690948486
839277350,Std-XY p=20,0,spsa,sequential,2,random_shared_stream,120,120,5,40,7.656940937042236,257,0.46843525767326355,0.07406611740589142,0.005266358610242605,0.005430931691080332,0.004992068745195866,0.11363400979381526,0.012331976538504544,0.053230173885822296,9.339153289794922
839277350,Std-XY p=20,0,spsa,sequential,3,random_shared_stream,1,120,5,40,7.6606526374816895,19,0.11686158925294876,0.018477439880371094,0.0003405622555874288,0.0003106883668806404,0.00032775916042737663,0.9693330251906634,0.02,0.11327780783176422,9.586146831512451
839277350,Std-XY p=20,0,spsa,sequential,3,random_shared_stream,5,120,5,40,7.6606526374816895,27,0.3195952773094177,0.050532449036836624,0.0024960741866379976,0.0025535286404192448,0.002323710825294256,0.8247772188941837,0.016999416915812672,0.25,9.684428215026855
839277350,Std-XY p=20,0,spsa,sequential,3,random_shared_stream,10,120,5,40,7.65841007232666,37,0.3581830859184265,0.05663372203707695,0.003175304038450122,0.003207378089427948,0.003079083049669862,0.7062012039800545,0.015850026609609436,0.25,9.805953979492188
839277350,Std-XY p=20,0,spsa,sequential,3,random_shared_stream,15,120,5,40,7.65841007232666,47,1.0169860124588013,0.16079960763454437,0.024822251871228218,0.024822253733873367,0.024822253733873367,0.6242893432171961,0.015214047873475552,0.25,9.927139282226562
839277350,Std-XY p=20,0,spsa,sequential,3,random_shared_stream,20,120,5,40,7.65841007232666,57,0.8514721989631653,0.13462959229946136,0.017400117591023445,0.017400119453668594,0.017400117591023445,0.5635943368492915,0.014778350620464044,0.25,10.048002481460571
839277350,Std-XY p=20,0,spsa,sequential,3,random_shared_stream,25,120,5,40,7.65841007232666,67,0.04831845313310623,0.007639818824827671,5.603215686278418e-05,5.778315244242549e-05,4.3775118683697656e-05,0.5164276296374334,0.014449008773880907,0.02495298720896244,10.169087171554565
839277350,Std-XY p=20,0,spsa,sequential,3,random_shared_stream,30,120,5,40,7.65841007232666,77,1.1596161127090454,0.18335142731666565,0.033533696085214615,0.032273031771183014,0.033281564712524414,0.47848776212957533,0.014185372641231635,0.25,10.291441679000854
839277350,Std-XY p=20,0,spsa,sequential,3,random_shared_stream,35,120,5,40,7.65841007232666,87,0.4654456675052643,0.07359343022108078,0.005415991879999638,0.005415991879999638,0.005415991879999638,0.4471610806323876,0.013966227856027484,0.20812919735908508,10.411278486251831
839277350,Std-XY p=20,0,spsa,sequential,3,random_shared_stream,40,120,5,40,7.65841007232666,97,0.3067406117916107,0.048499953001737595,0.002352245384827256,0.002352244919165969,0.0023522451519966125,0.420758496555115,0.013779134410346052,0.12906372547149658,10.533880710601807
839277350,Std-XY p=20,0,spsa,sequential,3,random_shared_stream,45,120,5,40,7.65841007232666,107,1.1043248176574707,0.17460909485816956,0.02858281135559082,0.029268797487020493,0.027744382619857788,0.39813489580767486,0.013616187769422706,0.25,10.653153657913208
839277350,Std-XY p=20,0,spsa,sequential,3,random_shared_stream,50,120,5,40,7.65841007232666,117,0.814271092414856,0.12874756753444672,0.01657593622803688,0.01641017571091652,0.01641017571091652,0.3784836387869335,0.013472060523173781,0.25,10.77530026435852
839277350,Std-XY p=20,0,spsa,sequential,3,random_shared_stream,55,120,5,40,7.65841007232666,127,0.0013561196392402053,0.00021442133584059775,4.551674237518455e-08,4.413745102738176e-08,4.597650971049916e-08,0.3612184097024255,0.01334299625175472,0.0004898553597740829,10.897960186004639
839277350,Std-XY p=20,0,spsa,sequential,3,random_shared_stream,60,120,5,40,7.65841007232666,137,0.13532687723636627,0.0213970597833395,0.0004566894785966724,0.00045325575047172606,0.00045783407404087484,0.34590173839225813,0.013226249755755135,0.04680979996919632,11.019192934036255
839277350,Std-XY p=20,0,spsa,sequential,3,random_shared_stream,65,120,5,40,7.65841007232666,147,0.6120176911354065,0.09676849097013474,0.009153447113931179,0.008521368727087975,0.009364141151309013,0.3321998950748609,0.01311975565249048,0.2033122181892395,11.140642881393433
839277350,Std-XY p=20,0,spsa,sequential,3,random_shared_stream,70,120,5,40,7.657736301422119,157,0.26343676447868347,0.04165301471948624,0.0017176236724480987,0.0014573775697499514,0.0011103828437626362,0.31985339763635495,0.013021922119457682,0.08426114916801453,11.26296067237854
839277350,Std-XY p=20,0,spsa,sequential,3,random_shared_stream,75,120,5,40,7.657736301422119,167,0.8380480408668518,0.13250702619552612,0.016460729762911797,0.016855789348483086,0.015977883711457253,0.30865713268013883,0.01293149713891721,0.25,11.385586261749268
839277350,Std-XY p=20,0,spsa,sequential,3,random_shared_stream,80,120,5,40,7.657736301422119,177,0.643884539604187,0.10180709511041641,0.010364683344960213,0.010261036455631256,0.010261036455631256,0.2984465998643455,0.012847478719003411,0.19216515123844147,11.508168458938599
839277350,Std-XY p=20,0,spsa,sequential,3,random_shared_stream,85,120,5,40,7.657736301422119,187,0.7297933101654053,0.11539045721292496,0.013181808404624462,0.01278235949575901,0.013314957730472088,0.2890881723527507,0.012769052840860788,0.21097460389137268,11.630841732025146
839277350,Std-XY p=20,0,spsa,sequential,3,random_shared_stream,90,120,5,40,7.657736301422119,197,0.04180818051099777,0.006610454060137272,4.096696648048237e-05,3.976526568294503e-05,4.195017027086578e-05,0.2804720598682351,0.01269554947299621,0.011726027354598045,11.754698038101196
839277350,Std-XY p=20,0,spsa,sequential,3,random_shared_stream,95,120,5,40,7.657736301422119,207,0.3220854699611664,0.05092618614435196,0.0025869926903396845,0.002360063372179866,0.0024897372350096703,0.27250713219125106,0.012626410699612943,0.08777058869600296,11.875746011734009
839277350,Std-XY p=20,0,spsa,sequential,3,random_shared_stream,100,120,5,40,7.657736301422119,217,0.5315543413162231,0.0840461254119873,0.007046091370284557,0.006993113551288843,0.007063751108944416,0.26511704951923065,0.012561167176266359,0.1409241259098053,11.998082399368286
839277350,Std-XY p=20,0,spsa,sequential,3,random_shared_stream,105,120,5,40,7.657736301422119,227,0.8567633628845215,0.13546620309352875,0.01793818734586239,0.015414913184940815,0.01816757582128048,0.2582373276058056,0.01249942043693397,0.2212483137845993,12.119514465332031
839277350,Std-XY p=20,0,spsa,sequential,3,random_shared_stream,110,120,5,40,7.657412052154541,237,0.33379873633384705,0.0527782142162323,0.00233985367231071,0.00267411838285625,0.0017827454721555114,0.2518130825449127,0.012440829393713411,0.08405488729476929,12.242492914199829
839277350,Std-XY p=20,0,spsa,sequential,3,random_shared_stream,115,120,5,40,7.657412052154541,247,1.5053225755691528,0.2380123883485794,0.05650828033685684,0.056083403527736664,0.05664990097284317,0.24579727706867577,0.012385099893453082,0.25,12.361682891845703
839277350,Std-XY p=20,0,spsa,sequential,3,random_shared_stream,120,120,5,40,7.657412052154541,257,1.7647939920425415,0.2790384292602539,0.07299603521823883,0.06540444493293762,0.07708381116390228,0.2401493419365712,0.012331976538504544,0.25,12.484119176864624
839277350,Std-XY p=20,0,spsa,sequential,4,continuation,1,120,5,40,0.06397860497236252,19,48.876041412353516,7.727980136871338,59.57238006591797,57.33281707763672,59.12446975708008,0.006996551687324515,0.02,0.25,12.734009742736816
839277350,Std-XY p=20,0,spsa,sequential,4,continuation,5,120,5,40,0.06397860497236252,27,45.751976013183594,7.234022617340088,51.153629302978516,47.62128448486328,52.331077575683594,0.005953161908814435,0.016999416915812672,0.25,12.833625555038452
839277350,Std-XY p=20,0,spsa,sequential,4,continuation,10,120,5,40,0.06397860497236252,37,29.736902236938477,4.701817512512207,20.725391387939453,21.222801208496094,20.117446899414062,0.005097291742768577,0.015850026609609436,0.1515776813030243,12.957165241241455
839277350,Std-XY p=20,0,spsa,sequential,4,continuation,15,120,5,40,0.06397860497236252,47,238.1460723876953,37.65420150756836,1414.294189453125,1361.125244140625,1403.660400390625,0.004506059882573222,0.015214047873475552,0.25,13.079465866088867
839277350,Std-XY p=20,0,spsa,sequential,4,continuation,20,120,5,40,0.06397860497236252,57,16.557640075683594,2.617992877960205,6.785346984863281,6.785346984863281,6.785347938537598,0.004067969217982477,0.014778350620464044,0.06735596060752869,13.202889680862427
839277350,Std-XY p=20,0,spsa,sequential,4,continuation,25,120,5,40,0.06397860497236252,67,65.54800415039062,10.364048957824707,106.3393783569336,103.1169662475586,107.41351318359375,0.003727524503573044,0.014449008773880907,0.24433179199695587,13.324283361434937
839277350,Std-XY p=20,0,spsa,sequential,4,continuation,30,120,5,40,0.06397860497236252,77,514.3587646484375,81.32726287841797,6547.982421875,6547.982421875,6547.982421875,0.0034536782225420633,0.014185372641231635,0.25,13.43885064125061
839277350,Std-XY p=20,0,spsa,sequential,4,continuation,35,120,5,40,0.06397860497236252,87,70.5274887084961,11.151374816894531,123.10963439941406,124.35316467285156,119.37904357910156,0.0032275652762258937,0.013966227856027484,0.2276320606470108,13.56349515914917
839277350,Std-XY p=20,0,spsa,sequential,4,continuation,40,120,5,40,0.06397860497236252,97,10.9918851852417,1.7379696369171143,2.990333080291748,2.899717092514038,3.020538568496704,0.0030369939871281826,0.013779134410346052,0.03338228911161423,13.688074588775635
839277350,Std-XY p=20,0,spsa,sequential,4,continuation,45,120,5,40,0.06397860497236252,107,74.05077362060547,11.708456039428711,131.6044158935547,124.7500228881836,135.71707153320312,0.002873699032897438,0.013616187769422706,0.21279962360858917,13.809627771377563
839277350,Std-XY p=20,0,spsa,sequential,4,continuation,50,120,5,40,0.06397860497236252,117,513.4912109375,81.19009399414062,5998.56689453125,5537.13818359375,6328.15771484375,0.002731858167174874,0.013472060523173781,0.25,13.931397676467896
839277350,Std-XY p=20,0,spsa,sequential,4,continuation,55,120,5,40,0.06397860497236252,127,58.55972671508789,9.259105682373047,85.51671600341797,82.30180358886719,84.87373352050781,0.002607239419495769,0.01334299625175472,0.1526792198419571,14.054206848144531
839277350,Std-XY p=20,0,spsa,sequential,4,continuation,60,120,5,40,0.06397860497236252,137,194.9282684326172,30.82086753845215,947.5509643554688,911.9288330078125,864.4324951171875,0.002496685172694709,0.013226249755755135,0.25,14.177852630615234
839277350,Std-XY p=20,0,spsa,sequential,4,continuation,65,120,5,40,0.06397860497236252,147,45.08714294433594,7.128903388977051,50.821258544921875,50.313045501708984,50.313045501708984,0.0023977865976018663,0.01311975565249048,0.10810934007167816,14.301066398620605
839277350,Std-XY p=20,0,spsa,sequential,4,continuation,70,120,5,40,0.06397860497236252,157,21.659250259399414,3.424628496170044,11.464197158813477,11.258955001831055,11.610797882080078,0.0023086707775059447,0.013021922119457682,0.050004079937934875,14.422461986541748
839277350,Std-XY p=20,0,spsa,sequential,4,continuation,75,120,5,40,0.06397860497236252,167,1.213169813156128,0.1918189972639084,0.03449486941099167,0.03348302096128464,0.03532274812459946,0.002227857223819648,0.01293149713891721,0.002702769124880433,14.543585538864136
839277350,Std-XY p=20,0,spsa,sequential,4,continuation,80,120,5,40,0.06397860497236252,177,141.37408447265625,22.353206634521484,498.41668701171875,479.67919921875,454.6958923339844,0.002154158589042638,0.012847478719003411,0.25,14.666066646575928
839277350,Std-XY p=20,0,spsa,sequential,4,continuation,85,120,5,40,0.06397860497236252,187,67.01309967041016,10.595702171325684,111.14620208740234,111.14619445800781,111.14619445800781,0.002086610367641562,0.012769052840860788,0.13983021676540375,14.788204431533813
839277350,Std-XY p=20,0,spsa,sequential,4,continuation,90,120,5,40,0.06397860497236252,197,7.461690902709961,1.1797970533370972,1.3884410858154297,1.391920804977417,1.3780015707015991,0.0020244201040529905,0.01269554947299621,0.015105596743524075,14.910264253616333
839277350,Std-XY p=20,0,spsa,sequential,4,continuation,95,120,5,40,0.06397860497236252,207,39.60146713256836,6.261541366577148,36.7564697265625,38.81483459472656,32.933799743652344,0.0019669300291977987,0.012626410699612943,0.07789330929517746,15.034065246582031
839277350,Std-XY p=20,0,spsa,sequential,4,continuation,100,120,5,40,0.06397860497236252,217,168.9512176513672,26.71353530883789,713.6128540039062,649.3876953125,649.3876953125,0.001913589129790991,0.012561167176266359,0.25,15.156244039535522
839277350,Std-XY p=20,0,spsa,sequential,4,continuation,105,120,5,40,0.06397860497236252,227,11.783090591430664,1.8630703687667847,3.4710304737091064,3.4363205432891846,3.4363207817077637,0.001863931964801456,0.01249942043693397,0.021962881088256836,15.28073501586914
839277350,Std-XY p=20,0,spsa,sequential,4,continuation,110,120,5,40,0.06397860497236252,237,78.22113800048828,12.36784839630127,149.52198791503906,151.43402099609375,146.84512329101562,0.001817562387522548,0.012440829393713411,0.14217180013656616,15.402403116226196
839277350,Std-XY p=20,0,spsa,sequential,4,continuation,115,120,5,40,0.06397860497236252,247,202.81141662597656,32.067298889160156,1018.0284423828125,1018.0286254882812,935.763671875,0.0017741408875204174,0.012385099893453082,0.25,15.525062799453735
839277350,Std-XY p=20,0,spsa,sequential,4,continuation,120,120,5,40,0.06397860497236252,257,8.970088005065918,1.4182955026626587,2.011561870574951,1.9914467334747314,1.9914467334747314,0.0017333746399548267,0.012331976538504544,0.01554852444678545,15.647156476974487
839277350,Std-XY p=24,0,spsa,sequential,0,deterministic_linear_ramp,1,120,5,48,12.83833122253418,19,471.8254699707031,68.10214233398438,4629.85009765625,4509.07080078125,4348.033203125,0.0012736304794450334,0.02,0.25,0.26961350440979004
839277350,Std-XY p=24,0,spsa,sequential,0,deterministic_linear_ramp,5,120,5,48,9.15970516204834,27,142.4556427001953,20.561702728271484,416.1775817871094,422.7835693359375,396.3595886230469,0.0010836950536467272,0.016999416915812672,0.1543784737586975,0.38907575607299805
839277350,Std-XY p=24,0,spsa,sequential,0,deterministic_linear_ramp,10,120,5,48,8.803072929382324,37,44.88628387451172,6.478776931762695,40.80859375,40.80859375,40.808589935302734,0.0009278951140995747,0.015850026609609436,0.04164976626634598,0.537438154220581
839277350,Std-XY p=24,0,spsa,sequential,0,deterministic_linear_ramp,15,120,5,48,8.219802856445312,47,7.5515828132629395,1.0899771451950073,1.1364854574203491,1.1880501508712769,0.9817914366722107,0.0008202691075729594,0.015214047873475552,0.006194330286234617,0.6842761039733887
839277350,Std-XY p=24,0,spsa,sequential,0,deterministic_linear_ramp,20,120,5,48,8.0743408203125,57,29.97245216369629,4.326150894165039,18.715579986572266,18.58561134338379,18.58561134338379,0.0007405204473588204,0.014778350620464044,0.02219521440565586,0.8285582065582275
839277350,Std-XY p=24,0,spsa,sequential,0,deterministic_linear_ramp,25,120,5,48,7.992555141448975,67,15.159076690673828,2.1880242824554443,4.787449836730957,4.754204273223877,4.754203796386719,0.0006785469518119558,0.014449008773880907,0.01028614491224289,0.9710934162139893
839277350,Std-XY p=24,0,spsa,sequential,0,deterministic_linear_ramp,30,120,5,48,7.930642604827881,77,84.78924560546875,12.238273620605469,149.5153350830078,145.6149139404297,148.73524475097656,0.0006286968276664283,0.014185372641231635,0.05330672860145569,1.1131160259246826
839277350,Std-XY p=24,0,spsa,sequential,0,deterministic_linear_ramp,35,120,5,48,7.78085470199585,87,17.096086502075195,2.4676074981689453,6.078515529632568,4.56681489944458,5.03195333480835,0.0005875359311140415,0.013966227856027484,0.010044564493000507,1.2599644660949707
839277350,Std-XY p=24,0,spsa,sequential,0,deterministic_linear_ramp,40,120,5,48,7.628791809082031,97,4.578493118286133,0.6608485579490662,0.4245896637439728,0.4245896637439728,0.4245896637439728,0.0005528449271525183,0.013779134410346052,0.002531196689233184,1.404325008392334
839277350,Std-XY p=24,0,spsa,sequential,0,deterministic_linear_ramp,45,120,5,48,7.628791809082031,107,78.26979064941406,11.297270774841309,127.40674591064453,127.62832641601562,126.74202728271484,0.0005231192222421057,0.013616187769422706,0.040944430977106094,1.5450942516326904
839277350,Std-XY p=24,0,spsa,sequential,0,deterministic_linear_ramp,50,120,5,48,7.535221576690674,117,7.801933765411377,1.1261122226715088,1.2483140230178833,1.2593220472335815,1.2329027652740479,0.0004972989527881671,0.013472060523173781,0.003879893571138382,1.6894888877868652
839277350,Std-XY p=24,0,spsa,sequential,0,deterministic_linear_ramp,55,120,5,48,7.464962482452393,127,35.468482971191406,5.119434356689453,26.02660369873047,25.480592727661133,23.296541213989258,0.00047461374406714473,0.01334299625175472,0.016833830624818802,1.832824468612671
839277350,Std-XY p=24,0,spsa,sequential,0,deterministic_linear_ramp,60,120,5,48,7.464962482452393,137,42.32960510253906,6.109752178192139,36.29214859008789,34.99600601196289,37.06984329223633,0.0004544887932841737,0.013226249755755135,0.01923833042383194,1.9757111072540283
839277350,Std-XY p=24,0,spsa,sequential,0,deterministic_linear_ramp,65,120,5,48,7.37813138961792,147,69.31874084472656,10.005298614501953,95.76111602783203,88.98311614990234,99.41082000732422,0.00043648560467911745,0.01311975565249048,0.030256634578108788,2.120321273803711
839277350,Std-XY p=24,0,spsa,sequential,0,deterministic_linear_ramp,70,120,5,48,7.37813138961792,157,6.570756435394287,0.9484070539474487,0.8979143500328064,0.8994758725166321,0.8932295441627502,0.00042026323832677095,0.013021922119457682,0.0027614475693553686,2.2667598724365234
839277350,Std-XY p=24,0,spsa,sequential,0,deterministic_linear_ramp,75,120,5,48,7.349667549133301,167,19.110904693603516,2.7584216594696045,7.556049346923828,7.608888626098633,7.397531032562256,0.00040555219069546354,0.01293149713891721,0.007750469259917736,2.4119534492492676
839277350,Std-XY p=24,0,spsa,sequential,0,deterministic_linear_ramp,80,120,5,48,7.265761852264404,177,21.727333068847656,3.1360702514648438,9.408073425292969,9.220252990722656,9.561744689941406,0.00039213632074405015,0.012847478719003411,0.008520076051354408,2.55676531791687
839277350,Std-XY p=24,0,spsa,sequential,0,deterministic_linear_ramp,85,120,5,48,7.255862712860107,187,3.775906562805176,0.545005202293396,0.2949679493904114,0.294967919588089,0.294967919588089,0.0003798400528890478,0.012769052840860788,0.0014342406066134572,2.6982836723327637
839277350,Std-XY p=24,0,spsa,sequential,0,deterministic_linear_ramp,90,120,5,48,7.237593173980713,197,39.39743423461914,5.686530113220215,32.112064361572266,30.315584182739258,32.112064361572266,0.000368519130987674,0.01269554947299621,0.014518709853291512,2.838982343673706
839277350,Std-XY p=24,0,spsa,sequential,0,deterministic_linear_ramp,95,120,5,48,7.237593173980713,207,20.39672088623047,2.9440131187438965,8.53178882598877,8.426457405090332,8.607024192810059,0.00035805381680528877,0.012626410699612943,0.007303123362362385,2.9828121662139893
839277350,Std-XY p=24,0,spsa,sequential,0,deterministic_linear_ramp,100,120,5,48,7.202201843261719,217,9.17065143585205,1.323669672012329,1.7247246503829956,1.5574231147766113,1.7399338483810425,0.00034834380559953997,0.012561167176266359,0.0031945398077368736,3.1286399364471436
839277350,Std-XY p=24,0,spsa,sequential,0,deterministic_linear_ramp,105,120,5,48,7.202201843261719,227,10.336068153381348,1.4918830394744873,2.03637433052063,2.0866074562072754,1.9784129858016968,0.0003393043699346707,0.01249942043693397,0.003507073037326336,3.26960825920105
839277350,Std-XY p=24,0,spsa,sequential,0,deterministic_linear_ramp,110,120,5,48,7.202201843261719,237,11.308185577392578,1.6321959495544434,2.659438371658325,2.6640636920928955,2.6455628871917725,0.00033086339649794286,0.012440829393713411,0.0037414648104459047,3.41500186920166
839277350,Std-XY p=24,0,spsa,sequential,0,deterministic_linear_ramp,115,120,5,48,7.1735334396362305,247,56.85456466674805,8.206249237060547,67.22561645507812,65.4719009399414,66.87487030029297,0.0003229590818673332,0.012385099893453082,0.01836169883608818,3.5596063137054443
839277350,Std-XY p=24,0,spsa,sequential,0,deterministic_linear_ramp,120,120,5,48,7.140988826751709,257,38.22428512573242,5.517200469970703,29.593957901000977,29.593961715698242,29.593957901000977,0.00031553812112088397,0.012331976538504544,0.012061219662427902,3.6994705200195312
839277350,Std-XY p=24,0,spsa,sequential,1,random_shared_stream,1,120,5,48,7.660572528839111,19,0.6902924180030823,0.09963512420654297,0.009772045537829399,0.00985821895301342,0.008824139833450317,0.6153163647032935,0.02,0.25,3.9930508136749268
839277350,Std-XY p=24,0,spsa,sequential,1,random_shared_stream,5,120,5,48,7.660572528839111,27,1.5721906423568726,0.22692617774009705,0.051495492458343506,0.051137879490852356,0.051137883216142654,0.5235547606770531,0.016999416915812672,0.25,4.1094982624053955
839277350,Std-XY p=24,0,spsa,sequential,1,random_shared_stream,10,120,5,48,7.660572528839111,37,1.061118245124817,0.1531592309474945,0.02309122495353222,0.02280614525079727,0.023294849321246147,0.44828469296878093,0.015850026609609436,0.25,4.254561185836792
839277350,Std-XY p=24,0,spsa,sequential,1,random_shared_stream,15,120,5,48,7.660572528839111,47,0.32810312509536743,0.04735761135816574,0.00222716829739511,0.0021804445423185825,0.0022427428048104048,0.3962884160640809,0.015214047873475552,0.13002346456050873,4.396857500076294
839277350,Std-XY p=24,0,spsa,sequential,1,random_shared_stream,20,120,5,48,7.660572528839111,57,1.2334089279174805,0.17802724242210388,0.03147360682487488,0.029712846502661705,0.03147360682487488,0.35776024287345176,0.014778350620464044,0.25,4.542160749435425
839277350,Std-XY p=24,0,spsa,sequential,1,random_shared_stream,25,120,5,48,7.659945011138916,67,0.21617934107780457,0.031202800571918488,0.0009584020008333027,0.0009668535203672945,0.0009465698967687786,0.32781960734118304,0.014449008773880907,0.07086782902479172,4.679629802703857
839277350,Std-XY p=24,0,spsa,sequential,1,random_shared_stream,30,120,5,48,7.659945011138916,77,0.5527632832527161,0.07978450506925583,0.00635451590642333,0.006321361754089594,0.006188746076077223,0.3037360150714696,0.014185372641231635,0.16789411008358002,4.825664281845093
839277350,Std-XY p=24,0,spsa,sequential,1,random_shared_stream,35,120,5,48,7.659945011138916,87,1.9096182584762573,0.2756296396255493,0.07544412463903427,0.07544412463903427,0.07544412463903427,0.2838503624875436,0.013966227856027484,0.25,4.9669694900512695
839277350,Std-XY p=24,0,spsa,sequential,1,random_shared_stream,40,120,5,48,7.656047344207764,97,2.9204630851745605,0.4215325713157654,0.17645573616027832,0.17275387048721313,0.1579463928937912,0.2670904444500818,0.013779134410346052,0.25,5.110442876815796
839277350,Std-XY p=24,0,spsa,sequential,1,random_shared_stream,45,120,5,48,7.656047344207764,107,0.04015440121293068,0.0057957894168794155,3.3066306059481576e-05,3.335789733682759e-05,3.26580811815802e-05,0.2527293617193294,0.013616187769422706,0.01014819648116827,5.251957178115845
839277350,Std-XY p=24,0,spsa,sequential,1,random_shared_stream,50,120,5,48,7.656047344207764,117,0.7051314115524292,0.10177695006132126,0.010196695104241371,0.009711138904094696,0.010358547791838646,0.2402550729892263,0.013472060523173781,0.16941140592098236,5.394779682159424
839277350,Std-XY p=24,0,spsa,sequential,1,random_shared_stream,55,120,5,48,7.656047344207764,127,0.40667054057121277,0.05869784206151962,0.0033916013780981302,0.0034215098712593317,0.003062609815970063,0.2292953948188066,0.01334299625175472,0.0932476818561554,5.536122798919678
839277350,Std-XY p=24,0,spsa,sequential,1,random_shared_stream,60,120,5,48,7.656047344207764,137,1.7531909942626953,0.2530513405799866,0.06303442269563675,0.06359028071165085,0.06225622072815895,0.2195726284784421,0.013226249755755135,0.25,5.681970596313477
839277350,Std-XY p=24,0,spsa,sequential,1,random_shared_stream,65,120,5,48,7.656047344207764,147,0.2886948585510254,0.041669510304927826,0.0017333336872979999,0.001724290195852518,0.001688116230070591,0.21087492789392254,0.01311975565249048,0.060878507792949677,5.826436758041382
839277350,Std-XY p=24,0,spsa,sequential,1,random_shared_stream,70,120,5,48,7.656047344207764,157,0.18646742403507233,0.02691425383090973,0.0007231194176711142,0.0007193466299213469,0.0007243770523928106,0.20303757816658222,0.013021922119457682,0.03785989433526993,5.968034029006958
839277350,Std-XY p=24,0,spsa,sequential,1,random_shared_stream,75,120,5,48,7.656047344207764,167,0.1703992784023285,0.024595018476247787,0.0005377020570449531,0.0005881116376258433,0.0004536861088126898,0.19593037674861888,0.01293149713891721,0.03338639438152313,6.112523078918457
839277350,Std-XY p=24,0,spsa,sequential,1,random_shared_stream,80,120,5,48,7.656047344207764,177,0.5826835036277771,0.08410312980413437,0.006962814833968878,0.007024215068668127,0.006287408992648125,0.18944890157896618,0.012847478719003411,0.11038876324892044,6.254857540130615
839277350,Std-XY p=24,0,spsa,sequential,1,random_shared_stream,85,120,5,48,7.656047344207764,187,1.7234714031219482,0.24876168370246887,0.061452630907297134,0.061452630907297134,0.061452630907297134,0.18350832858070154,0.012769052840860788,0.25,6.400230646133423
839277350,Std-XY p=24,0,spsa,sequential,1,random_shared_stream,90,120,5,48,7.656047344207764,197,0.488040953874588,0.07044264674186707,0.004884632769972086,0.004652030766010284,0.0049621667712926865,0.17803896472527736,0.01269554947299621,0.0868903174996376,6.542543172836304
839277350,Std-XY p=24,0,spsa,sequential,1,random_shared_stream,95,120,5,48,7.656047344207764,207,1.08856999874115,0.15712153911590576,0.02464432083070278,0.024687178432941437,0.02451574057340622,0.17298296207607175,0.012626410699612943,0.18830405175685883,6.68765664100647
839277350,Std-XY p=24,0,spsa,sequential,1,random_shared_stream,100,120,5,48,7.656047344207764,217,0.201065793633461,0.02902134880423546,0.0008290786645375192,0.0007486565154977143,0.0008363897795788944,0.16829186140537095,0.012561167176266359,0.03383773937821388,6.826683521270752
839277350,Std-XY p=24,0,spsa,sequential,1,random_shared_stream,105,120,5,48,7.654986381530762,227,0.32575252652168274,0.04701833054423332,0.002114771166816354,0.002149313921108842,0.0020725529175251722,0.16392472919391485,0.01249942043693397,0.053398892283439636,6.972419261932373
839277350,Std-XY p=24,0,spsa,sequential,1,random_shared_stream,110,120,5,48,7.654986381530762,237,0.6010656356811523,0.08675634860992432,0.007317590061575174,0.007526664063334465,0.006690368056297302,0.1598467260576303,0.012440829393713411,0.09607837349176407,7.1149821281433105
839277350,Std-XY p=24,0,spsa,sequential,1,random_shared_stream,115,120,5,48,7.654986381530762,247,0.6079046726226807,0.08774348348379135,0.007364764343947172,0.007645454257726669,0.006843483075499535,0.15602799352690677,0.012385099893453082,0.09485014528036118,7.259816884994507
839277350,Std-XY p=24,0,spsa,sequential,1,random_shared_stream,120,120,5,48,7.654986381530762,257,1.422366976737976,0.20530098676681519,0.040319133549928665,0.04214849695563316,0.03483105078339577,0.15244277892753516,0.012331976538504544,0.2168295830488205,7.4057676792144775
839277350,Std-XY p=24,0,spsa,sequential,2,random_shared_stream,1,120,5,48,7.6635050773620605,19,0.5808598399162292,0.08383989334106445,0.007029127329587936,0.007029127795249224,0.007029128726571798,0.38095836692060536,0.02,0.221283420920372,7.701090097427368
839277350,Std-XY p=24,0,spsa,sequential,2,random_shared_stream,5,120,5,48,7.654840469360352,27,0.05645505711436272,0.008148586377501488,6.63994433125481e-05,6.63994433125481e-05,6.63994433125481e-05,0.3241463709765217,0.016999416915812672,0.018299700692296028,7.818270921707153
839277350,Std-XY p=24,0,spsa,sequential,2,random_shared_stream,10,120,5,48,7.654840469360352,37,0.4953344464302063,0.07149536907672882,0.0051115876995027065,0.004969599656760693,0.004969599191099405,0.2775447141426851,0.015850026609609436,0.13747745752334595,7.956900358200073
839277350,Std-XY p=24,0,spsa,sequential,2,random_shared_stream,15,120,5,48,7.654840469360352,47,0.6325376629829407,0.09129895269870758,0.008321025408804417,0.008335496298968792,0.008277611806988716,0.24535246659029347,0.015214047873475552,0.15519466996192932,8.100086450576782
839277350,Std-XY p=24,0,spsa,sequential,2,random_shared_stream,20,120,5,48,7.654840469360352,57,0.10551318526268005,0.015229517593979836,0.00022549544519279152,0.00023032748140394688,0.00021744203695561737,0.2214986723779229,0.014778350620464044,0.023371031507849693,8.248747110366821
839277350,Std-XY p=24,0,spsa,sequential,2,random_shared_stream,25,120,5,48,7.654840469360352,67,0.11969316005706787,0.01727622002363205,0.00029380424530245364,0.00029639509739354253,0.0002901770349126309,0.20296164610780543,0.014449008773880907,0.024293122813105583,8.392608642578125
839277350,Std-XY p=24,0,spsa,sequential,2,random_shared_stream,30,120,5,48,7.654840469360352,77,0.7586376070976257,0.10949990153312683,0.011969413608312607,0.011657167226076126,0.011240839958190918,0.18805086767421722,0.014185372641231635,0.14266245067119598,8.53542447090149
839277350,Std-XY p=24,0,spsa,sequential,2,random_shared_stream,35,120,5,48,7.654840469360352,87,1.0372446775436401,0.14971336722373962,0.021791478618979454,0.021013209596276283,0.022258438169956207,0.17573914289638537,0.013966227856027484,0.18228447437286377,8.680561304092407
839277350,Std-XY p=24,0,spsa,sequential,2,random_shared_stream,40,120,5,48,7.654840469360352,97,1.0762629508972168,0.15534517168998718,0.024090230464935303,0.023461787030100822,0.02262386679649353,0.165362641682488,0.013779134410346052,0.1779736876487732,8.823221921920776
839277350,Std-XY p=24,0,spsa,sequential,2,random_shared_stream,45,120,5,48,7.654840469360352,107,2.3135485649108887,0.3339320123195648,0.10841306298971176,0.110736183822155,0.10454115271568298,0.15647132180518025,0.013616187769422706,0.25,8.967625617980957
839277350,Std-XY p=24,0,spsa,sequential,2,random_shared_stream,50,120,5,48,7.654840469360352,117,0.6223694682121277,0.08983129262924194,0.007943572476506233,0.008013622835278511,0.007845504209399223,0.1487481651727255,0.013472060523173781,0.09257631003856659,9.107306241989136
839277350,Std-XY p=24,0,spsa,sequential,2,random_shared_stream,55,120,5,48,7.654840469360352,127,0.8190357089042664,0.11821763217449188,0.013757042586803436,0.013587200082838535,0.013878353871405125,0.14196274333563233,0.01334299625175472,0.11627255380153656,9.255434036254883
839277350,Std-XY p=24,0,spsa,sequential,2,random_shared_stream,60,120,5,48,7.654840469360352,137,1.2435190677642822,0.17948654294013977,0.03171204775571823,0.031320538371801376,0.03199169412255287,0.13594312578692316,0.013226249755755135,0.16904789209365845,9.397969961166382
839277350,Std-XY p=24,0,spsa,sequential,2,random_shared_stream,65,120,5,48,7.654840469360352,147,1.5985863208770752,0.23073606193065643,0.04871010407805443,0.047323670238256454,0.049911681562662125,0.1305581531115406,0.01311975565249048,0.20870846509933472,9.54167628288269
839277350,Std-XY p=24,0,spsa,sequential,2,random_shared_stream,70,120,5,48,7.654840469360352,157,1.50899076461792,0.21780405938625336,0.046697378158569336,0.047109171748161316,0.042167648673057556,0.12570584603117727,0.013021922119457682,0.18968898057937622,9.686947107315063
839277350,Std-XY p=24,0,spsa,sequential,2,random_shared_stream,75,120,5,48,7.654840469360352,167,0.22902989387512207,0.033057622611522675,0.0010909087723121047,0.00109280610922724,0.0010852172272279859,0.12130559276167628,0.01293149713891721,0.027782605960965157,9.830765724182129
839277350,Std-XY p=24,0,spsa,sequential,2,random_shared_stream,80,120,5,48,7.654840469360352,177,0.1699707806110382,0.024533171206712723,0.000592472089920193,0.0005350012215785682,0.000597696693148464,0.11729274288881782,0.012847478719003411,0.01993633806705475,9.975261926651001
839277350,Std-XY p=24,0,spsa,sequential,2,random_shared_stream,85,120,5,48,7.654840469360352,187,0.9884443879127502,0.1426696628332138,0.020319294184446335,0.018093006685376167,0.016820842400193214,0.11361477962014574,0.012769052840860788,0.11230189353227615,10.115508794784546
839277350,Std-XY p=24,0,spsa,sequential,2,random_shared_stream,90,120,5,48,7.654840469360352,197,2.1321051120758057,0.3077428936958313,0.08418282866477966,0.07826372236013412,0.08878657221794128,0.11022855418883985,0.01269554947299621,0.23501887917518616,10.26175570487976
839277350,Std-XY p=24,0,spsa,sequential,2,random_shared_stream,95,120,5,48,7.654840469360352,207,0.3638159930706024,0.05251231789588928,0.00271445675753057,0.002585196867585182,0.0027575434651225805,0.1070982514326042,0.012626410699612943,0.03896406292915344,10.404824018478394
839277350,Std-XY p=24,0,spsa,sequential,2,random_shared_stream,100,120,5,48,7.654840469360352,217,0.4649893045425415,0.0671154260635376,0.0043089734390378,0.004222950432449579,0.004379356279969215,0.10419386898304576,0.012561167176266359,0.04844903573393822,10.549155712127686
839277350,Std-XY p=24,0,spsa,sequential,2,random_shared_stream,105,120,5,48,7.654840469360352,227,0.9314011335372925,0.13443617522716522,0.018073085695505142,0.01794757880270481,0.01794757880270481,0.10149006383363304,0.01249942043693397,0.0945279598236084,10.69419240951538
839277350,Std-XY p=24,0,spsa,sequential,2,random_shared_stream,110,120,5,48,7.654840469360352,237,0.42925670742988586,0.06195787340402603,0.003732144832611084,0.003732144832611084,0.003732144832611084,0.0989652660154486,0.012440829393713411,0.04248150438070297,10.837212562561035
839277350,Std-XY p=24,0,spsa,sequential,2,random_shared_stream,115,120,5,48,7.654840469360352,247,0.49613988399505615,0.07161162793636322,0.004985774401575327,0.004237907938659191,0.005092612002044916,0.09660098937328171,0.012385099893453082,0.047927599400281906,10.981836557388306
839277350,Std-XY p=24,0,spsa,sequential,2,random_shared_stream,120,120,5,48,7.654840469360352,257,1.6539586782455444,0.2387283742427826,0.05689229443669319,0.05659545958042145,0.05699123814702034,0.09438128975665423,0.012331976538504544,0.1561027467250824,11.124589681625366
839277350,Std-XY p=24,0,spsa,sequential,3,random_shared_stream,1,120,5,48,7.6624908447265625,19,0.5497231483459473,0.079345703125,0.006022488232702017,0.0062520201317965984,0.005596213508397341,1.281192516227568,0.02,0.25,11.424668788909912
839277350,Std-XY p=24,0,spsa,sequential,3,random_shared_stream,5,120,5,48,7.658275604248047,27,1.0965495109558105,0.15827330946922302,0.02500694803893566,0.02487647533416748,0.024354590103030205,1.0901293703413921,0.016999416915812672,0.25,11.540643692016602
839277350,Std-XY p=24,0,spsa,sequential,3,random_shared_stream,10,120,5,48,7.658275604248047,37,0.39049404859542847,0.05636296421289444,0.0030389020685106516,0.0029782343190163374,0.0030885394662618637,0.9334043862914686,0.015850026609609436,0.25,11.684128999710083
839277350,Std-XY p=24,0,spsa,sequential,3,random_shared_stream,15,120,5,48,7.658275604248047,47,0.09858293831348419,0.014229221269488335,0.0002010646858252585,0.0002010646858252585,0.0001898163027362898,0.8251393625355654,0.015214047873475552,0.08134465664625168,11.829071044921875
839277350,Std-XY p=24,0,spsa,sequential,3,random_shared_stream,20,120,5,48,7.658275604248047,57,0.5343840718269348,0.07713170349597931,0.005856340751051903,0.005784040316939354,0.005907983984798193,0.7449172036798424,0.014778350620464044,0.25,11.969916105270386
839277350,Std-XY p=24,0,spsa,sequential,3,random_shared_stream,25,120,5,48,7.658275604248047,67,2.090343475341797,0.30171507596969604,0.08328794687986374,0.08091732114553452,0.08534248918294907,0.682575747519259,0.014449008773880907,0.25,12.11526107788086
839277350,Std-XY p=24,0,spsa,sequential,3,random_shared_stream,30,120,5,48,7.658275604248047,77,0.281563401222229,0.04064018279314041,0.0015799389220774174,0.0016401545144617558,0.0014681103639304638,0.6324296439052073,0.014185372641231635,0.17806905508041382,12.256918907165527
839277350,Std-XY p=24,0,spsa,sequential,3,random_shared_stream,35,120,5,48,7.658275604248047,87,0.5724360346794128,0.08262403309345245,0.006400058511644602,0.005641533061861992,0.006779321003705263,0.591024359189413,0.013966227856027484,0.25,12.4018394947052
839277350,Std-XY p=24,0,spsa,sequential,3,random_shared_stream,40,120,5,48,7.658275604248047,97,0.6312764883041382,0.09111692756414413,0.008287878707051277,0.00824463739991188,0.008302292786538601,0.5561273813192767,0.013779134410346052,0.25,12.545547723770142
839277350,Std-XY p=24,0,spsa,sequential,3,random_shared_stream,45,120,5,48,7.658275604248047,107,0.9589744210243225,0.13841603696346283,0.018859637901186943,0.017030220478773117,0.019025949761271477,0.5262251834012398,0.013616187769422706,0.25,12.688509464263916
839277350,Std-XY p=24,0,spsa,sequential,3,random_shared_stream,50,120,5,48,7.658275604248047,117,0.12199717015028,0.017608774825930595,0.0003095306165050715,0.00029068964067846537,0.00027561685419641435,0.5002516090205609,0.013472060523173781,0.061029281467199326,12.840858936309814
839277350,Std-XY p=24,0,spsa,sequential,3,random_shared_stream,55,120,5,48,7.658275604248047,127,2.2069151401519775,0.3185407519340515,0.09864964336156845,0.09864965081214905,0.09864965081214905,0.47743170944097596,0.01334299625175472,0.25,12.985993146896362
839277350,Std-XY p=24,0,spsa,sequential,3,random_shared_stream,60,120,5,48,7.658275604248047,137,1.5478733777999878,0.2234162986278534,0.04852830991148949,0.04956820607185364,0.046795159578323364,0.45718726904109985,0.013226249755755135,0.25,13.127134323120117
839277350,Std-XY p=24,0,spsa,sequential,3,random_shared_stream,65,120,5,48,7.65822696685791,147,0.04104427248239517,0.005924230441451073,3.412160003790632e-05,3.485277920844965e-05,3.2902975362958387e-05,0.43907718854186273,0.01311975565249048,0.018021604046225548,13.26991581916809
839277350,Std-XY p=24,0,spsa,sequential,3,random_shared_stream,70,120,5,48,7.65822696685791,157,0.4637584090232849,0.06693775951862335,0.004410653840750456,0.004449548199772835,0.004356200806796551,0.42275850372585194,0.013021922119457682,0.19605781137943268,13.4140784740448
839277350,Std-XY p=24,0,spsa,sequential,3,random_shared_stream,75,120,5,48,7.65822696685791,167,1.0079615116119385,0.1454867124557495,0.02083566039800644,0.018814563751220703,0.02101939730346203,0.40796011091468826,0.01293149713891721,0.25,13.555386304855347
839277350,Std-XY p=24,0,spsa,sequential,3,random_shared_stream,80,120,5,48,7.655163288116455,177,0.29455605149269104,0.042515501379966736,0.001729114563204348,0.0017573576187714934,0.0016945949755609035,0.3944645857542644,0.012847478719003411,0.11619192361831665,13.700933933258057
839277350,Std-XY p=24,0,spsa,sequential,3,random_shared_stream,85,120,5,48,7.655163288116455,187,1.0482089519500732,0.15129593014717102,0.022532792761921883,0.020347073674201965,0.022731496021151543,0.38209531020094756,0.012769052840860788,0.25,13.841221332550049
839277350,Std-XY p=24,0,spsa,sequential,3,random_shared_stream,90,120,5,48,7.655163288116455,197,0.8524779081344604,0.12304458022117615,0.015034829266369343,0.01471941452473402,0.015139969997107983,0.37070717160743893,0.01269554947299621,0.25,13.987837553024292
839277350,Std-XY p=24,0,spsa,sequential,3,random_shared_stream,95,120,5,48,7.655163288116455,207,0.9481979012489319,0.13686057925224304,0.017137397080659866,0.01821051724255085,0.01547893974930048,0.36017972080688604,0.012626410699612943,0.25,14.132703304290771
839277350,Std-XY p=24,0,spsa,sequential,3,random_shared_stream,100,120,5,48,7.655163288116455,217,0.7503476142883301,0.10830335319042206,0.011709251441061497,0.01164815854281187,0.01172961387783289,0.3504120575088846,0.012561167176266359,0.25,14.276546478271484
839277350,Std-XY p=24,0,spsa,sequential,3,random_shared_stream,105,120,5,48,7.655163288116455,227,0.9676105380058289,0.13966254889965057,0.019200852140784264,0.01950562745332718,0.01828652434051037,0.34131895121812006,0.01249942043693397,0.25,14.42114520072937
839277350,Std-XY p=24,0,spsa,sequential,3,random_shared_stream,110,120,5,48,7.655163288116455,237,1.371948480606079,0.198023721575737,0.038941074162721634,0.036762554198503494,0.038941074162721634,0.332827860457224,0.012440829393713411,0.25,14.5632004737854
839277350,Std-XY p=24,0,spsa,sequential,3,random_shared_stream,115,120,5,48,7.655163288116455,247,0.9147912263870239,0.13203874230384827,0.01694994419813156,0.015497093088924885,0.01743423007428646,0.3248766148533517,0.012385099893453082,0.25,14.70921802520752
839277350,Std-XY p=24,0,spsa,sequential,3,random_shared_stream,120,120,5,48,7.655163288116455,257,0.4175080358982086,0.06026209518313408,0.0036252152640372515,0.0036315200850367546,0.0036063010338693857,0.3174115929926059,0.012331976538504544,0.13252189755439758,14.853546380996704
839277350,Std-XY p=24,0,spsa,sequential,4,continuation,1,120,5,48,0.06397894024848938,19,45.866554260253906,6.620267391204834,43.827938079833984,42.61049270629883,42.61049270629883,0.00629678446494993,0.02,0.25,15.152032613754272
839277350,Std-XY p=24,0,spsa,sequential,4,continuation,5,120,5,48,0.06397894024848938,27,728.4376831054688,105.14093017578125,10574.8134765625,10363.7021484375,10747.5419921875,0.005357750374754823,0.016999416915812672,0.25,15.27009630203247
839277350,Std-XY p=24,0,spsa,sequential,4,continuation,10,120,5,48,0.06397894024848938,37,166.81411743164062,24.077543258666992,570.6698608398438,575.7022094726562,563.62451171875,0.004587480932547283,0.015850026609609436,0.25,15.413642883300781
839277350,Std-XY p=24,0,spsa,sequential,4,continuation,15,120,5,48,0.06397894024848938,47,266.1376647949219,38.41366195678711,1473.0474853515625,1434.6202392578125,1465.3621826171875,0.004055381727276467,0.015214047873475552,0.25,15.555262327194214
839277350,Std-XY p=24,0,spsa,sequential,4,continuation,20,120,5,48,0.06397894024848938,57,629.9542236328125,90.92605590820312,8138.36767578125,8037.89453125,6832.20947265625,0.003661107145408914,0.014778350620464044,0.25,15.69999623298645
839277350,Std-XY p=24,0,spsa,sequential,4,continuation,25,120,5,48,0.06397894024848938,67,78.61725616455078,11.347423553466797,126.75208282470703,125.18724822998047,127.86983489990234,0.003354712354850683,0.014449008773880907,0.25,15.842368125915527
839277350,Std-XY p=24,0,spsa,sequential,4,continuation,30,120,5,48,0.06397894024848938,77,220.6156463623047,31.843128204345703,1006.9431762695312,985.8185424804688,1013.9846801757812,0.003108255087722341,0.014185372641231635,0.25,15.985556602478027
839277350,Std-XY p=24,0,spsa,sequential,4,continuation,35,120,5,48,0.06397894024848938,87,562.3675537109375,81.17076110839844,6542.93798828125,6405.673828125,6588.69287109375,0.002904757057361592,0.013966227856027484,0.25,16.12611150741577
839277350,Std-XY p=24,0,spsa,sequential,4,continuation,40,120,5,48,0.06397894024848938,97,801.2537841796875,115.6510238647461,13351.9384765625,13003.6259765625,13282.2763671875,0.0027332459492781717,0.013779134410346052,0.25,16.27343773841858
839277350,Std-XY p=24,0,spsa,sequential,4,continuation,45,120,5,48,0.06397894024848938,107,74.01899719238281,10.683722496032715,113.94377899169922,113.34928131103516,114.14192962646484,0.002586283105729444,0.013616187769422706,0.1914340853691101,16.41389012336731
839277350,Std-XY p=24,0,spsa,sequential,4,continuation,50,120,5,48,0.06397894024848938,117,552.2200927734375,79.70610809326172,6342.03466796875,6176.58935546875,6308.9453125,0.002458628598238993,0.013472060523173781,0.25,16.55850100517273
839277350,Std-XY p=24,0,spsa,sequential,4,continuation,55,120,5,48,0.06397894024848938,127,6.378723621368408,0.9206894636154175,0.8461973667144775,0.8241226673126221,0.8417823910713196,0.0023464737211659177,0.01334299625175472,0.014967506751418114,16.704230785369873
839277350,Std-XY p=24,0,spsa,sequential,4,continuation,60,120,5,48,0.06397894024848938,137,366.2284240722656,52.86051940917969,2619.594970703125,2619.594970703125,2619.594970703125,0.0022469766696323274,0.013226249755755135,0.25,16.84882688522339
839277350,Std-XY p=24,0,spsa,sequential,4,continuation,65,120,5,48,0.06397894024848938,147,338.9477844238281,48.92289733886719,2243.859130859375,1977.9202880859375,2376.82861328125,0.002157969535964108,0.01311975565249048,0.25,16.994876861572266
839277350,Std-XY p=24,0,spsa,sequential,4,continuation,70,120,5,48,0.06397894024848938,157,254.6730194091797,36.758888244628906,1351.2154541015625,1351.2154541015625,1351.215576171875,0.00207776672511689,0.013021922119457682,0.25,17.13294219970703
839277350,Std-XY p=24,0,spsa,sequential,4,continuation,75,120,5,48,0.06397894024848938,167,117.02277374267578,16.890783309936523,272.9158020019531,277.3735656738281,267.4673767089844,0.0020050358210729493,0.01293149713891721,0.2346348613500595,17.279220819473267
839277350,Std-XY p=24,0,spsa,sequential,4,continuation,80,120,5,48,0.06397894024848938,177,170.90858459472656,24.668529510498047,591.632568359375,540.9212036132812,608.536376953125,0.001938708230098008,0.012847478719003411,0.25,17.422675371170044
839277350,Std-XY p=24,0,spsa,sequential,4,continuation,85,120,5,48,0.06397894024848938,187,54.414764404296875,7.854094505310059,56.439144134521484,50.977291107177734,59.9732780456543,0.0018779159126591386,0.012769052840860788,0.10218635201454163,17.566179752349854
839277350,Std-XY p=24,0,spsa,sequential,4,continuation,90,120,5,48,0.06397894024848938,197,160.5853729248047,23.178503036499023,528.8485717773438,477.54931640625,533.5121459960938,0.0018219456714408664,0.01269554947299621,0.25,17.711204051971436
839277350,Std-XY p=24,0,spsa,sequential,4,continuation,95,120,5,48,0.06397894024848938,207,26.863515853881836,3.8774144649505615,14.929938316345215,14.61672306060791,15.034342765808105,0.0017702055248065163,0.012626410699612943,0.04755394533276558,17.8538658618927
839277350,Std-XY p=24,0,spsa,sequential,4,continuation,100,120,5,48,0.06397894024848938,217,14.125101089477539,2.038782835006714,4.041173458099365,4.127769947052002,3.896845817565918,0.0017221995696243741,0.012561167176266359,0.024326244369149208,18.00231623649597
839277350,Std-XY p=24,0,spsa,sequential,4,continuation,105,120,5,48,0.06397894024848938,227,108.05799865722656,15.59682846069336,242.83872985839844,241.57176208496094,243.26104736328125,0.0016775089164207345,0.01249942043693397,0.18126824498176575,18.14703917503357
839277350,Std-XY p=24,0,spsa,sequential,4,continuation,110,120,5,48,0.06397894024848938,237,50.83074188232422,7.336785793304443,53.82841873168945,53.82841873168945,53.82841873168945,0.0016357770395041247,0.012440829393713411,0.08314775675535202,18.289300203323364
839277350,Std-XY p=24,0,spsa,sequential,4,continuation,115,120,5,48,0.06397894024848938,247,36.3310432434082,5.243934154510498,27.30788230895996,27.30788230895996,27.30788230895996,0.0015966983849215282,0.012385099893453082,0.058009713888168335,18.42393684387207
839277350,Std-XY p=24,0,spsa,sequential,4,continuation,120,120,5,48,0.06397894024848938,257,103.38434600830078,14.92224407196045,203.73065185546875,216.4879913330078,184.0148162841797,0.001560009415006482,0.012331976538504544,0.1612805426120758,18.556073665618896
839277350,Std-XY p=26,0,spsa,sequential,0,deterministic_linear_ramp,1,120,5,52,12.101712226867676,19,92.63497161865234,12.846159934997559,164.04734802246094,161.117919921875,165.02383422851562,0.0019979735519104693,0.02,0.18508222699165344,0.30070066452026367
839277350,Std-XY p=26,0,spsa,sequential,0,deterministic_linear_ramp,5,120,5,52,9.883301734924316,27,163.17559814453125,22.62838363647461,511.28631591796875,509.0139465332031,512.0437622070312,0.0017000174622593919,0.016999416915812672,0.25,0.42666196823120117
839277350,Std-XY p=26,0,spsa,sequential,0,deterministic_linear_ramp,10,120,5,52,8.194869041442871,37,204.87567138671875,28.41114616394043,807.1930541992188,802.4168701171875,802.4168701171875,0.001455610498365046,0.015850026609609436,0.25,0.5836477279663086
839277350,Std-XY p=26,0,spsa,sequential,0,deterministic_linear_ramp,15,120,5,52,7.919885635375977,47,12.974647521972656,1.7992600202560425,3.160712957382202,2.930842876434326,3.2373361587524414,0.0012867750959399886,0.015214047873475552,0.016695452854037285,0.735396146774292
839277350,Std-XY p=26,0,spsa,sequential,0,deterministic_linear_ramp,20,120,5,52,7.907312870025635,57,0.2878163754940033,0.03991295024752617,0.0013573861215263605,0.0011311552952975035,0.0015082069439813495,0.0011616715305969444,0.014778350620464044,0.00033434806391596794,0.8926100730895996
839277350,Std-XY p=26,0,spsa,sequential,0,deterministic_linear_ramp,25,120,5,52,7.856528282165527,67,51.895965576171875,7.196676254272461,51.10260009765625,50.56629180908203,51.48567581176758,0.001064452276645021,0.014449008773880907,0.055240776389837265,1.0496222972869873
839277350,Std-XY p=26,0,spsa,sequential,0,deterministic_linear_ramp,30,120,5,52,7.77835750579834,77,5.278119087219238,0.7319434285163879,0.5349486470222473,0.5072106122970581,0.5230609178543091,0.000986251235440655,0.014185372641231635,0.005205551628023386,1.201669454574585
839277350,Std-XY p=26,0,spsa,sequential,0,deterministic_linear_ramp,35,120,5,52,7.7699456214904785,87,1.9757758378982544,0.27399080991744995,0.07329413294792175,0.07462675869464874,0.06396578997373581,0.0009216811862687587,0.013966227856027484,0.001821035286411643,1.3569695949554443
839277350,Std-XY p=26,0,spsa,sequential,0,deterministic_linear_ramp,40,120,5,52,7.726649761199951,97,9.934782981872559,1.377706527709961,1.872804880142212,1.8868440389633179,1.7183760404586792,0.0008672606070482095,0.013779134410346052,0.00861604604870081,1.5160632133483887
839277350,Std-XY p=26,0,spsa,sequential,0,deterministic_linear_ramp,45,120,5,52,7.708529949188232,107,1.1142969131469727,0.15452519059181213,0.02299496904015541,0.02034577913582325,0.023878034204244614,0.0008206292071395182,0.013616187769422706,0.0009144245996139944,1.6679410934448242
839277350,Std-XY p=26,0,spsa,sequential,0,deterministic_linear_ramp,50,120,5,52,7.611488342285156,117,32.74237823486328,4.54055118560791,20.49460792541504,20.128631591796875,20.616600036621094,0.0007801243540406429,0.013472060523173781,0.025543125346302986,1.8257031440734863
839277350,Std-XY p=26,0,spsa,sequential,0,deterministic_linear_ramp,55,120,5,52,7.534148693084717,127,15.229435920715332,2.111942768096924,4.433909893035889,4.354732990264893,4.460302352905273,0.000744537543128328,0.01334299625175472,0.011338886804878712,1.9823355674743652
839277350,Std-XY p=26,0,spsa,sequential,0,deterministic_linear_ramp,60,120,5,52,7.529922008514404,137,27.34321403503418,3.7918219566345215,14.356642723083496,14.037607192993164,14.29283618927002,0.0007129670679812536,0.013226249755755135,0.019494812935590744,2.133958101272583
839277350,Std-XY p=26,0,spsa,sequential,0,deterministic_linear_ramp,65,120,5,52,7.529922008514404,147,14.53090763092041,2.0150742530822754,3.9103569984436035,3.964416980743408,3.8442838191986084,0.00068472505017195,0.01311975565249048,0.009949675761163235,2.2892911434173584
839277350,Std-XY p=26,0,spsa,sequential,0,deterministic_linear_ramp,70,120,5,52,7.470903396606445,157,0.8333619236946106,0.11556651443243027,0.013276590034365654,0.013276590034365654,0.013276590034365654,0.0006592766493645875,0.013021922119457682,0.0005494160577654839,2.445962905883789
839277350,Std-XY p=26,0,spsa,sequential,0,deterministic_linear_ramp,75,120,5,52,7.470903396606445,167,11.104633331298828,1.5399357080459595,2.3152740001678467,2.146890163421631,2.371401309967041,0.0006361990891439379,0.01293149713891721,0.007064757402986288,2.5972795486450195
839277350,Std-XY p=26,0,spsa,sequential,0,deterministic_linear_ramp,80,120,5,52,7.4023332595825195,177,27.902992248535156,3.8694489002227783,14.884038925170898,14.618253707885742,14.972634315490723,0.0006151533040662489,0.012847478719003411,0.017164617776870728,2.753960132598877
839277350,Std-XY p=26,0,spsa,sequential,0,deterministic_linear_ramp,85,120,5,52,7.4023332595825195,187,47.3985710144043,6.572999477386475,40.90349578857422,39.11396408081055,42.18172836303711,0.0005958638646581981,0.012769052840860788,0.028243092820048332,2.909679412841797
839277350,Std-XY p=26,0,spsa,sequential,0,deterministic_linear_ramp,90,120,5,52,7.333108425140381,197,39.805362701416016,5.520010471343994,27.58573341369629,27.58573341369629,27.58573341369629,0.0005781044729765192,0.01269554947299621,0.02301165647804737,3.0621862411499023
839277350,Std-XY p=26,0,spsa,sequential,0,deterministic_linear_ramp,95,120,5,52,7.331879615783691,207,45.350467681884766,6.288978099822998,39.02467727661133,39.551246643066406,37.444969177246094,0.0005616872928867727,0.012626410699612943,0.02547277882695198,3.2174437046051025
839277350,Std-XY p=26,0,spsa,sequential,0,deterministic_linear_ramp,100,120,5,52,7.247682094573975,217,48.85340118408203,6.7747483253479,45.89720153808594,45.62562942504883,45.62562942504883,0.0005464549740227535,0.012561167176266359,0.026696186512708664,3.374300479888916
839277350,Std-XY p=26,0,spsa,sequential,0,deterministic_linear_ramp,105,120,5,52,7.247682094573975,227,13.478392601013184,1.8691169023513794,3.4109089374542236,3.4935975074768066,3.1628427505493164,0.0005322746024989229,0.01249942043693397,0.007174205966293812,3.5257763862609863
839277350,Std-XY p=26,0,spsa,sequential,0,deterministic_linear_ramp,110,120,5,52,7.170658111572266,237,52.85877227783203,7.330193042755127,53.65223693847656,53.413780212402344,52.45996856689453,0.0005190330524958879,0.012440829393713411,0.02743544988334179,3.6832897663116455
839277350,Std-XY p=26,0,spsa,sequential,0,deterministic_linear_ramp,115,120,5,52,7.170658111572266,247,41.040794372558594,5.691333770751953,32.34336471557617,32.39128112792969,32.199615478515625,0.0005066333715579611,0.012385099893453082,0.020792635157704353,3.8389480113983154
839277350,Std-XY p=26,0,spsa,sequential,0,deterministic_linear_ramp,120,120,5,52,7.170658111572266,257,1.7907840013504028,0.24833707511425018,0.05939054861664772,0.05583259090781212,0.06130637601017952,0.0004949919390228102,0.012331976538504544,0.000886423687916249,3.990609645843506
839277350,Std-XY p=26,0,spsa,sequential,1,random_shared_stream,1,120,5,52,7.660131931304932,19,0.791633665561676,0.10977984219789505,0.011980300769209862,0.010910631157457829,0.011766367591917515,0.4820069180045021,0.02,0.25,4.314316511154175
839277350,Std-XY p=26,0,spsa,sequential,1,random_shared_stream,5,120,5,52,7.660131931304932,27,0.4598675072193146,0.06377215683460236,0.004060870967805386,0.004066886845976114,0.004042822401970625,0.41012563792646406,0.016999416915812672,0.1886034607887268,4.442580938339233
839277350,Std-XY p=26,0,spsa,sequential,1,random_shared_stream,10,120,5,52,7.660131931304932,37,0.8295825719833374,0.11504241824150085,0.013215177692472935,0.013234755955636501,0.013156442902982235,0.3511629718326587,0.015850026609609436,0.25,4.596563100814819
839277350,Std-XY p=26,0,spsa,sequential,1,random_shared_stream,15,120,5,52,7.660131931304932,47,1.6338236331939697,0.22657057642936707,0.04943576827645302,0.048600442707538605,0.05011921375989914,0.3104317860293551,0.015214047873475552,0.25,4.749523401260376
839277350,Std-XY p=26,0,spsa,sequential,1,random_shared_stream,20,120,5,52,7.657531261444092,57,1.9673656225204468,0.2728245258331299,0.07399279624223709,0.0739927813410759,0.0739927887916565,0.28025081396157386,0.014778350620464044,0.25,4.907957553863525
839277350,Std-XY p=26,0,spsa,sequential,1,random_shared_stream,25,120,5,52,7.657531261444092,67,0.2658195197582245,0.03686254099011421,0.0013568365247920156,0.0013508062111213803,0.0013266844907775521,0.2567968733810013,0.014449008773880907,0.06826162338256836,5.06099271774292
839277350,Std-XY p=26,0,spsa,sequential,1,random_shared_stream,30,120,5,52,7.657531261444092,77,0.9025730490684509,0.12516435980796814,0.015573417767882347,0.015666117891669273,0.015295322053134441,0.23793103663375462,0.014185372641231635,0.21475014090538025,5.216191530227661
839277350,Std-XY p=26,0,spsa,sequential,1,random_shared_stream,35,120,5,52,7.657531261444092,87,0.7612584233283997,0.1055675521492958,0.011144507676362991,0.010880732908844948,0.010880732908844948,0.22235364805071517,0.013966227856027484,0.16926859319210052,5.371781826019287
839277350,Std-XY p=26,0,spsa,sequential,1,random_shared_stream,40,120,5,52,7.657531261444092,97,1.6052018404006958,0.22260145843029022,0.04771887883543968,0.044860146939754486,0.04925819858908653,0.20922479775085284,0.013779134410346052,0.25,5.526578903198242
839277350,Std-XY p=26,0,spsa,sequential,1,random_shared_stream,45,120,5,52,7.657531261444092,107,0.1502564698457718,0.02083682455122471,0.00043353092041797936,0.000434173212852329,0.0004316041013225913,0.19797507058067512,0.013616187769422706,0.02974703349173069,5.68119740486145
839277350,Std-XY p=26,0,spsa,sequential,1,random_shared_stream,50,120,5,52,7.657531261444092,117,1.6019731760025024,0.2221537083387375,0.04752711206674576,0.04906024411320686,0.04467987269163132,0.18820335994529389,0.013472060523173781,0.25,5.838174104690552
839277350,Std-XY p=26,0,spsa,sequential,1,random_shared_stream,55,120,5,52,7.657531261444092,127,0.2694278359413147,0.037362921983003616,0.0013959875795990229,0.0013877273304387927,0.0013877273304387927,0.17961811664562555,0.01334299625175472,0.04839412122964859,5.985276699066162
839277350,Std-XY p=26,0,spsa,sequential,1,random_shared_stream,60,120,5,52,7.657531261444092,137,0.7526335716247559,0.10437149554491043,0.010748378001153469,0.010313286446034908,0.010893408209085464,0.17200180590365982,0.013226249755755135,0.1294543296098709,6.145079612731934
839277350,Std-XY p=26,0,spsa,sequential,1,random_shared_stream,65,120,5,52,7.657531261444092,147,1.200753092765808,0.16651450097560883,0.027357928454875946,0.02707081288099289,0.027563007548451424,0.16518847849525944,0.01311975565249048,0.19835056364536285,6.302067279815674
839277350,Std-XY p=26,0,spsa,sequential,1,random_shared_stream,70,120,5,52,7.657531261444092,157,1.3209420442581177,0.18318171799182892,0.03350590169429779,0.03276132419705391,0.033356986939907074,0.15904910531408245,0.013021922119457682,0.2100946605205536,6.459494590759277
839277350,Std-XY p=26,0,spsa,sequential,1,random_shared_stream,75,120,5,52,7.654863357543945,167,0.13082419335842133,0.018142051994800568,0.00032475212356075644,0.00028044558712281287,0.0003213438903912902,0.153481692438981,0.01293149713891721,0.020079119130969048,6.617391109466553
839277350,Std-XY p=26,0,spsa,sequential,1,random_shared_stream,80,120,5,52,7.654470920562744,177,0.17744649946689606,0.024607403203845024,0.0005911923362873495,0.0005481964908540249,0.0006055242265574634,0.1484044410446459,0.012847478719003411,0.026333844289183617,6.774758577346802
839277350,Std-XY p=26,0,spsa,sequential,1,random_shared_stream,85,120,5,52,7.654470920562744,187,1.191857933998108,0.16528096795082092,0.027317792177200317,0.027156148105859756,0.027156148105859756,0.1437509043498189,0.012769052840860788,0.17133064568042755,6.931170225143433
839277350,Std-XY p=26,0,spsa,sequential,1,random_shared_stream,90,120,5,52,7.654470920562744,197,1.0191885232925415,0.14133600890636444,0.018912063911557198,0.018912063911557198,0.018912063911557198,0.1394664884515526,0.01269554947299621,0.1421426385641098,7.085064649581909
839277350,Std-XY p=26,0,spsa,sequential,1,random_shared_stream,95,120,5,52,7.654470920562744,207,0.8326420187950134,0.11546668410301208,0.013332554139196873,0.013016989454627037,0.013016990385949612,0.13550587827740043,0.012626410699612943,0.11282790452241898,7.24125862121582
839277350,Std-XY p=26,0,spsa,sequential,1,random_shared_stream,100,120,5,52,7.654470920562744,217,0.8026121258735657,0.11130228638648987,0.012369871139526367,0.012094985693693161,0.012314894236624241,0.1318311133823961,0.012561167176266359,0.10580924153327942,7.396962881088257
839277350,Std-XY p=26,0,spsa,sequential,1,random_shared_stream,105,120,5,52,7.654470920562744,227,0.2982024550437927,0.041353240609169006,0.0015861343126744032,0.0013458108296617866,0.0016999716171994805,0.12841012857114836,0.01249942043693397,0.03829221799969673,7.550662040710449
839277350,Std-XY p=26,0,spsa,sequential,1,random_shared_stream,110,120,5,52,7.654470920562744,237,0.5685343742370605,0.07884152978658676,0.0059861051850020885,0.0061792065389454365,0.005627491045743227,0.12521563247761275,0.012440829393713411,0.07118939608335495,7.707137823104858
839277350,Std-XY p=26,0,spsa,sequential,1,random_shared_stream,115,120,5,52,7.654470920562744,247,1.1080361604690552,0.1536569893360138,0.022353103384375572,0.021375153213739395,0.023051638156175613,0.12222423552572904,0.012385099893453082,0.13542887568473816,7.861377000808716
839277350,Std-XY p=26,0,spsa,sequential,1,random_shared_stream,120,120,5,52,7.654470920562744,257,0.6751861572265625,0.09363148361444473,0.008442635647952557,0.007936855778098106,0.008714978583157063,0.11941576440654934,0.012331976538504544,0.08062787353992462,8.014803647994995
839277350,Std-XY p=26,0,spsa,sequential,2,random_shared_stream,1,120,5,52,7.660435199737549,19,0.841492235660553,0.11669398099184036,0.01329517550766468,0.013617484830319881,0.0123282540589571,0.8038144401701778,0.02,0.25,8.33890676498413
839277350,Std-XY p=26,0,spsa,sequential,2,random_shared_stream,5,120,5,52,7.660435199737549,27,1.1621590852737427,0.16116248071193695,0.02351432666182518,0.02351432852447033,0.02351432666182518,0.6839422791152108,0.016999416915812672,0.25,8.465447425842285
839277350,Std-XY p=26,0,spsa,sequential,2,random_shared_stream,10,120,5,52,7.6602911949157715,37,0.16802085936069489,0.023300303146243095,0.0005429040174931288,0.0004915047902613878,0.0004915047902613878,0.5856137268335389,0.015850026609609436,0.09839532524347305,8.616496801376343
839277350,Std-XY p=26,0,spsa,sequential,2,random_shared_stream,15,120,5,52,7.6602911949157715,47,0.6006205677986145,0.08329109102487564,0.006680845282971859,0.006567957811057568,0.0067732068710029125,0.5176887363593479,0.015214047873475552,0.25,8.772700548171997
839277350,Std-XY p=26,0,spsa,sequential,2,random_shared_stream,20,120,5,52,7.660165309906006,57,3.087103843688965,0.42810431122779846,0.18083325028419495,0.18218882381916046,0.1789354532957077,0.4673577135871212,0.014778350620464044,0.25,8.92910385131836
839277350,Std-XY p=26,0,spsa,sequential,2,random_shared_stream,25,120,5,52,7.660165309906006,67,0.3360225558280945,0.04659794643521309,0.0021681564394384623,0.0021713683381676674,0.002158520044758916,0.42824496351372615,0.014449008773880907,0.14389996230602264,9.080368757247925
839277350,Std-XY p=26,0,spsa,sequential,2,random_shared_stream,30,120,5,52,7.660165309906006,77,0.8772422671318054,0.12165162712335587,0.014777223579585552,0.014711545780301094,0.014448841102421284,0.3967835229474552,0.014185372641231635,0.25,9.236516952514648
839277350,Std-XY p=26,0,spsa,sequential,2,random_shared_stream,35,120,5,52,7.659230709075928,87,0.033975958824157715,0.004711617715656757,2.190378654631786e-05,2.1017127437517047e-05,2.2199343220563605e-05,0.37080603296654957,0.013966227856027484,0.012598490342497826,9.393418312072754
839277350,Std-XY p=26,0,spsa,sequential,2,random_shared_stream,40,120,5,52,7.659230709075928,97,1.049214243888855,0.14549985527992249,0.019635677337646484,0.018038516864180565,0.020669134333729744,0.3489118255191715,0.013779134410346052,0.25,9.545040369033813
839277350,Std-XY p=26,0,spsa,sequential,2,random_shared_stream,45,120,5,52,7.659230709075928,107,0.1282861977815628,0.017790094017982483,0.00030478305416181684,0.0002996330731548369,0.00030899664852768183,0.3301513206185361,0.013616187769422706,0.042353853583335876,9.701475858688354
839277350,Std-XY p=26,0,spsa,sequential,2,random_shared_stream,50,120,5,52,7.657512664794922,117,0.14573834836483002,0.020210271701216698,0.00040603819070383906,0.00040603819070383906,0.00038670303183607757,0.31385561651038346,0.013472060523173781,0.04574079439043999,9.857969999313354
839277350,Std-XY p=26,0,spsa,sequential,2,random_shared_stream,55,120,5,52,7.657512664794922,127,0.3078254759311676,0.04268771409988403,0.001797980279661715,0.0018114583799615502,0.0016497211763635278,0.2995385138322364,0.01334299625175472,0.09220559149980545,10.010172605514526
839277350,Std-XY p=26,0,spsa,sequential,2,random_shared_stream,60,120,5,52,7.657512664794922,137,0.4927865266799927,0.06833719462156296,0.004421275574713945,0.003979148343205452,0.004642339423298836,0.28683724269579575,0.013226249755755135,0.14134952425956726,10.166455507278442
839277350,Std-XY p=26,0,spsa,sequential,2,random_shared_stream,65,120,5,52,7.657512664794922,147,0.35761815309524536,0.04959271848201752,0.0024448842741549015,0.002444884506985545,0.002328461268916726,0.2754750593911397,0.01311975565249048,0.09851488471031189,10.32260012626648
839277350,Std-XY p=26,0,spsa,sequential,2,random_shared_stream,70,120,5,52,7.657512664794922,157,0.18431136012077332,0.02555938810110092,0.0006445845938287675,0.0006494165863841772,0.000637819932308048,0.2652367897060197,0.013021922119457682,0.04888615384697914,10.474568843841553
839277350,Std-XY p=26,0,spsa,sequential,2,random_shared_stream,75,120,5,52,7.657512664794922,167,0.2375841587781906,0.03294699639081955,0.0010710526257753372,0.0010598121443763375,0.0010790814412757754,0.2559523444081742,0.01293149713891721,0.06081022694706917,10.62917709350586
839277350,Std-XY p=26,0,spsa,sequential,2,random_shared_stream,80,120,5,52,7.657512664794922,177,2.3267436027526855,0.32266131043434143,0.10349425673484802,0.09425370395183563,0.08193295449018478,0.24748531243270658,0.012847478719003411,0.25,10.785568714141846
839277350,Std-XY p=26,0,spsa,sequential,2,random_shared_stream,85,120,5,52,7.657512664794922,187,1.2294234037399292,0.1704903393983841,0.02902395650744438,0.02889496088027954,0.029066957533359528,0.2397248844109478,0.012769052840860788,0.25,10.936933755874634
839277350,Std-XY p=26,0,spsa,sequential,2,random_shared_stream,90,120,5,52,7.657512664794922,197,0.3137735426425934,0.04351256042718887,0.0018233228474855423,0.0018485300242900848,0.0017925139982253313,0.2325800173186274,0.01269554947299621,0.0729774609208107,11.093395233154297
839277350,Std-XY p=26,0,spsa,sequential,2,random_shared_stream,95,120,5,52,7.657512664794922,207,1.6342387199401855,0.2266281396150589,0.05136031284928322,0.051056407392024994,0.051056403666734695,0.22597514188852266,0.012626410699612943,0.25,11.249966621398926
839277350,Std-XY p=26,0,spsa,sequential,2,random_shared_stream,100,120,5,52,7.6534037590026855,217,0.5361241102218628,0.07434703409671783,0.00549477431923151,0.005527481436729431,0.0053966534323990345,0.21984695373084284,0.012561167176266359,0.11786524206399918,11.402350664138794
839277350,Std-XY p=26,0,spsa,sequential,2,random_shared_stream,105,120,5,52,7.6534037590026855,227,0.17784860730171204,0.02466316521167755,0.0006046724156476557,0.0006046724156476557,0.0005758784827776253,0.21414197961497738,0.01249942043693397,0.03808484971523285,11.55838918685913
839277350,Std-XY p=26,0,spsa,sequential,2,random_shared_stream,110,120,5,52,7.6534037590026855,237,1.982407569885254,0.27491050958633423,0.06439592689275742,0.0684206634759903,0.059476789087057114,0.20881470734328114,0.012440829393713411,0.25,11.714303493499756
839277350,Std-XY p=26,0,spsa,sequential,2,random_shared_stream,115,120,5,52,7.6534037590026855,247,0.16949540376663208,0.02350478246808052,0.0005516575183719397,0.0005524748121388257,0.0005492057534866035,0.20382613150258602,0.012385099893453082,0.0345475897192955,11.866284847259521
839277350,Std-XY p=26,0,spsa,sequential,2,random_shared_stream,120,120,5,52,7.6534037590026855,257,0.647442638874054,0.08978413790464401,0.008061191067099571,0.007870392873883247,0.007870393805205822,0.19914261025823646,0.012331976538504544,0.12893341481685638,12.013890504837036
839277350,Std-XY p=26,0,spsa,sequential,3,random_shared_stream,1,120,5,52,7.660552978515625,19,1.1943705081939697,0.16562938690185547,0.021589357405900955,0.024835877120494843,0.017044229432940483,0.5325339554666795,0.02,0.25,12.344216346740723
839277350,Std-XY p=26,0,spsa,sequential,3,random_shared_stream,5,120,5,52,7.658280849456787,27,0.6484870314598083,0.08992896974086761,0.008087219670414925,0.008087219670414925,0.008087219670414925,0.4531176214388589,0.016999416915812672,0.25,12.468949794769287
839277350,Std-XY p=26,0,spsa,sequential,3,random_shared_stream,10,120,5,52,7.658280849456787,37,1.5007983446121216,0.20812328159809113,0.041713401675224304,0.042290087789297104,0.04100856930017471,0.38797411285647393,0.015850026609609436,0.25,12.625092267990112
839277350,Std-XY p=26,0,spsa,sequential,3,random_shared_stream,15,120,5,52,7.658280849456787,47,0.15967580676078796,0.022143052890896797,0.0004895894089713693,0.0004874134319834411,0.000490314734634012,0.34297322453627993,0.015214047873475552,0.0547645278275013,12.777386903762817
839277350,Std-XY p=26,0,spsa,sequential,3,random_shared_stream,20,120,5,52,7.658280849456787,57,0.9700133204460144,0.134516641497612,0.017425544559955597,0.01638161763548851,0.017987659201025963,0.30962849060253417,0.014778350620464044,0.25,12.933586120605469
839277350,Std-XY p=26,0,spsa,sequential,3,random_shared_stream,25,120,5,52,7.658280849456787,67,1.1454988718032837,0.15885213017463684,0.02519666776061058,0.023890171200037003,0.024636738002300262,0.28371595847465275,0.014449008773880907,0.25,13.08966588973999
839277350,Std-XY p=26,0,spsa,sequential,3,random_shared_stream,30,120,5,52,7.658228874206543,77,2.0857231616973877,0.28923773765563965,0.08254467695951462,0.08167839050292969,0.08316345512866974,0.2628724844685264,0.014185372641231635,0.25,13.241089105606079
839277350,Std-XY p=26,0,spsa,sequential,3,random_shared_stream,35,120,5,52,7.658228874206543,87,0.6294170022010803,0.08728443086147308,0.007607301697134972,0.00689728744328022,0.007212848402559757,0.24566217472378118,0.013966227856027484,0.15462394058704376,13.395977020263672
839277350,Std-XY p=26,0,spsa,sequential,3,random_shared_stream,40,120,5,52,7.656098365783691,97,0.7859437465667725,0.10899079591035843,0.011439681053161621,0.01124638319015503,0.011597832664847374,0.23115707465206337,0.013779134410346052,0.1816764622926712,13.553673267364502
839277350,Std-XY p=26,0,spsa,sequential,3,random_shared_stream,45,120,5,52,7.656098365783691,107,2.211042881011963,0.30661651492118835,0.09276200830936432,0.09345738589763641,0.08511296659708023,0.21872807937403344,0.013616187769422706,0.25,13.705713748931885
839277350,Std-XY p=26,0,spsa,sequential,3,random_shared_stream,50,120,5,52,7.656098365783691,117,1.5023045539855957,0.20833216607570648,0.0434022881090641,0.04314546287059784,0.04314546287059784,0.2079320357448696,0.013472060523173781,0.25,13.861997842788696
839277350,Std-XY p=26,0,spsa,sequential,3,random_shared_stream,55,120,5,52,7.656098365783691,127,0.694507896900177,0.09631091356277466,0.00927579216659069,0.00927579216659069,0.00927579216659069,0.19844683252010287,0.01334299625175472,0.13782288134098053,14.017338037490845
839277350,Std-XY p=26,0,spsa,sequential,3,random_shared_stream,60,120,5,52,7.656098365783691,137,0.965944766998291,0.13395243883132935,0.017837081104516983,0.016987698152661324,0.017837081104516983,0.190032131539723,0.013226249755755135,0.1835605353116989,14.168920516967773
839277350,Std-XY p=26,0,spsa,sequential,3,random_shared_stream,65,120,5,52,7.656098365783691,147,0.8782546520233154,0.1217920109629631,0.014745519496500492,0.014482208527624607,0.014833291992545128,0.18250458772415665,0.01311975565249048,0.16028550267219543,14.324862718582153
839277350,Std-XY p=26,0,spsa,sequential,3,random_shared_stream,70,120,5,52,7.656098365783691,157,0.8893419504165649,0.1233295425772667,0.015187672339379787,0.015120172873139381,0.015210173092782497,0.1757216463137022,0.013021922119457682,0.1562766283750534,14.481485366821289
839277350,Std-XY p=26,0,spsa,sequential,3,random_shared_stream,75,120,5,52,7.656098365783691,167,0.6474733948707581,0.08978840708732605,0.008014252409338951,0.008014252409338951,0.008014252409338951,0.16957062173428694,0.01293149713891721,0.10979245603084564,14.632787227630615
839277350,Std-XY p=26,0,spsa,sequential,3,random_shared_stream,80,120,5,52,7.656098365783691,177,0.23204541206359863,0.032178908586502075,0.0010109737049788237,0.0010293551022186875,0.000980338198132813,0.16396114048634616,0.012847478719003411,0.03804642707109451,14.788609266281128
839277350,Std-XY p=26,0,spsa,sequential,3,random_shared_stream,85,120,5,52,7.656098365783691,187,0.6015839576721191,0.08342468738555908,0.006589044816792011,0.006589044816792011,0.006589045282453299,0.1588197904134777,0.012769052840860788,0.09554344415664673,14.944885730743408
839277350,Std-XY p=26,0,spsa,sequential,3,random_shared_stream,90,120,5,52,7.656098365783691,197,1.5921602249145508,0.22079291939735413,0.048677392303943634,0.04874950647354126,0.04846104606986046,0.1540862547318451,0.01269554947299621,0.24533003568649292,15.096238613128662
839277350,Std-XY p=26,0,spsa,sequential,3,random_shared_stream,95,120,5,52,7.656098365783691,207,0.8100388050079346,0.11233218014240265,0.012599850073456764,0.01254385057836771,0.012618516571819782,0.14971046815426917,0.012626410699612943,0.1212712824344635,15.252180814743042
839277350,Std-XY p=26,0,spsa,sequential,3,random_shared_stream,100,120,5,52,7.656098365783691,217,0.5593922138214111,0.0775737389922142,0.005937567912042141,0.005982077680528164,0.005875254515558481,0.14565049097998206,0.012561167176266359,0.08147574216127396,15.40849232673645
839277350,Std-XY p=26,0,spsa,sequential,3,random_shared_stream,105,120,5,52,7.656098365783691,227,0.5666946768760681,0.07858641445636749,0.00594742875546217,0.005846934858709574,0.0060296510346233845,0.14187089673542774,0.01249942043693397,0.08039748668670654,15.56064748764038
839277350,Std-XY p=26,0,spsa,sequential,3,random_shared_stream,110,120,5,52,7.656098365783691,237,1.0584357976913452,0.1467786282300949,0.02141648903489113,0.021543966606259346,0.02103405073285103,0.13834153319961748,0.012440829393713411,0.14642561972141266,15.715430974960327
839277350,Std-XY p=26,0,spsa,sequential,3,random_shared_stream,115,120,5,52,7.656098365783691,247,0.31289321184158325,0.043390486389398575,0.0018715935293585062,0.0018715935293585062,0.0018715935293585062,0.13503655895204306,0.012385099893453082,0.04225202277302742,15.872534990310669
839277350,Std-XY p=26,0,spsa,sequential,3,random_shared_stream,120,120,5,52,7.656098365783691,257,0.1543322503566742,0.021402034908533096,0.0004519487847574055,0.0004472056753002107,0.0004553366743493825,0.13193368598892774,0.012331976538504544,0.020361624658107758,16.02436375617981
839277350,Std-XY p=26,0,spsa,sequential,4,continuation,1,120,5,52,0.06397909671068192,19,68.66229248046875,9.521746635437012,85.83541870117188,82.08012390136719,88.51776885986328,0.005527699702079372,0.02,0.25,16.343945741653442
839277350,Std-XY p=26,0,spsa,sequential,4,continuation,5,120,5,52,0.06397909671068192,27,147.26844787597656,20.42245864868164,416.4598388671875,407.2052001953125,414.60888671875,0.004703358565820527,0.016999416915812672,0.25,16.468763828277588
839277350,Std-XY p=26,0,spsa,sequential,4,continuation,10,120,5,52,0.06397909671068192,37,335.65264892578125,46.54664611816406,1961.4693603515625,2115.31005859375,1705.0682373046875,0.004027169283828751,0.015850026609609436,0.25,16.62190079689026
839277350,Std-XY p=26,0,spsa,sequential,4,continuation,15,120,5,52,0.06397909671068192,47,203.65774536132812,28.242246627807617,787.0052490234375,778.745849609375,792.9048461914062,0.003560060295927964,0.015214047873475552,0.25,16.776440620422363
839277350,Std-XY p=26,0,spsa,sequential,4,continuation,20,120,5,52,0.06397909671068192,57,255.29171752929688,35.40259552001953,1253.343505859375,1067.9376220703125,1067.9376220703125,0.0032139421302422545,0.014778350620464044,0.25,16.932621479034424
839277350,Std-XY p=26,0,spsa,sequential,4,continuation,25,120,5,52,0.06397909671068192,67,116.22952270507812,16.11813735961914,250.18650817871094,253.64529418945312,245.95907592773438,0.0029449701808425426,0.014449008773880907,0.25,17.08662247657776
839277350,Std-XY p=26,0,spsa,sequential,4,continuation,30,120,5,52,0.06397909671068192,77,22.53050994873047,3.124419689178467,9.70423412322998,9.242128372192383,9.704235076904297,0.0027286150285161614,0.014185372641231635,0.06147708743810654,17.24163794517517
839277350,Std-XY p=26,0,spsa,sequential,4,continuation,35,120,5,52,0.06397909671068192,87,189.96575927734375,26.3435115814209,684.7411499023438,689.8741455078125,677.554931640625,0.002549972102422645,0.013966227856027484,0.25,17.39741086959839
839277350,Std-XY p=26,0,spsa,sequential,4,continuation,40,120,5,52,0.06397909671068192,97,37.14186096191406,5.150649547576904,25.90127944946289,22.604755401611328,26.372211456298828,0.0023994092387367013,0.013779134410346052,0.08911851793527603,17.552690505981445
839277350,Std-XY p=26,0,spsa,sequential,4,continuation,45,120,5,52,0.06397909671068192,107,24.593830108642578,3.410550355911255,11.61464786529541,11.631853103637695,11.563027381896973,0.0022703963320661693,0.013616187769422706,0.055837735533714294,17.707343101501465
839277350,Std-XY p=26,0,spsa,sequential,4,continuation,50,120,5,52,0.06397909671068192,117,40.07242965698242,5.557046413421631,29.236223220825195,29.236223220825195,29.236225128173828,0.0021583334550609513,0.013472060523173781,0.08648966252803802,17.863606929779053
839277350,Std-XY p=26,0,spsa,sequential,4,continuation,55,120,5,52,0.06397909671068192,127,98.65696716308594,13.68126106262207,186.89999389648438,187.17686462402344,186.06932067871094,0.0020598770946702646,0.01334299625175472,0.20322124660015106,18.01075267791748
839277350,Std-XY p=26,0,spsa,sequential,4,continuation,60,120,5,52,0.06397909671068192,137,133.12786865234375,18.461515426635742,336.2898864746094,332.7606201171875,338.81085205078125,0.0019725325420368632,0.013226249755755135,0.25,18.165706396102905
839277350,Std-XY p=26,0,spsa,sequential,4,continuation,65,120,5,52,0.06397909671068192,147,5.685067653656006,0.788377046585083,0.6178605556488037,0.6178604960441589,0.6178605556488037,0.0018943966761835183,0.01311975565249048,0.01076977327466011,18.325117826461792
839277350,Std-XY p=26,0,spsa,sequential,4,continuation,70,120,5,52,0.06397909671068192,157,297.9007568359375,41.3114013671875,1683.910400390625,1666.2381591796875,1454.171630859375,0.0018239897794421953,0.013021922119457682,0.25,18.478521823883057
839277350,Std-XY p=26,0,spsa,sequential,4,continuation,75,120,5,52,0.06397909671068192,167,10.944160461425781,1.5176820755004883,2.2181756496429443,1.96262526512146,2.303358793258667,0.0017601421761371248,0.01293149713891721,0.01926328055560589,18.634087085723877
839277350,Std-XY p=26,0,spsa,sequential,4,continuation,80,120,5,52,0.06397909671068192,177,206.5762176513672,28.646968841552734,790.2992553710938,742.9541625976562,815.7928466796875,0.0017019157898104744,0.012847478719003411,0.25,18.79055118560791
839277350,Std-XY p=26,0,spsa,sequential,4,continuation,85,120,5,52,0.06397909671068192,187,141.9438018798828,19.684064865112305,386.88916015625,385.1696472167969,387.46234130859375,0.0016485486026586705,0.012769052840860788,0.2340012490749359,18.944119691848755
839277350,Std-XY p=26,0,spsa,sequential,4,continuation,90,120,5,52,0.06397909671068192,197,123.19869995117188,17.084585189819336,291.4512939453125,290.15594482421875,284.9745788574219,0.001599414526777607,0.01269554947299621,0.19704578816890717,19.099308013916016
839277350,Std-XY p=26,0,spsa,sequential,4,continuation,95,120,5,52,0.06397909671068192,207,46.33057403564453,6.4248948097229,41.21820068359375,39.080963134765625,37.37117004394531,0.0015539938847454336,0.012626410699612943,0.07199742645025253,19.25530219078064
839277350,Std-XY p=26,0,spsa,sequential,4,continuation,100,120,5,52,0.06397909671068192,217,7.603052616119385,1.0543537139892578,1.10508394241333,1.1116617918014526,1.0853502750396729,0.0015118513426852023,0.012561167176266359,0.011494685895740986,19.4098060131073
839277350,Std-XY p=26,0,spsa,sequential,4,continuation,105,120,5,52,0.06397909671068192,227,101.71343994140625,14.105116844177246,198.6599884033203,194.24534606933594,188.359130859375,0.0014726191739847202,0.01249942043693397,0.14978516101837158,19.564515829086304
839277350,Std-XY p=26,0,spsa,sequential,4,continuation,110,120,5,52,0.06397909671068192,237,65.33045959472656,9.059704780578613,81.95684051513672,77.70722198486328,80.13556671142578,0.0014359843987461506,0.012440829393713411,0.09381352365016937,19.72058939933777
839277350,Std-XY p=26,0,spsa,sequential,4,continuation,115,120,5,52,0.06397909671068192,247,98.34606170654297,13.638144493103027,185.72384643554688,185.99899291992188,184.89840698242188,0.0014016787831583383,0.012385099893453082,0.1378495842218399,19.874363899230957
839277350,Std-XY p=26,0,spsa,sequential,4,continuation,120,120,5,52,0.06397909671068192,257,111.84335327148438,15.509881973266602,231.66012573242188,217.78187561035156,239.13302612304688,0.0013694709778574127,0.012331976538504544,0.15316621959209442,20.02888584136963
839277350,Std-XY p=27,0,spsa,sequential,0,deterministic_linear_ramp,1,120,5,54,12.709004402160645,19,388.53924560546875,52.87348937988281,2657.551513671875,2791.771240234375,2331.58935546875,0.0012850920517578196,0.02,0.25,0.30989670753479004
839277350,Std-XY p=27,0,spsa,sequential,0,deterministic_linear_ramp,5,120,5,54,10.046977996826172,27,349.389892578125,47.54594421386719,2148.9814453125,1736.5506591796875,2257.515625,0.0010934473714679788,0.016999416915812672,0.25,0.4410059452056885
839277350,Std-XY p=27,0,spsa,sequential,0,deterministic_linear_ramp,10,120,5,54,8.319310188293457,37,118.28832244873047,16.097002029418945,255.91455078125,255.91453552246094,255.91452026367188,0.0009362453672699979,0.015850026609609436,0.11074689775705338,0.6054670810699463
839277350,Std-XY p=27,0,spsa,sequential,0,deterministic_linear_ramp,15,120,5,54,8.276447296142578,47,6.9400811195373535,0.9444254040718079,0.8907158374786377,0.8907158374786377,0.8809278011322021,0.0008276508198074914,0.015214047873475552,0.005743963643908501,0.7629721164703369
839277350,Std-XY p=27,0,spsa,sequential,0,deterministic_linear_ramp,20,120,5,54,8.180086135864258,57,21.37265968322754,2.9084506034851074,8.459084510803223,8.35465145111084,8.35465145111084,0.000747184490653543,0.014778350620464044,0.015969321131706238,0.9198439121246338
839277350,Std-XY p=27,0,spsa,sequential,0,deterministic_linear_ramp,25,120,5,54,7.971521377563477,67,61.39081573486328,8.354231834411621,68.9315414428711,69.69744873046875,67.39972686767578,0.0006846532872690048,0.014449008773880907,0.0420314259827137,1.0840020179748535
839277350,Std-XY p=27,0,spsa,sequential,0,deterministic_linear_ramp,30,120,5,54,7.971521377563477,77,38.85917663574219,5.288064002990723,27.34988021850586,26.084035873413086,27.925264358520508,0.0006343545551387309,0.014185372641231635,0.024650495499372482,1.2424681186676025
839277350,Std-XY p=27,0,spsa,sequential,0,deterministic_linear_ramp,35,120,5,54,7.854214668273926,87,36.29437255859375,4.9390387535095215,24.39410400390625,24.360639572143555,24.360641479492188,0.0005928232461316266,0.013966227856027484,0.02151614986360073,1.4050729274749756
839277350,Std-XY p=27,0,spsa,sequential,0,deterministic_linear_ramp,40,120,5,54,7.833596706390381,97,52.2779426574707,7.114127159118652,50.61080551147461,48.875179290771484,48.875179290771484,0.0005578200531506625,0.013779134410346052,0.029161689803004265,1.5679481029510498
839277350,Std-XY p=27,0,spsa,sequential,0,deterministic_linear_ramp,45,120,5,54,7.833596706390381,107,98.51081848144531,13.405624389648438,179.46426391601562,179.4642333984375,179.46424865722656,0.0005278268426160694,0.013616187769422706,0.05199665576219559,1.7292721271514893
839277350,Std-XY p=27,0,spsa,sequential,0,deterministic_linear_ramp,50,120,5,54,7.828732490539551,117,26.940567016601562,3.666146755218506,13.274696350097656,13.42219352722168,12.979704856872559,0.0005017742130779006,0.013472060523173781,0.013518081046640873,1.8898441791534424
839277350,Std-XY p=27,0,spsa,sequential,0,deterministic_linear_ramp,55,120,5,54,7.70904016494751,127,1.7700010538101196,0.24086663126945496,0.05730047449469566,0.057937148958444595,0.0541171170771122,0.0004788848571066491,0.01334299625175472,0.0008476266521029174,2.050356149673462
839277350,Std-XY p=27,0,spsa,sequential,0,deterministic_linear_ramp,60,120,5,54,7.665689468383789,137,54.330406188964844,7.393431663513184,54.36289978027344,52.78824996948242,48.58918380737305,0.0004585787991796415,0.013226249755755135,0.024914773181080818,2.2101614475250244
839277350,Std-XY p=27,0,spsa,sequential,0,deterministic_linear_ramp,65,120,5,54,7.665689468383789,147,26.224443435668945,3.568694591522217,12.456062316894531,12.578351974487305,12.298832893371582,0.000440413597454306,0.01311975565249048,0.011549601331353188,2.3683671951293945
839277350,Std-XY p=27,0,spsa,sequential,0,deterministic_linear_ramp,70,120,5,54,7.664146423339844,157,12.368559837341309,1.68314790725708,2.798011541366577,2.798011541366577,2.798011541366577,0.0004240452438411074,0.013021922119457682,0.005244828760623932,2.5341835021972656
839277350,Std-XY p=27,0,spsa,sequential,0,deterministic_linear_ramp,75,120,5,54,7.629631519317627,167,20.247413635253906,2.755323886871338,7.581396102905273,6.748274803161621,7.081523418426514,0.0004092018095097765,0.01293149713891721,0.00828527845442295,2.694544553756714
839277350,Std-XY p=27,0,spsa,sequential,0,deterministic_linear_ramp,80,120,5,54,7.568136692047119,177,20.84866714477539,2.837144136428833,7.651886940002441,7.95001220703125,7.155011177062988,0.0003956652083368128,0.012847478719003411,0.008249091915786266,2.8599255084991455
839277350,Std-XY p=27,0,spsa,sequential,0,deterministic_linear_ramp,85,120,5,54,7.568136692047119,187,30.156457901000977,4.103774070739746,15.708990097045898,15.708989143371582,15.708990097045898,0.0003832582847103979,0.012769052840860788,0.011557712219655514,3.0207087993621826
839277350,Std-XY p=27,0,spsa,sequential,0,deterministic_linear_ramp,90,120,5,54,7.5432209968566895,197,33.85410690307617,4.606960296630859,21.19496726989746,20.496232986450195,19.79749870300293,0.0003718354843072812,0.01269554947299621,0.012588157318532467,3.182713031768799
839277350,Std-XY p=27,0,spsa,sequential,0,deterministic_linear_ramp,95,120,5,54,7.5432209968566895,207,37.472625732421875,5.099379062652588,25.96799087524414,25.96799087524414,25.68263053894043,0.0003612759913523137,0.012626410699612943,0.013537961058318615,3.3401145935058594
839277350,Std-XY p=27,0,spsa,sequential,0,deterministic_linear_ramp,100,120,5,54,7.542229175567627,217,8.359638214111328,1.137602686882019,1.2657362222671509,1.2781628370285034,1.2497591972351074,0.0003514785984472504,0.012561167176266359,0.0029382340144366026,3.5009939670562744
839277350,Std-XY p=27,0,spsa,sequential,0,deterministic_linear_ramp,105,120,5,54,7.542229175567627,227,39.772090911865234,5.412295818328857,29.292945861816406,28.931306838989258,28.931306838989258,0.00034235781568272254,0.01249942043693397,0.013616286218166351,3.6569631099700928
839277350,Std-XY p=27,0,spsa,sequential,0,deterministic_linear_ramp,110,120,5,54,7.500432014465332,237,2.6192517280578613,0.35643500089645386,0.1270458996295929,0.12687164545059204,0.12687164545059204,0.000333840880788573,0.012440829393713411,0.0008744131773710251,3.8169658184051514
839277350,Std-XY p=27,0,spsa,sequential,0,deterministic_linear_ramp,115,120,5,54,7.500432014465332,247,35.41496276855469,4.819365978240967,21.18721580505371,21.665124893188477,20.645591735839844,0.00032586543416545543,0.012385099893453082,0.011540512554347515,3.9781625270843506
839277350,Std-XY p=27,0,spsa,sequential,0,deterministic_linear_ramp,120,120,5,54,7.4215874671936035,257,37.203041076660156,5.062692642211914,25.314428329467773,25.31442642211914,22.782983779907227,0.0003183776911932362,0.012331976538504544,0.011844618245959282,4.143796920776367
839277350,Std-XY p=27,0,spsa,sequential,1,random_shared_stream,1,120,5,54,7.664524555206299,19,1.3918856382369995,0.18941164016723633,0.03464642912149429,0.03543384373188019,0.033465299755334854,0.40860741119594735,0.02,0.25,4.47505521774292
839277350,Std-XY p=27,0,spsa,sequential,1,random_shared_stream,5,120,5,54,7.660674571990967,27,0.16428250074386597,0.02235601656138897,0.0004991058958694339,0.0004936212208122015,0.0004991058958694339,0.34767213688964865,0.016999416915812672,0.057116445153951645,4.606255292892456
839277350,Std-XY p=27,0,spsa,sequential,1,random_shared_stream,10,120,5,54,7.655431270599365,37,0.1544199436903,0.02101389318704605,0.00043916073627769947,0.00041190252522937953,0.00043613207526504993,0.29768824360956125,0.015850026609609436,0.045969001948833466,4.764441013336182
839277350,Std-XY p=27,0,spsa,sequential,1,random_shared_stream,15,120,5,54,7.655431270599365,47,1.261319875717163,0.17164389789104462,0.027481352910399437,0.028451280668377876,0.026188112795352936,0.26315955996549467,0.015214047873475552,0.25,4.923269748687744
839277350,Std-XY p=27,0,spsa,sequential,1,random_shared_stream,20,120,5,54,7.655431270599365,57,0.8099512457847595,0.11022039502859116,0.012131871655583382,0.012131871655583382,0.0119985556229949,0.237574514599241,0.014778350620464044,0.1924237757921219,5.081570625305176
839277350,Std-XY p=27,0,spsa,sequential,1,random_shared_stream,25,120,5,54,7.655431270599365,67,0.6866658926010132,0.09344339370727539,0.008300474844872952,0.008432228118181229,0.008144766092300415,0.2176921154364933,0.014449008773880907,0.14948175847530365,5.241859674453735
839277350,Std-XY p=27,0,spsa,sequential,1,random_shared_stream,30,120,5,54,7.655431270599365,77,0.7667396664619446,0.10434003919363022,0.010886847041547298,0.010871912352740765,0.01087191142141819,0.20169914847815218,0.014185372641231635,0.1546507328748703,5.405299186706543
839277350,Std-XY p=27,0,spsa,sequential,1,random_shared_stream,35,120,5,54,7.655431270599365,87,2.127694845199585,0.2895425856113434,0.08337491005659103,0.08279991149902344,0.08371990919113159,0.18849386825424966,0.013966227856027484,0.25,5.562179803848267
839277350,Std-XY p=27,0,spsa,sequential,1,random_shared_stream,40,120,5,54,7.655431270599365,97,1.7450013160705566,0.23746460676193237,0.05569327250123024,0.05445564538240433,0.05631208419799805,0.17736426547756132,0.013779134410346052,0.25,5.725090265274048
839277350,Std-XY p=27,0,spsa,sequential,1,random_shared_stream,45,120,5,54,7.655431270599365,107,0.3484416902065277,0.04741690680384636,0.0022360263392329216,0.0022452787961810827,0.0022206055000424385,0.16782763493562355,0.013616187769422706,0.05847814306616783,5.884068012237549
839277350,Std-XY p=27,0,spsa,sequential,1,random_shared_stream,50,120,5,54,7.655431270599365,117,0.27973276376724243,0.0380668118596077,0.0014311919221654534,0.0013993877219036222,0.001447094138711691,0.15954395012419156,0.013472060523173781,0.044629670679569244,6.045704126358032
839277350,Std-XY p=27,0,spsa,sequential,1,random_shared_stream,55,120,5,54,7.655431270599365,127,0.4477525055408478,0.06093139573931694,0.003585315775126219,0.003585315775126219,0.003585315775126219,0.15226605864975415,0.01334299625175472,0.06817750632762909,6.20793342590332
839277350,Std-XY p=27,0,spsa,sequential,1,random_shared_stream,60,120,5,54,7.655431270599365,137,0.45210206508636475,0.06152329966425896,0.0037851163651794195,0.003738386556506157,0.003738386556506157,0.14580955170163307,0.013226249755755135,0.06592079252004623,6.369784116744995
839277350,Std-XY p=27,0,spsa,sequential,1,random_shared_stream,65,120,5,54,7.655431270599365,147,1.5297001600265503,0.20816582441329956,0.04309524595737457,0.04327356815338135,0.042798034846782684,0.14003375062910392,0.01311975565249048,0.2142096608877182,6.5307936668396
839277350,Std-XY p=27,0,spsa,sequential,1,random_shared_stream,70,120,5,54,7.655431270599365,157,0.014530670829117298,0.001977373845875263,3.861735876853345e-06,3.647194716904778e-06,3.003572146553779e-06,0.13482927474250858,0.013021922119457682,0.0019591597374528646,6.697409391403198
839277350,Std-XY p=27,0,spsa,sequential,1,random_shared_stream,75,120,5,54,7.655431270599365,167,0.8619495034217834,0.11729647219181061,0.013739591464400291,0.012833683751523495,0.013286636210978031,0.13010966164779997,0.01293149713891721,0.11214796453714371,6.855612754821777
839277350,Std-XY p=27,0,spsa,sequential,1,random_shared_stream,80,120,5,54,7.655431270599365,177,0.2622396647930145,0.035686299204826355,0.0011617083800956607,0.0010621333494782448,0.001229838584549725,0.1258055687588035,0.012847478719003411,0.032991211861371994,7.014231204986572
839277350,Std-XY p=27,0,spsa,sequential,1,random_shared_stream,85,120,5,54,7.655431270599365,187,0.7889439463615417,0.10736167430877686,0.011526529677212238,0.011510717682540417,0.011510717682540417,0.12186066774026494,0.012769052840860788,0.09614124149084091,7.1723854541778564
839277350,Std-XY p=27,0,spsa,sequential,1,random_shared_stream,90,120,5,54,7.655431270599365,197,0.12295981496572495,0.01673271134495735,0.0002795995678752661,0.0002703820064198226,0.00027652704739011824,0.11822867819139085,0.01269554947299621,0.014537375420331955,7.332156658172607
839277350,Std-XY p=27,0,spsa,sequential,1,random_shared_stream,95,120,5,54,7.655431270599365,207,0.3550809621810913,0.04832040145993233,0.0022836155258119106,0.002306035254150629,0.0019473186694085598,0.1148711855713336,0.012626410699612943,0.040788572281599045,7.491014719009399
839277350,Std-XY p=27,0,spsa,sequential,1,random_shared_stream,100,120,5,54,7.655431270599365,217,1.7112606763839722,0.2328730672597885,0.05356035754084587,0.05356035754084587,0.05356035754084587,0.11175601001178397,0.012561167176266359,0.19124366343021393,7.655266046524048
839277350,Std-XY p=27,0,spsa,sequential,1,random_shared_stream,105,120,5,54,7.655431270599365,227,1.756438136100769,0.2390209436416626,0.057052645832300186,0.05329093709588051,0.05517179146409035,0.10885596917159933,0.01249942043693397,0.19119876623153687,7.813979625701904
839277350,Std-XY p=27,0,spsa,sequential,1,random_shared_stream,110,120,5,54,7.655431270599365,237,0.09210122376680374,0.012533389031887054,0.00014652725076302886,0.00014652725076302886,0.00014652727986685932,0.10614792758526889,0.012440829393713411,0.00977635383605957,7.977631568908691
839277350,Std-XY p=27,0,spsa,sequential,1,random_shared_stream,115,120,5,54,7.655431270599365,247,0.4546563923358917,0.06187090277671814,0.003807004075497389,0.0038227573968470097,0.0037807489279657602,0.1036120574167888,0.012385099893453082,0.04710788652300835,8.134918689727783
839277350,Std-XY p=27,0,spsa,sequential,1,random_shared_stream,120,120,5,54,7.655431270599365,257,2.2016685009002686,0.29960912466049194,0.08976563066244125,0.0837320014834404,0.0837320014834404,0.10123125732749239,0.012331976538504544,0.2228776514530182,8.2965669631958
839277350,Std-XY p=27,0,spsa,sequential,2,random_shared_stream,1,120,5,54,7.659585475921631,19,1.925898790359497,0.2620816230773926,0.06783878803253174,0.06633125990629196,0.06859255582094193,0.6443729379908975,0.02,0.25,8.628787279129028
839277350,Std-XY p=27,0,spsa,sequential,2,random_shared_stream,5,120,5,54,7.659585475921631,27,0.7149483561515808,0.09729214757680893,0.008998317644000053,0.008414010517299175,0.009348900988698006,0.5482781520027856,0.016999416915812672,0.25,8.759344339370728
839277350,Std-XY p=27,0,spsa,sequential,2,random_shared_stream,10,120,5,54,7.659585475921631,37,0.6316074132919312,0.08595088869333267,0.007377419620752335,0.007377420086413622,0.007296349387615919,0.469453668445712,0.015850026609609436,0.25,8.918070316314697
839277350,Std-XY p=27,0,spsa,sequential,2,random_shared_stream,15,120,5,54,7.659331798553467,47,2.0296506881713867,0.27620047330856323,0.07534489035606384,0.07534489780664444,0.07534489780664444,0.4150020145719751,0.015214047873475552,0.25,9.078040361404419
839277350,Std-XY p=27,0,spsa,sequential,2,random_shared_stream,20,120,5,54,7.654392242431641,57,0.7530460357666016,0.1024765819311142,0.010501449927687645,0.009795590303838253,0.009795589372515678,0.37465445748036547,0.014778350620464044,0.25,9.242299318313599
839277350,Std-XY p=27,0,spsa,sequential,2,random_shared_stream,25,120,5,54,7.654392242431641,67,0.8344755172729492,0.11355772614479065,0.012877671048045158,0.01287766918540001,0.012736155651509762,0.34329996020066816,0.014449008773880907,0.25,9.401116132736206
839277350,Std-XY p=27,0,spsa,sequential,2,random_shared_stream,30,120,5,54,7.654392242431641,77,0.20984064042568207,0.028555693104863167,0.0007874637376517057,0.0007248245528899133,0.000814309052657336,0.31807908846959804,0.014185372641231635,0.06674591451883316,9.563068866729736
839277350,Std-XY p=27,0,spsa,sequential,2,random_shared_stream,35,120,5,54,7.654392242431641,87,0.8694683313369751,0.11831965297460556,0.013922725804150105,0.013980336487293243,0.01351944636553526,0.2972543922410986,0.013966227856027484,0.25,9.719016313552856
839277350,Std-XY p=27,0,spsa,sequential,2,random_shared_stream,40,120,5,54,7.654392242431641,97,0.8154104948043823,0.11096330732107162,0.012245296500623226,0.012160846032202244,0.012295967899262905,0.27970303452368517,0.013779134410346052,0.22807277739048004,9.866225242614746
839277350,Std-XY p=27,0,spsa,sequential,2,random_shared_stream,45,120,5,54,7.654392242431641,107,0.8252972364425659,0.11230872571468353,0.012336415238678455,0.01176544465124607,0.01259594690054655,0.26466379031894594,0.013616187769422706,0.21842628717422485,10.012918949127197
839277350,Std-XY p=27,0,spsa,sequential,2,random_shared_stream,50,120,5,54,7.654392242431641,117,0.0006502388860099018,8.848630386637524e-05,7.561313353221522e-09,7.561313353221522e-09,7.561313353221522e-09,0.25160043861979314,0.013472060523173781,0.0001636004017200321,10.16803526878357
839277350,Std-XY p=27,0,spsa,sequential,2,random_shared_stream,55,120,5,54,7.654392242431641,127,1.7975751161575317,0.2446189969778061,0.05951012670993805,0.0590997040271759,0.05975637584924698,0.24012322067595798,0.01334299625175472,0.25,10.32948088645935
839277350,Std-XY p=27,0,spsa,sequential,2,random_shared_stream,60,120,5,54,7.654392242431641,137,1.1452900171279907,0.1558542251586914,0.02215803787112236,0.02025877684354782,0.02345753088593483,0.22994132422150454,0.013226249755755135,0.25,10.49337387084961
839277350,Std-XY p=27,0,spsa,sequential,2,random_shared_stream,65,120,5,54,7.654392242431641,147,2.1676204204559326,0.29497578740119934,0.08653329312801361,0.08689135313034058,0.08402681350708008,0.22083289935112985,0.01311975565249048,0.25,10.654595136642456
839277350,Std-XY p=27,0,spsa,sequential,2,random_shared_stream,70,120,5,54,7.654392242431641,157,1.710448145866394,0.23276251554489136,0.04674651101231575,0.045185819268226624,0.048158567398786545,0.21262545297140673,0.013021922119457682,0.25,10.814862728118896
839277350,Std-XY p=27,0,spsa,sequential,2,random_shared_stream,75,120,5,54,7.654392242431641,167,1.0403820276260376,0.1415780633687973,0.019934365525841713,0.020016850903630257,0.019796885550022125,0.20518263408783216,0.01293149713891721,0.21346832811832428,10.975562334060669
839277350,Std-XY p=27,0,spsa,sequential,2,random_shared_stream,80,120,5,54,7.654392242431641,177,1.470069408416748,0.20005111396312714,0.03996555507183075,0.03996555507183075,0.03952636569738388,0.1983950896031376,0.012847478719003411,0.25,11.134739398956299
839277350,Std-XY p=27,0,spsa,sequential,2,random_shared_stream,85,120,5,54,7.654392242431641,187,1.1990575790405273,0.16317106783390045,0.026478707790374756,0.02571173757314682,0.02658827416598797,0.192173989863515,0.012769052840860788,0.23042769730091095,11.29665231704712
839277350,Std-XY p=27,0,spsa,sequential,2,random_shared_stream,90,120,5,54,7.654392242431641,197,0.09784344583749771,0.013314805924892426,0.0001712043595034629,0.00017704087076708674,0.00014785829989705235,0.1864463507844531,0.01269554947299621,0.018242551013827324,11.458041667938232
839277350,Std-XY p=27,0,spsa,sequential,2,random_shared_stream,95,120,5,54,7.654392242431641,207,1.4304530620574951,0.1946600079536438,0.03456588089466095,0.03659304976463318,0.03160308673977852,0.1811515927242975,0.012626410699612943,0.25,11.617652416229248
839277350,Std-XY p=27,0,spsa,sequential,2,random_shared_stream,100,120,5,54,7.654392242431641,217,0.20768333971500397,0.028262123465538025,0.0007593033369630575,0.0007099978975020349,0.0007888865657150745,0.17623896810549974,0.012561167176266359,0.036601897329092026,11.777196645736694
839277350,Std-XY p=27,0,spsa,sequential,2,random_shared_stream,105,120,5,54,7.654392242431641,227,1.9804257154464722,0.26950180530548096,0.0722327008843422,0.06057583913207054,0.06774929165840149,0.1716656104392404,0.01249942043693397,0.25,11.936131954193115
839277350,Std-XY p=27,0,spsa,sequential,2,random_shared_stream,110,120,5,54,7.654392242431641,237,0.685689389705658,0.09331050515174866,0.008599357679486275,0.008121616207063198,0.00869490671902895,0.16739503515016796,0.012440829393713411,0.11478099972009659,12.098151683807373
839277350,Std-XY p=27,0,spsa,sequential,2,random_shared_stream,115,120,5,54,7.654392242431641,247,1.210342288017273,0.16470672190189362,0.027128303423523903,0.027091089636087418,0.027091089636087418,0.1633959737869775,0.012385099893453082,0.197765052318573,12.258708715438843
839277350,Std-XY p=27,0,spsa,sequential,2,random_shared_stream,120,120,5,54,7.654392242431641,257,0.9807135462760925,0.133458212018013,0.017420176416635513,0.01778666116297245,0.01583208329975605,0.15964145757832943,0.012331976538504544,0.15656255185604095,12.421040058135986
839277350,Std-XY p=27,0,spsa,sequential,3,random_shared_stream,1,120,5,54,7.667377948760986,19,0.83492112159729,0.11361837387084961,0.012838303111493587,0.012891425751149654,0.012749762274324894,0.8907940957842201,0.02,0.25,12.754008293151855
839277350,Std-XY p=27,0,spsa,sequential,3,random_shared_stream,5,120,5,54,7.66441535949707,27,0.7615328431129456,0.10363149642944336,0.01068056095391512,0.010724754072725773,0.010606900788843632,0.7579507329627551,0.016999416915812672,0.25,12.887928247451782
839277350,Std-XY p=27,0,spsa,sequential,3,random_shared_stream,10,120,5,54,7.659765243530273,37,0.7240161895751953,0.09852612763643265,0.009374495595693588,0.009694081731140614,0.008628797717392445,0.6489821832052024,0.015850026609609436,0.25,13.049941539764404
839277350,Std-XY p=27,0,spsa,sequential,3,random_shared_stream,15,120,5,54,7.659765243530273,47,0.07796161621809006,0.010609231889247894,0.00010869586549233645,0.00011240141611779109,9.387369937030599e-05,0.5737071228843171,0.015214047873475552,0.044727131724357605,13.210675239562988
839277350,Std-XY p=27,0,spsa,sequential,3,random_shared_stream,20,120,5,54,7.659765243530273,57,0.44137123227119446,0.06006301939487457,0.003528387751430273,0.0034838500432670116,0.0035630282945930958,0.5179298493250258,0.014778350620464044,0.22859935462474823,13.370873928070068
839277350,Std-XY p=27,0,spsa,sequential,3,random_shared_stream,25,120,5,54,7.659765243530273,67,0.5289133787155151,0.07197599858045578,0.0050668418407440186,0.005116587039083242,0.00500288512557745,0.4745847623322022,0.014449008773880907,0.25,13.531320095062256
839277350,Std-XY p=27,0,spsa,sequential,3,random_shared_stream,30,120,5,54,7.659765243530273,77,1.1396112442016602,0.15508145093917847,0.023753341287374496,0.02401726506650448,0.023225488141179085,0.4397189225304603,0.014185372641231635,0.25,13.69435429573059
839277350,Std-XY p=27,0,spsa,sequential,3,random_shared_stream,35,120,5,54,7.659076690673828,87,0.8051143884658813,0.10956218838691711,0.011938009411096573,0.011592217721045017,0.010670109651982784,0.41093044406845936,0.013966227856027484,0.25,13.854186773300171
839277350,Std-XY p=27,0,spsa,sequential,3,random_shared_stream,40,120,5,54,7.658152103424072,97,0.6230331063270569,0.08478406816720963,0.0069418251514434814,0.006705171894282103,0.007099593058228493,0.386667094529889,0.013779134410346052,0.24090641736984253,14.014832496643066
839277350,Std-XY p=27,0,spsa,sequential,3,random_shared_stream,45,120,5,54,7.658152103424072,107,0.3587353825569153,0.048817701637744904,0.0023308624513447285,0.002353746211156249,0.0019876081496477127,0.3658765411829264,0.013616187769422706,0.13125286996364594,14.175161600112915
839277350,Std-XY p=27,0,spsa,sequential,3,random_shared_stream,50,120,5,54,7.658152103424072,117,0.8867957592010498,0.12067762017250061,0.01448318175971508,0.013584225438535213,0.014383296482264996,0.3478175013339834,0.013472060523173781,0.25,14.334968566894531
839277350,Std-XY p=27,0,spsa,sequential,3,random_shared_stream,55,120,5,54,7.658152103424072,127,0.20536214113235474,0.027946246787905693,0.0007767074275761843,0.0007542097009718418,0.0007799214799888432,0.3319511646559191,0.01334299625175472,0.0681702047586441,14.496100664138794
839277350,Std-XY p=27,0,spsa,sequential,3,random_shared_stream,60,120,5,54,7.658152103424072,137,1.543213963508606,0.21000482141971588,0.04386003315448761,0.043557554483413696,0.0411376915872097,0.31787550642949997,0.013226249755755135,0.25,14.659840106964111
839277350,Std-XY p=27,0,spsa,sequential,3,random_shared_stream,65,120,5,54,7.658152103424072,147,0.3094120919704437,0.04210565239191055,0.0017704539932310581,0.0017704539932310581,0.0017509983154013753,0.305283836888377,0.01311975565249048,0.09445851296186447,14.818676233291626
839277350,Std-XY p=27,0,spsa,sequential,3,random_shared_stream,70,120,5,54,7.657710075378418,157,0.016414275392889977,0.002233699895441532,4.982570317224599e-06,4.9278173719358165e-06,4.98257077197195e-06,0.29393769811458165,0.013021922119457682,0.004824774339795113,14.981593608856201
839277350,Std-XY p=27,0,spsa,sequential,3,random_shared_stream,75,120,5,54,7.657556533813477,167,2.415409803390503,0.3286956548690796,0.1027054712176323,0.10077881813049316,0.104335717856884,0.28364859575384105,0.01293149713891721,0.25,15.140261173248291
839277350,Std-XY p=27,0,spsa,sequential,3,random_shared_stream,80,120,5,54,7.657556533813477,177,0.6506216526031494,0.08853839337825775,0.00782829336822033,0.0077422684989869595,0.007828294299542904,0.2742653578874425,0.012847478719003411,0.17844298481941223,15.298635482788086
839277350,Std-XY p=27,0,spsa,sequential,3,random_shared_stream,85,120,5,54,7.657556533813477,187,0.4177972674369812,0.056855008006095886,0.0030728632118552923,0.003121637972071767,0.0030152187682688236,0.26566518461725647,0.012769052840860788,0.11099418252706528,15.462329626083374
839277350,Std-XY p=27,0,spsa,sequential,3,random_shared_stream,90,120,5,54,7.657556533813477,197,0.2608238458633423,0.035493627190589905,0.0012580694165080786,0.0012442446313798428,0.0012580694165080786,0.25774718127850765,0.01269554947299621,0.0672266036272049,15.624973058700562
839277350,Std-XY p=27,0,spsa,sequential,3,random_shared_stream,95,120,5,54,7.657556533813477,207,0.6503573060035706,0.0885024219751358,0.007735978811979294,0.007821934297680855,0.007564067840576172,0.25042760135744785,0.012626410699612943,0.16286742687225342,15.786665201187134
839277350,Std-XY p=27,0,spsa,sequential,3,random_shared_stream,100,120,5,54,7.657556533813477,217,0.46753162145614624,0.06362299621105194,0.003598120529204607,0.0037758054677397013,0.0033760142978280783,0.24363629038328788,0.012561167176266359,0.11390767991542816,15.948819875717163
839277350,Std-XY p=27,0,spsa,sequential,3,random_shared_stream,105,120,5,54,7.657465934753418,227,0.1435314565896988,0.019532157108187675,0.0003767952148336917,0.0003809818590525538,0.000368422013707459,0.2373139888606394,0.01249942043693397,0.03406202048063278,16.111018657684326
839277350,Std-XY p=27,0,spsa,sequential,3,random_shared_stream,110,120,5,54,7.657465934753418,237,0.08182080835103989,0.011134401895105839,0.0001232946669915691,0.00011019991507055238,0.00011972337233601138,0.23141025977951302,0.012440829393713411,0.018934175372123718,16.27157759666443
839277350,Std-XY p=27,0,spsa,sequential,3,random_shared_stream,115,120,5,54,7.657465934753418,247,1.2249128818511963,0.16668951511383057,0.027442369610071182,0.026832537725567818,0.02774728462100029,0.2258818770046002,0.012385099893453082,0.25,16.433696508407593
839277350,Std-XY p=27,0,spsa,sequential,3,random_shared_stream,120,120,5,54,7.657465934753418,257,0.2611258029937744,0.03553472086787224,0.0012471273075789213,0.0011224146001040936,0.0012471273075789213,0.2206915583645627,0.012331976538504544,0.05762825906276703,16.59295105934143
839277350,Std-XY p=27,0,spsa,sequential,4,continuation,1,120,5,54,0.06397917866706848,19,55.316829681396484,7.527667045593262,53.867462158203125,52.85696029663086,54.722503662109375,0.006960164987431458,0.02,0.25,16.91768527030945
839277350,Std-XY p=27,0,spsa,sequential,4,continuation,5,120,5,54,0.06397917866706848,27,90.99353790283203,12.382652282714844,151.43711853027344,148.07183837890625,153.1197509765625,0.005922201526404449,0.016999416915812672,0.25,17.043946027755737
839277350,Std-XY p=27,0,spsa,sequential,4,continuation,10,120,5,54,0.06397917866706848,37,266.8987731933594,36.3203239440918,1290.2130126953125,1302.8797607421875,1273.9268798828125,0.005070782451734896,0.015850026609609436,0.25,17.20859718322754
839277350,Std-XY p=27,0,spsa,sequential,4,continuation,15,120,5,54,0.06397917866706848,47,325.55975341796875,44.303070068359375,1919.68359375,1895.4520263671875,1938.5303955078125,0.004482625388557494,0.015214047873475552,0.25,17.373342990875244
839277350,Std-XY p=27,0,spsa,sequential,4,continuation,20,120,5,54,0.06397917866706848,57,870.8878173828125,118.51282501220703,13871.892578125,10789.2490234375,13101.23046875,0.004046813085401182,0.014778350620464044,0.25,17.53517746925354
839277350,Std-XY p=27,0,spsa,sequential,4,continuation,25,120,5,54,0.06397917866706848,67,300.2784118652344,40.86271667480469,1523.1707763671875,1612.49951171875,1392.61328125,0.0037081389088519687,0.014449008773880907,0.25,17.697337865829468
839277350,Std-XY p=27,0,spsa,sequential,4,continuation,30,120,5,54,0.06397917866706848,77,44.34306716918945,6.034326553344727,35.963558197021484,36.36315155029297,33.965579986572266,0.0034357168097451716,0.014185372641231635,0.15235021710395813,17.859525680541992
839277350,Std-XY p=27,0,spsa,sequential,4,continuation,35,120,5,54,0.06397917866706848,87,230.72296142578125,31.39742088317871,964.1616821289062,951.9913330078125,973.6276245117188,0.0032107798004172828,0.013966227856027484,0.25,18.017311811447144
839277350,Std-XY p=27,0,spsa,sequential,4,continuation,40,120,5,54,0.06397917866706848,97,400.5362854003906,54.50608444213867,2966.837890625,2966.837890625,2966.837890625,0.0030211996081647777,0.013779134410346052,0.25,18.179933309555054
839277350,Std-XY p=27,0,spsa,sequential,4,continuation,45,120,5,54,0.06397917866706848,107,234.81211853027344,31.953882217407227,952.4202880859375,1019.6500244140625,705.9115600585938,0.0028587538957833302,0.013616187769422706,0.25,18.339205980300903
839277350,Std-XY p=27,0,spsa,sequential,4,continuation,50,120,5,54,0.06397917866706848,117,60.17544174194336,8.188840866088867,67.05711364746094,66.229248046875,66.229248046875,0.0027176506964490484,0.013472060523173781,0.16353583335876465,18.50107741355896
839277350,Std-XY p=27,0,spsa,sequential,4,continuation,55,120,5,54,0.06397917866706848,127,355.1250915527344,48.32640838623047,2332.23779296875,2332.23779296875,2306.60888671875,0.0025936800487448303,0.01334299625175472,0.25,18.66389751434326
839277350,Std-XY p=27,0,spsa,sequential,4,continuation,60,120,5,54,0.06397917866706848,137,10.703679084777832,1.456586241722107,2.110002279281616,1.979036569595337,2.0954504013061523,0.002483700757204594,0.013226249755755135,0.02658473700284958,18.82459259033203
839277350,Std-XY p=27,0,spsa,sequential,4,continuation,65,120,5,54,0.06397917866706848,147,421.2165222167969,57.320308685302734,3267.589599609375,3245.054443359375,3281.11083984375,0.002385316520164634,0.01311975565249048,0.25,18.98746395111084
839277350,Std-XY p=27,0,spsa,sequential,4,continuation,70,120,5,54,0.06397917866706848,157,79.20317840576172,10.778186798095703,113.61965942382812,108.36096954345703,116.00997161865234,0.0022966641613202643,0.013021922119457682,0.18190309405326843,19.150493144989014
839277350,Std-XY p=27,0,spsa,sequential,4,continuation,75,120,5,54,0.06397917866706848,167,178.18292236328125,24.24762725830078,580.688720703125,580.688720703125,580.688720703125,0.002216270891604799,0.01293149713891721,0.25,19.313236236572266
839277350,Std-XY p=27,0,spsa,sequential,4,continuation,80,120,5,54,0.06397917866706848,177,177.7349395751953,24.186664581298828,577.7725219726562,577.7725219726562,519.9952392578125,0.002142955538510824,0.012847478719003411,0.25,19.471562147140503
839277350,Std-XY p=27,0,spsa,sequential,4,continuation,85,120,5,54,0.06397917866706848,187,601.90380859375,81.90873718261719,6672.22900390625,6699.83837890625,6626.21337890625,0.0020757586125721805,0.012769052840860788,0.25,19.631572484970093
839277350,Std-XY p=27,0,spsa,sequential,4,continuation,90,120,5,54,0.06397917866706848,197,295.17889404296875,40.16875457763672,1613.529052734375,1611.3157958984375,1611.3157958984375,0.0020138917795189063,0.01269554947299621,0.25,19.791435718536377
839277350,Std-XY p=27,0,spsa,sequential,4,continuation,95,120,5,54,0.06397917866706848,207,334.03778076171875,45.456783294677734,2066.319091796875,2040.808837890625,2040.80908203125,0.001956700691106475,0.012626410699612943,0.25,19.9547336101532
839277350,Std-XY p=27,0,spsa,sequential,4,continuation,100,120,5,54,0.06397917866706848,217,299.2658386230469,40.72492218017578,1649.4189453125,1656.2442626953125,1638.043701171875,0.0019036371996836974,0.012561167176266359,0.25,20.11547064781189
839277350,Std-XY p=27,0,spsa,sequential,4,continuation,105,120,5,54,0.06397917866706848,227,410.01104736328125,55.79543685913086,3074.697021484375,3108.860595703125,3006.370361328125,0.0018542382848209052,0.01249942043693397,0.25,20.27509379386902
839277350,Std-XY p=27,0,spsa,sequential,4,continuation,110,120,5,54,0.06397917866706848,237,360.5313720703125,49.062103271484375,2354.259521484375,2324.54248046875,2377.372802734375,0.0018081098600365427,0.012440829393713411,0.25,20.435956478118896
839277350,Std-XY p=27,0,spsa,sequential,4,continuation,115,120,5,54,0.06397917866706848,247,33.391780853271484,4.544045925140381,20.535058975219727,18.354093551635742,19.940248489379883,0.0017649141805757436,0.012385099893453082,0.05893362686038017,20.59768557548523
839277350,Std-XY p=27,0,spsa,sequential,4,continuation,120,120,5,54,0.06397917866706848,257,15.251850128173828,2.0755138397216797,4.301848411560059,4.301848411560059,4.301848411560059,0.001724359944481264,0.012331976538504544,0.026299679651856422,20.76213026046753
839277350,Std-XY p=28,0,spsa,sequential,0,deterministic_linear_ramp,1,120,5,56,12.942422866821289,19,426.8116760253906,57.03511428833008,3236.406982421875,3236.406982421875,3103.631103515625,0.0021500654548544406,0.02,0.25,0.31799912452697754
839277350,Std-XY p=28,0,spsa,sequential,0,deterministic_linear_ramp,5,120,5,56,9.188536643981934,27,111.76160430908203,14.934773445129395,204.83946228027344,167.28555297851562,221.909423828125,0.001829428029594368,0.016999416915812672,0.20445981621742249,0.45697832107543945
839277350,Std-XY p=28,0,spsa,sequential,0,deterministic_linear_ramp,10,120,5,56,8.164426803588867,37,36.96821212768555,4.940085411071777,23.626237869262695,22.412242889404297,24.27992820739746,0.0015664160545396366,0.015850026609609436,0.0579075962305069,0.6243178844451904
839277350,Std-XY p=28,0,spsa,sequential,0,deterministic_linear_ramp,15,120,5,56,7.937644958496094,47,53.699398040771484,7.175884246826172,50.90218734741211,47.289772033691406,51.23058319091797,0.001384728381064953,0.015214047873475552,0.07435907423496246,0.7918848991394043
839277350,Std-XY p=28,0,spsa,sequential,0,deterministic_linear_ramp,20,120,5,56,7.786237716674805,57,26.467208862304688,3.536829710006714,11.934762954711914,11.488006591796875,12.253874778747559,0.0012501015468578613,0.014778350620464044,0.03308669850230217,0.9591906070709229
839277350,Std-XY p=28,0,spsa,sequential,0,deterministic_linear_ramp,25,120,5,56,7.336514472961426,67,49.472198486328125,6.611001014709473,40.97374725341797,40.137550354003906,41.698455810546875,0.0011454816637423526,0.014449008773880907,0.05666949972510338,1.1234419345855713
839277350,Std-XY p=28,0,spsa,sequential,0,deterministic_linear_ramp,30,120,5,56,7.256957054138184,77,48.922088623046875,6.53748893737793,37.28738784790039,39.249881744384766,34.8887825012207,0.0010613277183278186,0.014185372641231635,0.05192236974835396,1.2935855388641357
839277350,Std-XY p=28,0,spsa,sequential,0,deterministic_linear_ramp,35,120,5,56,7.065658092498779,87,131.2635040283203,17.54082489013672,297.86932373046875,293.5523376464844,301.4013366699219,0.0009918423980591908,0.013966227856027484,0.13019271194934845,1.4604623317718506
839277350,Std-XY p=28,0,spsa,sequential,0,deterministic_linear_ramp,40,120,5,56,6.3137526512146,97,219.45773315429688,29.32627296447754,860.0302734375,855.6423950195312,855.6423950195312,0.0009332791566672369,0.013779134410346052,0.2048153281211853,1.628617525100708
839277350,Std-XY p=28,0,spsa,sequential,0,deterministic_linear_ramp,45,120,5,56,6.3137526512146,107,82.00398254394531,10.958243370056152,117.6324234008789,119.47042083740234,114.56908416748047,0.000883098030916443,0.013616187769422706,0.07241755723953247,1.7932660579681396
839277350,Std-XY p=28,0,spsa,sequential,0,deterministic_linear_ramp,50,120,5,56,6.3137526512146,117,145.65003967285156,19.463308334350586,374.4715881347656,361.42547607421875,309.24102783203125,0.0008395098235957948,0.013472060523173781,0.12227465212345123,1.9582087993621826
839277350,Std-XY p=28,0,spsa,sequential,0,deterministic_linear_ramp,55,120,5,56,6.175130844116211,127,211.5795440673828,28.273508071899414,799.3911743164062,783.0770874023438,783.0770263671875,0.0008012140349864599,0.01334299625175472,0.16952049732208252,2.122683525085449
839277350,Std-XY p=28,0,spsa,sequential,0,deterministic_linear_ramp,60,120,5,56,6.175130844116211,137,100.63727569580078,13.448223114013672,178.77853393554688,177.1637725830078,157.78646850585938,0.0007672403179959823,0.013226249755755135,0.07721296697854996,2.2879767417907715
839277350,Std-XY p=28,0,spsa,sequential,0,deterministic_linear_ramp,65,120,5,56,6.175130844116211,147,56.000728607177734,7.48341178894043,55.930023193359375,55.71573257446289,54.85857009887695,0.0007368484307714969,0.01311975565249048,0.04126404598355293,2.4546637535095215
839277350,Std-XY p=28,0,spsa,sequential,0,deterministic_linear_ramp,70,120,5,56,6.175130844116211,157,158.85789489746094,21.228281021118164,429.9471740722656,448.3406066894531,393.1603088378906,0.000709462819282856,0.013021922119457682,0.11270377039909363,2.620920181274414
839277350,Std-XY p=28,0,spsa,sequential,0,deterministic_linear_ramp,75,120,5,56,6.175130844116211,167,72.89904022216797,9.741544723510742,94.77662658691406,94.41350555419922,92.96098327636719,0.0006846285240714423,0.01293149713891721,0.04990875720977783,2.77962064743042
839277350,Std-XY p=28,0,spsa,sequential,0,deterministic_linear_ramp,80,120,5,56,5.860832691192627,177,7.45536994934082,0.996265709400177,0.9912794232368469,0.9874814748764038,0.9925454258918762,0.0006619806689871934,0.012847478719003411,0.004935310687869787,2.9459617137908936
839277350,Std-XY p=28,0,spsa,sequential,0,deterministic_linear_ramp,85,120,5,56,5.860832691192627,187,66.45173645019531,8.879987716674805,78.85416412353516,78.45184326171875,78.45184326171875,0.0006412228580166224,0.012769052840860788,0.042610373347997665,3.113812208175659
839277350,Std-XY p=28,0,spsa,sequential,0,deterministic_linear_ramp,90,120,5,56,5.779694080352783,197,103.71578979492188,13.85960578918457,188.16847229003906,183.2682647705078,191.10861206054688,0.0006221115667197503,0.01269554947299621,0.06452278792858124,3.280043601989746
839277350,Std-XY p=28,0,spsa,sequential,0,deterministic_linear_ramp,95,120,5,56,5.502942085266113,207,50.2674560546875,6.717271327972412,42.30162811279297,44.89152145385742,36.834068298339844,0.000604444660296822,0.012626410699612943,0.030383894219994545,3.4474587440490723
839277350,Std-XY p=28,0,spsa,sequential,0,deterministic_linear_ramp,100,120,5,56,5.502942085266113,217,128.09642028808594,17.117605209350586,291.51739501953125,291.5173645019531,291.51739501953125,0.0005880528103869274,0.012561167176266359,0.07532745599746704,3.613980531692505
839277350,Std-XY p=28,0,spsa,sequential,0,deterministic_linear_ramp,105,120,5,56,5.502942085266113,227,103.2646255493164,13.799317359924316,181.6772918701172,174.8765411376953,186.5349884033203,0.0005727929852900255,0.01249942043693397,0.05914926156401634,3.779296398162842
839277350,Std-XY p=28,0,spsa,sequential,0,deterministic_linear_ramp,110,120,5,56,5.502942085266113,237,130.68310546875,17.46326446533203,298.7417907714844,248.9515380859375,298.7418518066406,0.0005585434477007865,0.012440829393713411,0.07299219071865082,3.9421889781951904
839277350,Std-XY p=28,0,spsa,sequential,0,deterministic_linear_ramp,115,120,5,56,5.428285598754883,247,207.6269989013672,27.74532699584961,760.9660034179688,765.8754272460938,754.0927734375,0.0005451998648438659,0.012385099893453082,0.11319820582866669,4.109054803848267
839277350,Std-XY p=28,0,spsa,sequential,0,deterministic_linear_ramp,120,120,5,56,5.408246994018555,257,79.95841217041016,10.684893608093262,112.85633850097656,111.83698272705078,113.5844497680664,0.0005326722505944615,0.012331976538504544,0.042591627687215805,4.272196054458618
839277350,Std-XY p=28,0,spsa,sequential,1,random_shared_stream,1,120,5,56,7.663992881774902,19,0.6171413660049438,0.08246898651123047,0.006801134441047907,0.006488836836069822,0.006488836370408535,0.449411753518359,0.02,0.25,4.620617628097534
839277350,Std-XY p=28,0,spsa,sequential,1,random_shared_stream,5,120,5,56,7.656398773193359,27,0.6722320914268494,0.08983079344034195,0.00790488626807928,0.007904885336756706,0.00790488626807928,0.3823913624858933,0.016999416915812672,0.25,4.75355339050293
839277350,Std-XY p=28,0,spsa,sequential,1,random_shared_stream,10,120,5,56,7.656398773193359,37,1.015675663948059,0.13572537899017334,0.018209906294941902,0.01691759191453457,0.018327388912439346,0.32741597899754454,0.015850026609609436,0.25,4.9234888553619385
839277350,Std-XY p=28,0,spsa,sequential,1,random_shared_stream,15,120,5,56,7.656398773193359,47,0.04151380434632301,0.005547515582293272,3.0146868084557354e-05,2.684955506992992e-05,3.0617917218478397e-05,0.2894391928747907,0.015214047873475552,0.012015722692012787,5.08891749382019
839277350,Std-XY p=28,0,spsa,sequential,1,random_shared_stream,20,120,5,56,7.656398773193359,57,0.6728173494338989,0.08990900218486786,0.00807331781834364,0.008042385801672935,0.007918656803667545,0.26129917439533906,0.014778350620464044,0.17580661177635193,5.2561705112457275
839277350,Std-XY p=28,0,spsa,sequential,1,random_shared_stream,25,120,5,56,7.656398773193359,67,0.7379155158996582,0.0986081063747406,0.009673950262367725,0.009673948399722576,0.009673948399722576,0.23943127962140548,0.014449008773880907,0.1766800582408905,5.424582004547119
839277350,Std-XY p=28,0,spsa,sequential,1,random_shared_stream,30,120,5,56,7.656398773193359,77,0.2621145248413086,0.03502652794122696,0.0011001031380146742,0.0011267057852819562,0.0010703705484047532,0.22184122342621196,0.014185372641231635,0.05814780294895172,5.588567495346069
839277350,Std-XY p=28,0,spsa,sequential,1,random_shared_stream,35,120,5,56,7.656398773193359,87,1.340590238571167,0.17914392054080963,0.03205160051584244,0.032092537730932236,0.03192880004644394,0.20731723786325942,0.013966227856027484,0.25,5.755303382873535
839277350,Std-XY p=28,0,spsa,sequential,1,random_shared_stream,40,120,5,56,7.656398773193359,97,0.4774031937122345,0.06379568576812744,0.003986830357462168,0.004049124661833048,0.003550770925357938,0.19507621099300598,0.013779134410346052,0.09313000738620758,5.921616792678833
839277350,Std-XY p=28,0,spsa,sequential,1,random_shared_stream,45,120,5,56,7.656398773193359,107,1.760550856590271,0.23526351153850555,0.05471353977918625,0.05421934276819229,0.05506652221083641,0.18458723370802546,0.013616187769422706,0.25,6.086966276168823
839277350,Std-XY p=28,0,spsa,sequential,1,random_shared_stream,50,120,5,56,7.656398773193359,117,1.4174429178237915,0.18941380083560944,0.035831816494464874,0.03514538332819939,0.035694532096385956,0.17547632378643868,0.013472060523173781,0.2487276941537857,6.254313230514526
839277350,Std-XY p=28,0,spsa,sequential,1,random_shared_stream,55,120,5,56,7.6558451652526855,127,0.8182032108306885,0.10933700948953629,0.011893588118255138,0.01195458136498928,0.011710609309375286,0.16747164770905165,0.01334299625175472,0.137025848031044,6.41826319694519
839277350,Std-XY p=28,0,spsa,sequential,1,random_shared_stream,60,120,5,56,7.6558451652526855,137,0.20112913846969604,0.026877012103796005,0.000677225471008569,0.0006634044693782926,0.0006892035598866642,0.16037038123748712,0.013226249755755135,0.032255157828330994,6.585890769958496
839277350,Std-XY p=28,0,spsa,sequential,1,random_shared_stream,65,120,5,56,7.65480899810791,147,2.5544443130493164,0.34135201573371887,0.11414320021867752,0.11592668294906616,0.11117071658372879,0.15401779727338039,0.01311975565249048,0.25,6.751333236694336
839277350,Std-XY p=28,0,spsa,sequential,1,random_shared_stream,70,120,5,56,7.65480899810791,157,0.9068832993507385,0.12118737399578094,0.014012004248797894,0.014012004248797894,0.014012004248797894,0.14829359215558044,0.013021922119457682,0.13448499143123627,6.916881799697876
839277350,Std-XY p=28,0,spsa,sequential,1,random_shared_stream,75,120,5,56,7.65480899810791,167,0.7022683620452881,0.09384455531835556,0.008761868812143803,0.008087878115475178,0.008627070114016533,0.14310266918476808,0.01293149713891721,0.10049647837877274,7.083827972412109
839277350,Std-XY p=28,0,spsa,sequential,1,random_shared_stream,80,120,5,56,7.65480899810791,177,0.5567398071289062,0.0743974894285202,0.005471447017043829,0.005506746470928192,0.005422027315944433,0.13836876108729063,0.012847478719003411,0.07703539729118347,7.249531984329224
839277350,Std-XY p=28,0,spsa,sequential,1,random_shared_stream,85,120,5,56,7.65480899810791,187,1.1259074211120605,0.15045571327209473,0.02263692207634449,0.021597472950816154,0.021597472950816154,0.1340299144691915,0.012769052840860788,0.1509052813053131,7.413860082626343
839277350,Std-XY p=28,0,spsa,sequential,1,random_shared_stream,90,120,5,56,7.65480899810791,197,0.03499305993318558,0.004676144570112228,2.1615309378830716e-05,1.785006134014111e-05,2.086226231767796e-05,0.13003522727753627,0.01269554947299621,0.004550330340862274,7.577690362930298
839277350,Std-XY p=28,0,spsa,sequential,1,random_shared_stream,95,120,5,56,7.65480899810791,207,0.7350630164146423,0.09822692722082138,0.009599301032721996,0.009205483831465244,0.009599302895367146,0.1263424488196309,0.012626410699612943,0.09286966174840927,7.7435266971588135
839277350,Std-XY p=28,0,spsa,sequential,1,random_shared_stream,100,120,5,56,7.65480899810791,217,0.7263815999031067,0.09706683456897736,0.00883309543132782,0.009373897686600685,0.007691402453929186,0.12291618568202135,0.012561167176266359,0.08928405493497849,7.910271644592285
839277350,Std-XY p=28,0,spsa,sequential,1,random_shared_stream,105,120,5,56,7.65480899810791,227,0.017699701711535454,0.0023652222007513046,5.587140094576171e-06,5.480107120092725e-06,5.565733772527892e-06,0.1197265410413439,0.01249942043693397,0.0021191241685301065,8.079248189926147
839277350,Std-XY p=28,0,spsa,sequential,1,random_shared_stream,110,120,5,56,7.65480899810791,237,0.38190552592277527,0.05103427544236183,0.0026044968981295824,0.002551343757659197,0.0025513439904898405,0.11674806907885234,0.012440829393713411,0.04458673670887947,8.24556040763855
839277350,Std-XY p=28,0,spsa,sequential,1,random_shared_stream,115,120,5,56,7.65480899810791,247,0.8512332439422607,0.11375083029270172,0.012922747060656548,0.012675182893872261,0.012873232364654541,0.11395896191171626,0.012385099893453082,0.09700565785169601,8.412762880325317
839277350,Std-XY p=28,0,spsa,sequential,1,random_shared_stream,120,120,5,56,7.65480899810791,257,0.6888102293014526,0.09204614907503128,0.00847249198704958,0.007780860643833876,0.007780860178172588,0.11134041042784641,0.012331976538504544,0.07669241726398468,8.57801103591919
839277350,Std-XY p=28,0,spsa,sequential,2,random_shared_stream,1,120,5,56,7.6641411781311035,19,0.8354335427284241,0.11163950711488724,0.012209022417664528,0.01239978987723589,0.011891080066561699,0.4806536255082635,0.02,0.25,8.922689199447632
839277350,Std-XY p=28,0,spsa,sequential,2,random_shared_stream,5,120,5,56,7.661985397338867,27,0.010075610131025314,0.0013464100193232298,1.8105075696439599e-06,1.812819732549542e-06,1.8035708535535377e-06,0.4089741607845618,0.016999416915812672,0.004120664205402136,9.054837942123413
839277350,Std-XY p=28,0,spsa,sequential,2,random_shared_stream,10,120,5,56,7.6619486808776855,37,0.8744063973426819,0.11684747785329819,0.013374692760407925,0.012538773939013481,0.013653331436216831,0.35017703947985057,0.015850026609609436,0.25,9.222165822982788
839277350,Std-XY p=28,0,spsa,sequential,2,random_shared_stream,15,120,5,56,7.659642696380615,47,2.235295534133911,0.29870396852493286,0.08876880258321762,0.08876881748437881,0.08876881748437881,0.3095602113881307,0.015214047873475552,0.25,9.386049747467041
839277350,Std-XY p=28,0,spsa,sequential,2,random_shared_stream,20,120,5,56,7.659642696380615,57,0.47216734290122986,0.06309601664543152,0.003935405518859625,0.003960795700550079,0.0036561188753694296,0.27946397603574263,0.014778350620464044,0.13195376098155975,9.545694828033447
839277350,Std-XY p=28,0,spsa,sequential,2,random_shared_stream,25,120,5,56,7.659642696380615,67,0.7249501943588257,0.09687554091215134,0.009336988441646099,0.008618758991360664,0.009193343110382557,0.25607588521916586,0.014449008773880907,0.18564225733280182,9.71220064163208
839277350,Std-XY p=28,0,spsa,sequential,2,random_shared_stream,30,120,5,56,7.659642696380615,77,0.3070160746574402,0.041026752442121506,0.0016059045447036624,0.0013740358408540487,0.0016831940738484263,0.23726301658161147,0.014185372641231635,0.07284356653690338,9.880621194839478
839277350,Std-XY p=28,0,spsa,sequential,2,random_shared_stream,35,120,5,56,7.659642696380615,87,0.08150338381528854,0.01089134905487299,0.00011847016139654443,0.00011862146493513137,0.00011801625805674121,0.22172936339383917,0.013966227856027484,0.018071694299578667,10.045838594436646
839277350,Std-XY p=28,0,spsa,sequential,2,random_shared_stream,40,120,5,56,7.659642696380615,97,0.1276700645685196,0.01706063002347946,0.0002910651091951877,0.0002895801153499633,0.00028958008624613285,0.20863737392300516,0.013779134410346052,0.026636747643351555,10.210801839828491
839277350,Std-XY p=28,0,spsa,sequential,2,random_shared_stream,45,120,5,56,7.659642696380615,107,0.7322088479995728,0.09784552454948425,0.009561535902321339,0.008792215958237648,0.009134136140346527,0.19741923171726564,0.013616187769422706,0.1445520967245102,10.376227855682373
839277350,Std-XY p=28,0,spsa,sequential,2,random_shared_stream,50,120,5,56,7.658934593200684,117,0.48086848855018616,0.06425875425338745,0.00410812022164464,0.004108120687305927,0.003939582034945488,0.18767495633682435,0.013472060523173781,0.09024696797132492,10.542835235595703
839277350,Std-XY p=28,0,spsa,sequential,2,random_shared_stream,55,120,5,56,7.658934593200684,127,0.5323202013969421,0.0711342841386795,0.005053631030023098,0.00495681818574667,0.005034268368035555,0.1791138171421011,0.01334299625175472,0.09534589946269989,10.710009336471558
839277350,Std-XY p=28,0,spsa,sequential,2,random_shared_stream,60,120,5,56,7.658934593200684,137,0.24915193021297455,0.03329433128237724,0.001073164283297956,0.0010858896421268582,0.0010576111963018775,0.17151889011018415,0.013226249755755135,0.042734261602163315,10.87730360031128
839277350,Std-XY p=28,0,spsa,sequential,2,random_shared_stream,65,120,5,56,7.658934593200684,147,1.780930757522583,0.23798687756061554,0.056637756526470184,0.05663776025176048,0.05663776025176048,0.16472469193937725,0.01311975565249048,0.25,11.040809869766235
839277350,Std-XY p=28,0,spsa,sequential,2,random_shared_stream,70,120,5,56,7.658934593200684,157,0.8333078026771545,0.11135544627904892,0.012384218163788319,0.012336768209934235,0.012146971188485622,0.15860255578810034,0.013021922119457682,0.13216474652290344,11.208741188049316
839277350,Std-XY p=28,0,spsa,sequential,2,random_shared_stream,75,120,5,56,7.658934593200684,167,0.11851639300584793,0.015837421640753746,0.00024954412947408855,0.0002457049849908799,0.00023034843616187572,0.1530507740954278,0.01293149713891721,0.018139027059078217,11.373895168304443
839277350,Std-XY p=28,0,spsa,sequential,2,random_shared_stream,80,120,5,56,7.657265663146973,177,1.434830665588379,0.1917373239994049,0.0360129252076149,0.0360129289329052,0.0360129252076149,0.14798777769610796,0.012847478719003411,0.2123374044895172,11.543084383010864
839277350,Std-XY p=28,0,spsa,sequential,2,random_shared_stream,85,120,5,56,7.657265663146973,187,0.37474358081817627,0.05007721856236458,0.0024277621414512396,0.0024949333164840937,0.002047124784439802,0.1433473063662267,0.012769052840860788,0.053718484938144684,11.709620475769043
839277350,Std-XY p=28,0,spsa,sequential,2,random_shared_stream,90,120,5,56,7.657265663146973,197,0.39096665382385254,0.0522451214492321,0.0026738473679870367,0.0027295523323118687,0.002506731543689966,0.13907491948179673,0.01269554947299621,0.05437365546822548,11.87750768661499
839277350,Std-XY p=28,0,spsa,sequential,2,random_shared_stream,95,120,5,56,7.657265663146973,207,0.7921497821807861,0.10585547238588333,0.011076747439801693,0.011205379851162434,0.010690847411751747,0.13512542919789713,0.012626410699612943,0.10703957825899124,12.043227195739746
839277350,Std-XY p=28,0,spsa,sequential,2,random_shared_stream,100,120,5,56,7.656712532043457,217,0.4698612093925476,0.06278785318136215,0.003922199364751577,0.003861858043819666,0.003620492061600089,0.13146098164808454,0.012561167176266359,0.061768416315317154,12.208153486251831
839277350,Std-XY p=28,0,spsa,sequential,2,random_shared_stream,105,120,5,56,7.655909538269043,227,1.6455012559890747,0.21988937258720398,0.04828965663909912,0.04736456647515297,0.04810464009642601,0.12804960166386703,0.01249942043693397,0.21070578694343567,12.375223159790039
839277350,Std-XY p=28,0,spsa,sequential,2,random_shared_stream,110,120,5,56,7.655909538269043,237,0.5714958310127258,0.07636934518814087,0.005802520085126162,0.005802520085126162,0.005802520085126162,0.1248640745029985,0.012440829393713411,0.0713592991232872,12.543322563171387
839277350,Std-XY p=28,0,spsa,sequential,2,random_shared_stream,115,120,5,56,7.655909538269043,247,1.4523833990097046,0.19408291578292847,0.03762013092637062,0.037475984543561935,0.037668172270059586,0.12188107625847155,0.012385099893453082,0.17701804637908936,12.710633516311646
839277350,Std-XY p=28,0,spsa,sequential,2,random_shared_stream,120,120,5,56,7.655909538269043,257,1.1799908876419067,0.15768292546272278,0.024737045168876648,0.024356473237276077,0.02486390247941017,0.11908049026033372,0.012331976538504544,0.14051389694213867,12.878198623657227
839277350,Std-XY p=28,0,spsa,sequential,3,random_shared_stream,1,120,5,56,7.664144515991211,19,0.6292736530303955,0.08409024029970169,0.006989992689341307,0.006926857400685549,0.007035089191049337,0.5203447220016498,0.02,0.25,13.224100112915039
839277350,Std-XY p=28,0,spsa,sequential,3,random_shared_stream,5,120,5,56,7.664106369018555,27,0.5111272931098938,0.06830225884914398,0.004641396459192038,0.004641396459192038,0.004641396459192038,0.4427461579516208,0.016999416915812672,0.22629965841770172,13.356890201568604
839277350,Std-XY p=28,0,spsa,sequential,3,random_shared_stream,10,120,5,56,7.662674427032471,37,0.02937951683998108,0.003926002886146307,1.5236560102493968e-05,1.5413499568239786e-05,1.4705737157783005e-05,0.3790937269365733,0.015850026609609436,0.011137590743601322,13.524608373641968
839277350,Std-XY p=28,0,spsa,sequential,3,random_shared_stream,15,120,5,56,7.661243915557861,47,0.2598717510700226,0.0347268208861351,0.0011921083787456155,0.0011075071524828672,0.001199799356982112,0.3351228693369328,0.015214047873475552,0.08708895742893219,13.688773393630981
839277350,Std-XY p=28,0,spsa,sequential,3,random_shared_stream,20,120,5,56,7.65885066986084,57,0.12797170877456665,0.017100941389799118,0.0002890850300900638,0.0002909500617533922,0.00026856930344365537,0.3025413670104402,0.014778350620464044,0.03871673718094826,13.854576110839844
839277350,Std-XY p=28,0,spsa,sequential,3,random_shared_stream,25,120,5,56,7.65885066986084,67,2.2332563400268555,0.2984314560890198,0.08724374324083328,0.08179100602865219,0.08906131982803345,0.27722194993284704,0.014449008773880907,0.25,14.020636320114136
839277350,Std-XY p=28,0,spsa,sequential,3,random_shared_stream,30,120,5,56,7.65885066986084,77,1.139015793800354,0.1522074043750763,0.022694293409585953,0.022694291546940804,0.022694291546940804,0.25685556469876025,0.014185372641231635,0.25,14.18691086769104
839277350,Std-XY p=28,0,spsa,sequential,3,random_shared_stream,35,120,5,56,7.65885066986084,87,0.059402938932180405,0.007938052527606487,6.301265966612846e-05,6.269117147894576e-05,6.269117147894576e-05,0.24003918379429026,0.013966227856027484,0.014259031973779202,14.353835344314575
839277350,Std-XY p=28,0,spsa,sequential,3,random_shared_stream,40,120,5,56,7.65885066986084,97,0.9097464084625244,0.12156997621059418,0.01470385491847992,0.014779259450733662,0.014477641321718693,0.22586609269475685,0.013779134410346052,0.20548085868358612,14.519939184188843
839277350,Std-XY p=28,0,spsa,sequential,3,random_shared_stream,45,120,5,56,7.657293319702148,107,0.5648804903030396,0.07548533380031586,0.00563262403011322,0.005698035471141338,0.005436391104012728,0.21372158617772413,0.013616187769422706,0.12072715908288956,14.68808364868164
839277350,Std-XY p=28,0,spsa,sequential,3,random_shared_stream,50,120,5,56,7.657293319702148,117,0.526425838470459,0.07034661620855331,0.004942332860082388,0.004923397209495306,0.004847652744501829,0.20317265448375926,0.013472060523173781,0.10695532709360123,14.853031873703003
839277350,Std-XY p=28,0,spsa,sequential,3,random_shared_stream,55,120,5,56,7.657293319702148,127,0.24336165189743042,0.03252057358622551,0.0010562385432422161,0.0009226910187862813,0.0009712538449093699,0.19390455921123306,0.01334299625175472,0.04718893766403198,15.020290851593018
839277350,Std-XY p=28,0,spsa,sequential,3,random_shared_stream,60,120,5,56,7.657293319702148,137,0.3098548948764801,0.04140610620379448,0.0017144654411822557,0.0016357398126274347,0.0016357398126274347,0.18568246332905464,0.013226249755755135,0.05753462016582489,15.184567928314209
839277350,Std-XY p=28,0,spsa,sequential,3,random_shared_stream,65,120,5,56,7.657293319702148,147,1.729526400566101,0.23111769556999207,0.05171208828687668,0.04905494302511215,0.05314285680651665,0.17832721836512822,0.01311975565249048,0.25,15.352264881134033
839277350,Std-XY p=28,0,spsa,sequential,3,random_shared_stream,70,120,5,56,7.657293319702148,157,3.3618664741516113,0.449248343706131,0.20079433917999268,0.20079433917999268,0.20079432427883148,0.17169953251271458,0.013021922119457682,0.25,15.518564224243164
839277350,Std-XY p=28,0,spsa,sequential,3,random_shared_stream,75,120,5,56,7.657293319702148,167,0.31360626220703125,0.041907403618097305,0.0016755870310589671,0.0016755869146436453,0.0016755869146436453,0.16568929947133731,0.01293149713891721,0.051961205899715424,15.683647871017456
839277350,Std-XY p=28,0,spsa,sequential,3,random_shared_stream,80,120,5,56,7.657293319702148,177,0.1428997963666916,0.019095787778496742,0.0003269749286118895,0.000334881799062714,0.0003181377542205155,0.16020821431128343,0.012847478719003411,0.022893719375133514,15.851073741912842
839277350,Std-XY p=28,0,spsa,sequential,3,random_shared_stream,85,120,5,56,7.657293319702148,187,0.5788824558258057,0.07735642790794373,0.005915322341024876,0.005861892830580473,0.0059534842148423195,0.155184545215788,0.012769052840860788,0.08983361721038818,16.019933938980103
839277350,Std-XY p=28,0,spsa,sequential,3,random_shared_stream,90,120,5,56,7.657293319702148,197,0.9504340887069702,0.12700709700584412,0.015616427175700665,0.015801602974534035,0.015390102751553059,0.15055935599910128,0.01269554947299621,0.14309674501419067,16.183917760849
839277350,Std-XY p=28,0,spsa,sequential,3,random_shared_stream,95,120,5,56,7.657293319702148,207,0.38689014315605164,0.051700372248888016,0.0025501917116343975,0.0026729279197752476,0.0021819821558892727,0.14628372732439648,0.012626410699612943,0.056595731526613235,16.34464740753174
839277350,Std-XY p=28,0,spsa,sequential,3,random_shared_stream,100,120,5,56,7.653026580810547,217,1.4952325820922852,0.19980886578559875,0.03910881280899048,0.03910881280899048,0.03910880908370018,0.14231667945373794,0.012561167176266359,0.21279653906822205,16.509448528289795
839277350,Std-XY p=28,0,spsa,sequential,3,random_shared_stream,105,120,5,56,7.651876926422119,227,0.8597201704978943,0.11488494277000427,0.013131209649145603,0.013131211511790752,0.013131210580468178,0.13862359679436428,0.01249942043693397,0.11917749792337418,16.68103003501892
839277350,Std-XY p=28,0,spsa,sequential,3,random_shared_stream,110,120,5,56,7.651876926422119,237,0.692535400390625,0.09254394471645355,0.00817111786454916,0.008520684204995632,0.007471985183656216,0.13517501728308304,0.012440829393713411,0.09361348301172256,16.850993394851685
839277350,Std-XY p=28,0,spsa,sequential,3,random_shared_stream,115,120,5,56,7.651876926422119,247,0.05229271948337555,0.006987908389419317,4.783430995303206e-05,4.658862962969579e-05,4.858172542299144e-05,0.13194569098675388,0.012385099893453082,0.006899798754602671,17.018481731414795
839277350,Std-XY p=28,0,spsa,sequential,3,random_shared_stream,120,120,5,56,7.651876926422119,257,0.5134609937667847,0.06861411035060883,0.004707895684987307,0.004491717554628849,0.004491717088967562,0.12891384005438702,0.012331976538504544,0.06619222462177277,17.183640718460083
839277350,Std-XY p=28,0,spsa,sequential,4,continuation,1,120,5,56,0.06397926807403564,19,131.8595428466797,17.620473861694336,308.8969421386719,270.8788757324219,296.2242126464844,0.004868317041941748,0.02,0.25,17.531781435012817
839277350,Std-XY p=28,0,spsa,sequential,4,continuation,5,120,5,56,0.06397926807403564,27,594.6869506835938,79.4683837890625,6242.72802734375,6186.3427734375,6283.00341796875,0.004142309078717386,0.016999416915812672,0.25,17.66286611557007
839277350,Std-XY p=28,0,spsa,sequential,4,continuation,10,120,5,56,0.06397926807403564,37,210.6298370361328,28.14659881591797,792.2308349609375,776.0628662109375,776.0629272460938,0.003546780380973442,0.015850026609609436,0.25,17.830592393875122
839277350,Std-XY p=28,0,spsa,sequential,4,continuation,15,120,5,56,0.06397926807403564,47,348.99896240234375,46.63694763183594,2175.005126953125,2175.0048828125,2175.005126953125,0.0031353914183302406,0.015214047873475552,0.25,17.99844980239868
839277350,Std-XY p=28,0,spsa,sequential,4,continuation,20,120,5,56,0.06397926807403564,57,96.56685638427734,12.904290199279785,165.6710662841797,158.8743133544922,165.6710968017578,0.0028305606468794144,0.014778350620464044,0.25,18.16500234603882
839277350,Std-XY p=28,0,spsa,sequential,4,continuation,25,120,5,56,0.06397926807403564,67,191.9846649169922,25.655031204223633,654.8224487304688,658.1806030273438,644.7483520507812,0.0025936735517692487,0.014449008773880907,0.25,18.33003044128418
839277350,Std-XY p=28,0,spsa,sequential,4,continuation,30,120,5,56,0.06397926807403564,77,202.97247314453125,27.12333869934082,701.8944091796875,720.6616821289062,675.6202392578125,0.0024031267543760753,0.014185372641231635,0.25,18.49667763710022
839277350,Std-XY p=28,0,spsa,sequential,4,continuation,35,120,5,56,0.06397926807403564,87,248.38426208496094,33.191741943359375,1101.6917724609375,1096.0709228515625,1096.0709228515625,0.0022457936052550673,0.013966227856027484,0.25,18.660403966903687
839277350,Std-XY p=28,0,spsa,sequential,4,continuation,40,120,5,56,0.06397926807403564,97,173.82940673828125,23.228933334350586,528.5713500976562,536.8302612304688,514.8064575195312,0.0021131909324126727,0.013779134410346052,0.25,18.825220108032227
839277350,Std-XY p=28,0,spsa,sequential,4,continuation,45,120,5,56,0.06397926807403564,107,24.338476181030273,3.252365827560425,10.523913383483887,10.362006187438965,9.714381217956543,0.0019995675870745884,0.013616187769422706,0.04866642504930496,18.98833727836609
839277350,Std-XY p=28,0,spsa,sequential,4,continuation,50,120,5,56,0.06397926807403564,117,471.7987976074219,63.0467643737793,3929.26416015625,3974.89453125,3792.37353515625,0.0019008723533794037,0.013472060523173781,0.25,19.15386128425598
839277350,Std-XY p=28,0,spsa,sequential,4,continuation,55,120,5,56,0.06397926807403564,127,514.1155395507812,68.70158386230469,4695.82666015625,4719.9072265625,4623.5830078125,0.0018141605558848269,0.01334299625175472,0.25,19.319011688232422
839277350,Std-XY p=28,0,spsa,sequential,4,continuation,60,120,5,56,0.06397926807403564,137,112.05496978759766,14.973976135253906,223.93392944335938,223.07595825195312,224.21994018554688,0.0017372350720445942,0.013226249755755135,0.1946658194065094,19.484122276306152
839277350,Std-XY p=28,0,spsa,sequential,4,continuation,65,120,5,56,0.06397926807403564,147,247.455810546875,33.06767272949219,1092.0762939453125,1087.8919677734375,1093.470947265625,0.0016684197984548185,0.01311975565249048,0.25,19.650025844573975
839277350,Std-XY p=28,0,spsa,sequential,4,continuation,70,120,5,56,0.06397926807403564,157,170.6083221435547,22.798498153686523,495.9043273925781,517.1195068359375,453.4740295410156,0.001606411528514417,0.013021922119457682,0.25,19.81535267829895
839277350,Std-XY p=28,0,spsa,sequential,4,continuation,75,120,5,56,0.06397926807403564,167,150.69381713867188,20.13730812072754,397.2354431152344,397.23541259765625,397.23541259765625,0.0015501801136384812,0.01293149713891721,0.23360256850719452,19.981829404830933
839277350,Std-XY p=28,0,spsa,sequential,4,continuation,80,120,5,56,0.06397926807403564,177,72.43006134033203,9.678874969482422,93.20263671875,91.76875305175781,93.68059539794922,0.0014988993776864025,0.012847478719003411,0.10856537520885468,20.14679503440857
839277350,Std-XY p=28,0,spsa,sequential,4,continuation,85,120,5,56,0.06397926807403564,187,196.12741088867188,26.208627700805664,683.3876342773438,672.8740234375,686.8921508789062,0.0014518982016648672,0.012769052840860788,0.25,20.31063413619995
839277350,Std-XY p=28,0,spsa,sequential,4,continuation,90,120,5,56,0.06397926807403564,197,203.48016357421875,27.19118309020996,730.8728637695312,724.2714233398438,735.5880737304688,0.001408625181811444,0.01269554947299621,0.25,20.4784152507782
839277350,Std-XY p=28,0,spsa,sequential,4,continuation,95,120,5,56,0.06397926807403564,207,48.546234130859375,6.4872636795043945,40.74260330200195,41.869869232177734,38.64910888671875,0.001368622631459806,0.012626410699612943,0.06644147634506226,20.64659547805786
839277350,Std-XY p=28,0,spsa,sequential,4,continuation,100,120,5,56,0.06397926807403564,217,156.61065673828125,20.927978515625,437.421630859375,435.7456970214844,429.0419006347656,0.0013315071464009135,0.012561167176266359,0.20852820575237274,20.811865091323853
839277350,Std-XY p=28,0,spsa,sequential,4,continuation,105,120,5,56,0.06397926807403564,227,0.6500357985496521,0.08686469495296478,0.0071989973075687885,0.006929516792297363,0.00739148398861289,0.0012969548650233554,0.01249942043693397,0.0008430670131929219,20.979106903076172
839277350,Std-XY p=28,0,spsa,sequential,4,continuation,110,120,5,56,0.06397926807403564,237,7.243010997772217,0.9678880572319031,0.8782568573951721,0.7026054263114929,0.9368072748184204,0.0012646901418592981,0.012440829393713411,0.009160165674984455,21.14527416229248
839277350,Std-XY p=28,0,spsa,sequential,4,continuation,115,120,5,56,0.06397926807403564,247,65.12979125976562,8.703333854675293,73.33259582519531,74.20215606689453,72.2697982788086,0.001234476739901586,0.012385099893453082,0.08040120452642441,21.308388471603394
839277350,Std-XY p=28,0,spsa,sequential,4,continuation,120,120,5,56,0.06397926807403564,257,29.562850952148438,3.950502395629883,15.586560249328613,15.28796672821045,14.889843940734863,0.0012061109067556474,0.012331976538504544,0.035656075924634933,21.473878145217896
839277350,Std-XY p=29,0,spsa,sequential,0,deterministic_linear_ramp,1,120,5,58,12.86448860168457,19,560.5723266601562,73.60675048828125,5392.1845703125,5411.51123046875,5359.97314453125,0.002082350816980965,0.02,0.25,0.3321053981781006
839277350,Std-XY p=29,0,spsa,sequential,0,deterministic_linear_ramp,5,120,5,58,9.34445858001709,27,138.71527099609375,18.21420669555664,330.1794128417969,331.36285400390625,328.2070007324219,0.0017718116178428685,0.016999416915812672,0.24577730894088745,0.47122931480407715
839277350,Std-XY p=29,0,spsa,sequential,0,deterministic_linear_ramp,10,120,5,58,8.44027042388916,37,209.96377563476562,27.569595336914062,727.5463256835938,686.8760986328125,751.948486328125,0.001517083000211981,0.015850026609609436,0.25,0.6472940444946289
839277350,Std-XY p=29,0,spsa,sequential,0,deterministic_linear_ramp,15,120,5,58,8.005778312683105,47,11.734614372253418,1.540830373764038,2.3487508296966553,2.371335029602051,2.3035826683044434,0.0013411174385863272,0.015214047873475552,0.015737496316432953,0.8189878463745117
839277350,Std-XY p=29,0,spsa,sequential,0,deterministic_linear_ramp,20,120,5,58,8.005778312683105,57,21.089284896850586,2.7691586017608643,7.659121513366699,7.586176872253418,7.659121513366699,0.0012107305717280448,0.014778350620464044,0.025533439591526985,0.9877355098724365
839277350,Std-XY p=29,0,spsa,sequential,0,deterministic_linear_ramp,25,120,5,58,7.764979362487793,67,85.18461608886719,11.185288429260254,121.3915786743164,113.06078338623047,124.96192169189453,0.0011094056103943528,0.014449008773880907,0.09450429677963257,1.1606440544128418
839277350,Std-XY p=29,0,spsa,sequential,0,deterministic_linear_ramp,30,120,5,58,7.750716209411621,77,31.36932945251465,4.11899471282959,16.64333724975586,16.78455352783203,16.461774826049805,0.001027902027984584,0.014185372641231635,0.032244596630334854,1.3332710266113281
839277350,Std-XY p=29,0,spsa,sequential,0,deterministic_linear_ramp,35,120,5,58,7.750716209411621,87,2.857477903366089,0.37520527839660645,0.14010939002037048,0.1272200047969818,0.13659410178661346,0.0009606050937899193,0.013966227856027484,0.0027449079789221287,1.4962177276611328
839277350,Std-XY p=29,0,spsa,sequential,0,deterministic_linear_ramp,40,120,5,58,7.670544624328613,97,64.99459838867188,8.534208297729492,72.83271026611328,72.74610900878906,72.74610900878906,0.0009038862560995362,0.013779134410346052,0.05874771997332573,1.6548731327056885
839277350,Std-XY p=29,0,spsa,sequential,0,deterministic_linear_ramp,45,120,5,58,7.670544624328613,107,25.070119857788086,3.291867971420288,10.720428466796875,10.823509216308594,10.514266014099121,0.0008552855458428968,0.013616187769422706,0.02144211158156395,1.808349847793579
839277350,Std-XY p=29,0,spsa,sequential,0,deterministic_linear_ramp,50,120,5,58,7.670544624328613,117,9.621016502380371,1.263301134109497,1.5940324068069458,1.5940322875976562,1.5940324068069458,0.0008130701151824231,0.013472060523173781,0.007822560146450996,1.9746949672698975
839277350,Std-XY p=29,0,spsa,sequential,0,deterministic_linear_ramp,55,120,5,58,7.648925304412842,127,47.062469482421875,6.179605484008789,37.77885055541992,34.50952911376953,37.77885437011719,0.0007759804226256086,0.01334299625175472,0.036519553512334824,2.1466825008392334
839277350,Std-XY p=29,0,spsa,sequential,0,deterministic_linear_ramp,60,120,5,58,7.636313438415527,137,6.298277854919434,0.8270043730735779,0.683122992515564,0.6766170859336853,0.6831230521202087,0.0007430766814063485,0.013226249755755135,0.0046801031567156315,2.320502281188965
839277350,Std-XY p=29,0,spsa,sequential,0,deterministic_linear_ramp,65,120,5,58,7.5726118087768555,147,15.010043144226074,1.9709151983261108,3.8845067024230957,3.8429362773895264,3.8429365158081055,0.0007136419630127241,0.01311975565249048,0.010711796581745148,2.492748498916626
839277350,Std-XY p=29,0,spsa,sequential,0,deterministic_linear_ramp,70,120,5,58,7.5726118087768555,157,17.977373123168945,2.3605449199676514,5.56554651260376,5.406530857086182,5.5125412940979,0.0006871188400407515,0.013021922119457682,0.0123525932431221,2.664555311203003
839277350,Std-XY p=29,0,spsa,sequential,0,deterministic_linear_ramp,75,120,5,58,7.5120158195495605,167,5.7804951667785645,0.759016215801239,0.5699403882026672,0.5699403882026672,0.5699403882026672,0.0006630666816258185,0.01293149713891721,0.003832853864878416,2.837007761001587
839277350,Std-XY p=29,0,spsa,sequential,0,deterministic_linear_ramp,80,120,5,58,7.5120158195495605,177,22.189611434936523,2.9136383533477783,8.479196548461914,8.398442268371582,8.479195594787598,0.0006411321031081868,0.012847478719003411,0.014226471073925495,3.0014519691467285
839277350,Std-XY p=29,0,spsa,sequential,0,deterministic_linear_ramp,85,120,5,58,7.5120158195495605,187,33.67832565307617,4.422180652618408,19.346403121948242,19.346406936645508,17.672197341918945,0.0006210280432360974,0.012769052840860788,0.020915184170007706,3.1729366779327393
839277350,Std-XY p=29,0,spsa,sequential,0,deterministic_linear_ramp,90,120,5,58,7.490627765655518,197,19.477725982666016,2.5575509071350098,6.509954929351807,6.53328800201416,6.471065998077393,0.000602518647182247,0.01269554947299621,0.011735692620277405,3.343425989151001
839277350,Std-XY p=29,0,spsa,sequential,0,deterministic_linear_ramp,95,120,5,58,7.467761993408203,207,27.35100555419922,3.591362714767456,12.836541175842285,12.146405220031738,12.75986099243164,0.0005854081462250555,0.012626410699612943,0.016011500731110573,3.513798713684082
839277350,Std-XY p=29,0,spsa,sequential,0,deterministic_linear_ramp,100,120,5,58,7.467761993408203,217,21.648107528686523,2.8425354957580566,7.993540287017822,7.993540287017822,7.9935407638549805,0.0005695325448685336,0.012561167176266359,0.012329301796853542,3.6855945587158203
839277350,Std-XY p=29,0,spsa,sequential,0,deterministic_linear_ramp,105,120,5,58,7.467761993408203,227,40.87773132324219,5.367509365081787,28.673128128051758,27.131559371948242,28.50184440612793,0.0005547533160846956,0.01249942043693397,0.02267705649137497,3.858009099960327
839277350,Std-XY p=29,0,spsa,sequential,0,deterministic_linear_ramp,110,120,5,58,7.466403484344482,237,30.683406829833984,4.028928756713867,16.232267379760742,16.058557510375977,16.058555603027344,0.0005409525565898822,0.012440829393713411,0.01659826748073101,4.029330015182495
839277350,Std-XY p=29,0,spsa,sequential,0,deterministic_linear_ramp,115,120,5,58,7.4265899658203125,247,39.51365280151367,5.188396453857422,26.791425704956055,26.887451171875,26.63138198852539,0.0005280292194882948,0.012385099893453082,0.020864363759756088,4.194205284118652
839277350,Std-XY p=29,0,spsa,sequential,0,deterministic_linear_ramp,120,120,5,58,7.4265899658203125,257,14.222651481628418,1.867525577545166,3.4503283500671387,3.4503285884857178,3.4503285884857178,0.000515896152698086,0.012331976538504544,0.007337410468608141,4.365604400634766
839277350,Std-XY p=29,0,spsa,sequential,1,random_shared_stream,1,120,5,58,7.6645612716674805,19,0.578132152557373,0.0759124755859375,0.005591399036347866,0.005426946096122265,0.005701033864170313,0.5702947465030508,0.02,0.25,4.718004465103149
839277350,Std-XY p=29,0,spsa,sequential,1,random_shared_stream,5,120,5,58,7.655468940734863,27,0.86517733335495,0.11360334604978561,0.012844338081777096,0.012890376150608063,0.012767610140144825,0.48524717795334665,0.016999416915812672,0.25,4.854411363601685
839277350,Std-XY p=29,0,spsa,sequential,1,random_shared_stream,10,120,5,58,7.655468940734863,37,0.6891788244247437,0.09049361199140549,0.008189095184206963,0.007711965590715408,0.007711965125054121,0.4154844889605786,0.015850026609609436,0.25,5.023735046386719
839277350,Std-XY p=29,0,spsa,sequential,1,random_shared_stream,15,120,5,58,7.655468940734863,47,1.406616449356079,0.18469779193401337,0.03411326929926872,0.032125696539878845,0.032125700265169144,0.36729268835607626,0.015214047873475552,0.25,5.1954216957092285
839277350,Std-XY p=29,0,spsa,sequential,1,random_shared_stream,20,120,5,58,7.655468940734863,57,1.3946404457092285,0.18312527239322662,0.033494982868433,0.03253798559308052,0.033175982534885406,0.33158355396051925,0.014778350620464044,0.25,5.366934776306152
839277350,Std-XY p=29,0,spsa,sequential,1,random_shared_stream,25,120,5,58,7.655468940734863,67,0.5928897857666016,0.07785024493932724,0.006031835451722145,0.0059958030469715595,0.006053454242646694,0.3038336221685231,0.014449008773880907,0.18013986945152283,5.540029525756836
839277350,Std-XY p=29,0,spsa,sequential,1,random_shared_stream,30,120,5,58,7.655468940734863,77,0.22860977053642273,0.030017932876944542,0.0007939328206703067,0.0008142901933752,0.0007714327657595277,0.2815121840657644,0.014185372641231635,0.06435643136501312,5.710745334625244
839277350,Std-XY p=29,0,spsa,sequential,1,random_shared_stream,35,120,5,58,7.655468940734863,87,1.50888991355896,0.19812694191932678,0.039207614958286285,0.03920761123299599,0.03883420675992966,0.26308152977158467,0.013966227856027484,0.25,5.881755352020264
839277350,Std-XY p=29,0,spsa,sequential,1,random_shared_stream,40,120,5,58,7.655468940734863,97,1.6187208890914917,0.21254844963550568,0.044961974024772644,0.04254467040300369,0.04469338431954384,0.2475479055144188,0.013779134410346052,0.25,6.054512023925781
839277350,Std-XY p=29,0,spsa,sequential,1,random_shared_stream,45,120,5,58,7.655468940734863,107,0.1900261789560318,0.02495165914297104,0.0006196241592988372,0.0006040779990144074,0.0006218449561856687,0.234237597995793,0.013616187769422706,0.04451127350330353,6.222642660140991
839277350,Std-XY p=29,0,spsa,sequential,1,random_shared_stream,50,120,5,58,7.655468940734863,117,0.3564886748790741,0.046809252351522446,0.002180685056373477,0.0021676584146916866,0.0021885011810809374,0.22267603107310857,0.013472060523173781,0.07938147336244583,6.395074367523193
839277350,Std-XY p=29,0,spsa,sequential,1,random_shared_stream,55,120,5,58,7.655468940734863,127,0.8912011384963989,0.11702044308185577,0.013107606209814548,0.01289593055844307,0.013286716304719448,0.21251825331439675,0.01334299625175472,0.18939650058746338,6.566011905670166
839277350,Std-XY p=29,0,spsa,sequential,1,random_shared_stream,60,120,5,58,7.655468940734863,137,0.559703528881073,0.07349267601966858,0.005394751206040382,0.005343372467905283,0.005394751206040382,0.20350688471856834,0.013226249755755135,0.11390352994203568,6.735342264175415
839277350,Std-XY p=29,0,spsa,sequential,1,random_shared_stream,65,120,5,58,7.655468940734863,147,1.1336140632629395,0.14885082840919495,0.022051189094781876,0.022130224853754044,0.021919457241892815,0.1954455796167613,0.01311975565249048,0.22155986726284027,6.906638145446777
839277350,Std-XY p=29,0,spsa,sequential,1,random_shared_stream,70,120,5,58,7.655468940734863,157,0.8667423129081726,0.11380884796380997,0.0123980063945055,0.012937050312757492,0.01108890026807785,0.1881816750102837,0.013021922119457682,0.16310501098632812,7.079703330993652
839277350,Std-XY p=29,0,spsa,sequential,1,random_shared_stream,75,120,5,58,7.655468940734863,167,0.3756030201911926,0.04931909590959549,0.002406342886388302,0.0023600668646395206,0.002429480431601405,0.18159449504318176,0.01293149713891721,0.06820744276046753,7.2523956298828125
839277350,Std-XY p=29,0,spsa,sequential,1,random_shared_stream,80,120,5,58,7.655468940734863,177,0.21482250094413757,0.028207577764987946,0.0007947213016450405,0.0007947213016450405,0.0007871525594964623,0.1755872580332815,0.012847478719003411,0.03772009536623955,7.42535662651062
839277350,Std-XY p=29,0,spsa,sequential,1,random_shared_stream,85,120,5,58,7.655468940734863,187,0.039957817643880844,0.005246718414127827,2.7528054488357157e-05,2.749532177404035e-05,2.7495323593029752e-05,0.17008134633245775,0.012769052840860788,0.006796079222112894,7.597376823425293
839277350,Std-XY p=29,0,spsa,sequential,1,random_shared_stream,90,120,5,58,7.655468940734863,197,2.6742238998413086,0.3511428236961365,0.10863998532295227,0.11142563074827194,0.10556112229824066,0.16501216622871367,0.01269554947299621,0.25,7.768407344818115
839277350,Std-XY p=29,0,spsa,sequential,1,random_shared_stream,95,120,5,58,7.655468940734863,207,1.299278736114502,0.1706036478281021,0.02740979939699173,0.02740979939699173,0.02740979753434658,0.16032610241739628,0.012626410699612943,0.20830830931663513,7.935764789581299
839277350,Std-XY p=29,0,spsa,sequential,1,random_shared_stream,100,120,5,58,7.655468940734863,217,0.9417563080787659,0.12365865707397461,0.015218733809888363,0.015273281373083591,0.014836901798844337,0.15597824134741214,0.012561167176266359,0.14689350128173828,8.105540752410889
839277350,Std-XY p=29,0,spsa,sequential,1,random_shared_stream,105,120,5,58,7.655468940734863,227,0.3882962763309479,0.05098579823970795,0.0025871878024190664,0.0025964605156332254,0.002571732271462679,0.1519306445332455,0.01249942043693397,0.0589941032230854,8.273646831512451
839277350,Std-XY p=29,0,spsa,sequential,1,random_shared_stream,110,120,5,58,7.655468940734863,237,0.07253725826740265,0.00952460803091526,9.071817476069555e-05,8.802143565844744e-05,8.802143565844744e-05,0.14815102172739428,0.012440829393713411,0.010746469721198082,8.44637393951416
839277350,Std-XY p=29,0,spsa,sequential,1,random_shared_stream,115,120,5,58,7.655468940734863,247,0.464011013507843,0.060927629470825195,0.003495889948680997,0.003354641841724515,0.0036018260288983583,0.14461169915205194,0.012385099893453082,0.06710141897201538,8.619251251220703
839277350,Std-XY p=29,0,spsa,sequential,1,random_shared_stream,120,120,5,58,7.655468940734863,257,0.7129288911819458,0.09361214190721512,0.008752813562750816,0.00791921280324459,0.008252653293311596,0.1412888084109718,0.012331976538504544,0.10072886943817139,8.790518760681152
839277350,Std-XY p=29,0,spsa,sequential,2,random_shared_stream,1,120,5,58,7.663229942321777,19,1.3836860656738281,0.1816868782043457,0.03265686333179474,0.03202884644269943,0.03297087177634239,0.41229255929885367,0.02,0.25,9.144952058792114
839277350,Std-XY p=29,0,spsa,sequential,2,random_shared_stream,5,120,5,58,7.663229942321777,27,0.12753354012966156,0.016745973378419876,0.0002800941583700478,0.0002774266176857054,0.00027209147810935974,0.35080772200285615,0.016999416915812672,0.044739749282598495,9.282609224319458
839277350,Std-XY p=29,0,spsa,sequential,2,random_shared_stream,10,120,5,58,7.663229942321777,37,0.6672983169555664,0.0876205712556839,0.007595203351229429,0.007668234873563051,0.007230049464851618,0.3003730340370878,0.015850026609609436,0.20043842494487762,9.454041242599487
839277350,Std-XY p=29,0,spsa,sequential,2,random_shared_stream,15,120,5,58,7.660252094268799,47,0.9971390962600708,0.13093078136444092,0.016144055873155594,0.016144057735800743,0.016144059598445892,0.2655329431362259,0.015214047873475552,0.25,9.619162797927856
839277350,Std-XY p=29,0,spsa,sequential,2,random_shared_stream,20,120,5,58,7.660252094268799,57,1.7234270572662354,0.226297065615654,0.0506623275578022,0.05114947259426117,0.04822664335370064,0.23971715138894534,0.014778350620464044,0.25,9.791159629821777
839277350,Std-XY p=29,0,spsa,sequential,2,random_shared_stream,25,120,5,58,7.660252094268799,67,0.28739696741104126,0.03773707523941994,0.0013631269102916121,0.0014088465832173824,0.0012869271449744701,0.21965543686492855,0.014449008773880907,0.06312830746173859,9.96445369720459
839277350,Std-XY p=29,0,spsa,sequential,2,random_shared_stream,30,120,5,58,7.656185626983643,77,0.6739251613616943,0.08849070966243744,0.007793361786752939,0.007374363951385021,0.007746805902570486,0.20351823255251233,0.014185372641231635,0.13715605437755585,10.135156869888306
839277350,Std-XY p=29,0,spsa,sequential,2,random_shared_stream,35,120,5,58,7.656185626983643,87,2.295837163925171,0.3014581501483917,0.08817557990550995,0.08990450203418732,0.0855821818113327,0.19019385656080906,0.013966227856027484,0.25,10.306411504745483
839277350,Std-XY p=29,0,spsa,sequential,2,random_shared_stream,40,120,5,58,7.656185626983643,97,0.959320068359375,0.12596489489078522,0.01584828644990921,0.014942670240998268,0.014338928274810314,0.17896387813396164,0.013779134410346052,0.1716836541891098,10.47938585281372
839277350,Std-XY p=29,0,spsa,sequential,2,random_shared_stream,45,120,5,58,7.654575347900391,107,0.5659445524215698,0.07431215792894363,0.005515731405466795,0.0054632010869681835,0.005515731405466795,0.16934123863822914,0.013616187769422706,0.09583774954080582,10.653478384017944
839277350,Std-XY p=29,0,spsa,sequential,2,random_shared_stream,50,120,5,58,7.654575347900391,117,0.47657614946365356,0.0625775158405304,0.003897320246323943,0.0037995383609086275,0.003911289386451244,0.16098284493867746,0.013472060523173781,0.07672058790922165,10.823432922363281
839277350,Std-XY p=29,0,spsa,sequential,2,random_shared_stream,55,120,5,58,7.654575347900391,127,0.02395043335855007,0.0031448458321392536,9.890056389849633e-06,9.784215762920212e-06,9.784218491404317e-06,0.15363931562404107,0.01334299625175472,0.0036797283682972193,10.988633871078491
839277350,Std-XY p=29,0,spsa,sequential,2,random_shared_stream,60,120,5,58,7.654575347900391,137,1.5366106033325195,0.20176686346530914,0.03833794966340065,0.03252917155623436,0.040661461651325226,0.14712457873764836,0.013226249755755135,0.22607319056987762,11.162802934646606
839277350,Std-XY p=29,0,spsa,sequential,2,random_shared_stream,65,120,5,58,7.654575347900391,147,1.0742416381835938,0.14105483889579773,0.019872810691595078,0.01968354545533657,0.019305014982819557,0.14129668687630337,0.01311975565249048,0.15178678929805756,11.333070039749146
839277350,Std-XY p=29,0,spsa,sequential,2,random_shared_stream,70,120,5,58,7.654575347900391,157,0.6015325784683228,0.07898510247468948,0.006171882152557373,0.006231227889657021,0.005875157192349434,0.13604527286789578,0.013021922119457682,0.08183566480875015,11.504915952682495
839277350,Std-XY p=29,0,spsa,sequential,2,random_shared_stream,75,120,5,58,7.654575347900391,167,1.1058876514434814,0.1452101618051529,0.02045917697250843,0.021060917526483536,0.019055115059018135,0.1312830945314273,0.01293149713891721,0.14518435299396515,11.67545485496521
839277350,Std-XY p=29,0,spsa,sequential,2,random_shared_stream,80,120,5,58,7.654575347900391,177,0.9679732918739319,0.1271011233329773,0.016077859327197075,0.01598181575536728,0.01521345879882574,0.12694018389387804,0.012847478719003411,0.12287472188472748,11.846901416778564
839277350,Std-XY p=29,0,spsa,sequential,2,random_shared_stream,85,120,5,58,7.654575347900391,187,0.06598015874624252,0.008663618937134743,7.282708247657865e-05,7.496905163861811e-05,6.782913987990469e-05,0.12295970460606123,0.012769052840860788,0.008112900890409946,12.016977310180664
839277350,Std-XY p=29,0,spsa,sequential,2,random_shared_stream,90,120,5,58,7.654575347900391,197,1.191515564918518,0.15645365417003632,0.024361329153180122,0.02444864623248577,0.02421579882502556,0.11929495887355203,0.01269554947299621,0.14214180409908295,12.187121868133545
839277350,Std-XY p=29,0,spsa,sequential,2,random_shared_stream,95,120,5,58,7.654575347900391,207,1.026624321937561,0.13480238616466522,0.018171682953834534,0.017977219074964523,0.017977219074964523,0.115907185702481,0.012626410699612943,0.11899314075708389,12.354074239730835
839277350,Std-XY p=29,0,spsa,sequential,2,random_shared_stream,100,120,5,58,7.654575347900391,217,0.09366969764232635,0.012299432419240475,0.00015055655967444181,0.00014965716400183737,0.00015109618834685534,0.1127639150007755,0.012561167176266359,0.010562561452388763,12.526511669158936
839277350,Std-XY p=29,0,spsa,sequential,2,random_shared_stream,105,120,5,58,7.654575347900391,227,0.27818456292152405,0.036527421325445175,0.00133266591001302,0.0012945897178724408,0.0013199737295508385,0.10983771927522233,0.01249942043693397,0.030555156990885735,12.694066047668457
839277350,Std-XY p=29,0,spsa,sequential,2,random_shared_stream,110,120,5,58,7.654575347900391,237,2.165463447570801,0.2843392789363861,0.07844546437263489,0.07844547927379608,0.07844546437263489,0.10710525440619802,0.012440829393713411,0.23193252086639404,12.865036249160767
839277350,Std-XY p=29,0,spsa,sequential,2,random_shared_stream,115,120,5,58,7.654575347900391,247,1.0211174488067627,0.13407929241657257,0.01778487302362919,0.017955880612134933,0.016929829493165016,0.10454651373443155,0.012385099893453082,0.10675427317619324,13.037340641021729
839277350,Std-XY p=29,0,spsa,sequential,2,random_shared_stream,120,120,5,58,7.654575347900391,257,0.902866542339325,0.11855219304561615,0.012985066510736942,0.012700964696705341,0.013235742226243019,0.10214424168772059,0.012331976538504544,0.09222261607646942,13.208781957626343
839277350,Std-XY p=29,0,spsa,sequential,3,random_shared_stream,1,120,5,58,7.659065246582031,19,1.4694799184799194,0.19295215606689453,0.037230540066957474,0.03612380102276802,0.03612380102276802,0.6585627760004711,0.02,0.25,13.56308650970459
839277350,Std-XY p=29,0,spsa,sequential,3,random_shared_stream,5,120,5,58,7.658661842346191,27,1.471121907234192,0.19316774606704712,0.03620457649230957,0.03726941719651222,0.03194521367549896,0.560351871587232,0.016999416915812672,0.25,13.700336694717407
839277350,Std-XY p=29,0,spsa,sequential,3,random_shared_stream,10,120,5,58,7.6579365730285645,37,0.8287100791931152,0.10881496220827103,0.01182661671191454,0.011713983491063118,0.011488714255392551,0.47979158165636715,0.015850026609609436,0.25,13.871537446975708
839277350,Std-XY p=29,0,spsa,sequential,3,random_shared_stream,15,120,5,58,7.6579365730285645,47,0.09237410873174667,0.012129314243793488,0.00014694534183945507,0.00014554585504811257,0.0001427468960173428,0.4241408393320339,0.015214047873475552,0.03917963057756424,14.041761636734009
839277350,Std-XY p=29,0,spsa,sequential,3,random_shared_stream,20,120,5,58,7.6579365730285645,57,0.9111667275428772,0.11964204162359238,0.01424613781273365,0.013480217196047306,0.014161037281155586,0.3829047823276299,0.014778350620464044,0.25,14.213542699813843
839277350,Std-XY p=29,0,spsa,sequential,3,random_shared_stream,25,120,5,58,7.6579365730285645,67,1.1226955652236938,0.1474171280860901,0.02108580432832241,0.02149925008416176,0.020465632900595665,0.3508598227224077,0.014449008773880907,0.25,14.384630918502808
839277350,Std-XY p=29,0,spsa,sequential,3,random_shared_stream,30,120,5,58,7.6579365730285645,77,0.7962941527366638,0.1045585423707962,0.010919489897787571,0.010815493762493134,0.010607503354549408,0.32508355820057266,0.014185372641231635,0.25,14.556354999542236
839277350,Std-XY p=29,0,spsa,sequential,3,random_shared_stream,35,120,5,58,7.6579365730285645,87,0.5810123085975647,0.07629065960645676,0.005820263642817736,0.005757977720350027,0.005757978186011314,0.303800278054812,0.013966227856027484,0.1765117049217224,14.725441455841064
839277350,Std-XY p=29,0,spsa,sequential,3,random_shared_stream,40,120,5,58,7.6562418937683105,97,0.24997669458389282,0.03282354772090912,0.0010658554965630174,0.0010761042358353734,0.0010453583672642708,0.2858624191233118,0.013779134410346052,0.07145894318819046,14.89260721206665
839277350,Std-XY p=29,0,spsa,sequential,3,random_shared_stream,45,120,5,58,7.654240608215332,107,0.2465672791004181,0.032375872135162354,0.0010432115523144603,0.0010369797237217426,0.0009871249785646796,0.2704919933520141,0.013616187769422706,0.066694475710392,15.06539273262024
839277350,Std-XY p=29,0,spsa,sequential,3,random_shared_stream,50,120,5,58,7.654240608215332,117,0.016982069239020348,0.002229854930192232,4.966340839018812e-06,4.824445113627007e-06,4.91904211230576e-06,0.2571409715265351,0.013472060523173781,0.004366785287857056,15.235390663146973
839277350,Std-XY p=29,0,spsa,sequential,3,random_shared_stream,55,120,5,58,7.654240608215332,127,1.5124155282974243,0.19858987629413605,0.03943794220685959,0.03901590034365654,0.03901589661836624,0.24541101195774687,0.01334299625175472,0.25,15.408697843551636
839277350,Std-XY p=29,0,spsa,sequential,3,random_shared_stream,60,120,5,58,7.654240608215332,137,0.30518051981925964,0.04007216542959213,0.0016057784669101238,0.0015885941684246063,0.0015885940520092845,0.23500489835697838,0.013226249755755135,0.07171891629695892,15.581156492233276
839277350,Std-XY p=29,0,spsa,sequential,3,random_shared_stream,65,120,5,58,7.654240608215332,147,0.23057028651237488,0.030275361612439156,0.0008893503108993173,0.0009067885694094002,0.0008631929522380233,0.2256958954272023,0.01311975565249048,0.0520387664437294,15.750049114227295
839277350,Std-XY p=29,0,spsa,sequential,3,random_shared_stream,70,120,5,58,7.654240608215332,157,0.46836990118026733,0.061499983072280884,0.0037777505349367857,0.0037777505349367857,0.0037417716812342405,0.21730771157739912,0.013021922119457682,0.10178039968013763,15.920366048812866
839277350,Std-XY p=29,0,spsa,sequential,3,random_shared_stream,75,120,5,58,7.654240608215332,167,1.7453253269195557,0.22917243838310242,0.0509587824344635,0.0474616140127182,0.05245756357908249,0.20970099320632932,0.01293149713891721,0.25,16.09300708770752
839277350,Std-XY p=29,0,spsa,sequential,3,random_shared_stream,80,120,5,58,7.654240608215332,177,1.7249400615692139,0.22649571299552917,0.047396354377269745,0.048311349004507065,0.04635937511920929,0.20276397913493718,0.012847478719003411,0.25,16.2641384601593
839277350,Std-XY p=29,0,spsa,sequential,3,random_shared_stream,85,120,5,58,7.654240608215332,187,0.14546920359134674,0.019101042300462723,0.00036311455187387764,0.0003609453560784459,0.0003644159878604114,0.19640588357761019,0.012769052840860788,0.028571007773280144,16.43147325515747
839277350,Std-XY p=29,0,spsa,sequential,3,random_shared_stream,90,120,5,58,7.654240608215332,197,0.654039204120636,0.08587955683469772,0.007366528268903494,0.006945584435015917,0.007156056351959705,0.190552115255811,0.01269554947299621,0.12462855875492096,16.59916067123413
839277350,Std-XY p=29,0,spsa,sequential,3,random_shared_stream,95,120,5,58,7.654240608215332,207,1.270374059677124,0.16680827736854553,0.027791915461421013,0.027791915461421013,0.027527231723070145,0.18514076049405007,0.012626410699612943,0.2351980060338974,16.7691912651062
839277350,Std-XY p=29,0,spsa,sequential,3,random_shared_stream,100,120,5,58,7.654240608215332,217,2.599912166595459,0.3413851857185364,0.11654385179281235,0.09977594017982483,0.09977594763040543,0.1801199541943767,0.012561167176266359,0.25,16.93924641609192
839277350,Std-XY p=29,0,spsa,sequential,3,random_shared_stream,105,120,5,58,7.654240608215332,227,0.32437917590141296,0.04259307682514191,0.001760240993462503,0.0016394401900470257,0.00181201274972409,0.1754458858982663,0.01249942043693397,0.05691099539399147,17.11008048057556
839277350,Std-XY p=29,0,spsa,sequential,3,random_shared_stream,110,120,5,58,7.654240608215332,237,1.837221384048462,0.24123898148536682,0.05757345259189606,0.05812704563140869,0.05480550602078438,0.17108126759778408,0.012440829393713411,0.25,17.272300243377686
839277350,Std-XY p=29,0,spsa,sequential,3,random_shared_stream,115,120,5,58,7.654240608215332,247,2.18312406539917,0.28665822744369507,0.0786554291844368,0.07425854355096817,0.08129356801509857,0.16699414227413162,0.012385099893453082,0.25,17.44520139694214
839277350,Std-XY p=29,0,spsa,sequential,3,random_shared_stream,120,120,5,58,7.654240608215332,257,0.16917704045772552,0.02221403457224369,0.0004928765702061355,0.0004881825007032603,0.0004928765702061355,0.16315694727240582,0.012331976538504544,0.027602411806583405,17.618313789367676
839277350,Std-XY p=29,0,spsa,sequential,4,continuation,1,120,5,58,0.06397934257984161,19,28.089685440063477,3.688356399536133,13.53926944732666,13.587798118591309,13.458390235900879,0.0038610420191583653,0.02,0.10845545679330826,17.97470259666443
839277350,Std-XY p=29,0,spsa,sequential,4,continuation,5,120,5,58,0.06397934257984161,27,78.24193572998047,10.273669242858887,102.41069793701172,84.33821868896484,104.41873168945312,0.0032852481199313758,0.016999416915812672,0.25,18.11443281173706
839277350,Std-XY p=29,0,spsa,sequential,4,continuation,10,120,5,58,0.06397934257984161,37,184.42739868164062,24.216501235961914,585.74169921875,585.74169921875,585.74169921875,0.002812936784043744,0.015850026609609436,0.25,18.285533905029297
839277350,Std-XY p=29,0,spsa,sequential,4,continuation,15,120,5,58,0.06397934257984161,47,107.7693099975586,14.150802612304688,198.10227966308594,194.2926483154297,200.0071563720703,0.0024866659070036912,0.015214047873475552,0.25,18.456947326660156
839277350,Std-XY p=29,0,spsa,sequential,4,continuation,20,120,5,58,0.06397934257984161,57,68.02701568603516,8.932385444641113,79.40802001953125,78.93366241455078,79.69263458251953,0.0022449058886720454,0.014778350620464044,0.15271425247192383,18.626495361328125
839277350,Std-XY p=29,0,spsa,sequential,4,continuation,25,120,5,58,0.06397934257984161,67,60.34746170043945,7.924010276794434,59.13154220581055,50.17221450805664,62.715274810791016,0.00205703171775488,0.014449008773880907,0.12413663417100906,18.797748804092407
839277350,Std-XY p=29,0,spsa,sequential,4,continuation,30,120,5,58,0.06397934257984161,77,84.48986053466797,11.094062805175781,122.49283599853516,119.41954803466797,122.931884765625,0.001905909844423134,0.014185372641231635,0.16103006899356842,18.965663194656372
839277350,Std-XY p=29,0,spsa,sequential,4,continuation,35,120,5,58,0.06397934257984161,87,278.9486999511719,36.62775802612305,1316.0689697265625,1327.2354736328125,1301.7117919921875,0.0017811295775405096,0.013966227856027484,0.25,19.134591102600098
839277350,Std-XY p=29,0,spsa,sequential,4,continuation,40,120,5,58,0.06397934257984161,97,48.44263458251953,6.3608293533325195,39.69039535522461,40.02716827392578,39.25741195678711,0.0016759629486446668,0.013779134410346052,0.08118806034326553,19.303285598754883
839277350,Std-XY p=29,0,spsa,sequential,4,continuation,45,120,5,58,0.06397934257984161,107,1161.9739990234375,152.5746612548828,22282.541015625,23029.908203125,21036.931640625,0.0015858487455374865,0.013616187769422706,0.25,19.474541187286377
839277350,Std-XY p=29,0,spsa,sequential,4,continuation,50,120,5,58,0.06397934257984161,117,93.5473403930664,12.283367156982422,150.70172119140625,146.39596557617188,149.2664794921875,0.001507573965751211,0.013472060523173781,0.14102955162525177,19.644624948501587
839277350,Std-XY p=29,0,spsa,sequential,4,continuation,55,120,5,58,0.06397934257984161,127,9.275622367858887,1.2179489135742188,1.476344108581543,1.4675250053405762,1.4816358089447021,0.0014388031994270489,0.01334299625175472,0.013345794752240181,19.816705465316772
839277350,Std-XY p=29,0,spsa,sequential,4,continuation,60,120,5,58,0.06397934257984161,137,452.49005126953125,59.414852142333984,3525.92724609375,3190.124267578125,3022.223388671875,0.001377793917802128,0.013226249755755135,0.25,19.989533185958862
839277350,Std-XY p=29,0,spsa,sequential,4,continuation,65,120,5,58,0.06397934257984161,147,188.50131225585938,24.751436233520508,600.9781494140625,606.077392578125,594.4219970703125,0.0013232168102306728,0.01311975565249048,0.24942810833454132,20.162468433380127
839277350,Std-XY p=29,0,spsa,sequential,4,continuation,70,120,5,58,0.06397934257984161,157,279.6188049316406,36.71574783325195,1341.6346435546875,1333.6199951171875,1269.5037841796875,0.0012740383089719068,0.013021922119457682,0.25,20.332886457443237
839277350,Std-XY p=29,0,spsa,sequential,4,continuation,75,120,5,58,0.06397934257984161,167,162.46493530273438,21.332691192626953,435.60333251953125,450.213623046875,411.2528076171875,0.0012294414074631836,0.01293149713891721,0.19974112510681152,20.503693103790283
839277350,Std-XY p=29,0,spsa,sequential,4,continuation,80,120,5,58,0.06397934257984161,177,184.94381713867188,24.28431510925293,589.7278442382812,583.4168701171875,583.4168090820312,0.00118877086883997,0.012847478719003411,0.21985581517219543,20.675137519836426
839277350,Std-XY p=29,0,spsa,sequential,4,continuation,85,120,5,58,0.06397934257984161,187,112.89575958251953,14.823938369750977,217.39752197265625,217.39752197265625,198.5842742919922,0.0011514944314170233,0.012769052840860788,0.1299988478422165,20.84778904914856
839277350,Std-XY p=29,0,spsa,sequential,4,continuation,90,120,5,58,0.06397934257984161,197,185.5953826904297,24.369869232177734,591.0658569335938,587.5349731445312,593.184326171875,0.0011171747791613228,0.01269554947299621,0.2073424905538559,21.022122621536255
839277350,Std-XY p=29,0,spsa,sequential,4,continuation,95,120,5,58,0.06397934257984161,207,216.71322631835938,28.455839157104492,808.7720947265625,785.664306640625,762.5565795898438,0.001085448922679394,0.012626410699612943,0.23523114621639252,21.195646286010742
839277350,Std-XY p=29,0,spsa,sequential,4,continuation,100,120,5,58,0.06397934257984161,217,526.8580932617188,69.17985534667969,4734.63671875,4780.16162109375,4507.009765625,0.001056012785686009,0.012561167176266359,0.25,21.36971664428711
839277350,Std-XY p=29,0,spsa,sequential,4,continuation,105,120,5,58,0.06397934257984161,227,94.01287078857422,12.344494819641113,152.20535278320312,143.50791931152344,147.85662841796875,0.0010286095148827326,0.01249942043693397,0.09670253098011017,21.543084383010864
839277350,Std-XY p=29,0,spsa,sequential,4,continuation,110,120,5,58,0.06397934257984161,237,517.3634643554688,67.93315124511719,4609.42578125,4565.5263671875,4477.7275390625,0.0010030204969942735,0.012440829393713411,0.25,21.71325397491455
839277350,Std-XY p=29,0,spsa,sequential,4,continuation,115,120,5,58,0.06397934257984161,247,33.59585952758789,4.411352634429932,19.367473602294922,19.25177764892578,19.436891555786133,0.0009790583734317702,0.012385099893453082,0.03289230912923813,21.88278102874756
839277350,Std-XY p=29,0,spsa,sequential,4,continuation,120,120,5,58,0.06397934257984161,257,79.85833740234375,10.485913276672363,103.54800415039062,108.77769470214844,94.1345443725586,0.0009565615490176354,0.012331976538504544,0.07638940960168839,22.05489730834961
839277350,Std-XY p=30,0,spsa,sequential,0,deterministic_linear_ramp,1,120,5,60,12.45557975769043,19,588.2060546875,75.93708038330078,5663.92529296875,5740.81103515625,5535.7822265625,0.0015962912340018608,0.02,0.25,0.34011054039001465
839277350,Std-XY p=30,0,spsa,sequential,0,deterministic_linear_ramp,5,120,5,60,10.548535346984863,27,25.395431518554688,3.278536558151245,10.736856460571289,10.701027870178223,10.748799324035645,0.0013582376854087406,0.016999416915812672,0.034493036568164825,0.4855949878692627
839277350,Std-XY p=30,0,spsa,sequential,0,deterministic_linear_ramp,10,120,5,60,10.050558090209961,37,151.08984375,19.505617141723633,380.46905517578125,378.7780456542969,378.7781066894531,0.001162967485950647,0.015850026609609436,0.17571258544921875,0.6647701263427734
839277350,Std-XY p=30,0,spsa,sequential,0,deterministic_linear_ramp,15,120,5,60,8.584684371948242,47,5.422098636627197,0.6999899744987488,0.489441454410553,0.4878081679344177,0.4899858832359314,0.001028075573781645,0.015214047873475552,0.00557432696223259,0.8465309143066406
839277350,Std-XY p=30,0,spsa,sequential,0,deterministic_linear_ramp,20,120,5,60,8.324064254760742,57,76.70650482177734,9.902767181396484,97.62895202636719,98.06480407714844,96.32141876220703,0.000928123437524123,0.014778350620464044,0.07119310647249222,1.026817798614502
839277350,Std-XY p=30,0,spsa,sequential,0,deterministic_linear_ramp,25,120,5,60,8.00689697265625,67,34.92715835571289,4.509077072143555,20.12845802307129,19.97032356262207,20.241413116455078,0.000850449615109776,0.014449008773880907,0.029703790321946144,1.208465337753296
839277350,Std-XY p=30,0,spsa,sequential,0,deterministic_linear_ramp,30,120,5,60,7.79157018661499,77,5.758528232574463,0.7434228658676147,0.5428521037101746,0.5428521037101746,0.5428521037101746,0.0007879704914772417,0.014185372641231635,0.004537550732493401,1.3880934715270996
839277350,Std-XY p=30,0,spsa,sequential,0,deterministic_linear_ramp,35,120,5,60,7.79157018661499,87,5.6870341300964355,0.7341930270195007,0.4905257523059845,0.4791460633277893,0.5007076263427734,0.0007363819189590476,0.013966227856027484,0.004187829326838255,1.5654098987579346
839277350,Std-XY p=30,0,spsa,sequential,0,deterministic_linear_ramp,40,120,5,60,7.79157018661499,97,26.01647186279297,3.3587124347686768,11.168137550354004,10.82970905303955,9.475996017456055,0.0006929023176019624,0.013779134410346052,0.018026873469352722,1.7420623302459717
839277350,Std-XY p=30,0,spsa,sequential,0,deterministic_linear_ramp,45,120,5,60,7.6533966064453125,107,13.520413398742676,1.7454780340194702,3.0433077812194824,3.0331521034240723,3.0466928482055664,0.0006556459210734389,0.013616187769422706,0.00886460393667221,1.9205803871154785
839277350,Std-XY p=30,0,spsa,sequential,0,deterministic_linear_ramp,50,120,5,60,7.6138081550598145,117,49.16843795776367,6.347618579864502,40.2922477722168,39.57594299316406,39.575950622558594,0.0006232843605941013,0.013472060523173781,0.03064591810107231,2.0987350940704346
839277350,Std-XY p=30,0,spsa,sequential,0,deterministic_linear_ramp,55,120,5,60,7.613441467285156,127,12.357237815856934,1.5953127145767212,2.499777317047119,2.5337111949920654,2.4432213306427,0.0005948520951864381,0.01334299625175472,0.007350729312747717,2.2778890132904053
839277350,Std-XY p=30,0,spsa,sequential,0,deterministic_linear_ramp,60,120,5,60,7.447840690612793,137,86.5660400390625,11.175628662109375,121.42536926269531,119.89887237548828,122.67430877685547,0.0005696287018725676,0.013226249755755135,0.049310505390167236,2.453571319580078
839277350,Std-XY p=30,0,spsa,sequential,0,deterministic_linear_ramp,65,120,5,60,7.447840690612793,147,86.62260437011719,11.182930946350098,122.83467864990234,124.50210571289062,120.05561065673828,0.0005470645966488485,0.01311975565249048,0.04738815873861313,2.6243326663970947
839277350,Std-XY p=30,0,spsa,sequential,0,deterministic_linear_ramp,70,120,5,60,7.390982151031494,157,33.20569610595703,4.286837100982666,18.295291900634766,18.05026626586914,18.37696647644043,0.0005267324660811967,0.013021922119457682,0.01749051734805107,2.806126356124878
839277350,Std-XY p=30,0,spsa,sequential,0,deterministic_linear_ramp,75,120,5,60,7.384787559509277,167,36.1170539855957,4.662691593170166,21.644067764282227,21.354188919067383,21.740692138671875,0.000508294530780628,0.01293149713891721,0.018358102068305016,2.986947536468506
839277350,Std-XY p=30,0,spsa,sequential,0,deterministic_linear_ramp,80,120,5,60,7.332590579986572,177,10.371179580688477,1.3389135599136353,1.790697693824768,1.792689561843872,1.784722089767456,0.0004914798926688879,0.012847478719003411,0.0050972262397408485,3.1663639545440674
839277350,Std-XY p=30,0,spsa,sequential,0,deterministic_linear_ramp,85,120,5,60,7.332590579986572,187,16.550539016723633,2.1366653442382812,4.484177112579346,4.545048713684082,4.382725238800049,0.00047606849595323146,0.012769052840860788,0.00787918921560049,3.345033645629883
839277350,Std-XY p=30,0,spsa,sequential,0,deterministic_linear_ramp,90,120,5,60,7.239238739013672,197,21.892480850219727,2.8263072967529297,7.9081315994262695,7.846002101898193,7.952508926391602,0.0004618795387292672,0.01269554947299621,0.010111688636243343,3.522885799407959
839277350,Std-XY p=30,0,spsa,sequential,0,deterministic_linear_ramp,95,120,5,60,7.163056373596191,207,30.85017967224121,3.982741594314575,15.84460163116455,15.862225532531738,15.791728019714355,0.0004487629483523659,0.012626410699612943,0.013844417408108711,3.702131748199463
839277350,Std-XY p=30,0,spsa,sequential,0,deterministic_linear_ramp,100,120,5,60,7.163056373596191,217,57.61278533935547,7.437778949737549,55.074684143066406,54.337074279785156,55.32054901123047,0.00043659300893905147,0.012561167176266359,0.02515333890914917,3.879737377166748
839277350,Std-XY p=30,0,spsa,sequential,0,deterministic_linear_ramp,105,120,5,60,7.1172566413879395,227,35.021053314208984,4.521198749542236,19.328325271606445,19.623586654663086,18.98763656616211,0.0004252635282576202,0.01249942043693397,0.014893176034092903,4.058570861816406
839277350,Std-XY p=30,0,spsa,sequential,0,deterministic_linear_ramp,110,120,5,60,7.1172566413879395,237,24.964488983154297,3.2229015827178955,10.202435493469238,10.34092903137207,9.232973098754883,0.0004146841238534775,0.012440829393713411,0.010352376848459244,4.23601508140564
839277350,Std-XY p=30,0,spsa,sequential,0,deterministic_linear_ramp,115,120,5,60,7.1172566413879395,247,28.882936477661133,3.728771209716797,13.656556129455566,13.903733253479004,12.915023803710938,0.0004047773350640534,0.012385099893453082,0.011691157706081867,4.414158821105957
839277350,Std-XY p=30,0,spsa,sequential,0,deterministic_linear_ramp,120,120,5,60,7.1172566413879395,257,35.38170623779297,4.567759037017822,20.28485107421875,16.32061195373535,20.49349594116211,0.00039547635273157146,0.012331976538504544,0.013992628082633018,4.592386245727539
839277350,Std-XY p=30,0,spsa,sequential,1,random_shared_stream,1,120,5,60,7.661664009094238,19,1.095973014831543,0.14148950576782227,0.019663384184241295,0.020019281655550003,0.01859568990767002,0.7472314500354693,0.02,0.25,4.957968711853027
839277350,Std-XY p=30,0,spsa,sequential,1,random_shared_stream,5,120,5,60,7.661487102508545,27,0.5376494526863098,0.06941024959087372,0.004625070374459028,0.004796369466930628,0.004282472655177116,0.6357974619809319,0.016999416915812672,0.25,5.099275827407837
839277350,Std-XY p=30,0,spsa,sequential,1,random_shared_stream,10,120,5,60,7.6612548828125,37,1.2222533226013184,0.15779222548007965,0.024787725880742073,0.023127833381295204,0.02445574663579464,0.5443905612965317,0.015850026609609436,0.25,5.277768850326538
839277350,Std-XY p=30,0,spsa,sequential,1,random_shared_stream,15,120,5,60,7.6599507331848145,47,1.637020230293274,0.21133843064308167,0.0446639209985733,0.043869901448488235,0.04386989772319794,0.4812470214579969,0.015214047873475552,0.25,5.454119443893433
839277350,Std-XY p=30,0,spsa,sequential,1,random_shared_stream,20,120,5,60,7.6599507331848145,57,0.47824257612228394,0.061740852892398834,0.0036594548728317022,0.003540861653164029,0.0037441649474203587,0.4344589553965103,0.014778350620464044,0.207776740193367,5.6309428215026855
839277350,Std-XY p=30,0,spsa,sequential,1,random_shared_stream,25,120,5,60,7.6599507331848145,67,3.761815071105957,0.4856482446193695,0.23349569737911224,0.23585420846939087,0.226420059800148,0.3980994730438042,0.014449008773880907,0.25,5.8096723556518555
839277350,Std-XY p=30,0,spsa,sequential,1,random_shared_stream,30,120,5,60,7.6599507331848145,77,0.09803246706724167,0.012655938044190407,0.0001487826812081039,0.00014878269576001912,0.0001487826812081039,0.3688527008042284,0.014185372641231635,0.036159541457891464,5.988849639892578
839277350,Std-XY p=30,0,spsa,sequential,1,random_shared_stream,35,120,5,60,7.657192230224609,87,0.26525741815567017,0.034244585782289505,0.0011609647190198302,0.0011726917000487447,0.0011257842415943742,0.3447038468689788,0.013966227856027484,0.0914352610707283,6.167332649230957
839277350,Std-XY p=30,0,spsa,sequential,1,random_shared_stream,40,120,5,60,7.657192230224609,97,0.151048943400383,0.019500335678458214,0.0003798405232373625,0.0003785730223171413,0.00037350281490944326,0.32435084055222485,0.013779134410346052,0.04899285361170769,6.344916105270386
839277350,Std-XY p=30,0,spsa,sequential,1,random_shared_stream,45,120,5,60,7.657192230224609,107,1.4593936204910278,0.18840692937374115,0.03451113402843475,0.03155303746461868,0.035497166216373444,0.30691094574599137,0.013616187769422706,0.25,6.524853706359863
839277350,Std-XY p=30,0,spsa,sequential,1,random_shared_stream,50,120,5,60,7.657192230224609,117,0.3376339077949524,0.04358835518360138,0.0018978334264829755,0.0018999443855136633,0.0018915002001449466,0.29176234676398516,0.013472060523173781,0.09850886464118958,6.705015182495117
839277350,Std-XY p=30,0,spsa,sequential,1,random_shared_stream,55,120,5,60,7.657192230224609,127,0.9215229749679565,0.11896810680627823,0.014137683436274529,0.014090505428612232,0.014153407886624336,0.27845306932399094,0.01334299625175472,0.25,6.8821961879730225
839277350,Std-XY p=30,0,spsa,sequential,1,random_shared_stream,60,120,5,60,7.657192230224609,137,0.4718100130558014,0.060910414904356,0.003607020480558276,0.0035616750828921795,0.0036441213451325893,0.2666458800346733,0.013226249755755135,0.12580619752407074,7.0592615604400635
839277350,Std-XY p=30,0,spsa,sequential,1,random_shared_stream,65,120,5,60,7.657192230224609,147,0.43749287724494934,0.05648009106516838,0.0031864556949585676,0.003175822552293539,0.003133289283141494,0.25608351603371127,0.01311975565249048,0.11203471571207047,7.236920595169067
839277350,Std-XY p=30,0,spsa,sequential,1,random_shared_stream,70,120,5,60,7.656949043273926,157,1.739293098449707,0.2245417684316635,0.048402246087789536,0.048402246087789536,0.048402249813079834,0.2465659498886608,0.013021922119457682,0.25,7.417611598968506
839277350,Std-XY p=30,0,spsa,sequential,1,random_shared_stream,75,120,5,60,7.656949043273926,167,0.8955786228179932,0.11561870574951172,0.013367683626711369,0.01241709291934967,0.012417093850672245,0.23793506547556748,0.01293149713891721,0.21308955550193787,7.5934836864471436
839277350,Std-XY p=30,0,spsa,sequential,1,random_shared_stream,80,120,5,60,7.656949043273926,177,0.5363188982009888,0.06923847645521164,0.0047460258938372135,0.004793965257704258,0.004602207336574793,0.23006405412724448,0.012847478719003411,0.12338767945766449,7.771668910980225
839277350,Std-XY p=30,0,spsa,sequential,1,random_shared_stream,85,120,5,60,7.656949043273926,187,0.44213253259658813,0.057079073041677475,0.003167519113048911,0.0032580196857452393,0.0028960176277905703,0.222849906689974,0.012769052840860788,0.09852919727563858,7.949863910675049
839277350,Std-XY p=30,0,spsa,sequential,1,random_shared_stream,90,120,5,60,7.656949043273926,197,1.00328528881073,0.12952359020709991,0.016757717356085777,0.015583370812237263,0.01491231843829155,0.2162079889401822,0.01269554947299621,0.21691830456256866,8.12622332572937
839277350,Std-XY p=30,0,spsa,sequential,1,random_shared_stream,95,120,5,60,7.656949043273926,207,0.08702675253152847,0.011235106736421585,0.00012398355465848,0.00011220231681363657,0.00012566658551804721,0.21006805116561827,0.012626410699612943,0.018281539902091026,8.305034875869751
839277350,Std-XY p=30,0,spsa,sequential,1,random_shared_stream,100,120,5,60,7.656949043273926,217,1.9068902730941772,0.24617847800254822,0.05892040207982063,0.06060383841395378,0.05387008190155029,0.20437124516872202,0.012561167176266359,0.25,8.481062412261963
839277350,Std-XY p=30,0,spsa,sequential,1,random_shared_stream,105,120,5,60,7.656949043273926,227,1.1744604110717773,0.1516222059726715,0.022989289835095406,0.022989289835095406,0.022989289835095406,0.19906786186534364,0.01249942043693397,0.2337973266839981,8.659250259399414
839277350,Std-XY p=30,0,spsa,sequential,1,random_shared_stream,110,120,5,60,7.656949043273926,237,0.09337207674980164,0.012054285034537315,0.00014530577755067497,0.00011366139369783923,0.00011366139369783923,0.19411559280251048,0.012440829393713411,0.018124977126717567,8.8389151096344
839277350,Std-XY p=30,0,spsa,sequential,1,random_shared_stream,115,120,5,60,7.656949043273926,247,2.7199745178222656,0.35114723443984985,0.12275634706020355,0.12275633960962296,0.12275635451078415,0.18947817827899763,0.012385099893453082,0.25,9.017140626907349
839277350,Std-XY p=30,0,spsa,sequential,1,random_shared_stream,120,120,5,60,7.656949043273926,257,1.5603034496307373,0.20143431425094604,0.03985443338751793,0.03985443338751793,0.03985443338751793,0.18512434461317503,0.012331976538504544,0.25,9.194564819335938
839277350,Std-XY p=30,0,spsa,sequential,2,random_shared_stream,1,120,5,60,7.664066791534424,19,0.9258843660354614,0.11953116208314896,0.014287696219980717,0.014287698082625866,0.014287697151303291,0.5067649776656413,0.02,0.25,9.564507246017456
839277350,Std-XY p=30,0,spsa,sequential,2,random_shared_stream,5,120,5,60,7.659553050994873,27,1.7125693559646606,0.22109176218509674,0.04752374067902565,0.048664309084415436,0.04540553316473961,0.43119154929218295,0.016999416915812672,0.25,9.708319664001465
839277350,Std-XY p=30,0,spsa,sequential,2,random_shared_stream,10,120,5,60,7.659553050994873,37,0.8243510127067566,0.1064232662320137,0.011212649755179882,0.011124560609459877,0.011275571770966053,0.3692002934615875,0.015850026609609436,0.25,9.885690212249756
839277350,Std-XY p=30,0,spsa,sequential,2,random_shared_stream,15,120,5,60,7.658425331115723,47,0.3170619010925293,0.04093252122402191,0.00162893021479249,0.0016456848243251443,0.001608452177606523,0.3263769693703897,0.015214047873475552,0.1034817099571228,10.064152240753174
839277350,Std-XY p=30,0,spsa,sequential,2,random_shared_stream,20,120,5,60,7.658425331115723,57,0.21544033288955688,0.027813229709863663,0.0007701375288888812,0.0007598231895826757,0.000773575680796057,0.29464576580348634,0.014778350620464044,0.06347857415676117,10.234827756881714
839277350,Std-XY p=30,0,spsa,sequential,2,random_shared_stream,25,120,5,60,7.658425331115723,67,0.4276649057865143,0.05521130561828613,0.003017805051058531,0.0029940963722765446,0.0030347402207553387,0.26998712454644513,0.014449008773880907,0.11546402424573898,10.41614556312561
839277350,Std-XY p=30,0,spsa,sequential,2,random_shared_stream,30,120,5,60,7.658425331115723,77,1.391852617263794,0.17968741059303284,0.032287564128637314,0.032287560403347015,0.032287564128637314,0.25015225292791615,0.014185372641231635,0.25,10.598240852355957
839277350,Std-XY p=30,0,spsa,sequential,2,random_shared_stream,35,120,5,60,7.654415130615234,87,1.4299570322036743,0.1846066564321518,0.033738818019628525,0.03271643444895744,0.028626879677176476,0.23377473907385304,0.013966227856027484,0.25,10.77816128730774
839277350,Std-XY p=30,0,spsa,sequential,2,random_shared_stream,40,120,5,60,7.654415130615234,97,0.8536208868026733,0.11020199209451675,0.011807131581008434,0.009499680250883102,0.011928575113415718,0.21997153152544366,0.013779134410346052,0.18777228891849518,10.956833124160767
839277350,Std-XY p=30,0,spsa,sequential,2,random_shared_stream,45,120,5,60,7.654415130615234,107,0.31941187381744385,0.04123590141534805,0.0016928419936448336,0.0017003992106765509,0.0016701698768883944,0.20814396738644425,0.013616187769422706,0.06648366153240204,11.13364291191101
839277350,Std-XY p=30,0,spsa,sequential,2,random_shared_stream,50,120,5,60,7.654415130615234,117,2.2624077796936035,0.29207560420036316,0.08521337062120438,0.08530815690755844,0.08492900431156158,0.1978703374095238,0.013472060523173781,0.25,11.311839580535889
839277350,Std-XY p=30,0,spsa,sequential,2,random_shared_stream,55,120,5,60,7.654415130615234,127,0.39529430866241455,0.05103227496147156,0.002592718694359064,0.0026042931713163853,0.002557995030656457,0.18884411710749513,0.01334299625175472,0.07464899867773056,11.489196062088013
839277350,Std-XY p=30,0,spsa,sequential,2,random_shared_stream,60,120,5,60,7.654415130615234,137,0.16238978505134583,0.020964432507753372,0.0004375539720058441,0.0004219270485918969,0.0004375540011096746,0.1808365981303281,0.013226249755755135,0.029366016387939453,11.667505025863647
839277350,Std-XY p=30,0,spsa,sequential,2,random_shared_stream,65,120,5,60,7.654415130615234,147,0.006897410377860069,0.0008904518326744437,7.920234565972351e-07,7.893804649938829e-07,7.929045295895776e-07,0.17367330734968733,0.01311975565249048,0.0011978960828855634,11.847632646560669
839277350,Std-XY p=30,0,spsa,sequential,2,random_shared_stream,70,120,5,60,7.654415130615234,157,0.46786755323410034,0.060401447117328644,0.0034497028682380915,0.002610586117953062,0.0036321196239441633,0.16721858813959675,0.013021922119457682,0.07823614776134491,12.02768611907959
839277350,Std-XY p=30,0,spsa,sequential,2,random_shared_stream,75,120,5,60,7.654415130615234,167,1.3494373559951782,0.17421163618564606,0.030046192929148674,0.03021480329334736,0.029810138046741486,0.16136520770890378,0.01293149713891721,0.21775224804878235,12.205262899398804
839277350,Std-XY p=30,0,spsa,sequential,2,random_shared_stream,80,120,5,60,7.654415130615234,177,0.9497343301773071,0.1226101815700531,0.014882923103868961,0.014966441318392754,0.013964223675429821,0.15602716567393646,0.012847478719003411,0.14818435907363892,12.38480281829834
839277350,Std-XY p=30,0,spsa,sequential,2,random_shared_stream,85,120,5,60,7.654415130615234,187,1.1809003353118896,0.15245358645915985,0.02300966903567314,0.022312408313155174,0.02324208989739418,0.15113460224562858,0.012769052840860788,0.17847487330436707,12.560302257537842
839277350,Std-XY p=30,0,spsa,sequential,2,random_shared_stream,90,120,5,60,7.654415130615234,197,0.4954603314399719,0.06396365165710449,0.004050435498356819,0.003636754583567381,0.00401861360296607,0.1466301193307693,0.01269554947299621,0.07264941185712814,12.737523794174194
839277350,Std-XY p=30,0,spsa,sequential,2,random_shared_stream,95,120,5,60,7.654415130615234,207,2.4107143878936768,0.3112218976020813,0.09589046984910965,0.0951371118426323,0.09642858058214188,0.14246607426943309,0.012626410699612943,0.25,12.916731595993042
839277350,Std-XY p=30,0,spsa,sequential,2,random_shared_stream,100,120,5,60,7.654415130615234,217,1.2266141176223755,0.1583552062511444,0.0250763688236475,0.024964919313788414,0.024964919313788414,0.1386025567961715,0.012561167176266359,0.17001186311244965,13.094916820526123
839277350,Std-XY p=30,0,spsa,sequential,2,random_shared_stream,105,120,5,60,7.654415130615234,227,0.7643079161643982,0.09867172688245773,0.00963874813169241,0.009563023224473,0.009692837484180927,0.13500585470184542,0.01249942043693397,0.10318605601787567,13.272719621658325
839277350,Std-XY p=30,0,spsa,sequential,2,random_shared_stream,110,120,5,60,7.654415130615234,237,1.9565086364746094,0.25258418917655945,0.06379877030849457,0.06266456842422485,0.06266456842422485,0.13164727481217167,0.012440829393713411,0.25,13.449481010437012
839277350,Std-XY p=30,0,spsa,sequential,2,random_shared_stream,115,120,5,60,7.654415130615234,247,0.12570245563983917,0.016228118911385536,0.0002633518015500158,0.00026335177244618535,0.00026335177244618535,0.12850222615646698,0.012385099893453082,0.016153044998645782,13.627718448638916
839277350,Std-XY p=30,0,spsa,sequential,2,random_shared_stream,120,120,5,60,7.654415130615234,257,0.9183012843132019,0.11855220049619675,0.013992155902087688,0.014054622501134872,0.01380476076155901,0.1255494992332148,0.012331976538504544,0.1152922660112381,13.805103540420532
839277350,Std-XY p=30,0,spsa,sequential,3,random_shared_stream,1,120,5,60,7.661352157592773,19,1.640681505203247,0.21181108057498932,0.04466453939676285,0.04466453567147255,0.04466453567147255,0.4113322954336501,0.02,0.25,14.17518949508667
839277350,Std-XY p=30,0,spsa,sequential,3,random_shared_stream,5,120,5,60,7.65984582901001,27,0.6349890232086182,0.08197673410177231,0.006720184814184904,0.006242305040359497,0.006242305040359497,0.34999066146786467,0.016999416915812672,0.22224023938179016,14.322917938232422
839277350,Std-XY p=30,0,spsa,sequential,3,random_shared_stream,10,120,5,60,7.65984582901001,37,0.5476253628730774,0.07069813460111618,0.00472610117867589,0.004442868288606405,0.00490936916321516,0.29967344011000385,0.015850026609609436,0.1641087830066681,14.501198530197144
839277350,Std-XY p=30,0,spsa,sequential,3,random_shared_stream,15,120,5,60,7.65984582901001,47,0.6611930131912231,0.08535965532064438,0.006889573764055967,0.006994820199906826,0.006768135819584131,0.264914494695758,0.015214047873475552,0.17515961825847626,14.679007053375244
839277350,Std-XY p=30,0,spsa,sequential,3,random_shared_stream,20,120,5,60,7.6577959060668945,57,1.0720781087875366,0.1384046971797943,0.017431829124689102,0.01779366098344326,0.01702742837369442,0.23915883008734384,0.014778350620464044,0.25,14.855872869491577
839277350,Std-XY p=30,0,spsa,sequential,3,random_shared_stream,25,120,5,60,7.657257080078125,67,1.53235924243927,0.19782674312591553,0.03896148502826691,0.039135418832302094,0.03843967989087105,0.21914384097492362,0.014449008773880907,0.25,15.032660961151123
839277350,Std-XY p=30,0,spsa,sequential,3,random_shared_stream,30,120,5,60,7.657257080078125,77,1.8206958770751953,0.23505084216594696,0.054696403443813324,0.05426669120788574,0.055003345012664795,0.2030442215614757,0.014185372641231635,0.25,15.210536479949951
839277350,Std-XY p=30,0,spsa,sequential,3,random_shared_stream,35,120,5,60,7.657257080078125,87,1.0663189888000488,0.1376611888408661,0.01886637881398201,0.018950602039694786,0.018613701686263084,0.18975087915624553,0.013966227856027484,0.2023349553346634,15.390377044677734
839277350,Std-XY p=30,0,spsa,sequential,3,random_shared_stream,40,120,5,60,7.657257080078125,97,0.8613945841789246,0.1112055703997612,0.01224300917237997,0.011872008442878723,0.012366676703095436,0.17854705628871417,0.013779134410346052,0.15379945933818817,15.56948184967041
839277350,Std-XY p=30,0,spsa,sequential,3,random_shared_stream,45,120,5,60,7.657257080078125,107,0.9601345062255859,0.12395284324884415,0.015347233042120934,0.015091163106262684,0.014749732799828053,0.16894682872544864,0.013616187769422706,0.16221168637275696,15.74711298942566
839277350,Std-XY p=30,0,spsa,sequential,3,random_shared_stream,50,120,5,60,7.657257080078125,117,1.2271616458892822,0.15842588245868683,0.02484777383506298,0.023313960060477257,0.02498721145093441,0.16060790242413103,0.013472060523173781,0.19709186255931854,15.926445960998535
839277350,Std-XY p=30,0,spsa,sequential,3,random_shared_stream,55,120,5,60,7.657257080078125,127,0.5813151597976685,0.07504746317863464,0.005625864025205374,0.005531995091587305,0.005607089959084988,0.15328147680366733,0.01334299625175472,0.08910484611988068,16.10402202606201
839277350,Std-XY p=30,0,spsa,sequential,3,random_shared_stream,60,120,5,60,7.657257080078125,137,0.19869358837604523,0.02565123327076435,0.000657985801808536,0.0006462883320637047,0.0006462882738560438,0.14678191328454068,0.013226249755755135,0.029164625331759453,16.282756805419922
839277350,Std-XY p=30,0,spsa,sequential,3,random_shared_stream,65,120,5,60,7.657257080078125,147,1.6818419694900513,0.21712487936019897,0.04667177051305771,0.043790798634290695,0.046933677047491074,0.14096759507093332,0.01311975565249048,0.237085223197937,16.461628198623657
839277350,Std-XY p=30,0,spsa,sequential,3,random_shared_stream,70,120,5,60,7.657257080078125,157,2.2200660705566406,0.28660935163497925,0.08132345229387283,0.0788591057062149,0.08214489370584488,0.13572841204511263,0.013021922119457682,0.25,16.640275239944458
839277350,Std-XY p=30,0,spsa,sequential,3,random_shared_stream,75,120,5,60,7.657257080078125,167,0.8738710880279541,0.11281627416610718,0.012727511115372181,0.012727512046694756,0.012727512046694756,0.13097732522041908,0.01293149713891721,0.11445730179548264,16.819194793701172
839277350,Std-XY p=30,0,spsa,sequential,3,random_shared_stream,80,120,5,60,7.657257080078125,177,0.9845210909843445,0.1271011233329773,0.016154695302248,0.015508507378399372,0.015508505515754223,0.12664452958509573,0.012847478719003411,0.12468421459197998,17.00022268295288
839277350,Std-XY p=30,0,spsa,sequential,3,random_shared_stream,85,120,5,60,7.657257080078125,187,1.0488535165786743,0.13540640473365784,0.01831452175974846,0.018253406509757042,0.018334895372390747,0.1226733211665684,0.012769052840860788,0.12866634130477905,17.17626690864563
839277350,Std-XY p=30,0,spsa,sequential,3,random_shared_stream,90,120,5,60,7.657257080078125,197,0.024729376658797264,0.0031925488729029894,9.63744787441101e-06,9.46757700148737e-06,9.784673238755204e-06,0.1190171109334824,0.01269554947299621,0.0029432186856865883,17.354743719100952
839277350,Std-XY p=30,0,spsa,sequential,3,random_shared_stream,95,120,5,60,7.657257080078125,207,1.4409875869750977,0.18603070080280304,0.033646102994680405,0.034453608095645905,0.03214644640684128,0.11563722816956598,0.012626410699612943,0.1666318029165268,17.532287120819092
839277350,Std-XY p=30,0,spsa,sequential,3,random_shared_stream,100,120,5,60,7.657257080078125,217,0.22641564905643463,0.029230134561657906,0.0008458567899651825,0.0008202248136512935,0.0008544008014723659,0.11250127840830755,0.012561167176266359,0.02547205239534378,17.71040964126587
839277350,Std-XY p=30,0,spsa,sequential,3,random_shared_stream,105,120,5,60,7.657257080078125,227,1.7540814876556396,0.22645096480846405,0.05122305452823639,0.04922883212566376,0.04763345047831535,0.10958189803742036,0.01249942043693397,0.19221557676792145,17.874797344207764
839277350,Std-XY p=30,0,spsa,sequential,3,random_shared_stream,110,120,5,60,7.657257080078125,237,0.7995262742042542,0.10321839898824692,0.010654037818312645,0.010227875784039497,0.010227875784039497,0.1068557973076886,0.012440829393713411,0.08543401211500168,18.035789251327515
839277350,Std-XY p=30,0,spsa,sequential,3,random_shared_stream,115,120,5,60,7.657257080078125,247,2.6144022941589355,0.3375178873538971,0.10936158150434494,0.11391832679510117,0.09569139778614044,0.10430301615702459,0.012385099893453082,0.25,18.198307991027832
839277350,Std-XY p=30,0,spsa,sequential,3,random_shared_stream,120,120,5,60,7.657257080078125,257,0.24005819857120514,0.030991381034255028,0.0009508610237389803,0.0009604656370356679,0.0009220469510182738,0.10190633920289731,0.012331976538504544,0.024463454261422157,18.365646362304688
839277350,Std-XY p=30,0,spsa,sequential,4,continuation,1,120,5,60,0.06397943943738937,19,2.2199018001556396,0.28658807277679443,0.0821327194571495,0.08176769316196442,0.08176769316196442,0.002752826923400037,0.02,0.006111005321145058,18.734533309936523
839277350,Std-XY p=30,0,spsa,sequential,4,continuation,5,120,5,60,0.06397943943738937,27,355.9327392578125,45.95072555541992,2102.08447265625,2073.931396484375,2111.46875,0.00234230019505662,0.016999416915812672,0.25,18.875911474227905
839277350,Std-XY p=30,0,spsa,sequential,4,continuation,10,120,5,60,0.06397943943738937,37,386.5924377441406,49.908870697021484,2490.89501953125,2479.82421875,2479.824462890625,0.0020055539604373115,0.015850026609609436,0.25,19.055614948272705
839277350,Std-XY p=30,0,spsa,sequential,4,continuation,15,120,5,60,0.06397943943738937,47,511.55523681640625,66.04149627685547,4283.94140625,4187.02001953125,4342.0947265625,0.001772930940490747,0.015214047873475552,0.25,19.235997915267944
839277350,Std-XY p=30,0,spsa,sequential,4,continuation,20,120,5,60,0.06397943943738937,57,873.24462890625,112.73540496826172,12200.8994140625,11805.5,12483.3271484375,0.0016005620607523927,0.014778350620464044,0.25,19.410048723220825
839277350,Std-XY p=30,0,spsa,sequential,4,continuation,25,120,5,60,0.06397943943738937,67,200.22564697265625,25.84902000427246,593.9304809570312,656.2931518554688,478.1140441894531,0.0014666124499100402,0.014449008773880907,0.25,19.591466665267944
839277350,Std-XY p=30,0,spsa,sequential,4,continuation,30,120,5,60,0.06397943943738937,77,67.52327728271484,8.717218399047852,75.90544891357422,74.63894653320312,72.9502944946289,0.0013588663131008474,0.014185372641231635,0.09175510704517365,19.76937437057495
839277350,Std-XY p=30,0,spsa,sequential,4,continuation,35,120,5,60,0.06397943943738937,87,125.08142852783203,16.1479434967041,259.59716796875,260.7560729980469,256.1203918457031,0.0012699010864912683,0.013966227856027484,0.15884104371070862,19.945342302322388
839277350,Std-XY p=30,0,spsa,sequential,4,continuation,40,120,5,60,0.06397943943738937,97,299.4986877441406,38.66511917114258,1488.3468017578125,1435.19140625,1488.3465576171875,0.0011949198959133934,0.013779134410346052,0.25,20.124558925628662
839277350,Std-XY p=30,0,spsa,sequential,4,continuation,45,120,5,60,0.06397943943738937,107,558.8438110351562,72.14643859863281,5199.32373046875,5112.572265625,5181.9736328125,0.0011306707105216583,0.013616187769422706,0.25,20.302071809768677
839277350,Std-XY p=30,0,spsa,sequential,4,continuation,50,120,5,60,0.06397943943738937,117,230.2870330810547,29.729928970336914,879.9403686523438,742.4495849609375,821.0157470703125,0.0010748627394740295,0.013472060523173781,0.24752695858478546,20.48082661628723
839277350,Std-XY p=30,0,spsa,sequential,4,continuation,55,120,5,60,0.06397943943738937,127,140.40463256835938,18.12615966796875,319.4310607910156,322.7166748046875,315.41534423828125,0.001025830893630178,0.01334299625175472,0.14403140544891357,20.657007455825806
839277350,Std-XY p=30,0,spsa,sequential,4,continuation,60,120,5,60,0.06397943943738937,137,284.8968811035156,36.780033111572266,1298.6597900390625,1352.7706298828125,1136.3272705078125,0.0009823327933243474,0.013226249755755135,0.25,20.838823080062866
839277350,Std-XY p=30,0,spsa,sequential,4,continuation,65,120,5,60,0.06397943943738937,147,97.9627914428711,12.646943092346191,153.54733276367188,142.17344665527344,159.23428344726562,0.0009434206731302368,0.01311975565249048,0.09242012351751328,21.01868724822998
839277350,Std-XY p=30,0,spsa,sequential,4,continuation,70,120,5,60,0.06397943943738937,157,268.51727294921875,34.66543197631836,1201.692138671875,1196.3514404296875,1196.351318359375,0.0009083576249567533,0.013021922119457682,0.24390971660614014,21.196173191070557
839277350,Std-XY p=30,0,spsa,sequential,4,continuation,75,120,5,60,0.06397943943738937,167,84.24751281738281,10.87630844116211,118.29407501220703,118.2940673828125,118.2940673828125,0.0008765611434462531,0.01293149713891721,0.07384809851646423,21.375197649002075
839277350,Std-XY p=30,0,spsa,sequential,4,continuation,80,120,5,60,0.06397943943738937,177,17.337574005126953,2.2382712364196777,4.9875922203063965,4.65360164642334,4.20828104019165,0.0008475640610121261,0.012847478719003411,0.014694705605506897,21.555971145629883
839277350,Std-XY p=30,0,spsa,sequential,4,continuation,85,120,5,60,0.06397943943738937,187,210.46665954589844,27.171131134033203,730.8875732421875,708.7394409179688,738.2703247070312,0.0008209868883118164,0.012769052840860788,0.17279036343097687,21.733033418655396
839277350,Std-XY p=30,0,spsa,sequential,4,continuation,90,120,5,60,0.06397943943738937,197,118.63204956054688,15.315332412719727,228.04383850097656,230.38941955566406,225.17698669433594,0.0007965178298912057,0.01269554947299621,0.09449253976345062,21.9104163646698
839277350,Std-XY p=30,0,spsa,sequential,4,continuation,95,120,5,60,0.06397943943738937,207,394.7594909667969,50.963233947753906,2594.364990234375,2493.361083984375,2551.077880859375,0.0007738980833414344,0.012626410699612943,0.25,22.086495637893677
839277350,Std-XY p=30,0,spsa,sequential,4,continuation,100,120,5,60,0.06397943943738937,217,19.88340950012207,2.5669374465942383,6.523274898529053,6.3256001472473145,6.589166164398193,0.0007529108498344689,0.012561167176266359,0.014970434829592705,22.261563777923584
839277350,Std-XY p=30,0,spsa,sequential,4,continuation,105,120,5,60,0.06397943943738937,227,11.969478607177734,1.545253038406372,2.377194404602051,2.37719464302063,2.377194404602051,0.0007333729993572744,0.01249942043693397,0.008778092451393604,22.44027590751648
839277350,Std-XY p=30,0,spsa,sequential,4,continuation,110,120,5,60,0.06397943943738937,237,160.76979064941406,20.755290985107422,423.12371826171875,428.8675231933594,413.5508117675781,0.0007151286660821679,0.012440829393713411,0.1149710863828659,22.615451335906982
839277350,Std-XY p=30,0,spsa,sequential,4,continuation,115,120,5,60,0.06397943943738937,247,126.70271301269531,16.357250213623047,256.8572692871094,237.83079528808594,266.3704833984375,0.0006980442679954886,0.012385099893453082,0.08844410628080368,22.795100450515747
839277350,Std-XY p=30,0,spsa,sequential,4,continuation,120,120,5,60,0.06397943943738937,257,32.4276237487793,4.186388969421387,17.447956085205078,17.447956085205078,17.447956085205078,0.0006820045917549972,0.012331976538504544,0.022115789353847504,22.977384090423584
839277350,Std-XY p=31,0,spsa,sequential,0,deterministic_linear_ramp,1,120,5,62,12.4015474319458,19,68.39640045166016,8.686351776123047,73.48983764648438,65.9524154663086,75.37419128417969,0.0015189228571167006,0.02,0.1038888543844223,0.3510878086090088
839277350,Std-XY p=31,0,spsa,sequential,0,deterministic_linear_ramp,5,120,5,62,10.416919708251953,27,21.002958297729492,2.6673784255981445,7.114907741546631,7.107503890991211,7.107503890991211,0.0012924071885006755,0.016999416915812672,0.027144374325871468,0.4995739459991455
839277350,Std-XY p=31,0,spsa,sequential,0,deterministic_linear_ramp,10,120,5,62,8.47851276397705,37,8.955167770385742,1.1373074054718018,1.2450135946273804,1.2275160551071167,1.2598191499710083,0.001106601263521017,0.015850026609609436,0.009909799322485924,0.6851248741149902
839277350,Std-XY p=31,0,spsa,sequential,0,deterministic_linear_ramp,15,120,5,62,8.239398002624512,47,28.488521575927734,3.6180458068847656,12.74971866607666,12.96766185760498,12.422801971435547,0.0009782472362173528,0.015214047873475552,0.027868816629052162,0.8714091777801514
839277350,Std-XY p=31,0,spsa,sequential,0,deterministic_linear_ramp,20,120,5,62,7.991974353790283,57,171.43466186523438,21.77222442626953,466.137451171875,449.8596496582031,473.5364685058594,0.0008831395383578678,0.014778350620464044,0.15140074491500854,1.057004690170288
839277350,Std-XY p=31,0,spsa,sequential,0,deterministic_linear_ramp,25,120,5,62,7.755572319030762,67,27.5869140625,3.5035414695739746,11.814977645874023,11.240194320678711,12.159847259521484,0.0008092303783300945,0.014449008773880907,0.02232416905462742,1.2355883121490479
839277350,Std-XY p=31,0,spsa,sequential,0,deterministic_linear_ramp,30,120,5,62,7.709885597229004,77,16.791719436645508,2.1325504779815674,4.429462432861328,4.315887451171875,4.5051798820495605,0.0007497794667691996,0.014185372641231635,0.012590086087584496,1.418665885925293
839277350,Std-XY p=31,0,spsa,sequential,0,deterministic_linear_ramp,35,120,5,62,7.629647731781006,87,60.63372039794922,7.700490474700928,59.05073928833008,57.75495529174805,59.2358512878418,0.0007006912676393557,0.013966227856027484,0.042485520243644714,1.603609323501587
839277350,Std-XY p=31,0,spsa,sequential,0,deterministic_linear_ramp,40,120,5,62,7.629647731781006,97,63.04438018798828,8.006643295288086,63.039024353027344,62.43864822387695,52.83271026611328,0.0006593190174428593,0.013779134410346052,0.041566357016563416,1.786651372909546
839277350,Std-XY p=31,0,spsa,sequential,0,deterministic_linear_ramp,45,120,5,62,7.542154788970947,107,54.36305618286133,6.904114723205566,45.23634338378906,47.61720275878906,36.50651931762695,0.0006238683483822337,0.013616187769422706,0.03391538932919502,1.970811128616333
839277350,Std-XY p=31,0,spsa,sequential,0,deterministic_linear_ramp,50,120,5,62,7.542154788970947,117,58.49900436401367,7.429380893707275,55.138267517089844,55.138267517089844,55.138267517089844,0.0005930752745013474,0.013472060523173781,0.03469431400299072,2.149073600769043
839277350,Std-XY p=31,0,spsa,sequential,0,deterministic_linear_ramp,55,120,5,62,7.522293567657471,127,1.9271167516708374,0.24474407732486725,0.05965033918619156,0.05983733385801315,0.05933868885040283,0.0005660210522595571,0.01334299625175472,0.0010907887481153011,2.33423113822937
839277350,Std-XY p=31,0,spsa,sequential,0,deterministic_linear_ramp,60,120,5,62,7.522293567657471,137,0.6113277077674866,0.07763868570327759,0.005801960360258818,0.005268807988613844,0.006021494977176189,0.0005420201758390093,0.013226249755755135,0.00033135194098576903,2.51802396774292
839277350,Std-XY p=31,0,spsa,sequential,0,deterministic_linear_ramp,65,120,5,62,7.454363822937012,147,33.44292068481445,4.247255325317383,16.51870346069336,15.767854690551758,17.119384765625,0.0005205496982440334,0.01311975565249048,0.0174087043851614,2.703355550765991
839277350,Std-XY p=31,0,spsa,sequential,0,deterministic_linear_ramp,70,120,5,62,7.423102855682373,157,4.941411018371582,0.6275597810745239,0.3872743248939514,0.32457274198532104,0.38358598947525024,0.0005012030168896136,0.013021922119457682,0.00247665005736053,2.891477346420288
839277350,Std-XY p=31,0,spsa,sequential,0,deterministic_linear_ramp,75,120,5,62,7.39429235458374,167,39.07706069946289,4.9627909660339355,24.60367202758789,24.603670120239258,24.603670120239258,0.00048365872373712734,0.01293149713891721,0.018899962306022644,3.07690691947937
839277350,Std-XY p=31,0,spsa,sequential,0,deterministic_linear_ramp,80,120,5,62,7.39429235458374,177,18.565780639648438,2.357856512069702,5.536346912384033,4.8594889640808105,5.276017189025879,0.0004676590504832443,0.012847478719003411,0.008682455867528915,3.261197805404663
839277350,Std-XY p=31,0,spsa,sequential,0,deterministic_linear_ramp,85,120,5,62,7.306576251983643,187,50.55086898803711,6.419966697692871,40.82997131347656,40.143760681152344,41.17308807373047,0.0004529946069074823,0.012769052840860788,0.022899270057678223,3.4400980472564697
839277350,Std-XY p=31,0,spsa,sequential,0,deterministic_linear_ramp,90,120,5,62,7.306576251983643,197,25.354488372802734,3.2200233936309814,10.357760429382324,10.271446228027344,10.098816871643066,0.0004394933541366453,0.01269554947299621,0.01114312931895256,3.6217451095581055
839277350,Std-XY p=31,0,spsa,sequential,0,deterministic_linear_ramp,95,120,5,62,7.27631139755249,207,54.795711517333984,6.959062099456787,48.22697448730469,47.97499465942383,45.95924758911133,0.0004270124931843705,0.012626410699612943,0.02339845336973667,3.8098151683807373
839277350,Std-XY p=31,0,spsa,sequential,0,deterministic_linear_ramp,100,120,5,62,7.27631139755249,217,41.256622314453125,5.239596366882324,27.196260452270508,27.196264266967773,27.19626235961914,0.00041543240131212066,0.012561167176266359,0.017139337956905365,3.9968762397766113
839277350,Std-XY p=31,0,spsa,sequential,0,deterministic_linear_ramp,105,120,5,62,7.27631139755249,227,7.488110542297363,0.9509909749031067,0.9034426808357239,0.858270525932312,0.8808566927909851,0.00040465203316893003,0.01249942043693397,0.003030078951269388,4.179909944534302
839277350,Std-XY p=31,0,spsa,sequential,0,deterministic_linear_ramp,110,120,5,62,7.27631139755249,237,24.338062286376953,3.0909368991851807,9.464417457580566,9.464417457580566,9.46441650390625,0.00039458538691926787,0.012440829393713411,0.009603443555533886,4.366218090057373
839277350,Std-XY p=31,0,spsa,sequential,0,deterministic_linear_ramp,115,120,5,62,7.236602783203125,247,8.393635749816895,1.0659927129745483,1.1316108703613281,1.0784003734588623,0.9932634830474854,0.0003851587562316084,0.012385099893453082,0.003232882358133793,4.55497670173645
839277350,Std-XY p=31,0,spsa,sequential,0,deterministic_linear_ramp,120,120,5,62,7.231947422027588,257,5.033519744873047,0.6392576694488525,0.40184658765792847,0.3980195224285126,0.4048232436180115,0.00037630857002653336,0.012331976538504544,0.0018941565649583936,4.735519647598267
839277350,Std-XY p=31,0,spsa,sequential,1,random_shared_stream,1,120,5,62,7.6633219718933105,19,0.849388837814331,0.10787248611450195,0.011442732997238636,0.011333756148815155,0.01152749639004469,0.4079566200607903,0.02,0.25,5.122005224227905
839277350,Std-XY p=31,0,spsa,sequential,1,random_shared_stream,5,120,5,62,7.659542083740234,27,2.729039430618286,0.3465883731842041,0.11962349712848663,0.11899851262569427,0.11399857699871063,0.3471183976807424,0.016999416915812672,0.25,5.274319887161255
839277350,Std-XY p=31,0,spsa,sequential,1,random_shared_stream,10,120,5,62,7.657925605773926,37,1.7465465068817139,0.22181162238121033,0.04873962700366974,0.04669174551963806,0.049149204045534134,0.2972141140057576,0.015850026609609436,0.25,5.455895662307739
839277350,Std-XY p=31,0,spsa,sequential,1,random_shared_stream,15,120,5,62,7.657612323760986,47,0.3849866986274719,0.04889335855841637,0.002328371163457632,0.0021890669595450163,0.0023880728986114264,0.26274042437454664,0.015214047873475552,0.10115157067775726,5.640105485916138
839277350,Std-XY p=31,0,spsa,sequential,1,random_shared_stream,20,120,5,62,7.657612323760986,57,0.9895721077919006,0.12567578256130219,0.015777966007590294,0.01564648188650608,0.015383516438305378,0.23719612844225013,0.014778350620464044,0.23472268879413605,5.82656717300415
839277350,Std-XY p=31,0,spsa,sequential,1,random_shared_stream,25,120,5,62,7.657612323760986,67,1.5148135423660278,0.19238151609897614,0.03639444708824158,0.03666403517127037,0.03604782745242119,0.21734539607938475,0.014449008773880907,0.25,6.010865688323975
839277350,Std-XY p=31,0,spsa,sequential,1,random_shared_stream,30,120,5,62,7.657612323760986,77,0.6315323114395142,0.08020468801259995,0.006325690075755119,0.006265445612370968,0.006372547242790461,0.2013779012021566,0.014185372641231635,0.1271766573190689,6.196926832199097
839277350,Std-XY p=31,0,spsa,sequential,1,random_shared_stream,35,120,5,62,7.657612323760986,87,0.16573716700077057,0.021048640832304955,0.0004412011767271906,0.00043151964200660586,0.0004425842489581555,0.18819365309630065,0.013966227856027484,0.03119068033993244,6.383134841918945
839277350,Std-XY p=31,0,spsa,sequential,1,random_shared_stream,40,120,5,62,7.657612323760986,97,0.8254960179328918,0.10483808815479279,0.010705100372433662,0.010888093151152134,0.009058160707354546,0.17708177649546333,0.013779134410346052,0.14618030190467834,6.567240953445435
839277350,Std-XY p=31,0,spsa,sequential,1,random_shared_stream,45,120,5,62,7.657612323760986,107,0.35943591594696045,0.04564840346574783,0.0020642620511353016,0.002064261818304658,0.002064261818304658,0.16756033499426715,0.013616187769422706,0.060227200388908386,6.745871543884277
839277350,Std-XY p=31,0,spsa,sequential,1,random_shared_stream,50,120,5,62,7.657612323760986,117,1.0831549167633057,0.13756081461906433,0.01890328712761402,0.01795812137424946,0.01843070425093174,0.15928984365043755,0.013472060523173781,0.17253558337688446,6.930370330810547
839277350,Std-XY p=31,0,spsa,sequential,1,random_shared_stream,55,120,5,62,7.657612323760986,127,2.2711191177368164,0.28843241930007935,0.07895135134458542,0.0810290202498436,0.07618112862110138,0.1520235437113576,0.01334299625175472,0.25,7.114959716796875
839277350,Std-XY p=31,0,spsa,sequential,1,random_shared_stream,60,120,5,62,7.657612323760986,137,0.3376708924770355,0.04288424551486969,0.0017912160838022828,0.0017912162002176046,0.0017912162002176046,0.14557732007521465,0.013226249755755135,0.04915722459554672,7.299885272979736
839277350,Std-XY p=31,0,spsa,sequential,1,random_shared_stream,65,120,5,62,7.657612323760986,147,2.248234748840332,0.2855260968208313,0.08144031465053558,0.08076164871454239,0.08144032210111618,0.1398107181508983,0.01311975565249048,0.25,7.48594856262207
839277350,Std-XY p=31,0,spsa,sequential,1,random_shared_stream,70,120,5,62,7.657612323760986,157,0.2143738567829132,0.02722550556063652,0.000740456918720156,0.0007342863827943802,0.0007219454855658114,0.13461453145993998,0.013021922119457682,0.02885783463716507,7.667665719985962
839277350,Std-XY p=31,0,spsa,sequential,1,random_shared_stream,75,120,5,62,7.657612323760986,167,1.4714778661727905,0.18687787652015686,0.03488700091838837,0.031979750841856,0.03314265236258507,0.12990243531739434,0.01293149713891721,0.1911485642194748,7.850203037261963
839277350,Std-XY p=31,0,spsa,sequential,1,random_shared_stream,80,120,5,62,7.657612323760986,177,0.6118162870407104,0.07770073413848877,0.006012276280671358,0.005980863701552153,0.006031122989952564,0.12560519757938218,0.012847478719003411,0.07684729993343353,8.037128210067749
839277350,Std-XY p=31,0,spsa,sequential,1,random_shared_stream,85,120,5,62,7.657612323760986,187,0.34241023659706116,0.04348614066839218,0.0018733347533270717,0.001889077015221119,0.0017946230946108699,0.12166657962507985,0.012769052840860788,0.0416598841547966,8.222666501998901
839277350,Std-XY p=31,0,spsa,sequential,1,random_shared_stream,90,120,5,62,7.657612323760986,197,1.209145188331604,0.15356159210205078,0.02348301000893116,0.023556625470519066,0.023360317572951317,0.11804037476472737,0.01269554947299621,0.14272794127464294,8.407145500183105
839277350,Std-XY p=31,0,spsa,sequential,1,random_shared_stream,95,120,5,62,7.657612323760986,207,1.8991048336029053,0.24118654429912567,0.05792883038520813,0.056657664477825165,0.05811042711138725,0.11468822964051484,0.012626410699612943,0.21780498325824738,8.591785669326782
839277350,Std-XY p=31,0,spsa,sequential,1,random_shared_stream,100,120,5,62,7.657612323760986,217,0.7182732820510864,0.09122078865766525,0.007896946743130684,0.007896946743130684,0.007896946743130684,0.11157801563717555,0.012561167176266359,0.080143503844738,8.77331256866455
839277350,Std-XY p=31,0,spsa,sequential,1,random_shared_stream,105,120,5,62,7.657612323760986,227,2.9625322818756104,0.3762419819831848,0.14096881449222565,0.1414107382297516,0.14023230969905853,0.10868259370702207,0.01249942043693397,0.25,8.955579280853271
839277350,Std-XY p=31,0,spsa,sequential,1,random_shared_stream,110,120,5,62,7.657612323760986,237,0.8110825419425964,0.10300759226083755,0.010433905757963657,0.009716229513287544,0.010599523782730103,0.10597886523251912,0.012440829393713411,0.0859576165676117,9.142107486724854
839277350,Std-XY p=31,0,spsa,sequential,1,random_shared_stream,115,120,5,62,7.65667724609375,247,0.3339264988899231,0.04240870848298073,0.0017685549100860953,0.0017966271843761206,0.0017067958833649755,0.10344703395755964,0.012385099893453082,0.034543704241514206,9.328234910964966
839277350,Std-XY p=31,0,spsa,sequential,1,random_shared_stream,120,120,5,62,7.65667724609375,257,0.700110673904419,0.08891414105892181,0.007700060494244099,0.007700059562921524,0.006054747849702835,0.10107002578086746,0.012331976538504544,0.07076019793748856,9.513894081115723
839277350,Std-XY p=31,0,spsa,sequential,2,random_shared_stream,1,120,5,62,7.662198543548584,19,0.9069283604621887,0.11518001556396484,0.013142192736268044,0.013142192736268044,0.013142192736268044,0.42670573274327284,0.02,0.25,9.899412155151367
839277350,Std-XY p=31,0,spsa,sequential,2,random_shared_stream,5,120,5,62,7.655617713928223,27,0.45741668343544006,0.05809197574853897,0.0033606316428631544,0.0033711662981659174,0.003343073418363929,0.3630714711994641,0.016999416915812672,0.1660749614238739,10.05005693435669
839277350,Std-XY p=31,0,spsa,sequential,2,random_shared_stream,10,120,5,62,7.655617713928223,37,1.8000824451446533,0.22861067950725555,0.048782285302877426,0.04307198524475098,0.051773399114608765,0.31087365681079354,0.015850026609609436,0.25,10.233322620391846
839277350,Std-XY p=31,0,spsa,sequential,2,random_shared_stream,15,120,5,62,7.655617713928223,47,1.138425350189209,0.1445801556110382,0.02035963162779808,0.02088167332112789,0.019141534343361855,0.27481560487316825,0.015214047873475552,0.25,10.418216705322266
839277350,Std-XY p=31,0,spsa,sequential,2,random_shared_stream,20,120,5,62,7.655617713928223,57,0.38160136342048645,0.04846341907978058,0.0023389270063489676,0.002287602750584483,0.002346259308978915,0.24809732901438364,0.014778350620464044,0.09467427432537079,10.602047681808472
839277350,Std-XY p=31,0,spsa,sequential,2,random_shared_stream,25,120,5,62,7.655617713928223,67,0.4017328917980194,0.05102012678980827,0.0025786750484257936,0.0023836493492126465,0.0025786752812564373,0.22733428490169127,0.014449008773880907,0.09132765978574753,10.786276578903198
839277350,Std-XY p=31,0,spsa,sequential,2,random_shared_stream,30,120,5,62,7.655617713928223,77,0.4408286511898041,0.05598529055714607,0.003016937058418989,0.0028701673727482557,0.0031049989629536867,0.21063294640975352,0.014185372641231635,0.09285303950309753,10.97335696220398
839277350,Std-XY p=31,0,spsa,sequential,2,random_shared_stream,35,120,5,62,7.655617713928223,87,0.9129657745361328,0.11594676971435547,0.013443652540445328,0.013429664075374603,0.013429664075374603,0.19684276879763377,0.013966227856027484,0.17971071600914001,11.15651535987854
839277350,Std-XY p=31,0,spsa,sequential,2,random_shared_stream,40,120,5,62,7.655617713928223,97,0.6962014436721802,0.0884176641702652,0.00781768374145031,0.0077444701455533504,0.007744470611214638,0.18522020597120734,0.013779134410346052,0.1289505809545517,11.341363906860352
839277350,Std-XY p=31,0,spsa,sequential,2,random_shared_stream,45,120,5,62,7.655617713928223,107,4.286345481872559,0.5443664193153381,0.29602643847465515,0.29602643847465515,0.29602640867233276,0.17526117240549458,0.013616187769422706,0.25,11.525949239730835
839277350,Std-XY p=31,0,spsa,sequential,2,random_shared_stream,50,120,5,62,7.655617713928223,117,0.07873182743787766,0.00999895203858614,9.956288704415783e-05,9.987500379793346e-05,9.904270700644702e-05,0.16661058090758035,0.013472060523173781,0.013117555528879166,11.711068868637085
839277350,Std-XY p=31,0,spsa,sequential,2,random_shared_stream,55,120,5,62,7.655617713928223,127,1.9926812648773193,0.25307077169418335,0.0639781728386879,0.06344502419233322,0.06237872317433357,0.1590103320395132,0.01334299625175472,0.25,11.884063482284546
839277350,Std-XY p=31,0,spsa,sequential,2,random_shared_stream,60,120,5,62,7.655617713928223,137,1.4183881282806396,0.18013547360897064,0.03244878724217415,0.03241502121090889,0.03241502121090889,0.15226784902826193,0.013226249755755135,0.21597489714622498,12.064669132232666
839277350,Std-XY p=31,0,spsa,sequential,2,random_shared_stream,65,120,5,62,7.655617713928223,147,1.18822181224823,0.1509043276309967,0.02161099761724472,0.020852716639637947,0.022179709747433662,0.1462362221871838,0.01311975565249048,0.17376106977462769,12.250590085983276
839277350,Std-XY p=31,0,spsa,sequential,2,random_shared_stream,70,120,5,62,7.655617713928223,157,2.490311861038208,0.3162699341773987,0.0983612909913063,0.09908989816904068,0.08743225038051605,0.1408012260616011,0.013021922119457682,0.25,12.437222957611084
839277350,Std-XY p=31,0,spsa,sequential,2,random_shared_stream,75,120,5,62,7.655617713928223,167,0.8017928004264832,0.10182778537273407,0.010358108207583427,0.01027179230004549,0.010358109138906002,0.13587256860541844,0.01293149713891721,0.10894165933132172,12.616093873977661
839277350,Std-XY p=31,0,spsa,sequential,2,random_shared_stream,80,120,5,62,7.655617713928223,177,2.2990965843200684,0.29198554158210754,0.08090849965810776,0.08303766697645187,0.07806960493326187,0.13137783586276242,0.012847478719003411,0.25,12.801876544952393
839277350,Std-XY p=31,0,spsa,sequential,2,random_shared_stream,85,120,5,62,7.655617713928223,187,1.2627573013305664,0.160370334982872,0.02569187991321087,0.025049583986401558,0.025477781891822815,0.12725820456486617,0.012769052840860788,0.16069623827934265,12.982555866241455
839277350,Std-XY p=31,0,spsa,sequential,2,random_shared_stream,90,120,5,62,7.655617713928223,197,1.2783490419387817,0.16235049068927765,0.02633025497198105,0.02611083723604679,0.025671998038887978,0.12346534442747376,0.01269554947299621,0.1578318029642105,13.164435386657715
839277350,Std-XY p=31,0,spsa,sequential,2,random_shared_stream,95,120,5,62,7.655617713928223,207,0.8251806497573853,0.10479804128408432,0.010251217521727085,0.0100569361820817,0.010422642342746258,0.11995913942637398,0.012626410699612943,0.09898796677589417,13.349056243896484
839277350,Std-XY p=31,0,spsa,sequential,2,random_shared_stream,100,120,5,62,7.655617713928223,217,1.7408337593078613,0.22108611464500427,0.04842130467295647,0.04842130467295647,0.04475918784737587,0.11670598436031447,0.012561167176266359,0.2031657099723816,13.532378911972046
839277350,Std-XY p=31,0,spsa,sequential,2,random_shared_stream,105,120,5,62,7.655617713928223,227,0.6519824266433716,0.08280184864997864,0.0065065608359873295,0.006506561301648617,0.006506561301648617,0.11367749290913277,0.01249942043693397,0.07411573082208633,13.71699070930481
839277350,Std-XY p=31,0,spsa,sequential,2,random_shared_stream,110,120,5,62,7.655617713928223,237,1.839459776878357,0.23361162841320038,0.05366576462984085,0.04770290479063988,0.05406328663229942,0.1108495048753077,0.012440829393713411,0.2039032131433487,13.894181489944458
839277350,Std-XY p=31,0,spsa,sequential,2,random_shared_stream,115,120,5,62,7.653779029846191,247,1.2893232107162476,0.16374421119689941,0.02636576071381569,0.026114657521247864,0.026561064645648003,0.10820131419463452,0.012385099893453082,0.1395064741373062,14.078141927719116
839277350,Std-XY p=31,0,spsa,sequential,2,random_shared_stream,120,120,5,62,7.653779029846191,257,0.5230658650398254,0.06642943620681763,0.004339398350566626,0.004187863785773516,0.004408278036862612,0.10571506206414807,0.012331976538504544,0.05529594048857689,14.263674259185791
839277350,Std-XY p=31,0,spsa,sequential,3,random_shared_stream,1,120,5,62,7.658176898956299,19,1.0850850343704224,0.13780593872070312,0.018812628462910652,0.01897071860730648,0.01802218146622181,0.7417639048545407,0.02,0.25,14.646073579788208
839277350,Std-XY p=31,0,spsa,sequential,3,random_shared_stream,5,120,5,62,7.658176898956299,27,0.9394601583480835,0.11931155622005463,0.01410193182528019,0.014220435172319412,0.013864925131201744,0.6311452871438912,0.016999416915812672,0.25,14.7940034866333
839277350,Std-XY p=31,0,spsa,sequential,3,random_shared_stream,10,120,5,62,7.658176898956299,37,0.6348494291305542,0.08062595874071121,0.006500545423477888,0.006169091910123825,0.006169091910123825,0.5404072171936857,0.015850026609609436,0.25,14.976282358169556
839277350,Std-XY p=31,0,spsa,sequential,3,random_shared_stream,15,120,5,62,7.658176898956299,47,0.1873108446598053,0.02378849871456623,0.0005653038970194757,0.0005653039552271366,0.0005653038970194757,0.4777257030861805,0.015214047873475552,0.08948320150375366,15.160786867141724
839277350,Std-XY p=31,0,spsa,sequential,3,random_shared_stream,20,120,5,62,7.658176898956299,57,0.017149195075035095,0.0021779497619718313,4.699042165157152e-06,4.5016035983280744e-06,4.7385296966240276e-06,0.4312799886014474,0.014778350620464044,0.007396104279905558,15.341278314590454
839277350,Std-XY p=31,0,spsa,sequential,3,random_shared_stream,25,120,5,62,7.658176898956299,67,1.6203138828277588,0.2057800590991974,0.04230137914419174,0.041948866099119186,0.04230137914419174,0.39518655114354484,0.014449008773880907,0.25,15.525860786437988
839277350,Std-XY p=31,0,spsa,sequential,3,random_shared_stream,30,120,5,62,7.658176898956299,77,1.510542869567871,0.19183911383152008,0.03584485128521919,0.034925755113363266,0.03645759075880051,0.36615377959760764,0.014185372641231635,0.25,15.710535526275635
839277350,Std-XY p=31,0,spsa,sequential,3,random_shared_stream,35,120,5,62,7.658176898956299,87,2.1590189933776855,0.27419567108154297,0.07447915524244308,0.07447915524244308,0.07447915524244308,0.342181624528489,0.013966227856027484,0.25,15.895687580108643
839277350,Std-XY p=31,0,spsa,sequential,3,random_shared_stream,40,120,5,62,7.658176898956299,97,0.19142135977745056,0.024310534819960594,0.0005903871497139335,0.0005854672053828835,0.0005903872079215944,0.32197754259332967,0.013779134410346052,0.06163337826728821,16.07929229736328
839277350,Std-XY p=31,0,spsa,sequential,3,random_shared_stream,45,120,5,62,7.658176898956299,107,0.9372631907463074,0.11903253942728043,0.014168746769428253,0.013800152577459812,0.013800152577459812,0.30466525672646727,0.013616187769422706,0.25,16.264288663864136
839277350,Std-XY p=31,0,spsa,sequential,3,random_shared_stream,50,120,5,62,7.658176898956299,117,2.474548578262329,0.31426799297332764,0.09835325926542282,0.09866157919168472,0.09783939272165298,0.28962750111080754,0.013472060523173781,0.25,16.44166135787964
839277350,Std-XY p=31,0,spsa,sequential,3,random_shared_stream,55,120,5,62,7.6573686599731445,127,0.40253204107284546,0.05112161859869957,0.002610700437799096,0.0026107002049684525,0.002610700437799096,0.27641560859181097,0.01334299625175472,0.11126614362001419,16.62709355354309
839277350,Std-XY p=31,0,spsa,sequential,3,random_shared_stream,60,120,5,62,7.6573686599731445,137,0.3335546553134918,0.04236149042844772,0.0017870261799544096,0.0017776895547285676,0.0017926280852407217,0.2646948133386331,0.013226249755755135,0.08829019218683243,16.81036901473999
839277350,Std-XY p=31,0,spsa,sequential,3,random_shared_stream,65,120,5,62,7.6573686599731445,147,0.9166364669799805,0.1164129450917244,0.013537873513996601,0.013199424371123314,0.012860978953540325,0.25420973489944704,0.01311975565249048,0.2330179065465927,16.997613430023193
839277350,Std-XY p=31,0,spsa,sequential,3,random_shared_stream,70,120,5,62,7.6573686599731445,157,1.4106578826904297,0.179153710603714,0.03126109391450882,0.029390769079327583,0.03206265717744827,0.24476180945662884,0.013021922119457682,0.25,17.184778928756714
839277350,Std-XY p=31,0,spsa,sequential,3,random_shared_stream,75,120,5,62,7.6573686599731445,167,1.269831895828247,0.16126881539821625,0.025899376720190048,0.025980569422245026,0.025764063000679016,0.23619407783304638,0.01293149713891721,0.25,17.368311643600464
839277350,Std-XY p=31,0,spsa,sequential,3,random_shared_stream,80,120,5,62,7.6573686599731445,177,1.0108777284622192,0.12838158011436462,0.01620742306113243,0.016464684158563614,0.01509262714534998,0.22838065922946735,0.012847478719003411,0.23086492717266083,17.5502667427063
839277350,Std-XY p=31,0,spsa,sequential,3,random_shared_stream,85,120,5,62,7.6573686599731445,187,1.2652565240859985,0.16068774461746216,0.025793682783842087,0.025793682783842087,0.025578735396265984,0.2212192982174113,0.012769052840860788,0.25,17.73395085334778
839277350,Std-XY p=31,0,spsa,sequential,3,random_shared_stream,90,120,5,62,7.6573686599731445,197,1.176021933555603,0.1493549346923828,0.02230689860880375,0.022097986191511154,0.022097988054156303,0.21462597984788281,0.01269554947299621,0.25,17.91872811317444
839277350,Std-XY p=31,0,spsa,sequential,3,random_shared_stream,95,120,5,62,7.6573686599731445,207,0.4087245762348175,0.05190807580947876,0.0026692140381783247,0.0026692140381783247,0.0026692142710089684,0.20853096843072652,0.012626410699612943,0.0852317363023758,18.100777626037598
839277350,Std-XY p=31,0,spsa,sequential,3,random_shared_stream,100,120,5,62,7.6573686599731445,217,1.4365465641021729,0.1824415773153305,0.03241904452443123,0.03241904452443123,0.03241904452443123,0.20287584636479106,0.012561167176266359,0.25,18.28510332107544
839277350,Std-XY p=31,0,spsa,sequential,3,random_shared_stream,105,120,5,62,7.6573686599731445,227,2.0537219047546387,0.26082292199134827,0.0668959766626358,0.062294673174619675,0.0679578185081482,0.19761126829079861,0.01249942043693397,0.25,18.46371293067932
839277350,Std-XY p=31,0,spsa,sequential,3,random_shared_stream,110,120,5,62,7.6573686599731445,237,0.8147041201591492,0.10346752405166626,0.010660969652235508,0.01060527004301548,0.010694390162825584,0.1926952353297086,0.012440829393713411,0.15698960423469543,18.64574360847473
839277350,Std-XY p=31,0,spsa,sequential,3,random_shared_stream,115,120,5,62,7.6573686599731445,247,1.1544185876846313,0.1466113030910492,0.021405408158898354,0.020935697481036186,0.021472511813044548,0.18809175309508533,0.012385099893453082,0.21713663637638092,18.829429864883423
839277350,Std-XY p=31,0,spsa,sequential,3,random_shared_stream,120,120,5,62,7.6573686599731445,257,0.16958539187908173,0.02153736725449562,0.0004633755306713283,0.0004633755306713283,0.0004633755306713283,0.18376977673703132,0.012331976538504544,0.03116467036306858,19.014970064163208
839277350,Std-XY p=31,0,spsa,sequential,4,continuation,1,120,5,62,0.06397952139377594,19,19.795820236206055,2.514071464538574,6.294248580932617,6.313979148864746,6.2613630294799805,0.006104871351708606,0.02,0.12085093557834625,19.393043518066406
839277350,Std-XY p=31,0,spsa,sequential,4,continuation,5,120,5,62,0.06397952139377594,27,215.00794982910156,27.306034088134766,744.8438110351562,744.84375,744.8438110351562,0.005194457100209298,0.016999416915812672,0.25,19.541335582733154
839277350,Std-XY p=31,0,spsa,sequential,4,continuation,10,120,5,62,0.06397952139377594,37,116.79239654541016,14.832649230957031,216.34449768066406,208.78961181640625,219.77853393554688,0.004447663895359341,0.015850026609609436,0.25,19.725430250167847
839277350,Std-XY p=31,0,spsa,sequential,4,continuation,15,120,5,62,0.06397952139377594,47,663.0147705078125,84.20296478271484,7023.73876953125,7082.76220703125,6905.69189453125,0.003931781985694746,0.015214047873475552,0.25,19.90529155731201
839277350,Std-XY p=31,0,spsa,sequential,4,continuation,20,120,5,62,0.06397952139377594,57,301.6820373535156,38.313655853271484,1461.8260498046875,1466.4088134765625,1429.74853515625,0.003549524086770576,0.014778350620464044,0.25,20.089364767074585
839277350,Std-XY p=31,0,spsa,sequential,4,continuation,25,120,5,62,0.06397952139377594,67,387.8950500488281,49.262718200683594,2416.71435546875,2404.088134765625,2424.290283203125,0.003252467582835345,0.014449008773880907,0.25,20.275466442108154
839277350,Std-XY p=31,0,spsa,sequential,4,continuation,30,120,5,62,0.06397952139377594,77,164.35643005371094,20.873287200927734,435.2407531738281,435.2407531738281,431.6137390136719,0.003013521829191199,0.014185372641231635,0.25,20.450866222381592
839277350,Std-XY p=31,0,spsa,sequential,4,continuation,35,120,5,62,0.06397952139377594,87,194.9561004638672,24.75944709777832,597.0826416015625,612.3924560546875,535.8433837890625,0.0028162260026318342,0.013966227856027484,0.25,20.63735556602478
839277350,Std-XY p=31,0,spsa,sequential,4,continuation,40,120,5,62,0.06397952139377594,97,45.275577545166016,5.750003814697266,31.823989868164062,31.376731872558594,32.20243835449219,0.002649942202373698,0.013779134410346052,0.11997766047716141,20.822855234146118
839277350,Std-XY p=31,0,spsa,sequential,4,continuation,45,120,5,62,0.06397952139377594,107,206.4561309814453,26.219953536987305,669.6014404296875,629.539794921875,686.7706909179688,0.0025074584857497084,0.013616187769422706,0.25,21.0105082988739
839277350,Std-XY p=31,0,spsa,sequential,4,continuation,50,120,5,62,0.06397952139377594,117,17.37172508239746,2.2062110900878906,4.862303733825684,4.862303733825684,4.862303733825684,0.002383694626587488,0.013472060523173781,0.04140888527035713,21.194241285324097
839277350,Std-XY p=31,0,spsa,sequential,4,continuation,55,120,5,62,0.06397952139377594,127,31.505271911621094,4.001173496246338,15.942752838134766,15.193093299865723,15.859457015991211,0.0022749580008050675,0.01334299625175472,0.07167317718267441,21.37398624420166
839277350,Std-XY p=31,0,spsa,sequential,4,continuation,60,120,5,62,0.06397952139377594,137,231.2414093017578,29.367687225341797,858.8711547851562,840.0245361328125,861.5635986328125,0.0021784934159255974,0.013226249755755135,0.25,21.55710792541504
839277350,Std-XY p=31,0,spsa,sequential,4,continuation,65,120,5,62,0.06397952139377594,147,193.9677734375,24.633930206298828,606.19921875,606.1991577148438,606.1991577148438,0.0020921990376673873,0.01311975565249048,0.25,21.740285396575928
839277350,Std-XY p=31,0,spsa,sequential,4,continuation,70,120,5,62,0.06397952139377594,157,103.10301208496094,13.094095230102539,171.45533752441406,166.9949951171875,166.9949951171875,0.0020144406444758903,0.013021922119457682,0.2076949179172516,21.924269914627075
839277350,Std-XY p=31,0,spsa,sequential,4,continuation,75,120,5,62,0.06397952139377594,167,565.1693725585938,71.7765884399414,5017.85400390625,5146.51708984375,4717.640625,0.0019439264296487433,0.01293149713891721,0.25,22.10896396636963
839277350,Std-XY p=31,0,spsa,sequential,4,continuation,80,120,5,62,0.06397952139377594,177,209.36477661132812,26.589353561401367,706.258056640625,700.3724975585938,688.6016845703125,0.0018796203680033596,0.012847478719003411,0.25,22.28786826133728
839277350,Std-XY p=31,0,spsa,sequential,4,continuation,85,120,5,62,0.06397952139377594,187,154.49009704589844,19.620262145996094,374.9402160644531,384.5541076660156,352.5079040527344,0.0018206808760765892,0.012769052840860788,0.25,22.47292137145996
839277350,Std-XY p=31,0,spsa,sequential,4,continuation,90,120,5,62,0.06397952139377594,197,235.71011352539062,29.935211181640625,862.5475463867188,686.3081665039062,887.7246704101562,0.001766416493348608,0.01269554947299621,0.25,22.65739130973816
839277350,Std-XY p=31,0,spsa,sequential,4,continuation,95,120,5,62,0.06397952139377594,207,321.3192138671875,40.80758285522461,1663.5260009765625,1663.5260009765625,1663.5260009765625,0.0017162532805723933,0.012626410699612943,0.25,22.845070362091064
839277350,Std-XY p=31,0,spsa,sequential,4,continuation,100,120,5,62,0.06397952139377594,217,102.5606460571289,13.025213241577148,168.06735229492188,168.0673370361328,168.0673370361328,0.0016697104487295382,0.012561167176266359,0.17124657332897186,23.031928300857544
839277350,Std-XY p=31,0,spsa,sequential,4,continuation,105,120,5,62,0.06397952139377594,227,39.30623245239258,4.991896629333496,23.259489059448242,24.270774841308594,21.781465530395508,0.001626381875240845,0.01249942043693397,0.06392695009708405,23.213639736175537
839277350,Std-XY p=31,0,spsa,sequential,4,continuation,110,120,5,62,0.06397952139377594,237,2.8725149631500244,0.3648097515106201,0.13294769823551178,0.1318397969007492,0.13294769823551178,0.001585921900588804,0.012440829393713411,0.004555584397166967,23.3962881565094
839277350,Std-XY p=31,0,spsa,sequential,4,continuation,115,120,5,62,0.06397952139377594,247,62.148075103759766,7.892813205718994,60.67588424682617,61.71308517456055,59.12009048461914,0.0015480342834800125,0.012385099893453082,0.09620734304189682,23.581217288970947
839277350,Std-XY p=31,0,spsa,sequential,4,continuation,120,120,5,62,0.06397952139377594,257,124.3210220336914,15.78878402709961,248.2481231689453,249.0263214111328,246.9511260986328,0.0015124635183371331,0.012331976538504544,0.18803101778030396,23.767248153686523
839277350,Std-XY p=32,0,spsa,sequential,0,deterministic_linear_ramp,1,120,5,64,11.8487548828125,19,26.699066162109375,3.337383270263672,11.094618797302246,10.964093208312988,10.441993713378906,0.0012988451780749323,0.02,0.03467795252799988,0.3651387691497803
839277350,Std-XY p=32,0,spsa,sequential,0,deterministic_linear_ramp,5,120,5,64,11.050663948059082,27,83.10760498046875,10.388450622558594,104.12584686279297,101.17491149902344,106.23365783691406,0.001105149505801736,0.016999416915812672,0.09184633195400238,0.5178468227386475
839277350,Std-XY p=32,0,spsa,sequential,0,deterministic_linear_ramp,10,120,5,64,8.080764770507812,37,126.42222595214844,15.802778244018555,245.82579040527344,248.75228881835938,240.94830322265625,0.0009462651170476598,0.015850026609609436,0.11962894350290298,0.7104246616363525
839277350,Std-XY p=32,0,spsa,sequential,0,deterministic_linear_ramp,15,120,5,64,7.931555271148682,47,5.153359889984131,0.6441699862480164,0.41333407163619995,0.40036672353744507,0.3744320273399353,0.0008365083847233308,0.015214047873475552,0.004310829099267721,0.9005122184753418
839277350,Std-XY p=32,0,spsa,sequential,0,deterministic_linear_ramp,20,120,5,64,7.852071762084961,57,29.256288528442383,3.657036066055298,13.36085319519043,13.321671485900879,13.373912811279297,0.0007551809004578751,0.014778350620464044,0.022093789651989937,1.0869452953338623
839277350,Std-XY p=32,0,spsa,sequential,0,deterministic_linear_ramp,25,120,5,64,7.804173469543457,67,41.633480072021484,5.2041850090026855,27.057092666625977,26.131385803222656,25.390819549560547,0.0006919804846712119,0.014449008773880907,0.028809554874897003,1.2753586769104004
839277350,Std-XY p=32,0,spsa,sequential,0,deterministic_linear_ramp,30,120,5,64,7.75478982925415,77,6.470965385437012,0.8088706731796265,0.6485213041305542,0.644048810005188,0.6517160534858704,0.0006411434527237133,0.014185372641231635,0.004148817155510187,1.4637219905853271
839277350,Std-XY p=32,0,spsa,sequential,0,deterministic_linear_ramp,35,120,5,64,7.75478982925415,87,31.29729652404785,3.9121620655059814,14.931354522705078,13.15274429321289,15.245226860046387,0.0005991676733472619,0.013966227856027484,0.01875232718884945,1.6513078212738037
839277350,Std-XY p=32,0,spsa,sequential,0,deterministic_linear_ramp,40,120,5,64,7.6688642501831055,97,94.32501220703125,11.790626525878906,138.475830078125,138.475830078125,138.475830078125,0.0005637898742562443,0.013779134410346052,0.053179483860731125,1.8432667255401611
839277350,Std-XY p=32,0,spsa,sequential,0,deterministic_linear_ramp,45,120,5,64,7.582333087921143,107,83.91938018798828,10.489922523498535,109.60863494873047,106.16993713378906,109.60863494873047,0.0005334756747212339,0.013616187769422706,0.04476894810795784,2.0331037044525146
839277350,Std-XY p=32,0,spsa,sequential,0,deterministic_linear_ramp,50,120,5,64,7.582333087921143,117,21.447805404663086,2.6809756755828857,7.075324058532715,7.075324058532715,7.075324058532715,0.0005071442284987341,0.013472060523173781,0.01087713148444891,2.220128297805786
839277350,Std-XY p=32,0,spsa,sequential,0,deterministic_linear_ramp,55,120,5,64,7.517611026763916,127,27.569580078125,3.446197509765625,11.771896362304688,11.829886436462402,11.134010314941406,0.00048400990937207334,0.01334299625175472,0.013343949802219868,2.407538890838623
839277350,Std-XY p=32,0,spsa,sequential,0,deterministic_linear_ramp,60,120,5,64,7.517611026763916,137,19.695964813232422,2.4619956016540527,6.008148193359375,5.848325252532959,6.061422348022461,0.0004634865348884107,0.013226249755755135,0.009128814563155174,2.5973570346832275
839277350,Std-XY p=32,0,spsa,sequential,0,deterministic_linear_ramp,65,120,5,64,7.517611026763916,147,10.123674392700195,1.2654592990875244,1.5951318740844727,1.5951319932937622,1.545088529586792,0.00044512692816806905,0.01311975565249048,0.004506320226937532,2.7816693782806396
839277350,Std-XY p=32,0,spsa,sequential,0,deterministic_linear_ramp,70,120,5,64,7.507935047149658,157,13.008482933044434,1.6260603666305542,2.6027588844299316,2.385862112045288,2.63374400138855,0.000428583399527885,0.013021922119457682,0.005575219634920359,2.9670965671539307
839277350,Std-XY p=32,0,spsa,sequential,0,deterministic_linear_ramp,75,120,5,64,7.507935047149658,167,9.152148246765137,1.144018530845642,1.2883286476135254,1.303666114807129,1.262766718864441,0.0004135811099401861,0.01293149713891721,0.003785155713558197,3.1562442779541016
839277350,Std-XY p=32,0,spsa,sequential,0,deterministic_linear_ramp,80,120,5,64,7.4746294021606445,177,51.491302490234375,6.436412811279297,41.38695526123047,40.78010940551758,41.265586853027344,0.0003998996393116986,0.012847478719003411,0.020591353997588158,3.346097946166992
839277350,Std-XY p=32,0,spsa,sequential,0,deterministic_linear_ramp,85,120,5,64,7.437516212463379,187,8.597148895263672,1.074643611907959,1.1503477096557617,1.1503477096557617,1.1142585277557373,0.00038735993610143404,0.012769052840860788,0.003330191131681204,3.5341689586639404
839277350,Std-XY p=32,0,spsa,sequential,0,deterministic_linear_ramp,90,120,5,64,7.363444805145264,197,15.333698272705078,1.9167122840881348,3.6414968967437744,3.673785924911499,3.5446293354034424,0.00037581488825571245,0.01269554947299621,0.005762632004916668,3.7227351665496826
839277350,Std-XY p=32,0,spsa,sequential,0,deterministic_linear_ramp,95,120,5,64,7.363444805145264,207,4.032402038574219,0.5040502548217773,0.25183361768722534,0.25307419896125793,0.23818747699260712,0.0003651423870222674,0.012626410699612943,0.0014724009670317173,3.9126052856445312
839277350,Std-XY p=32,0,spsa,sequential,0,deterministic_linear_ramp,100,120,5,64,7.363444805145264,217,7.502198696136475,0.9377748370170593,0.8656806349754333,0.8244577646255493,0.879421591758728,0.0003552401418756722,0.012561167176266359,0.0026650819927453995,4.103968620300293
839277350,Std-XY p=32,0,spsa,sequential,0,deterministic_linear_ramp,105,120,5,64,7.363444805145264,227,5.064627170562744,0.633078396320343,0.3945259153842926,0.39922264218330383,0.38669800758361816,0.00034602174798881267,0.01249942043693397,0.0017524712020531297,4.294154644012451
839277350,Std-XY p=32,0,spsa,sequential,0,deterministic_linear_ramp,110,120,5,64,7.363444805145264,237,7.075117111206055,0.8843896389007568,0.7699240446090698,0.7699240446090698,0.7699240446090698,0.0003374136643856865,0.012440829393713411,0.0023872412275522947,4.479155778884888
839277350,Std-XY p=32,0,spsa,sequential,0,deterministic_linear_ramp,115,120,5,64,7.363444805145264,247,20.993446350097656,2.624180793762207,6.341605186462402,6.455929279327393,6.213832378387451,0.00032935286409106106,0.012385099893453082,0.006914251483976841,4.663633108139038
839277350,Std-XY p=32,0,spsa,sequential,0,deterministic_linear_ramp,120,120,5,64,7.311476230621338,257,3.8184165954589844,0.47730207443237305,0.22425760328769684,0.20556949079036713,0.22692735493183136,0.00032178498687881904,0.012331976538504544,0.0012287091230973601,4.8446338176727295
839277350,Std-XY p=32,0,spsa,sequential,1,random_shared_stream,1,120,5,64,7.658951282501221,19,1.1416435241699219,0.14270544052124023,0.02036484330892563,0.020046642050147057,0.020046642050147057,0.6058944023113038,0.02,0.25,5.241477012634277
839277350,Std-XY p=32,0,spsa,sequential,1,random_shared_stream,5,120,5,64,7.658951282501221,27,0.20285910367965698,0.025357387959957123,0.0006373457727022469,0.0005802044179290533,0.0006329502793960273,0.51553788749081,0.016999416915812672,0.1045815497636795,5.395395278930664
839277350,Std-XY p=32,0,spsa,sequential,1,random_shared_stream,10,120,5,64,7.658951282501221,37,2.0677549839019775,0.2584693729877472,0.06621924042701721,0.06654544919729233,0.06576255708932877,0.44142038419959484,0.015850026609609436,0.25,5.584151268005371
839277350,Std-XY p=32,0,spsa,sequential,1,random_shared_stream,15,120,5,64,7.658951282501221,47,0.860648512840271,0.10758106410503387,0.011392846703529358,0.011392846703529358,0.011392846703529358,0.39022029441687356,0.015214047873475552,0.25,5.766616344451904
839277350,Std-XY p=32,0,spsa,sequential,1,random_shared_stream,20,120,5,64,7.658547401428223,57,1.2706321477890015,0.15882901847362518,0.02500493824481964,0.02433978207409382,0.0252266563475132,0.3522820795300663,0.014778350620464044,0.25,5.953081846237183
839277350,Std-XY p=32,0,spsa,sequential,1,random_shared_stream,25,120,5,64,7.658547401428223,67,1.320451021194458,0.16505637764930725,0.027243610471487045,0.027137190103530884,0.027137190103530884,0.3227999066003863,0.014449008773880907,0.25,6.143104314804077
839277350,Std-XY p=32,0,spsa,sequential,1,random_shared_stream,30,120,5,64,7.658547401428223,77,0.05324569344520569,0.006655711680650711,4.360633101896383e-05,3.806901804637164e-05,4.360633101896383e-05,0.2990850916193098,0.014185372641231635,0.01592499203979969,6.331923246383667
839277350,Std-XY p=32,0,spsa,sequential,1,random_shared_stream,35,120,5,64,7.658547401428223,87,0.9113224744796753,0.11391530930995941,0.012659883126616478,0.012165654450654984,0.008870789781212807,0.27950393584634753,0.013966227856027484,0.25,6.519440174102783
839277350,Std-XY p=32,0,spsa,sequential,1,random_shared_stream,40,120,5,64,7.658547401428223,97,1.059489369392395,0.13243617117404938,0.0169227235019207,0.016443131491541862,0.017265288159251213,0.2630006521623665,0.013779134410346052,0.25,6.710003852844238
839277350,Std-XY p=32,0,spsa,sequential,1,random_shared_stream,45,120,5,64,7.658547401428223,107,0.25032204389572144,0.03129025548696518,0.0009637819603085518,0.0009637819603085518,0.0009637819603085518,0.24885947189018545,0.013616187769422706,0.062295008450746536,6.900536775588989
839277350,Std-XY p=32,0,spsa,sequential,1,random_shared_stream,50,120,5,64,7.658547401428223,117,0.4684818983078003,0.05856023728847504,0.003415905637666583,0.003415905637666583,0.0033087399788200855,0.2365761942984559,0.013472060523173781,0.11083167046308517,7.088116884231567
839277350,Std-XY p=32,0,spsa,sequential,1,random_shared_stream,55,120,5,64,7.658547401428223,127,0.1862606555223465,0.023282581940293312,0.0005415492341853678,0.0005081986892037094,0.0005230212118476629,0.22578433496314843,0.01334299625175472,0.042054738849401474,7.271255016326904
839277350,Std-XY p=32,0,spsa,sequential,1,random_shared_stream,60,120,5,64,7.658547401428223,137,0.8535749912261963,0.10669687390327454,0.011373105458915234,0.011339753866195679,0.011384222656488419,0.21621044738509218,0.013226249755755135,0.18455183506011963,7.461856126785278
839277350,Std-XY p=32,0,spsa,sequential,1,random_shared_stream,65,120,5,64,7.658547401428223,147,0.5233675837516785,0.06542094796895981,0.004213026724755764,0.004012406803667545,0.003209925489500165,0.20764592935917991,0.01311975565249048,0.10867514461278915,7.649925470352173
839277350,Std-XY p=32,0,spsa,sequential,1,random_shared_stream,70,120,5,64,7.658547401428223,157,0.13475435972213745,0.01684429496526718,0.0002826219715643674,0.0002837302745319903,0.00027929700445383787,0.19992858816504264,0.013021922119457682,0.026941247284412384,7.840426445007324
839277350,Std-XY p=32,0,spsa,sequential,1,random_shared_stream,75,120,5,64,7.658547401428223,167,1.8810209035873413,0.23512761294841766,0.0552310086786747,0.05506903678178787,0.05442116782069206,0.19293021496669707,0.01293149713891721,0.25,8.028416633605957
839277350,Std-XY p=32,0,spsa,sequential,1,random_shared_stream,80,120,5,64,7.658547401428223,177,0.43395131826400757,0.054243914783000946,0.0029165411833673716,0.0029309086967259645,0.002758502261713147,0.18654798665410227,0.012847478719003411,0.08095274120569229,8.215771436691284
839277350,Std-XY p=32,0,spsa,sequential,1,random_shared_stream,85,120,5,64,7.658547401428223,187,0.6393154263496399,0.07991442829370499,0.006361369509249926,0.006361369509249926,0.006361369509249926,0.18069837800944052,0.012769052840860788,0.11552326381206512,8.405030727386475
839277350,Std-XY p=32,0,spsa,sequential,1,random_shared_stream,90,120,5,64,7.658547401428223,197,0.006159740965813398,0.0007699676207266748,5.720077638216026e-07,5.720077638216026e-07,5.720077069781837e-07,0.17531276317079858,0.01269554947299621,0.0010798812145367265,8.595746755599976
839277350,Std-XY p=32,0,spsa,sequential,1,random_shared_stream,95,120,5,64,7.658547401428223,207,0.8037915825843811,0.10047394782304764,0.010085155256092548,0.010055581107735634,0.010095014236867428,0.1703341799915555,0.012626410699612943,0.13691318035125732,8.784361362457275
839277350,Std-XY p=32,0,spsa,sequential,1,random_shared_stream,100,120,5,64,7.658547401428223,217,2.231208324432373,0.27890104055404663,0.07770982384681702,0.07778578996658325,0.0774819403886795,0.165714911270453,0.012561167176266359,0.25,8.96915078163147
839277350,Std-XY p=32,0,spsa,sequential,1,random_shared_stream,105,120,5,64,7.658547401428223,227,0.2859629988670349,0.035745374858379364,0.0012577673187479377,0.0012577672023326159,0.0012577672023326159,0.16141465027812504,0.01249942043693397,0.04615861922502518,9.154178619384766
839277350,Std-XY p=32,0,spsa,sequential,1,random_shared_stream,110,120,5,64,7.656817436218262,237,3.3046751022338867,0.41308438777923584,0.16647274792194366,0.15997380018234253,0.16997215151786804,0.15739909110463518,0.012440829393713411,0.25,9.342846870422363
839277350,Std-XY p=32,0,spsa,sequential,1,random_shared_stream,115,120,5,64,7.656817436218262,247,2.2475268840789795,0.28094086050987244,0.07823406904935837,0.07892777025699615,0.0761529728770256,0.15363883248481905,0.012385099893453082,0.25,9.531923770904541
839277350,Std-XY p=32,0,spsa,sequential,1,random_shared_stream,120,120,5,64,7.656817436218262,257,0.20276831090450287,0.02534603886306286,0.0006198366172611713,0.0006399122648872435,0.0005796852055937052,0.1501085160793851,0.012331976538504544,0.030437249690294266,9.719808340072632
839277350,Std-XY p=32,0,spsa,sequential,2,random_shared_stream,1,120,5,64,7.656194686889648,19,0.5164146423339844,0.06455183029174805,0.004166938830167055,0.0037600111681967974,0.003760011401027441,0.4822286223448593,0.02,0.24902993440628052,10.107529640197754
839277350,Std-XY p=32,0,spsa,sequential,2,random_shared_stream,5,120,5,64,7.656194686889648,27,0.0719207301735878,0.008990091271698475,8.050603355513886e-05,7.292899681488052e-05,7.79803522164002e-05,0.4103142796878655,0.016999416915812672,0.029510103166103363,10.259630680084229
839277350,Std-XY p=32,0,spsa,sequential,2,random_shared_stream,10,120,5,64,7.656194686889648,37,0.68905109167099,0.08613138645887375,0.007157804444432259,0.006954952143132687,0.007302699610590935,0.3513244930725412,0.015850026609609436,0.24208052456378937,10.449307441711426
839277350,Std-XY p=32,0,spsa,sequential,2,random_shared_stream,15,120,5,64,7.656194686889648,47,0.14454883337020874,0.018068604171276093,0.00032615565578453243,0.00032519918750040233,0.00032647448824718595,0.31057457251597337,0.015214047873475552,0.04489319026470184,10.635768413543701
839277350,Std-XY p=32,0,spsa,sequential,2,random_shared_stream,20,120,5,64,7.656194686889648,57,0.2501254379749298,0.031265679746866226,0.0009307657601311803,0.0009622686193324625,0.000882079591974616,0.28037971838083225,0.014778350620464044,0.07013009488582611,10.81725001335144
839277350,Std-XY p=32,0,spsa,sequential,2,random_shared_stream,25,120,5,64,7.656194686889648,67,1.625119686126709,0.20313996076583862,0.04025837779045105,0.03868672996759415,0.041104648262262344,0.2569149899044206,0.014449008773880907,0.25,11.007713794708252
839277350,Std-XY p=32,0,spsa,sequential,2,random_shared_stream,30,120,5,64,7.656194686889648,77,0.8152238726615906,0.10190298408269882,0.010221964679658413,0.00973520427942276,0.010384216904640198,0.23804047560974645,0.014185372641231635,0.19405627250671387,11.195214033126831
839277350,Std-XY p=32,0,spsa,sequential,2,random_shared_stream,35,120,5,64,7.656194686889648,87,0.19556628167629242,0.024445785209536552,0.0005269820103421807,0.0005135593819431961,0.0005392374005168676,0.2224559220368878,0.013966227856027484,0.043504875153303146,11.383618593215942
839277350,Std-XY p=32,0,spsa,sequential,2,random_shared_stream,40,120,5,64,7.656194686889648,97,0.6407599449157715,0.08009499311447144,0.0063149710185825825,0.006314970552921295,0.0063149710185825825,0.20932103297910176,0.013779134410346052,0.1341245323419571,11.570905923843384
839277350,Std-XY p=32,0,spsa,sequential,2,random_shared_stream,45,120,5,64,7.656194686889648,107,0.1787414252758026,0.022342678159475327,0.0004972452879883349,0.000499195244628936,0.0004913953016512096,0.198066131374184,0.013616187769422706,0.03540262207388878,11.759648084640503
839277350,Std-XY p=32,0,spsa,sequential,2,random_shared_stream,50,120,5,64,7.656194686889648,117,0.5757980942726135,0.07197476178407669,0.005175307858735323,0.005180366337299347,0.005160130560398102,0.1882899261338922,0.013472060523173781,0.10841698199510574,11.943878173828125
839277350,Std-XY p=32,0,spsa,sequential,2,random_shared_stream,55,120,5,64,7.656194686889648,127,0.21999628841876984,0.02749953605234623,0.0006498803850263357,0.0005169502692297101,0.0007296384428627789,0.1797007339579081,0.01334299625175472,0.03953349590301514,12.132771730422974
839277350,Std-XY p=32,0,spsa,sequential,2,random_shared_stream,60,120,5,64,7.656194686889648,137,2.7037806510925293,0.33797258138656616,0.11143675446510315,0.11244069039821625,0.11020972579717636,0.17208092001072697,0.013226249755755135,0.25,12.3212149143219
839277350,Std-XY p=32,0,spsa,sequential,2,random_shared_stream,65,120,5,64,7.656194686889648,147,0.8077306747436523,0.10096633434295654,0.010104604065418243,0.010154379531741142,0.010034916922450066,0.1652644587380556,0.01311975565249048,0.13348917663097382,12.510241031646729
839277350,Std-XY p=32,0,spsa,sequential,2,random_shared_stream,70,120,5,64,7.656194686889648,157,1.172070026397705,0.14650875329971313,0.021380968391895294,0.02112942934036255,0.02012326568365097,0.15912226168520682,0.013021922119457682,0.18650242686271667,12.70115876197815
839277350,Std-XY p=32,0,spsa,sequential,2,random_shared_stream,75,120,5,64,7.656194686889648,167,0.17478317022323608,0.02184789627790451,0.0004731353255920112,0.00046054943231865764,0.00047733058454468846,0.15355228801781617,0.01293149713891721,0.026838356629014015,12.889013290405273
839277350,Std-XY p=32,0,spsa,sequential,2,random_shared_stream,80,120,5,64,7.656194686889648,177,0.5159017443656921,0.06448771804571152,0.004142421297729015,0.004142420832067728,0.004012462683022022,0.14847270128631232,0.012847478719003411,0.07659732550382614,13.076984167098999
839277350,Std-XY p=32,0,spsa,sequential,2,random_shared_stream,85,120,5,64,7.656194686889648,187,1.34181547164917,0.16772693395614624,0.028022432699799538,0.027692755684256554,0.026374053210020065,0.14381702414651512,0.012769052840860788,0.19297590851783752,13.2566819190979
839277350,Std-XY p=32,0,spsa,sequential,2,random_shared_stream,90,120,5,64,7.656194686889648,197,1.6414958238601685,0.20518697798252106,0.04107382148504257,0.04144385829567909,0.0406215600669384,0.13953063758441586,0.01269554947299621,0.22903896868228912,13.429600954055786
839277350,Std-XY p=32,0,spsa,sequential,2,random_shared_stream,95,120,5,64,7.656194686889648,207,1.0111973285675049,0.1263996660709381,0.01596127264201641,0.01572723686695099,0.015914466232061386,0.13556820568440608,0.012626410699612943,0.1370861977338791,13.603232860565186
839277350,Std-XY p=32,0,spsa,sequential,2,random_shared_stream,100,120,5,64,7.656194686889648,217,0.8339319229125977,0.10424149036407471,0.010823842138051987,0.010866289027035236,0.010696502402424812,0.1318917505411987,0.012561167176266359,0.1099887490272522,13.784152507781982
839277350,Std-XY p=32,0,spsa,sequential,2,random_shared_stream,105,120,5,64,7.656194686889648,227,0.4788430333137512,0.0598553791642189,0.0035791678819805384,0.0032327966764569283,0.003358749905601144,0.12846919221066605,0.01249942043693397,0.06151657924056053,13.975288391113281
839277350,Std-XY p=32,0,spsa,sequential,2,random_shared_stream,110,120,5,64,7.656194686889648,237,1.8518753051757812,0.23148441314697266,0.0533757209777832,0.05274776741862297,0.05358503758907318,0.1252732267738021,0.012440829393713411,0.23199039697647095,14.167693376541138
839277350,Std-XY p=32,0,spsa,sequential,2,random_shared_stream,115,120,5,64,7.656194686889648,247,1.9513782262802124,0.24392227828502655,0.059498079121112823,0.059498079121112823,0.059498079121112823,0.12228045389625591,0.012385099893453082,0.23861542344093323,14.362025499343872
839277350,Std-XY p=32,0,spsa,sequential,2,random_shared_stream,120,120,5,64,7.656194686889648,257,1.3776181936264038,0.17220227420330048,0.029624665156006813,0.02780027501285076,0.028611112385988235,0.11947069099014612,0.012331976538504544,0.16458499431610107,14.556905508041382
839277350,Std-XY p=32,0,spsa,sequential,3,random_shared_stream,1,120,5,64,7.6599297523498535,19,0.6406784057617188,0.08008480072021484,0.006313363090157509,0.006012726575136185,0.006413575261831284,0.6633408192313776,0.02,0.25,14.95233154296875
839277350,Std-XY p=32,0,spsa,sequential,3,random_shared_stream,5,120,5,64,7.6599297523498535,27,2.5459489822387695,0.3182436227798462,0.10118009895086288,0.09138847142457962,0.08703663945198059,0.5644173693112656,0.016999416915812672,0.25,15.103792667388916
839277350,Std-XY p=32,0,spsa,sequential,3,random_shared_stream,10,120,5,64,7.6599297523498535,37,1.6959128379821777,0.21198910474777222,0.044237200170755386,0.04335947707295418,0.036337703466415405,0.4832725936456896,0.015850026609609436,0.25,15.296967267990112
839277350,Std-XY p=32,0,spsa,sequential,3,random_shared_stream,15,120,5,64,7.658995628356934,47,0.5305556058883667,0.06631945073604584,0.0043295458890497684,0.004329546354711056,0.003779762890189886,0.42721809079563616,0.015214047873475552,0.22666294872760773,15.486306190490723
839277350,Std-XY p=32,0,spsa,sequential,3,random_shared_stream,20,120,5,64,7.658995628356934,57,1.5829663276672363,0.19787079095840454,0.03854108974337578,0.03670579940080643,0.039152853190898895,0.3856828555348543,0.014778350620464044,0.25,15.679138422012329
839277350,Std-XY p=32,0,spsa,sequential,3,random_shared_stream,25,120,5,64,7.658995628356934,67,0.9393511414527893,0.11741889268159866,0.013773731887340546,0.013787196017801762,0.013733339495956898,0.35340540146151733,0.014449008773880907,0.25,15.86809229850769
839277350,Std-XY p=32,0,spsa,sequential,3,random_shared_stream,30,120,5,64,7.658995628356934,77,0.32377684116363525,0.04047210514545441,0.0016315927496179938,0.0016379912849515676,0.0016123976092785597,0.3274421234753554,0.014185372641231635,0.10601817071437836,16.064170837402344
839277350,Std-XY p=32,0,spsa,sequential,3,random_shared_stream,35,120,5,64,7.658995628356934,87,0.2725909948348999,0.03407387435436249,0.0011202115565538406,0.0011202114401385188,0.0011202114401385188,0.3060044276287112,0.013966227856027484,0.08341405540704727,16.25127387046814
839277350,Std-XY p=32,0,spsa,sequential,3,random_shared_stream,40,120,5,64,7.658995628356934,97,1.1350682973861694,0.14188353717327118,0.02011127956211567,0.019816391170024872,0.02005230076611042,0.28793642489229515,0.013779134410346052,0.25,16.445679903030396
839277350,Std-XY p=32,0,spsa,sequential,3,random_shared_stream,45,120,5,64,7.658995628356934,107,0.7078216671943665,0.0884777083992958,0.007759501691907644,0.007063821889460087,0.007705987431108952,0.2724544827075453,0.013616187769422706,0.19284917414188385,16.63395094871521
839277350,Std-XY p=32,0,spsa,sequential,3,random_shared_stream,50,120,5,64,7.658995628356934,117,0.282589852809906,0.03532373160123825,0.0012477659620344639,0.0012428918853402138,0.0012428918853402138,0.259006595766418,0.013472060523173781,0.07319263368844986,16.82834267616272
839277350,Std-XY p=32,0,spsa,sequential,3,random_shared_stream,55,120,5,64,7.658995628356934,127,0.8931363224983215,0.11164204031229019,0.012354398146271706,0.012415257282555103,0.012269196100533009,0.24719153230782778,0.01334299625175472,0.22077573835849762,17.01622223854065
839277350,Std-XY p=32,0,spsa,sequential,3,random_shared_stream,60,120,5,64,7.658995628356934,137,1.5028053522109985,0.18785066902637482,0.03497773036360741,0.034736502915620804,0.03515003249049187,0.23670991966207508,0.013226249755755135,0.25,17.21036386489868
839277350,Std-XY p=32,0,spsa,sequential,3,random_shared_stream,65,120,5,64,7.654714584350586,147,0.0017445586854591966,0.00021806983568239957,4.458230407067276e-08,4.458230407067276e-08,4.458230407067276e-08,0.22733337750892346,0.01311975565249048,0.0003965964133385569,17.39881443977356
839277350,Std-XY p=32,0,spsa,sequential,3,random_shared_stream,70,120,5,64,7.654714584350586,157,1.7925258874893188,0.22406573593616486,0.04942099377512932,0.047067612409591675,0.05020545423030853,0.21888433521627515,0.013021922119457682,0.25,17.5919029712677
839277350,Std-XY p=32,0,spsa,sequential,3,random_shared_stream,75,120,5,64,7.654714584350586,167,0.358563631772995,0.044820453971624374,0.002008873037993908,0.002008873037993908,0.002008873037993908,0.21122242813647962,0.01293149713891721,0.07573667913675308,17.78122091293335
839277350,Std-XY p=32,0,spsa,sequential,3,random_shared_stream,80,120,5,64,7.654714584350586,177,0.8391011953353882,0.10488764941692352,0.010958444327116013,0.010958444327116013,0.010614650323987007,0.2042350842342279,0.012847478719003411,0.1713739037513733,17.97399353981018
839277350,Std-XY p=32,0,spsa,sequential,3,random_shared_stream,85,120,5,64,7.654714584350586,187,0.25438180565834045,0.03179772570729256,0.0009755489882081747,0.0009479018626734614,0.000995296984910965,0.1978308590495575,0.012769052840860788,0.05032457038760185,18.1640625
839277350,Std-XY p=32,0,spsa,sequential,3,random_shared_stream,90,120,5,64,7.654714584350586,197,1.3330581188201904,0.1666322648525238,0.02708842232823372,0.025054756551980972,0.027766311541199684,0.1919346201249175,0.01269554947299621,0.25,18.358094453811646
839277350,Std-XY p=32,0,spsa,sequential,3,random_shared_stream,95,120,5,64,7.654714584350586,207,0.515266478061676,0.0644083097577095,0.004148430190980434,0.004083611071109772,0.004083611071109772,0.186484004585093,0.012626410699612943,0.0960889607667923,18.546009302139282
839277350,Std-XY p=32,0,spsa,sequential,3,random_shared_stream,100,120,5,64,7.654714584350586,217,0.094143807888031,0.011767975986003876,0.00013726811448577791,0.00013632142508868128,0.00013794429833069444,0.1814267710374365,0.012561167176266359,0.017080208286643028,18.740211009979248
839277350,Std-XY p=32,0,spsa,sequential,3,random_shared_stream,105,120,5,64,7.654714584350586,227,1.993195652961731,0.24914945662021637,0.061529871076345444,0.0618329718708992,0.06110552325844765,0.1767187911672182,0.01249942043693397,0.25,18.92939591407776
839277350,Std-XY p=32,0,spsa,sequential,3,random_shared_stream,110,120,5,64,7.654714584350586,237,0.5349112153053284,0.06686390191316605,0.004313605837523937,0.004191358108073473,0.00440092571079731,0.17232250643236394,0.012440829393713411,0.09217724204063416,19.123435974121094
839277350,Std-XY p=32,0,spsa,sequential,3,random_shared_stream,115,120,5,64,7.654714584350586,247,1.0690921545028687,0.13363651931285858,0.0178412776440382,0.017230872064828873,0.01674254983663559,0.16820572795764036,0.012385099893453082,0.17982742190361023,19.3113055229187
839277350,Std-XY p=32,0,spsa,sequential,3,random_shared_stream,120,120,5,64,7.654714584350586,257,0.23834170401096344,0.02979271300137043,0.0008876057108864188,0.0008841385133564472,0.0008841385133564472,0.16434069311395597,0.012331976538504544,0.03916924074292183,19.504634141921997
839277350,Std-XY p=32,0,spsa,sequential,4,continuation,1,120,5,64,0.06397958844900131,19,134.04141235351562,16.755176544189453,270.8663024902344,276.3494567871094,263.18994140625,0.0032042497770786082,0.02,0.25,19.898410320281982
839277350,Std-XY p=32,0,spsa,sequential,4,continuation,5,120,5,64,0.06397958844900131,27,259.8348083496094,32.47935104370117,1038.42529296875,1017.8215942382812,1050.7874755859375,0.0027264027440531877,0.016999416915812672,0.25,20.052615642547607
839277350,Std-XY p=32,0,spsa,sequential,4,continuation,10,120,5,64,0.06397958844900131,37,89.96292877197266,11.245366096496582,125.96428680419922,124.48235321044922,126.45825958251953,0.002334435113237417,0.015850026609609436,0.21001261472702026,20.242640018463135
839277350,Std-XY p=32,0,spsa,sequential,4,continuation,15,120,5,64,0.06397958844900131,47,113.17533874511719,14.146917343139648,190.5584716796875,171.9912567138672,199.35350036621094,0.0020636653625236653,0.015214047873475552,0.23355601727962494,20.434694528579712
839277350,Std-XY p=32,0,spsa,sequential,4,continuation,20,120,5,64,0.06397958844900131,57,127.86521911621094,15.983152389526367,254.4632568359375,255.46115112304688,251.46957397460938,0.001863030538814972,0.014778350620464044,0.2382168024778366,20.625410079956055
839277350,Std-XY p=32,0,spsa,sequential,4,continuation,25,120,5,64,0.06397958844900131,67,17.700353622436523,2.2125442028045654,4.818862438201904,4.895351886749268,4.58939266204834,0.0017071151752180277,0.014449008773880907,0.03021654300391674,20.816177368164062
839277350,Std-XY p=32,0,spsa,sequential,4,continuation,30,120,5,64,0.06397958844900131,77,297.99908447265625,37.24988555908203,1386.198974609375,1382.1337890625,1365.8734130859375,0.0015817002673946465,0.014185372641231635,0.25,21.007319927215576
839277350,Std-XY p=32,0,spsa,sequential,4,continuation,35,120,5,64,0.06397958844900131,87,674.850341796875,84.35629272460938,7115.9833984375,7115.98388671875,7115.98388671875,0.0014781460609502386,0.013966227856027484,0.25,21.199464797973633
839277350,Std-XY p=32,0,spsa,sequential,4,continuation,40,120,5,64,0.06397958844900131,97,311.67620849609375,38.95952606201172,1516.3624267578125,1494.12841796875,1511.9156494140625,0.001390869065381807,0.013779134410346052,0.25,21.39030885696411
839277350,Std-XY p=32,0,spsa,sequential,4,continuation,45,120,5,64,0.06397958844900131,107,20.18195152282715,2.5227439403533936,6.3580217361450195,6.339376449584961,6.364236831665039,0.0013160839649387043,0.013616187769422706,0.02656114287674427,21.581714391708374
839277350,Std-XY p=32,0,spsa,sequential,4,continuation,50,120,5,64,0.06397958844900131,117,10.673430442810059,1.3341788053512573,1.7800331115722656,1.7730798721313477,1.773079752922058,0.0012511243130010848,0.013472060523173781,0.013353788293898106,21.773672103881836
839277350,Std-XY p=32,0,spsa,sequential,4,continuation,55,120,5,64,0.06397958844900131,127,108.40013122558594,13.550016403198242,183.6029510498047,172.1277618408203,172.12777709960938,0.0011940519704649745,0.01334299625175472,0.12943539023399353,21.96567988395691
839277350,Std-XY p=32,0,spsa,sequential,4,continuation,60,120,5,64,0.06397958844900131,137,70.88392639160156,8.860490798950195,78.50830078125,78.20162963867188,78.20162963867188,0.001143420825795642,0.013226249755755135,0.08105015754699707,22.155842304229736
839277350,Std-XY p=32,0,spsa,sequential,4,continuation,65,120,5,64,0.06397958844900131,147,97.64513397216797,12.205641746520996,148.8321990966797,148.39576721191406,146.64991760253906,0.00109812769407066,0.01311975565249048,0.10722682625055313,22.347939014434814
839277350,Std-XY p=32,0,spsa,sequential,4,continuation,70,120,5,64,0.06397958844900131,157,174.4232635498047,21.802907943725586,473.5098876953125,473.5098876953125,473.5098876953125,0.0010573148251835683,0.013021922119457682,0.18442030251026154,22.53875184059143
839277350,Std-XY p=32,0,spsa,sequential,4,continuation,75,120,5,64,0.06397958844900131,167,174.69821166992188,21.837276458740234,472.6754150390625,447.06243896484375,475.00384521484375,0.001020304191523365,0.01293149713891721,0.17824530601501465,22.731692790985107
839277350,Std-XY p=32,0,spsa,sequential,4,continuation,80,120,5,64,0.06397958844900131,177,197.07803344726562,24.634754180908203,577.8313598632812,547.6063232421875,597.3887329101562,0.0009865520169366957,0.012847478719003411,0.1944277286529541,22.922038078308105
839277350,Std-XY p=32,0,spsa,sequential,4,continuation,85,120,5,64,0.06397958844900131,187,30.453073501586914,3.8066341876983643,14.264050483703613,13.584810256958008,14.49046516418457,0.0009556165814480143,0.012769052840860788,0.02910146303474903,23.114885568618774
839277350,Std-XY p=32,0,spsa,sequential,4,continuation,90,120,5,64,0.06397958844900131,197,79.96109771728516,9.995137214660645,99.51252746582031,99.51252746582031,99.51252746582031,0.000927134959765556,0.01269554947299621,0.07413472980260849,23.304996967315674
839277350,Std-XY p=32,0,spsa,sequential,4,continuation,95,120,5,64,0.06397958844900131,207,8.788836479187012,1.0986045598983765,1.196324110031128,1.2022173404693604,1.1880736351013184,0.0009008059097175568,0.012626410699612943,0.007917036302387714,23.49752974510193
839277350,Std-XY p=32,0,spsa,sequential,4,continuation,100,120,5,64,0.06397958844900131,217,206.6426239013672,25.8303279876709,664.599609375,625.5054931640625,573.3800659179688,0.000876377080678377,0.012561167176266359,0.1810968667268753,23.671881914138794
839277350,Std-XY p=32,0,spsa,sequential,4,continuation,105,120,5,64,0.06397958844900131,227,90.5649642944336,11.3206205368042,126.15400695800781,127.65583801269531,123.65094757080078,0.0008536353120244934,0.01249942043693397,0.07730945199728012,23.86356210708618
839277350,Std-XY p=32,0,spsa,sequential,4,continuation,110,120,5,64,0.06397958844900131,237,197.95518493652344,24.74439811706543,597.3368530273438,526.1826171875,609.8934326171875,0.0008323991782404253,0.012440829393713411,0.1647777259349823,24.055504083633423
839277350,Std-XY p=32,0,spsa,sequential,4,continuation,115,120,5,64,0.06397958844900131,247,32.150691986083984,4.018836498260498,16.087955474853516,16.087953567504883,16.087955474853516,0.000812513191840252,0.012385099893453082,0.026122860610485077,24.245924949645996
839277350,Std-XY p=32,0,spsa,sequential,4,continuation,120,120,5,64,0.06397958844900131,257,129.60003662109375,16.20000457763672,262.183837890625,262.44012451171875,261.41497802734375,0.0007938432461995978,0.012331976538504544,0.10288210958242416,24.43717312812805
839277350,Std-XY p=36,0,spsa,sequential,0,deterministic_linear_ramp,1,120,5,72,12.252203941345215,19,419.0955810546875,49.39088821411133,2392.40234375,2371.697021484375,2409.343017578125,0.0013351180813300331,0.02,0.25,0.40007543563842773
839277350,Std-XY p=36,0,spsa,sequential,0,deterministic_linear_ramp,5,120,5,72,11.091010093688965,27,10.479276657104492,1.2349945306777954,1.5146197080612183,1.5205039978027344,1.4498924016952515,0.0011360130619692103,0.016999416915812672,0.01190459355711937,0.5742454528808594
839277350,Std-XY p=36,0,spsa,sequential,0,deterministic_linear_ramp,10,120,5,72,10.172727584838867,37,118.53386688232422,13.96934986114502,194.54043579101562,185.5060577392578,192.73358154296875,0.0009726915022887547,0.015850026609609436,0.1152968779206276,0.7793223857879639
839277350,Std-XY p=36,0,spsa,sequential,0,deterministic_linear_ramp,15,120,5,72,8.826221466064453,47,201.2835235595703,23.72149085998535,534.9210815429688,519.2902221679688,547.078369140625,0.0008598695891404131,0.015214047873475552,0.17307759821414948,0.9969089031219482
839277350,Std-XY p=36,0,spsa,sequential,0,deterministic_linear_ramp,20,120,5,72,7.963310718536377,57,91.72236633300781,10.80958366394043,116.75697326660156,116.48648071289062,116.84712982177734,0.00077627086884272,0.014778350620464044,0.07120140641927719,1.2080764770507812
839277350,Std-XY p=36,0,spsa,sequential,0,deterministic_linear_ramp,25,120,5,72,7.671694755554199,67,105.82601165771484,12.471714973449707,155.06358337402344,153.6233673095703,155.54367065429688,0.0007113054524184061,0.014449008773880907,0.07527462393045425,1.4186484813690186
839277350,Std-XY p=36,0,spsa,sequential,0,deterministic_linear_ramp,30,120,5,72,7.671694755554199,77,5.862051486968994,0.6908494234085083,0.45922788977622986,0.46401533484458923,0.4537038803100586,0.0006590486925674315,0.014185372641231635,0.0038633777294307947,1.6280455589294434
839277350,Std-XY p=36,0,spsa,sequential,0,deterministic_linear_ramp,35,120,5,72,7.671694755554199,87,5.750370979309082,0.6776877641677856,0.4535907506942749,0.457843154668808,0.4465033710002899,0.0006159006538562408,0.013966227856027484,0.0035416572354733944,1.8385891914367676
839277350,Std-XY p=36,0,spsa,sequential,0,deterministic_linear_ramp,40,120,5,72,7.582334518432617,97,39.55690383911133,4.661826133728027,21.665546417236328,21.732622146606445,21.464317321777344,0.0005795348575000613,0.013779134410346052,0.022924605756998062,2.0528616905212402
839277350,Std-XY p=36,0,spsa,sequential,0,deterministic_linear_ramp,45,120,5,72,7.514296531677246,107,14.232759475708008,1.6773468255996704,2.8048086166381836,2.8134925365448,2.7787580490112305,0.0005483740720550821,0.013616187769422706,0.007804876659065485,2.259718894958496
839277350,Std-XY p=36,0,spsa,sequential,0,deterministic_linear_ramp,50,120,5,72,7.4976887702941895,117,61.28644561767578,7.222676753997803,52.00605392456055,52.00605773925781,52.00605010986328,0.0005213072664398551,0.013472060523173781,0.03194906935095787,2.4721004962921143
839277350,Std-XY p=36,0,spsa,sequential,0,deterministic_linear_ramp,55,120,5,72,7.468904972076416,127,64.62386322021484,7.61599588394165,57.6005859375,57.28730010986328,57.82435989379883,0.0004975268742217134,0.01334299625175472,0.03215210884809494,2.683894395828247
839277350,Std-XY p=36,0,spsa,sequential,0,deterministic_linear_ramp,60,120,5,72,7.399168968200684,137,21.771451950073242,2.5657901763916016,6.4004106521606445,6.562960624694824,6.075310707092285,0.0004764303426060996,0.013226249755755135,0.010372580029070377,2.892134666442871
839277350,Std-XY p=36,0,spsa,sequential,0,deterministic_linear_ramp,65,120,5,72,7.341561317443848,147,90.1170883178711,10.620400428771973,112.44478607177734,104.08975219726562,95.7347183227539,0.00045755800638603753,0.01311975565249048,0.041233792901039124,3.106429100036621
839277350,Std-XY p=36,0,spsa,sequential,0,deterministic_linear_ramp,70,120,5,72,7.341561317443848,157,20.81614875793457,2.453206777572632,6.018222808837891,5.943924427032471,5.943924427032471,0.00044055246593413565,0.013021922119457682,0.009170605801045895,3.316211223602295
839277350,Std-XY p=36,0,spsa,sequential,0,deterministic_linear_ramp,75,120,5,72,7.341561317443848,167,12.935062408447266,1.5244117975234985,2.259280204772949,2.2951419353485107,2.209074020385742,0.00042513120678177603,0.01293149713891721,0.00549909844994545,3.528902530670166
839277350,Std-XY p=36,0,spsa,sequential,0,deterministic_linear_ramp,80,120,5,72,7.231772422790527,177,33.465431213378906,3.943938732147217,14.966554641723633,14.354450225830078,15.36262035369873,0.00041106765315458184,0.012847478719003411,0.013756556436419487,3.7361605167388916
839277350,Std-XY p=36,0,spsa,sequential,0,deterministic_linear_ramp,85,120,5,72,7.231772422790527,187,22.05872917175293,2.5996460914611816,6.737300872802734,6.570432662963867,6.737300872802734,0.00039817775313173975,0.012769052840860788,0.008783294819295406,3.9481990337371826
839277350,Std-XY p=36,0,spsa,sequential,0,deterministic_linear_ramp,90,120,5,72,7.1529669761657715,197,1.7762858867645264,0.2093372941017151,0.04351778328418732,0.04382210224866867,0.04260481894016266,0.0003863102862551341,0.01269554947299621,0.000686197483446449,4.1632537841796875
839277350,Std-XY p=36,0,spsa,sequential,0,deterministic_linear_ramp,95,120,5,72,7.1529669761657715,207,46.32304382324219,5.459222793579102,28.67629623413086,28.33135414123535,28.97524642944336,0.00037533973363630034,0.012626410699612943,0.01738687790930271,4.37037205696106
839277350,Std-XY p=36,0,spsa,sequential,0,deterministic_linear_ramp,100,120,5,72,7.1529669761657715,217,36.4261474609375,4.292862892150879,18.414451599121094,18.37179183959961,18.20115852355957,0.0003651609480780579,0.012561167176266359,0.013301407918334007,4.583297491073608
839277350,Std-XY p=36,0,spsa,sequential,0,deterministic_linear_ramp,105,120,5,72,7.1529669761657715,227,25.63936996459961,3.0216286182403564,8.954115867614746,9.130239486694336,8.425745964050293,0.00035568511172209594,0.01249942043693397,0.009119541384279728,4.793914318084717
839277350,Std-XY p=36,0,spsa,sequential,0,deterministic_linear_ramp,110,120,5,72,7.1529669761657715,237,7.468357563018799,0.8801544308662415,0.772280752658844,0.772280752658844,0.7531530261039734,0.0003468366298105195,0.012440829393713411,0.0025903000496327877,5.004693031311035
839277350,Std-XY p=36,0,spsa,sequential,0,deterministic_linear_ramp,115,120,5,72,7.1529669761657715,247,0.8789613842964172,0.1035865917801857,0.010597710497677326,0.010730180889368057,0.01020029652863741,0.0003385507152111399,0.012385099893453082,0.0002975730167236179,5.213464736938477
839277350,Std-XY p=36,0,spsa,sequential,0,deterministic_linear_ramp,120,120,5,72,7.1529669761657715,257,16.33911895751953,1.9255837202072144,3.6048762798309326,3.42177152633667,3.6964285373687744,0.00033077148957754636,0.012331976538504544,0.005404515191912651,5.424713850021362
839277350,Std-XY p=36,0,spsa,sequential,1,random_shared_stream,1,120,5,72,7.661387920379639,19,0.36121535301208496,0.042569637298583984,0.0017436580965295434,0.001789801404811442,0.0016723456792533398,0.5765663522174683,0.02,0.20826461911201477,5.86491584777832
839277350,Std-XY p=36,0,spsa,sequential,1,random_shared_stream,5,120,5,72,7.659635543823242,27,0.718563973903656,0.08468357473611832,0.007165773771703243,0.007149174809455872,0.007171308156102896,0.49058350446313487,0.016999416915812672,0.25,6.03538179397583
839277350,Std-XY p=36,0,spsa,sequential,1,random_shared_stream,10,120,5,72,7.659635543823242,37,0.9888032674789429,0.11653158813714981,0.013537700287997723,0.013537698425352573,0.013202399015426636,0.42005362607992786,0.015850026609609436,0.25,6.2426979541778564
839277350,Std-XY p=36,0,spsa,sequential,1,random_shared_stream,15,120,5,72,7.659635543823242,47,1.8416677713394165,0.21704263985157013,0.04579896852374077,0.04347267001867294,0.04696211591362953,0.37133185395821877,0.015214047873475552,0.25,6.4559924602508545
839277350,Std-XY p=36,0,spsa,sequential,1,random_shared_stream,20,120,5,72,7.657340049743652,57,0.4008219242095947,0.04723731800913811,0.002146999118849635,0.001983434660360217,0.002224477007985115,0.3352300215539473,0.014778350620464044,0.13436754047870636,6.664326429367065
839277350,Std-XY p=36,0,spsa,sequential,1,random_shared_stream,25,120,5,72,7.657340049743652,67,0.8060546517372131,0.094994455575943,0.008849875070154667,0.00832765456289053,0.009023946709930897,0.3071749201424368,0.014449008773880907,0.2475997805595398,6.8733885288238525
839277350,Std-XY p=36,0,spsa,sequential,1,random_shared_stream,30,120,5,72,7.657340049743652,77,1.315909743309021,0.15508146584033966,0.023976024240255356,0.023976027965545654,0.023382194340229034,0.28460801027333676,0.014185372641231635,0.25,7.0832483768463135
839277350,Std-XY p=36,0,spsa,sequential,1,random_shared_stream,35,120,5,72,7.657340049743652,87,0.6177976727485657,0.0728081613779068,0.005235583055764437,0.005284666083753109,0.005153776612132788,0.265974671669858,0.013966227856027484,0.1643185317516327,7.293356418609619
839277350,Std-XY p=36,0,spsa,sequential,1,random_shared_stream,40,120,5,72,7.657340049743652,97,2.9064433574676514,0.3425276279449463,0.10827229917049408,0.10428904742002487,0.1115313395857811,0.25027022212058797,0.013779134410346052,0.25,7.503377914428711
839277350,Std-XY p=36,0,spsa,sequential,1,random_shared_stream,45,120,5,72,7.657061576843262,107,1.2175862789154053,0.1434939205646515,0.020336303859949112,0.02059050463140011,0.019573692232370377,0.23681353941403288,0.013616187769422706,0.25,7.707070350646973
839277350,Std-XY p=36,0,spsa,sequential,1,random_shared_stream,50,120,5,72,7.657061576843262,117,1.6701488494873047,0.1968289166688919,0.03682846575975418,0.0376654751598835,0.0357523076236248,0.22512482843185194,0.013472060523173781,0.25,7.9157187938690186
839277350,Std-XY p=36,0,spsa,sequential,1,random_shared_stream,55,120,5,72,7.657061576843262,127,0.18618786334991455,0.02194244973361492,0.0004814710991922766,0.00046809689956717193,0.00046809689956717193,0.21485534426618486,0.01334299625175472,0.0400034599006176,8.123696088790894
839277350,Std-XY p=36,0,spsa,sequential,1,random_shared_stream,60,120,5,72,7.657061576843262,137,0.7413830161094666,0.08737281709909439,0.007580997422337532,0.007539764046669006,0.007610448636114597,0.20574487647449877,0.013226249755755135,0.15253575146198273,8.335257768630981
839277350,Std-XY p=36,0,spsa,sequential,1,random_shared_stream,65,120,5,72,7.6561174392700195,147,1.4095300436019897,0.1661147028207779,0.027402468025684357,0.025464922189712524,0.027253426611423492,0.19759492014900054,0.01311975565249048,0.25,8.544310569763184
839277350,Std-XY p=36,0,spsa,sequential,1,random_shared_stream,70,120,5,72,7.6561174392700195,157,0.7014375329017639,0.08266520500183105,0.006833536084741354,0.0067491717636585236,0.0067491717636585236,0.19025113343608885,0.013021922119457682,0.13344928622245789,8.752463579177856
839277350,Std-XY p=36,0,spsa,sequential,1,random_shared_stream,75,120,5,72,7.6561174392700195,167,1.8499443531036377,0.21801802515983582,0.04738515987992287,0.047385163605213165,0.04738515987992287,0.18359151339168145,0.01293149713891721,0.25,8.957550287246704
839277350,Std-XY p=36,0,spsa,sequential,1,random_shared_stream,80,120,5,72,7.6561174392700195,177,2.091156482696533,0.24644514918327332,0.05998540669679642,0.060547761619091034,0.0590481236577034,0.1775182140128217,0.012847478719003411,0.25,9.16252851486206
839277350,Std-XY p=36,0,spsa,sequential,1,random_shared_stream,85,120,5,72,7.6561174392700195,187,0.6231198906898499,0.07343538105487823,0.0053885942324995995,0.005392754916101694,0.005376110784709454,0.17195175308285335,0.012769052840860788,0.10714655369520187,9.376490354537964
839277350,Std-XY p=36,0,spsa,sequential,1,random_shared_stream,90,120,5,72,7.6561174392700195,197,1.2689121961593628,0.14954273402690887,0.02234577387571335,0.021258682012557983,0.021741833537817,0.16682682654430342,0.01269554947299621,0.2116885930299759,9.5858736038208
839277350,Std-XY p=36,0,spsa,sequential,1,random_shared_stream,95,120,5,72,7.6561174392700195,207,1.579163670539856,0.18610623478889465,0.0343949981033802,0.034635528922080994,0.03367342799901962,0.16208922947802026,0.012626410699612943,0.25,9.796548843383789
839277350,Std-XY p=36,0,spsa,sequential,1,random_shared_stream,100,120,5,72,7.6561174392700195,217,2.2966554164886475,0.27066344022750854,0.07122373580932617,0.0723542794585228,0.06964098662137985,0.1576935544127307,0.012561167176266359,0.25,10.00497055053711
839277350,Std-XY p=36,0,spsa,sequential,1,random_shared_stream,105,120,5,72,7.6561174392700195,227,1.7041335105895996,0.20083408057689667,0.040303196758031845,0.03921392560005188,0.03983636572957039,0.1536014456484452,0.01249942043693397,0.25,10.213624715805054
839277350,Std-XY p=36,0,spsa,sequential,1,random_shared_stream,110,120,5,72,7.6561174392700195,237,1.0173110961914062,0.11989126354455948,0.01409663911908865,0.013974638655781746,0.014196459203958511,0.1497802578375981,0.012440829393713411,0.15237310528755188,10.42450499534607
839277350,Std-XY p=36,0,spsa,sequential,1,random_shared_stream,115,120,5,72,7.6561174392700195,247,0.4982033967971802,0.05871383473277092,0.0033808150328695774,0.003404754213988781,0.0033515552058815956,0.14620201287023868,0.012385099893453082,0.07283833622932434,10.633985996246338
839277350,Std-XY p=36,0,spsa,sequential,1,random_shared_stream,120,120,5,72,7.6561174392700195,257,0.4450650215148926,0.052451420575380325,0.0027511510998010635,0.002674730494618416,0.002674730494618416,0.14284257986625337,0.012331976538504544,0.06357423216104507,10.843747615814209
839277350,Std-XY p=36,0,spsa,sequential,2,random_shared_stream,1,120,5,72,7.664006233215332,19,0.7687585353851318,0.09059906005859375,0.008151189424097538,0.008182857185602188,0.007802847307175398,0.7350851534602494,0.02,0.25,11.282620429992676
839277350,Std-XY p=36,0,spsa,sequential,2,random_shared_stream,5,120,5,72,7.6604437828063965,27,0.05343412235379219,0.006297271698713303,3.8156307709869e-05,3.855408795061521e-05,3.7697329389629886e-05,0.6254625322417916,0.016999416915812672,0.03342103958129883,11.450159072875977
839277350,Std-XY p=36,0,spsa,sequential,2,random_shared_stream,10,120,5,72,7.6604437828063965,37,1.8515013456344604,0.21820151805877686,0.04746495187282562,0.04761190339922905,0.04702410474419594,0.5355414567654734,0.015850026609609436,0.25,11.660168647766113
839277350,Std-XY p=36,0,spsa,sequential,2,random_shared_stream,15,120,5,72,7.659661293029785,47,0.4792325496673584,0.056478098034858704,0.0030691747087985277,0.003179930616170168,0.0028353561647236347,0.47342431933766643,0.015214047873475552,0.22688034176826477,11.87350845336914
839277350,Std-XY p=36,0,spsa,sequential,2,random_shared_stream,20,120,5,72,7.656106472015381,57,0.9304598569869995,0.10965575277805328,0.009936816059052944,0.009018286131322384,0.010688340291380882,0.4273967963803771,0.014778350620464044,0.25,12.076914548873901
839277350,Std-XY p=36,0,spsa,sequential,2,random_shared_stream,25,120,5,72,7.656106472015381,67,0.17025578022003174,0.020064838230609894,0.0003914143890142441,0.0003417109837755561,0.0004013550642412156,0.3916283398148705,0.014449008773880907,0.06667698174715042,12.287646293640137
839277350,Std-XY p=36,0,spsa,sequential,2,random_shared_stream,30,120,5,72,7.656106472015381,77,0.8870660662651062,0.10454173386096954,0.010625391267240047,0.009714644402265549,0.01092897541821003,0.3628569757898083,0.014185372641231635,0.25,12.49802303314209
839277350,Std-XY p=36,0,spsa,sequential,2,random_shared_stream,35,120,5,72,7.656106472015381,87,1.7152032852172852,0.20213863253593445,0.04007183760404587,0.039725031703710556,0.04035559296607971,0.3391006630703163,0.013966227856027484,0.25,12.704640865325928
839277350,Std-XY p=36,0,spsa,sequential,2,random_shared_stream,40,120,5,72,7.656106472015381,97,0.4033137857913971,0.04753099009394646,0.0022574514150619507,0.002259194618090987,0.002252221805974841,0.3190784962155642,0.013779134410346052,0.1286887675523758,12.911676406860352
839277350,Std-XY p=36,0,spsa,sequential,2,random_shared_stream,45,120,5,72,7.656106472015381,107,0.8136061429977417,0.09588440507650375,0.009016470052301884,0.008938435465097427,0.009080315940082073,0.3019220880513171,0.013616187769422706,0.2456456869840622,13.11895751953125
839277350,Std-XY p=36,0,spsa,sequential,2,random_shared_stream,50,120,5,72,7.656106472015381,117,1.1290998458862305,0.13306570053100586,0.017651831731200218,0.017706478014588356,0.01748787984251976,0.28701973054633356,0.013472060523173781,0.25,13.33236837387085
839277350,Std-XY p=36,0,spsa,sequential,2,random_shared_stream,55,120,5,72,7.656106472015381,127,2.1379764080047607,0.25196292996406555,0.06328937411308289,0.06328937411308289,0.06328937411308289,0.2739267962902088,0.01334299625175472,0.25,13.548811435699463
839277350,Std-XY p=36,0,spsa,sequential,2,random_shared_stream,60,120,5,72,7.656106472015381,137,1.3174192905426025,0.15525934100151062,0.023938067257404327,0.024105466902256012,0.023435870185494423,0.2623115336426579,0.013226249755755135,0.25,13.764550924301147
839277350,Std-XY p=36,0,spsa,sequential,2,random_shared_stream,65,120,5,72,7.656106472015381,147,1.124416708946228,0.13251379132270813,0.017559902742505074,0.01734311319887638,0.01734311133623123,0.25192086156617927,0.01311975565249048,0.25,13.973127603530884
839277350,Std-XY p=36,0,spsa,sequential,2,random_shared_stream,70,120,5,72,7.656106472015381,157,0.9775071740150452,0.11520033329725266,0.013230154290795326,0.013271113857626915,0.01310727372765541,0.2425580040874551,0.013021922119457682,0.2371021807193756,14.186096668243408
839277350,Std-XY p=36,0,spsa,sequential,2,random_shared_stream,75,120,5,72,7.656106472015381,167,1.9287919998168945,0.22731031477451324,0.051630113273859024,0.05023470148444176,0.04911837354302406,0.23406741527056948,0.01293149713891721,0.25,14.396545648574829
839277350,Std-XY p=36,0,spsa,sequential,2,random_shared_stream,80,120,5,72,7.656106472015381,177,0.5035781860351562,0.05934726074337959,0.0035193797666579485,0.0034242612309753895,0.0034786148462444544,0.2263243477315965,0.012847478719003411,0.113972008228302,14.606931924819946
839277350,Std-XY p=36,0,spsa,sequential,2,random_shared_stream,85,120,5,72,7.656106472015381,187,0.23083794116973877,0.027204513549804688,0.0007395145366899669,0.000740085553843528,0.0007378013688139617,0.21922746673741575,0.012769052840860788,0.05060602352023125,14.816686391830444
839277350,Std-XY p=36,0,spsa,sequential,2,random_shared_stream,90,120,5,72,7.656106472015381,197,0.6823410987854004,0.08041466772556305,0.006421612109988928,0.00644655991345644,0.0063866847194731236,0.21269351379934773,0.01269554947299621,0.1451295167207718,15.027920484542847
839277350,Std-XY p=36,0,spsa,sequential,2,random_shared_stream,95,120,5,72,7.656106472015381,207,1.1537699699401855,0.13597309589385986,0.018132034689188004,0.017975108698010445,0.018260426819324493,0.20665338111885437,0.012626410699612943,0.2384304702281952,15.244040966033936
839277350,Std-XY p=36,0,spsa,sequential,2,random_shared_stream,100,120,5,72,7.656106472015381,217,2.861478090286255,0.3372284471988678,0.11231902986764908,0.11056405305862427,0.11337203532457352,0.20104917707971365,0.012561167176266359,0.25,15.45053219795227
839277350,Std-XY p=36,0,spsa,sequential,2,random_shared_stream,105,120,5,72,7.656106472015381,227,2.113617420196533,0.2490922063589096,0.06128092482686043,0.055152829736471176,0.06128092482686043,0.19583200062222195,0.01249942043693397,0.25,15.662318229675293
839277350,Std-XY p=36,0,spsa,sequential,2,random_shared_stream,110,120,5,72,7.656106472015381,237,0.628989577293396,0.07412713766098022,0.005426994990557432,0.00534219853579998,0.005477873142808676,0.1909602310201042,0.012440829393713411,0.12011199444532394,15.87488341331482
839277350,Std-XY p=36,0,spsa,sequential,2,random_shared_stream,115,120,5,72,7.656106472015381,247,0.07366875559091568,0.0086819464340806,7.514355820603669e-05,7.514355820603669e-05,7.328241918003187e-05,0.18639819797597387,0.012385099893453082,0.013731724582612514,16.082411766052246
839277350,Std-XY p=36,0,spsa,sequential,2,random_shared_stream,120,120,5,72,7.656106472015381,257,1.8960785865783691,0.223455011844635,0.049893610179424286,0.04977802932262421,0.049315694719552994,0.18211513616396144,0.012331976538504544,0.25,16.294358491897583
839277350,Std-XY p=36,0,spsa,sequential,3,random_shared_stream,1,120,5,72,7.657500267028809,19,1.2012863159179688,0.1415729522705078,0.019795458763837814,0.017815910279750824,0.019795456901192665,0.4162357903093756,0.02,0.25,16.735278129577637
839277350,Std-XY p=36,0,spsa,sequential,3,random_shared_stream,5,120,5,72,7.657500267028809,27,0.7565272450447083,0.0891575962305069,0.0069125061854720116,0.00441615330055356,0.007924540899693966,0.3541629023400533,0.016999416915812672,0.25,16.903562545776367
839277350,Std-XY p=36,0,spsa,sequential,3,random_shared_stream,10,120,5,72,7.657500267028809,37,0.6411203742027283,0.07555675506591797,0.0056383442133665085,0.005426906049251556,0.0057088229805231094,0.303245849070553,0.015850026609609436,0.1944170594215393,17.117620706558228
839277350,Std-XY p=36,0,spsa,sequential,3,random_shared_stream,15,120,5,72,7.657500267028809,47,0.5907964110374451,0.06962602585554123,0.00481411861255765,0.004832821432501078,0.004608387127518654,0.26807254204984815,0.015214047873475552,0.1583763062953949,17.319732189178467
839277350,Std-XY p=36,0,spsa,sequential,3,random_shared_stream,20,120,5,72,7.657500267028809,57,0.8318970799446106,0.09804001450538635,0.009545095264911652,0.009582177735865116,0.009493178687989712,0.24200984400197326,0.014778350620464044,0.20132729411125183,17.52916646003723
839277350,Std-XY p=36,0,spsa,sequential,3,random_shared_stream,25,120,5,72,7.657500267028809,67,1.6727350950241089,0.19713373482227325,0.036942608654499054,0.038861703127622604,0.031185319647192955,0.2217562560787133,0.014449008773880907,0.25,17.739463567733765
839277350,Std-XY p=36,0,spsa,sequential,3,random_shared_stream,30,120,5,72,7.657500267028809,77,0.4627860486507416,0.05453985929489136,0.0029378728941082954,0.00296541559509933,0.0028919687028974295,0.20546471300118316,0.014185372641231635,0.09508619457483292,17.94805145263672
839277350,Std-XY p=36,0,spsa,sequential,3,random_shared_stream,35,120,5,72,7.657500267028809,87,1.6918820142745972,0.1993902027606964,0.03972578048706055,0.039633750915527344,0.03926563635468483,0.19201290057770024,0.013966227856027484,0.25,18.158574104309082
839277350,Std-XY p=36,0,spsa,sequential,3,random_shared_stream,40,120,5,72,7.657500267028809,97,1.3626339435577393,0.16058795154094696,0.02560940384864807,0.023798637092113495,0.02547011338174343,0.18067551686744063,0.013779134410346052,0.24619460105895996,18.371995210647583
839277350,Std-XY p=36,0,spsa,sequential,3,random_shared_stream,45,120,5,72,7.657500267028809,107,0.3608928918838501,0.042531635612249374,0.0018075443804264069,0.001803356921300292,0.0017866074340417981,0.17096084493113445,0.013616187769422706,0.0616985559463501,18.574277877807617
839277350,Std-XY p=36,0,spsa,sequential,3,random_shared_stream,50,120,5,72,7.65677547454834,117,0.5960098505020142,0.07024043053388596,0.004899456165730953,0.004918490536510944,0.0048728082329034805,0.16252251023703684,0.013472060523173781,0.09686500579118729,18.782551765441895
839277350,Std-XY p=36,0,spsa,sequential,3,random_shared_stream,55,120,5,72,7.65677547454834,127,3.0169103145599365,0.35554632544517517,0.12602300941944122,0.1248525083065033,0.12641316652297974,0.1551087462507649,0.01334299625175472,0.25,18.991194248199463
839277350,Std-XY p=36,0,spsa,sequential,3,random_shared_stream,60,120,5,72,7.65677547454834,137,0.7196630239486694,0.08481310307979584,0.007104456424713135,0.006993449293076992,0.007171060424298048,0.1485317013941301,0.013226249755755135,0.10689277946949005,19.188982725143433
839277350,Std-XY p=36,0,spsa,sequential,3,random_shared_stream,65,120,5,72,7.65677547454834,147,0.06738481670618057,0.007941377349197865,6.301680696196854e-05,5.8199293562211096e-05,5.995111496304162e-05,0.14264807065660287,0.01311975565249048,0.009612313471734524,19.402642965316772
839277350,Std-XY p=36,0,spsa,sequential,3,random_shared_stream,70,120,5,72,7.65677547454834,157,1.1122019290924072,0.13107424974441528,0.01716720312833786,0.016703225672245026,0.01633204147219658,0.13734643129704593,0.013021922119457682,0.1527569591999054,19.61900544166565
839277350,Std-XY p=36,0,spsa,sequential,3,random_shared_stream,75,120,5,72,7.65677547454834,167,1.6773871183395386,0.1976819783449173,0.03895755484700203,0.03907816484570503,0.03859572112560272,0.13253870673649348,0.01293149713891721,0.22231872379779816,19.830856323242188
839277350,Std-XY p=36,0,spsa,sequential,3,random_shared_stream,80,120,5,72,7.65677547454834,177,0.48783156275749207,0.057491499930620193,0.003282319288700819,0.003295070957392454,0.003264466766268015,0.12815425981720524,0.012847478719003411,0.0625176951289177,20.03653311729431
839277350,Std-XY p=36,0,spsa,sequential,3,random_shared_stream,85,120,5,72,7.65677547454834,187,0.6826909780502319,0.08045591413974762,0.00647315289825201,0.006393237039446831,0.006393237039446831,0.12413571059819406,0.012769052840860788,0.0847463309764862,20.24529457092285
839277350,Std-XY p=36,0,spsa,sequential,3,random_shared_stream,90,120,5,72,7.6567487716674805,197,1.4529625177383423,0.17123328149318695,0.028958849608898163,0.027058426290750504,0.02923033945262432,0.12043591465997006,0.01269554947299621,0.17498888075351715,20.455832719802856
839277350,Std-XY p=36,0,spsa,sequential,3,random_shared_stream,95,120,5,72,7.656460285186768,207,0.6075678467750549,0.07160256057977676,0.005063630174845457,0.00511110108345747,0.004984511062502861,0.11701574029241006,0.012626410699612943,0.07109499722719193,20.666041612625122
839277350,Std-XY p=36,0,spsa,sequential,3,random_shared_stream,100,120,5,72,7.656460285186768,217,1.4763984680175781,0.1739952266216278,0.030250979587435722,0.029900584369897842,0.029433386400341988,0.11384240685436386,0.012561167176266359,0.168076753616333,20.87767219543457
839277350,Std-XY p=36,0,spsa,sequential,3,random_shared_stream,105,120,5,72,7.656460285186768,227,1.4879001379013062,0.17535072565078735,0.029893765226006508,0.026097731664776802,0.0306529700756073,0.11088822453175087,0.01249942043693397,0.1649906039237976,21.091201305389404
839277350,Std-XY p=36,0,spsa,sequential,3,random_shared_stream,110,120,5,72,7.656460285186768,237,1.452139973640442,0.17113633453845978,0.028926070779561996,0.02919725328683853,0.028474099934101105,0.10812962593810872,0.012440829393713411,0.15701934695243835,21.294835567474365
839277350,Std-XY p=36,0,spsa,sequential,3,random_shared_stream,115,120,5,72,7.656460285186768,247,0.9614508152008057,0.11330805718898773,0.012799090705811977,0.012204707600176334,0.012680213898420334,0.10554641306732428,0.012385099893453082,0.10147769004106522,21.505127668380737
839277350,Std-XY p=36,0,spsa,sequential,3,random_shared_stream,120,120,5,72,7.655399322509766,257,2.385601043701172,0.28114578127861023,0.07849404215812683,0.0790429413318634,0.07684730738401413,0.10312116531218335,0.012331976538504544,0.24600596725940704,21.71874690055847
839277350,Std-XY p=36,0,spsa,sequential,4,continuation,1,120,5,72,0.06397992372512817,19,128.85398864746094,15.185589790344238,227.75515747070312,227.75515747070312,227.75518798828125,0.0072414299382178495,0.02,0.25,22.15454864501953
839277350,Std-XY p=36,0,spsa,sequential,4,continuation,5,120,5,72,0.06397992372512817,27,73.35736846923828,8.64525032043457,73.298583984375,68.97333526611328,74.7403335571289,0.006161521675262865,0.016999416915812672,0.25,22.319427490234375
839277350,Std-XY p=36,0,spsa,sequential,4,continuation,10,120,5,72,0.06397992372512817,37,334.2118225097656,39.38724136352539,1540.58154296875,1551.3548583984375,1508.2615966796875,0.005275696182847762,0.015850026609609436,0.25,22.531404495239258
839277350,Std-XY p=36,0,spsa,sequential,4,continuation,15,120,5,72,0.06397992372512817,47,352.687255859375,41.56459045410156,1715.6177978515625,1706.28662109375,1722.2830810546875,0.00466377129696386,0.015214047873475552,0.25,22.746439456939697
839277350,Std-XY p=36,0,spsa,sequential,4,continuation,20,120,5,72,0.06397992372512817,57,225.9526824951172,26.6287784576416,704.1676635742188,674.074951171875,706.9033203125,0.004210347525369556,0.014778350620464044,0.25,22.951541423797607
839277350,Std-XY p=36,0,spsa,sequential,4,continuation,25,120,5,72,0.06397992372512817,67,543.6802368164062,64.07332611083984,4092.719970703125,3991.3525390625,4092.719970703125,0.0038579872974448723,0.014449008773880907,0.25,23.162973165512085
839277350,Std-XY p=36,0,spsa,sequential,4,continuation,30,120,5,72,0.06397992372512817,77,163.22528076171875,19.236284255981445,341.4825744628906,351.7613525390625,328.919677734375,0.003574556437994497,0.014185372641231635,0.25,23.375731468200684
839277350,Std-XY p=36,0,spsa,sequential,4,continuation,35,120,5,72,0.06397992372512817,87,203.42491149902344,23.97385597229004,572.971923828125,567.650146484375,574.7457885742188,0.0033405295727547304,0.013966227856027484,0.25,23.581543922424316
839277350,Std-XY p=36,0,spsa,sequential,4,continuation,40,120,5,72,0.06397992372512817,97,450.6558532714844,53.11030197143555,2766.2919921875,2681.409912109375,2811.997802734375,0.0031432883173607247,0.013779134410346052,0.25,23.796069383621216
839277350,Std-XY p=36,0,spsa,sequential,4,continuation,45,120,5,72,0.06397992372512817,107,269.6551818847656,31.7791690826416,1009.9154663085938,981.8623046875,981.8623046875,0.0029742780644287396,0.013616187769422706,0.25,24.006601095199585
839277350,Std-XY p=36,0,spsa,sequential,4,continuation,50,120,5,72,0.06397992372512817,117,94.05091857910156,11.084007263183594,122.47602081298828,122.85520935058594,121.33847045898438,0.0028274727898579904,0.013472060523173781,0.25,24.21270775794983
839277350,Std-XY p=36,0,spsa,sequential,4,continuation,55,120,5,72,0.06397992372512817,127,32.484928131103516,3.828385591506958,14.61130142211914,14.656536102294922,14.475590705871582,0.0026984924048575375,0.01334299625175472,0.08766033500432968,24.427650928497314
839277350,Std-XY p=36,0,spsa,sequential,4,continuation,60,120,5,72,0.06397992372512817,137,55.268898010253906,6.513502597808838,42.13108825683594,42.42571258544922,41.24721908569336,0.0025840687761387363,0.013226249755755135,0.1428186446428299,24.636589765548706
839277350,Std-XY p=36,0,spsa,sequential,4,continuation,65,120,5,72,0.06397992372512817,147,72.66765594482422,8.563966751098633,73.11514282226562,71.30424499511719,67.68244934082031,0.0024817087658751285,0.01311975565249048,0.180339977145195,24.847755432128906
839277350,Std-XY p=36,0,spsa,sequential,4,continuation,70,120,5,72,0.06397992372512817,157,39.304893493652344,4.632126808166504,21.30759048461914,20.397008895874023,21.390371322631836,0.002389473905553784,0.013021922119457682,0.09391802549362183,25.05860424041748
839277350,Std-XY p=36,0,spsa,sequential,4,continuation,75,120,5,72,0.06397992372512817,167,75.3461685180664,8.879631042480469,70.08697509765625,66.92333221435547,72.76390838623047,0.002305831889710761,0.01293149713891721,0.1737356036901474,25.26959538459778
839277350,Std-XY p=36,0,spsa,sequential,4,continuation,80,120,5,72,0.06397992372512817,177,35.10623550415039,4.137309551239014,17.104122161865234,17.064498901367188,17.11733055114746,0.0022295538138627853,0.012847478719003411,0.07827123999595642,25.48327922821045
839277350,Std-XY p=36,0,spsa,sequential,4,continuation,85,120,5,72,0.06397992372512817,187,21.568218231201172,2.5418388843536377,6.141885757446289,5.743062496185303,6.381180763244629,0.002159641414928709,0.012769052840860788,0.04657961428165436,25.690545082092285
839277350,Std-XY p=36,0,spsa,sequential,4,continuation,90,120,5,72,0.06397992372512817,197,29.499378204345703,3.4765350818634033,12.048992156982422,11.937082290649414,12.086296081542969,0.002095274501520233,0.01269554947299621,0.06180929020047188,25.90434980392456
839277350,Std-XY p=36,0,spsa,sequential,4,continuation,95,120,5,72,0.06397992372512817,207,29.143068313598633,3.4345436096191406,11.786988258361816,11.650459289550781,11.46842098236084,0.002035772282739946,0.012626410699612943,0.059328652918338776,26.11418867111206
839277350,Std-XY p=36,0,spsa,sequential,4,continuation,100,120,5,72,0.06397992372512817,217,7.864031791687012,0.9267850518226624,0.852965772151947,0.8562795519828796,0.8165141940116882,0.0019805644599212124,0.012561167176266359,0.015575222671031952,26.32333493232727
839277350,Std-XY p=36,0,spsa,sequential,4,continuation,105,120,5,72,0.06397992372512817,227,39.54078674316406,4.659926414489746,21.714914321899414,21.64789390563965,21.64789390563965,0.0019291693016672256,0.01249942043693397,0.0762808695435524,26.535714149475098
839277350,Std-XY p=36,0,spsa,sequential,4,continuation,110,120,5,72,0.06397992372512817,237,83.07769775390625,9.790800094604492,95.78579711914062,95.56388854980469,95.8597640991211,0.0018811767961965206,0.012440829393713411,0.15628384053707123,26.74631667137146
839277350,Std-XY p=36,0,spsa,sequential,4,continuation,115,120,5,72,0.06397992372512817,247,39.60079574584961,4.666998863220215,21.764074325561523,21.713655471801758,21.780879974365234,0.0018362355502614114,0.012385099893453082,0.07271639257669449,26.960615396499634
839277350,Std-XY p=36,0,spsa,sequential,4,continuation,120,120,5,72,0.06397992372512817,257,48.63348388671875,5.73151159286499,31.937713623046875,30.315481185913086,32.74882888793945,0.0017940424901965388,0.012331976538504544,0.08725054562091827,27.1657292842865
839277350,Std-XY p=42,0,spsa,sequential,0,deterministic_linear_ramp,1,120,5,84,11.377816200256348,19,16.847665786743164,1.838231086730957,3.3771779537200928,3.371431350708008,3.379094123840332,0.0021235301517805944,0.02,0.0357765294611454,0.4767444133758545
839277350,Std-XY p=42,0,spsa,sequential,0,deterministic_linear_ramp,5,120,5,84,9.458640098571777,27,23.710636138916016,2.5870425701141357,6.051586151123047,5.949146270751953,6.1464385986328125,0.0018068499136084239,0.016999416915812672,0.04284156486392021,0.6749670505523682
839277350,Std-XY p=42,0,spsa,sequential,0,deterministic_linear_ramp,10,120,5,84,8.309504508972168,37,62.33063507080078,6.800829887390137,46.14640808105469,46.14640808105469,46.14640808105469,0.0015470839339043786,0.015850026609609436,0.09643072634935379,0.919625997543335
839277350,Std-XY p=42,0,spsa,sequential,0,deterministic_linear_ramp,15,120,5,84,7.918527126312256,47,53.66708755493164,5.855559349060059,34.28757858276367,34.20982360839844,34.2098274230957,0.0013676385816899837,0.015214047873475552,0.0733971819281578,1.1667566299438477
839277350,Std-XY p=42,0,spsa,sequential,0,deterministic_linear_ramp,20,120,5,84,7.769613265991211,57,55.00770950317383,6.001832962036133,34.36792755126953,33.97993087768555,34.71508026123047,0.0012346732614798225,0.014778350620464044,0.06791654974222183,1.4130196571350098
839277350,Std-XY p=42,0,spsa,sequential,0,deterministic_linear_ramp,25,120,5,84,7.700395584106445,67,92.37480163574219,10.078917503356934,101.06627655029297,100.66317749023438,101.3542251586914,0.0011313445578024803,0.014449008773880907,0.10450773686170578,1.6593036651611328
839277350,Std-XY p=42,0,spsa,sequential,0,deterministic_linear_ramp,30,120,5,84,7.629830837249756,77,5.666894435882568,0.618308961391449,0.3560819625854492,0.3398274779319763,0.3684353828430176,0.0010482292088834127,0.014185372641231635,0.005940204486250877,1.89186429977417
839277350,Std-XY p=42,0,spsa,sequential,0,deterministic_linear_ramp,35,120,5,84,7.596516132354736,87,41.78926467895508,4.559582710266113,20.77800750732422,20.742652893066406,20.789794921875,0.0009796014504291695,0.013966227856027484,0.040936823934316635,2.1386396884918213
839277350,Std-XY p=42,0,spsa,sequential,0,deterministic_linear_ramp,40,120,5,84,7.596516132354736,97,32.517852783203125,3.547988176345825,12.559676170349121,12.559676170349121,12.331318855285645,0.0009217609746422412,0.013779134410346052,0.02997368574142456,2.389878034591675
839277350,Std-XY p=42,0,spsa,sequential,0,deterministic_linear_ramp,45,120,5,84,7.585555553436279,107,23.761810302734375,2.5926260948181152,6.687415599822998,6.706468105316162,6.660741806030273,0.0008721991655626574,0.013616187769422706,0.020725032314658165,2.6325550079345703
839277350,Std-XY p=42,0,spsa,sequential,0,deterministic_linear_ramp,50,120,5,84,7.571316719055176,117,41.137969970703125,4.488520622253418,19.964078903198242,19.735658645629883,20.101133346557617,0.0008291489075816851,0.013472060523173781,0.03410950303077698,2.8771793842315674
839277350,Std-XY p=42,0,spsa,sequential,0,deterministic_linear_ramp,55,120,5,84,7.571316719055176,127,1.0531855821609497,0.11491196602582932,0.013197274878621101,0.01320476084947586,0.013174816034734249,0.0007913257512612446,0.01334299625175472,0.0008334128651767969,3.1222681999206543
839277350,Std-XY p=42,0,spsa,sequential,0,deterministic_linear_ramp,60,120,5,84,7.571316719055176,137,41.7966194152832,4.560385227203369,20.042572021484375,20.042570114135742,20.042570114135742,0.0007577713251694938,0.013226249755755135,0.03167228028178215,3.3646836280822754
839277350,Std-XY p=42,0,spsa,sequential,0,deterministic_linear_ramp,65,120,5,84,7.571316719055176,147,28.177202224731445,3.074385166168213,9.189291000366211,9.451841354370117,8.401637077331543,0.0007277545232414431,0.01311975565249048,0.02050608955323696,3.604771852493286
839277350,Std-XY p=42,0,spsa,sequential,0,deterministic_linear_ramp,70,120,5,84,7.571316719055176,157,4.147130012512207,0.45248904824256897,0.20463024079799652,0.20288921892642975,0.20428206026554108,0.0007007068947193546,0.013021922119457682,0.002905922941863537,3.8494043350219727
839277350,Std-XY p=42,0,spsa,sequential,0,deterministic_linear_ramp,75,120,5,84,7.534447193145752,167,41.5855598449707,4.537356376647949,20.400867462158203,20.54092025756836,19.420507431030273,0.000676179095083958,0.01293149713891721,0.0281192846596241,4.09174919128418
839277350,Std-XY p=42,0,spsa,sequential,0,deterministic_linear_ramp,80,120,5,84,7.506265163421631,177,21.13966178894043,2.3065261840820312,5.271808624267578,5.27180814743042,5.271808624267578,0.0006538107513500618,0.012847478719003411,0.013821338303387165,4.335820913314819
839277350,Std-XY p=42,0,spsa,sequential,0,deterministic_linear_ramp,85,120,5,84,7.506265163421631,187,3.3866231441497803,0.36951085925102234,0.13646090030670166,0.1365382820367813,0.13622868061065674,0.0006333091255128364,0.012769052840860788,0.0021447790786623955,4.57895827293396
839277350,Std-XY p=42,0,spsa,sequential,0,deterministic_linear_ramp,90,120,5,84,7.472052574157715,197,25.330549240112305,2.763789415359497,7.621211528778076,7.569248199462891,7.6385321617126465,0.0006144336986197899,0.01269554947299621,0.015563943423330784,4.824914455413818
839277350,Std-XY p=42,0,spsa,sequential,0,deterministic_linear_ramp,95,120,5,84,7.441568851470947,207,11.05394172668457,1.2060840129852295,1.4538136720657349,1.4414442777633667,1.451339840888977,0.0005969848305432064,0.012626410699612943,0.0065990351140499115,5.068074703216553
839277350,Std-XY p=42,0,spsa,sequential,0,deterministic_linear_ramp,100,120,5,84,7.392601013183594,217,3.833733320236206,0.41829460859298706,0.17407767474651337,0.1745736300945282,0.1686222404241562,0.0005807952827094268,0.012561167176266359,0.0022266143932938576,5.310640096664429
839277350,Std-XY p=42,0,spsa,sequential,0,deterministic_linear_ramp,105,120,5,84,7.3914899826049805,227,0.842280387878418,0.09190032631158829,0.008369065821170807,0.008273310028016567,0.008426519110798836,0.000565723788662115,0.01249942043693397,0.0004764980694744736,5.548811197280884
839277350,Std-XY p=42,0,spsa,sequential,0,deterministic_linear_ramp,110,120,5,84,7.3914899826049805,237,14.566234588623047,1.5893064737319946,2.5029845237731934,2.525895118713379,2.4342525005340576,0.0005516501135321974,0.012440829393713411,0.008035465143620968,5.7903900146484375
839277350,Std-XY p=42,0,spsa,sequential,0,deterministic_linear_ramp,115,120,5,84,7.3914899826049805,247,36.26530838012695,3.95686936378479,13.917169570922852,13.384623527526855,14.378708839416504,0.0005384712121803909,0.012385099893453082,0.019527822732925415,6.0348756313323975
839277350,Std-XY p=42,0,spsa,sequential,0,deterministic_linear_ramp,120,120,5,84,7.3914899826049805,257,26.54974365234375,2.8968145847320557,8.372507095336914,8.315421104431152,8.391534805297852,0.0005260982090569639,0.012331976538504544,0.01396777294576168,6.277613639831543
839277350,Std-XY p=42,0,spsa,sequential,1,random_shared_stream,1,120,5,84,7.65968132019043,19,0.2526024580001831,0.027561187744140625,0.0007320591830648482,0.0007320591830648482,0.0007320591830648482,0.44446485518949486,0.02,0.11227291077375412,6.7886457443237305
839277350,Std-XY p=42,0,spsa,sequential,1,random_shared_stream,5,120,5,84,7.65968132019043,27,0.1957697719335556,0.021360233426094055,0.00044694816460832953,0.00044694816460832953,0.00044694816460832953,0.37818219088046867,0.016999416915812672,0.07403664290904999,6.986130237579346
839277350,Std-XY p=42,0,spsa,sequential,1,random_shared_stream,10,120,5,84,7.659021377563477,37,0.2425021529197693,0.02645915187895298,0.0006996899610385299,0.00067468686029315,0.0006603993242606521,0.3238119487365064,0.015850026609609436,0.07852509617805481,7.2292211055755615
839277350,Std-XY p=42,0,spsa,sequential,1,random_shared_stream,15,120,5,84,7.6585211753845215,47,3.1412577629089355,0.3427393138408661,0.11740365624427795,0.11720384657382965,0.11747022718191147,0.28625319195618854,0.015214047873475552,0.25,7.473037004470825
839277350,Std-XY p=42,0,spsa,sequential,1,random_shared_stream,20,120,5,84,7.6585211753845215,57,3.477839469909668,0.37946340441703796,0.12799330055713654,0.10448433458805084,0.14105384051799774,0.2584229246332218,0.014778350620464044,0.25,7.712305068969727
839277350,Std-XY p=42,0,spsa,sequential,1,random_shared_stream,25,120,5,84,7.6585211753845215,67,0.9125296473503113,0.09956514090299606,0.009907599538564682,0.009553556330502033,0.009351245127618313,0.23679574063568878,0.014449008773880907,0.2160831242799759,7.953026533126831
839277350,Std-XY p=42,0,spsa,sequential,1,random_shared_stream,30,120,5,84,7.6585211753845215,77,1.2403457164764404,0.13533280789852142,0.01827343925833702,0.017650481313467026,0.018148846924304962,0.21939930692347528,0.014185372641231635,0.25,8.192902565002441
839277350,Std-XY p=42,0,spsa,sequential,1,random_shared_stream,35,120,5,84,7.6585211753845215,87,0.06524341553449631,0.007118639536201954,4.883648216491565e-05,4.6538298192899674e-05,5.021539982408285e-05,0.2050351940815794,0.013966227856027484,0.013377196155488491,8.436038494110107
839277350,Std-XY p=42,0,spsa,sequential,1,random_shared_stream,40,120,5,84,7.6585211753845215,97,2.648977756500244,0.2890271842479706,0.08277900516986847,0.08334728330373764,0.07880105823278427,0.1929289102724363,0.013779134410346052,0.25,8.676395654678345
839277350,Std-XY p=42,0,spsa,sequential,1,random_shared_stream,45,120,5,84,7.6585211753845215,107,1.6205393075942993,0.17681533098220825,0.031104153022170067,0.03119276836514473,0.03098008967936039,0.18255539036879115,0.013616187769422706,0.25,8.918828248977661
839277350,Std-XY p=42,0,spsa,sequential,1,random_shared_stream,50,120,5,84,7.6585211753845215,117,0.4077659845352173,0.044490914791822433,0.0019794416148215532,0.001974953105673194,0.001974953105673194,0.1735447687567839,0.013472060523173781,0.07076564431190491,9.159696340560913
839277350,Std-XY p=42,0,spsa,sequential,1,random_shared_stream,55,120,5,84,7.658212184906006,127,0.9044851064682007,0.09868742525577545,0.00965086929500103,0.009540447033941746,0.009717121720314026,0.1656282041237468,0.01334299625175472,0.14980825781822205,9.405089855194092
839277350,Std-XY p=42,0,spsa,sequential,1,random_shared_stream,60,120,5,84,7.658212184906006,137,3.284755229949951,0.3583962321281433,0.12837502360343933,0.12815657258033752,0.12844783067703247,0.15860510481840784,0.013226249755755135,0.25,9.647745370864868
839277350,Std-XY p=42,0,spsa,sequential,1,random_shared_stream,65,120,5,84,7.658212184906006,147,0.8127815127372742,0.08868174254894257,0.007846616208553314,0.007793117314577103,0.007864450104534626,0.15232244690040467,0.01311975565249048,0.12380486726760864,9.890040636062622
839277350,Std-XY p=42,0,spsa,sequential,1,random_shared_stream,70,120,5,84,7.658212184906006,157,1.1284879446029663,0.12312813103199005,0.015160536393523216,0.01461049448698759,0.014610493555665016,0.146661250950722,0.013021922119457682,0.16550545394420624,10.13814640045166
839277350,Std-XY p=42,0,spsa,sequential,1,random_shared_stream,75,120,5,84,7.658212184906006,167,0.1928042471408844,0.021036667749285698,0.00044229053310118616,0.00044254137901589274,0.000441537908045575,0.14152746704663086,0.01293149713891721,0.02728709764778614,10.380808115005493
839277350,Std-XY p=42,0,spsa,sequential,1,random_shared_stream,80,120,5,84,7.658212184906006,177,1.8100273609161377,0.1974901705980301,0.03864860534667969,0.03900236636400223,0.03758731484413147,0.13684566742623053,0.012847478719003411,0.24769440293312073,10.625942707061768
839277350,Std-XY p=42,0,spsa,sequential,1,random_shared_stream,85,120,5,84,7.658212184906006,187,0.9983606934547424,0.1089300885796547,0.011838858015835285,0.011865762993693352,0.011758137494325638,0.13255458064733505,0.012769052840860788,0.132337287068367,10.86755657196045
839277350,Std-XY p=42,0,spsa,sequential,1,random_shared_stream,90,120,5,84,7.658212184906006,197,0.6165294647216797,0.06726887822151184,0.0045225368812680244,0.004484057892113924,0.0044327531941235065,0.12860386496118234,0.01269554947299621,0.0792880728840828,11.104891061782837
839277350,Std-XY p=42,0,spsa,sequential,1,random_shared_stream,95,120,5,84,7.6580119132995605,207,3.323122262954712,0.36258238554000854,0.13139145076274872,0.1287829875946045,0.13027353584766388,0.12495173474943268,0.012626410699612943,0.25,11.347678661346436
839277350,Std-XY p=42,0,spsa,sequential,1,random_shared_stream,100,120,5,84,7.6580119132995605,217,0.7428097724914551,0.0810471922159195,0.006535133346915245,0.006509068422019482,0.006196275353431702,0.12156318619150869,0.012561167176266359,0.09029833227396011,11.588089942932129
839277350,Std-XY p=42,0,spsa,sequential,1,random_shared_stream,105,120,5,84,7.6580119132995605,227,0.8770694732666016,0.09569613635540009,0.009136983193457127,0.009157748892903328,0.009074686095118523,0.11840865155322683,0.01249942043693397,0.10385261476039886,11.83374834060669
839277350,Std-XY p=42,0,spsa,sequential,1,random_shared_stream,110,120,5,84,7.6580119132995605,237,1.8017442226409912,0.19658641517162323,0.03862430527806282,0.03855857998132706,0.038295678794384,0.11546296511060311,0.012440829393713411,0.2080347239971161,12.058550357818604
839277350,Std-XY p=42,0,spsa,sequential,1,random_shared_stream,115,120,5,84,7.6580119132995605,247,1.0850639343261719,0.11839017271995544,0.013889104127883911,0.013507709838449955,0.014016235247254372,0.11270455903100225,0.012385099893453082,0.12229165434837341,12.281118154525757
839277350,Std-XY p=42,0,spsa,sequential,1,random_shared_stream,120,120,5,84,7.6580119132995605,257,0.19508971273899078,0.02128603309392929,0.00045283831423148513,0.000452067848527804,0.0004489855491556227,0.11011483124357156,0.012331976538504544,0.02148227021098137,12.505220413208008
839277350,Std-XY p=42,0,spsa,sequential,2,random_shared_stream,1,120,5,84,7.657787799835205,19,0.14684157073497772,0.016021728515625,0.0002565502654761076,0.0002561137080192566,0.000254367507295683,0.2721850555504587,0.02,0.03996808081865311,13.016872882843018
839277350,Std-XY p=42,0,spsa,sequential,2,random_shared_stream,5,120,5,84,7.657787799835205,27,1.3617761135101318,0.14858196675777435,0.021626051515340805,0.022026535123586655,0.020825089886784554,0.2315943306453524,0.016999416915812672,0.25,13.220107078552246
839277350,Std-XY p=42,0,spsa,sequential,2,random_shared_stream,10,120,5,84,7.657787799835205,37,0.7705199122428894,0.0840706154704094,0.007063861936330795,0.006923626642674208,0.006811437662690878,0.19829863312178356,0.015850026609609436,0.1527930498123169,13.453362941741943
839277350,Std-XY p=42,0,spsa,sequential,2,random_shared_stream,15,120,5,84,7.657787799835205,47,2.11059308052063,0.23028460144996643,0.053000934422016144,0.05194872245192528,0.05254998058080673,0.17529809172622482,0.015214047873475552,0.25,13.694546699523926
839277350,Std-XY p=42,0,spsa,sequential,2,random_shared_stream,20,120,5,84,7.657787799835205,57,3.0932531356811523,0.337501585483551,0.11364902555942535,0.11364901810884476,0.1115826740860939,0.15825516297979722,0.014778350620464044,0.25,13.931786060333252
839277350,Std-XY p=42,0,spsa,sequential,2,random_shared_stream,25,120,5,84,7.657787799835205,67,0.2838611602783203,0.030971791595220566,0.0008934529614634812,0.0007417344604618847,0.000957076670601964,0.14501092958532827,0.014449008773880907,0.04116297513246536,14.178805351257324
839277350,Std-XY p=42,0,spsa,sequential,2,random_shared_stream,30,120,5,84,7.657787799835205,77,0.9663050770759583,0.10543253272771835,0.009698158130049706,0.008066045120358467,0.010712714865803719,0.13435755796088353,0.014185372641231635,0.12983039021492004,14.421216249465942
839277350,Std-XY p=42,0,spsa,sequential,2,random_shared_stream,35,120,5,84,7.657787799835205,87,1.3411667346954346,0.14633330702781677,0.021401293575763702,0.021364877000451088,0.02141343243420124,0.12556114401238896,0.013966227856027484,0.1683984398841858,14.656275987625122
839277350,Std-XY p=42,0,spsa,sequential,2,random_shared_stream,40,120,5,84,7.657787799835205,97,0.9613327383995056,0.10489001125097275,0.01097696553915739,0.010902122594416142,0.011001912876963615,0.11814739803758886,0.013779134410346052,0.11357896775007248,14.904433012008667
839277350,Std-XY p=42,0,spsa,sequential,2,random_shared_stream,45,120,5,84,7.657787799835205,107,0.7303499579429626,0.07968771457672119,0.006292534060776234,0.005831753835082054,0.006292534060776234,0.11179477632124717,0.013616187769422706,0.0816493108868599,15.15129280090332
839277350,Std-XY p=42,0,spsa,sequential,2,random_shared_stream,50,120,5,84,7.654874801635742,117,0.021085750311613083,0.00230064382776618,5.280960067466367e-06,5.280959612719016e-06,5.280960067466367e-06,0.1062767775067791,0.013472060523173781,0.0022409253288060427,15.390849590301514
839277350,Std-XY p=42,0,spsa,sequential,2,random_shared_stream,55,120,5,84,7.652787208557129,127,3.0138041973114014,0.3288329839706421,0.10659866034984589,0.1071503609418869,0.0961165651679039,0.10142876633277226,0.01334299625175472,0.25,15.639040231704712
839277350,Std-XY p=42,0,spsa,sequential,2,random_shared_stream,60,120,5,84,7.652787208557129,137,1.5863707065582275,0.1730872392654419,0.029942210763692856,0.029959192499518394,0.029891258105635643,0.09712790282862617,0.013226249755755135,0.15408086776733398,15.884244680404663
839277350,Std-XY p=42,0,spsa,sequential,2,random_shared_stream,65,120,5,84,7.652787208557129,147,3.341731309890747,0.36461275815963745,0.1317366361618042,0.12209001928567886,0.1317366361618042,0.09328047693105514,0.01311975565249048,0.25,16.127200603485107
839277350,Std-XY p=42,0,spsa,sequential,2,random_shared_stream,70,120,5,84,7.652787208557129,157,1.9379788637161255,0.21145085990428925,0.04430590569972992,0.04308927059173584,0.04471145197749138,0.08981362704167647,0.013021922119457682,0.17405691742897034,16.373682737350464
839277350,Std-XY p=42,0,spsa,sequential,2,random_shared_stream,75,120,5,84,7.652787208557129,167,0.6637467741966248,0.07242070883512497,0.005137723404914141,0.004947437439113855,0.005232866387814283,0.08666975809275057,0.01293149713891721,0.05752677097916603,16.616076231002808
839277350,Std-XY p=42,0,spsa,sequential,2,random_shared_stream,80,120,5,84,7.652787208557129,177,0.8652140498161316,0.09440259635448456,0.008785547688603401,0.008588518016040325,0.008891642093658447,0.0838026790090478,0.012847478719003411,0.07250725477933884,16.857243299484253
839277350,Std-XY p=42,0,spsa,sequential,2,random_shared_stream,85,120,5,84,7.652787208557129,187,1.6813325881958008,0.1834484189748764,0.03365332633256912,0.033653322607278824,0.033653322607278824,0.0811748678792172,0.012769052840860788,0.13648194074630737,17.104835033416748
839277350,Std-XY p=42,0,spsa,sequential,2,random_shared_stream,90,120,5,84,7.652787208557129,197,0.30482232570648193,0.033258844166994095,0.0011036423966288567,0.0011036423966288567,0.0011036423966288567,0.07875549600775375,0.01269554947299621,0.02400643564760685,17.352335929870605
839277350,Std-XY p=42,0,spsa,sequential,2,random_shared_stream,95,120,5,84,7.652787208557129,207,0.7969471216201782,0.08695406466722488,0.007522431202232838,0.007543862797319889,0.007286685518920422,0.07651897437290191,0.012626410699612943,0.06098157539963722,17.603290796279907
839277350,Std-XY p=42,0,spsa,sequential,2,random_shared_stream,100,120,5,84,7.652787208557129,217,1.8163177967071533,0.1981765180826187,0.03891770541667938,0.03918487951159477,0.03847242146730423,0.07444386704618032,0.012561167176266359,0.1352137178182602,17.84429430961609
839277350,Std-XY p=42,0,spsa,sequential,2,random_shared_stream,105,120,5,84,7.652787208557129,227,2.43208909034729,0.2653627097606659,0.07005808502435684,0.06898026168346405,0.0704173594713211,0.07251206709454967,0.01249942043693397,0.17635580897331238,18.08899188041687
839277350,Std-XY p=42,0,spsa,sequential,2,random_shared_stream,110,120,5,84,7.652787208557129,237,2.4714701175689697,0.26965948939323425,0.07205668836832047,0.07205668836832047,0.07205668836832047,0.07070816332430006,0.012440829393713411,0.1747530996799469,18.33336877822876
839277350,Std-XY p=42,0,spsa,sequential,2,random_shared_stream,115,120,5,84,7.652787208557129,247,1.2008039951324463,0.13101845979690552,0.017078254371881485,0.01701013743877411,0.017126910388469696,0.06901894784811403,0.012385099893453082,0.0828782245516777,18.575180768966675
839277350,Std-XY p=42,0,spsa,sequential,2,random_shared_stream,120,120,5,84,7.652787208557129,257,3.1963882446289062,0.3487545847892761,0.12156077474355698,0.1216297298669815,0.12135393172502518,0.06743302897634662,0.012331976538504544,0.21554216742515564,18.82182765007019
839277350,Std-XY p=42,0,spsa,sequential,3,random_shared_stream,1,120,5,84,7.657093048095703,19,0.8648793697357178,0.09436607360839844,0.008884763345122337,0.008581873960793018,0.008824186399579048,0.8910069245726835,0.02,0.25,19.334718704223633
839277350,Std-XY p=42,0,spsa,sequential,3,random_shared_stream,5,120,5,84,7.657093048095703,27,1.452655553817749,0.15849770605564117,0.02460883930325508,0.025121521204710007,0.023070786148309708,0.7581318227757375,0.016999416915812672,0.25,19.529255867004395
839277350,Std-XY p=42,0,spsa,sequential,3,random_shared_stream,10,120,5,84,7.657093048095703,37,2.482924222946167,0.27090927958488464,0.0733502209186554,0.07339182496070862,0.07322540134191513,0.6491372382200926,0.015850026609609436,0.25,19.776787042617798
839277350,Std-XY p=42,0,spsa,sequential,3,random_shared_stream,15,120,5,84,7.6561174392700195,47,0.12868943810462952,0.014041168615221977,0.0001961485540959984,0.00019313086522743106,0.00018106019706465304,0.5738441931595628,0.015214047873475552,0.0738476887345314,20.01837944984436
839277350,Std-XY p=42,0,spsa,sequential,3,random_shared_stream,20,120,5,84,7.6561174392700195,57,0.6979041695594788,0.07614758610725403,0.005795168224722147,0.005785306449979544,0.005745861679315567,0.5180535932775987,0.014778350620464044,0.25,20.261719226837158
839277350,Std-XY p=42,0,spsa,sequential,3,random_shared_stream,25,120,5,84,7.6561174392700195,67,0.5902557969093323,0.06440218538045883,0.0038631376810371876,0.0035457159392535686,0.0040629953145980835,0.4746981502637887,0.014449008773880907,0.25,20.510692834854126
839277350,Std-XY p=42,0,spsa,sequential,3,random_shared_stream,30,120,5,84,7.6561174392700195,77,1.2363405227661133,0.13489583134651184,0.018155619502067566,0.01819688081741333,0.018031829968094826,0.43982398030530356,0.014185372641231635,0.25,20.74985694885254
839277350,Std-XY p=42,0,spsa,sequential,3,random_shared_stream,35,120,5,84,7.6561174392700195,87,1.7848844528198242,0.19474688172340393,0.037732843309640884,0.03715233504772186,0.037926338613033295,0.41102862369152576,0.013966227856027484,0.25,20.99841570854187
839277350,Std-XY p=42,0,spsa,sequential,3,random_shared_stream,40,120,5,84,7.6561174392700195,97,0.4755917191505432,0.05189131572842598,0.0026866025291383266,0.002668284345418215,0.0026927082799375057,0.38675947714631737,0.013779134410346052,0.1839396208524704,21.24217700958252
839277350,Std-XY p=42,0,spsa,sequential,3,random_shared_stream,45,120,5,84,7.6561174392700195,107,2.7469568252563477,0.29971760511398315,0.08855751901865005,0.08657145500183105,0.08962692320346832,0.36596395651420854,0.013616187769422706,0.25,21.47793197631836
839277350,Std-XY p=42,0,spsa,sequential,3,random_shared_stream,50,120,5,84,7.6561174392700195,117,0.2556241750717163,0.0278908833861351,0.0007774604600854218,0.0007761375163681805,0.0007779014413245022,0.3479006019941311,0.013472060523173781,0.08893180638551712,21.723737001419067
839277350,Std-XY p=42,0,spsa,sequential,3,random_shared_stream,55,120,5,84,7.6561174392700195,127,0.0504402332007885,0.005503480788320303,3.021961856575217e-05,3.0219622203730978e-05,3.021961856575217e-05,0.3320304745262215,0.01334299625175472,0.016747696325182915,21.969840049743652
839277350,Std-XY p=42,0,spsa,sequential,3,random_shared_stream,60,120,5,84,7.6561174392700195,137,0.5780786275863647,0.0630735531449318,0.003942188806831837,0.0034009271766990423,0.0038339365273714066,0.31795145333938163,0.013226249755755135,0.18380095064640045,22.20445704460144
839277350,Std-XY p=42,0,spsa,sequential,3,random_shared_stream,65,120,5,84,7.6561174392700195,147,1.7739622592926025,0.19355516135692596,0.03727245330810547,0.03712379187345505,0.037378642708063126,0.3053567753928529,0.01311975565249048,0.25,22.452089071273804
839277350,Std-XY p=42,0,spsa,sequential,3,random_shared_stream,70,120,5,84,7.6561174392700195,157,1.480878233909607,0.16157707571983337,0.025574347004294395,0.025574348866939545,0.025574352592229843,0.2940079257962306,0.013021922119457682,0.25,22.700082302093506
839277350,Std-XY p=42,0,spsa,sequential,3,random_shared_stream,75,120,5,84,7.6561174392700195,167,1.948319673538208,0.21257911622524261,0.04393460229039192,0.04355033114552498,0.04426763579249382,0.28371636516011506,0.01293149713891721,0.25,22.94294309616089
839277350,Std-XY p=42,0,spsa,sequential,3,random_shared_stream,80,120,5,84,7.6561174392700195,177,1.3933229446411133,0.15202400088310242,0.022993382066488266,0.02305888943374157,0.02227279171347618,0.2743308854477541,0.012847478719003411,0.25,23.18984889984131
839277350,Std-XY p=42,0,spsa,sequential,3,random_shared_stream,85,120,5,84,7.6561174392700195,187,0.1392982006072998,0.015198679640889168,0.00023047604190651327,0.00023099983809515834,0.00022890458058100194,0.2657286574216302,0.012769052840860788,0.03701552376151085,23.430898904800415
839277350,Std-XY p=42,0,spsa,sequential,3,random_shared_stream,90,120,5,84,7.6561174392700195,197,1.0865857601165771,0.11855623126029968,0.014023707248270512,0.014023708179593086,0.014023707248270512,0.2578087623111851,0.01269554947299621,0.25,23.66873836517334
839277350,Std-XY p=42,0,spsa,sequential,3,random_shared_stream,95,120,5,84,7.6561174392700195,207,1.3419170379638672,0.14641514420509338,0.021425243467092514,0.021437395364046097,0.021388784050941467,0.2504874335939287,0.012626410699612943,0.25,23.91890263557434
839277350,Std-XY p=42,0,spsa,sequential,3,random_shared_stream,100,120,5,84,7.6561174392700195,217,1.6992425918579102,0.18540257215499878,0.03156806156039238,0.029385581612586975,0.03312698006629944,0.24369450003774498,0.012561167176266359,0.25,24.16351866722107
839277350,Std-XY p=42,0,spsa,sequential,3,random_shared_stream,105,120,5,84,7.6561174392700195,227,2.5903005599975586,0.2826249897480011,0.07969573885202408,0.0798768624663353,0.07915236055850983,0.2373706879889494,0.01249942043693397,0.25,24.391782760620117
839277350,Std-XY p=42,0,spsa,sequential,3,random_shared_stream,110,120,5,84,7.6561174392700195,237,1.140975832939148,0.1244906634092331,0.01546278316527605,0.01493564248085022,0.01535735372453928,0.23146554838712727,0.012440829393713411,0.25,24.63872742652893
839277350,Std-XY p=42,0,spsa,sequential,3,random_shared_stream,115,120,5,84,7.6561174392700195,247,1.2923728227615356,0.14100943505764008,0.019838575273752213,0.019838571548461914,0.01947787031531334,0.225935844769369,0.012385099893453082,0.25,24.89026188850403
839277350,Std-XY p=42,0,spsa,sequential,3,random_shared_stream,120,120,5,84,7.6561174392700195,257,1.0475661754608154,0.11429884284734726,0.01299757044762373,0.012945728376507759,0.013034600764513016,0.22074428605686908,0.012331976538504544,0.2312442511320114,25.136444807052612
839277350,Std-XY p=42,0,spsa,sequential,4,continuation,1,120,5,84,0.06398042291402817,19,94.77241516113281,10.3405179977417,106.68385314941406,100.86473083496094,104.744140625,0.003544924580223115,0.02,0.25,25.63879942893982
839277350,Std-XY p=42,0,spsa,sequential,4,continuation,5,120,5,84,0.06398042291402817,27,571.5081787109375,62.356651306152344,3853.083740234375,3747.2783203125,3888.35205078125,0.0030162730047198784,0.016999416915812672,0.25,25.834771633148193
839277350,Std-XY p=42,0,spsa,sequential,4,continuation,10,120,5,84,0.06398042291402817,37,218.72702026367188,23.865074157714844,561.4700317382812,568.250244140625,548.8781127929688,0.0025826315017789055,0.015850026609609436,0.25,26.07979154586792
839277350,Std-XY p=42,0,spsa,sequential,4,continuation,15,120,5,84,0.06398042291402817,47,210.63027954101562,22.98164939880371,520.6710205078125,528.1561279296875,498.2153625488281,0.0022830735984742546,0.015214047873475552,0.25,26.325897216796875
839277350,Std-XY p=42,0,spsa,sequential,4,continuation,20,120,5,84,0.06398042291402817,57,945.307861328125,103.14155578613281,10632.1474609375,9456.158203125,9769.755859375,0.0020611073450000545,0.014778350620464044,0.25,26.572654724121094
839277350,Std-XY p=42,0,spsa,sequential,4,continuation,25,120,5,84,0.06398042291402817,67,459.7994689941406,50.168235778808594,2494.023193359375,2465.487548828125,2511.144775390625,0.0018886151102176748,0.014449008773880907,0.25,26.813166856765747
839277350,Std-XY p=42,0,spsa,sequential,4,continuation,30,120,5,84,0.06398042291402817,77,1012.1221923828125,110.43159484863281,11856.3828125,11946.2548828125,11752.6806640625,0.0017498661298323628,0.014185372641231635,0.25,27.058107137680054
839277350,Std-XY p=42,0,spsa,sequential,4,continuation,35,120,5,84,0.06398042291402817,87,157.88311767578125,17.226459503173828,279.9283142089844,285.98443603515625,272.5263366699219,0.0016353020735480344,0.013966227856027484,0.25,27.30739951133728
839277350,Std-XY p=42,0,spsa,sequential,4,continuation,40,120,5,84,0.06398042291402817,97,622.4869384765625,67.91889190673828,4547.59912109375,4602.515625,4236.40673828125,0.001538745815951713,0.013779134410346052,0.25,27.545557260513306
839277350,Std-XY p=42,0,spsa,sequential,4,continuation,45,120,5,84,0.06398042291402817,107,389.3938903808594,42.48635482788086,1722.2034912109375,1768.251708984375,1657.736083984375,0.0014560095877426517,0.013616187769422706,0.25,27.794568061828613
839277350,Std-XY p=42,0,spsa,sequential,4,continuation,50,120,5,84,0.06398042291402817,117,630.6997680664062,68.81498718261719,4711.341796875,4735.50244140625,4638.859375,0.0013841434465561324,0.013472060523173781,0.25,28.039292335510254
839277350,Std-XY p=42,0,spsa,sequential,4,continuation,55,120,5,84,0.06398042291402817,127,467.61663818359375,51.02116012573242,2601.68310546875,2455.587158203125,2390.656005859375,0.0013210031909635647,0.01334299625175472,0.25,28.27935791015625
839277350,Std-XY p=42,0,spsa,sequential,4,continuation,60,120,5,84,0.06398042291402817,137,411.8612976074219,44.9377555847168,1990.781982421875,1978.189208984375,2001.0849609375,0.001264988959318119,0.013226249755755135,0.25,28.527565002441406
839277350,Std-XY p=42,0,spsa,sequential,4,continuation,65,120,5,84,0.06398042291402817,147,454.585205078125,49.59931564331055,2391.755859375,2320.630859375,2437.778076171875,0.0012148802764321176,0.01311975565249048,0.25,28.767366886138916
839277350,Std-XY p=42,0,spsa,sequential,4,continuation,70,120,5,84,0.06398042291402817,157,56.99946594238281,6.219151973724365,38.12969207763672,37.88850021362305,38.3270263671875,0.0011697281964843488,0.013021922119457682,0.0666738823056221,29.006338119506836
839277350,Std-XY p=42,0,spsa,sequential,4,continuation,75,120,5,84,0.06398042291402817,167,13.796402931213379,1.5053108930587769,2.183749198913574,2.137505054473877,2.219716787338257,0.001128782604186826,0.01293149713891721,0.015573139302432537,29.26265573501587
839277350,Std-XY p=42,0,spsa,sequential,4,continuation,80,120,5,84,0.06398042291402817,177,233.6584930419922,25.494234085083008,648.4819946289062,636.6914672851562,648.4821166992188,0.0010914419092809026,0.012847478719003411,0.25,29.508783102035522
839277350,Std-XY p=42,0,spsa,sequential,4,continuation,85,120,5,84,0.06398042291402817,187,123.49588775634766,13.474506378173828,177.85696411132812,181.56231689453125,166.7408905029297,0.0010572174282656567,0.012769052840860788,0.13056202232837677,29.75587034225464
839277350,Std-XY p=42,0,spsa,sequential,4,continuation,90,120,5,84,0.06398042291402817,197,126.36495971679688,13.78754711151123,190.09646606445312,183.1995391845703,183.1995391845703,0.0010257076497493219,0.01269554947299621,0.1296135038137436,29.996504068374634
839277350,Std-XY p=42,0,spsa,sequential,4,continuation,95,120,5,84,0.06398042291402817,207,202.86793518066406,22.134708404541016,488.8342590332031,489.9452209472656,485.5012512207031,0.0009965793035895626,0.012626410699612943,0.20217397809028625,30.24005126953125
839277350,Std-XY p=42,0,spsa,sequential,4,continuation,100,120,5,84,0.06398042291402817,217,26.561452865600586,2.898092031478882,8.39417552947998,8.32275676727295,8.379892349243164,0.0009695532093235874,0.012561167176266359,0.02575273998081684,30.486844539642334
839277350,Std-XY p=42,0,spsa,sequential,4,continuation,105,120,5,84,0.06398042291402817,227,137.88067626953125,15.044014930725098,226.19407653808594,221.7035675048828,224.2696075439453,0.0009443935431591099,0.01249942043693397,0.13021361827850342,30.724448204040527
839277350,Std-XY p=42,0,spsa,sequential,4,continuation,110,120,5,84,0.06398042291402817,237,231.23851013183594,25.23019027709961,636.20166015625,635.1190185546875,636.5625,0.0009208995904783408,0.012440829393713411,0.21294745802879333,30.971476316452026
839277350,Std-XY p=42,0,spsa,sequential,4,continuation,115,120,5,84,0.06398042291402817,247,109.37161254882812,11.933422088623047,141.11488342285156,139.50030517578125,142.08363342285156,0.0008988993324159908,0.012385099893453082,0.0983140841126442,31.21818232536316
839277350,Std-XY p=42,0,spsa,sequential,4,continuation,120,120,5,84,0.06398042291402817,257,82.87964630126953,9.0429105758667,80.10537719726562,72.6882095336914,81.58880615234375,0.0008782444041746209,0.012331976538504544,0.07278858870267868,31.461032152175903
839277350,Std-XY p=48,0,spsa,sequential,0,deterministic_linear_ramp,1,120,5,96,12.02843952178955,19,29.32353401184082,2.9928207397460938,8.894774436950684,8.397164344787598,8.894774436950684,0.0028688539839734476,0.02,0.08412493765354156,0.5349385738372803
839277350,Std-XY p=48,0,spsa,sequential,0,deterministic_linear_ramp,5,120,5,96,9.866800308227539,27,511.0531005859375,52.159141540527344,2662.716064453125,2701.682861328125,2602.4951171875,0.002441024239166622,0.016999416915812672,0.25,0.7589027881622314
839277350,Std-XY p=48,0,spsa,sequential,0,deterministic_linear_ramp,10,120,5,96,8.48586368560791,37,8.564393043518066,0.8740997314453125,0.758744478225708,0.758744478225708,0.7587444186210632,0.0020900847127606347,0.015850026609609436,0.01790030673146248,1.0382046699523926
839277350,Std-XY p=48,0,spsa,sequential,0,deterministic_linear_ramp,15,120,5,96,7.852116107940674,47,58.51366424560547,5.9720258712768555,35.52577590942383,35.41741943359375,34.11712646484375,0.001847657020752532,0.015214047873475552,0.10811319202184677,1.3177955150604248
839277350,Std-XY p=48,0,spsa,sequential,0,deterministic_linear_ramp,20,120,5,96,7.852116107940674,57,76.2964859008789,7.786977767944336,60.53175354003906,59.689571380615234,60.53175354003906,0.0016680230804030764,0.014778350620464044,0.12726430594921112,1.5934157371520996
839277350,Std-XY p=48,0,spsa,sequential,0,deterministic_linear_ramp,25,120,5,96,7.778637886047363,67,35.262027740478516,3.5989158153533936,12.7498140335083,12.952193260192871,12.142681121826172,0.001528427717014903,0.014449008773880907,0.053895458579063416,1.8675506114959717
839277350,Std-XY p=48,0,spsa,sequential,0,deterministic_linear_ramp,30,120,5,96,7.672689914703369,77,49.90147399902344,5.093048095703125,25.894105911254883,24.81330680847168,25.533842086791992,0.0014161402603588848,0.014185372641231635,0.07066749036312103,2.144634246826172
839277350,Std-XY p=48,0,spsa,sequential,0,deterministic_linear_ramp,35,120,5,96,7.600203514099121,87,35.37568664550781,3.610516309738159,12.758590698242188,11.926876068115234,13.03582763671875,0.0013234252979235578,0.013966227856027484,0.046817079186439514,2.4200356006622314
839277350,Std-XY p=48,0,spsa,sequential,0,deterministic_linear_ramp,40,120,5,96,7.554366111755371,97,46.42554473876953,4.738287925720215,21.27228355407715,19.95677375793457,22.10056495666504,0.001245283775300434,0.013779134410346052,0.05781297758221626,2.698659896850586
839277350,Std-XY p=48,0,spsa,sequential,0,deterministic_linear_ramp,45,120,5,96,7.554366111755371,107,47.38738250732422,4.836454391479492,23.025802612304688,23.025802612304688,23.025802612304688,0.0011783265939711873,0.013616187769422706,0.055837806314229965,2.976081371307373
839277350,Std-XY p=48,0,spsa,sequential,0,deterministic_linear_ramp,50,120,5,96,7.554366111755371,117,61.88488006591797,6.316099166870117,39.61606979370117,39.61607360839844,39.61607360839844,0.00112016641008294,0.013472060523173781,0.06932136416435242,3.250370740890503
839277350,Std-XY p=48,0,spsa,sequential,0,deterministic_linear_ramp,55,120,5,96,7.554366111755371,127,18.54246711730957,1.8924826383590698,3.55661940574646,3.5566189289093018,3.5566189289093018,0.001069067953766998,0.01334299625175472,0.019823158159852028,3.525118589401245
839277350,Std-XY p=48,0,spsa,sequential,0,deterministic_linear_ramp,60,120,5,96,7.530591011047363,137,13.469189643859863,1.3746933937072754,1.8495913743972778,1.8077601194381714,1.8766584396362305,0.0010237364811281262,0.013226249755755135,0.013788900338113308,3.797759771347046
839277350,Std-XY p=48,0,spsa,sequential,0,deterministic_linear_ramp,65,120,5,96,7.500457763671875,147,18.478546142578125,1.8859589099884033,3.5552961826324463,3.5321404933929443,3.5506656169891357,0.0009831842800090494,0.01311975565249048,0.01816781796514988,4.071863889694214
839277350,Std-XY p=48,0,spsa,sequential,0,deterministic_linear_ramp,70,120,5,96,7.500457763671875,157,12.424619674682617,1.2680824995040894,1.5738345384597778,1.5382399559020996,1.596866250038147,0.0009466433828724756,0.013021922119457682,0.011761683970689774,4.335419178009033
839277350,Std-XY p=48,0,spsa,sequential,0,deterministic_linear_ramp,75,120,5,96,7.484604835510254,167,3.345552921295166,0.34145408868789673,0.11532578617334366,0.1133522316813469,0.1163884699344635,0.0009135067327320918,0.01293149713891721,0.0030561848543584347,4.616452217102051
839277350,Std-XY p=48,0,spsa,sequential,0,deterministic_linear_ramp,80,120,5,96,7.484604835510254,177,4.666402339935303,0.4762626886367798,0.22436492145061493,0.22052542865276337,0.22643233835697174,0.0008832874716671771,0.012847478719003411,0.004121774807572365,4.899296045303345
839277350,Std-XY p=48,0,spsa,sequential,0,deterministic_linear_ramp,85,120,5,96,7.475774765014648,187,13.037470817565918,1.3306312561035156,1.7675056457519531,1.7582839727401733,1.7213969230651855,0.0008555901154927243,0.012769052840860788,0.011154730804264545,5.177289009094238
839277350,Std-XY p=48,0,spsa,sequential,0,deterministic_linear_ramp,90,120,5,96,7.420292854309082,197,41.66465377807617,4.252381324768066,18.051349639892578,17.800201416015625,18.051349639892578,0.0008300897270965857,0.01269554947299621,0.03458539769053459,5.4542975425720215
839277350,Std-XY p=48,0,spsa,sequential,0,deterministic_linear_ramp,95,120,5,96,7.420292854309082,207,53.028564453125,5.412205696105957,28.669004440307617,29.241111755371094,27.461217880249023,0.000806516595980289,0.012626410699612943,0.04276841878890991,5.730967044830322
839277350,Std-XY p=48,0,spsa,sequential,0,deterministic_linear_ramp,100,120,5,96,7.420292854309082,217,19.727825164794922,2.013462781906128,4.025879383087158,4.025879383087158,4.025879383087158,0.0007846447856070185,0.012561167176266359,0.015479335561394691,6.008623838424683
839277350,Std-XY p=48,0,spsa,sequential,0,deterministic_linear_ramp,105,120,5,96,7.406595706939697,227,24.54313087463379,2.504922866821289,6.263744831085205,6.263744831085205,6.263744831085205,0.0007642834473393196,0.01249942043693397,0.018757909536361694,6.288069248199463
839277350,Std-XY p=48,0,spsa,sequential,0,deterministic_linear_ramp,110,120,5,96,7.377514839172363,237,59.90541458129883,6.114070892333984,37.23583984375,37.12226486206055,37.316959381103516,0.000745270145865,0.012440829393713411,0.04464571923017502,6.56290078163147
839277350,Std-XY p=48,0,spsa,sequential,0,deterministic_linear_ramp,115,120,5,96,7.377514839172363,247,74.17491149902344,7.570445537567139,56.4161491394043,57.2121467590332,54.824161529541016,0.0007274656689114609,0.012385099893453082,0.05395970493555069,6.839065790176392
839277350,Std-XY p=48,0,spsa,sequential,0,deterministic_linear_ramp,120,120,5,96,7.377514839172363,257,65.75047302246094,6.710629940032959,43.44938278198242,43.0780143737793,43.781646728515625,0.0007107499470863691,0.012331976538504544,0.04673215001821518,7.117216348648071
839277350,Std-XY p=48,0,spsa,sequential,1,random_shared_stream,1,120,5,96,7.663089275360107,19,1.2315473556518555,0.12569427490234375,0.015113330446183681,0.014043599367141724,0.015689333900809288,0.4397063595025619,0.02,0.25,7.701786279678345
839277350,Std-XY p=48,0,spsa,sequential,1,random_shared_stream,5,120,5,96,7.663089275360107,27,1.4585481882095337,0.14886245131492615,0.02215041033923626,0.022121556103229523,0.022160029038786888,0.3741333255918683,0.016999416915812672,0.25,7.9256532192230225
839277350,Std-XY p=48,0,spsa,sequential,1,random_shared_stream,10,120,5,96,7.65778112411499,37,1.7352807521820068,0.1771063506603241,0.03135304898023605,0.030876556411385536,0.031148836016654968,0.320345177981858,0.015850026609609436,0.25,8.200609922409058
839277350,Std-XY p=48,0,spsa,sequential,1,random_shared_stream,15,120,5,96,7.65778112411499,47,0.5025472640991211,0.05129101499915123,0.0025896623264998198,0.002626200905069709,0.0025165851693600416,0.2831885298948574,0.015214047873475552,0.14231561124324799,8.477971076965332
839277350,Std-XY p=48,0,spsa,sequential,1,random_shared_stream,20,120,5,96,7.65778112411499,57,0.43042489886283875,0.0439300611615181,0.00192649953532964,0.0018762429244816303,0.0019164481200277805,0.25565621685438633,0.014778350620464044,0.11004079878330231,8.752440929412842
839277350,Std-XY p=48,0,spsa,sequential,1,random_shared_stream,25,120,5,96,7.655982494354248,67,0.31364575028419495,0.03201133757829666,0.001024280791170895,0.0010176092619076371,0.0010087140835821629,0.23426057616240642,0.014449008773880907,0.07347483187913895,9.02829098701477
839277350,Std-XY p=48,0,spsa,sequential,1,random_shared_stream,30,120,5,96,7.6552300453186035,77,2.6206817626953125,0.26747220754623413,0.0714171752333641,0.07154138386249542,0.07104457169771194,0.21705039082016198,0.014185372641231635,0.25,9.301441431045532
839277350,Std-XY p=48,0,spsa,sequential,1,random_shared_stream,35,120,5,96,7.6552300453186035,87,2.2377946376800537,0.22839397192001343,0.05134874954819679,0.052073244005441666,0.04989975318312645,0.2028400619461248,0.013966227856027484,0.25,9.577517986297607
839277350,Std-XY p=48,0,spsa,sequential,1,random_shared_stream,40,120,5,96,7.6552300453186035,97,1.6721022129058838,0.17065821588039398,0.028100326657295227,0.02892197109758854,0.026646645739674568,0.19086338950809006,0.013779134410346052,0.25,9.855279445648193
839277350,Std-XY p=48,0,spsa,sequential,1,random_shared_stream,45,120,5,96,7.6552300453186035,107,2.2924065589904785,0.23396776616573334,0.054717157036066055,0.0543607734143734,0.054645881056785583,0.18060092979096687,0.013616187769422706,0.25,10.13014268875122
839277350,Std-XY p=48,0,spsa,sequential,1,random_shared_stream,50,120,5,96,7.6552300453186035,117,1.07627534866333,0.10984690487384796,0.01206110417842865,0.012066341005265713,0.012045390903949738,0.1716867770078821,0.013472060523173781,0.1847822666168213,10.40563702583313
839277350,Std-XY p=48,0,spsa,sequential,1,random_shared_stream,55,120,5,96,7.6552300453186035,127,1.0777572393417358,0.10999815165996552,0.011212079785764217,0.01107028592377901,0.011343367397785187,0.163854968094497,0.01334299625175472,0.17659588158130646,10.680717706680298
839277350,Std-XY p=48,0,spsa,sequential,1,random_shared_stream,60,120,5,96,7.6552300453186035,137,0.9267231822013855,0.09458329528570175,0.008930468000471592,0.008806218393146992,0.008557717315852642,0.15690705895855653,0.013226249755755135,0.14540939033031464,10.954017162322998
839277350,Std-XY p=48,0,spsa,sequential,1,random_shared_stream,65,120,5,96,7.6552300453186035,147,0.5713729858398438,0.05831550806760788,0.0033637983724474907,0.003394794650375843,0.0031881548929959536,0.1506916639529214,0.01311975565249048,0.08610113710165024,11.228074789047241
839277350,Std-XY p=48,0,spsa,sequential,1,random_shared_stream,70,120,5,96,7.6552300453186035,157,1.2560957670211792,0.1281997263431549,0.01632103882730007,0.01640663668513298,0.016178371384739876,0.1450910774669453,0.013021922119457682,0.18224826455116272,11.502180337905884
839277350,Std-XY p=48,0,spsa,sequential,1,random_shared_stream,75,120,5,96,7.6552300453186035,167,1.1763628721237183,0.12006203830242157,0.014358582906425,0.014389865100383759,0.014014478772878647,0.14001225648799892,0.01293149713891721,0.16470520198345184,11.776877880096436
839277350,Std-XY p=48,0,spsa,sequential,1,random_shared_stream,80,120,5,96,7.6552300453186035,177,0.09091338515281677,0.009278809651732445,8.60589207150042e-05,8.609629003331065e-05,8.594681276008487e-05,0.13538058079312532,0.012847478719003411,0.012307907454669476,12.050936222076416
839277350,Std-XY p=48,0,spsa,sequential,1,random_shared_stream,85,120,5,96,7.6552300453186035,187,0.0656767264008522,0.006703102495521307,4.4619566324399784e-05,4.368348163552582e-05,4.493158121476881e-05,0.13113543491977325,0.012769052840860788,0.008612546138465405,12.32427978515625
839277350,Std-XY p=48,0,spsa,sequential,1,random_shared_stream,90,120,5,96,7.6552300453186035,197,1.344139814376831,0.1371856927871704,0.018819915130734444,0.018819916993379593,0.018819916993379593,0.12722701608416645,0.01269554947299621,0.17101091146469116,12.5987708568573
839277350,Std-XY p=48,0,spsa,sequential,1,random_shared_stream,95,120,5,96,7.6552300453186035,207,1.6179146766662598,0.1651277244091034,0.027160653844475746,0.026841113343834877,0.02726716548204422,0.12361398602996089,0.012626410699612943,0.19999687373638153,12.873643159866333
839277350,Std-XY p=48,0,spsa,sequential,1,random_shared_stream,100,120,5,96,7.6552300453186035,217,1.3626110553741455,0.13907091319561005,0.01920640841126442,0.01930714212357998,0.0185012798756361,0.12026171569180968,0.012561167176266359,0.1638699471950531,13.1469407081604
839277350,Std-XY p=48,0,spsa,sequential,1,random_shared_stream,105,120,5,96,7.6552300453186035,227,2.6699094772338867,0.2724965214729309,0.07422211021184921,0.07373868674039841,0.07412543147802353,0.11714095389134681,0.01249942043693397,0.25,13.421829462051392
839277350,Std-XY p=48,0,spsa,sequential,1,random_shared_stream,110,120,5,96,7.6552300453186035,237,0.2673845887184143,0.027289826422929764,0.0007434415747411549,0.0007240474806167185,0.0007395627326332033,0.11422680433194032,0.012440829393713411,0.030542485415935516,13.694376468658447
839277350,Std-XY p=48,0,spsa,sequential,1,random_shared_stream,115,120,5,96,7.6552300453186035,247,0.5051109194755554,0.0515526682138443,0.0026011557783931494,0.002616151235997677,0.002583852969110012,0.11149793008883753,0.012385099893453082,0.056318823248147964,13.968883991241455
839277350,Std-XY p=48,0,spsa,sequential,1,random_shared_stream,120,120,5,96,7.6552300453186035,257,0.8060140609741211,0.08226346224546432,0.006661538500338793,0.006755527574568987,0.006473558023571968,0.10893592824725595,0.012331976538504544,0.08780388534069061,14.244489908218384
839277350,Std-XY p=48,0,spsa,sequential,2,random_shared_stream,1,120,5,96,7.6628947257995605,19,0.21923504769802094,0.02237558364868164,0.0005004494450986385,0.0004997975192964077,0.0004971898742951453,0.8511816544481369,0.02,0.18660886585712433,14.82622504234314
839277350,Std-XY p=48,0,spsa,sequential,2,random_shared_stream,5,120,5,96,7.662673473358154,27,1.9282408952713013,0.19680027663707733,0.038125179708004,0.03630969673395157,0.03873034194111824,0.7242456611765571,0.016999416915812672,0.25,15.050477743148804
839277350,Std-XY p=48,0,spsa,sequential,2,random_shared_stream,10,120,5,96,7.658548831939697,37,0.3438432216644287,0.03509335219860077,0.0012267326237633824,0.001178091042675078,0.0010947053087875247,0.6201227994463246,0.015850026609609436,0.21322502195835114,15.327560663223267
839277350,Std-XY p=48,0,spsa,sequential,2,random_shared_stream,15,120,5,96,7.658548831939697,47,2.0490355491638184,0.20912882685661316,0.04280473664402962,0.043051499873399734,0.04252000153064728,0.5481951220112747,0.015214047873475552,0.25,15.602034568786621
839277350,Std-XY p=48,0,spsa,sequential,2,random_shared_stream,20,120,5,96,7.658548831939697,57,0.8431459069252014,0.08605322241783142,0.007199458312243223,0.0073537323623895645,0.006942334119230509,0.49489819041564326,0.014778350620464044,0.25,15.880943775177002
839277350,Std-XY p=48,0,spsa,sequential,2,random_shared_stream,25,120,5,96,7.658548831939697,67,1.2945162057876587,0.1321210116147995,0.01733473874628544,0.017334740608930588,0.01733473874628544,0.45348060240809196,0.014449008773880907,0.25,16.141498804092407
839277350,Std-XY p=48,0,spsa,sequential,2,random_shared_stream,30,120,5,96,7.658548831939697,77,0.27632927894592285,0.028202738612890244,0.0007950493018142879,0.0007940134964883327,0.0007953944150358438,0.42016520062599577,0.014185372641231635,0.11610394716262817,16.41805911064148
839277350,Std-XY p=48,0,spsa,sequential,2,random_shared_stream,35,120,5,96,7.658548831939697,87,2.2796101570129395,0.23266175389289856,0.052980247884988785,0.054037511348724365,0.05074827000498772,0.39265690792143093,0.013966227856027484,0.25,16.698893070220947
839277350,Std-XY p=48,0,spsa,sequential,2,random_shared_stream,40,120,5,96,7.658548831939697,97,0.7120378613471985,0.07267206162214279,0.005134528037160635,0.005244553554803133,0.004951151553541422,0.36947251761121885,0.013779134410346052,0.25,16.96956992149353
839277350,Std-XY p=48,0,spsa,sequential,2,random_shared_stream,45,120,5,96,7.658548831939697,107,0.3667987585067749,0.037436243146657944,0.0013716666726395488,0.0013795741833746433,0.0013625426217913628,0.3496064928154657,0.013616187769422706,0.12823522090911865,17.24539875984192
839277350,Std-XY p=48,0,spsa,sequential,2,random_shared_stream,50,120,5,96,7.658548831939697,117,0.5149891972541809,0.05256086587905884,0.0027614457067102194,0.002743459539487958,0.0027194779831916094,0.3323505147065901,0.013472060523173781,0.17115692794322968,17.520655393600464
839277350,Std-XY p=48,0,spsa,sequential,2,random_shared_stream,55,120,5,96,7.658548831939697,127,0.46009519696235657,0.04695827513933182,0.0021964656189084053,0.002189766149967909,0.0022012507542967796,0.3171897331437346,0.01334299625175472,0.1459374725818634,17.794719219207764
839277350,Std-XY p=48,0,spsa,sequential,2,random_shared_stream,60,120,5,96,7.658548831939697,137,0.022430691868066788,0.002289322903379798,5.184130714042112e-06,5.20460298503167e-06,5.1591086958069354e-06,0.30374000091794745,0.013226249755755135,0.00681309774518013,18.072109699249268
839277350,Std-XY p=48,0,spsa,sequential,2,random_shared_stream,65,120,5,96,7.658548831939697,147,1.064936637878418,0.10868965089321136,0.011792928911745548,0.011813439428806305,0.011731400154531002,0.29170826635324787,0.01311975565249048,0.25,18.34348773956299
839277350,Std-XY p=48,0,spsa,sequential,2,random_shared_stream,70,120,5,96,7.658548831939697,157,0.20289120078086853,0.020707499235868454,0.00042414761264808476,0.0004288004420232028,0.00041018929914571345,0.2808666754415175,0.013021922119457682,0.05698538199067116,18.618403434753418
839277350,Std-XY p=48,0,spsa,sequential,2,random_shared_stream,75,120,5,96,7.658548831939697,167,2.1753318309783936,0.22201888263225555,0.04920680820941925,0.04792315140366554,0.04895007610321045,0.2710351159243978,0.01293149713891721,0.25,18.894156217575073
839277350,Std-XY p=48,0,spsa,sequential,2,random_shared_stream,80,120,5,96,7.658548831939697,177,1.6242585182189941,0.16577520966529846,0.025143586099147797,0.025763826444745064,0.024427926167845726,0.26206913829948975,0.012847478719003411,0.25,19.16786503791809
839277350,Std-XY p=48,0,spsa,sequential,2,random_shared_stream,85,120,5,96,7.658548831939697,187,2.238862991333008,0.22850298881530762,0.05221362039446831,0.05212296545505524,0.052122969180345535,0.253851403418554,0.012769052840860788,0.25,19.44172430038452
839277350,Std-XY p=48,0,spsa,sequential,2,random_shared_stream,90,120,5,96,7.658548831939697,197,1.87590754032135,0.1914590299129486,0.03473145142197609,0.035065557807683945,0.03436552360653877,0.24628550326980103,0.01269554947299621,0.25,19.71374273300171
839277350,Std-XY p=48,0,spsa,sequential,2,random_shared_stream,95,120,5,96,7.658548831939697,207,1.6354907751083374,0.16692158579826355,0.027560481801629066,0.024766946211457253,0.02742745541036129,0.23929141543675567,0.012626410699612943,0.25,19.988075733184814
839277350,Std-XY p=48,0,spsa,sequential,2,random_shared_stream,100,120,5,96,7.658423900604248,217,2.470813512802124,0.25217634439468384,0.06290287524461746,0.056527029722929,0.06259927153587341,0.2328021051256358,0.012561167176266359,0.25,20.262975215911865
839277350,Std-XY p=48,0,spsa,sequential,2,random_shared_stream,105,120,5,96,7.658423900604248,227,0.376956969499588,0.03847301006317139,0.0014776027528569102,0.001469893497414887,0.001480172504670918,0.22676094803283947,0.01249942043693397,0.08547911792993546,20.53649139404297
839277350,Std-XY p=48,0,spsa,sequential,2,random_shared_stream,110,120,5,96,7.658423900604248,237,1.2783385515213013,0.1304698884487152,0.01612842082977295,0.014628618024289608,0.016904180869460106,0.2211197500158468,0.012440829393713411,0.25,20.81262516975403
839277350,Std-XY p=48,0,spsa,sequential,2,random_shared_stream,115,120,5,96,7.658423900604248,247,0.37232598662376404,0.03800036013126373,0.001413316815160215,0.0013813525438308716,0.00143399927765131,0.21583720714870958,0.012385099893453082,0.08036179095506668,21.08425545692444
839277350,Std-XY p=48,0,spsa,sequential,2,random_shared_stream,120,120,5,96,7.658423900604248,257,2.322381019592285,0.23702703416347504,0.05530397593975067,0.05462120845913887,0.055791664868593216,0.21087769514919327,0.012331976538504544,0.25,21.36051297187805
839277350,Std-XY p=48,0,spsa,sequential,3,random_shared_stream,1,120,5,96,7.66014289855957,19,1.5633783340454102,0.1595616340637207,0.025448866188526154,0.025415712967514992,0.02545991539955139,1.2567202996254683,0.02,0.25,21.942228078842163
839277350,Std-XY p=48,0,spsa,sequential,3,random_shared_stream,5,120,5,96,7.657553195953369,27,3.0579493045806885,0.3121006488800049,0.0953352227807045,0.09470107406377792,0.09588482975959778,1.0693066745034103,0.016999416915812672,0.25,22.161843061447144
839277350,Std-XY p=48,0,spsa,sequential,3,random_shared_stream,10,120,5,96,7.657553195953369,37,0.38407859206199646,0.03919985890388489,0.001536628813482821,0.001533961039967835,0.001533961039967835,0.9155753137443282,0.015850026609609436,0.25,22.43678307533264
839277350,Std-XY p=48,0,spsa,sequential,3,random_shared_stream,15,120,5,96,7.657553195953369,47,0.6941693425178528,0.07084836065769196,0.004912738688290119,0.004880059976130724,0.004941060673445463,0.8093782735882569,0.015214047873475552,0.25,22.71112370491028
839277350,Std-XY p=48,0,spsa,sequential,3,random_shared_stream,20,120,5,96,7.657553195953369,57,2.113239288330078,0.21568159759044647,0.046013787388801575,0.04619550332427025,0.04256123676896095,0.7306884481039353,0.014778350620464044,0.25,22.98557949066162
839277350,Std-XY p=48,0,spsa,sequential,3,random_shared_stream,25,120,5,96,7.657553195953369,67,0.8478135466575623,0.08652960509061813,0.007279390003532171,0.007162399590015411,0.00737038254737854,0.669537783802599,0.014449008773880907,0.25,23.25662636756897
839277350,Std-XY p=48,0,spsa,sequential,3,random_shared_stream,30,120,5,96,7.657553195953369,77,1.980908751487732,0.20217566192150116,0.04085724800825119,0.04059113934636116,0.04023632034659386,0.6203495271115123,0.014185372641231635,0.25,23.53044867515564
839277350,Std-XY p=48,0,spsa,sequential,3,random_shared_stream,35,120,5,96,7.657553195953369,87,1.4680562019348145,0.14983287453651428,0.022410908713936806,0.02229398302733898,0.022449886426329613,0.5797351298565816,0.013966227856027484,0.25,23.80497670173645
839277350,Std-XY p=48,0,spsa,sequential,3,random_shared_stream,40,120,5,96,7.657553195953369,97,0.6113353371620178,0.0623941533267498,0.003865995444357395,0.003865995444357395,0.003865995444357395,0.5455047234738524,0.013779134410346052,0.25,24.078258275985718
839277350,Std-XY p=48,0,spsa,sequential,3,random_shared_stream,45,120,5,96,7.657553195953369,107,0.46596139669418335,0.04755698889493942,0.002226328244432807,0.0022459609899669886,0.0021988425869494677,0.5161736911340251,0.013616187769422706,0.2405170351266861,24.35277771949768
839277350,Std-XY p=48,0,spsa,sequential,3,random_shared_stream,50,120,5,96,7.657553195953369,117,0.2235087752342224,0.0228117685765028,0.0005059218383394182,0.0005059218965470791,0.00050592195475474,0.4906962412078085,0.013472060523173781,0.10967491567134857,24.625004291534424
839277350,Std-XY p=48,0,spsa,sequential,3,random_shared_stream,55,120,5,96,7.657553195953369,127,0.018908021971583366,0.0019297919934615493,3.722480641954462e-06,3.6982353321945993e-06,3.7176314435782842e-06,0.46831222735053035,0.01334299625175472,0.008854858577251434,24.89853048324585
839277350,Std-XY p=48,0,spsa,sequential,3,random_shared_stream,60,120,5,96,7.657553195953369,137,3.6509041786193848,0.3726188540458679,0.13878454267978668,0.1388447880744934,0.13860376179218292,0.4484544785088541,0.013226249755755135,0.25,25.173998594284058
839277350,Std-XY p=48,0,spsa,sequential,3,random_shared_stream,65,120,5,96,7.655551433563232,147,0.9995911121368408,0.10202034562826157,0.010367493145167828,0.010390079580247402,0.01011903490871191,0.4306903208955575,0.01311975565249048,0.25,25.452127695083618
839277350,Std-XY p=48,0,spsa,sequential,3,random_shared_stream,70,120,5,96,7.655551433563232,157,2.204177141189575,0.22496287524700165,0.050059158354997635,0.05060829594731331,0.04841175675392151,0.4146833412951334,0.013021922119457682,0.25,25.72754454612732
839277350,Std-XY p=48,0,spsa,sequential,3,random_shared_stream,75,120,5,96,7.655551433563232,167,1.2881823778152466,0.1314745545387268,0.01727805845439434,0.017255550250411034,0.017165521159768105,0.4001676144140706,0.01293149713891721,0.25,26.004404306411743
839277350,Std-XY p=48,0,spsa,sequential,3,random_shared_stream,80,120,5,96,7.655551433563232,177,1.044958472251892,0.10665063560009003,0.011329926550388336,0.01119663193821907,0.011374355293810368,0.38692986894772224,0.012847478719003411,0.25,26.279397010803223
839277350,Std-XY p=48,0,spsa,sequential,3,random_shared_stream,85,120,5,96,7.655551433563232,187,3.625025987625122,0.3699776530265808,0.13634876906871796,0.13593289256095886,0.13094234466552734,0.3747968604555362,0.012769052840860788,0.25,26.55074405670166
839277350,Std-XY p=48,0,spsa,sequential,3,random_shared_stream,90,120,5,96,7.655551433563232,197,1.5548228025436401,0.15868845582008362,0.02517109550535679,0.02500714361667633,0.02478855289518833,0.3636262481048249,0.01269554947299621,0.25,26.8246591091156
839277350,Std-XY p=48,0,spsa,sequential,3,random_shared_stream,95,120,5,96,7.655551433563232,207,0.9424423575401306,0.09618761390447617,0.009235993959009647,0.008464990183711052,0.008850492537021637,0.353299883443159,0.012626410699612943,0.25,27.098551511764526
839277350,Std-XY p=48,0,spsa,sequential,3,random_shared_stream,100,120,5,96,7.655551433563232,217,1.2532600164413452,0.127910315990448,0.016353948041796684,0.015906574204564095,0.016105404123663902,0.343718793489052,0.012561167176266359,0.25,27.37279748916626
839277350,Std-XY p=48,0,spsa,sequential,3,random_shared_stream,105,120,5,96,7.655551433563232,227,0.7027060985565186,0.07171963900327682,0.005134776700288057,0.005134776700288057,0.005134776700288057,0.3347993757454144,0.01249942043693397,0.2352655529975891,27.64685368537903
839277350,Std-XY p=48,0,spsa,sequential,3,random_shared_stream,110,120,5,96,7.655551433563232,237,0.3905617594718933,0.039861541241407394,0.0015882528387010098,0.001564115285873413,0.0015448052436113358,0.3264704743586029,0.012440829393713411,0.12750688195228577,27.91187357902527
839277350,Std-XY p=48,0,spsa,sequential,3,random_shared_stream,115,120,5,96,7.655551433563232,247,2.5249886512756348,0.25770556926727295,0.06641216576099396,0.06629685312509537,0.06629685312509537,0.31867110647974833,0.012385099893453082,0.25,28.186715841293335
839277350,Std-XY p=48,0,spsa,sequential,3,random_shared_stream,120,120,5,96,7.655551433563232,257,0.3849166929721832,0.03928539901971817,0.0015192277496680617,0.0015004718443378806,0.0015326248249039054,0.3113486749242078,0.012331976538504544,0.11984330415725708,28.465593576431274
839277350,Std-XY p=48,0,spsa,sequential,4,continuation,1,120,5,96,0.06398091465234756,19,12.190963745117188,1.2442350387573242,1.5239315032958984,1.5373698472976685,1.505117416381836,0.005848973438716182,0.02,0.07130462676286697,29.043506145477295
839277350,Std-XY p=48,0,spsa,sequential,4,continuation,5,120,5,96,0.06398091465234756,27,70.26934814453125,7.171834945678711,51.41288757324219,51.43521499633789,51.345916748046875,0.004976721024460509,0.016999416915812672,0.25,29.264416933059692
839277350,Std-XY p=48,0,spsa,sequential,4,continuation,10,120,5,96,0.06398091465234756,37,381.99774169921875,38.98748016357422,1509.4676513671875,1496.2733154296875,1517.3846435546875,0.004261231152891202,0.015850026609609436,0.25,29.53572416305542
839277350,Std-XY p=48,0,spsa,sequential,4,continuation,15,120,5,96,0.06398091465234756,47,666.2777709960938,68.00169372558594,4574.0537109375,4624.2294921875,4423.52490234375,0.0037669734669699573,0.015214047873475552,0.25,29.813011646270752
839277350,Std-XY p=48,0,spsa,sequential,4,continuation,20,120,5,96,0.06398091465234756,57,527.3536376953125,53.82280731201172,2865.461669921875,2851.630615234375,2876.777099609375,0.0034007386736812873,0.014778350620464044,0.25,30.08788514137268
839277350,Std-XY p=48,0,spsa,sequential,4,continuation,25,120,5,96,0.06398091465234756,67,681.1622314453125,69.52082824707031,4824.7548828125,4757.62841796875,4824.7548828125,0.0031161338882211027,0.014449008773880907,0.25,30.362173080444336
839277350,Std-XY p=48,0,spsa,sequential,4,continuation,30,120,5,96,0.06398091465234756,77,312.35797119140625,31.87990379333496,1015.8870239257812,1016.328125,1014.563720703125,0.002887204024536509,0.014185372641231635,0.25,30.638723611831665
839277350,Std-XY p=48,0,spsa,sequential,4,continuation,35,120,5,96,0.06398091465234756,87,701.2435302734375,71.57036590576172,5086.74560546875,5086.74560546875,4802.17333984375,0.0026981782478029325,0.013966227856027484,0.25,30.912733793258667
839277350,Std-XY p=48,0,spsa,sequential,4,continuation,40,120,5,96,0.06398091465234756,97,441.591796875,45.06977462768555,1988.08447265625,1999.5457763671875,1974.85986328125,0.00253886456615976,0.013779134410346052,0.25,31.188239812850952
839277350,Std-XY p=48,0,spsa,sequential,4,continuation,45,120,5,96,0.06398091465234756,107,101.60343170166016,10.369856834411621,107.34722900390625,107.53392791748047,106.78716278076172,0.002402353339964956,0.013616187769422706,0.2440873384475708,31.464195013046265
839277350,Std-XY p=48,0,spsa,sequential,4,continuation,50,120,5,96,0.06398091465234756,117,85.69766998291016,8.746481895446777,76.50094604492188,75.96968078613281,75.96968841552734,0.0022837772909037025,0.013472060523173781,0.19571439921855927,31.740025520324707
839277350,Std-XY p=48,0,spsa,sequential,4,continuation,55,120,5,96,0.06398091465234756,127,289.6945495605469,29.56682586669922,873.81787109375,868.1264038085938,872.6795043945312,0.0021795985786301018,0.01334299625175472,0.25,32.01485872268677
839277350,Std-XY p=48,0,spsa,sequential,4,continuation,60,120,5,96,0.06398091465234756,137,272.69964599609375,27.832290649414062,766.2310180664062,741.0150756835938,774.636474609375,0.002087177500079627,0.013226249755755135,0.25,32.28982925415039
839277350,Std-XY p=48,0,spsa,sequential,4,continuation,65,120,5,96,0.06398091465234756,147,43.01642608642578,4.390345573425293,19.19984245300293,19.141279220581055,19.241670608520508,0.0020045003235652464,0.01311975565249048,0.0862264335155487,32.5640652179718
839277350,Std-XY p=48,0,spsa,sequential,4,continuation,70,120,5,96,0.06398091465234756,157,182.53248596191406,18.6296443939209,337.4230041503906,346.4611511230469,298.2578125,0.0019300013292028143,0.013021922119457682,0.25,32.83466958999634
839277350,Std-XY p=48,0,spsa,sequential,4,continuation,75,120,5,96,0.06398091465234756,167,131.9627227783203,13.468389511108398,173.52435302734375,170.0601806640625,176.35870361328125,0.0018624428589558565,0.01293149713891721,0.24577303230762482,33.10855674743652
839277350,Std-XY p=48,0,spsa,sequential,4,continuation,80,120,5,96,0.06398091465234756,177,78.6528091430664,8.02746868133545,63.741031646728516,64.32837677001953,62.65024185180664,0.001800832314712852,0.012847478719003411,0.14164051413536072,33.383769512176514
839277350,Std-XY p=48,0,spsa,sequential,4,continuation,85,120,5,96,0.06398091465234756,187,81.05184936523438,8.272319793701172,66.97592163085938,68.31246948242188,60.82780075073242,0.0017443633896675069,0.012769052840860788,0.14138387143611908,33.65759825706482
839277350,Std-XY p=48,0,spsa,sequential,4,continuation,90,120,5,96,0.06398091465234756,197,81.21916198730469,8.289396286010742,68.71409606933594,68.7140884399414,68.7140884399414,0.0016923736072529338,0.01269554947299621,0.13745318353176117,33.95145630836487
839277350,Std-XY p=48,0,spsa,sequential,4,continuation,95,120,5,96,0.06398091465234756,207,56.10010528564453,5.725693702697754,32.27132034301758,31.87290382385254,32.5558967590332,0.0016443130860354586,0.012626410699612943,0.09224613755941391,34.22491788864136
839277350,Std-XY p=48,0,spsa,sequential,4,continuation,100,120,5,96,0.06398091465234756,217,106.94924926757812,10.915462493896484,117.28564453125,113.97599029541016,118.94046783447266,0.0015997211902315767,0.012561167176266359,0.17108899354934692,34.498414516448975
839277350,Std-XY p=48,0,spsa,sequential,4,continuation,105,120,5,96,0.06398091465234756,227,88.25894927978516,9.007891654968262,81.0012435913086,80.57862091064453,78.8881607055664,0.0015582088207036096,0.01249942043693397,0.13752588629722595,34.77103543281555
839277350,Std-XY p=48,0,spsa,sequential,4,continuation,110,120,5,96,0.06398091465234756,237,60.31399917602539,6.1557722091674805,37.30144119262695,35.525177001953125,37.893524169921875,0.0015194448069452058,0.012440829393713411,0.0916437953710556,35.046496629714966
839277350,Std-XY p=48,0,spsa,sequential,4,continuation,115,120,5,96,0.06398091465234756,247,14.134429931640625,1.4425891637802124,2.0810635089874268,2.0232560634613037,2.023256301879883,0.001483145325210255,0.012385099893453082,0.020963411778211594,35.32011842727661
839277350,Std-XY p=48,0,spsa,sequential,4,continuation,120,120,5,96,0.06398091465234756,257,103.94795989990234,10.60914421081543,111.77230834960938,109.42742919921875,112.5539321899414,0.0014490655799495652,0.012331976538504544,0.15062741935253143,35.59157681465149
839277350,Std-XY p=54,0,spsa,sequential,0,deterministic_linear_ramp,1,120,5,108,11.387495994567871,19,116.35663604736328,11.196422576904297,125.18791961669922,123.81222534179688,125.18791961669922,0.0019615174613469705,0.02,0.22823557257652283,0.592557430267334
839277350,Std-XY p=54,0,spsa,sequential,0,deterministic_linear_ramp,5,120,5,108,9.014845848083496,27,288.43878173828125,27.755037307739258,763.7374877929688,760.83154296875,766.1151123046875,0.0016689980373503905,0.016999416915812672,0.25,0.8417656421661377
839277350,Std-XY p=54,0,spsa,sequential,0,deterministic_linear_ramp,10,120,5,108,8.636042594909668,37,1.973730206489563,0.1899222582578659,0.03605809807777405,0.0356251560151577,0.035872552543878555,0.0014290506532145264,0.015850026609609436,0.0028205604758113623,1.1527514457702637
839277350,Std-XY p=54,0,spsa,sequential,0,deterministic_linear_ramp,15,120,5,108,8.243972778320312,47,270.19000244140625,25.99904441833496,675.0230712890625,661.1145629882812,672.2413940429688,0.0012632959115495915,0.015214047873475552,0.25,1.4570317268371582
839277350,Std-XY p=54,0,spsa,sequential,0,deterministic_linear_ramp,20,120,5,108,8.027708053588867,57,137.38890075683594,13.220252990722656,174.77508544921875,172.6173858642578,172.61737060546875,0.0011404750525534863,0.014778350620464044,0.1566886007785797,1.758817195892334
839277350,Std-XY p=54,0,spsa,sequential,0,deterministic_linear_ramp,25,120,5,108,8.021803855895996,67,43.65953826904297,4.201140880584717,17.55274200439453,17.04431915283203,17.62537384033203,0.001045029712937515,0.014449008773880907,0.045625511556863785,2.065314531326294
839277350,Std-XY p=54,0,spsa,sequential,0,deterministic_linear_ramp,30,120,5,108,7.9322614669799805,77,11.049094200134277,1.063199520111084,1.1241908073425293,1.091628074645996,1.1288425922393799,0.000968255569620551,0.014185372641231635,0.010698345489799976,2.37389874458313
839277350,Std-XY p=54,0,spsa,sequential,0,deterministic_linear_ramp,35,120,5,108,7.903692245483398,87,30.117645263671875,2.898071765899658,8.295130729675293,8.110794067382812,8.387299537658691,0.0009048636999886438,0.013966227856027484,0.02725236304104328,2.677940607070923
839277350,Std-XY p=54,0,spsa,sequential,0,deterministic_linear_ramp,40,120,5,108,7.8449201583862305,97,20.782136917114258,1.9997620582580566,3.9976770877838135,3.993562698364258,3.9990482330322266,0.0008514361076685894,0.013779134410346052,0.017694661393761635,2.9854934215545654
839277350,Std-XY p=54,0,spsa,sequential,0,deterministic_linear_ramp,45,120,5,108,7.833729267120361,107,23.81313705444336,2.2914202213287354,5.234401226043701,5.185784339904785,4.991317272186279,0.0008056555691421965,0.013616187769422706,0.019185185432434082,3.2927603721618652
839277350,Std-XY p=54,0,spsa,sequential,0,deterministic_linear_ramp,50,120,5,108,7.768311500549316,117,24.643918991088867,2.3713622093200684,5.6060028076171875,5.592503070831299,5.430513858795166,0.0007658897891864176,0.013472060523173781,0.018874526023864746,3.5965030193328857
839277350,Std-XY p=54,0,spsa,sequential,0,deterministic_linear_ramp,55,120,5,108,7.768311500549316,127,84.60233306884766,8.140863418579102,65.91001892089844,66.18274688720703,65.45545959472656,0.0007309523141976163,0.01334299625175472,0.06184026971459389,3.8866240978240967
839277350,Std-XY p=54,0,spsa,sequential,0,deterministic_linear_ramp,60,120,5,108,7.7337541580200195,137,23.665828704833984,2.27724552154541,5.18584680557251,5.072028636932373,5.072028636932373,0.0006999578907705427,0.013226249755755135,0.01656508259475231,4.174144744873047
839277350,Std-XY p=54,0,spsa,sequential,0,deterministic_linear_ramp,65,120,5,108,7.723397254943848,147,69.84407043457031,6.7207489013671875,45.106510162353516,45.106510162353516,45.106510162353516,0.0006722311918742284,0.01311975565249048,0.04695136472582817,4.462158679962158
839277350,Std-XY p=54,0,spsa,sequential,0,deterministic_linear_ramp,70,120,5,108,7.670657157897949,157,44.8495979309082,4.315654754638672,17.70513153076172,16.070022583007812,18.522682189941406,0.0006472471361547387,0.013021922119457682,0.029028775170445442,4.772611856460571
839277350,Std-XY p=54,0,spsa,sequential,0,deterministic_linear_ramp,75,120,5,108,7.662898540496826,167,0.8988114595413208,0.08648816496133804,0.007387855555862188,0.0071108113043010235,0.00748020363971591,0.0006245906614007033,0.01293149713891721,0.0005613893154077232,5.084620714187622
839277350,Std-XY p=54,0,spsa,sequential,0,deterministic_linear_ramp,80,120,5,108,7.661407947540283,177,14.412738800048828,1.386866569519043,1.9174619913101196,1.8574384450912476,1.9128447771072388,0.0006039288889372144,0.012847478719003411,0.00870426930487156,5.393576622009277
839277350,Std-XY p=54,0,spsa,sequential,0,deterministic_linear_ramp,85,120,5,108,7.648013591766357,187,10.511585235595703,1.0114777088165283,1.0143158435821533,1.0230871438980103,0.9880018830299377,0.000584991414923954,0.012769052840860788,0.0061491867527365685,5.703533172607422
839277350,Std-XY p=54,0,spsa,sequential,0,deterministic_linear_ramp,90,120,5,108,7.648013591766357,197,9.595450401306152,0.9233226180076599,0.8513551354408264,0.8478468656539917,0.8525245785713196,0.0005675560705705698,0.01269554947299621,0.005445955786854029,6.010958433151245
839277350,Std-XY p=54,0,spsa,sequential,0,deterministic_linear_ramp,95,120,5,108,7.643711090087891,207,12.072450637817383,1.1616721153259277,1.349019169807434,1.3476309776306152,1.3420774936676025,0.0005514384471008681,0.012626410699612943,0.006657212972640991,6.319377899169922
839277350,Std-XY p=54,0,spsa,sequential,0,deterministic_linear_ramp,100,120,5,108,7.6162004470825195,217,27.95932388305664,2.69038724899292,7.228255271911621,6.989960193634033,6.751666069030762,0.0005364840652473102,0.012561167176266359,0.014999731443822384,6.628777980804443
839277350,Std-XY p=54,0,spsa,sequential,0,deterministic_linear_ramp,105,120,5,108,7.6162004470825195,227,30.643268585205078,2.9486496448516846,8.682609558105469,8.682609558105469,8.682609558105469,0.0005225624363419704,0.01249942043693397,0.016013020649552345,6.938610076904297
839277350,Std-XY p=54,0,spsa,sequential,0,deterministic_linear_ramp,110,120,5,108,7.60457181930542,237,29.107070922851562,2.8008294105529785,7.841953754425049,7.801600933074951,7.833882808685303,0.0005095624987194647,0.012440829393713411,0.01483187172561884,7.249999761581421
839277350,Std-XY p=54,0,spsa,sequential,0,deterministic_linear_ramp,115,120,5,108,7.565676689147949,247,14.090372085571289,1.355846643447876,1.828233242034912,1.7979729175567627,1.838320016860962,0.0004973890689702983,0.012385099893453082,0.0070083970203995705,7.559171676635742
839277350,Std-XY p=54,0,spsa,sequential,0,deterministic_linear_ramp,120,120,5,108,7.565676689147949,257,2.564720869064331,0.24679037928581238,0.06090548634529114,0.059568747878074646,0.05956874042749405,0.0004859600522193226,0.012331976538504544,0.001246351865120232,7.865306615829468
839277350,Std-XY p=54,0,spsa,sequential,1,random_shared_stream,1,120,5,108,7.658260822296143,19,1.2223824262619019,0.11762380599975586,0.013792658224701881,0.013816380873322487,0.013759445399045944,0.7094860235970737,0.02,0.25,8.513478994369507
839277350,Std-XY p=54,0,spsa,sequential,1,random_shared_stream,5,120,5,108,7.657735347747803,27,2.850348949432373,0.27427494525909424,0.07429803162813187,0.07522674649953842,0.07151184976100922,0.6036809787550441,0.016999416915812672,0.25,8.765432834625244
839277350,Std-XY p=54,0,spsa,sequential,1,random_shared_stream,10,120,5,108,7.657735347747803,37,3.1955480575561523,0.3074917197227478,0.0937405526638031,0.09442147612571716,0.09247598052024841,0.5168913789692892,0.015850026609609436,0.25,9.069254159927368
839277350,Std-XY p=54,0,spsa,sequential,1,random_shared_stream,15,120,5,108,7.657735347747803,47,2.0327844619750977,0.19560477137565613,0.03814313933253288,0.03694911301136017,0.038051288574934006,0.45693745305549244,0.015214047873475552,0.25,9.37451457977295
839277350,Std-XY p=54,0,spsa,sequential,1,random_shared_stream,20,120,5,108,7.657735347747803,57,2.46223521232605,0.23692870140075684,0.05582718551158905,0.05613520368933678,0.05490315333008766,0.41251282539804357,0.014778350620464044,0.25,9.680172443389893
839277350,Std-XY p=54,0,spsa,sequential,1,random_shared_stream,25,120,5,108,7.657146453857422,67,2.0133488178253174,0.1937345713376999,0.037520214915275574,0.037069711834192276,0.03732714429497719,0.3779899950845645,0.014449008773880907,0.25,9.981617450714111
839277350,Std-XY p=54,0,spsa,sequential,1,random_shared_stream,30,120,5,108,7.657146453857422,77,2.560445547103882,0.24637898802757263,0.06018218398094177,0.059370312839746475,0.06061933562159538,0.35022058556851565,0.014185372641231635,0.25,10.29197096824646
839277350,Std-XY p=54,0,spsa,sequential,1,random_shared_stream,35,120,5,108,7.657146453857422,87,1.3718949556350708,0.13201065361499786,0.01704433187842369,0.017211666330695152,0.01682918705046177,0.32729157963316124,0.013966227856027484,0.25,10.602835655212402
839277350,Std-XY p=54,0,spsa,sequential,1,random_shared_stream,40,120,5,108,7.657146453857422,97,0.5982502102851868,0.057566650211811066,0.0033093735110014677,0.0030911730136722326,0.00320027326233685,0.3079666790026612,0.013779134410346052,0.1842411309480667,10.913583993911743
839277350,Std-XY p=54,0,spsa,sequential,1,random_shared_stream,45,120,5,108,7.657146453857422,107,1.720331072807312,0.16553895175457,0.02725278213620186,0.0260499007999897,0.02725278213620186,0.2914077378373255,0.013616187769422706,0.25,11.22199296951294
839277350,Std-XY p=54,0,spsa,sequential,1,random_shared_stream,50,120,5,108,7.657146453857422,117,1.6454905271530151,0.15833739936351776,0.024933170527219772,0.025036338716745377,0.024210967123508453,0.2770243506628428,0.013472060523173781,0.25,11.531104326248169
839277350,Std-XY p=54,0,spsa,sequential,1,random_shared_stream,55,120,5,108,7.657146453857422,127,1.195500135421753,0.11503704637289047,0.01294307317584753,0.012779696844518185,0.013070146553218365,0.26438737409098745,0.01334299625175472,0.25,11.841156482696533
839277350,Std-XY p=54,0,spsa,sequential,1,random_shared_stream,60,120,5,108,7.657146453857422,137,4.121335029602051,0.39657559990882874,0.15721829235553741,0.15727223455905914,0.15705649554729462,0.2531766096372987,0.013226249755755135,0.25,12.150569438934326
839277350,Std-XY p=54,0,spsa,sequential,1,random_shared_stream,65,120,5,108,7.657146453857422,147,1.685711145401001,0.16220761835575104,0.02631131373345852,0.02627521939575672,0.02627522125840187,0.24314778973889678,0.01311975565249048,0.25,12.45902681350708
839277350,Std-XY p=54,0,spsa,sequential,1,random_shared_stream,70,120,5,108,7.657146453857422,157,1.1989094018936157,0.11536511033773422,0.013268032111227512,0.013236082158982754,0.013290852308273315,0.23411099108935726,0.013021922119457682,0.25,12.766424417495728
839277350,Std-XY p=54,0,spsa,sequential,1,random_shared_stream,75,120,5,108,7.657146453857422,167,2.128713369369507,0.20483553409576416,0.040792111307382584,0.04103672504425049,0.040518730878829956,0.2259160845954177,0.01293149713891721,0.25,13.074830770492554
839277350,Std-XY p=54,0,spsa,sequential,1,random_shared_stream,80,120,5,108,7.657146453857422,177,0.6884974241256714,0.06625069677829742,0.004375607706606388,0.004365071188658476,0.004383134189993143,0.21844266716505656,0.012847478719003411,0.15039722621440887,13.383918046951294
839277350,Std-XY p=54,0,spsa,sequential,1,random_shared_stream,85,120,5,108,7.657146453857422,187,2.4315266609191895,0.23397375643253326,0.053223058581352234,0.05204031988978386,0.05406786873936653,0.2115929330182014,0.012769052840860788,0.25,13.689305543899536
839277350,Std-XY p=54,0,spsa,sequential,1,random_shared_stream,90,120,5,108,7.657146453857422,197,0.0534750297665596,0.005145636852830648,2.589645555417519e-05,2.5170049411826767e-05,2.6332303605158813e-05,0.2052865231191869,0.01269554947299621,0.010977702215313911,13.999462366104126
839277350,Std-XY p=54,0,spsa,sequential,1,random_shared_stream,95,120,5,108,7.657146453857422,207,2.201538324356079,0.2118431031703949,0.04363090917468071,0.042661335319280624,0.04432346671819687,0.19945673632875935,0.012626410699612943,0.25,14.309788227081299
839277350,Std-XY p=54,0,spsa,sequential,1,random_shared_stream,100,120,5,108,7.655004978179932,217,2.3528246879577637,0.22640067338943481,0.049833450466394424,0.051186949014663696,0.04675731062889099,0.19404769708964537,0.012561167176266359,0.25,14.619724035263062
839277350,Std-XY p=54,0,spsa,sequential,1,random_shared_stream,105,120,5,108,7.655004978179932,227,0.08642683923244476,0.008316426537930965,6.629302515648305e-05,6.679111538687721e-05,6.574750295840204e-05,0.1890122073075351,0.01249942043693397,0.016335727646946907,14.93087387084961
839277350,Std-XY p=54,0,spsa,sequential,1,random_shared_stream,110,120,5,108,7.655004978179932,237,1.266659140586853,0.12188433110713959,0.01399480551481247,0.014346331357955933,0.013551576994359493,0.1843100956860214,0.012440829393713411,0.23345805704593658,15.237305641174316
839277350,Std-XY p=54,0,spsa,sequential,1,random_shared_stream,115,120,5,108,7.655004978179932,247,1.1661286354064941,0.11221078783273697,0.012435812503099442,0.012435812503099442,0.012435812503099442,0.17990693413560452,0.012385099893453082,0.20979464054107666,15.542074203491211
839277350,Std-XY p=54,0,spsa,sequential,1,random_shared_stream,120,120,5,108,7.655004978179932,257,2.2539005279541016,0.2168816775083542,0.04689247906208038,0.04703766480088234,0.0464569516479969,0.17577302872407383,0.012331976538504544,0.25,15.845905542373657
839277350,Std-XY p=54,0,spsa,sequential,2,random_shared_stream,1,120,5,108,7.661965370178223,19,2.0223138332366943,0.1945972442626953,0.037660304456949234,0.03532277047634125,0.03740058094263077,0.6118716971498387,0.02,0.25,16.492425203323364
839277350,Std-XY p=54,0,spsa,sequential,2,random_shared_stream,5,120,5,108,7.660207271575928,27,0.5456998348236084,0.052509989589452744,0.002756353234872222,0.002753516659140587,0.002742169890552759,0.5206237934543128,0.016999416915812672,0.25,16.742546558380127
839277350,Std-XY p=54,0,spsa,sequential,2,random_shared_stream,10,120,5,108,7.659387588500977,37,1.741590976715088,0.16758467257022858,0.02645694836974144,0.026196904480457306,0.026697728782892227,0.4457751030648546,0.015850026609609436,0.25,17.0505690574646
839277350,Std-XY p=54,0,spsa,sequential,2,random_shared_stream,15,120,5,108,7.659387588500977,47,0.596057653427124,0.057355672121047974,0.003285160521045327,0.0032716228161007166,0.0032174717634916306,0.39406991201164243,0.015214047873475552,0.23488837480545044,17.356457233428955
839277350,Std-XY p=54,0,spsa,sequential,2,random_shared_stream,20,120,5,108,7.659387588500977,57,0.4743063747882843,0.04564015194773674,0.0020765941590070724,0.0020373056177049875,0.00208016624674201,0.35575742745810596,0.014778350620464044,0.16873802244663239,17.664122819900513
839277350,Std-XY p=54,0,spsa,sequential,2,random_shared_stream,25,120,5,108,7.659387588500977,67,1.3675544261932373,0.1315929889678955,0.017292961478233337,0.017102928832173347,0.017292959615588188,0.32598440576103493,0.014449008773880907,0.25,17.960652589797974
839277350,Std-XY p=54,0,spsa,sequential,2,random_shared_stream,30,120,5,108,7.6575212478637695,77,0.026374738663434982,0.002537910360842943,6.432153440982802e-06,6.432153895730153e-06,6.432153440982802e-06,0.302035638393796,0.014185372641231635,0.007966110482811928,18.275615453720093
839277350,Std-XY p=54,0,spsa,sequential,2,random_shared_stream,35,120,5,108,7.656862735748291,87,0.8664599657058716,0.08337515592575073,0.006891817320138216,0.006341140251606703,0.006865594536066055,0.28226130978264974,0.013966227856027484,0.2445681244134903,18.587690830230713
839277350,Std-XY p=54,0,spsa,sequential,2,random_shared_stream,40,120,5,108,7.656862735748291,97,0.36484813690185547,0.03510752692818642,0.0012321157846599817,0.0012308477889746428,0.0012325384886935353,0.26559521721314866,0.013779134410346052,0.09690191596746445,18.90050196647644
839277350,Std-XY p=54,0,spsa,sequential,2,random_shared_stream,45,120,5,108,7.656862735748291,107,0.927311897277832,0.08923063427209854,0.007959375157952309,0.007951184175908566,0.007962105795741081,0.2513145307769739,0.013616187769422706,0.2330469787120819,19.212494611740112
839277350,Std-XY p=54,0,spsa,sequential,2,random_shared_stream,50,120,5,108,7.656862735748291,117,1.662226676940918,0.15994784235954285,0.02515341527760029,0.02544293738901615,0.02470596693456173,0.23891007568060119,0.013472060523173781,0.25,19.523574352264404
839277350,Std-XY p=54,0,spsa,sequential,2,random_shared_stream,55,120,5,108,7.656862735748291,127,0.565253496170044,0.05439154431223869,0.00295742554590106,0.002954381750896573,0.002942207269370556,0.22801175204250917,0.01334299625175472,0.1288844496011734,19.83205556869507
839277350,Std-XY p=54,0,spsa,sequential,2,random_shared_stream,60,120,5,108,7.656862735748291,137,1.7791054248809814,0.17119450867176056,0.029217099770903587,0.028302498161792755,0.029146743938326836,0.21834341574766875,0.013226249755755135,0.25,20.142449378967285
839277350,Std-XY p=54,0,spsa,sequential,2,random_shared_stream,65,120,5,108,7.656862735748291,147,1.2526687383651733,0.12053809314966202,0.014449710957705975,0.014210543595254421,0.014529433101415634,0.20969440667976047,0.01311975565249048,0.25,20.45268726348877
839277350,Std-XY p=54,0,spsa,sequential,2,random_shared_stream,70,120,5,108,7.656862735748291,157,2.463653087615967,0.2370651364326477,0.05427258089184761,0.05342457443475723,0.054966408759355545,0.20190093204799617,0.013021922119457682,0.25,20.760737895965576
839277350,Std-XY p=54,0,spsa,sequential,2,random_shared_stream,75,120,5,108,7.656862735748291,167,0.40006783604621887,0.03849654644727707,0.001463688095100224,0.001463688095100224,0.0014636879786849022,0.19483351820521316,0.01293149713891721,0.07794662564992905,21.069446325302124
839277350,Std-XY p=54,0,spsa,sequential,2,random_shared_stream,80,120,5,108,7.656862735748291,177,0.21947060525417328,0.021118570119142532,0.0004404878127388656,0.00044048787094652653,0.0003964390780311078,0.18838832766651809,0.012847478719003411,0.04134569689631462,21.379398822784424
839277350,Std-XY p=54,0,spsa,sequential,2,random_shared_stream,85,120,5,108,7.656862735748291,187,0.5006255507469177,0.0481727160513401,0.0023206109181046486,0.0023174271918833256,0.0023174274247139692,0.1824810112176155,0.012769052840860788,0.09135465323925018,21.687752962112427
839277350,Std-XY p=54,0,spsa,sequential,2,random_shared_stream,90,120,5,108,7.656862735748291,197,1.5601438283920288,0.1501249074935913,0.02142452821135521,0.021764598786830902,0.021022621542215347,0.17704226598586456,0.01269554947299621,0.25,21.997779607772827
839277350,Std-XY p=54,0,spsa,sequential,2,random_shared_stream,95,120,5,108,7.656862735748291,207,1.299258828163147,0.12502123415470123,0.015624947845935822,0.0145797124132514,0.014858441427350044,0.1720145678792893,0.012626410699612943,0.22349144518375397,22.307438135147095
839277350,Std-XY p=54,0,spsa,sequential,2,random_shared_stream,100,120,5,108,7.656862735748291,217,2.0070416927337646,0.19312766194343567,0.0351366363465786,0.032181937247514725,0.036837827414274216,0.16734972895489866,0.012561167176266359,0.25,22.615357875823975
839277350,Std-XY p=54,0,spsa,sequential,2,random_shared_stream,105,120,5,108,7.656425476074219,227,0.15025582909584045,0.014458374120295048,0.00020445650443434715,0.00019499358313623816,0.00020875781774520874,0.1630070448476917,0.01249942043693397,0.024492761120200157,22.92436647415161
839277350,Std-XY p=54,0,spsa,sequential,2,random_shared_stream,110,120,5,108,7.656425476074219,237,2.7354660034179688,0.26322034001350403,0.06890477985143661,0.0677642896771431,0.06928494572639465,0.15895187121163218,0.012440829393713411,0.25,23.23443365097046
839277350,Std-XY p=54,0,spsa,sequential,2,random_shared_stream,115,120,5,108,7.656425476074219,247,1.2503525018692017,0.12031522393226624,0.014396323822438717,0.014475752599537373,0.014158041216433048,0.155154516730963,0.012385099893453082,0.1939978450536728,23.54452085494995
839277350,Std-XY p=54,0,spsa,sequential,2,random_shared_stream,120,120,5,108,7.656425476074219,257,1.4046190977096558,0.13515953719615936,0.01816786266863346,0.017641622573137283,0.01824304088950157,0.15158937290024158,0.012331976538504544,0.21292534470558167,23.85325527191162
839277350,Std-XY p=54,0,spsa,sequential,3,random_shared_stream,1,120,5,108,7.6590704917907715,19,0.2550811171531677,0.02454519271850586,0.0005991607322357595,0.0006016399711370468,0.0005818057688884437,0.386518361516841,0.02,0.09859354048967361,24.512611389160156
839277350,Std-XY p=54,0,spsa,sequential,3,random_shared_stream,5,120,5,108,7.6590704917907715,27,0.3635083734989166,0.034978609532117844,0.0012218249030411243,0.0012218249030411243,0.0012083982583135366,0.32887720832651085,0.016999416915812672,0.11954961717128754,24.760427474975586
839277350,Std-XY p=54,0,spsa,sequential,3,random_shared_stream,10,120,5,108,7.65658712387085,37,0.8327309489250183,0.08012957125902176,0.00624239444732666,0.0063414801843464375,0.006103673949837685,0.28159541165937385,0.015850026609609436,0.2344931960105896,25.073596239089966
839277350,Std-XY p=54,0,spsa,sequential,3,random_shared_stream,15,120,5,108,7.65658712387085,47,3.1361424922943115,0.3017754852771759,0.09094350785017014,0.09056873619556427,0.09106842428445816,0.24893332609324123,0.015214047873475552,0.25,25.381659030914307
839277350,Std-XY p=54,0,spsa,sequential,3,random_shared_stream,20,120,5,108,7.65658712387085,57,0.8802079558372498,0.08469805121421814,0.007053213194012642,0.007163918577134609,0.006819499656558037,0.2247313915630912,0.014778350620464044,0.1978103667497635,25.695026636123657
839277350,Std-XY p=54,0,spsa,sequential,3,random_shared_stream,25,120,5,108,7.65658712387085,67,0.08265344798564911,0.007953331805765629,6.290840974543244e-05,6.316872168099508e-05,6.247455894481391e-05,0.20592382190860012,0.014449008773880907,0.017020313069224358,26.00423502922058
839277350,Std-XY p=54,0,spsa,sequential,3,random_shared_stream,30,120,5,108,7.65658712387085,77,0.49605467915534973,0.0477328822016716,0.002200292656198144,0.002200292656198144,0.002200292656198144,0.19079542429476776,0.014185372641231635,0.0946449562907219,26.317773818969727
839277350,Std-XY p=54,0,spsa,sequential,3,random_shared_stream,35,120,5,108,7.65658712387085,87,0.4305688738822937,0.04143150523304939,0.0017142151482403278,0.0017165697645395994,0.0017071509500965476,0.17830401289188968,0.013966227856027484,0.07677216082811356,26.627429246902466
839277350,Std-XY p=54,0,spsa,sequential,3,random_shared_stream,40,120,5,108,7.65658712387085,97,3.534836769104004,0.34013980627059937,0.11569510400295258,0.11506029218435287,0.11506029963493347,0.16777606916960627,0.013779134410346052,0.25,26.940980672836304
839277350,Std-XY p=54,0,spsa,sequential,3,random_shared_stream,45,120,5,108,7.65658712387085,107,1.6364436149597168,0.157466858625412,0.024719281122088432,0.024761797860264778,0.02465975657105446,0.1587549826438565,0.013616187769422706,0.25,27.251220703125
839277350,Std-XY p=54,0,spsa,sequential,3,random_shared_stream,50,120,5,108,7.656312942504883,117,0.19127194583415985,0.01840515062212944,0.0003345674485899508,0.00033874958171509206,0.00032202116562984884,0.1509191084210534,0.013472060523173781,0.028866589069366455,27.559536457061768
839277350,Std-XY p=54,0,spsa,sequential,3,random_shared_stream,55,120,5,108,7.656312942504883,127,1.9847007989883423,0.19097793102264404,0.036159876734018326,0.03642253577709198,0.03467145562171936,0.144034655004598,0.01334299625175472,0.25,27.87144136428833
839277350,Std-XY p=54,0,spsa,sequential,3,random_shared_stream,60,120,5,108,7.656312942504883,137,0.5089849233627319,0.048977091908454895,0.002316494006663561,0.002188165206462145,0.0023855937179178,0.1379271826036309,0.013226249755755135,0.07020285725593567,28.17843723297119
839277350,Std-XY p=54,0,spsa,sequential,3,random_shared_stream,65,120,5,108,7.656312942504883,147,1.4632408618927002,0.14080041646957397,0.01958000846207142,0.01971597969532013,0.019389649853110313,0.13246361756337124,0.01311975565249048,0.19382618367671967,28.48601770401001
839277350,Std-XY p=54,0,spsa,sequential,3,random_shared_stream,70,120,5,108,7.656312942504883,157,3.4003665447235107,0.32720044255256653,0.10706011205911636,0.10338864475488663,0.10338862985372543,0.12754049224277822,0.013021922119457682,0.25,28.79699969291687
839277350,Std-XY p=54,0,spsa,sequential,3,random_shared_stream,75,120,5,108,7.656312942504883,167,0.5497100353240967,0.05289588123559952,0.0027020215056836605,0.0027979740407317877,0.002414163900539279,0.12307601834833531,0.01293149713891721,0.06765612959861755,29.10620951652527
839277350,Std-XY p=54,0,spsa,sequential,3,random_shared_stream,80,120,5,108,7.656312942504883,177,2.223055839538574,0.21391363441944122,0.04386026784777641,0.044189807027578354,0.04349934309720993,0.11900460190877049,0.012847478719003411,0.25,29.416457653045654
839277350,Std-XY p=54,0,spsa,sequential,3,random_shared_stream,85,120,5,108,7.656312942504883,187,2.9346745014190674,0.28238919377326965,0.07930611073970795,0.07930611073970795,0.07930609583854675,0.11527295966183035,0.012769052840860788,0.25,29.72612190246582
839277350,Std-XY p=54,0,spsa,sequential,3,random_shared_stream,90,120,5,108,7.656312942504883,197,0.8013448715209961,0.0771094411611557,0.005943826399743557,0.005945865530520678,0.005937710404396057,0.1118373130949503,0.01269554947299621,0.08962024748325348,30.033900022506714
839277350,Std-XY p=54,0,spsa,sequential,3,random_shared_stream,95,120,5,108,7.656036376953125,207,3.3824682235717773,0.3254781663417816,0.10502780973911285,0.10535477101802826,0.10462818294763565,0.10866132433226218,0.012626410699612943,0.25,30.345595121383667
839277350,Std-XY p=54,0,spsa,sequential,3,random_shared_stream,100,120,5,108,7.656036376953125,217,2.038207530975342,0.19612662494182587,0.03834692761301994,0.037990767508745193,0.038465648889541626,0.10571455312811233,0.012561167176266359,0.21546819806098938,30.65683388710022
839277350,Std-XY p=54,0,spsa,sequential,3,random_shared_stream,105,120,5,108,7.656036376953125,227,0.3905065655708313,0.03757651150226593,0.0014100574189797044,0.0013810041127726436,0.0014042467810213566,0.10297128660096029,0.01249942043693397,0.04021096229553223,30.9673810005188
839277350,Std-XY p=54,0,spsa,sequential,3,random_shared_stream,110,120,5,108,7.656036376953125,237,0.4090751111507416,0.03936327248811722,0.0015446848701685667,0.001530337962321937,0.0015494672115892172,0.10040963997344488,0.012440829393713411,0.04107508808374405,31.2678279876709
839277350,Std-XY p=54,0,spsa,sequential,3,random_shared_stream,115,120,5,108,7.656036376953125,247,0.6179742217063904,0.05946459621191025,0.0035251243971288204,0.0035311877727508545,0.003458429593592882,0.09801085728942173,0.012385099893453082,0.0605681836605072,31.568348169326782
839277350,Std-XY p=54,0,spsa,sequential,3,random_shared_stream,120,120,5,108,7.656036376953125,257,0.49626797437667847,0.047753408551216125,0.002277259947732091,0.0022803880274295807,0.0022678757086396217,0.0957587616974191,0.012331976538504544,0.047522008419036865,31.88020157814026
839277350,Std-XY p=54,0,spsa,sequential,4,continuation,1,120,5,108,0.06398139894008636,19,133.90798950195312,12.885302543640137,165.12001037597656,165.80328369140625,163.98126220703125,0.003489218149008266,0.02,0.25,32.52869772911072
839277350,Std-XY p=54,0,spsa,sequential,4,continuation,5,120,5,108,0.06398139894008636,27,1528.00244140625,147.0321044921875,21611.025390625,21351.546875,21143.962890625,0.0029688740260222675,0.016999416915812672,0.25,32.77036762237549
839277350,Std-XY p=54,0,spsa,sequential,4,continuation,10,120,5,108,0.06398139894008636,37,262.0389404296875,25.21470832824707,634.9093627929688,621.8274536132812,632.2930297851562,0.002542046947481253,0.015850026609609436,0.25,33.07810354232788
839277350,Std-XY p=54,0,spsa,sequential,4,continuation,15,120,5,108,0.06398139894008636,47,383.8905029296875,36.93988037109375,1360.343505859375,1364.5548095703125,1347.7083740234375,0.002247196422671592,0.015214047873475552,0.25,33.386391162872314
839277350,Std-XY p=54,0,spsa,sequential,4,continuation,20,120,5,108,0.06398139894008636,57,438.7437744140625,42.2181396484375,1782.371337890625,1779.9263916015625,1779.9263916015625,0.0020287182399733295,0.014778350620464044,0.25,33.695674419403076
839277350,Std-XY p=54,0,spsa,sequential,4,continuation,25,120,5,108,0.06398139894008636,67,462.4388122558594,44.498191833496094,1963.11328125,1977.3731689453125,1936.630615234375,0.0018589366204930658,0.014449008773880907,0.25,34.00597429275513
839277350,Std-XY p=54,0,spsa,sequential,4,continuation,30,120,5,108,0.06398139894008636,77,331.75750732421875,31.92337989807129,976.8145141601562,1006.520751953125,929.6337280273438,0.001722367999761972,0.014185372641231635,0.25,34.31536364555359
839277350,Std-XY p=54,0,spsa,sequential,4,continuation,35,120,5,108,0.06398139894008636,87,183.12091064453125,17.620819091796875,295.1602783203125,295.1602783203125,295.1602478027344,0.0016096042510939754,0.013966227856027484,0.25,34.62696695327759
839277350,Std-XY p=54,0,spsa,sequential,4,continuation,40,120,5,108,0.06398139894008636,97,772.9640502929688,74.37850189208984,5258.96826171875,5160.31591796875,5342.44384765625,0.0015145653190148628,0.013779134410346052,0.25,34.93792963027954
839277350,Std-XY p=54,0,spsa,sequential,4,continuation,45,120,5,108,0.06398139894008636,107,273.71844482421875,26.338565826416016,687.7725830078125,678.494384765625,692.7684936523438,0.0014331292425865804,0.013616187769422706,0.25,35.24653601646423
839277350,Std-XY p=54,0,spsa,sequential,4,continuation,50,120,5,108,0.06398139894008636,117,189.75997924804688,18.25966453552246,329.2990417480469,331.58587646484375,326.0975341796875,0.0013623924360756188,0.013472060523173781,0.25,35.55698585510254
839277350,Std-XY p=54,0,spsa,sequential,4,continuation,55,120,5,108,0.06398139894008636,127,10.898585319519043,1.0487169027328491,1.0964126586914062,1.09829843044281,1.0937724113464355,0.001300244392933685,0.01334299625175472,0.01417082455009222,35.86468553543091
839277350,Std-XY p=54,0,spsa,sequential,4,continuation,60,120,5,108,0.06398139894008636,137,386.8552551269531,37.22516632080078,1373.832763671875,1383.812255859375,1317.2828369140625,0.0012451103924106777,0.013226249755755135,0.25,36.17483568191528
839277350,Std-XY p=54,0,spsa,sequential,4,continuation,65,120,5,108,0.06398139894008636,147,252.04229736328125,24.252782821655273,578.3134155273438,580.935791015625,575.2877807617188,0.0011957891383777553,0.01311975565249048,0.25,36.48411440849304
839277350,Std-XY p=54,0,spsa,sequential,4,continuation,70,120,5,108,0.06398139894008636,157,202.88722229003906,19.522830963134766,380.6181335449219,380.6181335449219,376.4355163574219,0.001151346597146226,0.013021922119457682,0.23359349370002747,36.79233956336975
839277350,Std-XY p=54,0,spsa,sequential,4,continuation,75,120,5,108,0.06398139894008636,167,134.95162963867188,12.985727310180664,167.7038116455078,164.92803955078125,168.62908935546875,0.0011110444410542572,0.01293149713891721,0.14993725717067719,37.10013461112976
839277350,Std-XY p=54,0,spsa,sequential,4,continuation,80,120,5,108,0.06398139894008636,177,187.56521606445312,18.048471450805664,325.3005065917969,325.747314453125,323.9599914550781,0.0010742905334847684,0.012847478719003411,0.20149952173233032,37.40563416481018
839277350,Std-XY p=54,0,spsa,sequential,4,continuation,85,120,5,108,0.06398139894008636,187,617.2437133789062,59.39430618286133,3516.79541015625,3484.13232421875,3353.47705078125,0.0010406038703142733,0.012769052840860788,0.25,37.715490102767944
839277350,Std-XY p=54,0,spsa,sequential,4,continuation,90,120,5,108,0.06398139894008636,197,539.3321533203125,51.89726257324219,2685.012939453125,2560.322265625,2394.067626953125,0.0010095892496693663,0.01269554947299621,0.25,38.01980710029602
839277350,Std-XY p=54,0,spsa,sequential,4,continuation,95,120,5,108,0.06398139894008636,207,220.0074462890625,21.170225143432617,413.5968017578125,386.6999206542969,432.80877685546875,0.0009809186385544664,0.012626410699612943,0.2158094048500061,38.32798957824707
839277350,Std-XY p=54,0,spsa,sequential,4,continuation,100,120,5,108,0.06398139894008636,217,60.38818359375,5.810855865478516,33.19864273071289,32.60808563232422,33.580772399902344,0.0009543172436656323,0.012561167176266359,0.05762948468327522,38.63575053215027
839277350,Std-XY p=54,0,spsa,sequential,4,continuation,105,120,5,108,0.06398139894008636,227,63.35424041748047,6.096264839172363,37.113468170166016,36.34876251220703,35.32916259765625,0.0009295529470445292,0.01249942043693397,0.05889112129807472,38.94341444969177
839277350,Std-XY p=54,0,spsa,sequential,4,continuation,110,120,5,108,0.06398139894008636,237,465.633056640625,44.80556106567383,1973.803955078125,1982.75390625,1963.477294921875,0.0009064281881870302,0.012440829393713411,0.25,39.25422215461731
839277350,Std-XY p=54,0,spsa,sequential,4,continuation,115,120,5,108,0.06398139894008636,247,224.5126953125,21.603744506835938,456.4782409667969,466.72174072265625,425.7475280761719,0.0008847736514044209,0.012385099893453082,0.19864292442798615,39.56252074241638
839277350,Std-XY p=54,0,spsa,sequential,4,continuation,120,120,5,108,0.06398139894008636,257,267.28369140625,25.71938705444336,653.3203735351562,661.4869995117188,628.8208618164062,0.0008644433033658978,0.012331976538504544,0.23105160892009735,39.87054133415222
839277350,Std-XY p=60,0,spsa,sequential,0,deterministic_linear_ramp,1,120,5,120,10.855267524719238,19,615.426513671875,56.180503845214844,3134.33056640625,3156.248779296875,3068.5751953125,0.0018318598572423363,0.02,0.25,0.661207914352417
839277350,Std-XY p=60,0,spsa,sequential,0,deterministic_linear_ramp,5,120,5,120,8.794963836669922,27,50.49259948730469,4.609323024749756,21.239953994750977,20.65569305419922,20.86815071105957,0.0015586761610263387,0.016999416915812672,0.07870160788297653,0.9366378784179688
839277350,Std-XY p=60,0,spsa,sequential,0,deterministic_linear_ramp,10,120,5,120,8.204782485961914,37,20.386404037475586,1.8610156774520874,3.4547204971313477,3.459530830383301,3.447986125946045,0.001334589457996452,0.015850026609609436,0.027207480743527412,1.2830944061279297
839277350,Std-XY p=60,0,spsa,sequential,0,deterministic_linear_ramp,15,120,5,120,7.99094820022583,47,53.00344467163086,4.838530540466309,23.248798370361328,22.76106071472168,23.411376953125,0.0011797912146022486,0.015214047873475552,0.06253299862146378,1.6242225170135498
839277350,Std-XY p=60,0,spsa,sequential,0,deterministic_linear_ramp,20,120,5,120,7.903236389160156,57,6.91959810256958,0.6316700577735901,0.3772832751274109,0.39501696825027466,0.34536275267601013,0.0010650888957799193,0.014778350620464044,0.007369987200945616,1.9658863544464111
839277350,Std-XY p=60,0,spsa,sequential,0,deterministic_linear_ramp,25,120,5,120,7.798925876617432,67,23.221538543701172,2.1198267936706543,4.47369384765625,4.473693370819092,4.47369384765625,0.0009759525563647731,0.014449008773880907,0.022663122043013573,2.3075037002563477
839277350,Std-XY p=60,0,spsa,sequential,0,deterministic_linear_ramp,30,120,5,120,7.721413612365723,77,23.87055206298828,2.1790733337402344,4.743084907531738,4.7430853843688965,4.700876712799072,0.000904253234799754,0.014185372641231635,0.021585024893283844,2.6467998027801514
839277350,Std-XY p=60,0,spsa,sequential,0,deterministic_linear_ramp,35,120,5,120,7.721413612365723,87,11.39548110961914,1.0402603149414062,1.0809390544891357,1.0713200569152832,1.0809391736984253,0.0008450516097606949,0.013966227856027484,0.009629769250750542,2.984363555908203
839277350,Std-XY p=60,0,spsa,sequential,0,deterministic_linear_ramp,40,120,5,120,7.63106632232666,97,40.78179168701172,3.722851276397705,13.763372421264648,13.798022270202637,13.721024513244629,0.0007951556166997879,0.013779134410346052,0.032427866011857986,3.3259646892547607
839277350,Std-XY p=60,0,spsa,sequential,0,deterministic_linear_ramp,45,120,5,120,7.63106632232666,107,52.82514190673828,4.822253704071045,23.150779724121094,22.32396697998047,23.150779724121094,0.000752401202109032,0.013616187769422706,0.03974569961428642,3.672015905380249
839277350,Std-XY p=60,0,spsa,sequential,0,deterministic_linear_ramp,50,120,5,120,7.63106632232666,117,5.360139846801758,0.4893116056919098,0.23915979266166687,0.23516936600208282,0.23836170136928558,0.0007152639665613552,0.013472060523173781,0.003833914641290903,4.0123374462127686
839277350,Std-XY p=60,0,spsa,sequential,0,deterministic_linear_ramp,55,120,5,120,7.63106632232666,127,0.20337282121181488,0.018565313890576363,0.00033854341018013656,0.0003350967017468065,0.0003412241640035063,0.0006826358818225916,0.01334299625175472,0.00013882957864552736,4.343963146209717
839277350,Std-XY p=60,0,spsa,sequential,0,deterministic_linear_ramp,60,120,5,120,7.618936061859131,137,9.410277366638184,0.859036922454834,0.732819676399231,0.7346645593643188,0.7305648922920227,0.0006536902103242414,0.013226249755755135,0.006151406094431877,4.669039964675903
839277350,Std-XY p=60,0,spsa,sequential,0,deterministic_linear_ramp,65,120,5,120,7.6023664474487305,147,47.810150146484375,4.364449977874756,18.70978355407715,18.963762283325195,18.28648567199707,0.0006277962645996262,0.01311975565249048,0.03001503460109234,5.016165733337402
839277350,Std-XY p=60,0,spsa,sequential,0,deterministic_linear_ramp,70,120,5,120,7.6023664474487305,157,13.65728759765625,1.2467341423034668,1.5111695528030396,1.5388025045394897,1.469720482826233,0.000604463671520281,0.013021922119457682,0.008255334571003914,5.355603218078613
839277350,Std-XY p=60,0,spsa,sequential,0,deterministic_linear_ramp,75,120,5,120,7.573242664337158,167,4.6135478019714355,0.4211574196815491,0.17717646062374115,0.17717647552490234,0.17717646062374115,0.0005833048047620714,0.01293149713891721,0.0026911047752946615,5.696229934692383
839277350,Std-XY p=60,0,spsa,sequential,0,deterministic_linear_ramp,80,120,5,120,7.573242664337158,177,21.328218460083008,1.9469910860061646,3.773926019668579,3.786562204360962,3.752866268157959,0.000564008789151102,0.012847478719003411,0.01202930137515068,6.039978504180908
839277350,Std-XY p=60,0,spsa,sequential,0,deterministic_linear_ramp,85,120,5,120,7.573242664337158,187,1.7240430116653442,0.15738287568092346,0.024707447737455368,0.024659285321831703,0.024741848930716515,0.0005463230947200978,0.012769052840860788,0.000941884471103549,6.379741191864014
839277350,Std-XY p=60,0,spsa,sequential,0,deterministic_linear_ramp,90,120,5,120,7.540957927703857,197,12.502094268798828,1.141279935836792,1.302519679069519,1.3025195598602295,1.302519679069519,0.0005300402381829814,0.01269554947299621,0.006626612972468138,6.714730739593506
839277350,Std-XY p=60,0,spsa,sequential,0,deterministic_linear_ramp,95,120,5,120,7.540957927703857,207,11.408480644226074,1.0414471626281738,1.0770798921585083,1.0797914266586304,1.0255608558654785,0.0005149880003058744,0.012626410699612943,0.0058752307668328285,7.056637525558472
839277350,Std-XY p=60,0,spsa,sequential,0,deterministic_linear_ramp,100,120,5,120,7.509763240814209,217,3.729499101638794,0.34045514464378357,0.11510477215051651,0.11127331852912903,0.11578091979026794,0.0005010221130031969,0.012561167176266359,0.0018685614923015237,7.399716138839722
839277350,Std-XY p=60,0,spsa,sequential,0,deterministic_linear_ramp,105,120,5,120,7.509763240814209,227,18.441028594970703,1.6834279298782349,2.833142042160034,2.830780506134033,2.8213343620300293,0.00048802071299444867,0.01249942043693397,0.008999603800475597,7.738288164138794
839277350,Std-XY p=60,0,spsa,sequential,0,deterministic_linear_ramp,110,120,5,120,7.509763240814209,237,21.947269439697266,2.003502607345581,4.003986835479736,3.9426615238189697,4.009561538696289,0.0004758800798639286,0.012440829393713411,0.01044426765292883,8.074768781661987
839277350,Std-XY p=60,0,spsa,sequential,0,deterministic_linear_ramp,115,120,5,120,7.509763240814209,247,20.557647705078125,1.8766480684280396,3.5178945064544678,3.459197521209717,3.3809351921081543,0.0004645113218885884,0.012385099893453082,0.009549260139465332,8.41522479057312
839277350,Std-XY p=60,0,spsa,sequential,0,deterministic_linear_ramp,120,120,5,120,7.494681358337402,257,19.40873908996582,1.771767497062683,3.1382875442504883,3.0833520889282227,3.1077680587768555,0.0004538377707189313,0.012331976538504544,0.008808419108390808,8.758104085922241
839277350,Std-XY p=60,0,spsa,sequential,1,random_shared_stream,1,120,5,120,7.661350727081299,19,0.37374067306518555,0.034117698669433594,0.001158843981102109,0.001158843981102109,0.0011588438646867871,0.4732775202912973,0.02,0.1768830418586731,9.472100257873535
839277350,Std-XY p=60,0,spsa,sequential,1,random_shared_stream,5,120,5,120,7.661350727081299,27,0.591657280921936,0.054010674357414246,0.002896894933655858,0.002836120780557394,0.0029171525966376066,0.40269804783986596,0.016999416915812672,0.2382592260837555,9.744155645370483
839277350,Std-XY p=60,0,spsa,sequential,1,random_shared_stream,10,120,5,120,7.661350727081299,37,0.3682801127433777,0.033619221299886703,0.0011224030749872327,0.0011302519124001265,0.001098856097087264,0.34480322650790474,0.015850026609609436,0.12698416411876678,10.082921743392944
839277350,Std-XY p=60,0,spsa,sequential,1,random_shared_stream,15,120,5,120,7.661320209503174,47,0.25681328773498535,0.023443739861249924,0.0005398381035774946,0.0005489981267601252,0.0005196857382543385,0.30480970381051564,0.015214047873475552,0.07827917486429214,10.425674676895142
839277350,Std-XY p=60,0,spsa,sequential,1,random_shared_stream,20,120,5,120,7.6612653732299805,57,0.21295695006847382,0.019440222531557083,0.00037624253309331834,0.00037120358319953084,0.0003779222024604678,0.2751753249527271,0.014778350620464044,0.05860050022602081,10.764917850494385
839277350,Std-XY p=60,0,spsa,sequential,1,random_shared_stream,25,120,5,120,7.659224033355713,67,0.7183241844177246,0.06557373702526093,0.0042413873597979546,0.004065807443112135,0.004299913998693228,0.252146147518952,0.014449008773880907,0.18112269043922424,11.09769082069397
839277350,Std-XY p=60,0,spsa,sequential,1,random_shared_stream,30,120,5,120,7.659224033355713,77,3.0813541412353516,0.2812878489494324,0.07910087704658508,0.0787711963057518,0.0790349468588829,0.23362198095528044,0.014185372641231635,0.25,11.438008785247803
839277350,Std-XY p=60,0,spsa,sequential,1,random_shared_stream,35,120,5,120,7.657227039337158,87,3.1702840328216553,0.28940603137016296,0.08338358998298645,0.08366277068853378,0.08142928034067154,0.21832670703739446,0.013966227856027484,0.25,11.782323360443115
839277350,Std-XY p=60,0,spsa,sequential,1,random_shared_stream,40,120,5,120,7.657227039337158,97,3.242140769958496,0.29596561193466187,0.08749830722808838,0.08749830722808838,0.08671967685222626,0.20543562709207203,0.013779134410346052,0.25,12.119805812835693
839277350,Std-XY p=60,0,spsa,sequential,1,random_shared_stream,45,120,5,120,7.654831886291504,107,3.936743974685669,0.35937392711639404,0.12900611758232117,0.12900611758232117,0.12900611758232117,0.19438963837245452,0.013616187769422706,0.25,12.454443216323853
839277350,Std-XY p=60,0,spsa,sequential,1,random_shared_stream,50,120,5,120,7.654831886291504,117,2.543686628341675,0.23220577836036682,0.05354507267475128,0.053380321711301804,0.053679872304201126,0.18479489853414757,0.013472060523173781,0.25,12.794190168380737
839277350,Std-XY p=60,0,spsa,sequential,1,random_shared_stream,55,120,5,120,7.654831886291504,127,0.7079879641532898,0.0646301731467247,0.0041202036663889885,0.004135287366807461,0.004102799110114574,0.17636513848674812,0.01334299625175472,0.12486439943313599,13.138095617294312
839277350,Std-XY p=60,0,spsa,sequential,1,random_shared_stream,60,120,5,120,7.654831886291504,137,0.92789626121521,0.08470495790243149,0.007172936107963324,0.007143041118979454,0.007103180047124624,0.16888676312099904,0.013226249755755135,0.15670938789844513,13.477586030960083
839277350,Std-XY p=60,0,spsa,sequential,1,random_shared_stream,65,120,5,120,7.654831886291504,147,0.5563995838165283,0.05079210177063942,0.0025339731946587563,0.0025339734274894,0.002167063532397151,0.1621968286401202,0.01311975565249048,0.09024624526500702,13.817901849746704
839277350,Std-XY p=60,0,spsa,sequential,1,random_shared_stream,70,120,5,120,7.654831886291504,157,0.15924878418445587,0.014537358656525612,0.00021080646547488868,0.0002075777592835948,0.0001998287916649133,0.15616864272245828,0.013021922119457682,0.024869665503501892,14.15687346458435
839277350,Std-XY p=60,0,spsa,sequential,1,random_shared_stream,75,120,5,120,7.654831886291504,167,1.3251100778579712,0.12096545845270157,0.014628573320806026,0.01461638044565916,0.01456760335713625,0.15070205861019198,0.01293149713891721,0.19969682395458221,14.494879007339478
839277350,Std-XY p=60,0,spsa,sequential,1,random_shared_stream,80,120,5,120,7.654831886291504,177,4.656526565551758,0.425080806016922,0.17888672649860382,0.17567439377307892,0.18049287796020508,0.14571675889757665,0.012847478719003411,0.25,14.834885597229004
839277350,Std-XY p=60,0,spsa,sequential,1,random_shared_stream,85,120,5,120,7.654831886291504,187,1.3497401475906372,0.12321386486291885,0.015114182606339455,0.015029839240014553,0.015164787881076336,0.14114750018936098,0.012769052840860788,0.19051243364810944,15.17101764678955
839277350,Std-XY p=60,0,spsa,sequential,1,random_shared_stream,90,120,5,120,7.654831886291504,197,1.664490818977356,0.1519465297460556,0.02298513799905777,0.02267729863524437,0.023087749257683754,0.13694067730677084,0.01269554947299621,0.2279364913702011,15.508698225021362
839277350,Std-XY p=60,0,spsa,sequential,1,random_shared_stream,95,120,5,120,7.654831886291504,207,1.7728921175003052,0.16184218227863312,0.02618560940027237,0.026192886754870415,0.02616378478705883,0.13305179585705332,0.012626410699612943,0.23588646948337555,15.852653741836548
839277350,Std-XY p=60,0,spsa,sequential,1,random_shared_stream,100,120,5,120,7.654831886291504,217,1.898952841758728,0.17334990203380585,0.029841503128409386,0.029215458780527115,0.030050182715058327,0.1294435828787804,0.012561167176266359,0.24580727517604828,16.194904327392578
839277350,Std-XY p=60,0,spsa,sequential,1,random_shared_stream,105,120,5,120,7.654831886291504,227,1.4778982400894165,0.13491304218769073,0.01807512529194355,0.017695926129817963,0.018201526254415512,0.12608455389404208,0.01249942043693397,0.1863401234149933,16.536216974258423
839277350,Std-XY p=60,0,spsa,sequential,1,random_shared_stream,110,120,5,120,7.654831886291504,237,1.115795612335205,0.1018577441573143,0.010190553031861782,0.010363470762968063,0.009810137562453747,0.12294791179772543,0.012440829393713411,0.137184739112854,16.879990577697754
839277350,Std-XY p=60,0,spsa,sequential,1,random_shared_stream,115,120,5,120,7.654831886291504,247,1.7669464349746704,0.16129940748214722,0.02575732208788395,0.02497679740190506,0.02601749822497368,0.12001069061124188,0.012385099893453082,0.21205246448516846,17.219287157058716
839277350,Std-XY p=60,0,spsa,sequential,1,random_shared_stream,120,120,5,120,7.654831886291504,257,2.280092239379883,0.20814301073551178,0.0433114729821682,0.0428902730345726,0.04313095659017563,0.11725308237483337,0.012331976538504544,0.25,17.55698871612549
839277350,Std-XY p=60,0,spsa,sequential,2,random_shared_stream,1,120,5,120,7.659752368927002,19,2.1495964527130127,0.1962304264307022,0.037982258945703506,0.03696611896157265,0.03846358880400658,0.7248429966300873,0.02,0.25,18.269166707992554
839277350,Std-XY p=60,0,spsa,sequential,2,random_shared_stream,5,120,5,120,7.657078266143799,27,0.6477349400520325,0.05912984162569046,0.0034341805148869753,0.0034924529027193785,0.003305981634184718,0.6167477795135458,0.016999416915812672,0.25,18.542234659194946
839277350,Std-XY p=60,0,spsa,sequential,2,random_shared_stream,10,120,5,120,7.657078266143799,37,1.2406178712844849,0.11325240135192871,0.01276910025626421,0.012697843834757805,0.012811853550374508,0.5280796007295767,0.015850026609609436,0.25,18.88755989074707
839277350,Std-XY p=60,0,spsa,sequential,2,random_shared_stream,15,120,5,120,7.657078266143799,47,0.7927565574645996,0.07236845046281815,0.0052313725464046,0.005144086200743914,0.005213914904743433,0.4668279595784684,0.015214047873475552,0.25,19.22978162765503
839277350,Std-XY p=60,0,spsa,sequential,2,random_shared_stream,20,120,5,120,7.657078266143799,57,0.15251603722572327,0.013922748155891895,0.00019378903380129486,0.00019362747843842953,0.0001938428613357246,0.42144175158504865,0.014778350620464044,0.06427663564682007,19.56973385810852
839277350,Std-XY p=60,0,spsa,sequential,2,random_shared_stream,25,120,5,120,7.657078266143799,67,0.7812273502349854,0.07131597399711609,0.005050648935139179,0.004724299535155296,0.005035108420997858,0.3861716674053701,0.014449008773880907,0.25,19.910984754562378
839277350,Std-XY p=60,0,spsa,sequential,2,random_shared_stream,30,120,5,120,7.657078266143799,77,1.3375978469848633,0.1221054270863533,0.014495574869215488,0.014495574869215488,0.014495574869215488,0.3578011832255547,0.014185372641231635,0.25,20.24920678138733
839277350,Std-XY p=60,0,spsa,sequential,2,random_shared_stream,35,120,5,120,7.657078266143799,87,0.06227242946624756,0.005684669129550457,3.2306485081790015e-05,3.231546361348592e-05,3.227955676265992e-05,0.33437587417201087,0.013966227856027484,0.020822400227189064,20.590136528015137
839277350,Std-XY p=60,0,spsa,sequential,2,random_shared_stream,40,120,5,120,7.657078266143799,97,1.775264024734497,0.16205871105194092,0.02625572495162487,0.02483314462006092,0.024395428597927094,0.314632682034733,0.013779134410346052,0.25,20.927336931228638
839277350,Std-XY p=60,0,spsa,sequential,2,random_shared_stream,45,120,5,120,7.657078266143799,107,1.1361008882522583,0.10371135920286179,0.010729154571890831,0.010744093917310238,0.010708238929510117,0.2977153191324305,0.013616187769422706,0.25,21.268332719802856
839277350,Std-XY p=60,0,spsa,sequential,2,random_shared_stream,50,120,5,120,7.657078266143799,117,1.6455156803131104,0.15021435916423798,0.02246406301856041,0.022163204848766327,0.022564349696040154,0.28302060054109757,0.013472060523173781,0.25,21.605200052261353
839277350,Std-XY p=60,0,spsa,sequential,2,random_shared_stream,55,120,5,120,7.657078266143799,127,3.094437837600708,0.2824822664260864,0.07660436630249023,0.07944156229496002,0.07092997431755066,0.2701100939743187,0.01334299625175472,0.25,21.945175886154175
839277350,Std-XY p=60,0,spsa,sequential,2,random_shared_stream,60,120,5,120,7.657078266143799,137,4.962339401245117,0.4529975354671478,0.20520679652690887,0.20315471291542053,0.20315469801425934,0.2586566701846195,0.013226249755755135,0.25,22.286542177200317
839277350,Std-XY p=60,0,spsa,sequential,2,random_shared_stream,65,120,5,120,7.657078266143799,147,0.5615754127502441,0.05126458778977394,0.002581336535513401,0.0026017772033810616,0.002555056242272258,0.248410774386749,0.01311975565249048,0.13950137794017792,22.62896203994751
839277350,Std-XY p=60,0,spsa,sequential,2,random_shared_stream,70,120,5,120,7.657078266143799,157,0.3096727132797241,0.028269121423363686,0.0007982552051544189,0.0007671775529161096,0.0007849361863918602,0.23917837234468292,0.013021922119457682,0.07406701147556305,22.966556310653687
839277350,Std-XY p=60,0,spsa,sequential,2,random_shared_stream,75,120,5,120,7.657078266143799,167,0.48977169394493103,0.044709835201501846,0.0019967479165643454,0.0019967479165643454,0.0019789794459939003,0.23080608538960695,0.01293149713891721,0.11304227262735367,23.30307388305664
839277350,Std-XY p=60,0,spsa,sequential,2,random_shared_stream,80,120,5,120,7.657078266143799,177,3.1263740062713623,0.28539761900901794,0.08088614791631699,0.08063726127147675,0.08108977228403091,0.22317090427944752,0.012847478719003411,0.25,23.643738746643066
839277350,Std-XY p=60,0,spsa,sequential,2,random_shared_stream,85,120,5,120,7.657078266143799,187,0.6119749546051025,0.055865418165922165,0.0031070737168192863,0.003034251742064953,0.003117476822808385,0.2161729062076129,0.012769052840860788,0.13229240477085114,23.9900484085083
839277350,Std-XY p=60,0,spsa,sequential,2,random_shared_stream,90,120,5,120,7.657078266143799,197,1.525628924369812,0.13927023112773895,0.019309991970658302,0.01885741390287876,0.017650539055466652,0.20972999275034188,0.01269554947299621,0.25,24.333965063095093
839277350,Std-XY p=60,0,spsa,sequential,2,random_shared_stream,95,120,5,120,7.657078266143799,207,1.9338196516036987,0.1765327900648117,0.031025314703583717,0.031025314703583717,0.031025314703583717,0.2037740190083026,0.012626410699612943,0.25,24.674638986587524
839277350,Std-XY p=60,0,spsa,sequential,2,random_shared_stream,100,120,5,120,7.657078266143799,217,3.4527549743652344,0.31519198417663574,0.09835250675678253,0.09658635407686234,0.09923557937145233,0.19824789998612477,0.012561167176266359,0.25,25.019355297088623
839277350,Std-XY p=60,0,spsa,sequential,2,random_shared_stream,105,120,5,120,7.657078266143799,227,1.190801978111267,0.10870485752820969,0.01155086886137724,0.011698576621711254,0.01134407427161932,0.19310341597689806,0.01249942043693397,0.22994793951511383,25.35792326927185
839277350,Std-XY p=60,0,spsa,sequential,2,random_shared_stream,110,120,5,120,7.657078266143799,237,2.078969717025757,0.18978311121463776,0.03585754707455635,0.03597760200500488,0.03565744310617447,0.18829952616812187,0.012440829393713411,0.25,25.690930604934692
839277350,Std-XY p=60,0,spsa,sequential,2,random_shared_stream,115,120,5,120,7.657078266143799,247,0.11324146389961243,0.010337484069168568,0.00010496377944946289,0.0001049637867254205,0.0001049637867254205,0.18380105726711485,0.012385099893453082,0.020813899114727974,26.03156852722168
839277350,Std-XY p=60,0,spsa,sequential,2,random_shared_stream,120,120,5,120,7.657078266143799,257,2.764024019241333,0.25231972336769104,0.05968616157770157,0.06019902229309082,0.05913793668150902,0.17957767261030735,0.012331976538504544,0.25,26.372255086898804
839277350,Std-XY p=60,0,spsa,sequential,3,random_shared_stream,1,120,5,120,7.663253307342529,19,0.03369150683283806,0.0030755999032408,9.364720426674467e-06,9.448804121348076e-06,9.196554856316652e-06,1.0860796013853697,0.02,0.036591656506061554,27.087002754211426
839277350,Std-XY p=60,0,spsa,sequential,3,random_shared_stream,5,120,5,120,7.661661148071289,27,0.2982100248336792,0.027222728356719017,0.0007408709498122334,0.0007402533665299416,0.0007410768303088844,0.9241134778752991,0.016999416915812672,0.25,27.358851432800293
839277350,Std-XY p=60,0,spsa,sequential,3,random_shared_stream,10,120,5,120,7.656425476074219,37,0.6479093432426453,0.059145763516426086,0.003497249446809292,0.003494333941489458,0.0034982210490852594,0.7912561546798245,0.015850026609609436,0.25,27.701075077056885
839277350,Std-XY p=60,0,spsa,sequential,3,random_shared_stream,15,120,5,120,7.656425476074219,47,0.12136831134557724,0.011079361662268639,0.00012261584924999624,0.00012261584924999624,0.00012261584924999624,0.6994788203951905,0.015214047873475552,0.0848945677280426,28.046443700790405
839277350,Std-XY p=60,0,spsa,sequential,3,random_shared_stream,20,120,5,120,7.656425476074219,57,2.145474910736084,0.19585418701171875,0.03835885971784592,0.037676919251680374,0.03767692297697067,0.6314737007830012,0.014778350620464044,0.25,28.390050172805786
839277350,Std-XY p=60,0,spsa,sequential,3,random_shared_stream,25,120,5,120,7.656425476074219,67,1.3137344121932983,0.11992699652910233,0.014378488063812256,0.014126796275377274,0.014238658361136913,0.5786262301655226,0.014449008773880907,0.25,28.73210096359253
839277350,Std-XY p=60,0,spsa,sequential,3,random_shared_stream,30,120,5,120,7.656425476074219,77,0.9222336411476135,0.08418803662061691,0.007085655350238085,0.007087624166160822,0.007079749368131161,0.5361168808410803,0.014185372641231635,0.25,29.074947118759155
839277350,Std-XY p=60,0,spsa,sequential,3,random_shared_stream,35,120,5,120,7.656425476074219,87,2.6790237426757812,0.24456028640270233,0.05979311838746071,0.0595439150929451,0.05921163782477379,0.5010172103779803,0.013966227856027484,0.25,29.411539793014526
839277350,Std-XY p=60,0,spsa,sequential,3,random_shared_stream,40,120,5,120,7.656425476074219,97,1.09044349193573,0.09954341500997543,0.009908890351653099,0.00989788118749857,0.00989788118749857,0.47143469616977246,0.013779134410346052,0.25,29.750372886657715
839277350,Std-XY p=60,0,spsa,sequential,3,random_shared_stream,45,120,5,120,7.656425476074219,107,0.9726773500442505,0.08879288285970688,0.0077440133318305016,0.007875416427850723,0.0074549270793795586,0.44608630645938524,0.013616187769422706,0.25,30.090075492858887
839277350,Std-XY p=60,0,spsa,sequential,3,random_shared_stream,50,120,5,120,7.656425476074219,117,1.218627691268921,0.11124498397111893,0.012155437842011452,0.012361695058643818,0.011701672337949276,0.42406824988114145,0.013472060523173781,0.25,30.43378710746765
839277350,Std-XY p=60,0,spsa,sequential,3,random_shared_stream,55,120,5,120,7.656425476074219,127,2.414048910140991,0.2203715294599533,0.048226360231637955,0.04721461609005928,0.04856360703706741,0.40472359470626884,0.01334299625175472,0.25,30.774093866348267
839277350,Std-XY p=60,0,spsa,sequential,3,random_shared_stream,60,120,5,120,7.656425476074219,137,3.460604667663574,0.3159085810184479,0.09880023449659348,0.09436475485563278,0.09968732297420502,0.38756218181844804,0.013226249755755135,0.25,31.110321521759033
839277350,Std-XY p=60,0,spsa,sequential,3,random_shared_stream,65,120,5,120,7.656425476074219,147,0.8916328549385071,0.08139457553625107,0.0066085136495530605,0.006360073573887348,0.0065588257275521755,0.3722100869845013,0.01311975565249048,0.25,31.44847559928894
839277350,Std-XY p=60,0,spsa,sequential,3,random_shared_stream,70,120,5,120,7.656425476074219,157,2.628206491470337,0.23992136120796204,0.05756225064396858,0.05749829486012459,0.05749829486012459,0.35837657603620726,0.013021922119457682,0.25,31.763729095458984
839277350,Std-XY p=60,0,spsa,sequential,3,random_shared_stream,75,120,5,120,7.656425476074219,167,1.422458529472351,0.12985211610794067,0.016744472086429596,0.016393190249800682,0.01686156541109085,0.34583183169691234,0.01293149713891721,0.25,32.08074951171875
839277350,Std-XY p=60,0,spsa,sequential,3,random_shared_stream,80,120,5,120,7.656425476074219,177,0.19922274351119995,0.01818646676838398,0.0003307475126348436,0.00032486754935234785,0.00032486754935234785,0.33439154118547765,0.012847478719003411,0.06661839783191681,32.39057540893555
839277350,Std-XY p=60,0,spsa,sequential,3,random_shared_stream,85,120,5,120,7.656425476074219,187,3.769209146499634,0.3440801799297333,0.11786496639251709,0.11786495894193649,0.11365549266338348,0.32390598363482304,0.012769052840860788,0.25,32.70011281967163
839277350,Std-XY p=60,0,spsa,sequential,3,random_shared_stream,90,120,5,120,7.656425476074219,197,1.2073782682418823,0.11021805554628372,0.012094025500118732,0.011932053603231907,0.01214801799505949,0.31425214561477466,0.01269554947299621,0.25,33.00909900665283
839277350,Std-XY p=60,0,spsa,sequential,3,random_shared_stream,95,120,5,120,7.656425476074219,207,1.0795384645462036,0.09854793548583984,0.00970899686217308,0.009668530896306038,0.009700904600322247,0.3053279211721166,0.012626410699612943,0.25,33.31775784492493
839277350,Std-XY p=60,0,spsa,sequential,3,random_shared_stream,100,120,5,120,7.656425476074219,217,0.61274653673172,0.05593585595488548,0.0031070911791175604,0.003097530920058489,0.003114913124591112,0.29704777613006145,0.012561167176266359,0.18201498687267303,33.62615776062012
839277350,Std-XY p=60,0,spsa,sequential,3,random_shared_stream,105,120,5,120,7.656425476074219,227,0.6487874984741211,0.05922592803835869,0.0034989407286047935,0.0035038127098232508,0.003492120187729597,0.2893394597525139,0.01249942043693397,0.18771983683109283,34.10012626647949
839277350,Std-XY p=60,0,spsa,sequential,3,random_shared_stream,110,120,5,120,7.654080867767334,237,3.482583999633789,0.3179149925708771,0.10005923360586166,0.10005922615528107,0.09197363257408142,0.2821414779097266,0.012440829393713411,0.25,34.40927720069885
839277350,Std-XY p=60,0,spsa,sequential,3,random_shared_stream,115,120,5,120,7.654080867767334,247,1.55817711353302,0.1422414630651474,0.01928282529115677,0.0200303103774786,0.01798456348478794,0.27540112816010553,0.012385099893453082,0.25,34.717634201049805
839277350,Std-XY p=60,0,spsa,sequential,3,random_shared_stream,120,120,5,120,7.654080867767334,257,1.6256722211837769,0.14840289950370789,0.021925536915659904,0.021631890907883644,0.020457308739423752,0.2690729550993352,0.012331976538504544,0.25,35.02694225311279
839277350,Std-XY p=60,0,spsa,sequential,4,continuation,1,120,5,120,0.06398189067840576,19,224.7371063232422,20.51559829711914,419.0190734863281,420.88970947265625,413.4072570800781,0.002766500046698619,0.02,0.25,35.70064568519592
839277350,Std-XY p=60,0,spsa,sequential,4,continuation,5,120,5,120,0.06398189067840576,27,71.1824722290039,6.49804162979126,42.03687286376953,41.0516357421875,42.1776237487793,0.0023539342571536823,0.016999416915812672,0.16755886375904083,35.948615074157715
839277350,Std-XY p=60,0,spsa,sequential,4,continuation,10,120,5,120,0.06398189067840576,37,809.0508422851562,73.85591125488281,5416.814453125,5236.5068359375,5448.63330078125,0.0020155154245416907,0.015850026609609436,0.25,36.26301336288452
839277350,Std-XY p=60,0,spsa,sequential,4,continuation,15,120,5,120,0.06398189067840576,47,1001.5962524414062,91.43281555175781,8322.802734375,8322.802734375,8025.560546875,0.0017817369802541404,0.015214047873475552,0.25,36.57282042503357
839277350,Std-XY p=60,0,spsa,sequential,4,continuation,20,120,5,120,0.06398189067840576,57,702.1515502929688,64.09737396240234,4107.33154296875,4090.21337890625,4067.38818359375,0.0016085119548113586,0.014778350620464044,0.25,36.88784456253052
839277350,Std-XY p=60,0,spsa,sequential,4,continuation,25,120,5,120,0.06398189067840576,67,715.9183959960938,65.35411071777344,4271.15966796875,4228.44775390625,4228.44775390625,0.0014738970244281095,0.014449008773880907,0.25,37.20330786705017
839277350,Std-XY p=60,0,spsa,sequential,4,continuation,30,120,5,120,0.06398189067840576,77,151.0682830810547,13.790584564208984,190.1273956298828,184.89743041992188,186.79925537109375,0.0013656157191341077,0.014185372641231635,0.2063012272119522,37.51885724067688
839277350,Std-XY p=60,0,spsa,sequential,4,continuation,35,120,5,120,0.06398189067840576,87,30.162111282348633,2.7534115314483643,7.56232213973999,7.547581195831299,7.572851181030273,0.0012762086076743117,0.013966227856027484,0.03849314525723457,37.832239627838135
839277350,Std-XY p=60,0,spsa,sequential,4,continuation,40,120,5,120,0.06398189067840576,97,314.3796081542969,28.698801040649414,817.9015502929688,819.9606323242188,815.3849487304688,0.0012008549900996174,0.013779134410346052,0.25,38.145118713378906
839277350,Std-XY p=60,0,spsa,sequential,4,continuation,45,120,5,120,0.06398189067840576,107,323.07598876953125,29.4926700592041,869.8175659179688,868.8511352539062,868.8510131835938,0.001136286682925751,0.013616187769422706,0.25,38.45988059043884
839277350,Std-XY p=60,0,spsa,sequential,4,continuation,50,120,5,120,0.06398189067840576,117,134.62657165527344,12.289669036865234,150.3646697998047,148.35084533691406,151.03591918945312,0.0010802015170923943,0.013472060523173781,0.14542382955551147,38.774916887283325
839277350,Std-XY p=60,0,spsa,sequential,4,continuation,55,120,5,120,0.06398189067840576,127,207.2823028564453,18.92220115661621,329.3061828613281,338.5558166503906,318.2663269042969,0.0010309261330630937,0.01334299625175472,0.21369275450706482,39.09193754196167
839277350,Std-XY p=60,0,spsa,sequential,4,continuation,60,120,5,120,0.06398189067840576,137,89.7729263305664,8.195109367370605,65.64871978759766,65.96586608886719,65.29427337646484,0.0009872119803481269,0.013226249755755135,0.08862490206956863,39.41056275367737
839277350,Std-XY p=60,0,spsa,sequential,4,continuation,65,120,5,120,0.06398189067840576,147,10.067946434020996,0.9190735220909119,0.8362491726875305,0.8409419655799866,0.8296793699264526,0.0009481065860281711,0.01311975565249048,0.009545485489070415,39.72918629646301
839277350,Std-XY p=60,0,spsa,sequential,4,continuation,70,120,5,120,0.06398189067840576,157,39.57512664794922,3.612698554992676,13.018959999084473,12.99358081817627,13.037087440490723,0.000912869381834625,0.013021922119457682,0.03612692281603813,40.04660677909851
839277350,Std-XY p=60,0,spsa,sequential,4,continuation,75,120,5,120,0.06398189067840576,167,66.04202270507812,6.028784275054932,36.30585479736328,36.30585479736328,36.30585479736328,0.0008809149691412894,0.01293149713891721,0.0581774078309536,40.36316752433777
839277350,Std-XY p=60,0,spsa,sequential,4,continuation,80,120,5,120,0.06398189067840576,177,182.83627319335938,16.690593719482422,278.57586669921875,270.8376159667969,270.8376159667969,0.0008517738599686665,0.012847478719003411,0.15573514997959137,40.67840051651001
839277350,Std-XY p=60,0,spsa,sequential,4,continuation,85,120,5,120,0.06398189067840576,187,60.805397033691406,5.550747871398926,30.391435623168945,30.502695083618164,30.2630558013916,0.0008250646800737997,0.012769052840860788,0.05016838759183884,40.994195222854614
839277350,Std-XY p=60,0,spsa,sequential,4,continuation,90,120,5,120,0.06398189067840576,197,21.91281509399414,2.0003573894500732,3.9969825744628906,3.9302923679351807,3.9836442470550537,0.000800474085333582,0.01269554947299621,0.017540639266371727,41.337419271469116
839277350,Std-XY p=60,0,spsa,sequential,4,continuation,95,120,5,120,0.06398189067840576,207,185.50314331054688,16.93404197692871,286.76177978515625,281.6637878417969,281.6637878417969,0.0007777419878833859,0.012626410699612943,0.144273579120636,41.6551833152771
839277350,Std-XY p=60,0,spsa,sequential,4,continuation,100,120,5,120,0.06398189067840576,217,54.641937255859375,4.98810338973999,24.818971633911133,24.770591735839844,24.85352897644043,0.0007566505120686321,0.012561167176266359,0.04134485125541687,41.9716272354126
839277350,Std-XY p=60,0,spsa,sequential,4,continuation,105,120,5,120,0.06398189067840576,227,124.7103271484375,11.384443283081055,128.70550537109375,127.30144500732422,117.94104766845703,0.0007370156182806892,0.01249942043693397,0.09191345423460007,42.28658056259155
839277350,Std-XY p=60,0,spsa,sequential,4,continuation,110,120,5,120,0.06398189067840576,237,42.7304573059082,3.9007396697998047,15.177729606628418,15.063611030578613,15.215768814086914,0.0007186806665158221,0.012440829393713411,0.030709555372595787,42.602484703063965
839277350,Std-XY p=60,0,spsa,sequential,4,continuation,115,120,5,120,0.06398189067840576,247,59.20208740234375,5.404386520385742,29.07758140563965,29.174938201904297,28.91531753540039,0.0007015114112666618,0.012385099893453082,0.04153093695640564,42.92141246795654
839277350,Std-XY p=60,0,spsa,sequential,4,continuation,120,120,5,120,0.06398189067840576,257,455.0446472167969,41.53970718383789,1713.5640869140625,1694.8707275390625,1723.629638671875,0.0006853920669333305,0.012331976538504544,0.25,43.23858594894409
839277350,Std-XY p=72,0,spsa,sequential,0,deterministic_linear_ramp,1,120,5,144,10.984594345092773,19,19.384002685546875,1.6153335571289062,2.6072890758514404,2.6072893142700195,2.6072893142700195,0.003041059712049195,0.02,0.05894790589809418,0.7477865219116211
839277350,Std-XY p=72,0,spsa,sequential,0,deterministic_linear_ramp,5,120,5,144,10.09417724609375,27,156.76959228515625,13.064130783081055,165.10760498046875,168.5644989013672,160.00457763671875,0.00258754907406743,0.016999416915812672,0.25,1.049802541732788
839277350,Std-XY p=72,0,spsa,sequential,0,deterministic_linear_ramp,10,120,5,144,8.192829132080078,37,70.78105163574219,5.898420810699463,33.97929763793945,33.4759521484375,34.36184310913086,0.0022155440640248027,0.015850026609609436,0.15681853890419006,1.4283552169799805
839277350,Std-XY p=72,0,spsa,sequential,0,deterministic_linear_ramp,15,120,5,144,7.8307695388793945,47,4.108546733856201,0.3423788845539093,0.11340178549289703,0.10627884417772293,0.116861492395401,0.0019585644159251054,0.015214047873475552,0.008046853356063366,1.8074259757995605
839277350,Std-XY p=72,0,spsa,sequential,0,deterministic_linear_ramp,20,120,5,144,7.687674522399902,57,0.5337429046630859,0.04447857663035393,0.0019779622089117765,0.0019768173806369305,0.0019783438183367252,0.0017681477750067806,0.014778350620464044,0.0009437364060431719,2.184171199798584
839277350,Std-XY p=72,0,spsa,sequential,0,deterministic_linear_ramp,25,120,5,144,7.687674522399902,67,15.185253143310547,1.2654377222061157,1.5763118267059326,1.581563115119934,1.5704426765441895,0.00162017306525851,0.014449008773880907,0.0246027372777462,2.5626511573791504
839277350,Std-XY p=72,0,spsa,sequential,0,deterministic_linear_ramp,30,120,5,144,7.673487186431885,77,42.79925537109375,3.5666041374206543,12.698582649230957,12.710851669311523,12.563621520996094,0.0015011454456889226,0.014185372641231635,0.06424790620803833,2.939164876937866
839277350,Std-XY p=72,0,spsa,sequential,0,deterministic_linear_ramp,35,120,5,144,7.652229309082031,87,4.560436248779297,0.3800363540649414,0.14442762732505798,0.14264456927776337,0.14264456927776337,0.0014028651781879198,0.013966227856027484,0.006397676654160023,3.3192217350006104
839277350,Std-XY p=72,0,spsa,sequential,0,deterministic_linear_ramp,40,120,5,144,7.648782253265381,97,4.792826175689697,0.3994022011756897,0.15755268931388855,0.1590297669172287,0.15509091317653656,0.001320033135283375,0.013779134410346052,0.006326689384877682,3.6981868743896484
839277350,Std-XY p=72,0,spsa,sequential,0,deterministic_linear_ramp,45,120,5,144,7.6439642906188965,107,0.7347869277000427,0.061232250183820724,0.0037378156557679176,0.0037378158885985613,0.0036452384665608406,0.0012490567845488132,0.013616187769422706,0.0009177906322292984,4.077239274978638
839277350,Std-XY p=72,0,spsa,sequential,0,deterministic_linear_ramp,50,120,5,144,7.614752292633057,117,5.520270824432373,0.46002259850502014,0.21096764504909515,0.21162079274654388,0.20900818705558777,0.00118740547951343,0.013472060523173781,0.0065548000857234,4.458150386810303
839277350,Std-XY p=72,0,spsa,sequential,0,deterministic_linear_ramp,55,120,5,144,7.577702045440674,127,28.35636329650879,2.363030433654785,5.583911418914795,5.514974594116211,5.514974594116211,0.0011332397890605852,0.01334299625175472,0.032134559005498886,4.837891101837158
839277350,Std-XY p=72,0,spsa,sequential,0,deterministic_linear_ramp,60,120,5,144,7.577702045440674,137,8.14249038696289,0.6785408854484558,0.4603289067745209,0.45153623819351196,0.44762834906578064,0.001085187251043645,0.013226249755755135,0.008836127817630768,5.218604326248169
839277350,Std-XY p=72,0,spsa,sequential,0,deterministic_linear_ramp,65,120,5,144,7.577702045440674,147,27.113494873046875,2.25945782661438,5.042123317718506,5.08939266204834,4.9633402824401855,0.0010422008649302128,0.01311975565249048,0.02825770527124405,5.597965478897095
839277350,Std-XY p=72,0,spsa,sequential,0,deterministic_linear_ramp,70,120,5,144,7.577702045440674,157,12.194903373718262,1.0162419080734253,1.0325483083724976,1.0295602083206177,1.025575876235962,0.0010034665651906844,0.013021922119457682,0.012237178161740303,5.978050947189331
839277350,Std-XY p=72,0,spsa,sequential,0,deterministic_linear_ramp,75,120,5,144,7.5688042640686035,167,10.909125328063965,0.9090936779975891,0.8207122087478638,0.820712149143219,0.820712149143219,0.0009683408556574928,0.01293149713891721,0.010563750751316547,6.35623836517334
839277350,Std-XY p=72,0,spsa,sequential,0,deterministic_linear_ramp,80,120,5,144,7.5688042640686035,177,14.70208740234375,1.2251739501953125,1.50076162815094,1.4998929500579834,1.5010511875152588,0.0009363076542935368,0.012847478719003411,0.013765675947070122,6.736404657363892
839277350,Std-XY p=72,0,spsa,sequential,0,deterministic_linear_ramp,85,120,5,144,7.5688042640686035,187,17.37713050842285,1.4480942487716675,2.093336343765259,2.017693281173706,2.0710883140563965,0.000906947737594066,0.012769052840860788,0.0157601498067379,7.1108787059783936
839277350,Std-XY p=72,0,spsa,sequential,0,deterministic_linear_ramp,90,120,5,144,7.542688369750977,197,23.812732696533203,1.9843945503234863,3.8892059326171875,3.910475015640259,3.8618595600128174,0.0008799166637832974,0.01269554947299621,0.020953219383955002,7.487540006637573
839277350,Std-XY p=72,0,spsa,sequential,0,deterministic_linear_ramp,95,120,5,144,7.542688369750977,207,30.44083023071289,2.536736011505127,6.403995990753174,6.390340805053711,6.415167331695557,0.0008549285327298882,0.012626410699612943,0.02602473460137844,7.8646180629730225
839277350,Std-XY p=72,0,spsa,sequential,0,deterministic_linear_ramp,100,120,5,144,7.5236687660217285,217,21.9649658203125,1.830413818359375,3.34976863861084,3.327147960662842,3.309051752090454,0.0008317438458384317,0.012561167176266359,0.01826922409236431,8.244220495223999
839277350,Std-XY p=72,0,spsa,sequential,0,deterministic_linear_ramp,105,120,5,144,7.514123916625977,227,7.928834915161133,0.6607363224029541,0.4223400354385376,0.4311826229095459,0.40928664803504944,0.0008101602985978908,0.01249942043693397,0.006423627492040396,8.624077081680298
839277350,Std-XY p=72,0,spsa,sequential,0,deterministic_linear_ramp,110,120,5,144,7.514123916625977,237,41.41261291503906,3.4510512351989746,11.827047348022461,11.87299633026123,11.32161808013916,0.000790005705359752,0.012440829393713411,0.03271620348095894,9.003578186035156
839277350,Std-XY p=72,0,spsa,sequential,0,deterministic_linear_ramp,115,120,5,144,7.514123916625977,247,20.91567611694336,1.74297297000885,3.028578519821167,3.0168581008911133,3.0356109142303467,0.0007711324975004505,0.012385099893453082,0.01612875610589981,9.384602546691895
839277350,Std-XY p=72,0,spsa,sequential,0,deterministic_linear_ramp,120,120,5,144,7.514123916625977,257,33.809181213378906,2.817431688308716,7.899641036987305,7.882796287536621,7.545925617218018,0.0007534133983465429,0.012331976538504544,0.02547229267656803,9.76152515411377
839277350,Std-XY p=72,0,spsa,sequential,1,random_shared_stream,1,120,5,144,7.660750865936279,19,3.6583900451660156,0.30486583709716797,0.09292525053024292,0.09036142379045486,0.09115029126405716,0.519313946109916,0.02,0.25,10.581692934036255
839277350,Std-XY p=72,0,spsa,sequential,1,random_shared_stream,5,120,5,144,7.658073902130127,27,2.6510813236236572,0.22092345356941223,0.047865673899650574,0.04865652695298195,0.04639693722128868,0.44186910078840264,0.016999416915812672,0.25,10.885910034179688
839277350,Std-XY p=72,0,spsa,sequential,1,random_shared_stream,10,120,5,144,7.658073902130127,37,2.8550615310668945,0.2379217892885208,0.05659586191177368,0.05446655675768852,0.05381138250231743,0.37834276193604327,0.015850026609609436,0.25,11.266655206680298
839277350,Std-XY p=72,0,spsa,sequential,1,random_shared_stream,15,120,5,144,7.658073902130127,47,0.2937362492084503,0.024478022009134293,0.0005962839932180941,0.0005950126214884222,0.0005695847212336957,0.3344590083235024,0.015214047873475552,0.09824273735284805,11.644965171813965
839277350,Std-XY p=72,0,spsa,sequential,1,random_shared_stream,20,120,5,144,7.658073902130127,57,4.326086521148682,0.36050716042518616,0.1295643299818039,0.127458393573761,0.1298651546239853,0.3019420482623477,0.014778350620464044,0.25,12.024399757385254
839277350,Std-XY p=72,0,spsa,sequential,1,random_shared_stream,25,120,5,144,7.658073902130127,67,1.185673475265503,0.09880612045526505,0.009745699353516102,0.00969485379755497,0.009762649424374104,0.27667278763607006,0.014449008773880907,0.25,12.4020676612854
839277350,Std-XY p=72,0,spsa,sequential,1,random_shared_stream,30,120,5,144,7.658073902130127,77,0.727086067199707,0.060590505599975586,0.003600391559302807,0.003489915281534195,0.0036598783917725086,0.25634674715424727,0.014185372641231635,0.1863861382007599,12.781392097473145
839277350,Std-XY p=72,0,spsa,sequential,1,random_shared_stream,35,120,5,144,7.657520294189453,87,0.5617067813873291,0.04680889844894409,0.0021805064752697945,0.002175857312977314,0.0021843104623258114,0.23956367862768682,0.013966227856027484,0.13456453382968903,13.161014080047607
839277350,Std-XY p=72,0,spsa,sequential,1,random_shared_stream,40,120,5,144,7.657520294189453,97,0.9480589032173157,0.0790049135684967,0.006068392191082239,0.006005782168358564,0.006121370941400528,0.2254186636861291,0.013779134410346052,0.21371017396450043,13.544301271438599
839277350,Std-XY p=72,0,spsa,sequential,1,random_shared_stream,45,120,5,144,7.657520294189453,107,2.035214900970459,0.1696012318134308,0.028315134346485138,0.027344105765223503,0.028742386028170586,0.2132982148062847,0.013616187769422706,0.25,13.92153263092041
839277350,Std-XY p=72,0,spsa,sequential,1,random_shared_stream,50,120,5,144,7.657520294189453,117,1.1406238079071045,0.09505198895931244,0.009019194170832634,0.008972138166427612,0.008783912286162376,0.2027701799985837,0.013472060523173781,0.231284499168396,14.302650690078735
839277350,Std-XY p=72,0,spsa,sequential,1,random_shared_stream,55,120,5,144,7.657520294189453,127,2.541107177734375,0.21175892651081085,0.04480724036693573,0.044530440121889114,0.04480724036693573,0.19352044434183774,0.01334299625175472,0.25,14.681335926055908
839277350,Std-XY p=72,0,spsa,sequential,1,random_shared_stream,60,120,5,144,7.657520294189453,137,0.5410012602806091,0.045083437114953995,0.0020321242045611143,0.0020325162913650274,0.002030947944149375,0.1853146360049279,0.013226249755755135,0.10025545209646225,15.061100482940674
839277350,Std-XY p=72,0,spsa,sequential,1,random_shared_stream,65,120,5,144,7.6562676429748535,147,3.0453455448150635,0.2537787854671478,0.062304094433784485,0.06122324988245964,0.06316132098436356,0.177973961399585,0.01311975565249048,0.25,15.442271947860718
839277350,Std-XY p=72,0,spsa,sequential,1,random_shared_stream,70,120,5,144,7.6562676429748535,157,0.12303659319877625,0.010253049433231354,0.00010348243813496083,8.922648703446612e-05,0.00010309714707545936,0.17135940464891064,0.013021922119457682,0.02108347788453102,15.8217453956604
839277350,Std-XY p=72,0,spsa,sequential,1,random_shared_stream,75,120,5,144,7.6562676429748535,167,2.5885610580444336,0.21571341156959534,0.04630787670612335,0.046496372669935226,0.04595780745148659,0.16536107756729582,0.01293149713891721,0.25,16.199384212493896
839277350,Std-XY p=72,0,spsa,sequential,1,random_shared_stream,80,120,5,144,7.6562676429748535,177,1.4831247329711914,0.12359372526407242,0.015036731958389282,0.01516933087259531,0.014851093292236328,0.15989085015251087,0.012847478719003411,0.23713809251785278,16.578460931777954
839277350,Std-XY p=72,0,spsa,sequential,1,random_shared_stream,85,120,5,144,7.6562676429748535,187,1.1684683561325073,0.0973723754286766,0.009298481047153473,0.009122899733483791,0.00941553432494402,0.15487713268479744,0.012769052840860788,0.1809690296649933,16.953590393066406
839277350,Std-XY p=72,0,spsa,sequential,1,random_shared_stream,90,120,5,144,7.6562676429748535,197,2.4302432537078857,0.20252026617527008,0.04098280891776085,0.04098280891776085,0.04072963818907738,0.1502611057279313,0.01269554947299621,0.25,17.331188201904297
839277350,Std-XY p=72,0,spsa,sequential,1,random_shared_stream,95,120,5,144,7.6562676429748535,207,1.807511329650879,0.15062594413757324,0.022670669481158257,0.022670671343803406,0.02253061719238758,0.14599394685175343,0.012626410699612943,0.25,17.710392951965332
839277350,Std-XY p=72,0,spsa,sequential,1,random_shared_stream,100,120,5,144,7.6562676429748535,217,1.4344784021377563,0.11953987181186676,0.014264971017837524,0.014190544374287128,0.014289779588580132,0.14203475749706235,0.012561167176266359,0.2037457674741745,18.086861848831177
839277350,Std-XY p=72,0,spsa,sequential,1,random_shared_stream,105,120,5,144,7.6562676429748535,227,3.6760129928588867,0.30633440613746643,0.0938226580619812,0.09268223494291306,0.09318909049034119,0.1383489906427896,0.01249942043693397,0.25,18.466122150421143
839277350,Std-XY p=72,0,spsa,sequential,1,random_shared_stream,110,120,5,144,7.6555256843566895,237,6.410885810852051,0.5342405438423157,0.28535786271095276,0.28343087434768677,0.28453198075294495,0.13490724258856107,0.012440829393713411,0.25,18.847830533981323
839277350,Std-XY p=72,0,spsa,sequential,1,random_shared_stream,115,120,5,144,7.6555256843566895,247,5.8088579177856445,0.4840714633464813,0.22980502247810364,0.2278161644935608,0.23143227398395538,0.13168431342004364,0.012385099893453082,0.25,19.226839542388916
839277350,Std-XY p=72,0,spsa,sequential,1,random_shared_stream,120,120,5,144,7.6555256843566895,257,2.0091230869293213,0.1674269288778305,0.02801015041768551,0.02801014669239521,0.027837110683321953,0.1286584684270402,0.012331976538504544,0.25,19.605735063552856
839277350,Std-XY p=72,0,spsa,sequential,2,random_shared_stream,1,120,5,144,7.66166353225708,19,2.2696495056152344,0.18913745880126953,0.035766080021858215,0.03577297925949097,0.035745374858379364,0.7033882274023142,0.02,0.25,20.42464327812195
839277350,Std-XY p=72,0,spsa,sequential,2,random_shared_stream,5,120,5,144,7.659480094909668,27,2.038632869720459,0.16988608241081238,0.028811173513531685,0.02830454334616661,0.02743603102862835,0.59849254169967,0.016999416915812672,0.25,20.730908632278442
839277350,Std-XY p=72,0,spsa,sequential,2,random_shared_stream,10,120,5,144,7.659480094909668,37,1.0409773588180542,0.08674810826778412,0.007316200993955135,0.007153618615120649,0.007432331796735525,0.5124488696330195,0.015850026609609436,0.25,21.10537362098694
839277350,Std-XY p=72,0,spsa,sequential,2,random_shared_stream,15,120,5,144,7.659480094909668,47,1.6849404573440552,0.14041170477867126,0.01971164345741272,0.01970023475587368,0.0197154488414526,0.45301022775462135,0.015214047873475552,0.25,21.48051929473877
839277350,Std-XY p=72,0,spsa,sequential,2,random_shared_stream,20,120,5,144,7.659106731414795,57,2.3860652446746826,0.19883877038955688,0.039506345987319946,0.039506345987319946,0.039506349712610245,0.40896741498354583,0.014778350620464044,0.25,21.8562912940979
839277350,Std-XY p=72,0,spsa,sequential,2,random_shared_stream,25,120,5,144,7.658340930938721,67,1.4876359701156616,0.1239696592092514,0.015368480235338211,0.015261752530932426,0.015261752530932426,0.37474129690443975,0.014449008773880907,0.25,22.23625349998474
839277350,Std-XY p=72,0,spsa,sequential,2,random_shared_stream,30,120,5,144,7.6567888259887695,77,4.089229106903076,0.34076908230781555,0.11341312527656555,0.11603396385908127,0.10716340690851212,0.34721055621913,0.014185372641231635,0.25,22.616992950439453
839277350,Std-XY p=72,0,spsa,sequential,2,random_shared_stream,35,120,5,144,7.6567888259887695,87,0.2960125207901001,0.024667710065841675,0.0006009836215525866,0.0005915932706557214,0.0006066177738830447,0.3244786174570419,0.013966227856027484,0.0960497334599495,22.997660160064697
839277350,Std-XY p=72,0,spsa,sequential,2,random_shared_stream,40,120,5,144,7.6567888259887695,97,2.391948938369751,0.19932909309864044,0.039732079952955246,0.039456166326999664,0.039456166326999664,0.3053198079144696,0.013779134410346052,0.25,23.378966569900513
839277350,Std-XY p=72,0,spsa,sequential,2,random_shared_stream,45,120,5,144,7.6567888259887695,107,0.29836931824684143,0.024864111095666885,0.0006139306933619082,0.0006105915526859462,0.0005705214571207762,0.28890318533620807,0.013616187769422706,0.08619984239339828,23.758323907852173
839277350,Std-XY p=72,0,spsa,sequential,2,random_shared_stream,50,120,5,144,7.6567888259887695,117,5.114437580108643,0.4262031614780426,0.17881084978580475,0.18038766086101532,0.176603302359581,0.27464341858645996,0.013472060523173781,0.25,24.132941961288452
839277350,Std-XY p=72,0,spsa,sequential,2,random_shared_stream,55,120,5,144,7.6567888259887695,127,0.5296206474304199,0.04413505271077156,0.0019418911542743444,0.0019479031907394528,0.001923855161294341,0.2621150526215655,0.01334299625175472,0.1388215571641922,24.507302045822144
839277350,Std-XY p=72,0,spsa,sequential,2,random_shared_stream,60,120,5,144,7.6567888259887695,137,0.28337132930755615,0.023614278063178062,0.0005576340481638908,0.0005537616088986397,0.0005537615506909788,0.2510006409564482,0.013226249755755135,0.07112637907266617,24.881205081939697
839277350,Std-XY p=72,0,spsa,sequential,2,random_shared_stream,65,120,5,144,7.6567888259887695,147,3.949680805206299,0.3291400969028473,0.10833319276571274,0.10799882560968399,0.10799882560968399,0.24105801542661798,0.01311975565249048,0.25,25.26272225379944
839277350,Std-XY p=72,0,spsa,sequential,2,random_shared_stream,70,120,5,144,7.6567888259887695,157,0.4011871814727783,0.033432263880968094,0.0011039173696190119,0.0011099543189629912,0.001096155378036201,0.2320988850532463,0.013021922119457682,0.09311509877443314,25.64995551109314
839277350,Std-XY p=72,0,spsa,sequential,2,random_shared_stream,75,120,5,144,7.6567888259887695,167,2.075052499771118,0.17292101681232452,0.02943446859717369,0.029809392988681793,0.028771139681339264,0.22397441105265145,0.01293149713891721,0.25,26.031795978546143
839277350,Std-XY p=72,0,spsa,sequential,2,random_shared_stream,80,120,5,144,7.6567888259887695,177,1.2731267213821411,0.10609390586614609,0.011116953566670418,0.011116953566670418,0.011116954497992992,0.21656522515730722,0.012847478719003411,0.25,26.407246589660645
839277350,Std-XY p=72,0,spsa,sequential,2,random_shared_stream,85,120,5,144,7.6567888259887695,187,0.763145387172699,0.06359545141458511,0.004041260574012995,0.00403189891949296,0.003994450904428959,0.2097743621952628,0.012769052840860788,0.16008834540843964,26.781667470932007
839277350,Std-XY p=72,0,spsa,sequential,2,random_shared_stream,90,120,5,144,7.6567888259887695,197,1.6088192462921143,0.13406828045845032,0.01775239408016205,0.017627574503421783,0.017849477007985115,0.20352215379001395,0.01269554947299621,0.25,27.164206981658936
839277350,Std-XY p=72,0,spsa,sequential,2,random_shared_stream,95,120,5,144,7.654782772064209,207,2.187276840209961,0.18227307498455048,0.033217065036296844,0.033197835087776184,0.0332234688103199,0.19774247207639495,0.012626410699612943,0.25,27.547905921936035
839277350,Std-XY p=72,0,spsa,sequential,2,random_shared_stream,100,120,5,144,7.654782772064209,217,1.6171475648880005,0.13476231694221497,0.018073294311761856,0.018034761771559715,0.018104827031493187,0.192379921728947,0.012561167176266359,0.25,27.93076729774475
839277350,Std-XY p=72,0,spsa,sequential,2,random_shared_stream,105,120,5,144,7.654782772064209,227,0.27444207668304443,0.022870173677802086,0.0005226412322372198,0.0005230448441579938,0.0005214304546825588,0.18738771030526927,0.01249942043693397,0.05142706632614136,28.31077265739441
839277350,Std-XY p=72,0,spsa,sequential,2,random_shared_stream,110,120,5,144,7.654782772064209,237,1.0348669290542603,0.08623891323804855,0.007431410253047943,0.007437149528414011,0.007414195220917463,0.18272601176787473,0.012440829393713411,0.18909712135791779,28.688557863235474
839277350,Std-XY p=72,0,spsa,sequential,2,random_shared_stream,115,120,5,144,7.654782772064209,247,1.3347482681274414,0.11122902482748032,0.012333709746599197,0.012333709746599197,0.012333709746599197,0.17836069392523224,0.012385099893453082,0.238066628575325,29.069312810897827
839277350,Std-XY p=72,0,spsa,sequential,2,random_shared_stream,120,120,5,144,7.654782772064209,257,0.4855767488479614,0.04046472907066345,0.0016345514450222254,0.0016171794850379229,0.0015754866180941463,0.1742623180545939,0.012331976538504544,0.0846177265048027,29.451870918273926
839277350,Std-XY p=72,0,spsa,sequential,3,random_shared_stream,1,120,5,144,7.661486625671387,19,0.1906871795654297,0.01589059829711914,0.0002493936917744577,0.00024296400079037994,0.00025231626932509243,0.5205546471400425,0.02,0.09926310181617737,30.274744272232056
839277350,Std-XY p=72,0,spsa,sequential,3,random_shared_stream,5,120,5,144,7.661486625671387,27,4.6286211013793945,0.3857184052467346,0.14866390824317932,0.14831949770450592,0.14877869188785553,0.442924777133388,0.016999416915812672,0.25,30.57992434501648
839277350,Std-XY p=72,0,spsa,sequential,3,random_shared_stream,10,120,5,144,7.661486625671387,37,0.44404444098472595,0.03700370341539383,0.0013690099585801363,0.0013597651850432158,0.0013523694360628724,0.3792466665162904,0.015850026609609436,0.16840237379074097,30.95873260498047
839277350,Std-XY p=72,0,spsa,sequential,3,random_shared_stream,15,120,5,144,7.661486625671387,47,0.009026465937495232,0.0007522054947912693,5.588278213508602e-07,5.618837803922361e-07,5.548985200221068e-07,0.3352580695450823,0.015214047873475552,0.003026195801794529,31.341450452804565
839277350,Std-XY p=72,0,spsa,sequential,3,random_shared_stream,20,120,5,144,7.661486625671387,57,0.4965726137161255,0.041381049901247025,0.0017004996770992875,0.0017071061301976442,0.0016278285766020417,0.3026634227086221,0.014778350620464044,0.15029436349868774,31.720706462860107
839277350,Std-XY p=72,0,spsa,sequential,3,random_shared_stream,25,120,5,144,7.659931659698486,67,1.2712130546569824,0.10593441873788834,0.011116026900708675,0.011005625128746033,0.01118746493011713,0.27733379089854626,0.014449008773880907,0.25,32.10298562049866
839277350,Std-XY p=72,0,spsa,sequential,3,random_shared_stream,30,120,5,144,7.659931659698486,77,4.896183490753174,0.40801534056663513,0.1656736582517624,0.16596266627311707,0.16018223762512207,0.256959189157098,0.014185372641231635,0.25,32.482260942459106
839277350,Std-XY p=72,0,spsa,sequential,3,random_shared_stream,35,120,5,144,7.659921646118164,87,0.9720272421836853,0.08100227266550064,0.006556306034326553,0.006515803746879101,0.006556306034326553,0.24013602394034544,0.013966227856027484,0.2334187775850296,32.8626823425293
839277350,Std-XY p=72,0,spsa,sequential,3,random_shared_stream,40,120,5,144,7.659635066986084,97,3.9147398471832275,0.3262283205986023,0.10591167956590652,0.09648863971233368,0.10346867889165878,0.22595721492346854,0.013779134410346052,0.25,33.2441143989563
839277350,Std-XY p=72,0,spsa,sequential,3,random_shared_stream,45,120,5,144,7.659635066986084,107,0.356782466173172,0.0297318734228611,0.0008838137146085501,0.0008833022438921034,0.0008812558371573687,0.21380780889058892,0.013616187769422706,0.07628287374973297,33.62741827964783
839277350,Std-XY p=72,0,spsa,sequential,3,random_shared_stream,50,120,5,144,7.659635066986084,117,1.3049960136413574,0.10874966531991959,0.01182649191468954,0.011744361370801926,0.011744361370801926,0.20325462139109338,0.013472060523173781,0.25,34.00944256782532
839277350,Std-XY p=72,0,spsa,sequential,3,random_shared_stream,55,120,5,144,7.658644199371338,127,4.446025848388672,0.37050214409828186,0.13660985231399536,0.13716593384742737,0.13345874845981598,0.19398278704694707,0.01334299625175472,0.25,34.39131021499634
839277350,Std-XY p=72,0,spsa,sequential,3,random_shared_stream,60,120,5,144,7.658644199371338,137,1.069888949394226,0.08915740996599197,0.007795706391334534,0.007556498982012272,0.007924510166049004,0.1857573740856421,0.013226249755755135,0.19873975217342377,34.77295899391174
839277350,Std-XY p=72,0,spsa,sequential,3,random_shared_stream,65,120,5,144,7.658644199371338,147,2.422973871231079,0.20191450417041779,0.040132440626621246,0.03696305677294731,0.04064363241195679,0.17839916176036527,0.01311975565249048,0.25,35.15419816970825
839277350,Std-XY p=72,0,spsa,sequential,3,random_shared_stream,70,120,5,144,7.658644199371338,157,1.4878638982772827,0.12398865818977356,0.015370221808552742,0.01526642870157957,0.015183393843472004,0.17176880206922326,0.013021922119457682,0.25,35.53839087486267
839277350,Std-XY p=72,0,spsa,sequential,3,random_shared_stream,75,120,5,144,7.658644199371338,167,0.9832106232643127,0.08193422853946686,0.0067080361768603325,0.0067080361768603325,0.006708037108182907,0.16575614429103283,0.01293149713891721,0.16297321021556854,35.91580557823181
839277350,Std-XY p=72,0,spsa,sequential,3,random_shared_stream,80,120,5,144,7.656830787658691,177,2.016693353652954,0.16805778443813324,0.028194384649395943,0.028047284111380577,0.028243418782949448,0.16027284787080445,0.012847478719003411,0.25,36.29574632644653
839277350,Std-XY p=72,0,spsa,sequential,3,random_shared_stream,85,120,5,144,7.656830787658691,187,0.8030279874801636,0.0669189989566803,0.004470377694815397,0.004422866273671389,0.004474697168916464,0.1552471520526663,0.012769052840860788,0.12466781586408615,36.677512884140015
839277350,Std-XY p=72,0,spsa,sequential,3,random_shared_stream,90,120,5,144,7.656830787658691,197,0.5573062896728516,0.046442192047834396,0.002146475948393345,0.0021552129182964563,0.0020969638135284185,0.1506200968739637,0.01269554947299621,0.08394153416156769,37.05465912818909
839277350,Std-XY p=72,0,spsa,sequential,3,random_shared_stream,95,120,5,144,7.656830787658691,207,3.733076333999634,0.3110896944999695,0.0967768058180809,0.09647811949253082,0.09647811204195023,0.14634274326210994,0.012626410699612943,0.25,37.43519067764282
839277350,Std-XY p=72,0,spsa,sequential,3,random_shared_stream,100,120,5,144,7.656830787658691,217,1.1178817749023438,0.0931568294763565,0.00854259543120861,0.008437132462859154,0.008617927320301533,0.14237409494651931,0.012561167176266359,0.1591574251651764,37.81775164604187
839277350,Std-XY p=72,0,spsa,sequential,3,random_shared_stream,105,120,5,144,7.656830787658691,227,0.19478748738765717,0.016232291236519814,0.00026328396052122116,0.0002632839896250516,0.0002616574929561466,0.1386795223692978,0.01249942043693397,0.027013035491108894,38.19647026062012
839277350,Std-XY p=72,0,spsa,sequential,3,random_shared_stream,110,120,5,144,7.656830787658691,237,0.8823965191841125,0.07353304326534271,0.0054071079939603806,0.005402936600148678,0.005402936600148678,0.13522955158123298,0.012440829393713411,0.11932609230279922,38.57429003715515
839277350,Std-XY p=72,0,spsa,sequential,3,random_shared_stream,115,120,5,144,7.656830787658691,247,0.11411657929420471,0.009509716182947159,9.041724842973053e-05,9.015556861413643e-05,9.03649051906541e-05,0.13199892246248437,0.012385099893453082,0.015063266269862652,38.95351004600525
839277350,Std-XY p=72,0,spsa,sequential,3,random_shared_stream,120,120,5,144,7.656830787658691,257,0.9945855736732483,0.08288212865591049,0.006857521831989288,0.0068482449278235435,0.006864147260785103,0.12896584837612046,0.012331976538504544,0.1282675713300705,39.33035111427307
839277350,Std-XY p=72,0,spsa,sequential,4,continuation,1,120,5,144,0.06398288160562515,19,495.8805236816406,41.32337951660156,1699.3863525390625,1702.3509521484375,1643.05859375,0.0036642646069156314,0.02,0.25,40.15325951576233
839277350,Std-XY p=72,0,spsa,sequential,4,continuation,5,120,5,144,0.06398288160562515,27,503.39593505859375,41.94966125488281,1743.1402587890625,1754.3426513671875,1649.7882080078125,0.0031178159551407117,0.016999416915812672,0.25,40.462568521499634
839277350,Std-XY p=72,0,spsa,sequential,4,continuation,10,120,5,144,0.06398288160562515,37,770.8734741210938,64.23945617675781,4113.970703125,4098.04931640625,3970.682373046875,0.002669575893791847,0.015850026609609436,0.25,40.842867374420166
839277350,Std-XY p=72,0,spsa,sequential,4,continuation,15,120,5,144,0.06398288160562515,47,238.94900512695312,19.912418365478516,391.6092224121094,371.7228088378906,396.1983947753906,0.0023599333617828856,0.015214047873475552,0.25,41.22746229171753
839277350,Std-XY p=72,0,spsa,sequential,4,continuation,20,120,5,144,0.06398288160562515,57,142.2512969970703,11.854275703430176,138.3281707763672,137.81312561035156,138.7889862060547,0.002130494605575558,0.014778350620464044,0.25,41.610392570495605
839277350,Std-XY p=72,0,spsa,sequential,4,continuation,25,120,5,144,0.06398288160562515,67,531.648193359375,44.30401611328125,1959.4381103515625,1962.845703125,1949.21484375,0.001952195412862952,0.014449008773880907,0.25,41.99609088897705
839277350,Std-XY p=72,0,spsa,sequential,4,continuation,30,120,5,144,0.06398288160562515,77,400.41064453125,33.3675537109375,1108.0242919921875,1099.6480712890625,1112.53466796875,0.0018087754425459726,0.014185372641231635,0.25,42.37403845787048
839277350,Std-XY p=72,0,spsa,sequential,4,continuation,35,120,5,144,0.06398288160562515,87,174.5646209716797,14.547051429748535,211.57586669921875,205.7384490966797,207.5345916748047,0.0016903545827597446,0.013966227856027484,0.25,42.75239300727844
839277350,Std-XY p=72,0,spsa,sequential,4,continuation,40,120,5,144,0.06398288160562515,97,299.52349853515625,24.960290908813477,622.89599609375,622.535400390625,623.01611328125,0.001590547754919091,0.013779134410346052,0.25,43.12987232208252
839277350,Std-XY p=72,0,spsa,sequential,4,continuation,45,120,5,144,0.06398288160562515,107,430.716064453125,35.89300537109375,1287.313720703125,1279.361328125,1287.31396484375,0.0015050262083035418,0.013616187769422706,0.25,43.51667904853821
839277350,Std-XY p=72,0,spsa,sequential,4,continuation,50,120,5,144,0.06398288160562515,117,381.7390441894531,31.811588287353516,983.8666381835938,1011.1961669921875,917.4945678710938,0.0014307406906215858,0.013472060523173781,0.25,43.89451336860657
839277350,Std-XY p=72,0,spsa,sequential,4,continuation,55,120,5,144,0.06398288160562515,127,902.9041748046875,75.24201965332031,5529.2197265625,5591.46826171875,5447.31298828125,0.0013654748158184354,0.01334299625175472,0.25,44.30584788322449
839277350,Std-XY p=72,0,spsa,sequential,4,continuation,60,120,5,144,0.06398288160562515,137,163.28396606445312,13.6069974899292,184.25747680664062,185.00750732421875,180.0072784423828,0.0013075748628414209,0.013226249755755135,0.21350599825382233,44.684765577316284
839277350,Std-XY p=72,0,spsa,sequential,4,continuation,65,120,5,144,0.06398288160562515,147,389.6338806152344,32.46949005126953,1053.4544677734375,1051.0140380859375,1041.2523193359375,0.0012557792691572313,0.01311975565249048,0.25,45.07017207145691
839277350,Std-XY p=72,0,spsa,sequential,4,continuation,70,120,5,144,0.06398288160562515,157,43.753787994384766,3.646149158477783,13.271321296691895,13.13027286529541,12.791759490966797,0.0012091071426459188,0.013021922119457682,0.052903011441230774,45.45499324798584
839277350,Std-XY p=72,0,spsa,sequential,4,continuation,75,120,5,144,0.06398288160562515,167,181.6464080810547,15.137200355529785,228.95803833007812,228.95803833007812,228.95803833007812,0.001166783115358555,0.01293149713891721,0.21194195747375488,45.831159353256226
839277350,Std-XY p=72,0,spsa,sequential,4,continuation,80,120,5,144,0.06398288160562515,177,88.36261749267578,7.363550662994385,54.18004608154297,54.1800422668457,53.8453483581543,0.0011281853444765583,0.012847478719003411,0.09968940168619156,46.206454277038574
839277350,Std-XY p=72,0,spsa,sequential,4,continuation,85,120,5,144,0.06398288160562515,187,67.43955993652344,5.619963645935059,31.19406509399414,30.38984489440918,31.55962371826172,0.0010928086949495521,0.012769052840860788,0.07369853556156158,46.58222150802612
839277350,Std-XY p=72,0,spsa,sequential,4,continuation,90,120,5,144,0.06398288160562515,197,128.92344665527344,10.743619918823242,115.42539978027344,114.00039672851562,114.00039672851562,0.0010602381384888309,0.01269554947299621,0.13668954372406006,46.958056688308716
839277350,Std-XY p=72,0,spsa,sequential,4,continuation,95,120,5,144,0.06398288160562515,207,159.754150390625,13.312845230102539,176.00106811523438,175.04380798339844,176.68484497070312,0.001030129185399489,0.012626410699612943,0.16456739604473114,47.33629298210144
839277350,Std-XY p=72,0,spsa,sequential,4,continuation,100,120,5,144,0.06398288160562515,217,239.72506713867188,19.977088928222656,397.8523254394531,394.1571044921875,399.0840759277344,0.0010021932565973746,0.012561167176266359,0.2402508556842804,47.72054433822632
839277350,Std-XY p=72,0,spsa,sequential,4,continuation,105,120,5,144,0.06398288160562515,227,90.04331970214844,7.503610610961914,56.26072311401367,56.30416488647461,56.13038635253906,0.0009761865892728738,0.01249942043693397,0.0878990888595581,48.10457897186279
839277350,Std-XY p=72,0,spsa,sequential,4,continuation,110,120,5,144,0.06398288160562515,237,1.2441400289535522,0.10367833077907562,0.01074090227484703,0.010716021992266178,0.010616492480039597,0.0009519017117426234,0.012440829393713411,0.0011842991225421429,48.48939228057861
839277350,Std-XY p=72,0,spsa,sequential,4,continuation,115,120,5,144,0.06398288160562515,247,212.16697692871094,17.68058204650879,311.6381530761719,300.7839050292969,283.41705322265625,0.0009291608141194064,0.012385099893453082,0.1971372365951538,48.87342572212219
839277350,Std-XY p=72,0,spsa,sequential,4,continuation,120,120,5,144,0.06398288160562515,257,75.61193084716797,6.300993919372559,39.69486999511719,39.42681884765625,39.57999038696289,0.0009078105368989893,0.012331976538504544,0.0686413124203682,49.26096725463867
839277350,Std-XY p=84,0,spsa,sequential,0,deterministic_linear_ramp,1,120,5,168,10.833609580993652,19,243.51014709472656,18.78721809387207,352.5093078613281,352.7593994140625,349.758056640625,0.005605554319470879,0.02,0.25,0.877479076385498
839277350,Std-XY p=84,0,spsa,sequential,0,deterministic_linear_ramp,5,120,5,168,9.576348304748535,27,9.636845588684082,0.7434988021850586,0.5449561476707458,0.5327345132827759,0.5515369772911072,0.004769602790603447,0.016999416915812672,0.04596392810344696,1.2316977977752686
839277350,Std-XY p=84,0,spsa,sequential,0,deterministic_linear_ramp,10,120,5,168,8.046513557434082,37,151.68325805664062,11.702617645263672,135.01036071777344,134.15634155273438,135.7090606689453,0.004083889753583173,0.015850026609609436,0.25,1.6785845756530762
839277350,Std-XY p=84,0,spsa,sequential,0,deterministic_linear_ramp,15,120,5,168,7.812260627746582,47,129.03318786621094,9.955127716064453,99.09049224853516,99.10455322265625,99.04835510253906,0.003610201791878966,0.015214047873475552,0.25,2.128173828125
839277350,Std-XY p=84,0,spsa,sequential,0,deterministic_linear_ramp,20,120,5,168,7.741904258728027,57,27.343259811401367,2.1095783710479736,4.440229415893555,4.359498023986816,4.440229415893555,0.0032592087417360606,0.014778350620464044,0.0891173928976059,2.5692062377929688
839277350,Std-XY p=84,0,spsa,sequential,0,deterministic_linear_ramp,25,120,5,168,7.734254837036133,67,18.880311965942383,1.4566477537155151,2.1025772094726562,2.117011308670044,2.0785200595855713,0.0029864484700073183,0.014449008773880907,0.05638508126139641,3.0161020755767822
839277350,Std-XY p=84,0,spsa,sequential,0,deterministic_linear_ramp,30,120,5,168,7.716911792755127,77,36.9553337097168,2.851165771484375,8.127994537353516,8.129146575927734,8.124537467956543,0.0027670460740691475,0.014185372641231635,0.10225711017847061,3.46012020111084
839277350,Std-XY p=84,0,spsa,sequential,0,deterministic_linear_ramp,35,120,5,168,7.7015700340271,87,17.634937286376953,1.360564947128296,1.8508745431900024,1.8343464136123657,1.8249019384384155,0.0025858870603785652,0.013966227856027484,0.04560195282101631,3.9013800621032715
839277350,Std-XY p=84,0,spsa,sequential,0,deterministic_linear_ramp,40,120,5,168,7.7015700340271,97,0.16483907401561737,0.012717610225081444,0.00016091241559479386,0.00016173761105164886,0.0001584368437761441,0.0024332036013677287,0.013779134410346052,0.00040108701796270907,4.341958284378052
839277350,Std-XY p=84,0,spsa,sequential,0,deterministic_linear_ramp,45,120,5,168,7.7015700340271,107,12.400578498840332,0.9567253589630127,0.9153234362602234,0.9023512005805969,0.9023510813713074,0.0023023736186929375,0.013616187769422706,0.0285507645457983,4.786624908447266
839277350,Std-XY p=84,0,spsa,sequential,0,deterministic_linear_ramp,50,120,5,168,7.691291809082031,117,12.292160987854004,0.948360800743103,0.8993881940841675,0.8988783955574036,0.8988784551620483,0.0021887323975512333,0.013472060523173781,0.02690424956381321,5.222939968109131
839277350,Std-XY p=84,0,spsa,sequential,0,deterministic_linear_ramp,55,120,5,168,7.682597637176514,127,8.587321281433105,0.6625261902809143,0.4379456341266632,0.4327200949192047,0.4386921525001526,0.0020888893333450165,0.01334299625175472,0.01793796196579933,5.65929388999939
839277350,Std-XY p=84,0,spsa,sequential,0,deterministic_linear_ramp,60,120,5,168,7.674732685089111,137,6.47479248046875,0.4995410740375519,0.24667665362358093,0.24260957539081573,0.24897544085979462,0.0020003145806115723,0.013226249755755135,0.012951621785759926,6.095431327819824
839277350,Std-XY p=84,0,spsa,sequential,0,deterministic_linear_ramp,65,120,5,168,7.674732685089111,147,8.681855201721191,0.6698195934295654,0.44096454977989197,0.44229984283447266,0.43950212001800537,0.0019210782139589024,0.01311975565249048,0.016678521409630775,6.534823894500732
839277350,Std-XY p=84,0,spsa,sequential,0,deterministic_linear_ramp,70,120,5,168,7.668091773986816,157,11.985915184020996,0.9247335195541382,0.8550106883049011,0.853192925453186,0.8507691621780396,0.0018496796747075029,0.013021922119457682,0.02217010222375393,6.978309392929077
839277350,Std-XY p=84,0,spsa,sequential,0,deterministic_linear_ramp,75,120,5,168,7.668091773986816,167,19.415470123291016,1.4979360103607178,2.2323641777038574,2.2120120525360107,2.2425403594970703,0.0017849328129414832,0.01293149713891721,0.034655310213565826,7.419262647628784
839277350,Std-XY p=84,0,spsa,sequential,0,deterministic_linear_ramp,80,120,5,168,7.668091773986816,177,8.163971900939941,0.6298640966415405,0.3857085406780243,0.374238520860672,0.393130362033844,0.0017258863399108018,0.012847478719003411,0.014090086333453655,7.863197088241577
839277350,Std-XY p=84,0,spsa,sequential,0,deterministic_linear_ramp,85,120,5,168,7.668091773986816,187,8.102062225341797,0.6250876784324646,0.3862490952014923,0.3798808455467224,0.3898485600948334,0.0016717675052092221,0.012769052840860788,0.013544765301048756,8.306477546691895
839277350,Std-XY p=84,0,spsa,sequential,0,deterministic_linear_ramp,90,120,5,168,7.668091773986816,197,10.052700996398926,0.7755827307701111,0.6014432907104492,0.6011875867843628,0.600164532661438,0.0016219414028280275,0.01269554947299621,0.016304893419146538,8.75119423866272
839277350,Std-XY p=84,0,spsa,sequential,0,deterministic_linear_ramp,95,120,5,168,7.6606550216674805,207,9.152259826660156,0.7061122059822083,0.4985944330692291,0.4985944330692291,0.49859437346458435,0.0015758810359740153,0.012626410699612943,0.01442287489771843,9.19817042350769
839277350,Std-XY p=84,0,spsa,sequential,0,deterministic_linear_ramp,100,120,5,168,7.6606550216674805,217,9.272372245788574,0.7153791189193726,0.5091561675071716,0.488267719745636,0.5091561675071716,0.0015331449393314375,0.012561167176266359,0.014215891249477863,9.642349481582642
839277350,Std-XY p=84,0,spsa,sequential,0,deterministic_linear_ramp,105,120,5,168,7.6606550216674805,227,3.1353976726531982,0.2419012039899826,0.05848301574587822,0.05582921952009201,0.05689074471592903,0.0014933602070605308,0.01249942043693397,0.004682278260588646,10.087067604064941
839277350,Std-XY p=84,0,spsa,sequential,0,deterministic_linear_ramp,110,120,5,168,7.6606550216674805,237,10.955277442932129,0.8452180624008179,0.7142922878265381,0.7139886021614075,0.7143934965133667,0.0014562094511133225,0.012440829393713411,0.015953179448843002,10.532079219818115
839277350,Std-XY p=84,0,spsa,sequential,0,deterministic_linear_ramp,115,120,5,168,7.6606550216674805,247,10.403244018554688,0.8026277422904968,0.6427503824234009,0.6442111730575562,0.6383680105209351,0.0014214206597525994,0.012385099893453082,0.014787385240197182,10.976099252700806
839277350,Std-XY p=84,0,spsa,sequential,0,deterministic_linear_ramp,120,120,5,168,7.6606550216674805,257,7.324216842651367,0.5650755763053894,0.31817907094955444,0.31912940740585327,0.31641414761543274,0.0013887592251856375,0.012331976538504544,0.010171573609113693,11.420348405838013
839277350,Std-XY p=84,0,spsa,sequential,1,random_shared_stream,1,120,5,168,7.658170700073242,19,0.5928660035133362,0.045740604400634766,0.002089534420520067,0.002087458735331893,0.0020910168532282114,0.5664438104563028,0.02,0.25,12.384542226791382
839277350,Std-XY p=84,0,spsa,sequential,1,random_shared_stream,5,120,5,168,7.658170700073242,27,0.8271268606185913,0.06381422281265259,0.004069946240633726,0.004051478113979101,0.004069946240633726,0.4819705287107899,0.016999416915812672,0.25,12.738743782043457
839277350,Std-XY p=84,0,spsa,sequential,1,random_shared_stream,10,120,5,168,7.658170700073242,37,1.8787176609039307,0.14494621753692627,0.02099749632179737,0.02090221457183361,0.02099749632179737,0.41267891481630675,0.015850026609609436,0.25,13.180009603500366
839277350,Std-XY p=84,0,spsa,sequential,1,random_shared_stream,15,120,5,168,7.658170700073242,47,0.49215659499168396,0.037970706820487976,0.001425223657861352,0.001428697258234024,0.0014213413232937455,0.3648125311006037,0.015214047873475552,0.17954489588737488,13.621967315673828
839277350,Std-XY p=84,0,spsa,sequential,1,random_shared_stream,20,120,5,168,7.658170700073242,57,3.78609299659729,0.2921034097671509,0.08411514759063721,0.0758439153432846,0.08455048501491547,0.3293445239356327,0.014778350620464044,0.25,14.064006090164185
839277350,Std-XY p=84,0,spsa,sequential,1,random_shared_stream,25,120,5,168,7.655379295349121,67,0.5254868268966675,0.04054218903183937,0.0016415728023275733,0.0016399419400840998,0.0016427373047918081,0.30178197456875594,0.014449008773880907,0.15858244895935059,14.510136604309082
839277350,Std-XY p=84,0,spsa,sequential,1,random_shared_stream,30,120,5,168,7.655379295349121,77,0.5428776741027832,0.0418839231133461,0.0017480471869930625,0.0017055334756150842,0.0017502852715551853,0.27961126278976617,0.014185372641231635,0.15179471671581268,14.954964637756348
839277350,Std-XY p=84,0,spsa,sequential,1,random_shared_stream,35,120,5,168,7.655379295349121,87,3.8790225982666016,0.2992730736732483,0.08951359987258911,0.08951360732316971,0.08951359987258911,0.2613050621599799,0.013966227856027484,0.25,15.398049354553223
839277350,Std-XY p=84,0,spsa,sequential,1,random_shared_stream,40,120,5,168,7.655379295349121,97,2.229700803756714,0.1720251441001892,0.029525546357035637,0.02898871898651123,0.029525550082325935,0.24587632926636832,0.013779134410346052,0.25,15.841105937957764
839277350,Std-XY p=84,0,spsa,sequential,1,random_shared_stream,45,120,5,168,7.655379295349121,107,0.3939933776855469,0.03039725124835968,0.0009207188850268722,0.0009192785946652293,0.0008904691785573959,0.2326559000840433,0.013616187769422706,0.0916648879647255,16.282905101776123
839277350,Std-XY p=84,0,spsa,sequential,1,random_shared_stream,50,120,5,168,7.655379295349121,117,4.219036102294922,0.32550570368766785,0.10521817207336426,0.10589389503002167,0.10379164665937424,0.22117240306309383,0.013472060523173781,0.25,16.726287364959717
839277350,Std-XY p=84,0,spsa,sequential,1,random_shared_stream,55,120,5,168,7.655379295349121,127,1.8826886415481567,0.14525260031223297,0.02095179818570614,0.02079930156469345,0.021050473675131798,0.21108321606865915,0.01334299625175472,0.25,17.166022300720215
839277350,Std-XY p=84,0,spsa,sequential,1,random_shared_stream,60,120,5,168,7.655379295349121,137,1.4696320295333862,0.11338457465171814,0.012708479538559914,0.012593694031238556,0.012790469452738762,0.20213269706748158,0.013226249755755135,0.25,17.61571455001831
839277350,Std-XY p=84,0,spsa,sequential,1,random_shared_stream,65,120,5,168,7.655379295349121,147,3.2450668811798096,0.250362366437912,0.06253916770219803,0.06236150115728378,0.06264576315879822,0.19412582622197927,0.01311975565249048,0.25,18.057873010635376
839277350,Std-XY p=84,0,spsa,sequential,1,random_shared_stream,70,120,5,168,7.655379295349121,157,0.9881670475006104,0.07623874396085739,0.00572997098788619,0.005650891922414303,0.005782691296190023,0.18691097139591917,0.013021922119457682,0.18469926714897156,18.49980068206787
839277350,Std-XY p=84,0,spsa,sequential,1,random_shared_stream,75,120,5,168,7.655379295349121,167,2.578740358352661,0.19895413517951965,0.0395827479660511,0.03848322853446007,0.03848322853446007,0.18036827160146,0.01293149713891721,0.25,18.94286298751831
839277350,Std-XY p=84,0,spsa,sequential,1,random_shared_stream,80,120,5,168,7.655379295349121,177,2.468602418899536,0.190456822514534,0.03614528104662895,0.03619154542684555,0.0360887348651886,0.17440159867826166,0.012847478719003411,0.25,19.385338306427002
839277350,Std-XY p=84,0,spsa,sequential,1,random_shared_stream,85,120,5,168,7.655379295349121,187,4.253594875335693,0.328171968460083,0.10714736580848694,0.10763579607009888,0.10617052018642426,0.16893286584673123,0.012769052840860788,0.25,19.827978372573853
839277350,Std-XY p=84,0,spsa,sequential,1,random_shared_stream,90,120,5,168,7.655379295349121,197,1.5383683443069458,0.1186876893043518,0.0140847722068429,0.014078782871365547,0.014054824598133564,0.1638979155662648,0.01269554947299621,0.25,20.273254871368408
839277350,Std-XY p=84,0,spsa,sequential,1,random_shared_stream,95,120,5,168,7.655379295349121,207,2.8204479217529297,0.21760228276252747,0.04729035496711731,0.047323912382125854,0.046921271830797195,0.15924349457150674,0.012626410699612943,0.25,20.717501640319824
839277350,Std-XY p=84,0,spsa,sequential,1,random_shared_stream,100,120,5,168,7.655379295349121,217,2.6655919551849365,0.20565487444400787,0.04223998263478279,0.04229392856359482,0.04207814484834671,0.15492499259175327,0.012561167176266359,0.25,21.163710355758667
839277350,Std-XY p=84,0,spsa,sequential,1,random_shared_stream,105,120,5,168,7.655379295349121,227,0.3082984387874603,0.02378574199974537,0.0005654408596456051,0.0005644786288030446,0.0005606299382634461,0.1509047273224938,0.01249942043693397,0.046523693948984146,21.606034994125366
839277350,Std-XY p=84,0,spsa,sequential,1,random_shared_stream,110,120,5,168,7.655379295349121,237,1.009731650352478,0.07790248841047287,0.005999130662530661,0.005900220014154911,0.006055036559700966,0.1471506265572986,0.012440829393713411,0.14858265221118927,22.048627614974976
839277350,Std-XY p=84,0,spsa,sequential,1,random_shared_stream,115,120,5,168,7.655379295349121,247,2.3406922817230225,0.18058833479881287,0.03260752558708191,0.03231634572148323,0.03214995190501213,0.1436352033865537,0.012385099893453082,0.25,22.49184799194336
839277350,Std-XY p=84,0,spsa,sequential,1,random_shared_stream,120,120,5,168,7.655379295349121,257,2.7652499675750732,0.21334366500377655,0.04510267451405525,0.04548971354961395,0.04342552274465561,0.14033475058622732,0.012331976538504544,0.25,22.931575298309326
839277350,Std-XY p=84,0,spsa,sequential,2,random_shared_stream,1,120,5,168,7.664252758026123,19,0.520708441734314,0.04017353057861328,0.0015992738772183657,0.0016139125218614936,0.00155535782687366,1.0142193205174708,0.02,0.25,23.89829730987549
839277350,Std-XY p=84,0,spsa,sequential,2,random_shared_stream,5,120,5,168,7.661664962768555,27,0.23523126542568207,0.01814848557114601,0.0003286206629127264,0.00032768709934316576,0.0003291807952336967,0.8629696593290128,0.016999416915812672,0.20299743115901947,24.257071018218994
839277350,Std-XY p=84,0,spsa,sequential,2,random_shared_stream,10,120,5,168,7.661077499389648,37,0.6277990341186523,0.048435743898153305,0.0023446916602551937,0.002334051998332143,0.00234469142742455,0.7389028193983063,0.015850026609609436,0.25,24.704574823379517
839277350,Std-XY p=84,0,spsa,sequential,2,random_shared_stream,15,120,5,168,7.661077499389648,47,2.3913164138793945,0.18449407815933228,0.034038059413433075,0.033864397555589676,0.033864401280879974,0.6531979175675995,0.015214047873475552,0.25,25.15364122390747
839277350,Std-XY p=84,0,spsa,sequential,2,random_shared_stream,20,120,5,168,7.661077499389648,57,1.9373772144317627,0.14947189390659332,0.022139200940728188,0.021885890513658524,0.022291187196969986,0.5896923456769155,0.014778350620464044,0.25,25.59892988204956
839277350,Std-XY p=84,0,spsa,sequential,2,random_shared_stream,25,120,5,168,7.661077499389648,67,0.7774296402931213,0.05998000130057335,0.003524180268868804,0.0035466146655380726,0.003497667610645294,0.540341519390926,0.014449008773880907,0.25,26.04873538017273
839277350,Std-XY p=84,0,spsa,sequential,2,random_shared_stream,30,120,5,168,7.659523010253906,77,2.5754013061523438,0.19869652390480042,0.03939078375697136,0.039457932114601135,0.03927888348698616,0.5006447942775172,0.014185372641231635,0.25,26.497948169708252
839277350,Std-XY p=84,0,spsa,sequential,2,random_shared_stream,35,120,5,168,7.659523010253906,87,2.687281370162964,0.20732825994491577,0.0429789163172245,0.04296064004302025,0.042985010892152786,0.4678674878240457,0.013966227856027484,0.25,26.946688890457153
839277350,Std-XY p=84,0,spsa,sequential,2,random_shared_stream,40,120,5,168,7.659523010253906,97,1.3924976587295532,0.10743352770805359,0.011501067318022251,0.011306412518024445,0.011535420082509518,0.44024229587570607,0.013779134410346052,0.25,27.397985458374023
839277350,Std-XY p=84,0,spsa,sequential,2,random_shared_stream,45,120,5,168,7.658219337463379,107,1.8267585039138794,0.14093747735023499,0.019457995891571045,0.019457997754216194,0.019457997754216194,0.41657107826376716,0.013616187769422706,0.25,27.845977306365967
839277350,Std-XY p=84,0,spsa,sequential,2,random_shared_stream,50,120,5,168,7.658219337463379,117,1.0287814140319824,0.07937221229076385,0.006242805160582066,0.006285661831498146,0.005942808464169502,0.3960098428318368,0.013472060523173781,0.25,28.293923377990723
839277350,Std-XY p=84,0,spsa,sequential,2,random_shared_stream,55,120,5,168,7.658219337463379,127,1.0158041715621948,0.07837099581956863,0.006134178023785353,0.006138530559837818,0.006086302455514669,0.3779451236325463,0.01334299625175472,0.25,28.742159605026245
839277350,Std-XY p=84,0,spsa,sequential,2,random_shared_stream,60,120,5,168,7.657526016235352,137,1.818465232849121,0.14029763638973236,0.019613686949014664,0.019672269001603127,0.019281724467873573,0.3619191928480959,0.013226249755755135,0.25,29.188794374465942
839277350,Std-XY p=84,0,spsa,sequential,2,random_shared_stream,65,120,5,168,7.657526016235352,147,3.183354616165161,0.24560116231441498,0.05813143774867058,0.0586443692445755,0.05755012854933739,0.34758286688161605,0.01311975565249048,0.25,29.636455059051514
839277350,Std-XY p=84,0,spsa,sequential,2,random_shared_stream,70,120,5,168,7.657526016235352,157,2.404919385910034,0.18554358184337616,0.03442153334617615,0.03440689668059349,0.03434835001826286,0.3346646479440232,0.013021922119457682,0.25,30.087940216064453
839277350,Std-XY p=84,0,spsa,sequential,2,random_shared_stream,75,120,5,168,7.657526016235352,167,1.6759064197540283,0.12929898500442505,0.016708750277757645,0.016680318862199783,0.01656658947467804,0.3229499245815405,0.01293149713891721,0.25,30.5356342792511
839277350,Std-XY p=84,0,spsa,sequential,2,random_shared_stream,80,120,5,168,7.657526016235352,177,0.7766849398612976,0.05992254987359047,0.0035907116252928972,0.003539822530001402,0.0035398222971707582,0.31226657903833227,0.012847478719003411,0.24253275990486145,30.984541654586792
839277350,Std-XY p=84,0,spsa,sequential,2,random_shared_stream,85,120,5,168,7.657526016235352,187,1.6263176202774048,0.12547312676906586,0.015743505209684372,0.015600706450641155,0.015600706450641155,0.30247479670423216,0.012769052840860788,0.25,31.432151079177856
839277350,Std-XY p=84,0,spsa,sequential,2,random_shared_stream,90,120,5,168,7.657526016235352,197,0.7650461792945862,0.059024590998888016,0.003483408596366644,0.003481927327811718,0.0034839024301618338,0.2934597033127441,0.01269554947299621,0.22451020777225494,31.87754774093628
839277350,Std-XY p=84,0,spsa,sequential,2,random_shared_stream,95,120,5,168,7.657526016235352,207,3.0275027751922607,0.2335769087076187,0.053931865841150284,0.05443445220589638,0.050815802067518234,0.2851259487345045,0.012626410699612943,0.25,32.32552909851074
839277350,Std-XY p=84,0,spsa,sequential,2,random_shared_stream,100,120,5,168,7.657526016235352,217,5.869714736938477,0.4528582990169525,0.20508067309856415,0.20403432846069336,0.20403429865837097,0.27739365814767525,0.012561167176266359,0.25,32.770527362823486
839277350,Std-XY p=84,0,spsa,sequential,2,random_shared_stream,105,120,5,168,7.657526016235352,227,0.42919495701789856,0.033113110810518265,0.0010958565399050713,0.0010958565399050713,0.001090883743017912,0.2701953612744096,0.01249942043693397,0.11596649140119553,33.21972036361694
839277350,Std-XY p=84,0,spsa,sequential,2,random_shared_stream,110,120,5,168,7.657526016235352,237,4.086122035980225,0.3152511417865753,0.0992565006017685,0.09932693839073181,0.0991579219698906,0.2634736327340919,0.012440829393713411,0.25,33.66850996017456
839277350,Std-XY p=84,0,spsa,sequential,2,random_shared_stream,115,120,5,168,7.657526016235352,247,1.2460737228393555,0.096136674284935,0.009195106104016304,0.00924225989729166,0.009053641930222511,0.25717925713363804,0.012385099893453082,0.25,34.1139452457428
839277350,Std-XY p=84,0,spsa,sequential,2,random_shared_stream,120,120,5,168,7.657526016235352,257,2.270587205886841,0.1751796007156372,0.030683543533086777,0.030252976343035698,0.030409546568989754,0.25126978661819455,0.012331976538504544,0.25,34.55972456932068
839277350,Std-XY p=84,0,spsa,sequential,3,random_shared_stream,1,120,5,168,7.658815383911133,19,2.164416790008545,0.16698837280273438,0.027217235416173935,0.026604678481817245,0.02763219177722931,0.5781658281066924,0.02,0.25,35.521395206451416
839277350,Std-XY p=84,0,spsa,sequential,3,random_shared_stream,5,120,5,168,7.656862258911133,27,1.4622875452041626,0.11281793564558029,0.012662949040532112,0.012468134053051472,0.012727886438369751,0.49194445187885205,0.016999416915812672,0.25,35.88045692443848
839277350,Std-XY p=84,0,spsa,sequential,3,random_shared_stream,10,120,5,168,7.656862258911133,37,1.8639001846313477,0.14380301535129547,0.020632414147257805,0.020632416009902954,0.020257283002138138,0.4212189137255076,0.015850026609609436,0.25,36.32928514480591
839277350,Std-XY p=84,0,spsa,sequential,3,random_shared_stream,15,120,5,168,7.656862258911133,47,0.9321116805076599,0.07191397994756699,0.005153296981006861,0.004983988124877214,0.0051452345214784145,0.3723619805776838,0.015214047873475552,0.25,36.77435278892517
839277350,Std-XY p=84,0,spsa,sequential,3,random_shared_stream,20,120,5,168,7.656862258911133,57,1.4248557090759277,0.10993001610040665,0.011913340538740158,0.012077754363417625,0.011529701761901379,0.3361599966292486,0.014778350620464044,0.25,37.22584772109985
839277350,Std-XY p=84,0,spsa,sequential,3,random_shared_stream,25,120,5,168,7.656862258911133,67,0.7849152684211731,0.0605575256049633,0.003654221072793007,0.003658898640424013,0.003648503916338086,0.3080270664334102,0.014449008773880907,0.24177514016628265,37.67428946495056
839277350,Std-XY p=84,0,spsa,sequential,3,random_shared_stream,30,120,5,168,7.656862258911133,77,1.5597929954528809,0.12034064531326294,0.014381300657987595,0.014407983981072903,0.014350514858961105,0.2853975527927042,0.014185372641231635,0.25,38.12025761604309
839277350,Std-XY p=84,0,spsa,sequential,3,random_shared_stream,35,120,5,168,7.656862258911133,87,4.135912895202637,0.31909263134002686,0.10180564969778061,0.10037706792354584,0.10089655220508575,0.26671252269575313,0.013966227856027484,0.25,38.566253900527954
839277350,Std-XY p=84,0,spsa,sequential,3,random_shared_stream,40,120,5,168,7.656862258911133,97,2.838820219039917,0.21901975572109222,0.047534551471471786,0.04753454774618149,0.044053759425878525,0.2509645068018447,0.013779134410346052,0.25,39.01328492164612
839277350,Std-XY p=84,0,spsa,sequential,3,random_shared_stream,45,120,5,168,7.656862258911133,107,0.06218558922410011,0.004797722212970257,2.2753896701033227e-05,2.113910704792943e-05,2.2900696421856992e-05,0.23747049337098475,0.013616187769422706,0.014767241664230824,39.45930576324463
839277350,Std-XY p=84,0,spsa,sequential,3,random_shared_stream,50,120,5,168,7.656862258911133,117,1.240731120109558,0.09572449326515198,0.009130711667239666,0.00903331395238638,0.009163178503513336,0.22574935626591233,0.013472060523173781,0.25,39.90274357795715
839277350,Std-XY p=84,0,spsa,sequential,3,random_shared_stream,55,120,5,168,7.656862258911133,127,0.030108196660876274,0.002322897780686617,5.3950898291077465e-06,5.346912075765431e-06,5.368324309529271e-06,0.21545138311150253,0.01334299625175472,0.006486853118985891,40.350170373916626
839277350,Std-XY p=84,0,spsa,sequential,3,random_shared_stream,60,120,5,168,7.656862258911133,137,2.1439340114593506,0.16540808975696564,0.02735595963895321,0.02659984491765499,0.026801472529768944,0.2063156416049763,0.013226249755755135,0.25,40.79337477684021
839277350,Std-XY p=84,0,spsa,sequential,3,random_shared_stream,65,120,5,168,7.656862258911133,147,1.3122063875198364,0.1012389212846756,0.010178144089877605,0.010243509896099567,0.01004015002399683,0.19814307615809815,0.01311975565249048,0.25,41.24495887756348
839277350,Std-XY p=84,0,spsa,sequential,3,random_shared_stream,70,120,5,168,7.656862258911133,157,1.7957396507263184,0.13854432106018066,0.019126521423459053,0.019096598029136658,0.019151004031300545,0.19077891675132783,0.013021922119457682,0.25,41.69709658622742
839277350,Std-XY p=84,0,spsa,sequential,3,random_shared_stream,75,120,5,168,7.656862258911133,167,2.467857599258423,0.19039934873580933,0.03600016608834267,0.036169711500406265,0.03573813661932945,0.18410082198731278,0.01293149713891721,0.25,42.14820075035095
839277350,Std-XY p=84,0,spsa,sequential,3,random_shared_stream,80,120,5,168,7.656862258911133,177,0.0678306519985199,0.005233248230069876,2.682796912267804e-05,2.6998750399798155e-05,2.6626141334418207e-05,0.17801067442456725,0.012847478719003411,0.012074579484760761,42.59831523895264
839277350,Std-XY p=84,0,spsa,sequential,3,random_shared_stream,85,120,5,168,7.656862258911133,187,3.6889820098876953,0.28461113572120667,0.08081982284784317,0.07641147077083588,0.07935037463903427,0.1724287713516234,0.012769052840860788,0.25,43.04800629615784
839277350,Std-XY p=84,0,spsa,sequential,3,random_shared_stream,90,120,5,168,7.656862258911133,197,0.8604639172554016,0.06638623774051666,0.004401510115712881,0.004397138021886349,0.004404633305966854,0.167289627548398,0.01269554947299621,0.14394669234752655,43.49760174751282
839277350,Std-XY p=84,0,spsa,sequential,3,random_shared_stream,95,120,5,168,7.656862258911133,207,1.0573008060455322,0.0815725326538086,0.006593724247068167,0.006348534021526575,0.006650305353105068,0.16253888772369468,0.012626410699612943,0.1718524992465973,43.954219579696655
839277350,Std-XY p=84,0,spsa,sequential,3,random_shared_stream,100,120,5,168,7.656862258911133,217,3.278911828994751,0.2529735267162323,0.0639139860868454,0.06395932286977768,0.06341514736413956,0.15813101843954938,0.012561167176266359,0.25,44.4034321308136
839277350,Std-XY p=84,0,spsa,sequential,3,random_shared_stream,105,120,5,168,7.656862258911133,227,0.5404494404792786,0.04169657826423645,0.0017383580561727285,0.0017139645060524344,0.0017228350043296814,0.15402755759188375,0.01249942043693397,0.08324410021305084,44.85043287277222
839277350,Std-XY p=84,0,spsa,sequential,3,random_shared_stream,110,120,5,168,7.656862258911133,237,2.5726420879364014,0.1984836459159851,0.038720179349184036,0.03919475898146629,0.03796643391251564,0.15019576927036143,0.012440829393713411,0.25,45.303850173950195
839277350,Std-XY p=84,0,spsa,sequential,3,random_shared_stream,115,120,5,168,7.656862258911133,247,2.541301727294922,0.19606570899486542,0.03835458680987358,0.037657231092453,0.03835458680987358,0.1466075977498325,0.012385099893453082,0.25,45.755098819732666
839277350,Std-XY p=84,0,spsa,sequential,3,random_shared_stream,120,120,5,168,7.656862258911133,257,2.396132469177246,0.18486562371253967,0.03417529910802841,0.03409779816865921,0.03409779816865921,0.14323884520773913,0.012331976538504544,0.25,46.20658779144287
839277350,Std-XY p=84,0,spsa,sequential,4,continuation,1,120,5,168,0.06398387253284454,19,225.64515686035156,17.40890121459961,303.02691650390625,302.38262939453125,301.5235900878906,0.003671519046467243,0.02,0.25,47.165616273880005
839277350,Std-XY p=84,0,spsa,sequential,4,continuation,5,120,5,168,0.06398387253284454,27,1067.585205078125,82.3659896850586,6775.5029296875,6722.62109375,6780.31103515625,0.003123988546316832,0.016999416915812672,0.25,47.52938938140869
839277350,Std-XY p=84,0,spsa,sequential,4,continuation,10,120,5,168,0.06398387253284454,37,29.589998245239258,2.2829179763793945,5.210975646972656,5.185123920440674,5.199895858764648,0.002674861068043019,0.015850026609609436,0.07914913445711136,47.98256158828735
839277350,Std-XY p=84,0,spsa,sequential,4,continuation,15,120,5,168,0.06398387253284454,47,497.09423828125,38.35165786743164,1450.00390625,1417.4852294921875,1467.51416015625,0.002364605511792624,0.015214047873475552,0.25,48.433207273483276
839277350,Std-XY p=84,0,spsa,sequential,4,continuation,20,120,5,168,0.06398387253284454,57,204.63136291503906,15.787652969360352,248.68478393554688,244.16326904296875,248.68479919433594,0.0021347125172138204,0.014778350620464044,0.25,48.88007569313049
839277350,Std-XY p=84,0,spsa,sequential,4,continuation,25,120,5,168,0.06398387253284454,67,216.02235412597656,16.666486740112305,277.732421875,277.14190673828125,277.61431884765625,0.0019560603312394303,0.014449008773880907,0.25,49.33846688270569
839277350,Std-XY p=84,0,spsa,sequential,4,continuation,30,120,5,168,0.06398387253284454,77,383.9347839355469,29.6212100982666,867.34375,875.4266357421875,853.0435180664062,0.0018123564208644117,0.014185372641231635,0.25,49.78886866569519
839277350,Std-XY p=84,0,spsa,sequential,4,continuation,35,120,5,168,0.06398387253284454,87,250.48248291015625,19.325143814086914,373.461181640625,347.84393310546875,347.84393310546875,0.001693701113771254,0.013966227856027484,0.25,50.27879548072815
839277350,Std-XY p=84,0,spsa,sequential,4,continuation,40,120,5,168,0.06398387253284454,97,136.00994873046875,10.493396759033203,109.34669494628906,109.11261749267578,109.54957580566406,0.0015936966903208182,0.013779134410346052,0.2167586088180542,50.72945713996887
839277350,Std-XY p=84,0,spsa,sequential,4,continuation,45,120,5,168,0.06398387253284454,107,267.8453674316406,20.66472053527832,426.06231689453125,424.8518371582031,426.78851318359375,0.0015080058298164432,0.013616187769422706,0.25,51.178407192230225
839277350,Std-XY p=84,0,spsa,sequential,4,continuation,50,120,5,168,0.06398387253284454,117,23.45392417907715,1.8095096349716187,3.2738611698150635,3.2724685668945312,3.274325132369995,0.0014335732431164454,0.013472060523173781,0.03362291678786278,51.631569147109985
839277350,Std-XY p=84,0,spsa,sequential,4,continuation,55,120,5,168,0.06398387253284454,127,109.75247192382812,8.4675874710083,71.60858154296875,71.70003509521484,71.334228515625,0.0013681781562081843,0.01334299625175472,0.15016095340251923,52.08111000061035
839277350,Std-XY p=84,0,spsa,sequential,4,continuation,60,120,5,168,0.06398387253284454,137,324.13470458984375,25.007535934448242,623.1611328125,622.1861572265625,623.958740234375,0.0013101635740343262,0.013226249755755135,0.25,52.5327308177948
839277350,Std-XY p=84,0,spsa,sequential,4,continuation,65,120,5,168,0.06398387253284454,147,88.24288177490234,6.808085918426514,45.555198669433594,45.06253433227539,45.92962646484375,0.0012582654364446794,0.01311975565249048,0.11103296279907227,52.97910499572754
839277350,Std-XY p=84,0,spsa,sequential,4,continuation,70,120,5,168,0.06398387253284454,157,5.322669982910156,0.41065290570259094,0.16825340688228607,0.16863581538200378,0.1671062409877777,0.0012115009093682215,0.013021922119457682,0.006448419764637947,53.434399127960205
839277350,Std-XY p=84,0,spsa,sequential,4,continuation,75,120,5,168,0.06398387253284454,167,4.71753454208374,0.3639656901359558,0.12766483426094055,0.132395938038826,0.11557421088218689,0.001169093089797692,0.01293149713891721,0.005515236873179674,53.88430094718933
839277350,Std-XY p=84,0,spsa,sequential,4,continuation,80,120,5,168,0.06398387253284454,177,108.08307647705078,8.338790893554688,68.5499496459961,68.11634826660156,68.90472412109375,0.0011304189038022338,0.012847478719003411,0.12217915803194046,54.33043813705444
839277350,Std-XY p=84,0,spsa,sequential,4,continuation,85,120,5,168,0.06398387253284454,187,68.71481323242188,5.3014631271362305,27.78287124633789,28.105506896972656,26.814950942993164,0.0010949722162749568,0.012769052840860788,0.07524081319570541,54.782448053359985
839277350,Std-XY p=84,0,spsa,sequential,4,continuation,90,120,5,168,0.06398387253284454,197,207.7405548095703,16.02753257751465,255.9716339111328,253.24118041992188,256.88177490234375,0.0010623371772622492,0.01269554947299621,0.2206905335187912,55.23750710487366
839277350,Std-XY p=84,0,spsa,sequential,4,continuation,95,120,5,168,0.06398387253284454,207,372.8209533691406,28.76375961303711,827.2366333007812,823.1326904296875,819.8494873046875,0.0010321686150552315,0.012626410699612943,0.25,55.69011187553406
839277350,Std-XY p=84,0,spsa,sequential,4,continuation,100,120,5,168,0.06398387253284454,217,77.81781768798828,6.003774642944336,36.04020309448242,36.02487564086914,36.045310974121094,0.001004177379246513,0.012561167176266359,0.07814288884401321,56.14155673980713
839277350,Std-XY p=84,0,spsa,sequential,4,continuation,105,120,5,168,0.06398387253284454,227,14.306580543518066,1.1037766933441162,1.209862470626831,1.193459153175354,1.2176324129104614,0.0009781192244296276,0.01249942043693397,0.013993541710078716,56.59213304519653
839277350,Std-XY p=84,0,spsa,sequential,4,continuation,110,120,5,168,0.06398387253284454,237,123.72254180908203,9.545401573181152,90.64981842041016,89.82337951660156,91.06304168701172,0.000953786268172822,0.012440829393713411,0.11800485849380493,57.040918588638306
839277350,Std-XY p=84,0,spsa,sequential,4,continuation,115,120,5,168,0.06398387253284454,247,73.56226348876953,5.675451278686523,31.918590545654297,31.316011428833008,32.19249725341797,0.0009310003485643352,0.012385099893453082,0.06848648935556412,57.498372077941895
839277350,Std-XY p=84,0,spsa,sequential,4,continuation,120,120,5,168,0.06398387253284454,257,149.08444213867188,11.502114295959473,131.99864196777344,132.22361755371094,131.62364196777344,0.0009096078024817806,0.012331976538504544,0.13560836017131805,57.947285175323486
839277350,Std-XY p=96,0,spsa,sequential,0,deterministic_linear_ramp,1,120,5,192,10.363214492797852,19,30.940757751464844,2.232956886291504,4.966619968414307,4.9860968589782715,4.908188819885254,0.004513539810194549,0.02,0.1396523416042328,1.0031542778015137
839277350,Std-XY p=96,0,spsa,sequential,0,deterministic_linear_ramp,5,120,5,192,9.502601623535156,27,38.816593170166016,2.80134654045105,7.8168864250183105,7.793043613433838,7.833917140960693,0.0038404394725829244,0.016999416915812672,0.1490727812051773,1.4107060432434082
839277350,Std-XY p=96,0,spsa,sequential,0,deterministic_linear_ramp,10,120,5,192,8.702896118164062,37,4.847253799438477,0.34982043504714966,0.122161865234375,0.12046221643686295,0.122161865234375,0.00328830976077013,0.015850026609609436,0.015939271077513695,1.9247422218322754
839277350,Std-XY p=96,0,spsa,sequential,0,deterministic_linear_ramp,15,120,5,192,8.242259979248047,47,47.05228805541992,3.3957066535949707,11.42947769165039,11.485779762268066,11.350653648376465,0.0029069006527831687,0.015214047873475552,0.13677632808685303,2.435389518737793
839277350,Std-XY p=96,0,spsa,sequential,0,deterministic_linear_ramp,20,120,5,192,8.01524829864502,57,33.6336669921875,2.4273009300231934,5.799731731414795,5.827859401702881,5.766486644744873,0.0026242843378508837,0.014778350620464044,0.08826430141925812,2.9526894092559814
839277350,Std-XY p=96,0,spsa,sequential,0,deterministic_linear_ramp,25,120,5,192,7.949688911437988,67,74.9455337524414,5.408727645874023,29.203550338745117,28.936906814575195,29.24163818359375,0.0024046603230035227,0.014449008773880907,0.18021853268146515,3.4719414710998535
839277350,Std-XY p=96,0,spsa,sequential,0,deterministic_linear_ramp,30,120,5,192,7.831676006317139,77,4.950765609741211,0.35729071497917175,0.12743501365184784,0.1276012510061264,0.1271580010652542,0.002227999569743268,0.014185372641231635,0.011030303314328194,3.986637830734253
839277350,Std-XY p=96,0,spsa,sequential,0,deterministic_linear_ramp,35,120,5,192,7.831676006317139,87,12.159534454345703,0.8775388598442078,0.7687373757362366,0.7617186903953552,0.7697401642799377,0.002082132029502358,0.013966227856027484,0.025317756459116936,4.5002288818359375
839277350,Std-XY p=96,0,spsa,sequential,0,deterministic_linear_ramp,40,120,5,192,7.805164813995361,97,39.3781852722168,2.8418757915496826,7.988624095916748,7.389214992523193,8.020172119140625,0.001959192739054332,0.013779134410346052,0.07714945077896118,5.015342473983765
839277350,Std-XY p=96,0,spsa,sequential,0,deterministic_linear_ramp,45,120,5,192,7.762916564941406,107,23.331527709960938,1.6838080883026123,2.8339788913726807,2.8339788913726807,2.8339784145355225,0.0018538496629702038,0.013616187769422706,0.04325314238667488,5.529040098190308
839277350,Std-XY p=96,0,spsa,sequential,0,deterministic_linear_ramp,50,120,5,192,7.7203450202941895,117,17.33070945739746,1.2507362365722656,1.5600976943969727,1.5643411874771118,1.547366976737976,0.0017623468166021714,0.013472060523173781,0.03054272010922432,6.041097402572632
839277350,Std-XY p=96,0,spsa,sequential,0,deterministic_linear_ramp,55,120,5,192,7.7203450202941895,127,14.118462562561035,1.0189123153686523,1.016102910041809,1.0016837120056152,1.0269172191619873,0.0016819541169005106,0.01334299625175472,0.023746607825160027,6.555170297622681
839277350,Std-XY p=96,0,spsa,sequential,0,deterministic_linear_ramp,60,120,5,192,7.7203450202941895,137,9.904690742492676,0.7148095965385437,0.5108972191810608,0.5054084658622742,0.5074043869972229,0.00161063455600501,0.013226249755755135,0.015952838584780693,7.068457841873169
839277350,Std-XY p=96,0,spsa,sequential,0,deterministic_linear_ramp,65,120,5,192,7.7203450202941895,147,18.788707733154297,1.355958342552185,1.831440806388855,1.8186726570129395,1.8378249406814575,0.001546834176074742,0.01311975565249048,0.029063016176223755,7.589724063873291
839277350,Std-XY p=96,0,spsa,sequential,0,deterministic_linear_ramp,70,120,5,192,7.7203450202941895,157,37.61491775512695,2.714623212814331,7.340391159057617,7.369177341461182,7.254034042358398,0.0014893447413222218,0.013021922119457682,0.05602158233523369,8.102485656738281
839277350,Std-XY p=96,0,spsa,sequential,0,deterministic_linear_ramp,75,120,5,192,7.71240758895874,167,13.226253509521484,0.9545226097106934,0.9062692523002625,0.9012272357940674,0.9095315933227539,0.0014372111749502026,0.01293149713891721,0.019008919596672058,8.614985466003418
839277350,Std-XY p=96,0,spsa,sequential,0,deterministic_linear_ramp,80,120,5,192,7.704771041870117,177,21.225006103515625,1.531782865524292,2.33388352394104,2.34228515625,2.320899248123169,0.0013896675081713718,0.012847478719003411,0.02949569933116436,9.129724025726318
839277350,Std-XY p=96,0,spsa,sequential,0,deterministic_linear_ramp,85,120,5,192,7.704771041870117,187,14.784881591796875,1.0670069456100464,1.1383802890777588,1.138503909111023,1.1380096673965454,0.0013460915295998225,0.012769052840860788,0.019901802763342857,9.641777276992798
839277350,Std-XY p=96,0,spsa,sequential,0,deterministic_linear_ramp,90,120,5,192,7.694854736328125,197,30.09355926513672,2.1718156337738037,4.654855251312256,4.708593845367432,4.55095911026001,0.001305972018866836,0.01269554947299621,0.039301346987485886,10.155579090118408
839277350,Std-XY p=96,0,spsa,sequential,0,deterministic_linear_ramp,95,120,5,192,7.694854736328125,207,27.470792770385742,1.9825336933135986,3.9197776317596436,3.9031448364257812,3.9287335872650146,0.0012688846430928423,0.012626410699612943,0.034857265651226044,10.66769552230835
839277350,Std-XY p=96,0,spsa,sequential,0,deterministic_linear_ramp,100,120,5,192,7.682156562805176,217,22.117237091064453,1.5961741209030151,2.546665906906128,2.5378198623657227,2.546665906906128,0.0012344739385424307,0.012561167176266359,0.027303151786327362,11.180662393569946
839277350,Std-XY p=96,0,spsa,sequential,0,deterministic_linear_ramp,105,120,5,192,7.682156562805176,227,1.8836822509765625,0.13594305515289307,0.0184785109013319,0.01840832456946373,0.01844843104481697,0.001202439644927804,0.01249942043693397,0.0022650142200291157,11.695882558822632
839277350,Std-XY p=96,0,spsa,sequential,0,deterministic_linear_ramp,110,120,5,192,7.682156562805176,237,4.165369987487793,0.30060967803001404,0.08895420283079147,0.08895421028137207,0.08895421773195267,0.0011725262043668755,0.012440829393713411,0.004884005058556795,12.214527130126953
839277350,Std-XY p=96,0,spsa,sequential,0,deterministic_linear_ramp,115,120,5,192,7.682156562805176,247,17.355560302734375,1.2525296211242676,1.5645748376846313,1.5627022981643677,1.5661067962646484,0.0011445145955577762,0.012385099893453082,0.019863693043589592,12.728676557540894
839277350,Std-XY p=96,0,spsa,sequential,0,deterministic_linear_ramp,120,120,5,192,7.682156562805176,257,8.698150634765625,0.6277350187301636,0.3940511643886566,0.39131465554237366,0.39131465554237366,0.0011182159145042383,0.012331976538504544,0.00972641073167324,13.241275787353516
839277350,Std-XY p=96,0,spsa,sequential,1,random_shared_stream,1,120,5,192,7.659023761749268,19,1.6997148990631104,0.1226663589477539,0.01500621810555458,0.0150405028834939,0.014942541718482971,0.4972573985980824,0.02,0.25,14.342031002044678
839277350,Std-XY p=96,0,spsa,sequential,1,random_shared_stream,5,120,5,192,7.659023761749268,27,0.1945318877696991,0.01403912901878357,0.0001949585130205378,0.00019290538330096751,0.00019632723706308752,0.423101827372087,0.016999416915812672,0.08230678737163544,14.757682085037231
839277350,Std-XY p=96,0,spsa,sequential,1,random_shared_stream,10,120,5,192,7.658675193786621,37,0.742845356464386,0.05361024662852287,0.002871251665055752,0.0028690688777714968,0.0028428726363927126,0.3622736092261824,0.015850026609609436,0.25,15.273818731307983
839277350,Std-XY p=96,0,spsa,sequential,1,random_shared_stream,15,120,5,192,7.658675193786621,47,4.112254619598389,0.2967764139175415,0.08783731609582901,0.08712055534124374,0.08807623386383057,0.3202537071504684,0.015214047873475552,0.25,15.786911249160767
839277350,Std-XY p=96,0,spsa,sequential,1,random_shared_stream,20,120,5,192,7.658675193786621,57,3.71621036529541,0.26819437742233276,0.0715457946062088,0.0718970075249672,0.07080435007810593,0.2891178227948706,0.014778350620464044,0.25,16.30473279953003
839277350,Std-XY p=96,0,spsa,sequential,1,random_shared_stream,25,120,5,192,7.6558637619018555,67,3.3790738582611084,0.24386367201805115,0.05941141024231911,0.05923718214035034,0.05946948751807213,0.26492181015618776,0.014449008773880907,0.25,16.821239709854126
839277350,Std-XY p=96,0,spsa,sequential,1,random_shared_stream,30,120,5,192,7.6558637619018555,77,5.642912864685059,0.40724214911460876,0.16568423807621002,0.16469445824623108,0.1657741814851761,0.24545906687824923,0.014185372641231635,0.25,17.333245754241943
839277350,Std-XY p=96,0,spsa,sequential,1,random_shared_stream,35,120,5,192,7.6558637619018555,87,0.34866559505462646,0.025162771344184875,0.0006320658139884472,0.0006232718587853014,0.0006320658721961081,0.22938881677515566,0.013966227856027484,0.07997998595237732,17.84601855278015
839277350,Std-XY p=96,0,spsa,sequential,1,random_shared_stream,40,120,5,192,7.6558637619018555,97,2.850214719772339,0.20569655299186707,0.041851956397295,0.04223760589957237,0.0411357581615448,0.21584457559762088,0.013779134410346052,0.25,18.35843563079834
839277350,Std-XY p=96,0,spsa,sequential,1,random_shared_stream,45,120,5,192,7.6558637619018555,107,2.7562177181243896,0.19891288876533508,0.03956633433699608,0.03956633433699608,0.03956633433699608,0.2042389121545736,0.013616187769422706,0.25,18.872727394104004
839277350,Std-XY p=96,0,spsa,sequential,1,random_shared_stream,50,120,5,192,7.6558637619018555,117,1.1140364408493042,0.08039866387844086,0.006284389644861221,0.005989809054881334,0.006438694428652525,0.1941580290201172,0.013472060523173781,0.2162991166114807,19.38509178161621
839277350,Std-XY p=96,0,spsa,sequential,1,random_shared_stream,55,120,5,192,7.6558637619018555,127,2.6229941844940186,0.18929831683635712,0.03457406535744667,0.03457406535744667,0.03457406163215637,0.1853011525105464,0.01334299625175472,0.25,19.897958755493164
839277350,Std-XY p=96,0,spsa,sequential,1,random_shared_stream,60,120,5,192,7.6558637619018555,137,0.5055503845214844,0.03648495674133301,0.0013298522680997849,0.001321907970122993,0.0013305743923410773,0.17744386514599217,0.013226249755755135,0.08970681577920914,20.411274194717407
839277350,Std-XY p=96,0,spsa,sequential,1,random_shared_stream,65,120,5,192,7.6558637619018555,147,0.3940753638744354,0.028439942747354507,0.0008080403786152601,0.0007863627397455275,0.000800053880084306,0.17041496714402088,0.01311975565249048,0.0671563446521759,20.92822027206421
839277350,Std-XY p=96,0,spsa,sequential,1,random_shared_stream,70,120,5,192,7.6558637619018555,157,0.058857738971710205,0.004247691482305527,1.8011558495345525e-05,1.8035052562481724e-05,1.784710730134975e-05,0.1640813469758008,0.013021922119457682,0.00965745747089386,21.443021059036255
839277350,Std-XY p=96,0,spsa,sequential,1,random_shared_stream,75,120,5,192,7.6558637619018555,167,3.9278693199157715,0.283469557762146,0.07992775738239288,0.07948308438062668,0.08021548390388489,0.15833778367871018,0.01293149713891721,0.25,21.957029104232788
839277350,Std-XY p=96,0,spsa,sequential,1,random_shared_stream,80,120,5,192,7.6558637619018555,177,3.90392804145813,0.281741738319397,0.07934395223855972,0.07851710170507431,0.07906833291053772,0.15309989034965227,0.012847478719003411,0.25,22.47024965286255
839277350,Std-XY p=96,0,spsa,sequential,1,random_shared_stream,85,120,5,192,7.6558637619018555,187,2.072356939315796,0.14955948293209076,0.02232920564711094,0.02228066511452198,0.022358329966664314,0.1482991178613023,0.012769052840860788,0.25,22.983753204345703
839277350,Std-XY p=96,0,spsa,sequential,1,random_shared_stream,90,120,5,192,7.652673244476318,197,0.3986557126045227,0.02877049706876278,0.000827741518151015,0.0008273822604678571,0.000827382318675518,0.14387914498434812,0.01269554947299621,0.057358238846063614,23.496765851974487
839277350,Std-XY p=96,0,spsa,sequential,1,random_shared_stream,95,120,5,192,7.652673244476318,207,0.9047650694847107,0.06529580056667328,0.004226068500429392,0.004113650880753994,0.004263540729880333,0.13979322289797336,0.012626410699612943,0.12648002803325653,24.00969624519348
839277350,Std-XY p=96,0,spsa,sequential,1,random_shared_stream,100,120,5,192,7.652673244476318,217,0.678284764289856,0.048950985074043274,0.002393858740106225,0.0023920389357954264,0.0023701984900981188,0.13600219010592463,0.012561167176266359,0.09224820137023926,24.5231614112854
839277350,Std-XY p=96,0,spsa,sequential,1,random_shared_stream,105,120,5,192,7.652673244476318,227,0.323241651058197,0.023327957838773727,0.0005432487814687192,0.0005420678644441068,0.0005439574015326798,0.13247296688455024,0.01249942043693397,0.04282078146934509,25.02808141708374
839277350,Std-XY p=96,0,spsa,sequential,1,random_shared_stream,110,120,5,192,7.652673244476318,237,1.7029528617858887,0.12290003150701523,0.015089667402207851,0.014940525405108929,0.01468485128134489,0.1291773983813438,0.012440829393713411,0.21998299658298492,25.545342445373535
839277350,Std-XY p=96,0,spsa,sequential,1,random_shared_stream,115,120,5,192,7.652673244476318,247,5.8061699867248535,0.4190242290496826,0.17558132112026215,0.17550508677959442,0.17550510168075562,0.12609135498465124,0.012385099893453082,0.25,26.059332847595215
839277350,Std-XY p=96,0,spsa,sequential,1,random_shared_stream,120,120,5,192,7.652673244476318,257,4.740598201751709,0.34212321043014526,0.11699750274419785,0.11699748784303665,0.11699748784303665,0.12319402511116567,0.012331976538504544,0.25,26.574676036834717
839277350,Std-XY p=96,0,spsa,sequential,2,random_shared_stream,1,120,5,192,7.6564555168151855,19,3.327906370162964,0.24017095565795898,0.05717511102557182,0.05705619230866432,0.05728152021765709,0.5128686587695834,0.02,0.25,27.67943286895752
839277350,Std-XY p=96,0,spsa,sequential,2,random_shared_stream,5,120,5,192,7.6564555168151855,27,0.2712952196598053,0.019579045474529266,0.0003813008079305291,0.00038317262078635395,0.000372690730728209,0.4363849936452588,0.016999416915812672,0.11838915944099426,28.08910822868347
839277350,Std-XY p=96,0,spsa,sequential,2,random_shared_stream,10,120,5,192,7.6564555168151855,37,1.4169087409973145,0.10225658118724823,0.010428044013679028,0.010383795015513897,0.01045187097042799,0.3736470902097602,0.015850026609609436,0.25,28.607096195220947
839277350,Std-XY p=96,0,spsa,sequential,2,random_shared_stream,15,120,5,192,7.656124114990234,47,3.7795915603637695,0.2727685570716858,0.074370376765728,0.07411203533411026,0.074370376765728,0.33030798478878803,0.015214047873475552,0.25,29.121343851089478
839277350,Std-XY p=96,0,spsa,sequential,2,random_shared_stream,20,120,5,192,7.656124114990234,57,4.145416259765625,0.299169659614563,0.08925969153642654,0.08946362882852554,0.08888093382120132,0.2981945978505934,0.014778350620464044,0.25,29.632861614227295
839277350,Std-XY p=96,0,spsa,sequential,2,random_shared_stream,25,120,5,192,7.656124114990234,67,4.188460350036621,0.3022761046886444,0.0912122055888176,0.09101391583681107,0.08942762017250061,0.2732389580057989,0.014449008773880907,0.25,30.15166425704956
839277350,Std-XY p=96,0,spsa,sequential,2,random_shared_stream,30,120,5,192,7.656124114990234,77,0.1043345034122467,0.0075296941213309765,5.6597866205265746e-05,5.6302567827515304e-05,5.6696288083912805e-05,0.2531651872201357,0.014185372641231635,0.02641386352479458,30.671749353408813
839277350,Std-XY p=96,0,spsa,sequential,2,random_shared_stream,35,120,5,192,7.656124114990234,87,5.625721454620361,0.4060015082359314,0.16481931507587433,0.16369250416755676,0.1641933172941208,0.23659041600566644,0.013966227856027484,0.25,31.19281315803528
839277350,Std-XY p=96,0,spsa,sequential,2,random_shared_stream,40,120,5,192,7.656124114990234,97,1.5425876379013062,0.1113266795873642,0.012307561002671719,0.012345216237008572,0.011742748320102692,0.2226209570768339,0.013779134410346052,0.25,31.713634252548218
839277350,Std-XY p=96,0,spsa,sequential,2,random_shared_stream,45,120,5,192,7.656124114990234,107,3.797320604324341,0.2740480303764343,0.07502896338701248,0.0751023143529892,0.07480894029140472,0.21065093700081727,0.013616187769422706,0.25,32.23335790634155
839277350,Std-XY p=96,0,spsa,sequential,2,random_shared_stream,50,120,5,192,7.656124114990234,117,0.0353117398917675,0.002548405434936285,6.476753242168343e-06,6.469002528319834e-06,6.313970970950322e-06,0.20025356729458904,0.013472060523173781,0.007071302738040686,32.7445170879364
839277350,Std-XY p=96,0,spsa,sequential,2,random_shared_stream,55,120,5,192,7.656124114990234,127,1.682142972946167,0.1213982105255127,0.014577615074813366,0.014577613212168217,0.014577613212168217,0.1911186315668194,0.01334299625175472,0.25,33.26133632659912
839277350,Std-XY p=96,0,spsa,sequential,2,random_shared_stream,60,120,5,192,7.656124114990234,137,2.283219575881958,0.16477718949317932,0.02710437960922718,0.026856904849410057,0.027139732614159584,0.1830146668121728,0.013226249755755135,0.25,33.77366518974304
839277350,Std-XY p=96,0,spsa,sequential,2,random_shared_stream,65,120,5,192,7.656124114990234,147,0.1344640552997589,0.00970410741865635,9.412883082404733e-05,9.41696998779662e-05,9.40062091103755e-05,0.17576509847782015,0.01311975565249048,0.023634089156985283,34.28633260726929
839277350,Std-XY p=96,0,spsa,sequential,2,random_shared_stream,70,120,5,192,7.656124114990234,157,2.005476236343384,0.1447327733039856,0.020911207422614098,0.020865747705101967,0.020938483998179436,0.16923263603485,0.013021922119457682,0.25,34.803536891937256
839277350,Std-XY p=96,0,spsa,sequential,2,random_shared_stream,75,120,5,192,7.656124114990234,167,5.225918292999268,0.37714821100234985,0.14199380576610565,0.14125294983386993,0.1422407478094101,0.16330875513726686,0.01293149713891721,0.25,35.323248863220215
839277350,Std-XY p=96,0,spsa,sequential,2,random_shared_stream,80,120,5,192,7.656124114990234,177,0.6338547468185425,0.045744530856609344,0.0020868852734565735,0.002091653412207961,0.0020780302584171295,0.15790641957820686,0.012847478719003411,0.10008972883224487,35.8322434425354
839277350,Std-XY p=96,0,spsa,sequential,2,random_shared_stream,85,120,5,192,7.656124114990234,187,4.566170692443848,0.32953497767448425,0.10840478539466858,0.10840477794408798,0.10840477794408798,0.1529549281492215,0.012769052840860788,0.25,36.349544525146484
839277350,Std-XY p=96,0,spsa,sequential,2,random_shared_stream,90,120,5,192,7.656124114990234,197,2.061716318130493,0.14879155158996582,0.021898703649640083,0.022129317745566368,0.020976247265934944,0.14839619143139204,0.01269554947299621,0.25,36.86889839172363
839277350,Std-XY p=96,0,spsa,sequential,2,random_shared_stream,95,120,5,192,7.656124114990234,207,1.5316641330718994,0.11053833365440369,0.012133871205151081,0.011577028781175613,0.012170993722975254,0.14418199293744507,0.012626410699612943,0.22083838284015656,37.38890194892883
839277350,Std-XY p=96,0,spsa,sequential,2,random_shared_stream,100,120,5,192,7.656124114990234,217,7.833017826080322,0.565299391746521,0.317864328622818,0.3106866180896759,0.31942468881607056,0.1402719417066517,0.012561167176266359,0.25,37.90425419807434
839277350,Std-XY p=96,0,spsa,sequential,2,random_shared_stream,105,120,5,192,7.656124114990234,227,2.681874990463257,0.19354765117168427,0.037359073758125305,0.037314362823963165,0.0373956598341465,0.13663191948647405,0.01249942043693397,0.25,38.4162073135376
839277350,Std-XY p=96,0,spsa,sequential,2,random_shared_stream,110,120,5,192,7.656124114990234,237,2.0625035762786865,0.14884838461875916,0.021961107850074768,0.02215583808720112,0.021376922726631165,0.13323288751050358,0.012440829393713411,0.25,38.9273726940155
839277350,Std-XY p=96,0,spsa,sequential,2,random_shared_stream,115,120,5,192,7.656124114990234,247,1.274759292602539,0.09199783205986023,0.008448907174170017,0.008459927514195442,0.008371764793992043,0.1300499586245209,0.012385099893453082,0.1657824069261551,39.441205739974976
839277350,Std-XY p=96,0,spsa,sequential,2,random_shared_stream,120,120,5,192,7.656124114990234,257,2.128929376602173,0.15364223718643188,0.023595690727233887,0.023595690727233887,0.023595692589879036,0.1270616678712472,0.012331976538504544,0.25,39.95504140853882
839277350,Std-XY p=96,0,spsa,sequential,3,random_shared_stream,1,120,5,192,7.6594085693359375,19,0.30938446521759033,0.022327899932861328,0.0004980482626706362,0.0004965877160429955,0.0004985351115465164,0.5279589646762647,0.02,0.16334231197834015,41.05474233627319
839277350,Std-XY p=96,0,spsa,sequential,3,random_shared_stream,5,120,5,192,7.6594085693359375,27,0.7561674118041992,0.05457168072462082,0.002978068543598056,0.002957387128844857,0.002957387128844857,0.44922489511826064,0.016999416915812672,0.25,41.47085523605347
839277350,Std-XY p=96,0,spsa,sequential,3,random_shared_stream,10,120,5,192,7.657777309417725,37,1.8085490465164185,0.1305207908153534,0.01694509945809841,0.01691737212240696,0.01696913130581379,0.3846410333879877,0.015850026609609436,0.25,41.98904371261597
839277350,Std-XY p=96,0,spsa,sequential,3,random_shared_stream,15,120,5,192,7.657777309417725,47,5.4038214683532715,0.3899872303009033,0.1516774743795395,0.15149593353271484,0.14786532521247864,0.3400267469877501,0.015214047873475552,0.25,42.50556468963623
839277350,Std-XY p=96,0,spsa,sequential,3,random_shared_stream,20,120,5,192,7.657777309417725,57,0.9663845896720886,0.06974279880523682,0.004788057412952185,0.004861947149038315,0.004507275763899088,0.3069684771359464,0.014778350620464044,0.25,43.01750063896179
839277350,Std-XY p=96,0,spsa,sequential,3,random_shared_stream,25,120,5,192,7.657777309417725,67,0.8521422147750854,0.061498068273067474,0.003781602019444108,0.003701578825712204,0.0036769567523151636,0.28127855916181876,0.014449008773880907,0.23968930542469025,43.52558660507202
839277350,Std-XY p=96,0,spsa,sequential,3,random_shared_stream,30,120,5,192,7.657777309417725,77,6.091225624084473,0.43959635496139526,0.1927207112312317,0.19290943443775177,0.19249005615711212,0.2606141511112796,0.014185372641231635,0.25,44.04373025894165
839277350,Std-XY p=96,0,spsa,sequential,3,random_shared_stream,35,120,5,192,7.657777309417725,87,4.06145715713501,0.2931104302406311,0.08254840224981308,0.08352724462747574,0.0814017578959465,0.24355169486540362,0.013966227856027484,0.25,44.55595850944519
839277350,Std-XY p=96,0,spsa,sequential,3,random_shared_stream,40,120,5,192,7.657777309417725,97,2.311483860015869,0.16681699454784393,0.02781582809984684,0.0277795922011137,0.02763465605676174,0.22917120787903167,0.013779134410346052,0.25,45.06991171836853
839277350,Std-XY p=96,0,spsa,sequential,3,random_shared_stream,45,120,5,192,7.657777309417725,107,0.9746237993240356,0.07033741474151611,0.004946815315634012,0.004947351757436991,0.004945204593241215,0.21684898990289467,0.013616187769422706,0.21134617924690247,45.58982825279236
839277350,Std-XY p=96,0,spsa,sequential,3,random_shared_stream,50,120,5,192,7.657777309417725,117,2.2226781845092773,0.16040799021720886,0.025686047971248627,0.025686047971248627,0.025328675284981728,0.20614569491383034,0.013472060523173781,0.25,46.107876777648926
839277350,Std-XY p=96,0,spsa,sequential,3,random_shared_stream,55,120,5,192,7.657777309417725,127,0.5489124059677124,0.03961434215307236,0.0015691258013248444,0.0015686150873079896,0.001569296233355999,0.19674197891997733,0.01334299625175472,0.10799411684274673,46.62395262718201
839277350,Std-XY p=96,0,spsa,sequential,3,random_shared_stream,60,120,5,192,7.657777309417725,137,1.6432886123657227,0.11859413981437683,0.014026417396962643,0.014058464206755161,0.013966899365186691,0.1883995685026576,0.013226249755755135,0.25,47.13425946235657
839277350,Std-XY p=96,0,spsa,sequential,3,random_shared_stream,65,120,5,192,7.657777309417725,147,1.2381268739700317,0.08935412019491196,0.007980692200362682,0.007984158582985401,0.007970296777784824,0.18093669369697715,0.01311975565249048,0.22402258217334747,47.653968334198
839277350,Std-XY p=96,0,spsa,sequential,3,random_shared_stream,70,120,5,192,7.657777309417725,157,0.2777984142303467,0.020048372447490692,0.00040123946382664144,0.0004012394056189805,0.0004012394056189805,0.1742120244289208,0.013021922119457682,0.04839582368731499,48.16155791282654
839277350,Std-XY p=96,0,spsa,sequential,3,random_shared_stream,75,120,5,192,7.657777309417725,167,0.6024010181427002,0.04347454756498337,0.0018892158987000585,0.0018900362774729729,0.001886754878796637,0.16811384320440068,0.01293149713891721,0.10127194225788116,48.67626714706421
839277350,Std-XY p=96,0,spsa,sequential,3,random_shared_stream,80,120,5,192,7.657777309417725,177,1.6714223623275757,0.12062451243400574,0.014322925359010696,0.014146099798381329,0.014449230395257473,0.1625525529211578,0.012847478719003411,0.25,49.19096636772156
839277350,Std-XY p=96,0,spsa,sequential,3,random_shared_stream,85,120,5,192,7.657777309417725,187,0.4028289318084717,0.02907167375087738,0.0008406686247326434,0.0008436948992311954,0.0008359916391782463,0.1574553721054648,0.012769052840860788,0.06342757493257523,49.70756769180298
839277350,Std-XY p=96,0,spsa,sequential,3,random_shared_stream,90,120,5,192,7.657777309417725,197,0.6786515116691589,0.048977456986904144,0.002377707976847887,0.002394626149907708,0.002347775036469102,0.15276250215402132,0.01269554947299621,0.10367250442504883,50.22427773475647
839277350,Std-XY p=96,0,spsa,sequential,3,random_shared_stream,95,120,5,192,7.657777309417725,207,3.904252290725708,0.2817651629447937,0.07931406050920486,0.07925375550985336,0.07935713231563568,0.1484243078897387,0.012626410699612943,0.25,50.74342703819275
839277350,Std-XY p=96,0,spsa,sequential,3,random_shared_stream,100,120,5,192,7.654862403869629,217,0.4844515323638916,0.03496227785944939,0.0012211671564728022,0.0011963645229116082,0.001213872223161161,0.14439920991515517,0.012561167176266359,0.06995442509651184,51.260371685028076
839277350,Std-XY p=96,0,spsa,sequential,3,random_shared_stream,105,120,5,192,7.654862403869629,227,1.4473191499710083,0.1044512614607811,0.010880470275878906,0.010905330069363117,0.010834301821887493,0.14065208610498883,0.01249942043693397,0.2035684734582901,51.77430558204651
839277350,Std-XY p=96,0,spsa,sequential,3,random_shared_stream,110,120,5,192,7.654862403869629,237,0.25678393244743347,0.018531784415245056,0.0003433898091316223,0.0003420855209697038,0.00034283081186003983,0.13715304327550462,0.012440829393713411,0.03521869704127312,52.29457926750183
839277350,Std-XY p=96,0,spsa,sequential,3,random_shared_stream,115,120,5,192,7.654862403869629,247,2.4654948711395264,0.1779317706823349,0.03143985942006111,0.030986398458480835,0.03164597600698471,0.1338764620094293,0.012385099893453082,0.25,52.80736041069031
839277350,Std-XY p=96,0,spsa,sequential,3,random_shared_stream,120,120,5,192,7.654862403869629,257,1.0482572317123413,0.07565145194530487,0.005713207181543112,0.005713207181543112,0.005713207181543112,0.13080024577887417,0.012331976538504544,0.1371123045682907,53.36950874328613
839277350,Std-XY p=96,0,spsa,sequential,4,continuation,1,120,5,192,0.06398485600948334,19,35.82103729248047,2.585160732269287,6.676529407501221,6.636645793914795,6.680154800415039,0.0023020784164780425,0.02,0.082462839782238,54.48142457008362
839277350,Std-XY p=96,0,spsa,sequential,4,continuation,5,120,5,192,0.06398485600948334,27,167.91366577148438,12.118124961853027,146.4506072998047,145.25555419921875,146.8489532470703,0.001958771428060671,0.016999416915812672,0.25,54.89496850967407
839277350,Std-XY p=96,0,spsa,sequential,4,continuation,10,120,5,192,0.06398485600948334,37,206.01055908203125,14.867532730102539,220.1800537109375,217.58970642089844,221.0435028076172,0.0016771640985341616,0.015850026609609436,0.25,55.41235709190369
839277350,Std-XY p=96,0,spsa,sequential,4,continuation,15,120,5,192,0.06398485600948334,47,277.0933837890625,19.997493743896484,399.7261657714844,398.337646484375,399.7262268066406,0.0014826308248136666,0.015214047873475552,0.25,55.92818260192871
839277350,Std-XY p=96,0,spsa,sequential,4,continuation,20,120,5,192,0.06398485600948334,57,285.1212158203125,20.57685089111328,419.6854553222656,423.2230224609375,411.6454772949219,0.0013384856646711373,0.014778350620464044,0.25,56.444185972213745
839277350,Std-XY p=96,0,spsa,sequential,4,continuation,25,120,5,192,0.06398485600948334,67,385.9714660644531,27.855093002319336,775.1484375,775.9061889648438,772.875244140625,0.0012264689935921754,0.014449008773880907,0.25,56.95741581916809
839277350,Std-XY p=96,0,spsa,sequential,4,continuation,30,120,5,192,0.06398485600948334,77,1521.5440673828125,109.8079833984375,12052.55859375,12036.859375,12057.79296875,0.0011363652337448337,0.014185372641231635,0.25,57.473002433776855
839277350,Std-XY p=96,0,spsa,sequential,4,continuation,35,120,5,192,0.06398485600948334,87,1868.5924072265625,134.85403442382812,18183.638671875,17901.4609375,17798.8515625,0.001061967193586888,0.013966227856027484,0.25,57.993345737457275
839277350,Std-XY p=96,0,spsa,sequential,4,continuation,40,120,5,192,0.06398485600948334,97,149.88369750976562,10.816924095153809,116.68844604492188,114.5174331665039,116.8027114868164,0.0009992634402183481,0.013779134410346052,0.14977331459522247,58.50843358039856
839277350,Std-XY p=96,0,spsa,sequential,4,continuation,45,120,5,192,0.06398485600948334,107,76.6932144165039,5.53485631942749,30.471750259399414,30.6213321685791,30.155961990356445,0.0009455344310643947,0.013616187769422706,0.072516068816185,59.02942657470703
839277350,Std-XY p=96,0,spsa,sequential,4,continuation,50,120,5,192,0.06398485600948334,117,307.8779296875,22.21917724609375,492.3526306152344,491.7633361816406,492.8348083496094,0.0008988644698968042,0.013472060523173781,0.25,59.546085834503174
839277350,Std-XY p=96,0,spsa,sequential,4,continuation,55,120,5,192,0.06398485600948334,127,460.7370910644531,33.25083541870117,1103.6986083984375,1105.6180419921875,1097.9400634765625,0.0008578611096500232,0.01334299625175472,0.25,60.06132674217224
839277350,Std-XY p=96,0,spsa,sequential,4,continuation,60,120,5,192,0.06398485600948334,137,1312.6610107421875,94.733154296875,8950.025390625,8974.3701171875,8876.9921875,0.0008214853981875057,0.013226249755755135,0.25,60.57141733169556
839277350,Std-XY p=96,0,spsa,sequential,4,continuation,65,120,5,192,0.06398485600948334,147,57.574031829833984,4.15504789352417,17.21759033203125,17.196985244750977,17.23444938659668,0.0007889447574095443,0.01311975565249048,0.04542273283004761,61.08565545082092
839277350,Std-XY p=96,0,spsa,sequential,4,continuation,70,120,5,192,0.06398485600948334,157,344.6329040527344,24.87173843383789,615.3142700195312,614.3074340820312,616.1868896484375,0.000759622940723586,0.013021922119457682,0.25,61.597485303878784
839277350,Std-XY p=96,0,spsa,sequential,4,continuation,75,120,5,192,0.06398485600948334,167,606.46044921875,43.767513275146484,1898.7587890625,1914.763671875,1862.3841552734375,0.0007330328223318136,0.01293149713891721,0.25,62.11115217208862
839277350,Std-XY p=96,0,spsa,sequential,4,continuation,80,120,5,192,0.06398485600948334,177,198.51893615722656,14.32686996459961,205.23692321777344,204.90283203125,204.4573974609375,0.0007087837287745658,0.012847478719003411,0.14070698618888855,62.628556966781616
839277350,Std-XY p=96,0,spsa,sequential,4,continuation,85,120,5,192,0.06398485600948334,187,75.49329376220703,5.448259353637695,29.680307388305664,29.631996154785156,29.67064666748047,0.0006865583083806002,0.012769052840860788,0.05183055251836777,63.14377236366272
839277350,Std-XY p=96,0,spsa,sequential,4,continuation,90,120,5,192,0.06398485600948334,197,399.6213684082031,28.840190887451172,831.756591796875,831.7564086914062,831.756591796875,0.0006660958191544142,0.01269554947299621,0.25,63.656115770339966
839277350,Std-XY p=96,0,spsa,sequential,4,continuation,95,120,5,192,0.06398485600948334,207,386.9215393066406,27.923656463623047,777.615478515625,779.3922729492188,774.3158569335938,0.0006471798350524725,0.012626410699612943,0.25,64.1718099117279
839277350,Std-XY p=96,0,spsa,sequential,4,continuation,100,120,5,192,0.06398485600948334,217,68.40760803222656,4.936894416809082,24.052919387817383,23.695894241333008,24.2777156829834,0.0006296290559361826,0.012561167176266359,0.04307142272591591,64.68337798118591
839277350,Std-XY p=96,0,spsa,sequential,4,continuation,105,120,5,192,0.06398485600948334,227,171.5815887451172,12.382834434509277,153.26805114746094,153.2680206298828,153.26803588867188,0.0006132903375425204,0.01249942043693397,0.10522933304309845,65.20402598381042
839277350,Std-XY p=96,0,spsa,sequential,4,continuation,110,120,5,192,0.06398485600948334,237,63.057315826416016,4.550769805908203,20.599397659301758,20.56568717956543,20.62860870361328,0.0005980333355498995,0.012440829393713411,0.03771037608385086,65.71693277359009
839277350,Std-XY p=96,0,spsa,sequential,4,continuation,115,120,5,192,0.06398485600948334,247,366.8439636230469,26.474681854248047,700.6045532226562,693.3034057617188,698.1708374023438,0.0005837463406939764,0.012385099893453082,0.21414382755756378,66.23116683959961
839277350,Std-XY p=96,0,spsa,sequential,4,continuation,120,120,5,192,0.06398485600948334,257,302.71942138671875,21.846893310546875,473.9722595214844,460.5071716308594,477.0796203613281,0.0005703330046913899,0.012331976538504544,0.17265087366104126,66.74657726287842
