seed,label,trial,optimizer,optimizer_execution,restart,initializer_role,step,max_steps,restart_count,parameter_count,energy_min,objective_calls,gradient_l2,gradient_abs_mean,gradient_variance,gamma_gradient_variance,beta_gradient_variance,spsa_a_k,spsa_c_k,spsa_update_l2,elapsed_sec
176430694,XY-Warm-Same-State S2 p2=1,0,spsa,sequential,0,deterministic_linear_ramp,1,120,5,2,1.898532509803772,19,5.392899990081787,3.8133561611175537,0.0,0.0,0.0,0.01302774540921736,0.02,0.07025732845067978,0.05833745002746582
176430694,XY-Warm-Same-State S2 p2=1,0,spsa,sequential,0,deterministic_linear_ramp,5,120,5,2,1.8251866102218628,27,0.19621270895004272,0.1387433409690857,0.01924971491098404,0.0,0.0,0.011084928861226277,0.016999416915812672,0.0021750039886683226,0.0716395378112793
176430694,XY-Warm-Same-State S2 p2=1,0,spsa,sequential,0,deterministic_linear_ramp,10,120,5,2,1.8251866102218628,37,0.1090870350599289,0.07713618129491806,0.0059499903582036495,0.0,0.0,0.009491278285216051,0.015850026609609436,0.0010353754041716456,0.09015011787414551
176430694,XY-Warm-Same-State S2 p2=1,0,spsa,sequential,0,deterministic_linear_ramp,15,120,5,2,1.8251866102218628,47,0.05947191268205643,0.042052991688251495,0.0,0.0,0.0,0.008390390519833375,0.015214047873475552,0.0004989925655536354,0.10756421089172363
176430694,XY-Warm-Same-State S2 p2=1,0,spsa,sequential,0,deterministic_linear_ramp,20,120,5,2,1.8251866102218628,57,0.036938220262527466,0.02611926570534706,0.0,0.0,0.0,0.0075746552977549175,0.014778350620464044,0.0002797942725010216,0.12595725059509277
176430694,XY-Warm-Same-State S2 p2=1,0,spsa,sequential,0,deterministic_linear_ramp,25,120,5,2,1.8251866102218628,67,0.11898769438266754,0.08413700759410858,0.0,0.0,0.0,0.0069407391539958434,0.014449008773880907,0.0008258625748567283,0.14406609535217285
176430694,XY-Warm-Same-State S2 p2=1,0,spsa,sequential,0,deterministic_linear_ramp,30,120,5,2,1.8251866102218628,77,0.061431460082530975,0.04343860223889351,0.0018869121558964252,0.0,0.0,0.006430830874893733,0.014185372641231635,0.0003950553364120424,0.1613304615020752
176430694,XY-Warm-Same-State S2 p2=1,0,spsa,sequential,0,deterministic_linear_ramp,35,120,5,2,1.8251866102218628,87,0.08117194473743439,0.05739723518490791,0.0032944425474852324,0.0,0.0,0.006009803198692639,0.013966227856027484,0.00048782743397168815,0.17991018295288086
176430694,XY-Warm-Same-State S2 p2=1,0,spsa,sequential,0,deterministic_linear_ramp,40,120,5,2,1.8251866102218628,97,0.07213131338357925,0.05100454017519951,0.0,0.0,0.0,0.0056549549323432,0.013779134410346052,0.0004078992933500558,0.19780731201171875
176430694,XY-Warm-Same-State S2 p2=1,0,spsa,sequential,0,deterministic_linear_ramp,45,120,5,2,1.8251866102218628,107,0.0783742219209671,0.0554189458489418,0.0,0.0,0.0,0.005350895849326343,0.013616187769422706,0.00041937228525057435,0.2136988639831543
176430694,XY-Warm-Same-State S2 p2=1,0,spsa,sequential,0,deterministic_linear_ramp,50,120,5,2,1.8251866102218628,117,0.1172485500574112,0.08290724456310272,0.006873611360788345,0.0,0.0,0.005086784788644223,0.013472060523173781,0.0005964181036688387,0.23194169998168945
176430694,XY-Warm-Same-State S2 p2=1,0,spsa,sequential,0,deterministic_linear_ramp,55,120,5,2,1.8251866102218628,127,0.08811578154563904,0.062307264655828476,0.0,0.0,0.0,0.004854741720782646,0.01334299625175472,0.0004277793050277978,0.24975180625915527
176430694,XY-Warm-Same-State S2 p2=1,0,spsa,sequential,0,deterministic_linear_ramp,60,120,5,2,1.8251866102218628,137,0.05292952433228493,0.03742682561278343,0.0,0.0,0.0,0.00464888708758651,0.013226249755755135,0.0002460633695591241,0.26829981803894043
176430694,XY-Warm-Same-State S2 p2=1,0,spsa,sequential,0,deterministic_linear_ramp,65,120,5,2,1.8251866102218628,147,0.06827788054943085,0.04827975481748581,0.002330934628844261,0.0,0.0,0.00446473559193214,0.01311975565249048,0.0003048426879104227,0.2859976291656494
176430694,XY-Warm-Same-State S2 p2=1,0,spsa,sequential,0,deterministic_linear_ramp,70,120,5,2,1.8251866102218628,157,0.04138325899839401,0.02926238439977169,0.0008562871371395886,0.0,0.0,0.004298799818421511,0.013021922119457682,0.00017789834237191826,0.30426573753356934
176430694,XY-Warm-Same-State S2 p2=1,0,spsa,sequential,0,deterministic_linear_ramp,75,120,5,2,1.8251866102218628,167,0.1196075826883316,0.08457533270120621,0.0,0.0,0.0,0.004148323062143621,0.01293149713891721,0.0004961708909831941,0.3227691650390625
176430694,XY-Warm-Same-State S2 p2=1,0,spsa,sequential,0,deterministic_linear_ramp,80,120,5,2,1.8251866102218628,177,0.10267478972673416,0.0726020410656929,0.0,0.0,0.0,0.004011094453853452,0.012847478719003411,0.0004118382930755615,0.3400237560272217
176430694,XY-Warm-Same-State S2 p2=1,0,spsa,sequential,0,deterministic_linear_ramp,85,120,5,2,1.8251866102218628,187,0.06376297771930695,0.04508723318576813,0.0020328585524111986,0.0,0.0,0.003885318061340989,0.012769052840860788,0.0002477394591551274,0.3569779396057129
176430694,XY-Warm-Same-State S2 p2=1,0,spsa,sequential,0,deterministic_linear_ramp,90,120,5,2,1.8251866102218628,197,0.06769098341464996,0.047864753752946854,0.002291034674271941,0.0,0.0,0.003769518313526383,0.01269554947299621,0.0002551624202169478,0.3750028610229492
176430694,XY-Warm-Same-State S2 p2=1,0,spsa,sequential,0,deterministic_linear_ramp,95,120,5,2,1.8251866102218628,207,0.10753672569990158,0.07603994756937027,0.0,0.0,0.0,0.0036624704287623543,0.012626410699612943,0.0003938500885851681,0.39238405227661133
176430694,XY-Warm-Same-State S2 p2=1,0,spsa,sequential,0,deterministic_linear_ramp,100,120,5,2,1.8251866102218628,217,0.03472765535116196,0.02455615997314453,0.0006030049989931285,0.0,0.0,0.0035631484072257283,0.012561167176266359,0.00012373979552648962,0.4109318256378174
176430694,XY-Warm-Same-State S2 p2=1,0,spsa,sequential,0,deterministic_linear_ramp,105,120,5,2,1.8251866102218628,227,0.059911999851465225,0.04236418008804321,0.0,0.0,0.0,0.0034706855866623964,0.01249942043693397,0.00020793570729438215,0.4309384822845459
176430694,XY-Warm-Same-State S2 p2=1,0,spsa,sequential,0,deterministic_linear_ramp,110,120,5,2,1.8251866102218628,237,0.06428659707307816,0.04545748978853226,0.0,0.0,0.0,0.0033843443324961388,0.012440829393713411,0.00021756796923000365,0.445436954498291
176430694,XY-Warm-Same-State S2 p2=1,0,spsa,sequential,0,deterministic_linear_ramp,115,120,5,2,1.8251866102218628,247,0.04662829637527466,0.03297118470072746,0.0,0.0,0.0,0.0033034924682357886,0.012385099893453082,0.00015403622819576412,0.46376967430114746
176430694,XY-Warm-Same-State S2 p2=1,0,spsa,sequential,0,deterministic_linear_ramp,120,120,5,2,1.8251866102218628,257,0.06984387338161469,0.04938707873225212,0.002439083531498909,0.0,0.0,0.003227584747074261,0.012331976538504544,0.00022542702208738774,0.481398344039917
176430694,XY-Warm-Same-State S2 p2=1,0,spsa,sequential,1,random_shared_stream,1,120,5,2,1.9841454029083252,19,3.245661497116089,2.2950291633605957,5.2671589851379395,0.0,0.0,0.0252895638125698,0.02,0.08208136260509491,0.5105059146881104
176430694,XY-Warm-Same-State S2 p2=1,0,spsa,sequential,1,random_shared_stream,5,120,5,2,1.7553801536560059,27,1.5601712465286255,1.1032077074050903,0.0,0.0,0.0,0.021518152756918176,0.016999416915812672,0.0335720032453537,0.5283112525939941
176430694,XY-Warm-Same-State S2 p2=1,0,spsa,sequential,1,random_shared_stream,10,120,5,2,1.424627423286438,37,1.0169578790664673,0.7190977931022644,0.0,0.0,0.0,0.018424545484823775,0.015850026609609436,0.018736988306045532,0.5482251644134521
176430694,XY-Warm-Same-State S2 p2=1,0,spsa,sequential,1,random_shared_stream,15,120,5,2,1.3854700326919556,47,0.025264756754040718,0.017864881083369255,0.0,0.0,0.0,0.016287493330471376,0.015214047873475552,0.0004114995535928756,0.56689453125
176430694,XY-Warm-Same-State S2 p2=1,0,spsa,sequential,1,random_shared_stream,20,120,5,2,1.3742642402648926,57,0.10135766118764877,0.07167068868875504,0.0,0.0,0.0,0.014703981578827983,0.014778350620464044,0.0014903611736372113,0.5862030982971191
176430694,XY-Warm-Same-State S2 p2=1,0,spsa,sequential,1,random_shared_stream,25,120,5,2,1.3576138019561768,67,0.36655983328819275,0.259196937084198,0.0,0.0,0.0,0.01347341847939324,0.014449008773880907,0.004938813857734203,0.6044111251831055
176430694,XY-Warm-Same-State S2 p2=1,0,spsa,sequential,1,random_shared_stream,30,120,5,2,1.347879409790039,77,0.7223990559577942,0.510813295841217,0.26093021035194397,0.0,0.0,0.012483580440818525,0.014185372641231635,0.009018126875162125,0.6230213642120361
176430694,XY-Warm-Same-State S2 p2=1,0,spsa,sequential,1,random_shared_stream,35,120,5,2,1.339028239250183,87,0.5280733108520508,0.37340423464775085,0.1394307166337967,0.0,0.0,0.011666278141019806,0.013966227856027484,0.006160649936646223,0.641869306564331
176430694,XY-Warm-Same-State S2 p2=1,0,spsa,sequential,1,random_shared_stream,40,120,5,2,1.3312755823135376,97,0.604028582572937,0.42711272835731506,0.0,0.0,0.0,0.010977443842087722,0.013779134410346052,0.006630690302699804,0.6582098007202148
176430694,XY-Warm-Same-State S2 p2=1,0,spsa,sequential,1,random_shared_stream,45,120,5,2,1.324633240699768,107,0.4883221983909607,0.3452959358692169,0.0,0.0,0.0,0.01038720191294273,0.013616187769422706,0.0050723012536764145,0.6783151626586914
176430694,XY-Warm-Same-State S2 p2=1,0,spsa,sequential,1,random_shared_stream,50,120,5,2,1.3175112009048462,117,0.5379079580307007,0.38035836815834045,0.0,0.0,0.0,0.009874507404958235,0.013472060523173781,0.005311576183885336,0.6988928318023682
176430694,XY-Warm-Same-State S2 p2=1,0,spsa,sequential,1,random_shared_stream,55,120,5,2,1.311354637145996,127,0.512812614440918,0.3626132607460022,0.0,0.0,0.0,0.009424063541678723,0.01334299625175472,0.004832778126001358,0.7188160419464111
176430694,XY-Warm-Same-State S2 p2=1,0,spsa,sequential,1,random_shared_stream,60,120,5,2,1.30561101436615,137,0.4868241548538208,0.34423667192459106,0.0,0.0,0.0,0.009024456877685771,0.013226249755755135,0.004393323790282011,0.7388851642608643
176430694,XY-Warm-Same-State S2 p2=1,0,spsa,sequential,1,random_shared_stream,65,120,5,2,1.300170660018921,147,0.4673440158367157,0.33046212792396545,0.0,0.0,0.0,0.008666980518250898,0.01311975565249048,0.004050461109727621,0.7588386535644531
176430694,XY-Warm-Same-State S2 p2=1,0,spsa,sequential,1,random_shared_stream,70,120,5,2,1.2943568229675293,157,0.5979308485984802,0.4228009581565857,0.17876064777374268,0.0,0.0,0.008344864664650006,0.013021922119457682,0.004989651497453451,0.7774860858917236
176430694,XY-Warm-Same-State S2 p2=1,0,spsa,sequential,1,random_shared_stream,75,120,5,2,1.2891181707382202,167,0.5525063276290894,0.3906809687614441,0.0,0.0,0.0,0.008052757979213418,0.01293149713891721,0.004449199885129929,0.7947649955749512
176430694,XY-Warm-Same-State S2 p2=1,0,spsa,sequential,1,random_shared_stream,80,120,5,2,1.2842373847961426,177,0.5636254549026489,0.3985433876514435,0.0,0.0,0.0,0.007786368704841432,0.012847478719003411,0.004388595465570688,0.8134670257568359
176430694,XY-Warm-Same-State S2 p2=1,0,spsa,sequential,1,random_shared_stream,85,120,5,2,1.2799197435379028,187,0.4801928699016571,0.33954763412475586,0.0,0.0,0.0,0.007542210563532633,0.012769052840860788,0.003621715819463134,0.8339090347290039
176430694,XY-Warm-Same-State S2 p2=1,0,spsa,sequential,1,random_shared_stream,90,120,5,2,1.2754435539245605,197,0.4711146354675293,0.3331283628940582,0.1109745055437088,0.0,0.0,0.0073174191648793414,0.01269554947299621,0.003447343595325947,0.8524134159088135
176430694,XY-Warm-Same-State S2 p2=1,0,spsa,sequential,1,random_shared_stream,95,120,5,2,1.2707114219665527,207,0.5616838335990906,0.39717042446136475,0.0,0.0,0.0,0.007109616952930592,0.012626410699612943,0.003993356600403786,0.8728556632995605
176430694,XY-Warm-Same-State S2 p2=1,0,spsa,sequential,1,random_shared_stream,100,120,5,2,1.268100380897522,217,0.39929085969924927,0.28234127163887024,0.07971659302711487,0.0,0.0,0.006916812248605715,0.012561167176266359,0.0027618196327239275,0.8919005393981934
176430694,XY-Warm-Same-State S2 p2=1,0,spsa,sequential,1,random_shared_stream,105,120,5,2,1.2646785974502563,227,0.3575499951839447,0.2528260350227356,0.0639210045337677,0.0,0.0,0.00673732268019028,0.01249942043693397,0.00240892986766994,0.9105098247528076
176430694,XY-Warm-Same-State S2 p2=1,0,spsa,sequential,1,random_shared_stream,110,120,5,2,1.260905385017395,237,0.3614901304244995,0.2556121349334717,0.06533756107091904,0.0,0.0,0.006569716345532405,0.012440829393713411,0.0023748876992613077,0.9298102855682373
176430694,XY-Warm-Same-State S2 p2=1,0,spsa,sequential,1,random_shared_stream,115,120,5,2,1.2567625045776367,247,0.3685411810874939,0.26059797406196594,0.0679113045334816,0.0,0.0,0.006412766058560211,0.012385099893453082,0.0023633684031665325,0.9463343620300293
176430694,XY-Warm-Same-State S2 p2=1,0,spsa,sequential,1,random_shared_stream,120,120,5,2,1.2521198987960815,257,0.545695424079895,0.3858649432659149,0.0,0.0,0.0,0.006265413381801345,0.012331976538504544,0.0034190076403319836,0.9654929637908936
176430694,XY-Warm-Same-State S2 p2=1,0,spsa,sequential,2,random_shared_stream,1,120,5,2,1.8394960165023804,19,3.222400426864624,2.278581142425537,5.191932201385498,0.0,0.0,0.024267969319733764,0.02,0.07820110768079758,0.9971089363098145
176430694,XY-Warm-Same-State S2 p2=1,0,spsa,sequential,2,random_shared_stream,5,120,5,2,0.05701841041445732,27,4.207106590270996,2.9748735427856445,0.0,0.0,0.0,0.020648907778420527,0.016999416915812672,0.0868721604347229,1.0145235061645508
176430694,XY-Warm-Same-State S2 p2=1,0,spsa,sequential,2,random_shared_stream,10,120,5,2,0.014124884270131588,37,0.19832777976989746,0.1402389109134674,0.01966695301234722,0.0,0.0,0.017680269532110524,0.015850026609609436,0.003506488399580121,1.0328927040100098
176430694,XY-Warm-Same-State S2 p2=1,0,spsa,sequential,2,random_shared_stream,15,120,5,2,0.014124884270131588,47,0.19650492072105408,0.13894996047019958,0.0,0.0,0.0,0.015629545506150144,0.015214047873475552,0.0030712822917848825,1.0507922172546387
176430694,XY-Warm-Same-State S2 p2=1,0,spsa,sequential,2,random_shared_stream,20,120,5,2,0.014124884270131588,57,0.1935635507106781,0.1368701010942459,0.018733425065875053,0.0,0.0,0.014110001124478393,0.014778350620464044,0.002731181913986802,1.0693659782409668
176430694,XY-Warm-Same-State S2 p2=1,0,spsa,sequential,2,random_shared_stream,25,120,5,2,0.014124884270131588,67,0.1793891191482544,0.1268472671508789,0.016090229153633118,0.0,0.0,0.012929147719318601,0.014449008773880907,0.0023193485103547573,1.0857384204864502
176430694,XY-Warm-Same-State S2 p2=1,0,spsa,sequential,2,random_shared_stream,30,120,5,2,0.013737961649894714,77,0.19716401398181915,0.13941600918769836,0.0,0.0,0.0,0.01197929507141737,0.014185372641231635,0.0023618859704583883,1.1043384075164795
176430694,XY-Warm-Same-State S2 p2=1,0,spsa,sequential,2,random_shared_stream,35,120,5,2,0.013645809143781662,87,0.005172173026949167,0.0036572786048054695,1.3375686648942064e-05,0.0,0.0,0.011195008427192812,0.013966227856027484,5.790252180304378e-05,1.1220629215240479
176430694,XY-Warm-Same-State S2 p2=1,0,spsa,sequential,2,random_shared_stream,40,120,5,2,0.013033433817327023,97,0.04420693591237068,0.031259022653102875,0.0009771265322342515,0.0,0.0,0.0105340002043244,0.013779134410346052,0.0004656758683267981,1.1402561664581299
176430694,XY-Warm-Same-State S2 p2=1,0,spsa,sequential,2,random_shared_stream,45,120,5,2,0.012538164854049683,107,0.20123247802257538,0.14229285717010498,0.0,0.0,0.0,0.009967601624504226,0.013616187769422706,0.002005805494263768,1.159355878829956
176430694,XY-Warm-Same-State S2 p2=1,0,spsa,sequential,2,random_shared_stream,50,120,5,2,0.012538164854049683,117,0.05780813843011856,0.04087652638554573,0.0016708903713151813,0.0,0.0,0.009475617868581176,0.013472060523173781,0.0005477677914313972,1.1772475242614746
176430694,XY-Warm-Same-State S2 p2=1,0,spsa,sequential,2,random_shared_stream,55,120,5,2,0.01190931349992752,127,0.20197732746601105,0.14281953871250153,0.0,0.0,0.0,0.009043370087032003,0.01334299625175472,0.001826555817387998,1.1952402591705322
176430694,XY-Warm-Same-State S2 p2=1,0,spsa,sequential,2,random_shared_stream,60,120,5,2,0.011787496507167816,137,0.1329425573348999,0.09400458633899689,0.00883686263114214,0.0,0.0,0.008659905890748712,0.013226249755755135,0.0011512701166793704,1.2137057781219482
176430694,XY-Warm-Same-State S2 p2=1,0,spsa,sequential,2,random_shared_stream,65,120,5,2,0.011787496507167816,147,0.05929525941610336,0.04192807897925377,0.0,0.0,0.0,0.00831687010778342,0.01311975565249048,0.0004931509029120207,1.230067491531372
176430694,XY-Warm-Same-State S2 p2=1,0,spsa,sequential,2,random_shared_stream,70,120,5,2,0.011787496507167816,157,0.0011183490278199315,0.0007907921681180596,0.0,0.0,0.0,0.00800776641147131,0.013021922119457682,8.955477824201807e-06,1.2486178874969482
176430694,XY-Warm-Same-State S2 p2=1,0,spsa,sequential,2,random_shared_stream,75,120,5,2,0.011385618709027767,167,0.05547521635890007,0.03922690078616142,0.0,0.0,0.0,0.007727459636202181,0.01293149713891721,0.00042868248419836164,1.2665350437164307
176430694,XY-Warm-Same-State S2 p2=1,0,spsa,sequential,2,random_shared_stream,80,120,5,2,0.011256287805736065,177,0.08144903928041458,0.05759316682815552,0.0033169728703796864,0.0,0.0,0.007471831394233362,0.012847478719003411,0.0006085734930820763,1.2846472263336182
176430694,XY-Warm-Same-State S2 p2=1,0,spsa,sequential,2,random_shared_stream,85,120,5,2,0.010393579490482807,187,0.20261798799037933,0.1432725489139557,0.0,0.0,0.0,0.00723753623887366,0.012769052840860788,0.0014664549380540848,1.3032629489898682
176430694,XY-Warm-Same-State S2 p2=1,0,spsa,sequential,2,random_shared_stream,90,120,5,2,0.010393579490482807,197,0.1391831636428833,0.09841735661029816,0.0,0.0,0.0,0.00702182548932144,0.01269554947299621,0.0009773197816684842,1.3212487697601318
176430694,XY-Warm-Same-State S2 p2=1,0,spsa,sequential,2,random_shared_stream,95,120,5,2,0.010004233568906784,207,0.10133343935012817,0.07165355980396271,0.0,0.0,0.0,0.006822417633119565,0.012626410699612943,0.0006913390243425965,1.339892864227295
176430694,XY-Warm-Same-State S2 p2=1,0,spsa,sequential,2,random_shared_stream,100,120,5,2,0.009689521975815296,217,0.19532622396945953,0.1381164938211441,0.0,0.0,0.0,0.006637401446840747,0.012561167176266359,0.0012964585330337286,1.3590342998504639
176430694,XY-Warm-Same-State S2 p2=1,0,spsa,sequential,2,random_shared_stream,105,120,5,2,0.009689521975815296,227,0.1014992743730545,0.07177082449197769,0.0051510510966181755,0.0,0.0,0.0064651625196769265,0.01249942043693397,0.000656209303997457,1.3754408359527588
176430694,XY-Warm-Same-State S2 p2=1,0,spsa,sequential,2,random_shared_stream,110,120,5,2,0.00939074158668518,237,0.14981307089328766,0.10593383759260178,0.01122197788208723,0.0,0.0,0.0063043267924411455,0.012440829393713411,0.0009444705210626125,1.3942945003509521
176430694,XY-Warm-Same-State S2 p2=1,0,spsa,sequential,2,random_shared_stream,115,120,5,2,0.009200694039463997,247,0.1731356531381607,0.12242539972066879,0.0,0.0,0.0,0.006153716652337761,0.012385099893453082,0.0010654277866706252,1.4134495258331299
176430694,XY-Warm-Same-State S2 p2=1,0,spsa,sequential,2,random_shared_stream,120,120,5,2,0.009105524979531765,257,0.09481494128704071,0.06704428791999817,0.0,0.0,0.0,0.0060123164184204235,0.012331976538504544,0.000570057425647974,1.4318749904632568
176430694,XY-Warm-Same-State S2 p2=1,0,spsa,sequential,3,random_shared_stream,1,120,5,2,2.233306407928467,19,2.4790775775909424,1.7529726028442383,0.0,0.0,0.0,0.034775378859577925,0.02,0.08621086925268173,1.4617891311645508
176430694,XY-Warm-Same-State S2 p2=1,0,spsa,sequential,3,random_shared_stream,5,120,5,2,1.9173699617385864,27,0.2667144238948822,0.18859557807445526,0.03556829318404198,0.0,0.0,0.029589356306262922,0.016999416915812672,0.007891908288002014,1.4787871837615967
176430694,XY-Warm-Same-State S2 p2=1,0,spsa,sequential,3,random_shared_stream,10,120,5,2,1.9173699617385864,37,0.0014040061505511403,0.0009927822975441813,0.0,0.0,0.0,0.025335373686113643,0.015850026609609436,3.557102172635496e-05,1.497335433959961
176430694,XY-Warm-Same-State S2 p2=1,0,spsa,sequential,3,random_shared_stream,15,120,5,2,1.9173699617385864,47,0.09023286402225494,0.0638042688369751,0.0,0.0,0.0,0.022396738648314218,0.015214047873475552,0.0020209220238029957,1.5136024951934814
176430694,XY-Warm-Same-State S2 p2=1,0,spsa,sequential,3,random_shared_stream,20,120,5,2,1.917356252670288,57,0.04233407601714134,0.029934711754322052,0.0008960869745351374,0.0,0.0,0.020219270444429165,0.014778350620464044,0.0008559641428291798,1.532752513885498
176430694,XY-Warm-Same-State S2 p2=1,0,spsa,sequential,3,random_shared_stream,25,120,5,2,1.9167948961257935,67,0.12873026728630066,0.09102604538202286,0.0,0.0,0.0,0.01852713774057486,0.014449008773880907,0.0023850034922361374,1.551438570022583
176430694,XY-Warm-Same-State S2 p2=1,0,spsa,sequential,3,random_shared_stream,30,120,5,2,1.9165900945663452,77,0.08497484773397446,0.060086287558078766,0.0036103620659559965,0.0,0.0,0.017166023209056202,0.014185372641231635,0.001458680140785873,1.5699481964111328
176430694,XY-Warm-Same-State S2 p2=1,0,spsa,sequential,3,random_shared_stream,35,120,5,2,1.916107177734375,87,0.08671257644891739,0.06131504848599434,0.0,0.0,0.0,0.01604216052289243,0.013966227856027484,0.0013910569250583649,1.5885732173919678
176430694,XY-Warm-Same-State S2 p2=1,0,spsa,sequential,3,random_shared_stream,40,120,5,2,1.916107177734375,97,0.05989021435379982,0.04234877601265907,0.0,0.0,0.0,0.01509495265903324,0.013779134410346052,0.0009040399454534054,1.6068003177642822
176430694,XY-Warm-Same-State S2 p2=1,0,spsa,sequential,3,random_shared_stream,45,120,5,2,1.915614366531372,107,0.07476504892110825,0.052866872400045395,0.0027949062641710043,0.0,0.0,0.014283317991984408,0.013616187769422706,0.0010678929975256324,1.625413417816162
176430694,XY-Warm-Same-State S2 p2=1,0,spsa,sequential,3,random_shared_stream,50,120,5,2,1.9154669046401978,117,0.11438287049531937,0.08088090270757675,0.0065417205914855,0.0,0.0,0.013578317862819506,0.013472060523173781,0.0015531269600614905,1.6445655822753906
176430694,XY-Warm-Same-State S2 p2=1,0,spsa,sequential,3,random_shared_stream,55,120,5,2,1.915278434753418,127,0.07295390218496323,0.051586199551820755,0.0026611359789967537,0.0,0.0,0.012958917855899211,0.01334299625175472,0.0009454036480747163,1.660999059677124
176430694,XY-Warm-Same-State S2 p2=1,0,spsa,sequential,3,random_shared_stream,60,120,5,2,1.9147160053253174,137,0.060488149523735046,0.042771581560373306,0.0018294082256034017,0.0,0.0,0.012409423477974831,0.013226249755755135,0.0007506231195293367,1.679316520690918
176430694,XY-Warm-Same-State S2 p2=1,0,spsa,sequential,3,random_shared_stream,65,120,5,2,1.9147160053253174,147,0.025166507810354233,0.01779540814459324,0.00031667653820477426,0.0,0.0,0.011917861981508392,0.01311975565249048,0.00029993095085956156,1.6979045867919922
176430694,XY-Warm-Same-State S2 p2=1,0,spsa,sequential,3,random_shared_stream,70,120,5,2,1.9144400358200073,157,0.07818996161222458,0.0552886500954628,0.0030568349175155163,0.0,0.0,0.011474924296672573,0.013021922119457682,0.0008972238283604383,1.7157313823699951
176430694,XY-Warm-Same-State S2 p2=1,0,spsa,sequential,3,random_shared_stream,75,120,5,2,1.9141978025436401,167,0.046620164066553116,0.03296543285250664,0.001086719799786806,0.0,0.0,0.011073251862590337,0.01293149713891721,0.0005162368179298937,1.7346060276031494
176430694,XY-Warm-Same-State S2 p2=1,0,spsa,sequential,3,random_shared_stream,80,120,5,2,1.9141978025436401,177,0.008621296845376492,0.006096177268773317,3.716337596415542e-05,0.0,0.0,0.010706943135042833,0.012847478719003411,9.230773139279336e-05,1.753066062927246
176430694,XY-Warm-Same-State S2 p2=1,0,spsa,sequential,3,random_shared_stream,85,120,5,2,1.9138420820236206,187,0.0686282142996788,0.04852747544646263,0.0,0.0,0.0,0.01037120417455338,0.012769052840860788,0.0007117572240531445,1.7715704441070557
176430694,XY-Warm-Same-State S2 p2=1,0,spsa,sequential,3,random_shared_stream,90,120,5,2,1.9136745929718018,197,0.15015512704849243,0.10617571324110031,0.011273281648755074,0.0,0.0,0.010062096191889908,0.01269554947299621,0.0015108754159882665,1.7899599075317383
176430694,XY-Warm-Same-State S2 p2=1,0,spsa,sequential,3,random_shared_stream,95,120,5,2,1.9136033058166504,207,0.059536412358284,0.042098600417375565,0.0,0.0,0.0,0.009776349838100117,0.012626410699612943,0.0005820487858727574,1.8076889514923096
176430694,XY-Warm-Same-State S2 p2=1,0,spsa,sequential,3,random_shared_stream,100,120,5,2,1.9134312868118286,217,0.056027282029390335,0.03961727023124695,0.0,0.0,0.0,0.009511226378933377,0.012561167176266359,0.0005328881670720875,1.8262572288513184
176430694,XY-Warm-Same-State S2 p2=1,0,spsa,sequential,3,random_shared_stream,105,120,5,2,1.9134312868118286,227,0.013973172754049301,0.009880525059998035,0.0,0.0,0.0,0.00926441240502504,0.01249942043693397,0.00012945322669111192,1.8448810577392578
176430694,XY-Warm-Same-State S2 p2=1,0,spsa,sequential,3,random_shared_stream,110,120,5,2,1.913211703300476,237,0.12187892943620682,0.08618141710758209,0.007427236530929804,0.0,0.0,0.00903393892473133,0.012440829393713411,0.0011010468006134033,1.8631539344787598
176430694,XY-Warm-Same-State S2 p2=1,0,spsa,sequential,3,random_shared_stream,115,120,5,2,1.9131945371627808,247,0.09513507038354874,0.06727065145969391,0.0,0.0,0.0,0.008818118449058882,0.012385099893453082,0.0008389123249799013,1.880964994430542
176430694,XY-Warm-Same-State S2 p2=1,0,spsa,sequential,3,random_shared_stream,120,120,5,2,1.913063645362854,257,0.08874368667602539,0.06275126338005066,0.003937721252441406,0.0,0.0,0.008615495533209476,0.012331976538504544,0.0007645708392374218,1.900733232498169
176430694,XY-Warm-Same-State S2 p2=1,0,spsa,sequential,4,continuation,1,120,5,2,0.05625678226351738,19,0.23813970386981964,0.1683901995420456,0.02835525944828987,0.0,0.0,0.2959312577666182,0.02,0.07047297805547714,1.9274051189422607
176430694,XY-Warm-Same-State S2 p2=1,0,spsa,sequential,4,continuation,5,120,5,2,0.05625678226351738,27,16.462726593017578,11.64090633392334,0.0,0.0,0.0,0.251799282002798,0.016999416915812672,0.25,1.9408690929412842
176430694,XY-Warm-Same-State S2 p2=1,0,spsa,sequential,4,continuation,10,120,5,2,0.05625678226351738,37,9.810328483581543,6.936950206756592,0.0,0.0,0.0,0.21559877266021227,0.015850026609609436,0.25,1.9594848155975342
176430694,XY-Warm-Same-State S2 p2=1,0,spsa,sequential,4,continuation,15,120,5,2,0.05625678226351738,47,15.718177795410156,11.11443042755127,123.53056335449219,0.0,0.0,0.19059159829226083,0.015214047873475552,0.25,1.9772260189056396
176430694,XY-Warm-Same-State S2 p2=1,0,spsa,sequential,4,continuation,20,120,5,2,0.045035235583782196,57,5.812610149383545,4.110136032104492,0.0,0.0,0.0,0.1720617957292315,0.014778350620464044,0.25,1.995166540145874
176430694,XY-Warm-Same-State S2 p2=1,0,spsa,sequential,4,continuation,25,120,5,2,-0.0017611094517633319,67,14.744255065917969,10.425763130187988,108.696533203125,0.0,0.0,0.15766209755824484,0.014449008773880907,0.25,2.014404296875
176430694,XY-Warm-Same-State S2 p2=1,0,spsa,sequential,4,continuation,30,120,5,2,-0.0017611094517633319,77,8.05768871307373,5.697646141052246,0.0,0.0,0.0,0.14607929534340142,0.014185372641231635,0.25,2.0323092937469482
176430694,XY-Warm-Same-State S2 p2=1,0,spsa,sequential,4,continuation,35,120,5,2,-0.0017611094517633319,87,15.290755271911621,10.812196731567383,116.90359497070312,0.0,0.0,0.13651545709978688,0.013966227856027484,0.25,2.0504698753356934
176430694,XY-Warm-Same-State S2 p2=1,0,spsa,sequential,4,continuation,40,120,5,2,-0.0017611094517633319,97,9.824127197265625,6.946706771850586,0.0,0.0,0.0,0.12845491473588744,0.013779134410346052,0.25,2.069228410720825
176430694,XY-Warm-Same-State S2 p2=1,0,spsa,sequential,4,continuation,45,120,5,2,-0.0017611094517633319,107,14.74678897857666,10.4275541305542,108.73388671875,0.0,0.0,0.12154807214370103,0.013616187769422706,0.25,2.0869388580322266
176430694,XY-Warm-Same-State S2 p2=1,0,spsa,sequential,4,continuation,50,120,5,2,-0.033144183456897736,117,1.863951325416565,1.3180125951766968,0.0,0.0,0.0,0.11554866734089941,0.013472060523173781,0.2153770923614502,2.1059038639068604
176430694,XY-Warm-Same-State S2 p2=1,0,spsa,sequential,4,continuation,55,120,5,2,-0.033144183456897736,127,10.470666885375977,7.403879165649414,54.81742858886719,0.0,0.0,0.11027770181529767,0.01334299625175472,0.25,2.1245174407958984
176430694,XY-Warm-Same-State S2 p2=1,0,spsa,sequential,4,continuation,60,120,5,2,-0.033144183456897736,137,3.8889875411987305,2.749929428100586,0.0,0.0,0.0,0.10560161868615414,0.013226249755755135,0.25,2.1411914825439453
176430694,XY-Warm-Same-State S2 p2=1,0,spsa,sequential,4,continuation,65,120,5,2,-0.033144183456897736,147,7.473445415496826,5.284523963928223,0.0,0.0,0.0,0.1014185323564163,0.01311975565249048,0.25,2.1598076820373535
176430694,XY-Warm-Same-State S2 p2=1,0,spsa,sequential,4,continuation,70,120,5,2,-0.033144183456897736,157,3.5445122718811035,2.5063486099243164,0.0,0.0,0.0,0.09764922457360273,0.013021922119457682,0.25,2.1778035163879395
176430694,XY-Warm-Same-State S2 p2=1,0,spsa,sequential,4,continuation,75,120,5,2,-0.033144183456897736,167,7.473669052124023,5.284682273864746,0.0,0.0,0.0,0.09423107551164372,0.01293149713891721,0.25,2.19563364982605
176430694,XY-Warm-Same-State S2 p2=1,0,spsa,sequential,4,continuation,80,120,5,2,-0.033144183456897736,177,4.8125996589660645,3.403021812438965,0.0,0.0,0.0,0.09111386425388152,0.012847478719003411,0.25,2.214244842529297
176430694,XY-Warm-Same-State S2 p2=1,0,spsa,sequential,4,continuation,85,120,5,2,-0.033144183456897736,187,9.710318565368652,6.866231918334961,0.0,0.0,0.0,0.08825679537017227,0.012769052840860788,0.25,2.230691432952881
176430694,XY-Warm-Same-State S2 p2=1,0,spsa,sequential,4,continuation,90,120,5,2,-0.033144183456897736,197,3.544520378112793,2.506354331970215,0.0,0.0,0.0,0.08562635058149934,0.01269554947299621,0.25,2.2492430210113525
176430694,XY-Warm-Same-State S2 p2=1,0,spsa,sequential,4,continuation,95,120,5,2,-0.033144183456897736,207,9.212152481079102,6.513975143432617,42.4318733215332,0.0,0.0,0.08319470840670969,0.012626410699612943,0.25,2.267063617706299
176430694,XY-Warm-Same-State S2 p2=1,0,spsa,sequential,4,continuation,100,120,5,2,-0.033144183456897736,217,3.8890511989593506,2.749974489212036,0.0,0.0,0.0,0.08093856278565226,0.012561167176266359,0.25,2.2848851680755615
176430694,XY-Warm-Same-State S2 p2=1,0,spsa,sequential,4,continuation,105,120,5,2,-0.033144183456897736,227,8.426466941833496,5.958411693572998,0.0,0.0,0.0,0.0788382270846954,0.01249942043693397,0.25,2.303494453430176
176430694,XY-Warm-Same-State S2 p2=1,0,spsa,sequential,4,continuation,110,120,5,2,-0.033144183456897736,237,4.031469345092773,2.850679397583008,8.126373291015625,0.0,0.0,0.07687694559354113,0.012440829393713411,0.25,2.3214309215545654
176430694,XY-Warm-Same-State S2 p2=1,0,spsa,sequential,4,continuation,115,120,5,2,-0.033144183456897736,247,9.710943222045898,6.866673946380615,0.0,0.0,0.0,0.0750403581310311,0.012385099893453082,0.25,2.339247465133667
176430694,XY-Warm-Same-State S2 p2=1,0,spsa,sequential,4,continuation,120,120,5,2,-0.033144183456897736,257,5.916446208953857,4.183559417724609,17.502168655395508,0.0,0.0,0.07331607916395555,0.012331976538504544,0.25,2.35768985748291
176430694,XY-Warm-Same-State S2 p2=20,0,spsa,sequential,0,deterministic_linear_ramp,1,120,5,40,2.255952835083008,19,10.914155960083008,1.7256797552108765,2.948190450668335,2.858851194381714,2.9779701232910156,0.011378053093081571,0.02,0.1241818517446518,0.2266554832458496
176430694,XY-Warm-Same-State S2 p2=20,0,spsa,sequential,0,deterministic_linear_ramp,5,120,5,40,2.116743803024292,27,22.535768508911133,3.563217878341675,12.188660621643066,12.696521759033203,10.665079116821289,0.009681253751461033,0.016999416915812672,0.21817448735237122,0.32353830337524414
176430694,XY-Warm-Same-State S2 p2=20,0,spsa,sequential,0,deterministic_linear_ramp,10,120,5,40,2.0694544315338135,37,13.657050132751465,2.1593692302703857,4.616246700286865,3.9168155193328857,4.476360321044922,0.008289405791887368,0.015850026609609436,0.1132088303565979,0.44481706619262695
176430694,XY-Warm-Same-State S2 p2=20,0,spsa,sequential,0,deterministic_linear_ramp,15,120,5,40,2.0694544315338135,47,2.339979648590088,0.3699832856655121,0.13654538989067078,0.1314121037721634,0.13551874458789825,0.0073279225075129515,0.015214047873475552,0.017147190868854523,0.5655136108398438
176430694,XY-Warm-Same-State S2 p2=20,0,spsa,sequential,0,deterministic_linear_ramp,20,120,5,40,2.0441465377807617,57,2.2259697914123535,0.35195672512054443,0.11891861259937286,0.12387354671955109,0.10405377298593521,0.006615483142514419,0.014778350620464044,0.014725864864885807,0.687528133392334
176430694,XY-Warm-Same-State S2 p2=20,0,spsa,sequential,0,deterministic_linear_ramp,25,120,5,40,2.0125021934509277,67,18.476383209228516,2.921372413635254,8.34239387512207,8.449073791503906,7.168910980224609,0.006061839260653699,0.014449008773880907,0.11200086027383804,0.8099842071533203
176430694,XY-Warm-Same-State S2 p2=20,0,spsa,sequential,0,deterministic_linear_ramp,30,120,5,40,1.9658523797988892,77,14.39009952545166,2.2752747535705566,5.176874160766602,5.125105381011963,5.125105381011963,0.0056165002330641044,0.014185372641231635,0.08082199841737747,0.9287793636322021
176430694,XY-Warm-Same-State S2 p2=20,0,spsa,sequential,0,deterministic_linear_ramp,35,120,5,40,1.957527756690979,87,0.4922485053539276,0.07783132046461105,0.005512520205229521,0.005815406329929829,0.005088479723781347,0.0052487869332567974,0.013966227856027484,0.0025837074499577284,1.0548653602600098
176430694,XY-Warm-Same-State S2 p2=20,0,spsa,sequential,0,deterministic_linear_ramp,40,120,5,40,1.951745629310608,97,1.1355584859848022,0.17954757809638977,0.032237328588962555,0.031914956867694855,0.031914956867694855,0.004938872800942293,0.013779134410346052,0.005608379375189543,1.1775269508361816
176430694,XY-Warm-Same-State S2 p2=20,0,spsa,sequential,0,deterministic_linear_ramp,45,120,5,40,1.934560775756836,107,9.229561805725098,1.4593218564987183,2.124296188354492,2.129620313644409,2.1083240509033203,0.004673316460890409,0.013616187769422706,0.043132662773132324,1.2995266914367676
176430694,XY-Warm-Same-State S2 p2=20,0,spsa,sequential,0,deterministic_linear_ramp,50,120,5,40,1.8261739015579224,117,16.546409606933594,2.6162171363830566,6.690588474273682,6.228578567504883,6.844592094421387,0.004442649559095942,0.013472060523173781,0.07350989431142807,1.4242579936981201
176430694,XY-Warm-Same-State S2 p2=20,0,spsa,sequential,0,deterministic_linear_ramp,55,120,5,40,1.790147066116333,127,5.56192684173584,0.8794178366661072,0.7714422941207886,0.7037719488143921,0.7424407005310059,0.004239989907477132,0.01334299625175472,0.023582512512803078,1.548069953918457
176430694,XY-Warm-Same-State S2 p2=20,0,spsa,sequential,0,deterministic_linear_ramp,60,120,5,40,1.7523773908615112,137,6.88291597366333,1.0882847309112549,1.1725198030471802,1.1725196838378906,1.0777705907821655,0.004060202471325263,0.013226249755755135,0.02794603444635868,1.6713814735412598
176430694,XY-Warm-Same-State S2 p2=20,0,spsa,sequential,0,deterministic_linear_ramp,65,120,5,40,1.6926432847976685,147,5.935451030731201,0.9384771585464478,0.8256931304931641,0.8807393908500671,0.6605545282363892,0.003899369922874987,0.01311975565249048,0.023144517093896866,1.795372724533081
176430694,XY-Warm-Same-State S2 p2=20,0,spsa,sequential,0,deterministic_linear_ramp,70,120,5,40,1.6926432847976685,157,2.890943765640259,0.4570983052253723,0.20841653645038605,0.20684948563575745,0.20058131217956543,0.0037544464551727648,0.013021922119457682,0.01085389219224453,1.917886734008789
176430694,XY-Warm-Same-State S2 p2=20,0,spsa,sequential,0,deterministic_linear_ramp,75,120,5,40,1.6910725831985474,167,18.955341339111328,2.997102737426758,8.960168838500977,6.736968040466309,7.54540491104126,0.00362302444250485,0.01293149713891721,0.06867566704750061,2.0431551933288574
176430694,XY-Warm-Same-State S2 p2=20,0,spsa,sequential,0,deterministic_linear_ramp,80,120,5,40,1.5920499563217163,177,7.603377342224121,1.2021995782852173,1.430830955505371,1.4452836513519287,1.38747239112854,0.0035031729761175402,0.012847478719003411,0.026635946705937386,2.1666314601898193
176430694,XY-Warm-Same-State S2 p2=20,0,spsa,sequential,0,deterministic_linear_ramp,85,120,5,40,1.5632514953613281,187,35.13618469238281,5.555518627166748,30.55514907836914,30.555150985717773,30.555150985717773,0.0033933235411684553,0.012769052840860788,0.11922845244407654,2.290017604827881
176430694,XY-Warm-Same-State S2 p2=20,0,spsa,sequential,0,deterministic_linear_ramp,90,120,5,40,1.5374311208724976,197,26.6124210357666,4.207793712615967,17.66126251220703,17.705524444580078,17.52846908569336,0.0032921874168880534,0.01269554947299621,0.0876130759716034,2.412503480911255
176430694,XY-Warm-Same-State S2 p2=20,0,spsa,sequential,0,deterministic_linear_ramp,95,120,5,40,1.5374311208724976,207,24.35259437561035,3.8504834175109863,14.233171463012695,14.677957534790039,13.491861343383789,0.003198694914686909,0.012626410699612943,0.07789652049541473,2.5332021713256836
176430694,XY-Warm-Same-State S2 p2=20,0,spsa,sequential,0,deterministic_linear_ramp,100,120,5,40,1.5374311208724976,217,16.975648880004883,2.6840856075286865,6.91614294052124,7.204316139221191,6.0516252517700195,0.003111949956226456,0.012561167176266359,0.052827365696430206,2.6544911861419678
176430694,XY-Warm-Same-State S2 p2=20,0,spsa,sequential,0,deterministic_linear_ramp,105,120,5,40,1.5374311208724976,227,29.638227462768555,4.686215400695801,17.513591766357422,18.446914672851562,16.470460891723633,0.0030311956239563974,0.01249942043693397,0.08983927220106125,2.7755184173583984
176430694,XY-Warm-Same-State S2 p2=20,0,spsa,sequential,0,deterministic_linear_ramp,110,120,5,40,1.5374311208724976,237,12.511210441589355,1.978196144104004,3.825211763381958,3.8741276264190674,3.7567298412323,0.0029557876893392633,0.012440829393713411,0.036980483680963516,2.8963093757629395
176430694,XY-Warm-Same-State S2 p2=20,0,spsa,sequential,0,deterministic_linear_ramp,115,120,5,40,1.5374311208724976,247,8.221808433532715,1.299981951713562,1.5843310356140137,1.5378572940826416,1.6223551034927368,0.002885174027855058,0.012385099893453082,0.023721346631646156,3.0208191871643066
176430694,XY-Warm-Same-State S2 p2=20,0,spsa,sequential,0,deterministic_linear_ramp,120,120,5,40,1.5374311208724976,257,12.270503044128418,1.9401369094848633,3.726489543914795,3.4253592491149902,3.726490020751953,0.002818878436835938,0.012331976538504544,0.03458905592560768,3.1457245349884033
176430694,XY-Warm-Same-State S2 p2=20,0,spsa,sequential,1,random_shared_stream,1,120,5,40,1.9487602710723877,19,0.023900078609585762,0.0037789344787597656,1.4137542166281492e-05,1.1995490240224171e-05,1.3709131053474266e-05,1.128781195071696,0.02,0.026977960020303726,3.3997740745544434
176430694,XY-Warm-Same-State S2 p2=20,0,spsa,sequential,1,random_shared_stream,5,120,5,40,1.9487602710723877,27,0.2577030658721924,0.040746431797742844,0.0016436688601970673,0.0016436688601970673,0.0016436688601970673,0.9604470193596925,0.016999416915812672,0.2475101351737976,3.499159812927246
176430694,XY-Warm-Same-State S2 p2=20,0,spsa,sequential,1,random_shared_stream,10,120,5,40,1.9483226537704468,37,0.04894693195819855,0.007739189546555281,5.9895053709624335e-05,5.9895053709624335e-05,5.9895053709624335e-05,0.8223661200781653,0.015850026609609436,0.04025229811668396,3.6223642826080322
176430694,XY-Warm-Same-State S2 p2=20,0,spsa,sequential,1,random_shared_stream,15,120,5,40,1.947980284690857,47,0.04328707233071327,0.006844286806881428,4.6375818783417344e-05,4.2628282244550064e-05,4.637582605937496e-05,0.7269803592719047,0.015214047873475552,0.03146884962916374,3.745640516281128
176430694,XY-Warm-Same-State S2 p2=20,0,spsa,sequential,1,random_shared_stream,20,120,5,40,1.9466747045516968,57,0.04481835290789604,0.007086403667926788,4.569757584249601e-05,4.569757584249601e-05,4.569757584249601e-05,0.6563014697237314,0.014778350620464044,0.029414352029561996,3.867953300476074
176430694,XY-Warm-Same-State S2 p2=20,0,spsa,sequential,1,random_shared_stream,25,120,5,40,1.9464191198349,67,0.14670339226722717,0.023195842280983925,0.0005326666287146509,0.0004896228783763945,0.0005326666287146509,0.601376185274947,0.014449008773880907,0.08822391927242279,3.9911317825317383
176430694,XY-Warm-Same-State S2 p2=20,0,spsa,sequential,1,random_shared_stream,30,120,5,40,1.945921540260315,77,0.3804442584514618,0.060153521597385406,0.0036093995440751314,0.003618445945903659,0.00358226103708148,0.5571954879568521,0.014185372641231635,0.21198181807994843,4.1130690574646
176430694,XY-Warm-Same-State S2 p2=20,0,spsa,sequential,1,random_shared_stream,35,120,5,40,1.945921540260315,87,0.14149072766304016,0.022371649742126465,0.0004892296274192631,0.0004554465995170176,0.0005004907143302262,0.5207157972220083,0.013966227856027484,0.0736764594912529,4.235274791717529
176430694,XY-Warm-Same-State S2 p2=20,0,spsa,sequential,1,random_shared_stream,40,120,5,40,1.945921540260315,97,0.15585990250110626,0.024643614888191223,0.0005936433444730937,0.0005830154404975474,0.0006012347294017673,0.4899701818006596,0.013779134410346052,0.07636670768260956,4.356256484985352
176430694,XY-Warm-Same-State S2 p2=20,0,spsa,sequential,1,random_shared_stream,45,120,5,40,1.945921540260315,107,0.1681348830461502,0.026584459468722343,0.0006625626119785011,0.0006784641882404685,0.0006431274814531207,0.46362516473751214,0.013616187769422706,0.07795155793428421,4.479347229003906
176430694,XY-Warm-Same-State S2 p2=20,0,spsa,sequential,1,random_shared_stream,50,120,5,40,1.945921540260315,117,0.5026655197143555,0.07947839796543121,0.006253648549318314,0.006253647617995739,0.005748302675783634,0.4407414201336693,0.013472060523173781,0.2215455323457718,4.600990056991577
176430694,XY-Warm-Same-State S2 p2=20,0,spsa,sequential,1,random_shared_stream,55,120,5,40,1.945921540260315,127,0.05757857859134674,0.009103972464799881,7.770217780489475e-05,7.956703484524041e-05,7.542291132267565e-05,0.42063618755339677,0.01334299625175472,0.024219632148742676,4.721593141555786
176430694,XY-Warm-Same-State S2 p2=20,0,spsa,sequential,1,random_shared_stream,60,120,5,40,1.945921540260315,137,0.22114600241184235,0.034966256469488144,0.0012226388789713383,0.001210412592627108,0.001210412592627108,0.4028000362032347,0.013226249755755135,0.08907761424779892,4.84169602394104
176430694,XY-Warm-Same-State S2 p2=20,0,spsa,sequential,1,random_shared_stream,65,120,5,40,1.9454056024551392,147,0.5211057662963867,0.0823940560221672,0.006720894016325474,0.00651722913607955,0.0057025752030313015,0.38684434020138375,0.01311975565249048,0.2015867978334427,4.9664976596832275
176430694,XY-Warm-Same-State S2 p2=20,0,spsa,sequential,1,random_shared_stream,70,120,5,40,1.9441546201705933,157,0.05546646937727928,0.008770018815994263,7.691323116887361e-05,7.691323116887361e-05,7.691323116887361e-05,0.3724669345302573,0.013021922119457682,0.020659426227211952,5.089084625244141
176430694,XY-Warm-Same-State S2 p2=20,0,spsa,sequential,1,random_shared_stream,75,120,5,40,1.9440877437591553,167,0.2192777693271637,0.034670859575271606,0.0011990634957328439,0.0011539857368916273,0.0011900479439646006,0.3594289661445922,0.01293149713891721,0.0788147822022438,5.209301233291626
176430694,XY-Warm-Same-State S2 p2=20,0,spsa,sequential,1,random_shared_stream,80,120,5,40,1.9440877437591553,177,0.10131851583719254,0.01601986400783062,0.0002566360344644636,0.00023353879805654287,0.00023353879805654287,0.3475388756033534,0.012847478719003411,0.03521212190389633,5.331435680389404
176430694,XY-Warm-Same-State S2 p2=20,0,spsa,sequential,1,random_shared_stream,85,120,5,40,1.9440877437591553,187,0.2960209548473358,0.04680502042174339,0.0021907100453972816,0.002190709812566638,0.0021907102782279253,0.33664105543628325,0.012769052840860788,0.09965280443429947,5.454707145690918
176430694,XY-Warm-Same-State S2 p2=20,0,spsa,sequential,1,random_shared_stream,90,120,5,40,1.9437614679336548,197,0.18133704364299774,0.028671903535723686,0.0007480910280719399,0.0006905455375090241,0.0007891949499025941,0.32660765567129474,0.01269554947299621,0.05922606214880943,5.576587677001953
176430694,XY-Warm-Same-State S2 p2=20,0,spsa,sequential,1,random_shared_stream,95,120,5,40,1.94357168674469,207,0.18591269850730896,0.02939537726342678,0.0008619281579740345,0.0008295248262584209,0.0007863203063607216,0.3173325558364188,0.012626410699612943,0.058996155858039856,5.698495626449585
176430694,XY-Warm-Same-State S2 p2=20,0,spsa,sequential,1,random_shared_stream,100,120,5,40,1.9431958198547363,217,0.05149882659316063,0.008142679929733276,6.613747245864943e-05,6.564020441146567e-05,6.630323332501575e-05,0.3087268587917308,0.012561167176266359,0.015899071469902992,5.821982383728027
176430694,XY-Warm-Same-State S2 p2=20,0,spsa,sequential,1,random_shared_stream,105,120,5,40,1.942918300628662,227,0.5059211254119873,0.07999315112829208,0.006398903671652079,0.006334914825856686,0.006334914825856686,0.30071547310550656,0.01249942043693397,0.15213830769062042,5.943340063095093
176430694,XY-Warm-Same-State S2 p2=20,0,spsa,sequential,1,random_shared_stream,110,120,5,40,1.942918300628662,237,0.1958370804786682,0.030964558944106102,0.0008988787303678691,0.0009588040411472321,0.000719103030860424,0.29323448687186227,0.012440829393713411,0.05742618814110756,6.065901756286621
176430694,XY-Warm-Same-State S2 p2=20,0,spsa,sequential,1,random_shared_stream,115,120,5,40,1.942918300628662,247,0.014549178071320057,0.0023004270624369383,5.2919649533578195e-06,5.2919649533578195e-06,5.2919649533578195e-06,0.28622912553750574,0.012385099893453082,0.004164398647844791,6.188478469848633
176430694,XY-Warm-Same-State S2 p2=20,0,spsa,sequential,1,random_shared_stream,120,120,5,40,1.942918300628662,257,0.3811003565788269,0.060257263481616974,0.0033041529823094606,0.003594628069549799,0.0027232030406594276,0.2796521465195357,0.012331976538504544,0.10657552629709244,6.310030221939087
176430694,XY-Warm-Same-State S2 p2=20,0,spsa,sequential,2,random_shared_stream,1,120,5,40,1.9459048509597778,19,0.24075372517108917,0.03806650638580322,0.0014345684321597219,0.001449058996513486,0.001391096506267786,1.0676434446441925,0.02,0.25,6.559087753295898
176430694,XY-Warm-Same-State S2 p2=20,0,spsa,sequential,2,random_shared_stream,5,120,5,40,1.9459048509597778,27,0.25739261507987976,0.04069734737277031,0.001590023166500032,0.0016397113213315606,0.0015072093810886145,0.9084266894456006,0.016999416915812672,0.23382233083248138,6.656895875930786
176430694,XY-Warm-Same-State S2 p2=20,0,spsa,sequential,2,random_shared_stream,10,120,5,40,1.9459048509597778,37,0.07696417719125748,0.012169105000793934,0.00014771688438486308,0.0001480871142121032,0.00014660623855888844,0.7778246138687358,0.015850026609609436,0.05986463651061058,6.778432130813599
176430694,XY-Warm-Same-State S2 p2=20,0,spsa,sequential,2,random_shared_stream,15,120,5,40,1.9459048509597778,47,0.16311322152614594,0.025790465995669365,0.0006385421147570014,0.0006385421147570014,0.0006385421147570014,0.687605196073833,0.015214047873475552,0.11215749382972717,6.900545835494995
176430694,XY-Warm-Same-State S2 p2=20,0,spsa,sequential,2,random_shared_stream,20,120,5,40,1.945595622062683,57,0.1975119560956955,0.031229382380843163,0.0009143197094090283,0.0009362633572891355,0.0008874996565282345,0.6207544605811627,0.014778350620464044,0.12260643392801285,7.0224339962005615
176430694,XY-Warm-Same-State S2 p2=20,0,spsa,sequential,2,random_shared_stream,25,120,5,40,1.945595622062683,67,0.041274189949035645,0.0065260217525064945,4.216307570459321e-05,3.875595939462073e-05,4.216307570459321e-05,0.5688040736124662,0.014449008773880907,0.02347692847251892,7.1440441608428955
176430694,XY-Warm-Same-State S2 p2=20,0,spsa,sequential,2,random_shared_stream,30,120,5,40,1.945341944694519,77,0.014509818516671658,0.002294203732162714,4.618607817974407e-06,5.0528356041468214e-06,3.947528057324234e-06,0.5270163187513683,0.014185372641231635,0.007646911311894655,7.26588773727417
176430694,XY-Warm-Same-State S2 p2=20,0,spsa,sequential,2,random_shared_stream,35,120,5,40,1.945341944694519,87,0.2948038876056671,0.046612583100795746,0.0021727331914007664,0.0021727329585701227,0.0021727331914007664,0.4925124637564862,0.013966227856027484,0.14519457519054413,7.38755202293396
176430694,XY-Warm-Same-State S2 p2=20,0,spsa,sequential,2,random_shared_stream,40,120,5,40,1.945341944694519,97,0.08221151679754257,0.012998782098293304,0.0001689683267613873,0.00016220960242208093,0.0001622095878701657,0.46343211151508534,0.013779134410346052,0.03809945285320282,7.5091233253479
176430694,XY-Warm-Same-State S2 p2=20,0,spsa,sequential,2,random_shared_stream,45,120,5,40,1.9451981782913208,107,0.07691071182489395,0.012160650454461575,0.00013863883214071393,0.00014788142289035022,0.00011091106716776267,0.43851400968160975,0.013616187769422706,0.03372642397880554,7.632489204406738
176430694,XY-Warm-Same-State S2 p2=20,0,spsa,sequential,2,random_shared_stream,50,120,5,40,1.943674921989441,117,0.17578181624412537,0.02779354713857174,0.000770549988374114,0.0007724812021479011,0.0007647564634680748,0.41686970871178985,0.013472060523173781,0.07327812165021896,7.756162881851196
176430694,XY-Warm-Same-State S2 p2=20,0,spsa,sequential,2,random_shared_stream,55,120,5,40,1.943674921989441,127,0.048085737973451614,0.007603022735565901,5.260342004476115e-05,5.549371780944057e-05,4.8557001719018444e-05,0.39785342826603753,0.01334299625175472,0.019131075590848923,7.880144119262695
176430694,XY-Warm-Same-State S2 p2=20,0,spsa,sequential,2,random_shared_stream,60,120,5,40,1.943674921989441,137,0.18454959988594055,0.029179854318499565,0.0008514638757333159,0.0007748320931568742,0.0007748320931568742,0.38098332965895304,0.013226249755755135,0.0703103244304657,8.001717567443848
176430694,XY-Warm-Same-State S2 p2=20,0,spsa,sequential,2,random_shared_stream,65,120,5,40,1.943674921989441,147,0.1052498072385788,0.01664145663380623,0.000276245700661093,0.0002658605226315558,0.00025201361859217286,0.3658918360058986,0.01311975565249048,0.0385100431740284,8.12337589263916
176430694,XY-Warm-Same-State S2 p2=20,0,spsa,sequential,2,random_shared_stream,70,120,5,40,1.943674921989441,157,0.01184018049389124,0.0018720970256254077,3.5047469282289967e-06,3.4696993225225015e-06,3.4696993225225015e-06,0.3522931483392482,0.013021922119457682,0.004171214532107115,8.246619701385498
176430694,XY-Warm-Same-State S2 p2=20,0,spsa,sequential,2,random_shared_stream,75,120,5,40,1.943674921989441,167,0.12794603407382965,0.020230045542120934,0.00040925474604591727,0.00040925474604591727,0.00040925474604591727,0.3399613505212048,0.01293149713891721,0.04349670931696892,8.368913412094116
176430694,XY-Warm-Same-State S2 p2=20,0,spsa,sequential,2,random_shared_stream,80,120,5,40,1.943674921989441,177,0.32185426354408264,0.050889622420072556,0.0024861637502908707,0.002356676384806633,0.0025638567749410868,0.32871525847253874,0.012847478719003411,0.1057984009385109,8.490607738494873
176430694,XY-Warm-Same-State S2 p2=20,0,spsa,sequential,2,random_shared_stream,85,120,5,40,1.943674921989441,187,0.058100055903196335,0.009186426177620888,8.354650344699621e-05,8.354650344699621e-05,7.679527334403247e-05,0.31840769283175513,0.012769052840860788,0.018499502912163734,8.609557867050171
176430694,XY-Warm-Same-State S2 p2=20,0,spsa,sequential,2,random_shared_stream,90,120,5,40,1.943674921989441,197,0.03491933271288872,0.005521231796592474,3.0179155146470293e-05,2.7740436053136364e-05,3.01791587844491e-05,0.3089177283166179,0.01269554947299621,0.01078720111399889,8.730689764022827
176430694,XY-Warm-Same-State S2 p2=20,0,spsa,sequential,2,random_shared_stream,95,120,5,40,1.943674921989441,207,0.06732506304979324,0.01064502727240324,0.0001031180945574306,8.49874340929091e-05,0.00011218342842767015,0.30014499221828417,0.012626410699612943,0.020207278430461884,8.85330843925476
176430694,XY-Warm-Same-State S2 p2=20,0,spsa,sequential,2,random_shared_stream,100,120,5,40,1.943674921989441,217,0.165720596909523,0.026202727109193802,0.0006591196288354695,0.0006591196870431304,0.00043941306648775935,0.2920054022991135,0.012561167176266359,0.04839130863547325,8.97611951828003
176430694,XY-Warm-Same-State S2 p2=20,0,spsa,sequential,2,random_shared_stream,105,120,5,40,1.943674921989441,227,0.2327086329460144,0.03679446503520012,0.0013504480011761189,0.0012996792793273926,0.0013402942568063736,0.28442793427629587,0.01249942043693397,0.06618884205818176,9.098663091659546
176430694,XY-Warm-Same-State S2 p2=20,0,spsa,sequential,2,random_shared_stream,110,120,5,40,1.943674921989441,237,0.10866033285856247,0.017180709168314934,0.00028336961986497045,0.00029222495504654944,0.0002686108055058867,0.27735213788041735,0.012440829393713411,0.03013717569410801,9.221935033798218
176430694,XY-Warm-Same-State S2 p2=20,0,spsa,sequential,2,random_shared_stream,115,120,5,40,1.943674921989441,247,0.13282974064350128,0.02100222557783127,0.0004366825451143086,0.00044109352165833116,0.00042344973189756274,0.2707262052916709,0.012385099893453082,0.03596049174666405,9.347160339355469
176430694,XY-Warm-Same-State S2 p2=20,0,spsa,sequential,2,random_shared_stream,120,120,5,40,1.943674921989441,257,0.016965646296739578,0.0026825042441487312,7.177839052019408e-06,6.907995157234836e-06,7.123870545910904e-06,0.2645054527093672,0.012331976538504544,0.004487506113946438,9.470550775527954
176430694,XY-Warm-Same-State S2 p2=20,0,spsa,sequential,3,random_shared_stream,1,120,5,40,1.9442559480667114,19,0.5250290036201477,0.08301436901092529,0.006874157581478357,0.006822471506893635,0.006891385652124882,1.3133621151926729,0.02,0.25,9.72342848777771
176430694,XY-Warm-Same-State S2 p2=20,0,spsa,sequential,3,random_shared_stream,5,120,5,40,1.9442559480667114,27,0.12872956693172455,0.020353931933641434,0.0004049611743539572,0.00041013973532244563,0.00039771123556420207,1.1175015444836707,0.016999416915812672,0.143855482339859,9.822654247283936
176430694,XY-Warm-Same-State S2 p2=20,0,spsa,sequential,3,random_shared_stream,10,120,5,40,1.9442559480667114,37,0.35839712619781494,0.05666756257414818,0.003203184576705098,0.003179100574925542,0.0030827641021460295,0.956841336163515,0.015850026609609436,0.25,9.943896770477295
176430694,XY-Warm-Same-State S2 p2=20,0,spsa,sequential,3,random_shared_stream,15,120,5,40,1.9442559480667114,47,0.0016105662798509002,0.00025465289945714176,6.484810199935964e-08,6.419962517156819e-08,6.419962517156819e-08,0.8458578744273229,0.015214047873475552,0.0013623102568089962,10.06450343132019
176430694,XY-Warm-Same-State S2 p2=20,0,spsa,sequential,3,random_shared_stream,20,120,5,40,1.9442559480667114,57,0.1609838455915451,0.025453781709074974,0.0006074015400372446,0.000544231734238565,0.000641416001599282,0.7636214088645153,0.014778350620464044,0.12293071299791336,10.185019969940186
176430694,XY-Warm-Same-State S2 p2=20,0,spsa,sequential,3,random_shared_stream,25,120,5,40,1.9442559480667114,67,0.036630187183618546,0.005791741423308849,3.354426735313609e-05,3.22024934575893e-05,3.22024934575893e-05,0.699714614459925,0.014449008773880907,0.02563067525625229,10.30609941482544
176430694,XY-Warm-Same-State S2 p2=20,0,spsa,sequential,3,random_shared_stream,30,120,5,40,1.9442559480667114,77,0.08527839928865433,0.013483698479831219,0.00017044700507540256,0.00013635758659802377,0.00018181014456786215,0.6483093870042225,0.014185372641231635,0.05528679117560387,10.427881479263306
176430694,XY-Warm-Same-State S2 p2=20,0,spsa,sequential,3,random_shared_stream,35,120,5,40,1.9442559480667114,87,0.12613242864608765,0.01994328759610653,0.0003937574219889939,0.00039375736378133297,0.0003937574219889939,0.6058644525968541,0.013966227856027484,0.0764191597700119,10.550546884536743
176430694,XY-Warm-Same-State S2 p2=20,0,spsa,sequential,3,random_shared_stream,40,120,5,40,1.9442559480667114,97,0.023391295224428177,0.00369848869740963,1.3542029591917526e-05,1.3542029591917526e-05,1.3542029591917526e-05,0.5700912428029771,0.013779134410346052,0.013335173018276691,10.673026323318481
176430694,XY-Warm-Same-State S2 p2=20,0,spsa,sequential,3,random_shared_stream,45,120,5,40,1.9442559480667114,107,0.16187794506549835,0.025595149025321007,0.0006551116821356118,0.0006551116821356118,0.0006551116821356118,0.5394382274215109,0.013616187769422706,0.0873231515288353,10.796179056167603
176430694,XY-Warm-Same-State S2 p2=20,0,spsa,sequential,3,random_shared_stream,50,120,5,40,1.9442559480667114,117,0.12852051854133606,0.02032088115811348,0.0003964206262025982,0.0004129381268285215,0.00034686800790950656,0.5128124798030603,0.013472060523173781,0.06590693444013596,10.91750168800354
176430694,XY-Warm-Same-State S2 p2=20,0,spsa,sequential,3,random_shared_stream,55,120,5,40,1.9442559480667114,127,0.16863912343978882,0.026664186269044876,0.0006469907821156085,0.0006825396558269858,0.0005972221842966974,0.4894195929412357,0.01334299625175472,0.0825352892279625,11.040252447128296
176430694,XY-Warm-Same-State S2 p2=20,0,spsa,sequential,3,random_shared_stream,60,120,5,40,1.9442559480667114,137,0.11588860303163528,0.01832359842956066,0.0003349148319102824,0.00033239665208384395,0.00033575421548448503,0.468666832737202,0.013226249755755135,0.05431314557790756,11.162127017974854
176430694,XY-Warm-Same-State S2 p2=20,0,spsa,sequential,3,random_shared_stream,65,120,5,40,1.9442559480667114,147,0.2554096281528473,0.04038381204009056,0.001565618091262877,0.001565618091262877,0.001043745200149715,0.45010202430324225,0.01311975565249048,0.11496039479970932,11.285339832305908
176430694,XY-Warm-Same-State S2 p2=20,0,spsa,sequential,3,random_shared_stream,70,120,5,40,1.9442559480667114,157,0.18472418189048767,0.029207458719611168,0.0008509430335834622,0.0008445449057035148,0.0008530756458640099,0.43337359189698266,0.013021922119457682,0.08005458116531372,11.407573699951172
176430694,XY-Warm-Same-State S2 p2=20,0,spsa,sequential,3,random_shared_stream,75,120,5,40,1.9442559480667114,167,0.2741117775440216,0.043340880423784256,0.0018361672991886735,0.0018784317653626204,0.0017093729693442583,0.41820362466898975,0.01293149713891721,0.11463454365730286,11.530280828475952
176430694,XY-Warm-Same-State S2 p2=20,0,spsa,sequential,3,random_shared_stream,80,120,5,40,1.944200873374939,177,0.08098438382148743,0.012804755941033363,0.0001639617548789829,0.00016232214693445712,0.00016232216148637235,0.4043692389339564,0.012847478719003411,0.03274759277701378,11.65239143371582
176430694,XY-Warm-Same-State S2 p2=20,0,spsa,sequential,3,random_shared_stream,85,120,5,40,1.9440226554870605,187,0.14209122955799103,0.022466596215963364,0.0005034861387684941,0.00048455805517733097,0.000499700487125665,0.3916893819270335,0.012769052840860788,0.05565562844276428,11.774516344070435
176430694,XY-Warm-Same-State S2 p2=20,0,spsa,sequential,3,random_shared_stream,90,120,5,40,1.9440226554870605,197,0.1964806318283081,0.03106631711125374,0.0009554649004712701,0.0009554649004712701,0.0009554649004712701,0.3800152973520491,0.01269554947299621,0.07466564327478409,11.898074388504028
176430694,XY-Warm-Same-State S2 p2=20,0,spsa,sequential,3,random_shared_stream,95,120,5,40,1.9438027143478394,207,0.03696160763502121,0.005844143684953451,2.8689366445178166e-05,2.5615507183829322e-05,3.108014789177105e-05,0.3692235116712271,0.012626410699612943,0.013647094368934631,12.022247791290283
176430694,XY-Warm-Same-State S2 p2=20,0,spsa,sequential,3,random_shared_stream,100,120,5,40,1.9438027143478394,217,0.18645817041397095,0.02948162518441677,0.0008604746544733644,0.0008604746544733644,0.0007909413543529809,0.359210591078055,0.012561167176266359,0.06697775423526764,12.142785787582397
176430694,XY-Warm-Same-State S2 p2=20,0,spsa,sequential,3,random_shared_stream,105,120,5,40,1.9438027143478394,227,0.02976715937256813,0.004706601146608591,2.2152093151817098e-05,2.2152094970806502e-05,2.2152094970806502e-05,0.34988916501565903,0.01249942043693397,0.010415205731987953,12.264770746231079
176430694,XY-Warm-Same-State S2 p2=20,0,spsa,sequential,3,random_shared_stream,110,120,5,40,1.9435299634933472,237,0.0026665113400667906,0.0004216124361846596,1.4931593739220261e-07,1.3331779769032437e-07,1.6175894756997877e-07,0.34118487055501096,0.012440829393713411,0.0009097734000533819,12.387125015258789
176430694,XY-Warm-Same-State S2 p2=20,0,spsa,sequential,3,random_shared_stream,115,120,5,40,1.9435299634933472,247,0.22913433611392975,0.036229319870471954,0.0013125636614859104,0.0013125636614859104,0.0013125636614859104,0.3330339762807711,0.012385099893453082,0.07630952447652817,12.506103992462158
176430694,XY-Warm-Same-State S2 p2=20,0,spsa,sequential,3,random_shared_stream,120,120,5,40,1.9432296752929688,257,0.26726239919662476,0.042257897555828094,0.0015000129351392388,0.0011428671423345804,0.0017143007135018706,0.3253815143932657,0.012331976538504544,0.0869622454047203,12.62747073173523
176430694,XY-Warm-Same-State S2 p2=20,0,spsa,sequential,4,continuation,1,120,5,40,-0.0331445187330246,19,4.569982528686523,0.722577691078186,0.5208131670951843,0.5012337565422058,0.5168973207473755,0.12057161579336316,0.02,0.25,12.876499652862549
176430694,XY-Warm-Same-State S2 p2=20,0,spsa,sequential,4,continuation,5,120,5,40,-0.0331445187330246,27,156.38272094726562,24.72627830505371,605.2749633789062,605.2749633789062,605.2749633789062,0.1025908736907708,0.016999416915812672,0.25,12.974384069442749
176430694,XY-Warm-Same-State S2 p2=20,0,spsa,sequential,4,continuation,10,120,5,40,-0.0331445187330246,37,145.86732482910156,23.063650131225586,530.60205078125,531.931884765625,526.612548828125,0.08784165815700484,0.015850026609609436,0.25,13.09651803970337
176430694,XY-Warm-Same-State S2 p2=20,0,spsa,sequential,4,continuation,15,120,5,40,-0.0331445187330246,47,36.390228271484375,5.753800868988037,31.781972885131836,31.781972885131836,31.781970977783203,0.0776529560823219,0.015214047873475552,0.25,13.218345880508423
176430694,XY-Warm-Same-State S2 p2=20,0,spsa,sequential,4,continuation,20,120,5,40,-0.0331445187330246,57,29.428363800048828,4.6530327796936035,21.434207916259766,21.650714874267578,20.784687042236328,0.07010333711939912,0.014778350620464044,0.25,13.341729402542114
176430694,XY-Warm-Same-State S2 p2=20,0,spsa,sequential,4,continuation,25,120,5,40,-0.0331445187330246,67,0.41477689146995544,0.06558199226856232,0.004128956701606512,0.003612837288528681,0.004300996661186218,0.06423645138209784,0.014449008773880907,0.026643799617886543,13.464779138565063
176430694,XY-Warm-Same-State S2 p2=20,0,spsa,sequential,4,continuation,30,120,5,40,-0.0331445187330246,77,8.06092357635498,1.2745440006256104,1.6204010248184204,1.5594836473464966,1.6082175970077515,0.059517256833342226,0.014185372641231635,0.25,13.58648157119751
176430694,XY-Warm-Same-State S2 p2=20,0,spsa,sequential,4,continuation,35,120,5,40,-0.0331445187330246,87,184.2200164794922,29.12774085998535,772.0670166015625,814.48828125,712.67724609375,0.05562065111848273,0.013966227856027484,0.25,13.708516836166382
176430694,XY-Warm-Same-State S2 p2=20,0,spsa,sequential,4,continuation,40,120,5,40,-0.0331445187330246,97,137.43051147460938,21.729671478271484,467.45684814453125,472.1786193847656,453.29144287109375,0.0523365349885379,0.013779134410346052,0.25,13.830567121505737
176430694,XY-Warm-Same-State S2 p2=20,0,spsa,sequential,4,continuation,45,120,5,40,-0.0331445187330246,107,100.19270324707031,15.84185791015625,245.3177490234375,248.45480346679688,240.92587280273438,0.0495224720955025,0.013616187769422706,0.25,13.952440977096558
176430694,XY-Warm-Same-State S2 p2=20,0,spsa,sequential,4,continuation,50,120,5,40,-0.0331445187330246,117,94.54350280761719,14.948640823364258,222.90316772460938,223.4618377685547,221.2272186279297,0.04707812763411843,0.013472060523173781,0.25,14.076918601989746
176430694,XY-Warm-Same-State S2 p2=20,0,spsa,sequential,4,continuation,55,120,5,40,-0.0331445187330246,127,137.06187438964844,21.671384811401367,464.95245361328125,427.3805236816406,464.95245361328125,0.044930572032830386,0.01334299625175472,0.25,14.197532176971436
176430694,XY-Warm-Same-State S2 p2=20,0,spsa,sequential,4,continuation,60,120,5,40,-0.0331445187330246,137,22.501441955566406,3.557790517807007,12.373069763183594,12.65787124633789,11.51866340637207,0.04302539005671904,0.013226249755755135,0.25,14.318727016448975
176430694,XY-Warm-Same-State S2 p2=20,0,spsa,sequential,4,continuation,65,120,5,40,-0.0331445187330246,147,82.84814453125,13.099441528320312,164.7315673828125,171.59536743164062,144.14010620117188,0.041321070338734486,0.01311975565249048,0.25,14.440411806106567
176430694,XY-Warm-Same-State S2 p2=20,0,spsa,sequential,4,continuation,70,120,5,40,-0.0331445187330246,157,48.254207611083984,7.629660129547119,56.901947021484375,52.97266387939453,58.21171188354492,0.03978533689433185,0.013021922119457682,0.25,14.5629403591156
176430694,XY-Warm-Same-State S2 p2=20,0,spsa,sequential,4,continuation,75,120,5,40,-0.0331445187330246,167,127.96432495117188,20.232938766479492,392.9968566894531,405.27801513671875,372.52825927734375,0.038392676455102456,0.01293149713891721,0.25,14.684098243713379
176430694,XY-Warm-Same-State S2 p2=20,0,spsa,sequential,4,continuation,80,120,5,40,-0.0331445187330246,177,108.16729736328125,17.102750778198242,291.7728271484375,266.1787109375,280.80389404296875,0.03712262745468879,0.012847478719003411,0.25,14.80533242225647
176430694,XY-Warm-Same-State S2 p2=20,0,spsa,sequential,4,continuation,85,120,5,40,-0.0331445187330246,187,106.15926361083984,16.785253524780273,278.92730712890625,256.3877258300781,278.92730712890625,0.035958568563642435,0.012769052840860788,0.25,14.927725076675415
176430694,XY-Warm-Same-State S2 p2=20,0,spsa,sequential,4,continuation,90,120,5,40,-0.0331445187330246,197,280.9223327636719,44.417720794677734,1968.0015869140625,1795.3697509765625,1657.264404296875,0.03488684339064415,0.01269554947299621,0.25,15.050501585006714
176430694,XY-Warm-Same-State S2 p2=20,0,spsa,sequential,4,continuation,95,120,5,40,-0.0331445187330246,207,20.690946578979492,3.2715256214141846,10.676125526428223,10.595853805541992,10.702882766723633,0.0338961165973397,0.012626410699612943,0.25,15.173508405685425
176430694,XY-Warm-Same-State S2 p2=20,0,spsa,sequential,4,continuation,100,120,5,40,-0.0331445187330246,217,218.16659545898438,34.49516677856445,1178.017333984375,1178.017333984375,1082.823974609375,0.03297689256859399,0.012561167176266359,0.25,15.295936584472656
176430694,XY-Warm-Same-State S2 p2=20,0,spsa,sequential,4,continuation,105,120,5,40,-0.0331445187330246,227,136.2967071533203,21.550403594970703,453.9703674316406,445.843017578125,459.77557373046875,0.03212115035641927,0.01249942043693397,0.25,15.419469594955444
176430694,XY-Warm-Same-State S2 p2=20,0,spsa,sequential,4,continuation,110,120,5,40,-0.0331445187330246,237,242.0914764404297,38.27802276611328,1461.5440673828125,1333.33837890625,1406.5987548828125,0.03132206316232307,0.012440829393713411,0.25,15.542343854904175
176430694,XY-Warm-Same-State S2 p2=20,0,spsa,sequential,4,continuation,115,120,5,40,-0.0331445187330246,247,134.5992889404297,21.28201675415039,424.616455078125,380.45635986328125,448.39495849609375,0.030573780201030402,0.012385099893453082,0.25,15.664071559906006
176430694,XY-Warm-Same-State S2 p2=20,0,spsa,sequential,4,continuation,120,120,5,40,-0.0331445187330246,257,29.75238037109375,4.704264163970947,22.07477569580078,22.13010025024414,21.908802032470703,0.02987125522037166,0.012331976538504544,0.25,15.78748106956482
176430694,XY-Warm-Same-State S2 p2=26,0,spsa,sequential,0,deterministic_linear_ramp,1,120,5,52,2.33966064453125,19,6.140081882476807,0.85147625207901,0.7078516483306885,0.7078516483306885,0.7078517079353333,0.03963687167732142,0.02,0.24337364733219147,0.2952091693878174
176430694,XY-Warm-Same-State S2 p2=26,0,spsa,sequential,0,deterministic_linear_ramp,5,120,5,52,2.33966064453125,27,14.791914939880371,2.05126953125,4.207706451416016,4.207706451416016,4.207706451416016,0.03372585885150927,0.016999416915812672,0.25,0.40960264205932617
176430694,XY-Warm-Same-State S2 p2=26,0,spsa,sequential,0,deterministic_linear_ramp,10,120,5,52,1.9655276536941528,37,2.7858216762542725,0.3863239884376526,0.14836308360099792,0.14836308360099792,0.14836308360099792,0.02887718232340375,0.015850026609609436,0.08044667541980743,0.5549178123474121
176430694,XY-Warm-Same-State S2 p2=26,0,spsa,sequential,0,deterministic_linear_ramp,15,120,5,52,1.9079225063323975,47,16.360668182373047,2.2688164710998535,5.117069721221924,4.87339973449707,4.386059761047363,0.02552773499257602,0.015214047873475552,0.25,0.7038896083831787
176430694,XY-Warm-Same-State S2 p2=26,0,spsa,sequential,0,deterministic_linear_ramp,20,120,5,52,1.8925353288650513,57,5.541541576385498,0.7684735059738159,0.590551495552063,0.5765739679336548,0.5765739679336548,0.02304586331758007,0.014778350620464044,0.12770961225032806,0.8589444160461426
176430694,XY-Warm-Same-State S2 p2=26,0,spsa,sequential,0,deterministic_linear_ramp,25,120,5,52,1.8638101816177368,67,0.8599571585655212,0.11925460398197174,0.014200621284544468,0.01211786363273859,0.012875229120254517,0.02111717557805889,0.014449008773880907,0.018159866333007812,1.0156590938568115
176430694,XY-Warm-Same-State S2 p2=26,0,spsa,sequential,0,deterministic_linear_ramp,30,120,5,52,1.753847360610962,77,17.188278198242188,2.3835854530334473,5.673073768615723,5.647860527038574,5.547005653381348,0.019565781350499425,0.014185372641231635,0.25,1.175739049911499
176430694,XY-Warm-Same-State S2 p2=26,0,spsa,sequential,0,deterministic_linear_ramp,35,120,5,52,1.5531163215637207,87,1.4067708253860474,0.19508403539657593,0.036031030118465424,0.037832580506801605,0.03242792189121246,0.018284806058920855,0.013966227856027484,0.025722533464431763,1.3304681777954102
176430694,XY-Warm-Same-State S2 p2=26,0,spsa,sequential,0,deterministic_linear_ramp,40,120,5,52,1.5480599403381348,97,16.569637298583984,2.297795295715332,5.084602355957031,5.154896259307861,4.998687267303467,0.017205181399671574,0.013779134410346052,0.25,1.489182949066162
176430694,XY-Warm-Same-State S2 p2=26,0,spsa,sequential,0,deterministic_linear_ramp,45,120,5,52,1.5343507528305054,107,27.892873764038086,3.8680455684661865,14.961776733398438,14.873245239257812,14.873245239257812,0.016280082660227662,0.013616187769422706,0.25,1.6464505195617676
176430694,XY-Warm-Same-State S2 p2=26,0,spsa,sequential,0,deterministic_linear_ramp,50,120,5,52,1.5343507528305054,117,28.064456939697266,3.8918399810791016,15.056794166564941,14.787923812866211,15.146419525146484,0.015476525644643694,0.013472060523173781,0.25,1.8009538650512695
176430694,XY-Warm-Same-State S2 p2=26,0,spsa,sequential,0,deterministic_linear_ramp,55,120,5,52,1.497340440750122,127,1.4586597681045532,0.2022797167301178,0.03994862735271454,0.040917083621025085,0.03704327717423439,0.014770535389573625,0.01334299625175472,0.021545186638832092,1.9603431224822998
176430694,XY-Warm-Same-State S2 p2=26,0,spsa,sequential,0,deterministic_linear_ramp,60,120,5,52,1.4784104824066162,137,53.5166015625,7.421417713165283,54.34415817260742,55.077430725097656,52.14432144165039,0.01414422335906646,0.013226249755755135,0.25,2.1113808155059814
176430694,XY-Warm-Same-State S2 p2=26,0,spsa,sequential,0,deterministic_linear_ramp,65,120,5,52,1.4784104824066162,147,16.125282287597656,2.2361743450164795,4.970887184143066,4.527058124542236,4.882121562957764,0.01358394305167921,0.01311975565249048,0.21904492378234863,2.271991491317749
176430694,XY-Warm-Same-State S2 p2=26,0,spsa,sequential,0,deterministic_linear_ramp,70,120,5,52,1.4784104824066162,157,12.368699073791504,1.7152299880981445,2.924605131149292,2.9420132637023926,2.872379779815674,0.013079084017769601,0.013021922119457682,0.1617712527513504,2.427943706512451
176430694,XY-Warm-Same-State S2 p2=26,0,spsa,sequential,0,deterministic_linear_ramp,75,120,5,52,1.4784104824066162,167,7.3761773109436035,1.0228917598724365,1.0447598695755005,1.0401164293289185,1.0215427875518799,0.012621258991899325,0.01293149713891721,0.09309665113687515,2.5823845863342285
176430694,XY-Warm-Same-State S2 p2=26,0,spsa,sequential,0,deterministic_linear_ramp,80,120,5,52,1.4751670360565186,177,11.44784164428711,1.5875298976898193,2.5165231227874756,2.5202510356903076,2.505338430404663,0.012203741411811643,0.012847478719003411,0.13970649242401123,2.738264322280884
176430694,XY-Warm-Same-State S2 p2=26,0,spsa,sequential,0,deterministic_linear_ramp,85,120,5,52,1.4751670360565186,187,22.35901641845703,3.100637674331665,9.557066917419434,9.557066917419434,9.557066917419434,0.01182106715978599,0.012769052840860788,0.25,2.8931491374969482
176430694,XY-Warm-Same-State S2 p2=26,0,spsa,sequential,0,deterministic_linear_ramp,90,120,5,52,1.4735469818115234,197,14.510095596313477,2.01218843460083,4.042912006378174,4.048901557922363,4.024943828582764,0.01146874681576497,0.01269554947299621,0.1664126217365265,3.052640438079834
176430694,XY-Warm-Same-State S2 p2=26,0,spsa,sequential,0,deterministic_linear_ramp,95,120,5,52,1.385408878326416,207,1.842024803161621,0.25544291734695435,0.061776164919137955,0.05907345190644264,0.0637066662311554,0.011143053985697959,0.012626410699612943,0.02052578143775463,3.21278977394104
176430694,XY-Warm-Same-State S2 p2=26,0,spsa,sequential,0,deterministic_linear_ramp,100,120,5,52,1.385408878326416,217,24.66177749633789,3.419973134994507,11.627008438110352,11.627008438110352,11.627008438110352,0.010840867068566924,0.012561167176266359,0.25,3.36655330657959
176430694,XY-Warm-Same-State S2 p2=26,0,spsa,sequential,0,deterministic_linear_ramp,105,120,5,52,1.385408878326416,227,37.686607360839844,5.226191997528076,27.27267837524414,24.727230072021484,25.85854148864746,0.010559549247372861,0.01249942043693397,0.25,3.5258853435516357
176430694,XY-Warm-Same-State S2 p2=26,0,spsa,sequential,0,deterministic_linear_ramp,110,120,5,52,1.385408878326416,237,46.02934265136719,6.383121490478516,40.744239807128906,36.88679885864258,36.886802673339844,0.010296856271393639,0.012440829393713411,0.25,3.682598829269409
176430694,XY-Warm-Same-State S2 p2=26,0,spsa,sequential,0,deterministic_linear_ramp,115,120,5,52,1.3173556327819824,247,32.20777130126953,4.466413974761963,19.830812454223633,18.06020736694336,19.47669219970703,0.01005086474577691,0.012385099893453082,0.25,3.8383395671844482
176430694,XY-Warm-Same-State S2 p2=26,0,spsa,sequential,0,deterministic_linear_ramp,120,120,5,52,1.3173556327819824,257,11.118788719177246,1.5418986082077026,2.2051215171813965,2.3211801052093506,2.025757312774658,0.009819915758942348,0.012331976538504544,0.10918556898832321,3.996907949447632
176430694,XY-Warm-Same-State S2 p2=26,0,spsa,sequential,1,random_shared_stream,1,120,5,52,1.9457645416259766,19,0.3276481330394745,0.04543662071228027,0.0020614322274923325,0.0020522705744951963,0.002064486499875784,1.7476949360001042,0.02,0.25,4.323008060455322
176430694,XY-Warm-Same-State S2 p2=26,0,spsa,sequential,1,random_shared_stream,5,120,5,52,1.9457645416259766,27,0.36201798915863037,0.0502028614282608,0.0025054141879081726,0.002505413955077529,0.002505413955077529,1.4870626826173448,0.016999416915812672,0.25,4.44851016998291
176430694,XY-Warm-Same-State S2 p2=26,0,spsa,sequential,1,random_shared_stream,10,120,5,52,1.9445953369140625,37,0.0837121307849884,0.011608784087002277,0.00013476386084221303,0.00013476386084221303,0.00013476386084221303,1.273271657849841,0.015850026609609436,0.10658828914165497,4.607588052749634
176430694,XY-Warm-Same-State S2 p2=26,0,spsa,sequential,1,random_shared_stream,15,120,5,52,1.9445953369140625,47,0.123966284096241,0.017191030085086823,0.0002741098578553647,0.0002937828248832375,0.00023257805150933564,1.1255856298973375,0.015214047873475552,0.13953466713428497,4.761758327484131
176430694,XY-Warm-Same-State S2 p2=26,0,spsa,sequential,1,random_shared_stream,20,120,5,52,1.9445953369140625,57,0.37111327052116394,0.051464155316352844,0.0026446408592164516,0.002632887102663517,0.0026485587004572153,1.016153316633466,0.014778350620464044,0.25,4.919557094573975
176430694,XY-Warm-Same-State S2 p2=26,0,spsa,sequential,1,random_shared_stream,25,120,5,52,1.9445953369140625,67,0.42484718561172485,0.05891570821404457,0.0033889049664139748,0.0033889049664139748,0.0033889049664139748,0.931112352176746,0.014449008773880907,0.25,5.074023246765137
176430694,XY-Warm-Same-State S2 p2=26,0,spsa,sequential,1,random_shared_stream,30,120,5,52,1.9445953369140625,77,0.07926450669765472,0.010992009192705154,0.00011796452599810436,0.00011438984074629843,0.00012010933278361335,0.8627072606418156,0.014185372641231635,0.06838206201791763,5.231372117996216
176430694,XY-Warm-Same-State S2 p2=26,0,spsa,sequential,1,random_shared_stream,35,120,5,52,1.9445953369140625,87,0.2564508020877838,0.03556332737207413,0.0012348153395578265,0.0011973966611549258,0.00125726661644876,0.80622565814658,0.013966227856027484,0.20675721764564514,5.3843982219696045
176430694,XY-Warm-Same-State S2 p2=26,0,spsa,sequential,1,random_shared_stream,40,120,5,52,1.9445953369140625,97,0.41418322920799255,0.057436879724264145,0.0032941149547696114,0.0032794740982353687,0.0032209125347435474,0.7586221397581602,0.013779134410346052,0.25,5.542329788208008
176430694,XY-Warm-Same-State S2 p2=26,0,spsa,sequential,1,random_shared_stream,45,120,5,52,1.9445953369140625,107,0.30158621072769165,0.04182248190045357,0.001655971514992416,0.0017077208030968904,0.0015835228841751814,0.7178320795488611,0.013616187769422706,0.21648827195167542,5.694636821746826
176430694,XY-Warm-Same-State S2 p2=26,0,spsa,sequential,1,random_shared_stream,50,120,5,52,1.9445953369140625,117,0.4370554983615875,0.060608696192502975,0.0035375626757740974,0.003477787831798196,0.003586468519642949,0.6824011167232307,0.013472060523173781,0.25,5.8545544147491455
176430694,XY-Warm-Same-State S2 p2=26,0,spsa,sequential,1,random_shared_stream,55,120,5,52,1.9445953369140625,127,0.21463385224342346,0.029764359816908836,0.0008649486699141562,0.0008806749829091132,0.0008387380512431264,0.651272131476967,0.01334299625175472,0.139785036444664,6.015787839889526
176430694,XY-Warm-Same-State S2 p2=26,0,spsa,sequential,1,random_shared_stream,60,120,5,52,1.9445953369140625,137,0.005069552455097437,0.0007030204869806767,4.87657644043793e-07,4.913132443107315e-07,4.82539803670079e-07,0.6236563707533578,0.013226249755755135,0.003161658765748143,6.178834438323975
176430694,XY-Warm-Same-State S2 p2=26,0,spsa,sequential,1,random_shared_stream,65,120,5,52,1.9445953369140625,147,0.49832630157470703,0.06910542398691177,0.004711980000138283,0.00466252863407135,0.004069115500897169,0.5989521240627308,0.01311975565249048,0.25,6.339536428451538
176430694,XY-Warm-Same-State S2 p2=26,0,spsa,sequential,1,random_shared_stream,70,120,5,52,1.9445953369140625,157,0.3264397084712982,0.04526904225349426,0.0019007432274520397,0.0018552709370851517,0.0019401524914428592,0.5766915485021582,0.013021922119457682,0.18825502693653107,6.496068239212036
176430694,XY-Warm-Same-State S2 p2=26,0,spsa,sequential,1,random_shared_stream,75,120,5,52,1.9445953369140625,167,0.2662351727485657,0.036920178681612015,0.0013449519174173474,0.0012905084295198321,0.001363099436275661,0.5565048272643819,0.01293149713891721,0.1481611728668213,6.650676965713501
176430694,XY-Warm-Same-State S2 p2=26,0,spsa,sequential,1,random_shared_stream,80,120,5,52,1.9445953369140625,177,0.04536528140306473,0.0062910327687859535,3.93429072573781e-05,3.9577083953190595e-05,3.8640348066110164e-05,0.5380953683557527,0.012847478719003411,0.024410845711827278,6.811187982559204
176430694,XY-Warm-Same-State S2 p2=26,0,spsa,sequential,1,random_shared_stream,85,120,5,52,1.9445953369140625,187,0.09542807936668396,0.013233494013547897,0.00015854541561566293,0.00017098036187235266,0.0001378205488435924,0.5212222443148985,0.012769052840860788,0.04973923787474632,6.971688985824585
176430694,XY-Warm-Same-State S2 p2=26,0,spsa,sequential,1,random_shared_stream,90,120,5,52,1.9445953369140625,197,0.003927247598767281,0.0005446113063953817,2.926525723978557e-07,2.948463588836603e-07,2.8958123721167794e-07,0.5056875046889241,0.01269554947299621,0.001985959941521287,7.132352590560913
176430694,XY-Warm-Same-State S2 p2=26,0,spsa,sequential,1,random_shared_stream,95,120,5,52,1.9445953369140625,207,0.07713682949542999,0.0106969540938735,0.00011425554112065583,0.00010359169391449541,0.00010833117994479835,0.4913268428679424,0.012626410699612943,0.03789939358830452,7.293278217315674
176430694,XY-Warm-Same-State S2 p2=26,0,spsa,sequential,1,random_shared_stream,100,120,5,52,1.9443485736846924,217,0.34351226687431335,0.04763658344745636,0.0022390319500118494,0.00221553398296237,0.0022558162454515696,0.47800261917302433,0.012561167176266359,0.16419975459575653,7.453426837921143
176430694,XY-Warm-Same-State S2 p2=26,0,spsa,sequential,1,random_shared_stream,105,120,5,52,1.9443485736846924,227,0.26680728793144226,0.03699951246380806,0.0013183366972953081,0.0011664543999359012,0.0013689639745280147,0.46559856934008176,0.01249942043693397,0.12422509491443634,7.613935470581055
176430694,XY-Warm-Same-State S2 p2=26,0,spsa,sequential,1,random_shared_stream,110,120,5,52,1.9443485736846924,237,0.15875154733657837,0.022014880552887917,0.0004817871085833758,0.0004731837543658912,0.00043877039570361376,0.45401573839471315,0.012440829393713411,0.07207569479942322,7.774362802505493
176430694,XY-Warm-Same-State S2 p2=26,0,spsa,sequential,1,random_shared_stream,115,120,5,52,1.9443485736846924,247,0.3153919279575348,0.04373699054121971,0.0018874562811106443,0.0018676480976864696,0.0019016052829101682,0.4431693187499136,0.012385099893453082,0.13977202773094177,7.933952569961548
176430694,XY-Warm-Same-State S2 p2=26,0,spsa,sequential,1,random_shared_stream,120,120,5,52,1.9443485736846924,257,0.11930427700281143,0.0165445264428854,0.000263598543824628,0.00027372135082259774,0.00023323003551922739,0.4329861645885307,0.012331976538504544,0.05165710300207138,8.094883680343628
176430694,XY-Warm-Same-State S2 p2=26,0,spsa,sequential,2,random_shared_stream,1,120,5,52,1.9446513652801514,19,0.10476745665073395,0.01452863309532404,0.0002098321565426886,0.00021108116197865456,0.00020608515478670597,3.432502670419501,0.02,0.25,8.417569637298584
176430694,XY-Warm-Same-State S2 p2=26,0,spsa,sequential,2,random_shared_stream,5,120,5,52,1.9446513652801514,27,0.1488475799560547,0.020641446113586426,0.0004254390369169414,0.00042606930946931243,0.0004235481610521674,2.9206164783239488,0.016999416915812672,0.25,8.541131734848022
176430694,XY-Warm-Same-State S2 p2=26,0,spsa,sequential,2,random_shared_stream,10,120,5,52,1.9446513652801514,37,0.2994057834148407,0.04152011126279831,0.001723919645883143,0.0017239197622984648,0.001723919645883143,2.500727258351903,0.015850026609609436,0.25,8.700140953063965
176430694,XY-Warm-Same-State S2 p2=26,0,spsa,sequential,2,random_shared_stream,15,120,5,52,1.9446513652801514,47,0.3259623944759369,0.04520285129547119,0.0019949357956647873,0.0019344829488545656,0.0020312073174864054,2.2106693798923938,0.015214047873475552,0.25,8.856810808181763
176430694,XY-Warm-Same-State S2 p2=26,0,spsa,sequential,2,random_shared_stream,20,120,5,52,1.9446513652801514,57,0.0029956635553389788,0.0004154238267801702,1.7155576870209188e-07,1.6849227790771693e-07,1.5623830051936238e-07,1.9957424496993545,0.014778350620464044,0.005978573113679886,9.012747526168823
176430694,XY-Warm-Same-State S2 p2=26,0,spsa,sequential,2,random_shared_stream,25,120,5,52,1.9446513652801514,67,0.30443117022514343,0.042217008769512177,0.001779639278538525,0.0016135397600010037,0.0016873617423698306,1.8287205446861086,0.014449008773880907,0.25,9.173888444900513
176430694,XY-Warm-Same-State S2 p2=26,0,spsa,sequential,2,random_shared_stream,30,120,5,52,1.9446513652801514,77,0.07611331343650818,0.010555017739534378,0.00010877152089960873,0.0001107491843868047,9.492786193732172e-05,1.694371777903434,0.014185372641231635,0.12896424531936646,9.32883906364441
176430694,XY-Warm-Same-State S2 p2=26,0,spsa,sequential,2,random_shared_stream,35,120,5,52,1.9446513652801514,87,0.19625425338745117,0.027215568348765373,0.0007395915454253554,0.0007406872464343905,0.0007363044423982501,1.5834409470124429,0.013966227856027484,0.25,9.483860492706299
176430694,XY-Warm-Same-State S2 p2=26,0,spsa,sequential,2,random_shared_stream,40,120,5,52,1.9446513652801514,97,0.3148640990257263,0.04366379603743553,0.0018614021828398108,0.0017260275781154633,0.0019065272063016891,1.4899468247695866,0.013779134410346052,0.25,9.63777756690979
176430694,XY-Warm-Same-State S2 p2=26,0,spsa,sequential,2,random_shared_stream,45,120,5,52,1.9446513652801514,107,0.32153621315956116,0.044589053839445114,0.001914655789732933,0.0018823039717972279,0.0019411258399486542,1.4098344506298337,0.013616187769422706,0.25,9.798599243164062
176430694,XY-Warm-Same-State S2 p2=26,0,spsa,sequential,2,random_shared_stream,50,120,5,52,1.9446513652801514,117,0.014644023962318897,0.0020307607483118773,3.971475052821916e-06,4.026379883725895e-06,3.9043679862516e-06,1.3402474351791562,0.013472060523173781,0.019626615568995476,9.952911138534546
176430694,XY-Warm-Same-State S2 p2=26,0,spsa,sequential,2,random_shared_stream,55,120,5,52,1.9446513652801514,127,0.02705874852836132,0.003752373391762376,1.405947477906011e-05,1.4080304026720114e-05,1.3996987945574801e-05,1.2791095770871745,0.01334299625175472,0.03461110591888428,10.108326196670532
176430694,XY-Warm-Same-State S2 p2=26,0,spsa,sequential,2,random_shared_stream,60,120,5,52,1.9446513652801514,137,0.5154369473457336,0.07147824764251709,0.00483705522492528,0.005078907590359449,0.004353350028395653,1.2248717518941805,0.013226249755755135,0.25,10.26542592048645
176430694,XY-Warm-Same-State S2 p2=26,0,spsa,sequential,2,random_shared_stream,65,120,5,52,1.9446513652801514,147,0.08838895708322525,0.012257342226803303,0.00014668641961179674,0.00012801722914446145,0.0001493534364271909,1.1763521899331253,0.01311975565249048,0.1039765402674675,10.421602964401245
176430694,XY-Warm-Same-State S2 p2=26,0,spsa,sequential,2,random_shared_stream,70,120,5,52,1.9446513652801514,157,0.3001661002635956,0.04162554815411568,0.0017301230691373348,0.001722433720715344,0.0017326863016933203,1.1326320397611414,0.013021922119457682,0.25,10.580053329467773
176430694,XY-Warm-Same-State S2 p2=26,0,spsa,sequential,2,random_shared_stream,75,120,5,52,1.9446513652801514,167,0.09622358530759811,0.013343810103833675,0.0001685749157331884,0.00012643120135180652,0.00017700367607176304,1.0929849748596057,0.01293149713891721,0.10517093539237976,10.735846519470215
176430694,XY-Warm-Same-State S2 p2=26,0,spsa,sequential,2,random_shared_stream,80,120,5,52,1.9446513652801514,177,0.001304753590375185,0.00018093678227160126,3.2738114441599464e-08,3.1963246271971e-08,3.1963246271971e-08,1.0568284834930575,0.012847478719003411,0.0013789007207378745,10.891738176345825
176430694,XY-Warm-Same-State S2 p2=26,0,spsa,sequential,2,random_shared_stream,85,120,5,52,1.9446513652801514,187,0.5206636190414429,0.07220305502414703,0.005089889746159315,0.005213281139731407,0.004719716031104326,1.0236893800170788,0.012769052840860788,0.25,11.049908638000488
176430694,XY-Warm-Same-State S2 p2=26,0,spsa,sequential,2,random_shared_stream,90,120,5,52,1.9446513652801514,197,0.4881974756717682,0.0677008181810379,0.004556278698146343,0.004339313600212336,0.0045562791638076305,0.9931788863650987,0.01269554947299621,0.25,11.205152034759521
176430694,XY-Warm-Same-State S2 p2=26,0,spsa,sequential,2,random_shared_stream,95,120,5,52,1.9446513652801514,207,0.3792504072189331,0.05259256809949875,0.002749611157923937,0.0027659782208502293,0.0027005113661289215,0.9649743015521872,0.012626410699612943,0.25,11.365442752838135
176430694,XY-Warm-Same-State S2 p2=26,0,spsa,sequential,2,random_shared_stream,100,120,5,52,1.9446513652801514,217,0.23439176380634308,0.03250429034233093,0.0007923967787064612,0.000900237588211894,0.0006564232753589749,0.9388052989007597,0.012561167176266359,0.2200482338666916,11.525249004364014
176430694,XY-Warm-Same-State S2 p2=26,0,spsa,sequential,2,random_shared_stream,105,120,5,52,1.9446513652801514,227,0.010006562806665897,0.0013876606244593859,1.8543887563282624e-06,1.823055072236457e-06,1.880025479295e-06,0.9144435334126497,0.01249942043693397,0.009150437079370022,11.678091764450073
176430694,XY-Warm-Same-State S2 p2=26,0,spsa,sequential,2,random_shared_stream,110,120,5,52,1.9446513652801514,237,0.31035152077674866,0.043038010597229004,0.00167690753005445,0.001457703998312354,0.0018084296025335789,0.8916946558299358,0.012440829393713411,0.25,11.83632230758667
176430694,XY-Warm-Same-State S2 p2=26,0,spsa,sequential,2,random_shared_stream,115,120,5,52,1.9443515539169312,247,0.06461925059556961,0.008961078710854053,7.982576062204316e-05,7.840029866201803e-05,8.030091703403741e-05,0.8703921026049016,0.012385099893453082,0.05624408274888992,11.993747472763062
176430694,XY-Warm-Same-State S2 p2=26,0,spsa,sequential,2,random_shared_stream,120,120,5,52,1.9443515539169312,257,0.20762358605861664,0.028792211785912514,0.0008093704818747938,0.000824086251668632,0.0007848439272493124,0.8503922141047736,0.012331976538504544,0.17656148970127106,12.14634108543396
176430694,XY-Warm-Same-State S2 p2=26,0,spsa,sequential,3,random_shared_stream,1,120,5,52,1.9463461637496948,19,0.36263507604599,0.05028844252228737,0.002495257882401347,0.0025289268232882023,0.0023942505940794945,2.119974686865261,0.02,0.25,12.477643966674805
176430694,XY-Warm-Same-State S2 p2=26,0,spsa,sequential,3,random_shared_stream,5,120,5,52,1.945590615272522,27,0.3244710862636566,0.04499604180455208,0.0020216486882418394,0.002012663520872593,0.002024643588811159,1.8038246721397682,0.016999416915812672,0.25,12.605053424835205
176430694,XY-Warm-Same-State S2 p2=26,0,spsa,sequential,3,random_shared_stream,10,120,5,52,1.945590615272522,37,0.015782462432980537,0.00218863389454782,4.53502252639737e-06,4.081520273757633e-06,4.761773197969887e-06,1.5444936233107378,0.015850026609609436,0.02437591180205345,12.758952856063843
176430694,XY-Warm-Same-State S2 p2=26,0,spsa,sequential,3,random_shared_stream,15,120,5,52,1.945590615272522,47,0.03706558048725128,0.005140071269124746,2.626400237204507e-05,2.6263998734066263e-05,2.5013334379764274e-05,1.3653487196929797,0.015214047873475552,0.05060744285583496,12.91831636428833
176430694,XY-Warm-Same-State S2 p2=26,0,spsa,sequential,3,random_shared_stream,20,120,5,52,1.9448096752166748,57,0.5336644053459167,0.07400593906641006,0.005444470327347517,0.005185210146009922,0.005444470327347517,1.232606025721757,0.014778350620464044,0.25,13.077651500701904
176430694,XY-Warm-Same-State S2 p2=26,0,spsa,sequential,3,random_shared_stream,25,120,5,52,1.9446187019348145,67,0.16343022882938385,0.022663695737719536,0.0005128831835463643,0.0005136430263519287,0.000510603713337332,1.1294503271606187,0.014449008773880907,0.1845863163471222,13.232450246810913
176430694,XY-Warm-Same-State S2 p2=26,0,spsa,sequential,3,random_shared_stream,30,120,5,52,1.9446187019348145,77,0.10077742487192154,0.013975313864648342,0.00018808641470968723,0.0001906866964418441,0.00018490830552764237,1.0464741397725326,0.014185372641231635,0.10546096414327621,13.39221477508545
176430694,XY-Warm-Same-State S2 p2=26,0,spsa,sequential,3,random_shared_stream,35,120,5,52,1.9445997476577759,87,0.5291509628295898,0.07338003069162369,0.005257182288914919,0.004588086623698473,0.005352767650038004,0.9779612860146969,0.013966227856027484,0.25,13.5499427318573
176430694,XY-Warm-Same-State S2 p2=26,0,spsa,sequential,3,random_shared_stream,40,120,5,52,1.9445997476577759,97,0.3890415132045746,0.05395035445690155,0.0027556358836591244,0.0024800722021609545,0.0028934176079928875,0.9202176535818288,0.013779134410346052,0.25,13.699227333068848
176430694,XY-Warm-Same-State S2 p2=26,0,spsa,sequential,3,random_shared_stream,45,120,5,52,1.9445997476577759,107,0.0362698920071125,0.005029729101806879,2.395093542872928e-05,2.469940227456391e-05,2.2903082935954444e-05,0.8707388267350026,0.013616187769422706,0.03158160299062729,13.856273174285889
176430694,XY-Warm-Same-State S2 p2=26,0,spsa,sequential,3,random_shared_stream,50,120,5,52,1.9445997476577759,117,0.12391587346792221,0.01718403957784176,0.00029354391153901815,0.00026733463164418936,0.0002883020497392863,0.827760648579089,0.013472060523173781,0.10257267951965332,14.017249822616577
176430694,XY-Warm-Same-State S2 p2=26,0,spsa,sequential,3,random_shared_stream,55,120,5,52,1.9445997476577759,127,0.003833322785794735,0.000531586236320436,2.809118484492501e-07,2.758955304216215e-07,2.5583042884136376e-07,0.7900008202529187,0.01334299625175472,0.0030283282976597548,14.176709413528442
176430694,XY-Warm-Same-State S2 p2=26,0,spsa,sequential,3,random_shared_stream,60,120,5,52,1.9445997476577759,137,0.20580433309078217,0.028539927676320076,0.0007711502257734537,0.0006940352031961083,0.0008097077370621264,0.7565025749432601,0.013226249755755135,0.1556915044784546,14.331189155578613
176430694,XY-Warm-Same-State S2 p2=26,0,spsa,sequential,3,random_shared_stream,65,120,5,52,1.9445997476577759,147,0.04232710227370262,0.005869713146239519,3.440256477915682e-05,3.4453532862244174e-05,3.424966780585237e-05,0.7265360306892228,0.01311975565249048,0.030752167105674744,14.487703800201416
176430694,XY-Warm-Same-State S2 p2=26,0,spsa,sequential,3,random_shared_stream,70,120,5,52,1.9445997476577759,157,0.2851148843765259,0.039538320153951645,0.0015632787253707647,0.0015262780943885446,0.0015262780943885446,0.6995336885004471,0.013021922119457682,0.19944746792316437,14.648681163787842
176430694,XY-Warm-Same-State S2 p2=26,0,spsa,sequential,3,random_shared_stream,75,120,5,52,1.9445997476577759,167,0.08990839868783951,0.012468052096664906,0.00015522236935794353,0.0001554523187223822,0.0001545324776088819,0.6750469562033131,0.01293149713891721,0.06069239228963852,14.803404092788696
176430694,XY-Warm-Same-State S2 p2=26,0,spsa,sequential,3,random_shared_stream,80,120,5,52,1.943974494934082,177,0.5891798734664917,0.08170454949140549,0.00663613248616457,0.00663613248616457,0.006636132951825857,0.652716064191632,0.012847478719003411,0.25,14.958812475204468
176430694,XY-Warm-Same-State S2 p2=26,0,spsa,sequential,3,random_shared_stream,85,120,5,52,1.943974494934082,187,0.19472713768482208,0.02700379677116871,0.000728126207832247,0.0007248901529237628,0.0007292049704119563,0.632248764597107,0.012769052840860788,0.12311598658561707,15.115928888320923
176430694,XY-Warm-Same-State S2 p2=26,0,spsa,sequential,3,random_shared_stream,90,120,5,52,1.943974494934082,197,0.361306756734848,0.050104234367609024,0.0024770114105194807,0.002495579654350877,0.0022727600298821926,0.6134049411724755,0.01269554947299621,0.2216273546218872,15.26815676689148
176430694,XY-Warm-Same-State S2 p2=26,0,spsa,sequential,3,random_shared_stream,95,120,5,52,1.943974494934082,207,0.23563158512115479,0.03267621994018555,0.0010108738206326962,0.0009097863803617656,0.0010614173952490091,0.595985288051096,0.012626410699612943,0.1404329538345337,15.427201747894287
176430694,XY-Warm-Same-State S2 p2=26,0,spsa,sequential,3,random_shared_stream,100,120,5,52,1.943974494934082,217,0.08698158711194992,0.012062176130712032,0.00014549608749803156,0.00014205239131115377,0.00014205239131115377,0.5798228466698759,0.012561167176266359,0.05043391138315201,15.584730863571167
176430694,XY-Warm-Same-State S2 p2=26,0,spsa,sequential,3,random_shared_stream,105,120,5,52,1.943974494934082,227,0.033595919609069824,0.004658916033804417,2.1673386072507128e-05,2.1191757696215063e-05,2.1577059669652954e-05,0.5647765870974605,0.01249942043693397,0.018974188715219498,15.739103078842163
176430694,XY-Warm-Same-State S2 p2=26,0,spsa,sequential,3,random_shared_stream,110,120,5,52,1.943974494934082,237,0.03271767497062683,0.004537125118076801,1.4616926819144282e-05,1.75403129105689e-05,1.0719079909904394e-05,0.5507264757761906,0.012440829393713411,0.018018489703536034,15.899225950241089
176430694,XY-Warm-Same-State S2 p2=26,0,spsa,sequential,3,random_shared_stream,115,120,5,52,1.943974494934082,247,0.09061270952224731,0.01256572175770998,0.00015416013775393367,0.00015789736062288284,0.0001429484982509166,0.5375696400971224,0.012385099893453082,0.04871064051985741,16.059752941131592
176430694,XY-Warm-Same-State S2 p2=26,0,spsa,sequential,3,random_shared_stream,120,120,5,52,1.943974494934082,257,0.30357587337493896,0.04209839925169945,0.0017696534050628543,0.0017303279601037502,0.0017617883859202266,0.5252173533164636,0.012331976538504544,0.15944331884384155,16.215627431869507
176430694,XY-Warm-Same-State S2 p2=26,0,spsa,sequential,4,continuation,1,120,5,52,-0.03669115900993347,19,5.223382949829102,0.7243529558181763,0.49674516916275024,0.4750126004219055,0.5122684836387634,0.012798814172368552,0.02,0.0668531060218811,16.541898488998413
176430694,XY-Warm-Same-State S2 p2=26,0,spsa,sequential,4,continuation,5,120,5,52,-0.03669115900993347,27,244.1801300048828,33.861690521240234,1119.475341796875,1119.475341796875,1119.475341796875,0.010890137944235673,0.016999416915812672,0.25,16.66990852355957
176430694,XY-Warm-Same-State S2 p2=26,0,spsa,sequential,4,continuation,10,120,5,52,-0.03841172531247139,37,121.27106475830078,16.817270278930664,279.05523681640625,281.1470947265625,276.1266174316406,0.009324491937397693,0.015850026609609436,0.25,16.83023190498352
176430694,XY-Warm-Same-State S2 p2=26,0,spsa,sequential,4,continuation,15,120,5,52,-0.03841172531247139,47,128.4856414794922,17.817752838134766,313.24554443359375,309.9581298828125,315.5937194824219,0.008242949622040656,0.015214047873475552,0.25,16.99032759666443
176430694,XY-Warm-Same-State S2 p2=26,0,spsa,sequential,4,continuation,20,120,5,52,-0.03841172531247139,57,5.04782772064209,0.7000077366828918,0.489285945892334,0.487111359834671,0.4900107979774475,0.0074415489810785475,0.014778350620464044,0.03756365552544594,17.14829730987549
176430694,XY-Warm-Same-State S2 p2=26,0,spsa,sequential,4,continuation,25,120,5,52,-0.03841172531247139,67,2.7848730087280273,0.3861924111843109,0.14914457499980927,0.14914457499980927,0.14914456009864807,0.006818772386204618,0.014449008773880907,0.01898941583931446,17.30111336708069
176430694,XY-Warm-Same-State S2 p2=26,0,spsa,sequential,4,continuation,30,120,5,52,-0.03841172531247139,77,3.363628387451172,0.46645134687423706,0.2124270647764206,0.20598991215229034,0.21628938615322113,0.006317824516547699,0.014185372641231635,0.021250814199447632,17.45989179611206
176430694,XY-Warm-Same-State S2 p2=26,0,spsa,sequential,4,continuation,35,120,5,52,-0.03841172531247139,87,25.13190269470215,3.485167980194092,12.12842845916748,11.858906745910645,12.07452392578125,0.0059041953873424724,0.013966227856027484,0.14838366210460663,17.614904642105103
176430694,XY-Warm-Same-State S2 p2=26,0,spsa,sequential,4,continuation,40,120,5,52,-0.03841172531247139,97,95.42279052734375,13.232760429382324,174.06980895996094,174.06980895996094,174.06980895996094,0.005555582724311744,0.013779134410346052,0.25,17.770238637924194
176430694,XY-Warm-Same-State S2 p2=26,0,spsa,sequential,4,continuation,45,120,5,52,-0.03841172531247139,107,120.64356994628906,16.730253219604492,279.4873046875,279.9013671875,278.2451477050781,0.005256866747086693,0.013616187769422706,0.25,17.926467418670654
176430694,XY-Warm-Same-State S2 p2=26,0,spsa,sequential,4,continuation,50,120,5,52,-0.03841172531247139,117,5.573989391326904,0.7729732990264893,0.5974875688552856,0.5939521193504333,0.5939521193504333,0.004997396801953594,0.013472060523173781,0.027855437248945236,18.07468891143799
176430694,XY-Warm-Same-State S2 p2=26,0,spsa,sequential,4,continuation,55,120,5,52,-0.03841172531247139,127,49.69094467163086,6.890893936157227,47.48441696166992,47.20344924926758,47.20344924926758,0.004769431331931024,0.01334299625175472,0.2369975447654724,18.235073566436768
176430694,XY-Warm-Same-State S2 p2=26,0,spsa,sequential,4,continuation,60,120,5,52,-0.03841172531247139,137,30.463491439819336,4.224526405334473,17.846622467041016,17.424217224121094,17.424217224121094,0.004567194097932396,0.013226249755755135,0.13913269340991974,18.395445585250854
176430694,XY-Warm-Same-State S2 p2=26,0,spsa,sequential,4,continuation,65,120,5,52,-0.03841172531247139,147,13.485305786132812,1.8700755834579468,3.310941457748413,3.166088342666626,3.4144084453582764,0.0043862786211242245,0.01311975565249048,0.05915030837059021,18.55276322364807
176430694,XY-Warm-Same-State S2 p2=26,0,spsa,sequential,4,continuation,70,120,5,52,-0.13011234998703003,157,115.20044708251953,15.975427627563477,241.62301635742188,231.052001953125,249.17373657226562,0.004223258769031616,0.013021922119457682,0.25,18.707852125167847
176430694,XY-Warm-Same-State S2 p2=26,0,spsa,sequential,4,continuation,75,120,5,52,-0.13011234998703003,167,190.8032989501953,26.459657669067383,683.5426635742188,683.5426635742188,683.5426635742188,0.004075426279190443,0.01293149713891721,0.25,18.869967699050903
176430694,XY-Warm-Same-State S2 p2=26,0,spsa,sequential,4,continuation,80,120,5,52,-0.13011234998703003,177,89.14466857910156,12.362141609191895,149.2054443359375,151.91827392578125,130.21566772460938,0.003940609133055858,0.012847478719003411,0.25,19.030489683151245
176430694,XY-Warm-Same-State S2 p2=26,0,spsa,sequential,4,continuation,85,120,5,52,-0.13011234998703003,187,239.21035766601562,33.172508239746094,968.560791015625,1074.3699951171875,781.3599853515625,0.003817042957599363,0.012769052840860788,0.25,19.188289880752563
176430694,XY-Warm-Same-State S2 p2=26,0,spsa,sequential,4,continuation,90,120,5,52,-0.13011234998703003,197,247.8915252685547,34.37636947631836,1096.076416015625,1118.802001953125,1069.8544921875,0.003703278111347634,0.01269554947299621,0.25,19.340444326400757
176430694,XY-Warm-Same-State S2 p2=26,0,spsa,sequential,4,continuation,95,120,5,52,-0.13011234998703003,207,114.59969329833984,15.892118453979492,251.06500244140625,252.55941772460938,246.58168029785156,0.0035981113352398842,0.012626410699612943,0.25,19.499666213989258
176430694,XY-Warm-Same-State S2 p2=26,0,spsa,sequential,4,continuation,100,120,5,52,-0.13011234998703003,217,10.087348937988281,1.398863673210144,1.8526097536087036,1.5399819612503052,1.9568192958831787,0.003500534658927814,0.012561167176266359,0.03531111404299736,19.65419101715088
176430694,XY-Warm-Same-State S2 p2=26,0,spsa,sequential,4,continuation,105,120,5,52,-0.13011234998703003,227,70.28004455566406,9.746088981628418,89.92781066894531,89.92781066894531,89.92781066894531,0.003409696649658316,0.01249942043693397,0.23963363468647003,19.81169867515564
176430694,XY-Warm-Same-State S2 p2=26,0,spsa,sequential,4,continuation,110,120,5,52,-0.13011234998703003,237,30.487483978271484,4.227853298187256,17.76897621154785,17.768978118896484,16.922834396362305,0.00332487263500561,0.012440829393713411,0.10136700421571732,19.969757080078125
176430694,XY-Warm-Same-State S2 p2=26,0,spsa,sequential,4,continuation,115,120,5,52,-0.13011234998703003,247,121.73604583740234,16.881752014160156,283.30718994140625,283.3072204589844,269.8163757324219,0.003245441547457212,0.012385099893453082,0.25,20.12518048286438
176430694,XY-Warm-Same-State S2 p2=26,0,spsa,sequential,4,continuation,120,120,5,52,-0.13011234998703003,257,14.531420707702637,2.0151455402374268,4.054804801940918,4.036783218383789,4.060811996459961,0.003170867721604967,0.012331976538504544,0.04607721418142319,20.28016495704651
176430694,XY-Warm-Same-State S2 p2=30,0,spsa,sequential,0,deterministic_linear_ramp,1,120,5,60,2.3304035663604736,19,24.97191619873047,3.223860263824463,10.381728172302246,9.977543830871582,10.20850658416748,0.014062514982667883,0.02,0.25,0.34086012840270996
176430694,XY-Warm-Same-State S2 p2=30,0,spsa,sequential,0,deterministic_linear_ramp,5,120,5,60,1.9383739233016968,27,72.00164794921875,9.295373916625977,85.53992462158203,84.86788940429688,86.01994323730469,0.011965384131817075,0.016999416915812672,0.25,0.47666287422180176
176430694,XY-Warm-Same-State S2 p2=30,0,spsa,sequential,0,deterministic_linear_ramp,10,120,5,60,1.83760666847229,37,54.15007400512695,6.9907450675964355,48.65330505371094,43.44044876098633,46.915687561035156,0.01024515285630987,0.015850026609609436,0.25,0.6475000381469727
176430694,XY-Warm-Same-State S2 p2=30,0,spsa,sequential,0,deterministic_linear_ramp,15,120,5,60,1.6944559812545776,47,25.71721649169922,3.3200786113739014,11.010671615600586,10.826956748962402,10.973929405212402,0.009056823624455495,0.015214047873475552,0.23291628062725067,0.818396806716919
176430694,XY-Warm-Same-State S2 p2=30,0,spsa,sequential,0,deterministic_linear_ramp,20,120,5,60,1.6601898670196533,57,9.127253532409668,1.1783233880996704,1.3822749853134155,1.382275104522705,1.382275104522705,0.008176296071756154,0.014778350620464044,0.07462712377309799,0.9893558025360107
176430694,XY-Warm-Same-State S2 p2=30,0,spsa,sequential,0,deterministic_linear_ramp,25,120,5,60,1.6601898670196533,67,6.284092426300049,0.8112728595733643,0.6552383899688721,0.6581634879112244,0.6464627981185913,0.00749202914840502,0.014449008773880907,0.04708059877157211,1.1596524715423584
176430694,XY-Warm-Same-State S2 p2=30,0,spsa,sequential,0,deterministic_linear_ramp,30,120,5,60,1.6601898670196533,77,36.3572883605957,4.6937055587768555,21.63921546936035,19.58300018310547,21.932958602905273,0.006941619803624112,0.014185372641231635,0.25,1.3309245109558105
176430694,XY-Warm-Same-State S2 p2=30,0,spsa,sequential,0,deterministic_linear_ramp,35,120,5,60,1.6601898670196533,87,9.750953674316406,1.2588428258895874,1.5688380002975464,1.4086089134216309,1.5565128326416016,0.006487150682627418,0.013966227856027484,0.06325589865446091,1.5018115043640137
176430694,XY-Warm-Same-State S2 p2=30,0,spsa,sequential,0,deterministic_linear_ramp,40,120,5,60,1.6601898670196533,97,24.26329231262207,3.132377862930298,9.768181800842285,9.768179893493652,9.768179893493652,0.006104117478848186,0.013779134410346052,0.14810597896575928,1.6725637912750244
176430694,XY-Warm-Same-State S2 p2=30,0,spsa,sequential,0,deterministic_linear_ramp,45,120,5,60,1.6601898670196533,107,12.59350872039795,1.6258151531219482,2.596283197402954,2.537543773651123,2.0676281452178955,0.005775907548715871,0.013616187769422706,0.07273893803358078,1.8434348106384277
176430694,XY-Warm-Same-State S2 p2=30,0,spsa,sequential,0,deterministic_linear_ramp,50,120,5,60,1.6601898670196533,117,10.710110664367676,1.382669448852539,1.858669638633728,1.8777873516082764,1.835303544998169,0.00549081863798978,0.013472060523173781,0.05880727246403694,2.008275032043457
176430694,XY-Warm-Same-State S2 p2=30,0,spsa,sequential,0,deterministic_linear_ramp,55,120,5,60,1.6527552604675293,127,31.71946144104004,4.09496545791626,16.601049423217773,16.470624923706055,14.905545234680176,0.005240344821076,0.01334299625175472,0.16622091829776764,2.174205780029297
176430694,XY-Warm-Same-State S2 p2=30,0,spsa,sequential,0,deterministic_linear_ramp,60,120,5,60,1.5698552131652832,137,22.96681022644043,2.9650025367736816,8.703327178955078,8.439589500427246,7.384641170501709,0.005018139537456923,0.013226249755755135,0.11525065451860428,2.3570454120635986
176430694,XY-Warm-Same-State S2 p2=30,0,spsa,sequential,0,deterministic_linear_ramp,65,120,5,60,1.5698552131652832,147,17.748302459716797,2.2912960052490234,5.22670316696167,5.040036201477051,5.22670316696167,0.0048193612312054,0.01311975565249048,0.08553547412157059,2.537174701690674
176430694,XY-Warm-Same-State S2 p2=30,0,spsa,sequential,0,deterministic_linear_ramp,70,120,5,60,1.5698552131652832,157,9.574763298034668,1.236096739768982,1.5262371301651,1.5007716417312622,1.4668174982070923,0.00464024548800836,0.013021922119457682,0.04442925378680229,2.714538097381592
176430694,XY-Warm-Same-State S2 p2=30,0,spsa,sequential,0,deterministic_linear_ramp,75,120,5,60,1.5698552131652832,167,28.037137985229492,3.6195790767669678,12.388055801391602,12.57729721069336,12.169698715209961,0.004477816643013896,0.01293149713891721,0.12554515898227692,2.889413356781006
176430694,XY-Warm-Same-State S2 p2=30,0,spsa,sequential,0,deterministic_linear_ramp,80,120,5,60,1.5533921718597412,177,36.15577697753906,4.667691230773926,21.40000343322754,21.690502166748047,19.366519927978516,0.00432968822174725,0.012847478719003411,0.15654323995113373,3.072028875350952
176430694,XY-Warm-Same-State S2 p2=30,0,spsa,sequential,0,deterministic_linear_ramp,85,120,5,60,1.5533921718597412,187,19.554821014404297,2.5245163440704346,6.196149826049805,5.665051460266113,6.373182773590088,0.004193921644445163,0.012769052840860788,0.082011379301548,3.2460384368896484
176430694,XY-Warm-Same-State S2 p2=30,0,spsa,sequential,0,deterministic_linear_ramp,90,120,5,60,1.5502721071243286,197,11.361329078674316,1.4667414426803589,2.129816770553589,2.113084316253662,2.14176869392395,0.004068924138162924,0.01269554947299621,0.04622838273644447,3.4254345893859863
176430694,XY-Warm-Same-State S2 p2=30,0,spsa,sequential,0,deterministic_linear_ramp,95,120,5,60,1.5502721071243286,207,14.07248306274414,1.8167498111724854,3.2859103679656982,3.1685564517974854,3.2859103679656982,0.003953373639126307,0.012626410699612943,0.0556337833404541,3.6012611389160156
176430694,XY-Warm-Same-State S2 p2=30,0,spsa,sequential,0,deterministic_linear_ramp,100,120,5,60,1.5502721071243286,217,22.208141326904297,2.8670589923858643,8.220026016235352,8.220026969909668,8.220026016235352,0.0038461626542555505,0.012561167176266359,0.08541612327098846,3.7767043113708496
176430694,XY-Warm-Same-State S2 p2=30,0,spsa,sequential,0,deterministic_linear_ramp,105,120,5,60,1.5502721071243286,227,1.0530472993850708,0.1359478384256363,0.017968427389860153,0.016428276896476746,0.018481813371181488,0.003746355683926546,0.01249942043693397,0.003945089410990477,3.9565281867980957
176430694,XY-Warm-Same-State S2 p2=30,0,spsa,sequential,0,deterministic_linear_ramp,110,120,5,60,1.5406622886657715,237,24.575302124023438,3.1726579666137695,10.054572105407715,9.886809349060059,10.02101993560791,0.003653156504621408,0.012440829393713411,0.08977742493152618,4.13477897644043
176430694,XY-Warm-Same-State S2 p2=30,0,spsa,sequential,0,deterministic_linear_ramp,115,120,5,60,1.5181336402893066,247,24.252559661865234,3.1309919357299805,9.530801773071289,9.410985946655273,9.62883186340332,0.003565882727246746,0.012385099893453082,0.08648177981376648,4.319034814834595
176430694,XY-Warm-Same-State S2 p2=30,0,spsa,sequential,0,deterministic_linear_ramp,120,120,5,60,1.5135997533798218,257,10.011123657226562,1.2924306392669678,1.6685206890106201,1.6629526615142822,1.6703765392303467,0.0034839457970562843,0.012331976538504544,0.034878212958574295,4.493438482284546
176430694,XY-Warm-Same-State S2 p2=30,0,spsa,sequential,1,random_shared_stream,1,120,5,60,1.9459956884384155,19,0.29250723123550415,0.03776252642273903,0.0014006568817421794,0.0013246031012386084,0.0014260080642998219,1.7969249998711394,0.02,0.25,4.860772132873535
176430694,XY-Warm-Same-State S2 p2=30,0,spsa,sequential,1,random_shared_stream,5,120,5,60,1.9445374011993408,27,0.21613526344299316,0.02790294587612152,0.0007777091232128441,0.0007647330057807267,0.0007751139346510172,1.5289511091027097,0.016999416915812672,0.25,5.0103442668914795
176430694,XY-Warm-Same-State S2 p2=30,0,spsa,sequential,1,random_shared_stream,10,120,5,60,1.9445374011993408,37,0.17835693061351776,0.02302578277885914,0.0005301866331137717,0.000520761008374393,0.000520761008374393,1.3091378972889665,0.015850026609609436,0.233493834733963,5.187679767608643
176430694,XY-Warm-Same-State S2 p2=30,0,spsa,sequential,1,random_shared_stream,15,120,5,60,1.9445374011993408,47,0.19637323915958405,0.02535167895257473,0.0006427074549719691,0.0006169992266222835,0.0006169992266222835,1.1572917653965835,0.015214047873475552,0.22726114094257355,5.367784261703491
176430694,XY-Warm-Same-State S2 p2=30,0,spsa,sequential,1,random_shared_stream,20,120,5,60,1.9445374011993408,57,3.124134673271328e-05,4.033240657008719e-06,1.6267031124894693e-11,1.626702765544774e-11,1.626702765544774e-11,1.0447769005611742,0.014778350620464044,3.2640236895531416e-05,5.544651031494141
176430694,XY-Warm-Same-State S2 p2=30,0,spsa,sequential,1,random_shared_stream,25,120,5,60,1.9445374011993408,67,0.12228583544492722,0.01578703336417675,0.0002481227566022426,0.00024812272749841213,0.0002481227566022426,0.9573404539035159,0.014449008773880907,0.11706917732954025,5.730912446975708
176430694,XY-Warm-Same-State S2 p2=30,0,spsa,sequential,1,random_shared_stream,30,120,5,60,1.9445374011993408,77,0.026070386171340942,0.003365672891959548,1.1126368008262943e-05,1.132775105361361e-05,1.052222251018975e-05,0.8870084888874068,0.014185372641231635,0.023124653846025467,5.910472869873047
176430694,XY-Warm-Same-State S2 p2=30,0,spsa,sequential,1,random_shared_stream,35,120,5,60,1.9445374011993408,87,0.41048121452331543,0.05299290269613266,0.002805127063766122,0.0027957663405686617,0.0028082472272217274,0.8289358805243264,0.013966227856027484,0.25,6.087994337081909
176430694,XY-Warm-Same-State S2 p2=30,0,spsa,sequential,1,random_shared_stream,40,120,5,60,1.9445374011993408,97,0.37423816323280334,0.04831394553184509,0.002292739460244775,0.002323862398043275,0.002240867121145129,0.7799914391850674,0.013779134410346052,0.25,6.2648022174835205
176430694,XY-Warm-Same-State S2 p2=30,0,spsa,sequential,1,random_shared_stream,45,120,5,60,1.9445374011993408,107,0.19147759675979614,0.02471965365111828,0.0006110611720941961,0.0005676078726537526,0.0005676079308614135,0.7380523813858324,0.013616187769422706,0.14132048189640045,6.441548109054565
176430694,XY-Warm-Same-State S2 p2=30,0,spsa,sequential,1,random_shared_stream,50,120,5,60,1.9445374011993408,117,0.2466454803943634,0.03184179589152336,0.0009733439655974507,0.0009012444061227143,0.0010093937162309885,0.7016233790700208,0.013472060523173781,0.17305223643779755,6.618714332580566
176430694,XY-Warm-Same-State S2 p2=30,0,spsa,sequential,1,random_shared_stream,55,120,5,60,1.9445374011993408,127,0.7104502320289612,0.09171872586011887,0.008178649470210075,0.007814115844666958,0.008374937810003757,0.6696175348821037,0.01334299625175472,0.25,6.801290988922119
176430694,XY-Warm-Same-State S2 p2=30,0,spsa,sequential,1,random_shared_stream,60,120,5,60,1.9445374011993408,137,0.3911038339138031,0.05049129202961922,0.0024785541463643312,0.0024473953526467085,0.0025040479376912117,0.6412238777211551,0.013226249755755135,0.25,6.978985548019409
176430694,XY-Warm-Same-State S2 p2=30,0,spsa,sequential,1,random_shared_stream,65,120,5,60,1.9445374011993408,147,0.2732571065425873,0.0352773442864418,0.0012431080685928464,0.0012389596085995436,0.001244490733370185,0.6158237477745813,0.01311975565249048,0.16827821731567383,7.162646770477295
176430694,XY-Warm-Same-State S2 p2=30,0,spsa,sequential,1,random_shared_stream,70,120,5,60,1.9445374011993408,157,0.03081061691045761,0.00397763354703784,1.4960171029088087e-05,1.5540294043603353e-05,1.406361479894258e-05,0.5929361236747704,0.013021922119457682,0.018268726766109467,7.335368394851685
176430694,XY-Warm-Same-State S2 p2=30,0,spsa,sequential,1,random_shared_stream,75,120,5,60,1.9445374011993408,167,0.49577438831329346,0.06400420516729355,0.004091985523700714,0.004023709800094366,0.003932675812393427,0.5721807714045344,0.01293149713891721,0.25,7.513794898986816
176430694,XY-Warm-Same-State S2 p2=30,0,spsa,sequential,1,random_shared_stream,80,120,5,60,1.9445374011993408,177,0.09983207285404205,0.012888265773653984,0.0001659228146309033,0.0001542952813906595,0.00015946307394187897,0.5532527443984445,0.012847478719003411,0.055232368409633636,7.696215867996216
176430694,XY-Warm-Same-State S2 p2=30,0,spsa,sequential,1,random_shared_stream,85,120,5,60,1.9445374011993408,187,0.011353420093655586,0.001465720240958035,2.1459488834807416e-06,2.062402472802205e-06,1.9955652987846406e-06,0.5359043286135197,0.012769052840860788,0.006084347143769264,7.874758720397949
176430694,XY-Warm-Same-State S2 p2=30,0,spsa,sequential,1,random_shared_stream,90,120,5,60,1.9445374011993408,197,0.5425188541412354,0.07003888487815857,0.004883644171059132,0.004905445966869593,0.004818237852305174,0.5199319976160459,0.01269554947299621,0.25,8.053351879119873
176430694,XY-Warm-Same-State S2 p2=30,0,spsa,sequential,1,random_shared_stream,95,120,5,60,1.9445374011993408,207,0.20977836847305298,0.02708227001130581,0.0007326343911699951,0.0007301895529963076,0.0007204102585092187,0.5051668165142021,0.012626410699612943,0.10597307235002518,8.233652353286743
176430694,XY-Warm-Same-State S2 p2=30,0,spsa,sequential,1,random_shared_stream,100,120,5,60,1.9444679021835327,217,0.3514220714569092,0.04536839574575424,0.0020491434261202812,0.0020216996781527996,0.0020582913421094418,0.4914672685163859,0.012561167176266359,0.17271244525909424,8.414785146713257
176430694,XY-Warm-Same-State S2 p2=30,0,spsa,sequential,1,random_shared_stream,105,120,5,60,1.9444679021835327,227,0.1212284192442894,0.015650521963834763,0.0002449388266541064,0.0002438502269797027,0.0002438502269797027,0.4787138143606655,0.01249942043693397,0.058033719658851624,8.592093229293823
176430694,XY-Warm-Same-State S2 p2=30,0,spsa,sequential,1,random_shared_stream,110,120,5,60,1.9444679021835327,237,0.061233676970005035,0.007905234582722187,6.249271973501891e-05,5.804879037896171e-05,5.804879401694052e-05,0.4668047116527015,0.012440829393713411,0.02858416922390461,8.772165536880493
176430694,XY-Warm-Same-State S2 p2=30,0,spsa,sequential,1,random_shared_stream,115,120,5,60,1.9444679021835327,247,0.2215077131986618,0.02859652414917946,0.000809583580121398,0.0008032230543904006,0.0008141266298480332,0.45565276389719656,0.012385099893453082,0.1009306013584137,8.94919729232788
176430694,XY-Warm-Same-State S2 p2=30,0,spsa,sequential,1,random_shared_stream,120,120,5,60,1.9444679021835327,257,0.20276907086372375,0.02617737650871277,0.0006852549267932773,0.0006730725872330368,0.0006730726454406977,0.4451827648640645,0.012331976538504544,0.0902692973613739,9.130398035049438
176430694,XY-Warm-Same-State S2 p2=30,0,spsa,sequential,2,random_shared_stream,1,120,5,60,1.9464298486709595,19,0.11967150121927261,0.015449524857103825,0.0002344444510526955,0.00023762695491313934,0.0002291402779519558,3.1363679020423425,0.02,0.25,9.506325483322144
176430694,XY-Warm-Same-State S2 p2=30,0,spsa,sequential,2,random_shared_stream,5,120,5,60,1.946094036102295,27,0.01116255298256874,0.0014410794246941805,2.0767099613294704e-06,1.9936414901167154e-06,1.9936414901167154e-06,2.6686440350741747,0.016999416915812672,0.029788881540298462,9.651377439498901
176430694,XY-Warm-Same-State S2 p2=30,0,spsa,sequential,2,random_shared_stream,10,120,5,60,1.944501519203186,37,0.5450329184532166,0.07036344707012177,0.004929009359329939,0.004862996283918619,0.004598942585289478,2.284980219374077,0.015850026609609436,0.25,9.830687761306763
176430694,XY-Warm-Same-State S2 p2=30,0,spsa,sequential,2,random_shared_stream,15,120,5,60,1.9441078901290894,47,0.1884831041097641,0.024333065375685692,0.0005894664791412652,0.000592098047491163,0.0005815718905068934,2.0199467126051744,0.015214047873475552,0.25,10.012985944747925
176430694,XY-Warm-Same-State S2 p2=30,0,spsa,sequential,2,random_shared_stream,20,120,5,60,1.9441078901290894,57,0.002093170303851366,0.0002702271449379623,7.172452143322516e-08,7.172452143322516e-08,7.172452143322516e-08,1.8235623278380213,0.014778350620464044,0.0038170262705534697,10.192290544509888
176430694,XY-Warm-Same-State S2 p2=30,0,spsa,sequential,2,random_shared_stream,25,120,5,60,1.9441078901290894,67,0.25096234679222107,0.032399099320173264,0.00104970159009099,0.0010450363624840975,0.0010450363624840975,1.670950023604187,0.014449008773880907,0.25,10.374402046203613
176430694,XY-Warm-Same-State S2 p2=30,0,spsa,sequential,2,random_shared_stream,30,120,5,60,1.9441078901290894,77,0.3362787067890167,0.04341339319944382,0.001882628770545125,0.0018512166570872068,0.0018763463012874126,1.5481920244779528,0.014185372641231635,0.25,10.552080392837524
176430694,XY-Warm-Same-State S2 p2=30,0,spsa,sequential,2,random_shared_stream,35,120,5,60,1.9441078901290894,87,0.5366966724395752,0.0692872405052185,0.004795387387275696,0.004715375602245331,0.004779384937137365,1.446831608839625,0.013966227856027484,0.25,10.732419490814209
176430694,XY-Warm-Same-State S2 p2=30,0,spsa,sequential,2,random_shared_stream,40,120,5,60,1.9441078901290894,97,0.16076594591140747,0.020754795521497726,0.0004307614581193775,0.000423103483626619,0.0004231034545227885,1.3614035721598223,0.013779134410346052,0.21886733174324036,10.910738468170166
176430694,XY-Warm-Same-State S2 p2=30,0,spsa,sequential,2,random_shared_stream,45,120,5,60,1.9441078901290894,107,0.01200337614864111,0.001549629378132522,2.3906779915705556e-06,2.390678218944231e-06,2.305296675331192e-06,1.2882027904172053,0.013616187769422706,0.015462782233953476,11.091999530792236
176430694,XY-Warm-Same-State S2 p2=30,0,spsa,sequential,2,random_shared_stream,50,120,5,60,1.9441078901290894,117,0.4512752294540405,0.05825938656926155,0.0033338151406496763,0.003379070432856679,0.0032583894208073616,1.2246193055333447,0.013472060523173781,0.25,11.269352436065674
176430694,XY-Warm-Same-State S2 p2=30,0,spsa,sequential,2,random_shared_stream,55,120,5,60,1.9441078901290894,127,0.42581337690353394,0.054972268640995026,0.0030219503678381443,0.0029010726138949394,0.0029010726138949394,1.1687560377865271,0.01334299625175472,0.25,11.454599142074585
176430694,XY-Warm-Same-State S2 p2=30,0,spsa,sequential,2,random_shared_stream,60,120,5,60,1.9441078901290894,137,0.6772757172584534,0.08743591606616974,0.007611060980707407,0.007611061446368694,0.007611061446368694,1.119197511444259,0.013226249755755135,0.25,11.62952470779419
176430694,XY-Warm-Same-State S2 p2=30,0,spsa,sequential,2,random_shared_stream,65,120,5,60,1.9441078901290894,147,0.21399568021297455,0.027626724913716316,0.0007632358465343714,0.0007632358465343714,0.0007632358465343714,1.0748639125028168,0.01311975565249048,0.23001621663570404,11.810637474060059
176430694,XY-Warm-Same-State S2 p2=30,0,spsa,sequential,2,random_shared_stream,70,120,5,60,1.9441078901290894,157,0.08573081344366074,0.011067800223827362,0.00012031848746119067,0.00012195177259854972,0.00011759635526686907,1.0349156622498539,0.013021922119457682,0.08872416615486145,11.988650798797607
176430694,XY-Warm-Same-State S2 p2=30,0,spsa,sequential,2,random_shared_stream,75,120,5,60,1.9441078901290894,167,0.35249751806259155,0.04550723358988762,0.0020617039408534765,0.0020617039408534765,0.0020617039408534765,0.9986890970561934,0.01293149713891721,0.25,12.16962194442749
176430694,XY-Warm-Same-State S2 p2=30,0,spsa,sequential,2,random_shared_stream,80,120,5,60,1.9441078901290894,177,0.7326768636703491,0.09458818286657333,0.00845981203019619,0.008787866681814194,0.007952820509672165,0.9656519606397331,0.012847478719003411,0.25,12.347052097320557
176430694,XY-Warm-Same-State S2 p2=30,0,spsa,sequential,2,random_shared_stream,85,120,5,60,1.9441078901290894,187,0.08149874955415726,0.010521444492042065,0.00010873275459744036,0.00010282871517119929,0.00011070077744079754,0.9353718908410353,0.012769052840860788,0.07623163610696793,12.523831367492676
176430694,XY-Warm-Same-State S2 p2=30,0,spsa,sequential,2,random_shared_stream,90,120,5,60,1.9441078901290894,197,0.456475168466568,0.05893069505691528,0.0034110872074961662,0.0034728264436125755,0.003225869731977582,0.9074936509229168,0.01269554947299621,0.25,12.699989318847656
176430694,XY-Warm-Same-State S2 p2=30,0,spsa,sequential,2,random_shared_stream,95,120,5,60,1.9441078901290894,207,0.04771845042705536,0.006160425487905741,3.790867776842788e-05,3.727616058313288e-05,3.6432807974051684e-05,0.88172238051431,0.012626410699612943,0.042074427008628845,12.881133556365967
176430694,XY-Warm-Same-State S2 p2=30,0,spsa,sequential,2,random_shared_stream,100,120,5,60,1.9441078901290894,217,0.13033601641654968,0.016826309263706207,0.0002802933449856937,0.00027809126186184585,0.00028186626150272787,0.8578110750252548,0.012561167176266359,0.11180368065834045,13.054896116256714
176430694,XY-Warm-Same-State S2 p2=30,0,spsa,sequential,2,random_shared_stream,105,120,5,60,1.9438978433609009,227,0.024378661066293716,0.0031472716946154833,9.861293619906064e-06,9.905317710945383e-06,9.729223165777512e-06,0.8355510896296271,0.01249942043693397,0.02036961540579796,13.235913753509521
176430694,XY-Warm-Same-State S2 p2=30,0,spsa,sequential,2,random_shared_stream,110,120,5,60,1.9438978433609009,237,0.18893373012542725,0.024391239508986473,0.0005843559629283845,0.0005843559629283845,0.0005843559629283845,0.8147648423026309,0.012440829393713411,0.15393656492233276,13.412225723266602
176430694,XY-Warm-Same-State S2 p2=30,0,spsa,sequential,2,random_shared_stream,115,120,5,60,1.9438978433609009,247,0.9746413826942444,0.1258256733417511,0.015550638549029827,0.015198812820017338,0.012384218163788319,0.795300139553141,0.012385099893453082,0.25,13.59110689163208
176430694,XY-Warm-Same-State S2 p2=30,0,spsa,sequential,2,random_shared_stream,120,120,5,60,1.9438978433609009,257,0.3324199616909027,0.042915236204862595,0.001839670934714377,0.0018417169339954853,0.0018335317727178335,0.7770257157990698,0.012331976538504544,0.25,13.767401456832886
176430694,XY-Warm-Same-State S2 p2=30,0,spsa,sequential,3,random_shared_stream,1,120,5,60,1.9443050622940063,19,0.2207135707139969,0.028494002297520638,0.0008082995773293078,0.0007794318371452391,0.0007216960657387972,1.5701652784277025,0.02,0.25,14.138279438018799
176430694,XY-Warm-Same-State S2 p2=30,0,spsa,sequential,3,random_shared_stream,5,120,5,60,1.9438599348068237,27,0.47385174036026,0.061173997819423676,0.003538512857630849,0.0033264518715441227,0.003675728803500533,1.3360078712794132,0.016999416915812672,0.25,14.281782865524292
176430694,XY-Warm-Same-State S2 p2=30,0,spsa,sequential,3,random_shared_stream,10,120,5,60,1.9435049295425415,37,0.23676060140132904,0.030565664172172546,0.0009332215995527804,0.0009342597331851721,0.000930107431486249,1.1439335927456042,0.015850026609609436,0.25,14.458775997161865
176430694,XY-Warm-Same-State S2 p2=30,0,spsa,sequential,3,random_shared_stream,15,120,5,60,1.9435049295425415,47,0.6064172983169556,0.07828814536333084,0.006101792212575674,0.006101792678236961,0.006101793143898249,1.0112494106133112,0.015214047873475552,0.25,14.63638949394226
176430694,XY-Warm-Same-State S2 p2=30,0,spsa,sequential,3,random_shared_stream,20,120,5,60,1.9435049295425415,57,0.10684540867805481,0.013793683610856533,0.00018836301751434803,0.000190265680430457,0.00018265504331793636,0.9129331569665453,0.014778350620464044,0.09754271805286407,14.81558084487915
176430694,XY-Warm-Same-State S2 p2=30,0,spsa,sequential,3,random_shared_stream,25,120,5,60,1.9435049295425415,67,0.1636974960565567,0.02113325707614422,0.00039699068292975426,0.00037515617441385984,0.00041485525434836745,0.8365305955792884,0.014449008773880907,0.1369379609823227,14.998141765594482
176430694,XY-Warm-Same-State S2 p2=30,0,spsa,sequential,3,random_shared_stream,30,120,5,60,1.9435049295425415,77,0.10799194127321243,0.013941699638962746,0.00019242728012613952,0.00019350713409949094,0.00019091549620497972,0.7750740465080664,0.014185372641231635,0.08370175957679749,15.1756432056427
176430694,XY-Warm-Same-State S2 p2=30,0,spsa,sequential,3,random_shared_stream,35,120,5,60,1.9435049295425415,87,0.3586462438106537,0.04630103334784508,0.0021223477087914944,0.0016769167268648744,0.001991338562220335,0.7243298066060238,0.013966227856027484,0.25,15.3574857711792
176430694,XY-Warm-Same-State S2 p2=30,0,spsa,sequential,3,random_shared_stream,40,120,5,60,1.943345069885254,97,0.6999919414520264,0.09036857634782791,0.008166478015482426,0.008130182512104511,0.008130182512104511,0.6815618210927402,0.013779134410346052,0.25,15.535058975219727
176430694,XY-Warm-Same-State S2 p2=30,0,spsa,sequential,3,random_shared_stream,45,120,5,60,1.943345069885254,107,0.2580047845840454,0.033308278769254684,0.0010786234633997083,0.0010650635231286287,0.0010897177271544933,0.6449151873317021,0.013616187769422706,0.16639119386672974,15.717532634735107
176430694,XY-Warm-Same-State S2 p2=30,0,spsa,sequential,3,random_shared_stream,50,120,5,60,1.943345069885254,117,0.22053129971027374,0.028470469638705254,0.0007205044385045767,0.000680876721162349,0.0007529271533712745,0.6130832775034388,0.013472060523173781,0.13520404696464539,15.892293214797974
176430694,XY-Warm-Same-State S2 p2=30,0,spsa,sequential,3,random_shared_stream,55,120,5,60,1.943345069885254,127,0.21671292185783386,0.02797752059996128,0.0007749141077511013,0.000782741408329457,0.0007514318567700684,0.5851163533111446,0.01334299625175472,0.12680228054523468,16.072900533676147
176430694,XY-Warm-Same-State S2 p2=30,0,spsa,sequential,3,random_shared_stream,60,120,5,60,1.943345069885254,137,0.11372869461774826,0.014682312496006489,0.00021533075778279454,0.00021557026775553823,0.00021461216965690255,0.5603057826947312,0.013226249755755135,0.06372284144163132,16.249785900115967
176430694,XY-Warm-Same-State S2 p2=30,0,spsa,sequential,3,random_shared_stream,65,120,5,60,1.943345069885254,147,0.16068151593208313,0.020743895322084427,0.0004183560668025166,0.00042839665547944605,0.0003997093590442091,0.5381109765049782,0.01311975565249048,0.08646447956562042,16.42894434928894
176430694,XY-Warm-Same-State S2 p2=30,0,spsa,sequential,3,random_shared_stream,70,120,5,60,1.943345069885254,157,0.4121319055557251,0.05320600047707558,0.0027522430755198,0.002717643277719617,0.0027805520221590996,0.5181116150014068,0.013021922119457682,0.21353031694889069,16.608562231063843
176430694,XY-Warm-Same-State S2 p2=30,0,spsa,sequential,3,random_shared_stream,75,120,5,60,1.943345069885254,167,0.1555587649345398,0.02008255012333393,0.0004028607509098947,0.0004033088334836066,0.00040151632856577635,0.49997544711538067,0.01293149713891721,0.07777556031942368,16.78692865371704
176430694,XY-Warm-Same-State S2 p2=30,0,spsa,sequential,3,random_shared_stream,80,120,5,60,1.943345069885254,177,0.2739093005657196,0.03536154329776764,0.0012448810739442706,0.0011615183902904391,0.0012282084207981825,0.48343600846533386,0.012847478719003411,0.13241761922836304,16.966331958770752
176430694,XY-Warm-Same-State S2 p2=30,0,spsa,sequential,3,random_shared_stream,85,120,5,60,1.943345069885254,187,0.27139735221862793,0.03503724932670593,0.0012262447271496058,0.0012221528450027108,0.001205784734338522,0.46827684483681875,0.012769052840860788,0.12708909809589386,17.147438764572144
176430694,XY-Warm-Same-State S2 p2=30,0,spsa,sequential,3,random_shared_stream,90,120,5,60,1.943345069885254,197,0.22598285973072052,0.029174262657761574,0.0008170920191332698,0.0008473547059111297,0.0007565666455775499,0.454320113448705,0.01269554947299621,0.10266855359077454,17.325758457183838
176430694,XY-Warm-Same-State S2 p2=30,0,spsa,sequential,3,random_shared_stream,95,120,5,60,1.9431538581848145,207,0.3095666170120239,0.03996487706899643,0.001510233269073069,0.0015687969280406833,0.0014197257114574313,0.4414181978442838,0.012626410699612943,0.13664834201335907,17.511852741241455
176430694,XY-Warm-Same-State S2 p2=30,0,spsa,sequential,3,random_shared_stream,100,120,5,60,1.9428887367248535,217,0.39857977628707886,0.051456429064273834,0.002600692678242922,0.0026477635838091373,0.0024594785645604134,0.42944743968917587,0.012561167176266359,0.17116905748844147,17.685330867767334
176430694,XY-Warm-Same-State S2 p2=30,0,spsa,sequential,3,random_shared_stream,105,120,5,60,1.9428025484085083,227,0.048018570989370346,0.0061991713009774685,3.689252844196744e-05,3.569694308680482e-05,3.774652577703819e-05,0.41830338476380746,0.01249942043693397,0.02008632943034172,17.865638256072998
176430694,XY-Warm-Same-State S2 p2=30,0,spsa,sequential,3,random_shared_stream,110,120,5,60,1.9425876140594482,237,0.18737506866455078,0.024190017953515053,0.0005845066625624895,0.000574754027184099,0.0005825561820529401,0.4078971298724706,0.012440829393713411,0.07642975449562073,18.049674034118652
176430694,XY-Warm-Same-State S2 p2=30,0,spsa,sequential,3,random_shared_stream,115,120,5,60,1.9425876140594482,247,0.05580563098192215,0.007204476278275251,5.167378549231216e-05,4.821348557015881e-05,5.098172550788149e-05,0.39815248212490784,0.012385099893453082,0.02221914939582348,18.22306203842163
176430694,XY-Warm-Same-State S2 p2=30,0,spsa,sequential,3,random_shared_stream,120,120,5,60,1.9423258304595947,257,0.3022816479206085,0.03902439400553703,0.001521211233921349,0.0015229034470394254,0.0015161350602284074,0.3890037258060996,0.012331976538504544,0.11758868396282196,18.404313802719116
176430694,XY-Warm-Same-State S2 p2=30,0,spsa,sequential,4,continuation,1,120,5,60,-0.130112424492836,19,26.16811752319336,3.3782894611358643,11.298710823059082,10.144745826721191,11.209944725036621,0.020978572996241337,0.02,0.25,18.776013612747192
176430694,XY-Warm-Same-State S2 p2=30,0,spsa,sequential,4,continuation,5,120,5,60,-0.130112424492836,27,105.00247192382812,13.55576229095459,182.94195556640625,182.9419708251953,176.40830993652344,0.017850056319710348,0.016999416915812672,0.25,18.91893982887268
176430694,XY-Warm-Same-State S2 p2=30,0,spsa,sequential,4,continuation,10,120,5,60,-0.130112424492836,37,31.912696838378906,4.119911193847656,16.898231506347656,16.898231506347656,16.898231506347656,0.015283801462160055,0.015850026609609436,0.25,19.097460508346558
176430694,XY-Warm-Same-State S2 p2=30,0,spsa,sequential,4,continuation,15,120,5,60,-0.130112424492836,47,148.704345703125,19.197649002075195,327.5997314453125,288.28778076171875,353.8077392578125,0.013511042352943098,0.015214047873475552,0.25,19.272603750228882
176430694,XY-Warm-Same-State S2 p2=30,0,spsa,sequential,4,continuation,20,120,5,60,-0.130112424492836,57,73.31404876708984,9.464803695678711,79.62887573242188,75.2492904663086,83.2121810913086,0.012197464265220387,0.014778350620464044,0.25,19.445663690567017
176430694,XY-Warm-Same-State S2 p2=30,0,spsa,sequential,4,continuation,25,120,5,60,-0.130112424492836,67,117.22251892089844,15.133363723754883,226.7284698486328,229.01866149902344,219.85791015625,0.011176669363445862,0.014449008773880907,0.25,19.625117778778076
176430694,XY-Warm-Same-State S2 p2=30,0,spsa,sequential,4,continuation,30,120,5,60,-0.130112424492836,77,90.02107238769531,11.621672630310059,134.9131622314453,135.063232421875,134.46295166015625,0.010355564274382409,0.014185372641231635,0.25,19.803338289260864
176430694,XY-Warm-Same-State S2 p2=30,0,spsa,sequential,4,continuation,35,120,5,60,-0.130112424492836,87,23.98513412475586,3.0964677333831787,9.54549789428711,9.417654991149902,9.588109970092773,0.009677583583082338,0.013966227856027484,0.2321181297302246,19.981390237808228
176430694,XY-Warm-Same-State S2 p2=30,0,spsa,sequential,4,continuation,40,120,5,60,-0.130112424492836,97,186.2349395751953,24.042827606201172,554.935302734375,554.935302734375,554.9352416992188,0.009106171567851023,0.013779134410346052,0.25,20.15736222267151
176430694,XY-Warm-Same-State S2 p2=30,0,spsa,sequential,4,continuation,45,120,5,60,-0.130112424492836,107,342.4995422363281,44.21650695800781,1952.9268798828125,1876.8951416015625,1816.06982421875,0.008616545353346841,0.013616187769422706,0.25,20.3321852684021
176430694,XY-Warm-Same-State S2 p2=30,0,spsa,sequential,4,continuation,50,120,5,60,-0.130112424492836,117,193.5896453857422,24.9923152923584,618.3696899414062,621.8397827148438,580.1987915039062,0.008191247422538763,0.013472060523173781,0.25,20.516549110412598
176430694,XY-Warm-Same-State S2 p2=30,0,spsa,sequential,4,continuation,55,120,5,60,-0.130112424492836,127,41.720035552978516,5.386033535003662,28.71926498413086,27.848981857299805,29.009357452392578,0.007817588567188264,0.01334299625175472,0.25,20.69290328025818
176430694,XY-Warm-Same-State S2 p2=30,0,spsa,sequential,4,continuation,60,120,5,60,-0.130112424492836,137,120.74653625488281,15.588312149047852,240.5654754638672,238.67552185058594,241.91546630859375,0.007486100937251608,0.013226249755755135,0.25,20.876628875732422
176430694,XY-Warm-Same-State S2 p2=30,0,spsa,sequential,4,continuation,65,120,5,60,-0.130112424492836,147,193.81637573242188,25.021587371826172,614.949462890625,581.55859375,447.99493408203125,0.007189561860642163,0.01311975565249048,0.25,21.049226999282837
176430694,XY-Warm-Same-State S2 p2=30,0,spsa,sequential,4,continuation,70,120,5,60,-0.130112424492836,157,46.013267517089844,5.9402875900268555,34.65968322753906,35.287010192871094,32.7777099609375,0.006922355553799726,0.013021922119457682,0.25,21.229920864105225
176430694,XY-Warm-Same-State S2 p2=30,0,spsa,sequential,4,continuation,75,120,5,60,-0.130112424492836,167,106.58332061767578,13.759847640991211,189.123046875,185.9674835205078,181.76007080078125,0.006680042895956424,0.01293149713891721,0.25,21.407305002212524
176430694,XY-Warm-Same-State S2 p2=30,0,spsa,sequential,4,continuation,80,120,5,60,-0.130112424492836,177,213.85568237304688,27.608652114868164,762.237548828125,731.7479858398438,731.7479858398438,0.006459063725289558,0.012847478719003411,0.25,21.58870506286621
176430694,XY-Warm-Same-State S2 p2=30,0,spsa,sequential,4,continuation,85,120,5,60,-0.130112424492836,187,104.38001251220703,13.47540283203125,180.77940368652344,181.58645629882812,178.35824584960938,0.006256526052910749,0.012769052840860788,0.25,21.76586079597473
176430694,XY-Warm-Same-State S2 p2=30,0,spsa,sequential,4,continuation,90,120,5,60,-0.130112424492836,197,1.182955026626587,0.15271885693073273,0.023323046043515205,0.023323042318224907,0.023323042318224907,0.0060700537673258415,0.01269554947299621,0.007180600427091122,21.950716733932495
176430694,XY-Warm-Same-State S2 p2=30,0,spsa,sequential,4,continuation,95,120,5,60,-0.130112424492836,207,150.2786102294922,19.4008846282959,374.7215270996094,374.72149658203125,361.3385314941406,0.005897674603159298,0.012626410699612943,0.25,22.126933336257935
176430694,XY-Warm-Same-State S2 p2=30,0,spsa,sequential,4,continuation,100,120,5,60,-0.130112424492836,217,95.7057876586914,12.355565071105957,151.13333129882812,141.80413818359375,151.98147583007812,0.005737736393323991,0.012561167176266359,0.25,22.31238317489624
176430694,XY-Warm-Same-State S2 p2=30,0,spsa,sequential,4,continuation,105,120,5,60,-0.130112424492836,227,73.1947250366211,9.449399948120117,88.894287109375,82.9415512084961,87.7037353515625,0.0055888435519537705,0.01249942043693397,0.25,22.489593982696533
176430694,XY-Warm-Same-State S2 p2=30,0,spsa,sequential,4,continuation,110,120,5,60,-0.130112424492836,237,200.0693359375,25.828842163085938,648.59765625,640.4437866210938,655.2688598632812,0.005449808266398349,0.012440829393713411,0.25,22.66946005821228
176430694,XY-Warm-Same-State S2 p2=30,0,spsa,sequential,4,continuation,115,120,5,60,-0.130112424492836,247,229.3669891357422,29.61115074157715,868.052001953125,779.3958129882812,861.2323608398438,0.005319612543117796,0.012385099893453082,0.25,22.843734979629517
176430694,XY-Warm-Same-State S2 p2=30,0,spsa,sequential,4,continuation,120,120,5,60,-0.130112424492836,257,112.8624038696289,14.570473670959473,211.35516357421875,208.5244903564453,212.29869079589844,0.005197378371406184,0.012331976538504544,0.25,23.01885223388672
176430694,XY-Warm-Same-State S2 p2=36,0,spsa,sequential,0,deterministic_linear_ramp,1,120,5,72,2.3971927165985107,19,1.0793471336364746,0.12720227241516113,0.015980660915374756,0.01613047905266285,0.0157309602946043,0.02396926761422037,0.02,0.02587115950882435,0.3961300849914551
176430694,XY-Warm-Same-State S2 p2=36,0,spsa,sequential,0,deterministic_linear_ramp,5,120,5,72,2.3971927165985107,27,12.255931854248047,1.4443753957748413,2.0797812938690186,2.0862202644348145,2.060464382171631,0.020394751203177637,0.016999416915812672,0.24995668232440948,0.5605766773223877
176430694,XY-Warm-Same-State S2 p2=36,0,spsa,sequential,0,deterministic_linear_ramp,10,120,5,72,2.1442885398864746,37,30.98654556274414,3.651799440383911,13.294480323791504,12.30665397644043,12.965205192565918,0.017462652367954825,0.015850026609609436,0.25,0.7655227184295654
176430694,XY-Warm-Same-State S2 p2=36,0,spsa,sequential,0,deterministic_linear_ramp,15,120,5,72,1.9016568660736084,47,27.022552490234375,3.184638500213623,9.86020278930664,9.860201835632324,9.860201835632324,0.015437169628400457,0.015214047873475552,0.25,0.9710173606872559
176430694,XY-Warm-Same-State S2 p2=36,0,spsa,sequential,0,deterministic_linear_ramp,20,120,5,72,1.7641385793685913,57,3.2927491664886475,0.388054221868515,0.1448926329612732,0.14872699975967407,0.11293956637382507,0.01393632852150331,0.014778350620464044,0.045888833701610565,1.1757688522338867
176430694,XY-Warm-Same-State S2 p2=36,0,spsa,sequential,0,deterministic_linear_ramp,25,120,5,72,1.7052865028381348,67,9.233541488647461,1.0881832838058472,1.184142827987671,1.1841427087783813,1.184142827987671,0.012770009621535749,0.014449008773880907,0.1179124116897583,1.381789207458496
176430694,XY-Warm-Same-State S2 p2=36,0,spsa,sequential,0,deterministic_linear_ramp,30,120,5,72,1.6948192119598389,77,3.54715895652771,0.41803669929504395,0.17259721457958221,0.16612482070922852,0.17475467920303345,0.011831848211668338,0.014185372641231635,0.04196944460272789,1.5865530967712402
176430694,XY-Warm-Same-State S2 p2=36,0,spsa,sequential,0,deterministic_linear_ramp,35,120,5,72,1.6682350635528564,87,22.442785263061523,2.6449077129364014,6.990138530731201,6.650078296661377,6.801216125488281,0.011057214940379718,0.013966227856027484,0.24815469980239868,1.7916431427001953
176430694,XY-Warm-Same-State S2 p2=36,0,spsa,sequential,0,deterministic_linear_ramp,40,120,5,72,1.583699345588684,97,21.32196807861328,2.5128183364868164,6.309382438659668,6.294766426086426,6.236300945281982,0.01040434272101979,0.013779134410346052,0.22184106707572937,1.9971227645874023
176430694,XY-Warm-Same-State S2 p2=36,0,spsa,sequential,0,deterministic_linear_ramp,45,120,5,72,1.5749101638793945,107,38.31793975830078,4.515812397003174,20.250946044921875,20.329622268676758,19.385520935058594,0.009844915644235723,0.013616187769422706,0.25,2.2015137672424316
176430694,XY-Warm-Same-State S2 p2=36,0,spsa,sequential,0,deterministic_linear_ramp,50,120,5,72,1.5749101638793945,117,4.364881992340088,0.5144063234329224,0.2613469660282135,0.2441961020231247,0.2637971341609955,0.009358987458312904,0.013472060523173781,0.04085087403655052,2.4065377712249756
176430694,XY-Warm-Same-State S2 p2=36,0,spsa,sequential,0,deterministic_linear_ramp,55,120,5,72,1.5749101638793945,127,9.862005233764648,1.1622483730316162,1.3497792482376099,1.3466525077819824,1.350821614265442,0.008932059987987634,0.01334299625175472,0.0880880206823349,2.6116456985473633
176430694,XY-Warm-Same-State S2 p2=36,0,spsa,sequential,0,deterministic_linear_ramp,60,120,5,72,1.5749101638793945,137,23.43409538269043,2.761734962463379,7.533015727996826,6.779714584350586,7.533016681671143,0.008553315651364787,0.013226249755755135,0.2004392296075821,2.8161838054656982
176430694,XY-Warm-Same-State S2 p2=36,0,spsa,sequential,0,deterministic_linear_ramp,65,120,5,72,1.5749101638793945,147,6.449243068695068,0.7600505948066711,0.5772311687469482,0.5758939385414124,0.5705451369285583,0.008214502115925601,0.01311975565249048,0.052977319806814194,3.0206658840179443
176430694,XY-Warm-Same-State S2 p2=36,0,spsa,sequential,0,deterministic_linear_ramp,70,120,5,72,1.5749101638793945,157,15.59902286529541,1.8383625745773315,3.3691463470458984,3.2856998443603516,3.3691458702087402,0.007909203014882772,0.013021922119457682,0.12337584793567657,3.2256784439086914
176430694,XY-Warm-Same-State S2 p2=36,0,spsa,sequential,0,deterministic_linear_ramp,75,120,5,72,1.5749101638793945,167,16.60608673095703,1.9570461511611938,3.756147623062134,3.782745361328125,3.723639965057373,0.007632346388686141,0.01293149713891721,0.1267434060573578,3.4303882122039795
176430694,XY-Warm-Same-State S2 p2=36,0,spsa,sequential,0,deterministic_linear_ramp,80,120,5,72,1.5749101638793945,177,13.881783485412598,1.6359838247299194,2.674377918243408,2.6434006690979004,2.668182373046875,0.007379864540667614,0.012847478719003411,0.10244567692279816,3.6348581314086914
176430694,XY-Warm-Same-State S2 p2=36,0,spsa,sequential,0,deterministic_linear_ramp,85,120,5,72,1.5749101638793945,187,10.053570747375488,1.1848247051239014,1.3648148775100708,1.3864785432815552,1.3344855308532715,0.007148453201484593,0.012769052840860788,0.07186748087406158,3.840070962905884
176430694,XY-Warm-Same-State S2 p2=36,0,spsa,sequential,0,deterministic_linear_ramp,90,120,5,72,1.5749101638793945,197,3.369955539703369,0.3971530497074127,0.1572437286376953,0.1572437286376953,0.1533491313457489,0.006935397522405716,0.01269554947299621,0.023371979594230652,4.044006586074829
176430694,XY-Warm-Same-State S2 p2=36,0,spsa,sequential,0,deterministic_linear_ramp,95,120,5,72,1.5729749202728271,207,29.017133712768555,3.4197018146514893,11.613150596618652,11.116862297058105,11.658267974853516,0.006738444072914,0.012626410699612943,0.19553031027317047,4.249119997024536
176430694,XY-Warm-Same-State S2 p2=36,0,spsa,sequential,0,deterministic_linear_ramp,100,120,5,72,1.5675193071365356,217,23.46333122253418,2.7651798725128174,7.593122482299805,7.4338250160217285,7.64622163772583,0.006555705153828862,0.012561167176266359,0.15381868183612823,4.454110383987427
176430694,XY-Warm-Same-State S2 p2=36,0,spsa,sequential,0,deterministic_linear_ramp,105,120,5,72,1.5565838813781738,227,30.159189224243164,3.5542945861816406,12.545281410217285,12.59401798248291,12.00915813446045,0.006385586225278102,0.01249942043693397,0.1925841122865677,4.660114765167236
176430694,XY-Warm-Same-State S2 p2=36,0,spsa,sequential,0,deterministic_linear_ramp,110,120,5,72,1.5565838813781738,237,43.819908142089844,5.1642255783081055,26.586912155151367,26.339975357055664,26.669225692749023,0.006226730140648584,0.012440829393713411,0.25,4.862413644790649
176430694,XY-Warm-Same-State S2 p2=36,0,spsa,sequential,0,deterministic_linear_ramp,115,120,5,72,1.5565838813781738,247,33.90428924560547,3.9956588745117188,15.952970504760742,15.7681884765625,15.521809577941895,0.006077973781762893,0.012385099893453082,0.20606938004493713,5.0588600635528564
176430694,XY-Warm-Same-State S2 p2=36,0,spsa,sequential,0,deterministic_linear_ramp,120,120,5,72,1.5565838813781738,257,13.319345474243164,1.569700002670288,2.4468469619750977,2.4335389137268066,2.456353187561035,0.005938313969158712,0.012331976538504544,0.07909445464611053,5.249775648117065
176430694,XY-Warm-Same-State S2 p2=36,0,spsa,sequential,1,random_shared_stream,1,120,5,72,1.9462337493896484,19,0.5742170810699463,0.06767213344573975,0.004547714721411467,0.004565382841974497,0.004522980190813541,2.251635289972991,0.02,0.25,5.664071798324585
176430694,XY-Warm-Same-State S2 p2=36,0,spsa,sequential,1,random_shared_stream,5,120,5,72,1.9447122812271118,27,0.23295612633228302,0.02745414339005947,0.0007514035096392035,0.0007537298952229321,0.0007444245275110006,1.9158508419360203,0.016999416915812672,0.25,5.81615424156189
176430694,XY-Warm-Same-State S2 p2=36,0,spsa,sequential,1,random_shared_stream,10,120,5,72,1.9447122812271118,37,0.03184541314840317,0.0037530180998146534,1.3389584637479857e-05,1.391125624650158e-05,1.252012953045778e-05,1.6404140902866053,0.015850026609609436,0.052239663898944855,6.005710601806641
176430694,XY-Warm-Same-State S2 p2=36,0,spsa,sequential,1,random_shared_stream,15,120,5,72,1.9447122812271118,47,0.40493422746658325,0.04772195592522621,0.0022756278049200773,0.0022703560534864664,0.0022492690477520227,1.4501434283283705,0.015214047873475552,0.25,6.195445537567139
176430694,XY-Warm-Same-State S2 p2=36,0,spsa,sequential,1,random_shared_stream,20,120,5,72,1.9447122812271118,57,0.019883668050169945,0.0023433128371834755,5.486877853400074e-06,5.0674184421950486e-06,5.2199493438820355e-06,1.3091567759482676,0.014778350620464044,0.02603084035217762,6.386020183563232
176430694,XY-Warm-Same-State S2 p2=36,0,spsa,sequential,1,random_shared_stream,25,120,5,72,1.9447122812271118,67,0.24439264833927155,0.028801951557397842,0.0008237915462814271,0.0008269919781014323,0.0008193109533749521,1.1995946133992783,0.014449008773880907,0.25,6.576838731765747
176430694,XY-Warm-Same-State S2 p2=36,0,spsa,sequential,1,random_shared_stream,30,120,5,72,1.9447122812271118,77,0.05957746505737305,0.007021271623671055,4.9146099627250805e-05,4.792885738424957e-05,4.9146099627250805e-05,1.1114652065209871,0.014185372641231635,0.06621827930212021,6.767128229141235
176430694,XY-Warm-Same-State S2 p2=36,0,spsa,sequential,1,random_shared_stream,35,120,5,72,1.9447122812271118,87,0.21546870470046997,0.025393230840563774,0.0006403382285498083,0.000642825965769589,0.0006129734101705253,1.038697375709757,0.013966227856027484,0.22380678355693817,6.957329273223877
176430694,XY-Warm-Same-State S2 p2=36,0,spsa,sequential,1,random_shared_stream,40,120,5,72,1.9447122812271118,97,0.0843479335308075,0.009940499439835548,9.850854985415936e-05,9.850854257820174e-05,9.850854257820174e-05,0.9773675865558462,0.013779134410346052,0.08243893831968307,7.147446155548096
176430694,XY-Warm-Same-State S2 p2=36,0,spsa,sequential,1,random_shared_stream,45,120,5,72,1.9447122812271118,107,0.38767382502555847,0.045687802135944366,0.0020728791132569313,0.00206160475499928,0.0020809322595596313,0.9248158870827206,0.013616187769422706,0.25,7.337156772613525
176430694,XY-Warm-Same-State S2 p2=36,0,spsa,sequential,1,random_shared_stream,50,120,5,72,1.9447122812271118,117,0.02841896191239357,0.003349206643179059,1.121718560170848e-05,1.118256386689609e-05,1.1182562957401387e-05,0.8791685577847969,0.013472060523173781,0.02498505637049675,7.528292655944824
176430694,XY-Warm-Same-State S2 p2=36,0,spsa,sequential,1,random_shared_stream,55,120,5,72,1.9447122812271118,127,0.5000386834144592,0.058930132538080215,0.00334145943634212,0.003429886419326067,0.0032048001885414124,0.8390636628870917,0.01334299625175472,0.25,7.719727039337158
176430694,XY-Warm-Same-State S2 p2=36,0,spsa,sequential,1,random_shared_stream,60,120,5,72,1.9447122812271118,137,0.029329519718885422,0.003456517355516553,1.1947511666221544e-05,1.1800011634477414e-05,1.1800010724982712e-05,0.8034850157651634,0.013226249755755135,0.023565830662846565,7.911254167556763
176430694,XY-Warm-Same-State S2 p2=36,0,spsa,sequential,1,random_shared_stream,65,120,5,72,1.944506287574768,147,0.5346452593803406,0.06300856173038483,0.003859797725453973,0.0036637443117797375,0.003957824315875769,0.7716574052852009,0.01311975565249048,0.25,8.103445768356323
176430694,XY-Warm-Same-State S2 p2=36,0,spsa,sequential,1,random_shared_stream,70,120,5,72,1.944506287574768,157,0.13822902739048004,0.016290446743369102,0.00026517390506342053,0.0002645595814101398,0.00026537865051068366,0.7429780880457691,0.013021922119457682,0.10270113497972488,8.2952721118927
176430694,XY-Warm-Same-State S2 p2=36,0,spsa,sequential,1,random_shared_stream,75,120,5,72,1.944506287574768,167,0.09069811552762985,0.010688875801861286,0.00010860997281270102,0.00010860998736461625,0.00010860998736461625,0.7169706121461984,0.01293149713891721,0.06502789258956909,8.485508918762207
176430694,XY-Warm-Same-State S2 p2=36,0,spsa,sequential,1,random_shared_stream,80,120,5,72,1.944506287574768,177,0.14282220602035522,0.016831759363412857,0.00027259663329459727,0.0002798105124384165,0.00026144797448068857,0.6932528645610015,0.012847478719003411,0.09901191294193268,8.676495552062988
176430694,XY-Warm-Same-State S2 p2=36,0,spsa,sequential,1,random_shared_stream,85,120,5,72,1.944506287574768,187,0.34891068935394287,0.0411195233464241,0.0016581987729296088,0.0016699405387043953,0.0016438477905467153,0.6715144474265844,0.012769052840860788,0.23429857194423676,8.867079973220825
176430694,XY-Warm-Same-State S2 p2=36,0,spsa,sequential,1,random_shared_stream,90,120,5,72,1.944506287574768,197,0.6747719049453735,0.07952263951301575,0.006245776545256376,0.006304331123828888,0.006148186512291431,0.6515003321242648,0.01269554947299621,0.25,9.058127403259277
176430694,XY-Warm-Same-State S2 p2=36,0,spsa,sequential,1,random_shared_stream,95,120,5,72,1.944506287574768,207,0.2414969950914383,0.02846069447696209,0.0007875108276493847,0.000807511096354574,0.0007475102902390063,0.6329988349364924,0.012626410699612943,0.15286731719970703,9.249771118164062
176430694,XY-Warm-Same-State S2 p2=36,0,spsa,sequential,1,random_shared_stream,100,120,5,72,1.944506287574768,217,0.256521612405777,0.03023136407136917,0.000907588517293334,0.0009026521001942456,0.0009111145045608282,0.6158326283720705,0.012561167176266359,0.15797437727451324,9.440659761428833
176430694,XY-Warm-Same-State S2 p2=36,0,spsa,sequential,1,random_shared_stream,105,120,5,72,1.944506287574768,227,0.32609012722969055,0.03843008726835251,0.0014768718974664807,0.0014039399102330208,0.0014039399102330208,0.5998519238640182,0.01249942043693397,0.1956057846546173,9.631951808929443
176430694,XY-Warm-Same-State S2 p2=36,0,spsa,sequential,1,random_shared_stream,110,120,5,72,1.944506287574768,237,0.16123142838478088,0.0190013088285923,0.0003510204842314124,0.0003565922670532018,0.0003432200464885682,0.5849292331946315,0.012440829393713411,0.09430897235870361,9.82323169708252
176430694,XY-Warm-Same-State S2 p2=36,0,spsa,sequential,1,random_shared_stream,115,120,5,72,1.944506287574768,247,0.16224278509616852,0.01912049576640129,0.00036107987398281693,0.0003655933542177081,0.00034753934596665204,0.5709552948722025,0.012385099893453082,0.09263338148593903,10.012974977493286
176430694,XY-Warm-Same-State S2 p2=36,0,spsa,sequential,1,random_shared_stream,120,120,5,72,1.944506287574768,257,0.12541548907756805,0.014780355617403984,0.00021019931591581553,0.00021239063062239438,0.00020767084788531065,0.5578358717962958,0.012331976538504544,0.06996124982833862,10.20292353630066
176430694,XY-Warm-Same-State S2 p2=36,0,spsa,sequential,2,random_shared_stream,1,120,5,72,1.9460257291793823,19,0.6764569282531738,0.07972121238708496,0.006335856392979622,0.0060416217893362045,0.005649308208376169,1.4791623580640787,0.02,0.25,10.617340564727783
176430694,XY-Warm-Same-State S2 p2=36,0,spsa,sequential,2,random_shared_stream,5,120,5,72,1.9460115432739258,27,0.2755011022090912,0.03246811404824257,0.0010533650638535619,0.0010541784577071667,0.0010509247658774257,1.2585761387187742,0.016999416915812672,0.25,10.769942998886108
176430694,XY-Warm-Same-State S2 p2=36,0,spsa,sequential,2,random_shared_stream,10,120,5,72,1.9455231428146362,37,0.21758905053138733,0.02564311772584915,0.0006555397994816303,0.0006393035873770714,0.0006068309885449708,1.0776340132859534,0.015850026609609436,0.23448136448860168,10.962130546569824
176430694,XY-Warm-Same-State S2 p2=36,0,spsa,sequential,2,random_shared_stream,15,120,5,72,1.9455231428146362,47,0.12602460384368896,0.01485214103013277,0.00022041588090360165,0.00020969295292161405,0.00021445871971081942,0.9526398802370208,0.015214047873475552,0.12005606293678284,11.15456223487854
176430694,XY-Warm-Same-State S2 p2=36,0,spsa,sequential,2,random_shared_stream,20,120,5,72,1.9455231428146362,57,0.23080113530158997,0.02720017544925213,0.000719298142939806,0.0007307155174203217,0.0007033136789686978,0.8600217950085668,0.014778350620464044,0.19849400222301483,11.346461057662964
176430694,XY-Warm-Same-State S2 p2=36,0,spsa,sequential,2,random_shared_stream,25,120,5,72,1.9455231428146362,67,0.3178294599056244,0.037456560879945755,0.0013759300345554948,0.0012947381474077702,0.001402994035743177,0.788047338296038,0.014449008773880907,0.25,11.539458513259888
176430694,XY-Warm-Same-State S2 p2=36,0,spsa,sequential,2,random_shared_stream,30,120,5,72,1.9449028968811035,77,0.3610658347606659,0.04255201295018196,0.0018092768732458353,0.0017883200198411942,0.001805085688829422,0.7301526597602235,0.014185372641231635,0.25,11.731570482254028
176430694,XY-Warm-Same-State S2 p2=36,0,spsa,sequential,2,random_shared_stream,35,120,5,72,1.9449028968811035,87,0.018432531505823135,0.0021722945384681225,4.660607373807579e-06,4.005209120805375e-06,4.587785042531323e-06,0.6823494312830051,0.013966227856027484,0.012577428482472897,11.92395830154419
176430694,XY-Warm-Same-State S2 p2=36,0,spsa,sequential,2,random_shared_stream,40,120,5,72,1.9449028968811035,97,0.07124427706003189,0.008396218530833721,7.044208905426785e-05,7.049648411339149e-05,7.027889660093933e-05,0.6420601730943223,0.013779134410346052,0.04574311152100563,12.116386890411377
176430694,XY-Warm-Same-State S2 p2=36,0,spsa,sequential,2,random_shared_stream,45,120,5,72,1.9449028968811035,107,0.031238257884979248,0.0036814638879150152,1.3553175449487753e-05,1.3553177268477157e-05,1.3553176358982455e-05,0.6075374881554679,0.013616187769422706,0.018978415057063103,12.307351350784302
176430694,XY-Warm-Same-State S2 p2=36,0,spsa,sequential,2,random_shared_stream,50,120,5,72,1.9449028968811035,117,0.2918480932712555,0.034394629299640656,0.0011820773361250758,0.0011793390149250627,0.0011683854972943664,0.5775504775839405,0.013472060523173781,0.16855698823928833,12.498128175735474
176430694,XY-Warm-Same-State S2 p2=36,0,spsa,sequential,2,random_shared_stream,55,120,5,72,1.9449028968811035,127,0.1230386421084404,0.014500242657959461,0.0002100948040606454,0.00020960810070391744,0.00021025704336352646,0.5512044475803367,0.01334299625175472,0.06781944632530212,12.687763214111328
176430694,XY-Warm-Same-State S2 p2=36,0,spsa,sequential,2,random_shared_stream,60,120,5,72,1.9445340633392334,137,0.3290106952190399,0.0387742817401886,0.001498804776929319,0.0015034448588266969,0.001484883832745254,0.5278318366570852,0.013226249755755135,0.17366231977939606,12.87745475769043
176430694,XY-Warm-Same-State S2 p2=36,0,spsa,sequential,2,random_shared_stream,65,120,5,72,1.9445340633392334,147,0.29112708568573,0.03430965542793274,0.0011444537667557597,0.0011444537667557597,0.0011444537667557597,0.5069233868833872,0.01311975565249048,0.1475791335105896,13.067800521850586
176430694,XY-Warm-Same-State S2 p2=36,0,spsa,sequential,2,random_shared_stream,70,120,5,72,1.9445340633392334,157,0.15795940160751343,0.018615692853927612,0.0003441374865360558,0.00034547445829957724,0.0003422657318878919,0.488083139217854,0.013021922119457682,0.0770973190665245,13.258201599121094
176430694,XY-Warm-Same-State S2 p2=36,0,spsa,sequential,2,random_shared_stream,75,120,5,72,1.9445340633392334,167,0.13630139827728271,0.016063276678323746,0.00025484326761215925,0.000257232430158183,0.00025086133973672986,0.47099809904717654,0.01293149713891721,0.06419770419597626,13.44813585281372
176430694,XY-Warm-Same-State S2 p2=36,0,spsa,sequential,2,random_shared_stream,80,120,5,72,1.9445340633392334,177,0.12034384906291962,0.014182660728693008,0.00020052699255757034,0.0001986645074794069,0.00020114780636504292,0.45541724561042424,0.012847478719003411,0.0548066645860672,13.637980222702026
176430694,XY-Warm-Same-State S2 p2=36,0,spsa,sequential,2,random_shared_stream,85,120,5,72,1.9445340633392334,187,0.09228765219449997,0.010876203887164593,0.00011820053623523563,0.00011245024506933987,0.00011500593245727941,0.4411366698474148,0.012769052840860788,0.04071146622300148,13.828217267990112
176430694,XY-Warm-Same-State S2 p2=36,0,spsa,sequential,2,random_shared_stream,90,120,5,72,1.9445340633392334,197,0.5595610737800598,0.06594491004943848,0.004345375578850508,0.0042950427159667015,0.004335308913141489,0.42798883630750767,0.01269554947299621,0.23948590457439423,14.017857789993286
176430694,XY-Warm-Same-State S2 p2=36,0,spsa,sequential,2,random_shared_stream,95,120,5,72,1.9445340633392334,207,0.5035426616668701,0.05934307351708412,0.0034536682069301605,0.003423777874559164,0.0034781238064169884,0.41583468402101126,0.012626410699612943,0.20939050614833832,14.208516359329224
176430694,XY-Warm-Same-State S2 p2=36,0,spsa,sequential,2,random_shared_stream,100,120,5,72,1.9444904327392578,217,0.10420309752225876,0.012280452996492386,0.00015069317305460572,0.0001503440726082772,0.00015080951561685652,0.4045577215866776,0.012561167176266359,0.042156171053647995,14.398638010025024
176430694,XY-Warm-Same-State S2 p2=36,0,spsa,sequential,2,random_shared_stream,105,120,5,72,1.9443680047988892,227,0.2280486524105072,0.02687578834593296,0.000694998656399548,0.0006420516292564571,0.0007200787658803165,0.39405954869477045,0.01249942043693397,0.08986474573612213,14.588891983032227
176430694,XY-Warm-Same-State S2 p2=36,0,spsa,sequential,2,random_shared_stream,110,120,5,72,1.9443680047988892,237,0.03479932248592377,0.00410113949328661,1.6767433407949284e-05,1.635213993722573e-05,1.5521556633757427e-05,0.38425641476029754,0.012440829393713411,0.013371862471103668,14.77897047996521
176430694,XY-Warm-Same-State S2 p2=36,0,spsa,sequential,2,random_shared_stream,115,120,5,72,1.9443680047988892,247,0.33285701274871826,0.039227575063705444,0.0015340533573180437,0.0015340532409027219,0.0015340531244874,0.37507654284565284,0.012385099893453082,0.12484686076641083,14.969770669937134
176430694,XY-Warm-Same-State S2 p2=36,0,spsa,sequential,2,random_shared_stream,120,120,5,72,1.9443680047988892,257,0.24992868304252625,0.02945437654852867,0.0008668910013511777,0.0008648827206343412,0.0008675603312440217,0.3664580259571423,0.012331976538504544,0.09158837050199509,15.16027307510376
176430694,XY-Warm-Same-State S2 p2=36,0,spsa,sequential,3,random_shared_stream,1,120,5,72,1.946183681488037,19,0.15468735992908478,0.018230080604553223,0.0003231042646802962,0.0003231042646802962,0.00032310429378412664,1.5535356498019968,0.02,0.2403123527765274,15.575393676757812
176430694,XY-Warm-Same-State S2 p2=36,0,spsa,sequential,3,random_shared_stream,5,120,5,72,1.9457792043685913,27,0.2865687608718872,0.03377244994044304,0.0011396982008591294,0.0011370581341907382,0.0011264971690252423,1.321858204969989,0.016999416915812672,0.25,15.727226495742798
176430694,XY-Warm-Same-State S2 p2=36,0,spsa,sequential,3,random_shared_stream,10,120,5,72,1.9444684982299805,37,0.016050344333052635,0.0018915511900559068,3.4785780371748842e-06,3.5337934605195187e-06,3.4012762171187205e-06,1.131818186118553,0.015850026609609436,0.0181660708039999,15.917907476425171
176430694,XY-Warm-Same-State S2 p2=36,0,spsa,sequential,3,random_shared_stream,15,120,5,72,1.9444684982299805,47,0.17449304461479187,0.020564202219247818,0.00041766560752876103,0.00039025628939270973,0.0004215812077745795,1.000539262848929,0.015214047873475552,0.17458714544773102,16.108669757843018
176430694,XY-Warm-Same-State S2 p2=36,0,spsa,sequential,3,random_shared_stream,20,120,5,72,1.9444684982299805,57,0.14787836372852325,0.017427632585167885,0.0002952856884803623,0.00026997545501217246,0.00030372239416465163,0.9032642771555938,0.014778350620464044,0.1335732489824295,16.299800872802734
176430694,XY-Warm-Same-State S2 p2=36,0,spsa,sequential,3,random_shared_stream,25,120,5,72,1.9444684982299805,67,0.38640081882476807,0.04553777724504471,0.002048087539151311,0.002048087539151311,0.002048087539151311,0.8276708956931376,0.014449008773880907,0.25,16.4904682636261
176430694,XY-Warm-Same-State S2 p2=36,0,spsa,sequential,3,random_shared_stream,30,120,5,72,1.9444684982299805,77,0.00017826890689320862,2.1009191186749376e-05,4.1379946691399994e-10,4.359368699358157e-10,3.746332966070298e-10,0.7668652332525862,0.014185372641231635,0.0001367082295473665,16.680860996246338
176430694,XY-Warm-Same-State S2 p2=36,0,spsa,sequential,3,random_shared_stream,35,120,5,72,1.9444684982299805,87,0.36097341775894165,0.042541127651929855,0.0017874048789963126,0.0017594767268747091,0.0018041618168354034,0.7166584258591198,0.013966227856027484,0.25,16.878910541534424
176430694,XY-Warm-Same-State S2 p2=36,0,spsa,sequential,3,random_shared_stream,40,120,5,72,1.9444684982299805,97,0.5799012184143066,0.06834201514720917,0.004667026922106743,0.004656215663999319,0.004670631140470505,0.6743433963027198,0.013779134410346052,0.25,17.069509267807007
176430694,XY-Warm-Same-State S2 p2=36,0,spsa,sequential,3,random_shared_stream,45,120,5,72,1.9444684982299805,107,0.6893589496612549,0.08124172687530518,0.006554383784532547,0.006600217893719673,0.006416878663003445,0.6380848872303376,0.013616187769422706,0.25,17.26012420654297
176430694,XY-Warm-Same-State S2 p2=36,0,spsa,sequential,3,random_shared_stream,50,120,5,72,1.9444684982299805,117,0.31992918252944946,0.03770401328802109,0.0014040421228855848,0.0014040421228855848,0.001404042006470263,0.6065901093245311,0.013472060523173781,0.1940658688545227,17.450350999832153
176430694,XY-Warm-Same-State S2 p2=36,0,spsa,sequential,3,random_shared_stream,55,120,5,72,1.9444684982299805,127,0.9085375666618347,0.10707218199968338,0.010579848662018776,0.011145995929837227,0.009730630554258823,0.5789193829717323,0.01334299625175472,0.25,17.640804529190063
176430694,XY-Warm-Same-State S2 p2=36,0,spsa,sequential,3,random_shared_stream,60,120,5,72,1.9444684982299805,137,0.09590408951044083,0.011302405036985874,0.00012774435163009912,0.00012419591075740755,0.00012419591075740755,0.5543715812376852,0.013226249755755135,0.053166504949331284,17.830886602401733
176430694,XY-Warm-Same-State S2 p2=36,0,spsa,sequential,3,random_shared_stream,65,120,5,72,1.9444684982299805,147,0.2069346010684967,0.024387475103139877,0.0005874064518138766,0.0005947491154074669,0.0005653786938637495,0.5324118403556587,0.01311975565249048,0.11017443239688873,18.02070188522339
176430694,XY-Warm-Same-State S2 p2=36,0,spsa,sequential,3,random_shared_stream,70,120,5,72,1.9439237117767334,157,1.2510135173797607,0.1474333554506302,0.021317293867468834,0.021132800728082657,0.02146824263036251,0.5126242921937303,0.013021922119457682,0.25,18.210745573043823
176430694,XY-Warm-Same-State S2 p2=36,0,spsa,sequential,3,random_shared_stream,75,120,5,72,1.9439237117767334,167,0.27631834149360657,0.032564427703619,0.0010473501170054078,0.001047350000590086,0.001047350000590086,0.49468020455605877,0.01293149713891721,0.1366892009973526,18.400936603546143
176430694,XY-Warm-Same-State S2 p2=36,0,spsa,sequential,3,random_shared_stream,80,120,5,72,1.943558692932129,177,0.7080486416816711,0.08344433456659317,0.006962955929338932,0.0068769934587180614,0.006876993924379349,0.47831593518672827,0.012847478719003411,0.25,18.59143567085266
176430694,XY-Warm-Same-State S2 p2=36,0,spsa,sequential,3,random_shared_stream,85,120,5,72,1.943558692932129,187,0.2648616135120392,0.031214240938425064,0.0009713215404190123,0.0008991489885374904,0.0009472640231251717,0.46331732233900164,0.012769052840860788,0.12271497398614883,18.781673431396484
176430694,XY-Warm-Same-State S2 p2=36,0,spsa,sequential,3,random_shared_stream,90,120,5,72,1.943558692932129,197,0.316152423620224,0.03725891560316086,0.0013496652245521545,0.001281110686250031,0.0013839424354955554,0.44950840676556786,0.01269554947299621,0.14211316406726837,18.97215962409973
176430694,XY-Warm-Same-State S2 p2=36,0,spsa,sequential,3,random_shared_stream,95,120,5,72,1.943558692932129,207,0.07963112741708755,0.009384619072079659,8.637216524221003e-05,8.698376768734306e-05,8.562464063288644e-05,0.43674313541637855,0.012626410699612943,0.034778349101543427,19.1634738445282
176430694,XY-Warm-Same-State S2 p2=36,0,spsa,sequential,3,random_shared_stream,100,120,5,72,1.943558692932129,217,0.4421384036540985,0.05210651457309723,0.002712993649765849,0.002715088427066803,0.0027067086193710566,0.4248991596231166,0.012561167176266359,0.18786422908306122,19.354286909103394
176430694,XY-Warm-Same-State S2 p2=36,0,spsa,sequential,3,random_shared_stream,105,120,5,72,1.943558692932129,227,0.013716908171772957,0.0016165530541911721,2.540653895266587e-06,2.484194737917278e-06,2.5809813450905494e-06,0.41387313144139065,0.01249942043693397,0.005677059292793274,19.544607162475586
176430694,XY-Warm-Same-State S2 p2=36,0,spsa,sequential,3,random_shared_stream,110,120,5,72,1.943558692932129,237,0.11317910254001617,0.013338286429643631,0.0001773607509676367,0.0001773607509676367,0.0001773607509676367,0.40357708924970076,0.012440829393713411,0.045676492154598236,19.734939575195312
176430694,XY-Warm-Same-State S2 p2=36,0,spsa,sequential,3,random_shared_stream,115,120,5,72,1.943558692932129,247,0.9509966969490051,0.11207602918148041,0.012551345862448215,0.012522269040346146,0.01240596454590559,0.39393564711708606,0.012385099893453082,0.25,19.92555260658264
176430694,XY-Warm-Same-State S2 p2=36,0,spsa,sequential,3,random_shared_stream,120,120,5,72,1.943558692932129,257,0.5633033514022827,0.06638593971729279,0.004067039117217064,0.004189458675682545,0.003917416092008352,0.38488378532400647,0.012331976538504544,0.2168063372373581,20.11625337600708
176430694,XY-Warm-Same-State S2 p2=36,0,spsa,sequential,4,continuation,1,120,5,72,-0.13011249899864197,19,7.774576187133789,0.9162425994873047,0.7980437278747559,0.8291362524032593,0.7462226748466492,0.014967677655133875,0.02,0.11636735498905182,20.532931089401245
176430694,XY-Warm-Same-State S2 p2=36,0,spsa,sequential,4,continuation,5,120,5,72,-0.13011249899864197,27,355.9813537597656,41.95280838012695,1760.0377197265625,1711.1478271484375,1711.1478271484375,0.012735560667890921,0.016999416915812672,0.25,20.68545627593994
176430694,XY-Warm-Same-State S2 p2=36,0,spsa,sequential,4,continuation,10,120,5,72,-0.13011249899864197,37,188.9595184326172,22.269094467163086,477.1627197265625,482.1370849609375,471.4229736328125,0.010904603171610492,0.015850026609609436,0.25,20.87598752975464
176430694,XY-Warm-Same-State S2 p2=36,0,spsa,sequential,4,continuation,15,120,5,72,-0.13011249899864197,47,218.67481994628906,25.771076202392578,659.5362548828125,664.1483154296875,645.6998291015625,0.00963978468697306,0.015214047873475552,0.25,21.067596197128296
176430694,XY-Warm-Same-State S2 p2=36,0,spsa,sequential,4,continuation,20,120,5,72,-0.13011249899864197,57,40.40483093261719,4.761755466461182,22.656814575195312,22.394380569458008,22.60433006286621,0.008702580169039294,0.014778350620464044,0.25,21.25791645050049
176430694,XY-Warm-Same-State S2 p2=36,0,spsa,sequential,4,continuation,25,120,5,72,-0.13011249899864197,67,74.28762817382812,8.754880905151367,76.411376953125,76.41136932373047,76.41136932373047,0.007974268999137385,0.014449008773880907,0.25,21.449210166931152
176430694,XY-Warm-Same-State S2 p2=36,0,spsa,sequential,4,continuation,30,120,5,72,-0.13011249899864197,77,11.528070449829102,1.3585962057113647,1.844359040260315,1.822995901107788,1.840086579322815,0.007388431425900457,0.014185372641231635,0.08517435938119888,21.640424728393555
176430694,XY-Warm-Same-State S2 p2=36,0,spsa,sequential,4,continuation,35,120,5,72,-0.13011249899864197,87,191.82276916503906,22.606531143188477,485.81787109375,485.81793212890625,485.81793212890625,0.006904709466089252,0.013966227856027484,0.25,21.83265471458435
176430694,XY-Warm-Same-State S2 p2=36,0,spsa,sequential,4,continuation,40,120,5,72,-0.13011249899864197,97,116.92627716064453,13.779894828796387,180.5084228515625,168.78707885742188,187.5412139892578,0.006497021543093483,0.013779134410346052,0.25,22.02369260787964
176430694,XY-Warm-Same-State S2 p2=36,0,spsa,sequential,4,continuation,45,120,5,72,-0.13011249899864197,107,293.2984313964844,34.5655517578125,1161.5889892578125,1191.08984375,1102.5877685546875,0.006147685706403586,0.013616187769422706,0.25,22.2160427570343
176430694,XY-Warm-Same-State S2 p2=36,0,spsa,sequential,4,continuation,50,120,5,72,-0.13011249899864197,117,437.68792724609375,51.5820198059082,2586.7958984375,2586.7958984375,2586.7958984375,0.005844246462138913,0.013472060523173781,0.25,22.408569812774658
176430694,XY-Warm-Same-State S2 p2=36,0,spsa,sequential,4,continuation,55,120,5,72,-0.13011249899864197,127,59.805416107177734,7.048136234283447,49.33125305175781,49.06294250488281,49.52290344238281,0.005577650383326756,0.01334299625175472,0.25,22.60055708885193
176430694,XY-Warm-Same-State S2 p2=36,0,spsa,sequential,4,continuation,60,120,5,72,-0.13011249899864197,137,576.123046875,67.89675903320312,4382.31591796875,4553.0556640625,4097.75,0.005341142400040898,0.013226249755755135,0.25,22.791533708572388
176430694,XY-Warm-Same-State S2 p2=36,0,spsa,sequential,4,continuation,65,120,5,72,-0.13011249899864197,147,30.64484405517578,3.611529588699341,12.882121086120605,12.399041175842285,13.043147087097168,0.005129569319658528,0.01311975565249048,0.1571948528289795,22.98147201538086
176430694,XY-Warm-Same-State S2 p2=36,0,spsa,sequential,4,continuation,70,120,5,72,-0.13011249899864197,157,2.4142889976501465,0.28452667593955994,0.07939378172159195,0.07870665937662125,0.07995598018169403,0.004938924423604207,0.013021922119457682,0.011923989281058311,23.17167568206787
176430694,XY-Warm-Same-State S2 p2=36,0,spsa,sequential,4,continuation,75,120,5,72,-0.13011249899864197,167,175.602783203125,20.69498634338379,412.0897216796875,416.3857421875,407.13275146484375,0.004766040512243453,0.01293149713891721,0.25,23.362462520599365
176430694,XY-Warm-Same-State S2 p2=36,0,spsa,sequential,4,continuation,80,120,5,72,-0.13011249899864197,177,24.679426193237305,2.9084980487823486,8.452835083007812,8.43325424194336,8.459362030029297,0.004608377500768218,0.012847478719003411,0.11373210698366165,23.552222728729248
176430694,XY-Warm-Same-State S2 p2=36,0,spsa,sequential,4,continuation,85,120,5,72,-0.13011249899864197,187,19.49547004699707,2.297563076019287,5.262503147125244,5.262503147125244,5.132162570953369,0.004463872028745394,0.012769052840860788,0.08702528476715088,23.74227809906006
176430694,XY-Warm-Same-State S2 p2=36,0,spsa,sequential,4,continuation,90,120,5,72,-0.13011249899864197,197,87.75249481201172,10.341731071472168,106.86886596679688,106.9513931274414,106.62130737304688,0.004330828801126859,0.01269554947299621,0.25,23.931695222854614
176430694,XY-Warm-Same-State S2 p2=36,0,spsa,sequential,4,continuation,95,120,5,72,-0.13011249899864197,207,32.341732025146484,3.811509847640991,14.527606964111328,14.12406063079834,14.124061584472656,0.00420784065678699,0.012626410699612943,0.13608884811401367,24.121068716049194
176430694,XY-Warm-Same-State S2 p2=36,0,spsa,sequential,4,continuation,100,120,5,72,-0.13011249899864197,217,132.45852661132812,15.610386848449707,242.9320526123047,240.67572021484375,231.650390625,0.004093728816578271,0.012561167176266359,0.25,24.310599088668823
176430694,XY-Warm-Same-State S2 p2=36,0,spsa,sequential,4,continuation,105,120,5,72,-0.13011249899864197,227,36.986083984375,4.358851909637451,18.999589920043945,18.940950393676758,18.940950393676758,0.003987497565521026,0.01249942043693397,0.14748193323612213,24.499854803085327
176430694,XY-Warm-Same-State S2 p2=36,0,spsa,sequential,4,continuation,110,120,5,72,-0.13011249899864197,237,28.730297088623047,3.3858978748321533,11.42892074584961,11.42892074584961,11.42892074584961,0.003888299429534566,0.012440829393713411,0.11171199381351471,24.689382076263428
176430694,XY-Warm-Same-State S2 p2=36,0,spsa,sequential,4,continuation,115,120,5,72,-0.13011249899864197,247,163.49789428710938,19.26841163635254,368.69342041015625,370.12579345703125,352.93731689453125,0.003795408096149332,0.012385099893453082,0.25,24.880671739578247
176430694,XY-Warm-Same-State S2 p2=36,0,spsa,sequential,4,continuation,120,120,5,72,-0.13011249899864197,257,6.342504501342773,0.7474713325500488,0.558282196521759,0.5587133169174194,0.5569889545440674,0.0037081971270834435,0.012331976538504544,0.023519257083535194,25.07063317298889
