term_index,composition,weight,weight_hex,q0,q1,q2,q3,q4,q5
0,222,-0.26614413818397453,-0x1.108816c616cf6p-2,1,4,15,16,19,23
1,222,0.47067223812679204,0x1.e1f7e7378f0c8p-2,0,5,16,17,26,27
2,222,0.32376582998944292,0x1.4b89450d77c2ap-2,0,2,9,11,21,23
3,222,-0.47739656435814148,-0x1.e8daa51c905c4p-2,7,10,12,14,24,25
4,222,0.052988093221184362,0x1.b21415eecbde0p-5,0,1,14,16,18,19
5,222,0.042285653256676436,0x1.5a67713a7a3c0p-5,2,4,20,23,24,27
6,222,0.27919703876253599,0x1.1de5d41a8023cp-2,0,4,8,11,15,16
7,222,-0.33088195029698586,-0x1.52d2b7cd72f22p-2,7,11,15,16,18,19
8,222,0.33398251684056934,0x1.55ff834d10662p-2,7,11,18,22,26,27
9,222,-0.050066212106841257,-0x1.9a2474f4457d0p-5,2,3,6,11,20,21
10,222,0.14575134358971964,0x1.2a7fae3086f94p-3,6,11,13,16,28,29
11,222,-0.29763178936823287,-0x1.30c663465898ep-2,3,5,13,14,24,26
12,222,0.39508705150718859,0x1.9491b3352f8eap-2,7,9,12,16,24,28
13,222,-0.12308511711576631,-0x1.f828198a2f4b0p-4,4,5,12,15,19,20
14,222,0.18525758322546215,0x1.7b6853ea509b0p-3,1,3,15,17,28,29
15,222,0.24422414471340859,0x1.f42bc9d380548p-3,1,4,14,15,18,23
16,222,-0.34214102295227156,-0x1.5e5a3760cccaap-2,6,10,18,21,25,26
17,222,0.13462689680118967,0x1.13b7443762760p-3,2,3,20,23,24,28
18,222,0.4919492887430692,0x1.f7c18de9c48ccp-2,0,4,7,11,25,29
19,222,0.40413938263775251,0x1.9dd6b6ddd1b12p-2,9,10,14,17,27,29
20,222,-0.1310484453694879,-0x1.0c6320986dc24p-3,0,1,8,10,18,23
21,222,0.25464766626819024,0x1.04c25b9a7f970p-2,6,8,21,22,25,29
22,222,-0.47433041712135771,-0x1.e5b6df742317ap-2,2,5,13,16,18,20
23,222,0.18673553849285651,0x1.7e6f33b69f44cp-3,1,2,15,17,28,29
24,222,0.030185674391696504,0x1.ee8fe5147b8e0p-6,2,4,13,17,18,21
25,222,-0.43981662940236754,-0x1.c25f4a5e149a8p-2,10,11,18,23,25,28
26,222,-0.027632387753562471,-0x1.c4baa26d90740p-6,13,17,20,22,27,29
27,222,0.32458908438953127,0x1.4c6114b85dd1ep-2,2,4,18,20,25,27
28,222,-0.4597685618352001,-0x1.d6cd91e33e9b0p-2,9,10,14,17,19,21
29,222,0.31421925289743313,0x1.41c2b11bdf42ep-2,6,8,16,17,25,26
30,222,0.31085409281684928,0x1.3e508909e78b0p-2,1,4,12,15,20,23
31,222,-0.35187715090891658,-0x1.68527bdd742d2p-2,1,4,6,8,15,17
32,222,-0.49169855513140637,-0x1.f77fd3771e8f4p-2,4,5,6,8,19,22
33,222,-0.33565203388118481,-0x1.57b52ab16c1b4p-2,10,11,22,23,24,26
34,222,-0.10527811065405335,-0x1.af3819a3e6b88p-4,10,11,14,15,24,25
35,222,0.17777555904809428,0x1.6c1597a11e118p-3,0,5,9,10,12,13
36,222,-0.2381785598926871,-0x1.e7ca292ac79d8p-3,8,11,12,16,20,23
37,222,-0.047541695778841486,-0x1.8576299220d00p-5,1,5,6,8,21,22
38,222,-0.39598866095300211,-0x1.957e0d3185188p-2,0,5,14,16,26,27
39,222,0.01547835214551907,0x1.fb31d42167a80p-7,1,4,12,17,20,22
40,222,0.41667884203281036,0x1.aaaddbbddd41ap-2,1,2,6,9,20,21
41,222,0.15600126717024398,0x1.3f7d97a50bca0p-3,8,10,15,17,18,22
42,222,0.098130677444257519,0x1.91f17925b7f48p-4,0,2,7,9,19,21
43,222,-0.31170153730261085,-0x1.3f2eb0134f804p-2,8,10,19,22,27,29
44,222,0.36535885152301983,0x1.7620a17a61c82p-2,9,10,13,17,20,22
45,222,0.41106923206078128,0x1.a4ef55305f1eap-2,2,3,13,14,18,21
46,222,-0.089025343328412165,-0x1.6ca5d6a1c56f8p-4,1,5,6,9,18,21
47,222,0.39320615485626464,0x1.92a4a25ec636cp-2,3,4,8,11,18,21
48,222,-0.44769539184269957,-0x1.ca70a92a231f8p-2,6,7,18,23,27,28
49,222,-0.42402246326474147,-0x1.b232f1d1f7386p-2,0,3,8,11,25,28
50,222,0.43330922817140671,0x1.bbb56a10346c2p-2,0,4,7,9,18,19
51,222,-0.11973664128167227,-0x1.ea70f7e700ae0p-4,1,3,18,19,26,29
52,222,-0.056562217586591412,-0x1.cf5b9157281c0p-5,1,3,10,11,28,29
53,222,0.054430611291828024,0x1.bde543ecca420p-5,1,3,10,11,18,21
54,222,0.29342560766735737,0x1.2c77c332f5fe0p-2,12,17,20,21,24,29
55,222,-0.038279829932865828,-0x1.39969f350f290p-5,0,2,21,23,25,28
56,222,-0.36058980014828967,-0x1.713e73dba1dfcp-2,0,2,7,10,27,29
57,222,0.013031916144455979,0x1.ab07a2d283fc0p-7,0,3,12,14,19,22
58,222,0.34213445037261114,0x1.5e587e4cbdbf4p-2,12,15,19,20,24,28
59,222,-0.014574664967815454,-0x1.dd9526b186bc0p-7,2,4,15,16,19,23
60,222,-0.49847587356231549,-0x1.fe70759b2e42ap-2,9,11,22,23,24,25
61,222,0.12485847595816024,0x1.ff6b99ede6328p-4,0,2,12,17,25,29
62,222,-0.26765351758117617,-0x1.1213c382ae9aep-2,9,10,13,14,18,21
63,222,-0.15673770021143452,-0x1.40ffb203aaba8p-3,7,11,19,22,24,27
64,222,0.49135450765577926,0x1.f725a2d47eb94p-2,6,7,19,23,26,28
65,222,-0.2057265187065892,-0x1.a553f1ee1e2c4p-3,2,3,15,16,19,20
66,222,0.49980380063555452,0x1.ffcc914895b84p-2,0,3,12,15,26,29
67,222,-0.42514949944011426,-0x1.b35a63f00634ep-2,1,2,12,15,28,29
68,222,0.094648358798572807,0x1.83adff5a8f218p-4,0,2,9,10,19,23
69,222,0.42659273548341747,0x1.b4d4b9de7327ep-2,2,4,14,15,19,22
70,222,0.43580357133132264,0x1.be434a9964630p-2,1,5,6,10,14,17
71,222,-0.30993479683011083,-0x1.3d5f8c211c656p-2,1,3,14,15,24,29
72,222,-0.11845873546732544,-0x1.e534fcac1f730p-4,3,4,12,15,20,23
73,222,-0.2028585993041323,-0x1.9f74544dc9f78p-3,9,11,12,16,24,27
74,222,-0.1660663061054467,-0x1.541a924d85fa4p-3,13,17,18,20,25,29
75,222,0.42763724708219564,0x1.b5e689db13f84p-2,0,3,20,21,25,29
76,222,-0.20418154606109051,-0x1.a229ef363b998p-3,0,1,15,16,27,28
77,222,-0.024254264265004988,-0x1.8d61c1f3a1980p-6,3,5,12,13,25,26
78,222,-0.10045045967485378,-0x1.9b71f0f2bf228p-4,0,1,15,17,26,27
79,222,0.41333560230730926,0x1.a74172b8babb6p-2,8,9,16,17,26,29
80,222,-0.363762936795755,-0x1.747e45742383ep-2,6,10,13,15,26,28
81,222,0.15970457323788556,0x1.471330f8a078cp-3,3,5,8,10,21,23
82,222,-0.26122271947004427,-0x1.0b7df7f46253cp-2,9,11,19,22,27,29
83,222,0.26275007600097011,0x1.0d0e5b1dc860ap-2,3,4,6,11,24,26
84,222,0.021381734375887973,0x1.5e517e7813a00p-6,1,5,8,10,19,22
85,222,-0.4905467659762901,-0x1.f651e4341b5f8p-2,7,8,18,22,27,29
86,222,0.14326592350278788,0x1.25689ac09b0ecp-3,2,5,18,23,27,28
87,222,0.35012453158479373,0x1.66870b92bc6cap-2,1,2,9,10,19,20
88,222,-0.057866402776959203,-0x1.da0aa46edac10p-5,3,4,15,16,18,19
89,222,0.44897967013377171,0x1.cbc1539f2c75ap-2,1,2,12,14,27,28
90,222,0.055976332768162607,0x1.ca8ee0d2db500p-5,0,2,15,16,18,23
91,222,0.14170723545313435,0x1.2237672f05b38p-3,1,3,20,23,24,28
92,222,-0.0030181994929162625,-0x1.8b99f83ad1700p-9,0,3,15,17,20,22
93,222,-0.024399262469291361,-0x1.8fc1ec96893e0p-6,0,4,18,19,26,29
94,222,-0.093857997766920387,-0x1.80713e6e080b8p-4,1,4,6,11,14,16
95,222,0.13703926064203154,0x1.18a80a35cdeacp-3,6,8,20,21,28,29
96,222,0.13874262997154052,0x1.1c2518924f744p-3,6,7,18,19,26,27
97,222,-0.45828760116101286,-0x1.d549584c986a0p-2,3,5,13,14,25,28
98,222,-0.042099434887169052,-0x1.58e0ea00a7b60p-5,6,7,15,17,28,29
99,222,0.094401144373750911,0x1.82aac63ca4cd0p-4,8,11,12,13,22,23
100,222,-0.25448595101372606,-0x1.0497f71394e6cp-2,6,10,19,21,28,29
101,222,-0.30689207759514592,-0x1.3a41eab2b0ca2p-2,6,9,22,23,24,26
102,222,-0.16517515921692305,-0x1.52475a9796128p-3,1,4,16,17,18,21
103,222,-0.0078006876785415846,-0x1.ff39d27734980p-8,2,4,13,16,18,23
104,222,0.23914225155314006,0x1.e9c369ac19af8p-3,12,15,20,23,25,27
105,222,0.45596422790411073,0x1.d2e8495bf9e74p-2,14,15,19,22,24,27
106,222,0.45614070189828471,0x1.d3168c541c47ep-2,3,5,13,17,18,20
107,222,0.47150251865623738,0x1.e2d18e6670d04p-2,0,4,12,14,25,27
108,222,0.27498558490302549,0x1.1995d2381ea4ep-2,0,1,15,17,26,28
109,222,0.15758372972102119,0x1.42bb422c44960p-3,7,9,19,23,24,26
110,222,0.41565170455155165,0x1.a9a099b64d61ep-2,1,5,13,16,26,28
111,222,0.061678008969652365,0x1.f94428ed06910p-5,6,9,14,16,25,26
112,222,-0.28115397562135036,-0x1.1fe6d3e9bc7fcp-2,6,7,15,16,24,29
113,222,0.45794428145244492,0x1.d4ef5880e9f42p-2,2,5,6,10,20,23
114,222,0.18515223369565825,0x1.7b311824089acp-3,7,8,20,22,24,25
115,222,-0.0380285674174482,-0x1.3787afabe4bb0p-5,0,4,21,22,25,29
116,222,0.34022369024104515,0x1.5c63995ba38e8p-2,7,10,12,17,28,29
117,222,0.36344449785103961,0x1.742acb60b9b5cp-2,10,11,19,20,27,28
118,222,0.15252095939570232,0x1.385ce8a47901cp-3,1,2,20,22,27,29
119,222,0.29003214664804955,0x1.28fe2fe291754p-2,0,1,13,16,27,28
120,222,-0.019847693392049837,-0x1.452f428145de0p-6,0,4,14,17,19,21
121,222,-0.44546066823687613,-0x1.c826d766ed3fep-2,10,11,12,13,24,27
122,222,-0.40832565190664849,-0x1.a2201ea43a4d4p-2,3,5,12,17,24,25
123,222,-0.37131317453203505,-0x1.7c398554c1914p-2,0,1,15,16,27,29
124,222,-0.38977583153436413,-0x1.8f216544d85eep-2,4,5,7,9,18,23
125,222,-0.03644208309312269,-0x1.2a889662a8900p-5,0,1,13,16,27,29
126,222,0.16570019165087435,0x1.535a9f40a6c8cp-3,16,17,19,20,24,28
127,222,0.23352416046136459,0x1.de41ea400f30cp-3,3,4,21,23,24,26
128,222,-0.095336258887401826,-0x1.867f5020b5c80p-4,1,3,6,10,14,15
129,222,-0.45699627860201564,-0x1.d3f6d51bf51b4p-2,6,8,20,22,25,29
130,222,0.31139710784625296,0x1.3edee2291316cp-2,4,5,13,17,21,22
131,222,0.26053390651901631,0x1.0ac9667ffe416p-2,6,11,18,20,27,29
132,222,0.46735328756252337,0x1.de91dc3709572p-2,0,5,13,15,18,23
133,222,-0.18717892810698522,-0x1.7f57aa75c239cp-3,6,9,14,16,19,23
134,222,-0.14254588587678263,-0x1.23ef18f02939cp-3,8,9,21,22,24,25
135,222,0.31766389770103332,0x1.4549af4efbba4p-2,0,4,16,17,18,20
136,222,0.17686693267876052,0x1.6a3935dccafa4p-3,4,5,13,17,20,22
137,222,0.33653534529734674,0x1.589cb8b8002d0p-2,7,9,12,17,26,27
138,222,0.33224135495597606,0x1.543713e7a898ap-2,0,2,15,17,20,22
139,222,-0.034858166391641188,-0x1.1d8edf94d1ec0p-5,6,9,21,23,24,28
140,222,0.14651372785387629,0x1.2c0f63ac6129cp-3,13,14,21,23,25,28
141,222,0.44949785112344387,0x1.cc492a28ca352p-2,2,3,10,11,18,21
142,222,0.47343779719762313,0x1.e4cce0be9dc50p-2,0,5,13,15,26,27
143,222,0.017586514453627689,0x1.2023301b741e0p-6,3,5,14,15,18,23
144,222,-0.49484291020473881,-0x1.fab8198ff2806p-2,2,5,13,16,27,28
145,222,0.38287392801470588,0x1.88101a5d41c2ep-2,0,1,9,11,20,23
146,222,-0.14656709185059724,-0x1.2c2b5e11585b8p-3,2,5,6,10,18,23
147,222,0.33509256054322567,0x1.57228112aa0a2p-2,1,5,6,9,24,28
148,222,-0.22939773849383105,-0x1.d5ce7b44dbe20p-3,2,5,6,7,15,17
149,222,0.15203805908960843,0x1.375fbadc4c270p-3,6,8,18,20,27,28
150,222,-0.26913836464703533,-0x1.139901e908214p-2,1,3,13,16,26,29
151,222,-0.47726209554429988,-0x1.e8b7650feecacp-2,2,5,14,17,19,22
152,222,-0.091246044073325483,-0x1.75be6972f2ec8p-4,1,3,16,17,24,26
153,222,-0.05582380144216903,-0x1.c94eff310a5a0p-5,8,9,18,21,25,26
154,222,0.20393567367331378,0x1.a1a906c7511f8p-3,1,4,6,8,19,21
155,222,0.25167277029767288,0x1.01b681b6e38f0p-2,2,3,14,15,18,19
156,222,0.30152188439221261,0x1.34c22721f8acap-2,1,5,12,16,24,26
157,222,-0.47519332348856147,-0x1.e699141ea4c84p-2,1,3,6,11,19,21
158,222,-0.28815425619721802,-0x1.2711e8ca47f16p-2,4,5,13,14,25,27
159,222,0.027738184326815962,0x1.c67660a22e9a0p-6,9,11,13,16,27,29
160,222,0.40077304624517973,0x1.9a643fdaf7228p-2,6,8,13,17,25,27
161,222,-0.40176763924216508,-0x1.9b68f9dc8b7eap-2,2,5,15,17,19,22
162,222,-0.34040720167189731,-0x1.5c93b49a03c38p-2,9,10,12,17,27,28
163,222,-0.38147649565019726,-0x1.86a1c6440a87cp-2,2,4,6,7,18,23
164,222,-0.39154210559968583,-0x1.90f069ea3b032p-2,1,4,6,11,19,20
165,222,0.45676247498343459,0x1.d3b98ad0601f6p-2,6,10,14,15,24,28
166,222,0.43746039806428216,0x1.bff59e5becc88p-2,9,11,19,21,24,29
167,222,0.41385574353594368,0x1.a7c9cccefe9bep-2,0,3,15,17,25,29
168,222,0.43885218445397034,0x1.c162779008274p-2,12,15,22,23,24,26
169,222,-0.20896346748629557,-0x1.abf509d74c97cp-3,1,2,13,14,24,28
170,222,-0.1632281007597991,-0x1.4e4a88d469888p-3,7,11,12,14,25,29
171,222,-0.39921654065517076,-0x1.98cc38888b7b6p-2,7,10,14,15,25,27
172,222,-0.3135267095394263,-0x1.410d254f93ca8p-2,7,10,19,20,27,29
173,222,0.38422525182084288,0x1.8972582b78b6cp-2,10,11,12,14,24,25
174,222,0.028305478289938457,0x1.cfc1c7e3631a0p-6,0,1,15,16,19,23
175,222,-0.18560552086858195,-0x1.7c1ebf50b36a4p-3,1,2,12,14,24,28
176,222,-0.30077255594344876,-0x1.33fdb88d3eeaep-2,8,10,12,17,24,27
177,222,0.24755855015753547,0x1.fafffa262ca08p-3,3,5,15,16,18,23
178,222,-0.20607185163946984,-0x1.a608ffbb576c4p-3,2,4,13,14,21,22
179,222,-0.30779240870982716,-0x1.3b2deee5768d4p-2,6,11,14,16,24,25
180,222,-0.47034536149893058,-0x1.e1a236e5da524p-2,8,10,15,17,27,29
181,222,0.18296011615431862,0x1.76b3cb1ad75e0p-3,6,9,14,17,24,29
182,222,0.19545753608538308,0x1.904c0a69f29b4p-3,10,11,13,14,27,28
183,222,0.095971536455512929,0x1.89197326c5d60p-4,0,1,8,9,18,21
184,222,-0.44129419575811424,-0x1.c3e2a02ac86b8p-2,9,10,18,23,25,26
185,222,-0.38169962751734288,-0x1.86dc44645458ap-2,0,5,15,16,18,20
186,222,-0.28465515220881876,-0x1.237ca3e57fc60p-2,6,9,19,22,27,29
187,222,-0.45552863719391878,-0x1.d276195c8eacap-2,8,10,18,20,25,28
188,222,-0.19080638051106635,-0x1.86c57ee14e27cp-3,6,9,14,17,27,29
189,222,0.0082265210112019149,0x1.0d910f59fae40p-7,7,10,12,14,26,29
190,222,-0.30537098218264025,-0x1.38b32bb67cc34p-2,7,10,14,17,25,29
191,222,0.43115636981798922,0x1.b9810e2f52460p-2,6,11,13,16,18,20
192,222,0.46661920772056975,0x1.ddd16cf361908p-2,1,3,12,14,21,23
193,222,0.055738417933343665,0x1.c89bef44f1970p-5,9,11,19,22,24,27
194,222,-0.48073152984336098,-0x1.ec44e2db55484p-2,6,7,18,19,27,29
195,222,0.089748132828275318,0x1.6f9bbcf5fdfa8p-4,1,4,8,9,24,26
196,222,0.44170142397637235,0x1.c44d60ca4cf40p-2,9,10,13,14,21,23
197,222,-0.33908416823771415,-0x1.5b38e154b07b0p-2,1,4,13,14,18,21
198,222,-0.2471864565224049,-0x1.fa3ce496390c0p-3,7,10,15,17,20,22
199,222,-0.38940466566888221,-0x1.8ec018bfd4a5ap-2,0,3,7,8,15,16
200,222,0.16588387356396928,0x1.53baec9f20dd4p-3,9,10,19,23,26,28
201,222,-0.35249432013462378,-0x1.68f44564040f0p-2,6,10,14,15,26,28
202,222,0.29082911310420723,0x1.29cf1b66076dep-2,7,9,12,16,25,28
203,222,-0.029352000787779775,-0x1.e0e736dd29de0p-6,7,10,19,22,26,29
204,222,0.38861324194726765,0x1.8df0a133d2fecp-2,8,9,13,17,26,29
205,222,0.27380339799087883,0x1.185feaff9e346p-2,3,4,6,8,25,29
206,222,0.37177630787115512,0x1.7cb2edaeefdc4p-2,8,11,13,16,18,23
207,222,0.33536860034291138,0x1.576addca4ff92p-2,3,5,15,17,25,28
208,222,-0.39549630724467966,-0x1.94fcfbe537faap-2,1,2,10,11,13,14
209,222,-0.33444854878950925,-0x1.5679ae2cfb7f4p-2,7,9,14,17,24,28
210,222,0.10884196676511992,0x1.bdd112fb04220p-4,0,1,12,16,19,21
211,222,0.36454888681596076,0x1.754c4daaabc88p-2,0,5,8,9,25,28
212,222,0.47855602999266889,0x1.ea0a97887d09ep-2,6,9,14,17,19,21
213,222,0.30491055487665664,0x1.383a78f59a108p-2,1,2,12,13,21,22
214,222,-0.028640504498707919,-0x1.d53efb8a6cd00p-6,0,3,13,15,20,22
215,222,0.12849179702883418,0x1.0726b510584b8p-3,7,10,19,22,24,27
216,222,0.026115042068603933,0x1.abde6ce792860p-6,6,7,14,17,19,22
217,222,-0.0019958427325766914,-0x1.05995e875c500p-9,10,11,19,21,24,26
218,222,-0.12831955368329451,-0x1.06cc66f40e78cp-3,3,4,7,8,16,17
219,222,-0.42743337321190411,-0x1.b5b1181ca8076p-2,0,2,7,9,14,16
220,222,-0.086539379999870158,-0x1.62771deea6210p-4,0,3,12,13,22,23
221,222,0.13389263127146511,0x1.12364cc3e400cp-3,3,4,6,7,21,23
222,222,-0.40092858449000301,-0x1.9a8d05d9aa1f8p-2,0,1,14,17,19,22
223,222,0.0041276065104803861,0x1.0e81bef928380p-8,0,5,22,23,25,27
224,222,-0.30767222401255356,-0x1.3b0e6d7016050p-2,2,4,7,11,24,25
225,222,-0.29332336064791753,-0x1.2c5cf5848adfcp-2,16,17,19,21,24,29
226,222,0.43957077259781019,0x1.c21ed7325716cp-2,7,9,12,17,20,22
227,222,0.45890320470454005,0x1.d5eab8c0f13f4p-2,6,7,21,22,24,25
228,222,0.30675628374970765,0x1.3a1e51ba30a16p-2,6,11,14,15,24,28
229,222,-0.42831102710123414,-0x1.b6972a77a9f42p-2,7,9,14,16,28,29
230,222,-0.20944185182151265,-0x1.acefd97fe5878p-3,0,2,12,15,19,20
231,222,0.45981730127625009,0x1.d6da58bc7744cp-2,6,9,18,23,25,27
232,222,0.020190117479139014,0x1.4acb7d919e840p-6,2,3,10,11,19,23
233,222,0.41497780643031268,0x1.a8eff12cbc6d8p-2,2,4,6,9,24,25
234,222,-0.063157967103069867,-0x1.02b1edb3084f8p-4,3,4,18,19,26,29
235,222,0.21029500551738434,0x1.aeaf25d9aca84p-3,0,3,7,8,18,23
236,222,-0.31936742228647841,-0x1.470840e883530p-2,1,2,10,11,24,29
237,222,0.23574810446898065,0x1.e2cfe6f64e5d0p-3,0,5,12,17,20,22
238,222,0.027698943625912853,0x1.c5d1ca4073660p-6,3,5,6,10,22,23
239,222,0.073483448916449645,0x1.2cfcfb1e4b858p-4,2,4,6,9,27,29
240,222,0.14550059683656968,0x1.29fc3787b1400p-3,0,4,7,11,25,27
241,222,0.44230021389852292,0x1.c4ea58e6d4f3ap-2,6,7,21,22,24,29
242,222,-0.47261610260304621,-0x1.e3f579c0f8e5cp-2,2,3,7,11,24,25
243,222,0.33950932948877477,0x1.5ba8556b5d5d4p-2,2,4,12,13,24,27
244,222,-0.34230835119468894,-0x1.5e8614961d908p-2,7,8,22,23,24,27
245,222,-0.36603401229850097,-0x1.76d19ec02ed22p-2,3,4,7,8,18,20
246,222,-0.36524761701888231,-0x1.760378a826f20p-2,0,2,7,11,21,23
247,222,-0.49319239071554288,-0x1.f9076d130988cp-2,12,17,20,22,25,29
248,222,0.039655368137737845,0x1.44db55a865c80p-5,0,5,7,10,18,19
249,222,0.4463590056461143,0x1.c91255ce19be6p-2,4,5,12,14,24,25
250,222,0.42765914796199023,0x1.b5ec479953f0cp-2,10,11,18,20,25,29
251,222,0.4526850958041635,0x1.cf8cae8776480p-2,2,4,20,21,24,29
252,222,0.38812822698455374,0x1.8d717c663665ep-2,3,5,14,15,24,26
253,222,-0.060287675354845027,-0x1.ede06b4007930p-5,4,5,7,8,18,20
254,222,-0.094948682243636062,-0x1.84e8e8d08e2f0p-4,10,11,21,23,24,25
255,222,0.11622893965773629,0x1.dc12e06adc190p-4,2,4,21,22,24,25
256,222,0.05312109728762815,0x1.b32b03f27ef40p-5,0,1,13,16,20,21
257,222,-0.40601731064819468,-0x1.9fc3007b601f2p-2,2,3,7,11,24,28
258,222,-0.19472220431555165,-0x1.8eca83dab8fc0p-3,6,8,16,17,28,29
259,222,-0.41649170434189553,-0x1.aa7ccd24d0a1ep-2,1,2,9,10,24,27
260,222,0.17055934409422491,0x1.5d4e37a74b95cp-3,0,4,12,17,25,27
261,222,-0.43105326141651656,-0x1.b96606b278e94p-2,9,10,13,17,26,27
262,222,0.43461984623622851,0x1.bd0cfc271bcd4p-2,8,11,18,20,27,28
263,222,-0.37643756936017425,-0x1.8178d9a58cfc0p-2,0,4,8,9,18,19
264,222,0.20644182409448908,0x1.a6caf898196d4p-3,2,5,6,10,15,17
265,222,0.1741616629730165,0x1.64aedeb57d178p-3,8,10,18,21,26,28
266,222,-0.34708215668937403,-0x1.6369814006274p-2,0,3,8,11,26,29
267,222,-0.47617904918650333,-0x1.e79b7b0d2f856p-2,0,2,7,10,22,23
268,222,-0.15553893036476951,-0x1.3e8b31d95f3ecp-3,1,2,13,15,20,23
269,222,0.45715863887720065,0x1.d42164ec3eed0p-2,8,9,12,17,28,29
270,222,0.3332048905475492,0x1.5533a9af13706p-2,7,8,12,17,27,29
271,222,-0.29204557948136478,-0x1.2b0dff13415ccp-2,4,5,6,9,20,22
272,222,-0.3972033063706405,-0x1.96bc76aae65e6p-2,2,5,6,9,20,23
273,222,-0.18734644066566997,-0x1.7faf7d9d72ce0p-3,0,2,7,11,20,23
274,222,-0.4873207261837107,-0x1.f30434567cefcp-2,1,3,6,10,20,22
275,222,-0.13062847580231596,-0x1.0b86f13bfa6b0p-3,9,10,12,14,19,22
276,222,0.089894891791487352,0x1.7035a045267d8p-4,8,9,18,22,25,29
277,222,0.25988681178489159,0x1.0a1fc4b51c7c0p-2,4,5,13,14,18,22
278,222,0.058244830732088082,0x1.dd244364f8d30p-5,9,11,13,14,21,22
279,222,0.15878658666516055,0x1.4531e6e629a50p-3,7,8,19,21,28,29
280,222,-0.071104209897783988,-0x1.233e2b01e7058p-4,2,4,7,9,20,23
281,222,0.1838438193699522,0x1.78831bbe201acp-3,0,2,15,17,18,20
282,222,-0.37554731531814667,-0x1.808f79b59172ep-2,0,5,8,10,22,23
283,222,-0.046029680827727182,-0x1.79133cb99cee0p-5,2,4,9,11,25,29
284,222,-0.40772364847820841,-0x1.a1824ee0142dap-2,0,5,7,10,18,23
285,222,0.22958953552777062,0x1.d63309d4c3cc8p-3,6,8,16,17,26,29
286,222,-0.46278064605363178,-0x1.d9e32b7016a16p-2,8,9,12,16,27,28
287,222,-0.055259084679280202,-0x1.c4aeb33024120p-5,0,2,9,11,19,23
288,222,-0.19527102602828472,-0x1.8fea41752ecacp-3,4,5,6,8,19,21
289,222,0.42149390192902692,0x1.af9c18f0fe918p-2,7,10,15,17,24,28
290,222,0.11500574250353535,0x1.d71042ee7a650p-4,0,2,9,11,12,16
291,222,-0.076775917941063199,-0x1.3a79628ad6000p-4,0,1,13,17,18,21
292,222,-0.1705039770954091,-0x1.5d31306bb3a40p-3,2,4,14,15,25,29
293,222,-0.14235715927054227,-0x1.238c267b58f84p-3,3,4,12,15,22,23
294,222,-0.40686600339927714,-0x1.a0a17b49d104ep-2,9,11,18,21,26,29
295,222,0.066480646280231759,0x1.104e029972d98p-4,4,5,18,19,26,27
296,222,-0.35647201371280401,-0x1.6d06ffe357d0ap-2,6,11,20,22,24,25
297,222,-0.49364233155444792,-0x1.f97d6017ca48ap-2,1,2,9,11,24,27
298,222,-0.19597632013864708,-0x1.915c086e498e0p-3,0,4,9,11,13,14
299,222,-0.49628236121031732,-0x1.fc31717beb7dcp-2,8,11,18,22,26,27
300,222,-0.43720416524244199,-0x1.bfb272dd90a8ap-2,0,4,7,9,12,17
301,222,-0.26975609799533118,-0x1.143af14b25652p-2,6,8,18,22,25,29
302,222,0.48560386297400904,0x1.f142239923772p-2,6,9,16,17,24,26
303,222,0.35761791585734859,0x1.6e33641448b22p-2,2,4,15,16,20,23
304,222,-0.26171808824408815,-0x1.0bffd3971eb88p-2,7,8,18,19,28,29
305,222,0.019074122371296798,0x1.3882aaf2373e0p-6,1,4,12,17,24,27
306,222,0.21628181178034467,0x1.baf1f56287980p-3,0,4,8,9,25,27
307,222,-0.49380534075210669,-0x1.f9a81b747b532p-2,1,3,14,16,24,28
308,222,-0.45475050223634395,-0x1.d1aa1d9bc7582p-2,2,3,6,11,19,23
309,222,-0.2534313131218402,-0x1.03837f869003cp-2,1,4,9,11,18,21
310,222,-0.22021731579663961,-0x1.c3014bcae0328p-3,2,3,6,11,21,23
311,222,0.05915030863723636,0x1.e48f3024a5c70p-5,1,2,9,10,18,23
312,222,0.083963754041920358,0x1.57ea609a8d0c8p-4,0,1,8,9,19,22
313,222,0.2428117057323036,0x1.f1474379a6568p-3,6,8,15,16,20,23
314,222,-0.42242246650793369,-0x1.b08f83dafd2a0p-2,2,3,22,23,24,25
315,222,-0.072715468784779191,-0x1.29d7b20580c28p-4,0,4,15,17,18,22
316,222,-0.14623082661499387,-0x1.2b7b114fd3db0p-3,0,5,8,10,20,23
317,222,0.23533234886045451,0x1.e1f5ed305f434p-3,0,3,15,17,19,20
318,222,0.16035062078738715,0x1.4865e80166a84p-3,2,5,7,9,14,17
319,222,-0.24412223622605922,-0x1.f3f65be689da4p-3,1,3,14,15,19,22
320,222,-0.12813292079924765,-0x1.066a8d82fd648p-3,2,5,9,10,25,28
321,222,-0.45953600296696062,-0x1.d6909b204f84cp-2,0,4,14,16,21,23
322,222,0.10784814109031926,0x1.b9bef8eead528p-4,14,15,18,19,26,28
323,222,-0.33924211990393471,-0x1.5b624949a7066p-2,1,3,6,11,26,29
324,222,0.4853283313210025,0x1.f0f9e8fb6242ep-2,9,11,13,14,25,29
325,222,0.1707145022492671,0x1.5d9f90a0e87d8p-3,0,4,7,8,15,16
326,222,-0.40826608757485083,-0x1.a2108158cca72p-2,7,8,21,23,24,26
327,222,-0.42964670733685639,-0x1.b7f54e73622ecp-2,4,5,15,17,18,19
328,222,0.095502585894450709,0x1.872db83199ff0p-4,6,8,13,15,18,20
329,222,0.089742920211430932,0x1.6f9645b5b0ac8p-4,1,2,6,11,27,29
330,222,0.42000245533258174,0x1.ae151fa792932p-2,9,10,12,13,25,26
331,222,0.33799544850819152,0x1.5a1b7a96287bcp-2,9,10,19,22,26,29
332,222,-0.19250050901750793,-0x1.8a3db4f58c63cp-3,10,11,12,13,20,21
333,222,-0.38718786127193749,-0x1.8c7af98648dd4p-2,0,3,7,11,25,28
334,222,0.43232240568783464,0x1.bab2b98707782p-2,1,2,9,11,13,16
335,222,-0.078291345049944949,-0x1.40ae6ce8ca330p-4,1,3,19,21,26,29
336,222,-0.40208379320267329,-0x1.9bbbda983a7acp-2,0,5,14,16,26,28
337,222,-0.2437739573579033,-0x1.f33fc2b3bfe24p-3,0,4,8,9,20,23
338,222,-0.063718904388387232,-0x1.04fe1d27c2dd0p-4,4,5,14,15,18,22
339,222,0.39607102025703278,0x1.9593a43b96d84p-2,2,3,12,16,20,23
340,222,-0.4171939980349566,-0x1.ab34e746972b8p-2,12,13,21,23,24,25
341,222,0.051193238061086888,0x1.a3600067f5700p-5,8,11,12,16,24,26
342,222,0.34882616415535339,0x1.6532af9c253e4p-2,6,10,20,22,27,29
343,222,-0.41625942409544381,-0x1.aa3fe91491208p-2,3,4,6,8,26,29
344,222,0.39356432433619593,0x1.930286b795cf4p-2,1,5,6,10,26,28
345,222,0.38415374939247893,0x1.895f99b91b1ccp-2,2,4,13,15,27,29
346,222,0.026205001018082097,0x1.ad57bd9750d80p-6,0,1,9,11,18,22
347,222,0.22402297442437036,0x1.cacc8ea5a47c4p-3,15,16,19,23,24,28
348,222,-0.11893333968475284,-0x1.e726a54599e58p-4,3,4,7,11,24,29
349,222,0.4914079517692399,0x1.f733a5675f77ep-2,7,10,14,15,19,22
350,222,-0.49637847818414527,-0x1.fc4aa3c8f4e4ap-2,2,3,6,7,14,16
351,222,-0.46698868777079916,-0x1.de3248564f660p-2,6,11,13,16,25,27
352,222,-0.012797046250508815,-0x1.a3556790cf940p-7,1,4,12,15,20,22
353,222,0.37894429057473211,0x1.8409f8dc18fb2p-2,0,5,7,9,18,20
354,222,0.21767880441967458,0x1.bdce62901e7acp-3,2,4,12,13,25,29
355,222,-0.095803525519933763,-0x1.8869470f31a18p-4,2,3,12,17,24,25
356,222,-0.39250745282686028,-0x1.91ed79454f7dap-2,1,5,13,14,21,23
357,222,0.2900426594250759,0x1.2900f162b3c7ep-2,3,5,7,10,24,26
358,222,0.37586244113232747,0x1.80e21571d510cp-2,1,5,9,10,18,22
359,222,0.075218925323318753,0x1.3418c284dcdb8p-4,1,2,13,15,18,20
360,222,-0.46097151602486619,-0x1.d808eac6db7c0p-2,7,9,18,21,25,26
361,222,-0.43165494475560118,-0x1.ba03c0fb87296p-2,6,7,14,17,25,29
362,222,-0.38932937585405181,-0x1.8eac5c22a935ep-2,1,4,13,15,18,22
363,222,-0.32018773464479866,-0x1.47df4b2384d9ap-2,6,8,20,22,24,27
364,222,0.31828805510082869,0x1.45ed4dcd76470p-2,8,9,13,17,20,21
365,222,0.048262755567924587,0x1.8b5e5598ee350p-5,3,4,12,16,25,29
366,222,-0.27526282114813494,-0x1.19de7f3a8b330p-2,0,4,7,11,14,16
367,222,-0.45192936439724918,-0x1.cec69240c0c52p-2,3,4,6,7,26,29
368,222,0.4078509236499227,0x1.a1a3ac2ae1162p-2,8,10,15,17,26,29
369,222,-0.013534029927574576,-0x1.bb7babf604b00p-7,7,9,19,22,26,27
370,222,-0.23215015422141028,-0x1.db718a4123754p-3,2,5,6,7,15,16
371,222,-0.15329822703079676,-0x1.39f46bbd0e730p-3,0,2,13,15,18,23
372,222,0.1172044571318045,0x1.e011c7e5397c0p-4,0,4,7,9,12,14
373,222,-0.062414533173842157,-0x1.ff4cc358db360p-5,2,4,7,9,24,27
374,222,-0.024903792836167615,-0x1.980613f1c5d20p-6,9,11,19,22,26,29
375,222,0.22452384848102069,0x1.cbd328d32f314p-3,0,5,7,9,16,17
376,222,-0.31914347050409531,-0x1.46cd8bc23028ap-2,6,11,19,23,24,26
377,222,-0.16305212033514926,-0x1.4dee45231039cp-3,2,4,6,9,19,20
378,222,-0.31584902795576209,-0x1.436ded762c6dep-2,6,8,15,16,26,27
379,222,-0.46997252972700254,-0x1.e1407a94c8908p-2,0,2,12,14,25,29
380,222,-0.30352139682238133,-0x1.36ce5023f4164p-2,15,16,18,19,26,27
381,222,0.38007247487748241,0x1.8531b806d5930p-2,8,10,13,17,26,27
382,222,0.19088779744838547,0x1.86f02e79f865cp-3,0,4,7,8,18,21
383,222,0.44764266153808807,0x1.ca62d67e66e5ap-2,4,5,12,17,20,22
384,222,-0.039972557668830344,-0x1.4774877d9a6c0p-5,1,2,12,15,19,22
385,222,-0.011612225720543989,-0x1.7c8268da0c800p-7,7,8,21,22,24,26
386,222,-0.38465656485393962,-0x1.89e36918f51e6p-2,6,8,20,21,24,29
387,222,0.18727543606106301,0x1.7f8a4389cfad4p-3,3,5,14,15,19,22
388,222,0.3236552727657106,0x1.4b6c49aed3a5ap-2,6,10,13,14,25,26
389,222,-0.23981489309656534,-0x1.eb2412178c418p-3,2,3,15,16,28,29
390,222,0.16459963414149825,0x1.51199cec9205cp-3,9,10,13,14,28,29
391,222,0.063041296583472128,0x1.02379731f9a60p-4,6,11,18,21,25,29
392,222,-0.20799015830093914,-0x1.a9f6be7e56d40p-3,2,5,16,17,18,21
393,222,0.15240197934202071,0x1.381e8768f5094p-3,8,11,13,16,18,21
394,222,0.032157726350897198,0x1.076fa3dfb4ce0p-5,0,1,19,21,28,29
395,222,-0.067866153532225582,-0x1.15fad1ded1d00p-4,4,5,6,9,18,20
396,222,0.4863656626907511,0x1.f209d71c9dd7cp-2,0,3,12,14,21,23
397,222,0.25611897684828322,0x1.06440d95cb1e4p-2,9,10,12,13,20,21
398,222,-0.37364370237911682,-0x1.7e9c74684c74cp-2,6,8,16,17,25,28
399,222,0.46494106767239285,0x1.dc1982e0e1894p-2,0,3,16,17,25,28
400,222,-0.1404762037275219,-0x1.1fb1fce701eccp-3,0,4,8,11,20,23
401,222,0.45985612050766445,0x1.d6e485d9c88dep-2,8,11,20,21,25,28
402,222,0.2973153634201825,0x1.30737049f3c06p-2,0,5,12,14,25,28
403,222,-0.23688355793542637,-0x1.e52334f2579bcp-3,10,11,12,14,24,28
404,222,0.17889039807918061,0x1.6e5e16ca8c4acp-3,7,10,19,21,24,28
405,222,-0.12116615320525725,-0x1.f04beb9661190p-4,8,9,12,16,19,21
406,222,-0.33924118862124031,-0x1.5b620aca566b8p-2,4,5,13,16,18,20
407,222,-0.20226138338008637,-0x1.9e3b3756e3b70p-3,9,10,13,17,25,29
408,222,0.25497534263418564,0x1.0518419799d3cp-2,9,10,12,13,28,29
409,222,-0.08950921645692056,-0x1.6ea13755f80c8p-4,0,2,7,10,18,19
410,222,-0.42109624162485182,-0x1.af33da68fd2fcp-2,6,8,13,17,18,22
411,222,0.18704844071898585,0x1.7f1340bd3f288p-3,6,8,21,22,24,29
412,222,0.36379763576149604,0x1.74875e0fd4bb4p-2,0,3,10,11,25,29
413,222,0.20065504169898241,0x1.9af107ceff464p-3,6,10,15,17,18,22
414,222,-0.34605370844822536,-0x1.625be741c7518p-2,2,4,16,17,18,20
415,222,0.4983876557523822,0x1.fe595568bf10ep-2,6,8,13,17,25,26
416,222,0.42409551880913465,0x1.b246187ea95b0p-2,2,4,7,11,19,23
417,222,0.49902133695111561,0x1.feff7308d84ecp-2,0,4,8,9,18,22
418,222,0.10482837405067924,0x1.ad608463d92e0p-4,1,4,12,14,21,23
419,222,0.14024087999541357,0x1.1f369c4923f78p-3,6,11,18,21,26,29
420,222,0.28899430844579033,0x1.27ee1fbe04ebep-2,2,4,7,9,18,23
421,222,0.32034041340095354,0x1.4807513c93ad4p-2,8,9,12,17,19,21
422,222,0.087884078644087982,0x1.67f922b9d8e20p-4,6,9,20,22,24,25
423,222,0.43343290818024438,0x1.bbd5d61693c8cp-2,2,5,6,9,24,25
424,222,-0.30727766258320877,-0x1.3aa6fede58460p-2,1,5,14,16,18,21
425,222,-0.27952244904440005,-0x1.1e3b220492f82p-2,2,4,6,9,22,23
426,222,-0.086181537037285705,-0x1.60ffe43181a88p-4,7,11,12,14,21,22
427,222,-0.055391671987345403,-0x1.c5c4c175014b0p-5,6,10,19,23,24,26
428,222,-0.045524098995368134,-0x1.74eef48baddb0p-5,1,3,8,11,24,29
429,222,0.082169873034461327,0x1.50915b5664490p-4,2,4,16,17,20,21
430,222,-0.18613923595578719,-0x1.7d36915775d40p-3,9,11,18,21,25,26
431,222,0.22950616054196205,0x1.d607536e10e6cp-3,0,3,14,15,26,28
432,222,-0.4110589936815483,-0x1.a4eca61a5b0e0p-2,1,2,13,16,21,23
433,222,-0.057276017026874015,-0x1.d534837f37d00p-5,8,9,12,16,24,27
434,222,0.061381560178807471,0x1.f6d6763174320p-5,7,11,14,15,24,25
435,222,-0.37154590480833305,-0x1.7c7687987544ap-2,1,3,6,8,19,23
436,222,-0.018700963164363649,-0x1.3265864c75060p-6,9,10,19,23,27,28
437,222,0.24161475560558598,0x1.eed3b78c74c94p-3,0,1,8,10,21,22
438,222,-0.046165996655747721,-0x1.7a311cba5b9a0p-5,9,10,19,20,27,28
439,222,0.071098042107571535,0x1.2337b35a961f0p-4,1,2,12,15,19,23
440,222,-0.30861097416974348,-0x1.3c0483e4fba5ap-2,10,11,12,15,20,22
441,222,0.12581563418559516,0x1.01aba09138968p-3,1,2,6,9,18,19
442,222,0.084739278143877272,0x1.5b1792c5089a8p-4,0,3,12,14,26,28
443,222,0.15776709485050855,0x1.431b650624960p-3,1,5,8,10,19,20
444,222,0.3610245547376586,0x1.71b06bbe9ad5ap-2,3,4,6,7,24,29
445,222,-0.13705544347616105,-0x1.18b0863bc0488p-3,1,2,13,16,24,29
446,222,-0.21116777228836492,-0x1.b078ba9f94e50p-3,1,3,10,11,13,15
447,222,0.2868219148613449,0x1.25b4a4e06c1b4p-2,3,4,12,13,20,22
448,222,-0.20856227784451564,-0x1.ab22b3142bf34p-3,1,2,6,9,13,16
449,222,-0.16883746635084373,-0x1.59c7752287ef4p-3,6,11,14,16,25,29
450,222,0.060730261512081718,0x1.f18096e24d280p-5,1,5,13,16,24,26
451,222,0.21372849210892608,0x1.b5b7489ea65ccp-3,2,4,12,17,19,22
452,222,-0.48694173022614951,-0x1.f2a0da59840fep-2,0,4,9,11,19,21
453,222,0.37875388932396992,0x1.83d80f3f845b4p-2,14,17,19,22,26,29
454,222,-0.17301496478307288,-0x1.6255ab7bb1f34p-3,0,3,8,10,15,17
455,222,-0.23285956226493565,-0x1.dce57963e9028p-3,14,16,18,19,27,28
456,222,-0.27574680846750821,-0x1.1a5d5f1160966p-2,6,10,20,23,25,28
457,222,-0.31302450444830232,-0x1.40897ee5ceea2p-2,4,5,6,7,21,23
458,222,0.3207502070599112,0x1.4872be0607ba6p-2,1,4,19,22,27,29
459,222,0.34749616156649454,0x1.63d608a5a78dap-2,1,4,13,16,24,26
460,222,-0.14892016261650987,-0x1.30fd0de13929cp-3,8,10,12,15,24,27
461,222,0.43823829117559399,0x1.c0c189e1d1000p-2,3,5,6,10,18,21
462,222,-0.16242234766395081,-0x1.4ca4167ad9850p-3,4,5,21,23,24,25
463,222,-0.2497846567356411,-0x1.ff8f191dc6fe4p-3,3,5,6,10,19,21
464,222,0.26571615982447072,0x1.1017e5a1dbf76p-2,1,4,12,14,24,26
465,222,-0.32275967570466935,-0x1.4a81832e79facp-2,0,1,8,11,28,29
466,222,0.001230451491999407,0x1.428e33ab78800p-10,1,3,8,11,12,13
467,222,0.14766252904310828,0x1.2e69b128adabcp-3,8,9,19,23,26,27
468,222,0.066050368687068373,0x1.0e8ad4d6652d0p-4,0,5,7,8,18,21
469,222,0.2548233350114637,0x1.04f06888870dcp-2,6,9,22,23,25,26
470,222,-0.19414325363829954,-0x1.8d9afa68ec9acp-3,14,17,19,21,28,29
471,222,0.073558046679065625,0x1.2d4b33cd81f58p-4,2,5,6,9,19,21
472,222,-0.39001349537966024,-0x1.8f5fb29e9dfdap-2,7,9,14,17,19,21
473,222,-0.41001200066701382,-0x1.a3da2f975454cp-2,9,10,20,22,25,27
474,222,-0.39619773974865735,-0x1.95b4dc3be0df8p-2,0,5,14,16,19,21
475,222,0.14466176424679611,0x1.28446d535f8acp-3,2,3,14,15,25,29
476,222,-0.36635586020994415,-0x1.7725fd9932d98p-2,2,3,6,11,20,23
477,222,0.057623453818902881,0x1.d80d24344fe80p-5,9,11,21,22,24,29
478,222,-0.49488582190752073,-0x1.fac3595163350p-2,0,1,8,9,16,17
479,222,0.34237322668505543,0x1.5e97164e8da08p-2,8,11,19,22,27,29
480,222,-0.31785741623613217,-0x1.457c6a1e19da6p-2,6,11,18,23,26,27
481,222,-0.25835565806954874,-0x1.088e62b894c1cp-2,1,4,13,15,18,23
482,222,-0.0064808947914509751,-0x1.a8bb5f2d97e00p-8,0,1,12,14,19,21
483,222,-0.24040637415034283,-0x1.ec5a2d55ce280p-3,1,2,9,10,27,29
484,222,0.25743652276542883,0x1.079d70984b3d6p-2,8,9,20,21,28,29
485,222,-0.052511642974282569,-0x1.ae2ce5a77b0f0p-5,3,4,6,7,14,15
486,222,-0.36628130275665349,-0x1.77127221e7872p-2,1,4,6,8,19,23
487,222,-0.068643729472231629,-0x1.192a2ad28a0f8p-4,7,9,18,23,26,28
488,222,-0.49926881377158505,-0x1.ff4052ec3f270p-2,0,2,13,15,22,23
489,222,-0.47533812706086098,-0x1.e6bf09b912bacp-2,0,4,7,11,19,20
490,222,0.36701683159599685,0x1.77d342a32537ep-2,0,2,7,11,12,14
491,222,-0.28746490144483106,-0x1.265d32f9d04b6p-2,6,7,16,17,25,28
492,222,-0.33448205234117079,-0x1.5682768f9dfdep-2,0,3,12,15,25,28
493,222,0.47356315673849669,0x1.e4edbd7b21246p-2,1,2,14,16,24,28
494,222,0.099553195339791567,0x1.97c5176325b38p-4,2,4,7,11,21,23
495,222,-0.27521736178201195,-0x1.19d2948094a00p-2,9,10,19,20,24,27
496,222,-0.14121289935358217,-0x1.21343a83f9ce0p-3,0,1,8,11,26,29
497,222,0.32621961143465972,0x1.4e0c8389b3e86p-2,6,10,20,22,25,29
498,222,0.19440100972574503,0x1.8e221dd8a6d0cp-3,0,2,20,23,27,28
499,222,-0.13962994563140707,-0x1.1df64e103bb3cp-3,1,2,13,16,24,27
500,222,0.15828535342367556,0x1.442b1c831fb84p-3,8,11,12,13,21,23
501,222,-0.45429779313380991,-0x1.d13370d09e664p-2,9,11,14,16,28,29
502,222,-0.3262559514808332,-0x1.4e160a46f131cp-2,2,5,18,20,25,28
503,222,-0.3824801727486643,-0x1.87a8e1e54bb7ep-2,13,17,18,20,27,28
504,222,-0.43179555589873297,-0x1.ba289d3c92a28p-2,7,10,12,15,22,23
505,222,-0.0046906125893604322,-0x1.33676bab64f00p-8,0,3,13,17,21,22
506,222,-0.36618401907479337,-0x1.76f8f188f9ef8p-2,0,5,15,17,18,22
507,222,0.14245537686801446,0x1.23bfa5064cc0cp-3,12,15,19,23,24,26
508,222,0.40217746572378998,0x1.9bd468d9e329cp-2,0,3,7,11,22,23
509,222,-0.25202878636223003,-0x1.0213d58c4e2e6p-2,0,1,9,10,18,23
510,222,-0.49767615963327405,-0x1.fd9ed1b67ec22p-2,0,5,7,9,18,22
511,222,-0.39127698542667799,-0x1.90aaea0057178p-2,2,3,16,17,18,21
512,222,-0.48826636193239781,-0x1.f3fc18e0f239ap-2,13,14,18,22,25,27
513,222,0.22096392531828035,0x1.c488bc06b3d0cp-3,4,5,6,9,21,22
514,222,-0.48428584303477717,-0x1.efe8a0c700294p-2,4,5,12,16,19,21
515,222,-0.29062922315983619,-0x1.299ab502eefbcp-2,0,2,16,17,25,29
516,222,0.27081483917084404,0x1.15507c360a858p-2,8,9,12,13,24,26
517,222,0.30059886208714037,0x1.33d03027842e2p-2,2,5,6,10,18,22
518,222,-0.11594306784013209,-0x1.dae71e4923f30p-4,6,11,14,15,24,27
519,222,-0.30637147888078464,-0x1.39b971e8e1686p-2,1,3,14,16,26,29
520,222,-0.47360464605946029,-0x1.e4f89dc83c744p-2,1,2,19,23,24,28
521,222,0.14979618228000036,0x1.32c8573faa824p-3,1,4,15,17,19,22
522,222,0.43148175308412406,0x1.b9d65a4944ab6p-2,2,4,6,11,27,29
523,222,-0.2700361579891295,-0x1.14845bcd34050p-2,3,4,19,20,24,29
524,222,-0.10404927426897093,-0x1.aa2f926286340p-4,6,8,15,16,26,28
525,222,-0.075146728820287612,-0x1.33cd0e6af3c70p-4,8,9,13,16,24,28
526,222,-0.4248337754765078,-0x1.b307a00fa1986p-2,13,17,18,20,25,27
527,222,0.18601411745702523,0x1.7cf4f83893eb4p-3,13,14,21,22,24,25
528,222,0.23398323088588791,0x1.df3299a3bd0acp-3,2,5,12,17,25,27
529,222,-0.064149861506910488,-0x1.06c2015371170p-4,0,2,18,23,27,28
530,222,-0.080271303767903923,-0x1.48ca9007d8cc0p-4,2,3,12,14,21,22
531,222,0.1823954202059932,0x1.758bbae5cca20p-3,1,4,6,9,18,19
532,222,-0.083056130777517723,-0x1.5432aa56bf700p-4,8,9,20,23,24,27
533,222,0.25430517500173799,0x1.0468936758160p-2,1,5,6,8,22,23
534,222,-0.46483688216718233,-0x1.dbfe331b87d66p-2,0,5,13,16,18,20
535,222,-0.48452980486775366,-0x1.f02894c76086ap-2,4,5,6,7,19,22
536,222,-0.36055648657974804,-0x1.7135b838e1fa2p-2,10,11,21,22,24,26
537,222,-0.023972174734815943,-0x1.88c296a000860p-6,0,3,7,10,12,14
538,222,0.31187409213343109,0x1.3f5bec08bb2a0p-2,7,11,12,14,25,27
539,222,0.47127819321124043,0x1.e296c02ca417cp-2,2,3,6,7,19,21
540,222,-0.021466550275633489,-0x1.5fb53cd913040p-6,6,7,19,23,26,27
541,222,0.035886950997773504,0x1.25fc641c6f580p-5,0,4,14,17,26,27
542,222,0.38155562885028771,0x1.86b684ce1119cp-2,13,16,21,23,24,25
543,222,0.1303491981109498,0x1.0af4853792224p-3,2,3,13,14,24,29
544,222,0.025667017260491698,0x1.a48745ee0f3a0p-6,12,17,20,21,25,29
545,222,0.19028778994670337,0x1.85b59ad531944p-3,8,11,12,16,24,29
546,222,-0.014336726329135185,-0x1.d5c92d5b90300p-7,1,2,12,16,28,29
547,222,-0.32327517307492337,-0x1.4b08a59fdcb56p-2,4,5,13,16,25,27
548,222,-0.48186726963373439,-0x1.ed6e9d105bdb2p-2,2,4,13,14,24,27
549,222,-0.19730162999656919,-0x1.9412e08243164p-3,7,10,15,17,25,28
550,222,0.093934522437449153,0x1.80c17c5d58f98p-4,8,11,13,16,24,26
551,222,-0.12241837838673775,-0x1.f56cf9399b348p-4,4,5,12,16,25,27
552,222,0.049586732114524912,0x1.9636ea17eaae0p-5,2,4,6,7,25,29
553,222,-0.29271820416937588,-0x1.2bbe522767c08p-2,0,5,8,9,19,22
554,222,0.32255600010915719,0x1.4a4c1ebe63bd8p-2,8,10,19,21,28,29
555,222,0.080108474431376031,0x1.481fd2dd0b1c0p-4,8,10,22,23,24,27
556,222,0.27091082876095429,0x1.1569a5f6a4688p-2,7,11,19,20,24,29
557,222,0.12447951077197505,0x1.fdde3a3c9a788p-4,6,11,13,14,25,27
558,222,0.12136639713258324,0x1.f11de42848e18p-4,6,9,19,21,26,29
559,222,0.16788541185422345,0x1.57d44e8b1d738p-3,4,5,6,9,22,23
560,222,-0.37107621403910696,-0x1.7bfb672e7c602p-2,4,5,12,17,24,26
561,222,0.22555816297991937,0x1.cdf1702ac1b94p-3,0,1,13,15,26,29
562,222,0.1185799410594236,0x1.e5b4148cfd438p-4,1,4,19,20,24,27
563,222,-0.4100790792220681,-0x1.a3ebc528215b8p-2,6,10,20,22,24,27
564,222,0.1610374110637266,0x1.49cdfb6f9c164p-3,9,11,13,16,21,23
565,222,0.016414523352985433,0x1.0cef803ec0860p-6,0,3,7,11,18,22
566,222,0.082013273848729029,0x1.4fed26904a7a8p-4,9,11,22,23,25,26
567,222,-0.2274318408707845,-0x1.d1c7c8f4df6d8p-3,1,5,15,16,18,19
568,222,-0.03342761294131269,-0x1.11d6c90bb89a0p-5,0,5,7,8,19,20
569,222,-0.066449263656697233,-0x1.102d1a63fb118p-4,3,4,7,11,18,20
570,222,0.34511061539637367,0x1.6164ad5a84f9cp-2,0,2,12,15,22,23
571,222,0.32640490986393877,0x1.4e3d16b47a4fcp-2,3,5,16,17,26,28
572,222,-0.46348981334217576,-0x1.da9d12d955ccep-2,1,4,12,16,20,23
573,222,0.34738433165865401,0x1.63b8b7de7789cp-2,0,2,12,15,25,27
574,222,-0.30389595564480187,-0x1.3730805b863cap-2,2,5,7,9,20,23
575,222,0.33246739738395037,0x1.5472555b004f6p-2,1,5,20,21,24,28
576,222,0.20672045897395031,0x1.a75d0e55a8664p-3,6,9,13,16,26,28
577,222,-0.1744405681777379,-0x1.654118bb5a330p-3,2,3,15,16,25,28
578,222,-0.1441147362563443,-0x1.2725a078bdc6cp-3,3,5,13,16,25,28
579,222,-0.45701101647658871,-0x1.d3fab226b6f42p-2,0,2,9,11,14,16
580,222,-0.36363140490359402,-0x1.745bca7f70190p-2,6,10,13,17,18,20
581,222,0.28233112161496365,0x1.211b68d7eac52p-2,7,10,12,17,25,29
582,222,-0.28735706987475307,-0x1.2640ee858bb9ep-2,0,2,12,13,28,29
583,222,-0.43002683940023134,-0x1.b858f4ae81448p-2,4,5,12,14,22,23
584,222,0.30228315619247859,0x1.3589b737e9d60p-2,7,8,15,17,19,20
585,222,0.41595510219225074,0x1.a9f0226214894p-2,7,10,12,15,27,29
586,222,-0.024542120868889961,-0x1.92191da0683a0p-6,1,5,6,8,24,26
587,222,0.19216092781378635,0x1.898bab243bdc8p-3,3,4,13,17,18,20
588,222,-0.43813085559493581,-0x1.c0a5600098516p-2,3,5,8,10,13,15
589,222,0.20217781220388908,0x1.9e0f669b23e88p-3,1,3,10,11,22,23
590,222,-0.11962509651422149,-0x1.e9fc0154f3678p-4,3,5,6,7,25,26
591,222,0.34107815141257825,0x1.5d439746c9e44p-2,7,10,14,15,25,29
592,222,0.20704487058088328,0x1.a807241f98774p-3,3,5,15,17,19,22
593,222,0.35377049910603786,0x1.6a42d04fccd4ap-2,1,3,18,20,28,29
594,222,-0.047073261003665934,-0x1.819fc890dbb00p-5,1,3,19,23,24,28
595,222,-0.14037297731186948,-0x1.1f7bde165f7f4p-3,1,3,6,10,18,22
596,222,0.08954041970882165,0x1.6ec1ef651caf0p-4,13,16,18,20,28,29
597,222,-0.34348816599629206,-0x1.5fbb5c9e11810p-2,9,11,13,16,18,23
598,222,0.36520602739313357,0x1.75f8919fd285ep-2,4,5,12,16,26,27
599,222,-0.10365469677565398,-0x1.a891d3cba6d50p-4,2,4,6,7,27,29
600,222,-0.18667044061208227,-0x1.7e4d126c786e0p-3,3,5,15,16,18,20
601,222,0.23037650745452654,0x1.d7cfa36a45690p-3,1,4,14,17,21,22
602,222,0.14956446372988852,0x1.324eda82e8c10p-3,13,17,18,22,25,26
603,222,0.48804487563044519,0x1.f3c2092f40aa4p-2,0,1,9,11,26,27
604,222,-0.053673190889057421,-0x1.b7b0d6f14b810p-5,12,16,20,23,24,28
605,222,0.15494959222905702,0x1.3d56363937fbcp-3,2,4,7,9,19,22
606,222,0.27511799238781987,0x1.19b887ef63302p-2,3,5,8,10,18,21
607,222,-0.16330962338002386,-0x1.4e75469c5071cp-3,7,10,20,21,24,25
608,222,0.4327546495804474,0x1.bb2408ec8f522p-2,2,4,12,13,25,27
609,222,-0.23620463882321008,-0x1.e3bf41f745ffcp-3,1,4,14,16,19,23
610,222,-0.42319415218642353,-0x1.b159cecdff1d8p-2,0,3,14,15,26,29
611,222,0.34816647906953901,0x1.6485c0e4ab266p-2,7,10,19,23,24,26
612,222,0.039906858373423781,0x1.46eabf7332dd0p-5,6,7,18,19,27,28
613,222,-0.015261211499600358,-0x1.f4145224e1340p-7,1,5,12,15,20,23
614,222,0.041025146288211634,0x1.5013f7b3e3340p-5,6,10,20,23,24,28
615,222,0.080778624046992653,0x1.4ade86c7f6a18p-4,0,3,14,17,25,28
616,222,-0.25275520324823642,-0x1.02d2428f6149ep-2,3,4,18,21,25,26
617,222,0.0068710298971550454,0x1.c24cc0b2b7f00p-8,9,10,18,23,25,27
618,222,-0.3196329009292751,-0x1.474dd8e0de0c8p-2,3,4,13,14,21,22
619,222,-0.074520428293390006,-0x1.313c552676e10p-4,0,2,13,14,18,21
620,222,0.33301029127470883,0x1.5500a6590675cp-2,1,5,13,15,24,28
621,222,0.37640254546584584,0x1.816fab3ba0ba6p-2,2,4,6,11,18,19
622,222,-0.31841246053040262,-0x1.460dea8277c70p-2,7,9,12,16,24,27
623,222,-0.022591597423726406,-0x1.722407065afa0p-6,1,2,22,23,24,27
624,222,-0.2049965322697076,-0x1.a3d538cf22698p-3,0,3,7,11,12,16
625,222,-0.34398205212867661,-0x1.603cd4c136ebap-2,1,5,13,16,26,27
626,222,0.35509670785119007,0x1.6b9e78ac8d716p-2,1,4,14,15,19,22
627,222,-0.10206735347384077,-0x1.a21160928cfa0p-4,0,3,7,8,26,29
628,222,-0.4906953485845269,-0x1.f678d769e123cp-2,6,11,18,20,28,29
629,222,-0.29792206011072475,-0x1.31127b03bae3ap-2,8,10,12,13,20,22
630,222,-0.40182648923835951,-0x1.9b786737c7efap-2,0,2,14,16,19,23
631,222,-0.31137548432385154,-0x1.3ed93707c9d56p-2,12,15,22,23,24,27
632,222,-0.31100830594544182,-0x1.3e78f61b47b74p-2,1,4,22,23,24,26
633,222,0.48670869090068225,0x1.f263c35863bdap-2,4,5,12,13,22,23
634,222,0.19326406951151787,0x1.8bce085059c8cp-3,0,3,7,8,25,26
635,222,-0.27556857272495661,-0x1.1a2ea5dea2e78p-2,1,4,8,9,22,23
636,222,0.40526945053229135,0x1.9efef4706a944p-2,12,14,21,23,25,26
637,222,-0.059339604668143475,-0x1.e61c2bad08270p-5,2,4,15,17,24,27
638,222,-0.29154512082428086,-0x1.2a8acddcfe9f6p-2,1,5,9,10,19,21
639,222,0.27160190946491491,0x1.161ecf9abb5a8p-2,6,9,19,22,26,29
640,222,0.21825488437162344,0x1.befc6ab48c0d0p-3,15,16,18,19,26,29
641,222,0.19410026906262579,0x1.8d84711e26754p-3,9,10,13,14,26,27
642,222,0.38857708571485938,0x1.8de726cc7b328p-2,12,16,19,20,27,28
643,222,-0.36946547780319416,-0x1.7a552880a9b5ep-2,6,11,19,21,28,29
644,222,0.29435143021396204,0x1.2d6a761932fd0p-2,2,5,7,9,19,22
645,222,0.32719055523788554,0x1.4f0b0a793a29cp-2,12,16,20,21,24,25
646,222,0.0097004824459144823,0x1.3ddd8b6e28f40p-7,4,5,12,15,24,25
647,222,0.26280413649085466,0x1.0d1c870ded4d8p-2,14,17,18,22,25,27
648,222,-0.28168689941686131,-0x1.207287d2d407cp-2,2,4,13,17,25,29
649,222,-0.1905749094949456,-0x1.864c235dc0698p-3,8,9,20,21,25,29
650,222,0.070387312105475441,0x1.204e7238bde60p-4,6,7,14,16,24,27
651,222,-0.23093414912646471,-0x1.d8f400d038d68p-3,2,3,7,10,24,29
652,222,0.41433627891936931,0x1.a847c4fe05256p-2,1,5,8,9,18,23
653,222,0.18676247743196894,0x1.7e7d5365859f0p-3,6,8,15,16,26,29
654,222,0.0011693921214814829,0x1.328c93abfe800p-10,2,3,12,16,19,23
655,222,0.4509558715103873,0x1.cdc760404e1f6p-2,1,2,13,16,27,29
656,222,-0.37164958008505078,-0x1.7c91b52026530p-2,2,5,9,10,12,17
657,222,-0.035170958480924663,-0x1.201ed88e39b70p-5,1,3,13,14,28,29
658,222,-0.084606765004674789,-0x1.5a8c9f8b726c8p-4,6,10,14,15,25,28
659,222,-0.041887530232359138,-0x1.5724848ea9860p-5,2,4,6,11,25,29
660,222,-0.44658701872351747,-0x1.c94e1b80f14d8p-2,1,5,8,9,18,20
661,222,0.41355784317018285,0x1.a77bb50dae516p-2,4,5,6,8,18,19
662,222,0.18332337540675725,0x1.77723eefb6fecp-3,6,9,18,21,26,29
663,222,-0.16909453188621515,-0x1.5a4e3be311dd8p-3,13,17,18,21,26,29
664,222,0.33693345371656502,0x1.59051552905c2p-2,4,5,7,9,26,27
665,222,-0.17182201625770466,-0x1.5fe438a47a1b0p-3,1,4,15,16,26,27
666,222,0.38062829643404517,0x1.85c36c9477362p-2,8,10,13,15,20,22
667,222,0.49714829999702703,0x1.fd1471a6ff35ap-2,1,4,18,23,26,27
668,222,0.072824766161855403,0x1.2a4a4d5010738p-4,4,5,8,9,18,23
669,222,-0.21616713118246034,-0x1.bab5d53730c2cp-3,0,2,15,16,19,20
670,222,-0.0033013672616754031,-0x1.b0b780d78ad00p-9,7,11,15,16,24,28
671,222,-0.17088559236921397,-0x1.5df943f4aab94p-3,3,5,13,15,18,22
672,222,0.1159696343338128,0x1.db02f9acaf540p-4,0,4,13,17,20,22
673,222,-0.2221175062077384,-0x1.c6e58b0840214p-3,12,17,21,22,24,25
674,222,0.34763499283306643,0x1.63fa6d74a721cp-2,0,2,13,17,25,28
675,222,0.089156240218858707,0x1.6d2f17ff96ce8p-4,6,11,13,16,20,21
676,222,-0.011266219902175467,-0x1.712be703c2fc0p-7,8,11,13,15,28,29
677,222,0.078951308336158821,0x1.436272747bc20p-4,13,16,18,21,25,28
678,222,-0.32221612932734611,-0x1.49f30666d191ep-2,0,2,13,17,18,22
679,222,-0.12117319749958566,-0x1.f0534e8699798p-4,4,5,19,23,24,27
680,222,-0.19647509051826961,-0x1.92618842096fcp-3,1,4,6,8,21,23
681,222,-0.045629890503512405,-0x1.75ccd0edd83e0p-5,9,11,18,21,26,28
682,222,-0.3534401295224141,-0x1.69ec359592330p-2,2,5,15,16,24,27
683,222,0.48531749308364469,0x1.f0f711a3e2436p-2,2,5,7,9,18,21
684,222,-0.15939388057813397,-0x1.46704c821ffacp-3,1,2,13,16,18,21
685,222,0.41247534367068839,0x1.a65fefbde34b6p-2,2,3,6,11,22,23
686,222,-0.13088925913970073,-0x1.0c0faafb38b24p-3,4,5,6,8,25,26
687,222,0.38610407727470875,0x1.8b5ede02fd0fep-2,8,10,18,20,27,29
688,222,0.15153307959779128,0x1.3656f9a913d24p-3,0,2,12,16,19,21
689,222,0.15724813303477203,0x1.420b4f25ee64cp-3,7,11,18,23,26,28
690,222,0.30799321656761047,0x1.3b6292e230e0cp-2,3,5,7,8,24,25
691,222,0.26624295946944043,0x1.10a1fe8ed8938p-2,9,10,13,17,25,28
692,222,0.26619243695879191,0x1.1094c00cb8e2ep-2,0,2,7,11,14,15
693,222,0.42013410358685743,0x1.ae37a26b5bfc2p-2,2,5,6,7,25,28
694,222,0.13636507654974117,0x1.174692c0c809cp-3,0,1,12,15,19,20
695,222,0.40468345010336748,0x1.9e65569db4a52p-2,3,5,21,23,24,26
696,222,-0.25758994116721201,-0x1.07c5a8545df10p-2,2,5,6,7,18,21
697,222,-0.25434060124086488,-0x1.0471dcd17f7acp-2,7,9,18,22,25,26
698,222,-0.073674411821794572,-0x1.2dc5385539ee8p-4,2,4,13,17,20,21
699,222,0.044358645644757111,0x1.6b62d28ad9c80p-5,10,11,12,13,25,28
700,222,0.13970242666597277,0x1.1e1c4e4d9e168p-3,0,1,10,11,19,21
701,222,-0.4914772467831241,-0x1.f745cfb6a584cp-2,1,4,6,11,26,27
702,222,-0.49749629672372497,-0x1.fd6fab513cf06p-2,7,10,14,17,24,27
703,222,0.16099645564183129,0x1.49b8827e07550p-3,9,11,12,16,20,23
704,222,0.36030156880850306,0x1.70f2e4faeb88ep-2,6,8,19,23,24,28
705,222,0.20309594041393353,0x1.9ff0c3b039c5cp-3,2,5,6,7,20,22
706,222,0.094780240651770264,0x1.8438491e80768p-4,2,3,6,7,25,29
707,222,-0.29223061723374555,-0x1.2b3e80bfa2a4ap-2,0,1,13,17,18,22
708,222,-0.17747621162364424,-0x1.6b78a5e5eea5cp-3,1,2,12,15,20,22
709,222,-0.15655502179145042,-0x1.409feb54f3660p-3,1,5,12,14,19,22
710,222,0.3392925480541531,0x1.5b6f8176ad278p-2,6,7,16,17,18,21
711,222,0.39402945289592017,0x1.937c74f7651eap-2,6,7,19,23,24,28
712,222,-0.39921339097665021,-0x1.98cb65297ada8p-2,6,9,14,16,26,28
713,222,0.15151248568733866,0x1.364c2d97b3ca0p-3,6,10,13,15,18,22
714,222,0.22610528816056286,0x1.cf104a10d174cp-3,10,11,12,15,19,23
715,222,-0.087327527931411075,-0x1.65b18cc818518p-4,12,15,19,22,27,29
716,222,-0.24391254751562808,-0x1.f3886bf54f318p-3,8,10,13,15,28,29
717,222,-0.11378578907398096,-0x1.d2110c2d28268p-4,7,11,12,16,25,29
718,222,-0.43496900602654598,-0x1.bd6883dea16cep-2,3,5,14,16,19,23
719,222,0.29748058559621615,0x1.309ec029529d0p-2,8,11,13,15,24,28
720,222,-0.081201542447138175,-0x1.4c99fd131f990p-4,3,4,13,16,25,29
721,222,-0.37576769862283299,-0x1.80c93f61e9baep-2,1,2,12,14,24,29
722,222,-0.11667210154764507,-0x1.dde390c80b2b0p-4,4,5,18,23,25,26
723,222,-0.084338622165627042,-0x1.5973747fdb6b0p-4,10,11,20,22,24,29
724,222,-0.44314941372408945,-0x1.c5c8f5bcbf03cp-2,6,11,15,16,24,28
725,222,-0.14564257641320111,-0x1.2a46a7b4cc8dcp-3,0,4,13,14,18,23
726,222,-0.077483441780475837,-0x1.3d5f4706dbce8p-4,2,4,6,11,25,27
727,222,-0.34870110417380906,-0x1.6511e6fa05bbcp-2,6,10,14,17,25,26
728,222,-0.17391773992891912,-0x1.642efbe982f38p-3,2,4,14,17,27,29
729,222,0.028394465866797169,0x1.d137059242100p-6,0,4,9,11,27,29
730,222,-0.095879728596195202,-0x1.88b92eaab8610p-4,6,9,19,20,27,28
731,222,-0.12507021397536267,-0x1.0024cff5d2bfcp-3,1,2,6,9,18,23
732,222,0.051738242836296355,0x1.a7d6f59de6990p-5,0,4,14,17,18,19
733,222,0.09314288160302997,0x1.7d8363e571840p-4,6,9,18,20,25,27
734,222,-0.035294558442107382,-0x1.21220dc78a220p-5,8,10,18,21,25,28
735,222,-0.23828032723259962,-0x1.e7ff8425f41bcp-3,1,3,15,16,19,23
736,222,0.18926598916371917,0x1.839de30da0490p-3,2,5,13,17,18,21
737,222,0.48050600007642619,0x1.ec09c3cf70aa2p-2,0,4,7,9,25,26
738,222,-0.1950252295697763,-0x1.8f6963372d390p-3,4,5,6,9,18,21
739,222,0.29645871505296795,0x1.2f92df971114ap-2,1,3,6,11,19,20
740,222,-0.43736920042593086,-0x1.bfddb6306d9c8p-2,7,9,12,14,19,23
741,222,-0.10774913584722201,-0x1.b957286a2d620p-4,7,10,14,15,25,26
742,222,-0.18853879536472373,-0x1.8220a0c0f3260p-3,1,3,12,16,24,28
743,222,0.041575886376325921,0x1.5496f4093ba70p-5,9,10,12,17,19,22
744,222,-0.16697756755046467,-0x1.55f855be5be84p-3,1,4,6,11,24,26
745,222,0.23099495770755685,0x1.d913e26728ac4p-3,6,9,13,14,26,28
746,222,-0.44408492334796101,-0x1.c6be32b9b4632p-2,7,11,18,19,28,29
747,222,-0.3386550289937269,-0x1.5ac862489daf4p-2,6,11,13,14,27,29
748,222,0.19909723357974052,0x1.97c04a5797ac0p-3,0,2,13,16,25,28
749,222,-0.058669701524587281,-0x1.e09f482a0dcb0p-5,14,15,19,22,24,29
750,222,-0.13119110203108308,-0x1.0cadeba5ff634p-3,7,9,12,14,21,22
751,222,-0.37343467248217432,-0x1.7e65a8a6037dep-2,0,5,12,17,25,28
752,222,-0.30516182263866054,-0x1.387c5740e2194p-2,10,11,12,15,24,27
753,222,0.073222230651949327,0x1.2beb12dfd83b8p-4,4,5,7,9,20,22
754,222,-0.32314495134506738,-0x1.4ae68297940bap-2,4,5,12,16,20,21
755,222,-0.39029981271290193,-0x1.8faac10cf285ep-2,6,7,14,17,24,28
756,222,-0.36487831191328501,-0x1.75a2a902bfbd8p-2,3,4,15,16,19,20
757,222,-0.38201543037268382,-0x1.872f0d901279ap-2,3,4,8,11,18,22
758,222,-0.46964293298868842,-0x1.e0ea13b7ef8d0p-2,2,4,13,17,18,20
759,222,-0.28407795300698269,-0x1.22e554b6b7ed2p-2,0,4,12,16,25,26
760,222,0.45961515164109601,0x1.d6a55ab42da88p-2,6,8,13,16,26,27
761,222,-0.23687751416227854,-0x1.e52009c3e0cb8p-3,4,5,8,9,24,27
762,222,-0.32807632320060853,-0x1.4ff33d5af443cp-2,2,4,6,9,19,23
763,222,0.32077474103000425,0x1.48792c786d4cap-2,3,4,7,8,25,26
764,222,0.4598452896052283,0x1.d6e1af004be20p-2,8,11,20,23,24,27
765,222,-0.43082213924179602,-0x1.b9297059bebe2p-2,8,10,13,17,18,22
766,222,0.33919476359374212,0x1.5b55df4270342p-2,7,11,21,22,26,29
767,222,-0.30712970021946384,-0x1.3a8035484aa16p-2,6,7,21,23,24,28
768,222,-0.26869440509076714,-0x1.1324a049ee9d0p-2,6,7,20,23,24,28
769,222,-0.26929380722978558,-0x1.13c1c17c44df2p-2,6,10,13,15,27,29
770,222,0.41715774752814549,0x1.ab2b668ba029ep-2,8,11,15,16,27,29
771,222,0.35037848984850717,0x1.66c99e6c7c1d8p-2,4,5,22,23,24,26
772,222,-0.36226323669534666,-0x1.72f5224899364p-2,2,4,6,11,19,23
773,222,-0.10622464258799191,-0x1.b3189c5f1d8c8p-4,1,3,13,17,18,22
774,222,-0.27767546013981292,-0x1.1c56f4b0cf1a2p-2,1,3,21,23,26,28
775,222,-0.27916419409351412,-0x1.1ddd37ef6223cp-2,8,10,13,15,26,28
776,222,0.047442996479698185,0x1.84a72cc9bed90p-5,6,7,22,23,24,27
777,222,0.2618245791379229,0x1.0c1bbe12bed0ap-2,10,11,13,14,18,22
778,222,0.42797408229447043,0x1.b63ed67bf621cp-2,1,2,15,17,19,20
779,222,-0.14932575542998461,-0x1.31d1b3a02da04p-3,7,9,16,17,18,21
780,222,0.37009782991075391,0x1.7afaecef26272p-2,0,2,7,10,20,22
781,222,0.40018799790578286,0x1.99cae1ed07392p-2,7,10,15,17,24,25
782,222,-0.043723199656395595,-0x1.662e321338ea0p-5,0,2,12,15,20,23
783,222,-0.26465046809995219,-0x1.0f00884571090p-2,6,8,21,22,26,29
784,222,0.38605438178794105,0x1.8b51d70106ddap-2,0,3,7,8,20,23
785,222,-0.012467086856835952,-0x1.98858129cad00p-7,2,4,7,9,18,20
786,222,-0.16619129594584969,-0x1.545c1a27bcfe4p-3,6,9,18,22,26,27
787,222,0.29427504668437954,0x1.2d5670162733cp-2,13,14,21,23,24,25
788,222,0.28423200306467344,0x1.230db6d68eb04p-2,1,3,21,22,26,29
789,222,-0.07614903431552833,-0x1.37e80cc01d648p-4,6,10,14,17,21,22
790,222,0.031609283780522635,0x1.02f17902cb640p-5,7,11,21,22,25,26
791,222,0.28151341884578351,0x1.20450dbd4fa84p-2,0,5,7,10,21,22
792,222,0.31612939668025108,0x1.43b76cb02efdap-2,9,11,19,21,26,29
793,222,0.47873522064924146,0x1.ea3990d087000p-2,0,2,16,17,18,19
794,222,-0.33570964139339998,-0x1.57c444aaf237cp-2,1,4,19,22,24,27
795,222,0.23080719817048012,0x1.d8b171be96bd4p-3,8,11,21,22,26,29
796,222,0.13362508961750585,0x1.11aa07eea8764p-3,0,1,8,9,19,20
797,222,-0.1592772245626759,-0x1.46332333f4690p-3,9,10,21,23,26,28
798,222,-0.21272059566954749,-0x1.b3a6db0cb0d60p-3,9,11,12,14,25,26
799,222,-0.095141360193266578,-0x1.85b2f2686ebd8p-4,0,3,8,10,21,23
800,222,0.38777056881929117,0x1.8d13ba5db87f4p-2,7,8,15,16,24,29
801,222,0.17376315152925792,0x1.63ddef688b608p-3,8,11,20,22,24,25
802,222,0.33629898630003596,0x1.585ec2ef58af6p-2,6,8,16,17,24,29
803,222,0.013757596173754272,0x1.c2cf14d1a50c0p-7,8,11,20,23,25,27
804,222,0.37922009087307385,0x1.8452458124dd4p-2,8,9,20,23,24,28
805,222,0.35225929273370749,0x1.68b6a8f80371ep-2,9,10,21,22,26,29
806,222,-0.25801381693471559,-0x1.0834c6269a5a2p-2,8,11,12,16,19,21
807,222,-0.056727387264615792,-0x1.d0b5f422d9830p-5,0,3,10,11,25,28
808,222,0.07671078703686629,0x1.3a3517192e208p-4,8,11,22,23,25,27
809,222,0.36129099300297896,0x1.71f6441d260d2p-2,9,10,22,23,24,27
810,222,0.059317786596983391,0x1.e5ee6a302a320p-5,3,4,6,7,18,22
811,222,0.032460642536964013,0x1.09eae6c34f1c0p-5,9,11,13,16,20,21
812,222,-0.33320564295349486,-0x1.5533dc2d4fc88p-2,7,11,14,15,24,27
813,222,-0.38989868793179205,-0x1.8f419a05ae720p-2,7,9,12,16,27,29
814,222,-0.27620987695504151,-0x1.1ad6c3116a95ep-2,0,4,13,15,22,23
815,222,-0.33959905401459434,-0x1.5bbfdabafb1b0p-2,7,11,21,22,24,26
816,222,-0.025009144582985532,-0x1.99bff4856e520p-6,8,11,21,22,25,29
817,222,0.040419288710916712,0x1.4b1d646482d20p-5,2,5,7,9,24,25
818,222,-0.04504881245457093,-0x1.710a3506e9a20p-5,7,10,15,17,27,29
819,222,0.42634900272838627,0x1.b494d53d9a3fcp-2,1,5,6,9,20,23
820,222,-0.07219617081262808,-0x1.27b72c0896308p-4,3,5,14,17,25,26
821,222,0.27540442682257593,0x1.1a039e3981a08p-2,6,10,19,23,26,28
822,222,0.11696539918993132,0x1.df171c448ca80p-4,9,10,12,17,24,27
823,222,-0.099175348755500381,-0x1.9638e3f7969a8p-4,8,10,19,23,26,27
824,222,-0.48245173266748109,-0x1.ee07d3b6d24b8p-2,2,5,14,15,25,27
825,222,0.23856014482470655,0x1.e89238a135880p-3,13,16,20,23,27,28
826,222,-0.21923871675852213,-0x1.c1003a73f5790p-3,6,9,20,21,28,29
827,222,0.09453135590508932,0x1.83334fa0f13c0p-4,1,5,16,17,24,26
828,222,-0.2175842281673418,-0x1.bd9cccc0d544cp-3,6,8,16,17,25,27
829,222,0.14413737030334106,0x1.27317e5caca10p-3,10,11,12,14,26,28
830,222,0.38807931216118063,0x1.8d64a9c7f21eep-2,6,10,19,22,24,26
831,222,-0.37186526914910711,-0x1.7cca3fc60dfb0p-2,1,2,6,11,21,23
832,222,0.24506302779123268,0x1.f5e39ace93a08p-3,0,4,13,16,25,29
833,222,0.29591438815725823,0x1.2f042e6e34812p-2,1,2,14,17,28,29
834,222,0.20038793554808387,0x1.9a64fd6d892acp-3,2,4,14,16,18,19
835,222,0.25203179973130574,0x1.02149fc597880p-2,3,4,19,23,24,26
836,222,-0.032691012393317842,-0x1.0bce05a3471d0p-5,1,5,6,10,24,28
837,222,-0.43488972857410346,-0x1.bd53bba65e4d2p-2,2,3,6,10,24,29
838,222,0.41335070997916679,0x1.a74568948e3c6p-2,1,3,19,21,24,28
839,222,0.045792955950449521,0x1.7722ca06381c0p-5,4,5,12,13,21,22
840,222,-0.12963782378330979,-0x1.097f8e2bca9a0p-3,7,9,12,14,19,22
841,222,-0.056922723344102422,-0x1.d24f9a65308b0p-5,8,10,12,15,26,27
842,222,0.075549501620007842,0x1.357364eafe160p-4,6,10,13,14,25,28
843,222,0.20030132015542157,0x1.9a37941b4e278p-3,3,4,13,16,21,23
844,222,-0.42146519168516394,-0x1.af94923ac2b6cp-2,2,4,12,17,24,25
845,222,-0.39826077041831642,-0x1.97d1abe0e7de2p-2,0,5,7,10,18,20
846,222,-0.48160907164635547,-0x1.ed2aedb0b64a4p-2,3,5,12,17,21,22
847,222,0.11175854302877397,0x1.c9c35375b7100p-4,8,9,13,16,28,29
848,222,-0.28212192248125223,-0x1.20e491ba2a9fep-2,3,5,13,17,26,28
849,222,0.31053930685642273,0x1.3dfe041c488b6p-2,0,3,7,8,22,23
850,222,-0.26939386437973967,-0x1.13dbfc3504236p-2,10,11,12,14,28,29
851,222,0.12194602588707604,0x1.f37dad10fe9c8p-4,9,11,21,23,25,26
852,222,-0.1541340355845825,-0x1.3baaa0104a4e4p-3,1,4,14,15,24,29
853,222,0.062395199914062283,0x1.ff2437e1dd6d0p-5,6,7,15,17,18,22
854,222,-0.3711765711455377,-0x1.7c15b608722d8p-2,0,2,14,16,25,28
855,222,-0.18971578102036379,-0x1.8489b51823f68p-3,2,5,12,15,24,27
856,222,0.22624774823780813,0x1.cf5afabbccdb4p-3,2,5,18,20,27,28
857,222,-0.21535067899141436,-0x1.b909c6db84228p-3,7,10,19,20,24,27
858,222,0.26803355284436003,0x1.1277633ec9f28p-2,10,11,18,21,25,29
859,222,0.47402725526499845,0x1.e567669b1a6e8p-2,8,11,19,23,26,28
860,222,-0.046181205627847222,-0x1.7a5101fb910a0p-5,2,3,12,13,22,23
861,222,-0.084449134823640359,-0x1.59e75603e3738p-4,0,4,7,8,25,29
862,222,-0.47018571505723716,-0x1.e1785d34de6bep-2,8,9,13,16,20,23
863,222,0.049970219052401843,0x1.995b251354260p-5,8,11,18,22,25,29
864,222,-0.47116312912042835,-0x1.e278965a9cf18p-2,3,5,14,17,24,25
865,222,0.018468359579659421,0x1.2e95ea19f22a0p-6,1,5,14,17,19,21
866,222,-0.25042189410836568,-0x1.006e98d5975a6p-2,2,4,14,16,19,23
867,222,-0.49004083447093327,-0x1.f5cd43b707618p-2,1,5,12,13,20,23
868,222,0.13845497674052687,0x1.1b8e48688d51cp-3,6,11,20,21,25,28
869,222,-0.26884384913639037,-0x1.134bcd4f16126p-2,1,2,6,9,28,29
870,222,0.0019903696192946629,0x1.04e1b8d7f9200p-9,15,17,18,20,25,27
871,222,0.40840233764332756,0x1.a23438ef26f46p-2,3,5,6,10,21,22
872,222,0.21816537208736375,0x1.becd7c91e1128p-3,10,11,20,21,24,25
873,222,0.036654877976686095,0x1.2c46d9c4c2750p-5,1,5,6,9,18,23
874,222,0.26196262643380808,0x1.0c3fee453ad9ap-2,2,5,13,14,22,23
875,222,-0.28902059030758998,-0x1.27f5037cf783cp-2,2,3,6,7,20,22
876,222,0.16446735806902668,0x1.50d4432153f34p-3,13,14,18,21,25,26
877,222,-0.47229342897521565,-0x1.e3a0e37e41cacp-2,0,3,12,15,20,22
878,222,-0.25943380599321708,-0x1.09a90400dee68p-2,12,17,20,22,25,27
879,222,-0.46967331121325329,-0x1.e0f20a5ddc1cap-2,12,14,19,22,27,29
880,222,0.094546242942887271,0x1.8342ebd663d38p-4,0,5,8,9,19,23
881,222,-0.18650534489928361,-0x1.7df683a6f915cp-3,0,3,18,19,26,28
882,222,-0.48895506193798788,-0x1.f4b0a2c0f3020p-2,14,15,18,22,27,29
883,222,-0.19096249115603003,-0x1.871757b239034p-3,7,8,22,23,25,26
884,222,-0.37750133373604133,-0x1.828fb5aa5ee74p-2,10,11,13,15,25,26
885,222,-0.014846861115618282,-0x1.e6807f784c800p-7,0,4,16,17,25,27
886,222,0.015069376386614763,0x1.edcb176035400p-7,1,5,13,16,21,23
887,222,0.45963146884675354,0x1.d6a9a1bba3124p-2,3,5,6,7,19,20
888,222,-0.21508519602806175,-0x1.b87e96565aac8p-3,0,4,16,17,25,26
889,222,0.10623954995107054,0x1.b3283e094e428p-4,1,5,6,9,18,22
890,222,-0.050897428515357723,-0x1.a0f3a4dd91130p-5,7,8,20,21,24,29
891,222,-0.2697829462320348,-0x1.1441fb0c5728ap-2,1,2,12,16,19,23
892,222,0.127358356639237,0x1.04d475451a454p-3,0,3,7,8,19,22
893,222,-0.35766340072831448,-0x1.6e3f50846ac16p-2,1,4,12,15,19,22
894,222,-0.041329902806803709,-0x1.5293169cddd80p-5,0,3,14,16,18,21
895,222,-0.21532926542268893,-0x1.b8fe8cc6e5b04p-3,8,11,12,13,27,28
896,222,-0.33531865102013358,-0x1.575dc5bf7b32cp-2,9,11,14,16,26,28
897,222,0.10572483911692121,0x1.b10c87661cd40p-4,2,5,20,21,25,28
898,222,-0.070747103364844688,-0x1.21c7b6f3d1e08p-4,12,17,20,21,24,28
899,222,-0.32928927953631448,-0x1.5131357a20a34p-2,3,5,21,22,25,26
900,222,0.24245820312077404,0x1.f08ded2867bb0p-3,6,10,22,23,24,26
901,222,-0.4575681881575,-0x1.d48cc14f4e458p-2,8,10,12,15,20,23
902,222,0.29205350589158285,0x1.2b101301f22aep-2,1,5,16,17,27,28
903,222,0.1953837717671334,0x1.90255def45900p-3,15,16,19,23,26,27
904,222,0.035896901306838314,0x1.261142247fe10p-5,9,11,12,13,20,22
905,222,-0.34627078512232334,-0x1.6294cf06a47a2p-2,9,11,19,21,24,26
906,222,-0.21570148722583582,-0x1.b9c1b38aab100p-3,8,10,12,13,22,23
907,222,0.47071404533310468,0x1.e202dcd9e4e94p-2,2,3,10,11,19,22
908,222,-0.028039391804955627,-0x1.cb65bbb354360p-6,7,9,12,17,19,20
909,222,0.31623399453740264,0x1.43d2d821afb48p-2,6,11,14,16,24,28
910,222,-0.4441940635539029,-0x1.c6dacf002a59ep-2,0,5,7,9,18,23
911,222,-0.37771044795864028,-0x1.82c687155c06ep-2,2,4,13,16,24,27
912,222,-0.01172210587921152,-0x1.801c26b21b740p-7,3,5,7,10,18,21
913,222,0.026634269866503524,0x1.b4603981e2da0p-6,1,3,13,15,20,23
914,222,0.43163989519140911,0x1.b9ffcf05fbdf8p-2,4,5,20,22,24,25
915,222,-0.34059889182155456,-0x1.5cc5f4b5b5ad4p-2,2,4,6,7,22,23
916,222,-0.22500078406236235,-0x1.cccd3608fa464p-3,3,5,12,13,22,23
917,222,0.42745797191987411,0x1.b5b78ae73dcb4p-2,6,11,15,16,26,28
918,222,-0.25753811936077509,-0x1.07b812a082f14p-2,6,11,18,22,25,29
919,222,-0.34074837586432805,-0x1.5ced246a02766p-2,1,2,20,21,24,28
920,222,0.46082588586631112,0x1.d7e2bdb3c8bd6p-2,1,4,8,11,13,15
921,222,-0.21713338170847363,-0x1.bcb06d2a7654cp-3,3,4,14,16,26,29
922,222,-0.17644800215174228,-0x1.695d91f57d7b8p-3,1,4,9,11,20,22
923,222,-0.43157998851893464,-0x1.b9f01ac130014p-2,7,10,19,21,24,29
924,222,0.42533991245587832,0x1.b38c4e56b9db4p-2,2,5,7,10,14,17
925,222,-0.30026959974749357,-0x1.3379dfbb980f0p-2,12,17,19,20,24,27
926,222,-0.14732154390292307,-0x1.2db6eae879694p-3,0,3,10,11,21,23
927,222,0.12984904503820416,0x1.09ee4bced8eb8p-3,6,11,19,22,24,27
928,222,-0.45107451684417954,-0x1.cde67a679e776p-2,6,8,15,16,24,26
929,222,-0.42518404286255584,-0x1.b363721b80c1ep-2,6,10,13,14,18,23
930,222,0.069111425525900883,0x1.1b1495069e730p-4,8,9,18,21,28,29
931,222,0.45572391507164911,0x1.d2a94a3cf385ap-2,6,8,19,22,24,29
932,222,0.07959815150457128,0x1.4608b6188c078p-4,0,1,14,16,26,29
933,222,-0.049287607348639573,-0x1.93c39ab522c90p-5,3,4,19,22,26,29
934,222,0.33750246488517233,0x1.599a3f04013b8p-2,1,3,12,14,21,22
935,222,0.0011547775121225623,0x1.2eb7ce984ac00p-10,6,10,13,17,24,28
936,222,-0.39192361535809872,-0x1.91546c99f8f3cp-2,3,5,18,21,26,28
937,222,0.4807516849583926,0x1.ec4a2b7192a0cp-2,16,17,19,20,27,29
938,222,-0.0055837929199249459,-0x1.6df07ffa8d000p-8,15,16,18,23,27,28
939,222,-0.07821597784560741,-0x1.405f65adf1d88p-4,2,4,9,11,12,14
940,222,-0.078619409709147381,-0x1.42066d18817c8p-4,7,11,19,20,28,29
941,222,-0.45626363667689684,-0x1.d336c65786730p-2,6,8,13,15,24,28
942,222,-0.30626823260475033,-0x1.399e612b5d4f8p-2,3,5,12,13,20,22
943,222,0.24648265539511027,0x1.f8cbe5ffa03a8p-3,1,3,10,11,14,15
944,222,0.35320602933798007,0x1.69aed76306ccep-2,1,2,12,17,19,22
945,222,0.40204846759637858,0x1.9bb297eeeef66p-2,2,5,19,23,27,28
946,222,0.039091638039798204,0x1.403d1b5db2330p-5,0,3,15,16,18,19
947,222,-0.29673525362427733,-0x1.2fdb5dc78bd04p-2,3,5,6,10,18,19
948,222,-0.32555154019967181,-0x1.4d5d620947b34p-2,6,9,13,17,25,28
949,222,-0.033112701978117554,-0x1.0f425e8280b10p-5,4,5,13,17,24,27
950,222,-0.3021740367338519,-0x1.356d1c55e3878p-2,3,4,7,8,15,17
951,222,-0.29440447597678432,-0x1.2d785df077190p-2,8,9,13,16,25,28
952,222,-0.18196429038466988,-0x1.74a9b1a1efa00p-3,8,11,21,23,24,26
953,222,-0.4384515778014102,-0x1.c0f9734e25894p-2,0,2,12,16,28,29
954,222,-0.32581039774919685,-0x1.4da13dac1e430p-2,0,4,8,11,12,13
955,222,0.38435045797424405,0x1.89932a9cced94p-2,13,15,22,23,25,26
956,222,-0.015763020671916039,-0x1.0242e691694a0p-6,7,8,18,23,26,28
957,222,0.48449852117363579,0x1.f020615d9ac1ap-2,4,5,7,8,18,21
958,222,0.35014846308534153,0x1.668d5196c8ea0p-2,8,10,20,23,27,28
959,222,0.4135269120341849,0x1.a773994ccf8ecp-2,6,7,15,16,18,23
960,222,0.26690120311752885,0x1.114e8c8a9c820p-2,6,7,16,17,18,20
961,222,-0.32179744223924345,-0x1.498544c96a7eep-2,9,10,13,14,24,26
962,222,0.14970667009382077,0x1.329969205e408p-3,0,2,10,11,12,14
963,222,0.41842706039135713,0x1.ac7824b091b60p-2,6,11,18,20,25,27
964,222,0.47163096412607886,0x1.e2f33a3acf512p-2,3,5,15,16,24,28
965,222,-0.38035691114979253,-0x1.857c4838c8a3ap-2,2,3,7,10,18,20
966,222,-0.004485075262444016,-0x1.25ef139281f80p-8,8,9,13,17,24,26
967,222,-0.38975593420364751,-0x1.8f1c2dfb4e6eap-2,6,8,22,23,26,27
968,222,-0.36147790576008987,-0x1.7227439ddd580p-2,7,8,12,17,28,29
969,222,-0.23979669662423919,-0x1.eb1a87cd84ffcp-3,1,3,12,14,22,23
970,222,-0.4254975273998759,-0x1.b3b59fb2d8672p-2,0,2,12,16,21,23
971,222,0.09427275086669662,0x1.822424de05ce8p-4,0,3,12,17,25,29
972,222,-0.49218075364734926,-0x1.f7fe3b428b430p-2,2,4,7,11,19,22
973,222,0.23034331207659509,0x1.d7be3c01c537cp-3,6,8,19,22,26,29
974,222,0.01283041300400356,0x1.a46d4e1f89000p-7,0,4,16,17,18,21
975,222,0.22883597010446965,0x1.d4a7f3fdfa1fcp-3,7,9,16,17,25,28
976,222,-0.47682881655923437,-0x1.e845d033a630ap-2,7,8,12,15,24,28
977,222,-0.032473392664228551,-0x1.0a05a3ef74f70p-5,7,9,19,21,26,28
978,222,0.4695405314106379,0x1.e0cf3baa38796p-2,13,16,21,23,25,26
979,222,0.0007982332517805224,0x1.a2810db014c00p-11,3,4,6,8,18,22
980,222,-0.46774941867208131,-0x1.def9b41fadabep-2,3,5,6,7,19,21
981,222,0.37031633163418343,0x1.7b3434562c8d6p-2,8,11,12,13,25,28
982,222,0.23987623251466672,0x1.eb443aede7cdcp-3,0,2,7,10,12,17
983,222,-0.46102535866807726,-0x1.d81708186c9b8p-2,10,11,13,14,21,22
984,222,-0.083405051194313073,-0x1.55a088f336658p-4,8,11,13,15,26,29
985,222,-0.030064186902804435,-0x1.ec9256e1d0ec0p-6,2,3,6,11,19,22
986,222,0.020925200863984861,0x1.56d6a757dffc0p-6,6,9,13,14,26,27
987,222,-0.24452495695546372,-0x1.f4c980296faa8p-3,7,9,14,16,25,26
988,222,0.40483043506066108,0x1.9e8bde9c0b414p-2,2,4,12,15,24,27
989,222,-0.24657356067795944,-0x1.f8fb8f195c614p-3,6,11,15,16,28,29
990,222,0.14473410026810318,0x1.286a5a1a23d0cp-3,9,10,19,23,26,27
991,222,-0.082481526098696967,-0x1.51d82611e3a18p-4,7,11,12,15,24,28
992,222,0.15987634725836208,0x1.476d40170761cp-3,1,3,15,17,26,28
993,222,-0.072204697633232784,-0x1.27c01cef3ca28p-4,1,3,12,13,20,22
994,222,0.021931465983180187,0x1.67533c49ab8c0p-6,2,4,9,11,20,22
995,222,-0.30330508294827341,-0x1.36959b8fe4c36p-2,9,10,12,13,21,22
996,222,0.2876319499333867,0x1.2688fd68fe926p-2,7,9,14,17,25,27
997,222,-0.44050642035200316,-0x1.c3141d745c0a2p-2,16,17,20,21,24,28
998,222,-0.37034629742625258,-0x1.7b3c0f4e8fd08p-2,7,10,12,14,24,28
999,222,-0.49988180631253687,-0x1.ffe10427e937ep-2,0,4,12,17,20,22
1000,222,-0.2742677774718465,-0x1.18d9a6fa5a4d8p-2,6,11,21,22,24,29
1001,222,0.14716399275831371,0x1.2d6450c05dac0p-3,0,2,9,11,21,22
1002,222,0.44707837917973425,0x1.c9ceea254d762p-2,0,5,12,15,25,28
1003,222,-0.1957918986324434,-0x1.90fb57cb95b10p-3,7,8,15,16,18,23
1004,222,-0.33646972046336143,-0x1.588b84b5f0066p-2,2,5,13,16,25,27
1005,222,0.3795825883548235,0x1.84b14c4c75c1ep-2,1,3,15,16,26,28
1006,222,-0.40112712971308873,-0x1.9ac111fe9fcfcp-2,2,4,13,16,24,25
1007,222,0.49522395833550348,0x1.fb1bfd44fc92ep-2,8,9,19,21,26,28
1008,222,0.077833734347630967,0x1.3ece95f8c72d0p-4,8,9,19,22,24,29
1009,222,-0.051375934916405352,-0x1.a4df25088e6c0p-5,7,8,15,17,27,28
1010,222,-0.075253149095142802,-0x1.343ca5648ded8p-4,6,9,18,19,27,28
1011,222,0.15682415972374464,0x1.412d0669e3a9cp-3,2,3,13,15,18,22
1012,222,0.38605681989653118,0x1.8b527a9f69d82p-2,10,11,20,21,28,29
1013,222,-0.23266690763012721,-0x1.dc8077b910134p-3,0,2,7,11,20,21
1014,222,-0.15440086857146884,-0x1.3c3685c7e85a0p-3,8,11,19,22,26,29
1015,222,0.15947194036589041,0x1.4699398402610p-3,2,5,6,7,22,23
1016,222,0.32814283598614169,0x1.5004acf3e89f6p-2,2,4,14,16,25,29
1017,222,-0.24169655104268994,-0x1.eefe99f246584p-3,0,3,7,10,14,15
1018,222,-0.27135424665038677,-0x1.15dde33bf9fcep-2,2,4,7,9,22,23
1019,222,0.074730442940267094,0x1.32188c871acb0p-4,16,17,20,21,28,29
1020,222,0.018937328674457743,0x1.3644e9d525420p-6,0,2,14,17,25,28
1021,222,0.35238261296093831,0x1.68d6fcd96290ep-2,1,3,13,14,18,23
1022,222,-0.34979340916106438,-0x1.66303e52cffe4p-2,6,10,13,15,25,26
1023,222,-0.026133318386509785,-0x1.ac2b14f395c00p-6,0,5,13,15,20,23
1024,222,-0.097116312543815475,-0x1.8dc9d5a48a740p-4,0,3,14,16,21,23
1025,222,0.11494948984413744,0x1.d6d546b928c60p-4,7,9,20,21,25,29
1026,222,-0.46093136929961542,-0x1.d7fe64935e902p-2,8,10,21,23,24,28
1027,222,-0.49011864175671616,-0x1.f5e1a94605282p-2,9,11,12,13,24,25
1028,222,0.36265584222045288,0x1.735c0d9829254p-2,0,4,12,14,25,26
1029,222,0.16269393961498135,0x1.4d327aef3ade0p-3,1,5,12,15,27,28
1030,222,-0.15238459178305153,-0x1.381569b0faea0p-3,8,10,20,23,25,27
1031,222,-0.11721983868385966,-0x1.e021e8d96ee40p-4,6,8,13,15,26,27
1032,222,0.42194877960294519,0x1.b0135743ed52ep-2,0,1,15,16,28,29
1033,222,-0.11905176057249967,-0x1.e7a2d1a30aaf0p-4,2,3,12,17,28,29
1034,222,0.33397318042162227,0x1.55fd10be9b9f6p-2,2,4,7,9,12,14
1035,222,-0.022775721403811788,-0x1.75284ca49e940p-6,3,4,6,11,25,29
1036,222,0.28142904800388624,0x1.202eefb548cfep-2,7,11,19,21,26,28
1037,222,0.34311526317564778,0x1.5f599b8864304p-2,0,2,14,16,25,29
1038,222,0.46744723456002568,0x1.deaa7ce429ef2p-2,2,4,7,11,18,22
1039,222,-0.37120993077890163,-0x1.7c1e74c2954e4p-2,12,14,19,21,26,28
1040,222,-0.12884427515023356,-0x1.07df81e0606acp-3,6,10,13,15,27,28
1041,222,0.32210364977007566,0x1.49d58a06bd256p-2,1,5,20,22,24,27
1042,222,-0.30584499665662812,-0x1.392f6e49244c4p-2,0,4,12,13,21,23
1043,222,0.13713712546894063,0x1.18db5967a7030p-3,2,3,10,11,13,15
1044,222,-0.23043584288483587,-0x1.d7eebf4821ec8p-3,2,3,12,14,24,28
1045,222,-0.09134366741095612,-0x1.7624c703a0cc8p-4,1,3,13,14,18,22
1046,222,-0.15160799447933626,-0x1.367e4090cea38p-3,6,11,19,20,28,29
1047,222,-0.06028836505912738,-0x1.ede1dd8843ad0p-5,9,10,13,14,24,25
1048,222,0.014241235630776061,0x1.d2a824a4f7d40p-7,0,1,12,16,20,23
1049,222,0.45597681321027361,0x1.d2eb95f1e3c3ap-2,7,8,12,17,24,29
1050,222,-0.49613442315406975,-0x1.fc0aa987775a2p-2,1,5,8,9,12,17
1051,222,0.2791134484660307,0x1.1dcfea74243b8p-2,7,9,18,21,26,29
1052,222,0.47400184005554535,0x1.e560bd05212aep-2,6,10,13,14,26,27
1053,222,-0.49504403541844633,-0x1.faecd2d8cef16p-2,3,4,14,17,26,29
1054,222,0.25915343778697464,0x1.095f84cfc39c8p-2,6,10,13,17,26,28
1055,222,-0.019433809222496601,-0x1.3e674dc307640p-6,2,5,13,16,24,27
1056,222,0.035917364737241275,0x1.263c2c5cf5640p-5,13,14,18,23,25,27
1057,222,-0.1215728238303585,-0x1.f1f65866f0ad8p-4,6,8,13,16,20,21
1058,222,-0.33872637062996869,-0x1.5adb15f0980dep-2,3,5,12,16,25,28
1059,222,0.40632966687028038,0x1.a014e25a68e32p-2,8,10,13,15,26,29
1060,222,0.27885200742070482,0x1.1d8b61712efa4p-2,0,3,21,23,25,26
1061,222,0.14707859767469655,0x1.2d378b37a2894p-3,1,3,19,22,24,29
1062,222,-0.31983687469545152,-0x1.478351537cbcep-2,6,10,14,15,25,27
1063,222,-0.17477945391184035,-0x1.65f2c53483438p-3,6,7,21,22,25,26
1064,222,-0.24533199671714256,-0x1.f6709f3480038p-3,0,3,8,10,25,26
1065,222,-0.39134979940690695,-0x1.90be0076fecc2p-2,3,4,12,14,19,22
1066,222,0.30836828978925845,0x1.3bc4e59f12c16p-2,1,4,8,11,12,16
1067,222,-0.075197617223551338,-0x1.34026aab657f0p-4,7,10,12,15,24,28
1068,222,0.31474156285917032,0x1.424b9cbcb031cp-2,8,10,12,17,20,22
1069,222,0.19699177444043336,0x1.93706c666bde4p-3,6,9,13,16,24,28
1070,222,0.23673335129431261,0x1.e4d4748d73d18p-3,2,4,12,15,19,22
1071,222,-0.045576546893281389,-0x1.755cf24be1500p-5,3,5,7,10,19,23
1072,222,-0.19849287220478118,-0x1.96836e54de800p-3,7,8,19,20,24,27
1073,222,-0.28779543218905324,-0x1.26b3d884c2bbcp-2,0,1,9,10,12,14
1074,222,-0.19160356463544947,-0x1.8867731f400e8p-3,1,3,8,10,20,22
1075,222,-0.21702114038112441,-0x1.bc759463d2080p-3,1,4,6,9,22,23
1076,222,-0.20295300901738855,-0x1.9fa5d3c2d5f80p-3,2,4,13,15,25,27
1077,222,-0.22528293513242248,-0x1.cd6123b5ecd6cp-3,7,11,21,23,24,28
1078,222,-0.36057848619050281,-0x1.713b7c97514d8p-2,3,5,8,10,18,23
1079,222,-0.047139028364554525,-0x1.8229b5261c7e0p-5,3,4,13,14,24,25
1080,222,0.4467737916888983,0x1.c97f11a00e108p-2,7,11,18,21,25,26
1081,222,-0.38606681679644328,-0x1.8b551980d89fep-2,3,4,8,11,26,29
1082,222,0.15680664283907975,0x1.4123d75650b10p-3,0,1,13,17,26,28
1083,222,0.22543478464387789,0x1.cdb0c09b68fa4p-3,2,4,7,9,18,22
1084,222,-0.070707775239118309,-0x1.219e79e399520p-4,2,5,14,16,19,21
1085,222,0.26133224853955694,0x1.0b9aae53785cap-2,2,5,12,15,25,27
1086,222,0.040539777277644129,0x1.4c1a133307020p-5,1,2,6,11,22,23
1087,222,0.042278404729984231,0x1.5a583db48e000p-5,2,3,12,16,24,29
1088,222,-0.45182771372300223,-0x1.ceabec97778c0p-2,9,10,12,13,27,28
1089,222,0.061314832668944774,0x1.f64a862254a00p-5,1,4,6,11,13,14
1090,222,0.15602997991552592,0x1.3f8ca56776364p-3,8,10,20,22,24,27
1091,222,-0.25022377743283331,-0x1.003aa97305bc8p-2,0,5,9,10,19,21
1092,222,-0.29373016920715156,-0x1.2cc799fa5f802p-2,3,4,18,21,26,29
1093,222,-0.25961167888860515,-0x1.09d7a4d9f1e1cp-2,3,5,7,10,21,23
1094,222,-0.4951927734546353,-0x1.fb13d07cd0128p-2,0,1,12,14,26,28
1095,222,0.39730138918993896,0x1.96d62ce4e7956p-2,7,9,18,22,26,27
1096,222,-0.48606423716369107,-0x1.f1bad2c97e32ep-2,3,5,6,10,24,25
1097,222,0.2111460995862402,0x1.b06d5dc334f68p-3,0,5,7,10,25,27
1098,222,0.34466779475494702,0x1.60f09829d3e78p-2,12,16,21,23,24,25
1099,222,-0.19761981506985904,-0x1.94b9b2962205cp-3,6,10,18,20,28,29
1100,222,0.10778085120152459,0x1.b97869f0babd0p-4,6,10,13,15,20,22
1101,222,-0.16247683070878349,-0x1.4cc0a71204004p-3,2,5,12,16,19,23
1102,222,0.37891026491326596,0x1.84010d6faf482p-2,2,5,13,14,24,28
1103,222,0.18586817146303292,0x1.7ca873ae688b4p-3,2,5,15,16,18,20
1104,222,0.10165178759941074,0x1.a05d9ff51c4b0p-4,1,2,9,11,20,22
1105,222,-0.024141848853026171,-0x1.8b8a40d27a6e0p-6,12,16,19,23,24,27
1106,222,0.10074723679734132,0x1.9ca922734fa98p-4,7,11,19,21,28,29
1107,222,-0.069766458547043553,-0x1.1dc36f1d13a08p-4,0,4,8,9,21,22
1108,222,0.40006822389842844,0x1.99ab7c07400eap-2,16,17,18,21,25,28
1109,222,0.12799265864823284,0x1.062103d82d924p-3,2,3,14,15,18,22
1110,222,-0.14176136816554719,-0x1.2253c8c0dba10p-3,1,4,20,21,24,29
1111,222,0.35815618240847313,0x1.6ec07e8937e9cp-2,9,11,13,14,24,26
1112,222,-0.10787308776782101,-0x1.b9d921814d1f8p-4,4,5,13,14,22,23
1113,222,0.49370596800473088,0x1.f98e0ea9ae6e0p-2,3,5,12,14,24,28
1114,222,0.39091108228724269,0x1.904afea8454bep-2,0,3,12,16,19,21
1115,222,-0.40651667444557027,-0x1.a045e83816f0ep-2,2,3,7,10,18,22
1116,222,0.27235736773526209,0x1.16e4d98cfd89ep-2,1,3,10,11,24,28
1117,222,0.47254995560010205,0x1.e3e422b41d610p-2,9,10,13,14,18,22
1118,222,0.35027315425017747,0x1.66ae0178af62ep-2,8,9,20,23,25,28
1119,222,-0.17825541410061263,-0x1.6d112caf2d324p-3,2,5,12,17,24,28
1120,222,0.41319960811125933,0x1.a71dcc4e3b43ap-2,7,8,18,23,26,27
1121,222,0.45307270103118769,0x1.cff24a468eae4p-2,1,4,6,8,20,23
1122,222,-0.4391120999297583,-0x1.c1a69a31e79fep-2,3,5,14,16,21,23
1123,222,0.25928415213377798,0x1.0981c8e724856p-2,8,9,19,20,24,28
1124,222,0.27858683491760372,0x1.1d45de0444df8p-2,0,5,7,10,25,28
1125,222,0.22986409293860166,0x1.d6c2fc4d9167cp-3,1,5,19,22,24,27
1126,222,-0.13434224154982,-0x1.1322066f6c274p-3,4,5,16,17,24,25
1127,222,-0.04214040511557493,-0x1.5936d5b9f8820p-5,6,7,14,15,25,27
1128,222,0.43343699513640044,0x1.bbd6e85bf30c2p-2,0,1,8,10,26,29
1129,222,0.24800583269523435,0x1.fbea7b65256f8p-3,0,5,12,17,20,21
1130,222,0.21522756852698166,0x1.b8c93b402afa4p-3,0,4,12,17,25,26
1131,222,-0.26116981216329704,-0x1.0b701967c679cp-2,3,5,15,17,18,19
1132,222,-0.2065252906667282,-0x1.a6f6bb49af164p-3,6,10,14,15,19,23
1133,222,-0.23346158196199474,-0x1.de211b1b318b0p-3,1,4,13,14,24,26
1134,222,0.3593802440427537,0x1.70015febf7efep-2,3,4,12,17,20,21
1135,222,0.24540625069416433,0x1.f6978d67b92a8p-3,16,17,19,21,24,26
1136,222,-0.46872357974816348,-0x1.dff912f787968p-2,10,11,18,23,26,28
1137,222,0.46563520925434532,0x1.dccf79ee74412p-2,8,10,12,13,24,27
1138,222,0.40600657744988355,0x1.9fc030306ebc8p-2,0,1,8,10,19,22
1139,222,-0.073040133962394505,-0x1.2b2c21aa9f830p-4,6,9,19,23,26,27
1140,222,-0.47274423807432453,-0x1.e41710c79b4d4p-2,8,9,18,20,25,27
1141,222,0.13699300707069906,0x1.188fca2931de0p-3,4,5,21,23,24,26
1142,222,0.29455571376845779,0x1.2da00355f11d4p-2,2,4,13,17,20,22
1143,222,0.22157629548081659,0x1.c5c9caf545824p-3,3,4,7,11,15,16
1144,222,0.084097113646719568,0x1.5876370ccf7c8p-4,6,10,13,14,27,28
1145,222,-0.061056180854136555,-0x1.f42c177f96f60p-5,3,5,12,13,24,25
1146,222,0.25684625173121212,0x1.0702b42d2498ep-2,2,4,6,11,19,20
1147,222,-0.086959320180396205,-0x1.642f74c41d780p-4,3,5,13,15,24,26
1148,222,0.19839602959012836,0x1.9650a855f7800p-3,15,16,18,20,25,29
1149,222,-0.19179827129166149,-0x1.88cd883504240p-3,0,4,7,8,25,27
1150,222,-0.2841227865074476,-0x1.22f11570643a0p-2,8,10,21,22,24,29
1151,222,-0.25178103582969813,-0x1.01d2e34a90f48p-2,1,2,6,11,19,22
1152,222,0.016998750592487677,0x1.1681ed7786ae0p-6,3,4,16,17,24,26
1153,222,-0.35121292320321706,-0x1.67a45c4c5c8bcp-2,2,5,15,16,25,27
1154,222,-0.39516896229284348,-0x1.94a72c25c4a0ep-2,12,17,19,21,24,26
1155,222,0.29166557874077581,0x1.2aaa61a83dff8p-2,0,4,14,15,18,22
1156,222,0.39415938538862394,0x1.939e84969f55ap-2,6,10,19,23,24,27
1157,222,-0.11652377561850724,-0x1.dd4808d7ce908p-4,0,5,14,17,18,22
1158,222,0.22065197143419457,0x1.c3e52e48dcc20p-3,0,1,13,14,26,28
1159,222,-0.48075935693404892,-0x1.ec4c2e4d1c658p-2,8,10,15,17,19,22
1160,222,-0.27212233932983854,-0x1.16a73d0fbb0e2p-2,1,4,8,11,12,15
1161,222,0.011871713154552377,0x1.850325df869c0p-7,1,4,16,17,18,19
1162,222,-0.36336488644406117,-0x1.7415ecbf2b012p-2,0,3,14,16,28,29
1163,222,0.49175118707362586,0x1.f78d9f8900692p-2,6,11,18,19,27,28
1164,222,-0.094702916271459769,-0x1.83e734838c458p-4,7,10,18,21,25,26
1165,222,-0.19300686831572622,-0x1.8b472f5a8e2d8p-3,10,11,19,22,24,29
1166,222,0.48815376323186654,0x1.f3de94820032ep-2,2,4,16,17,18,21
1167,222,-0.40616683349021021,-0x1.9fea32ca3dc74p-2,12,17,19,20,27,28
1168,222,0.36680637951370521,0x1.779c176fe6f0ep-2,6,9,13,14,18,22
1169,222,0.067729809823027232,0x1.156bda62779c0p-4,0,5,18,21,25,26
1170,222,-0.26675824562659223,-0x1.112912d39e420p-2,1,4,6,11,13,16
1171,222,0.4593576454751005,0x1.d661d9c1eeb6cp-2,6,10,14,17,24,29
1172,222,-0.41599843418032967,-0x1.a9fb7e57f786ap-2,6,11,22,23,24,26
1173,222,0.40851216159220027,0x1.a25103183a214p-2,1,5,16,17,19,20
1174,222,0.2134556213735872,0x1.b528388793488p-3,0,5,15,16,20,23
1175,222,0.44531994608426473,0x1.c801f3b2c0ec0p-2,14,16,18,21,26,29
1176,222,0.14970046924118374,0x1.329628dcb1a3cp-3,2,5,18,19,27,28
1177,222,-0.1086054855776627,-0x1.bcd91b0b8e618p-4,8,9,12,13,22,23
1178,222,0.080461594380442869,0x1.499218c72b168p-4,6,10,14,17,18,22
1179,222,-0.35057436698402,-0x1.66fcf7840c900p-2,2,4,7,11,18,20
1180,222,0.1979624133152672,0x1.956d515835e0cp-3,8,11,12,16,21,23
1181,222,-0.2485760907080814,-0x1.fd15762145190p-3,0,5,7,8,25,27
1182,222,-0.20518075340757669,-0x1.a435ce8d3bc40p-3,13,15,20,22,24,25
1183,222,-0.13532004521137275,-0x1.1522ad0568a08p-3,2,5,7,9,21,23
1184,222,0.35052661912489047,0x1.66f07336134e2p-2,0,2,15,16,25,29
1185,222,0.32442394057430768,0x1.4c35ca1b39720p-2,0,4,9,11,25,29
1186,222,-0.13346924925087988,-0x1.115853646f014p-3,12,16,20,23,25,27
1187,222,-0.019214067435906257,-0x1.3acda3d0a9ac0p-6,3,4,18,22,25,29
1188,222,-0.37927731091724792,-0x1.8461457a04826p-2,2,4,6,11,14,15
1189,222,-0.43475982285194792,-0x1.bd31add30e33ep-2,7,9,20,22,24,29
1190,222,0.32188644088960694,0x1.499c996296384p-2,3,5,18,20,25,28
1191,222,-0.25260300445533002,-0x1.02aa5cac07270p-2,2,4,6,7,19,21
1192,222,0.35158445522738979,0x1.6805c163ef38ep-2,0,4,7,11,12,16
1193,222,0.26205923688120436,0x1.0c5941b013f52p-2,9,10,12,13,24,27
1194,222,-0.46948170861835881,-0x1.e0bfd022581e2p-2,0,5,16,17,18,20
1195,222,0.24348294179454755,0x1.f2a72f4121b24p-3,7,8,16,17,27,28
1196,222,-0.11655886411144489,-0x1.dd6cd3d6ae578p-4,8,11,12,15,24,28
1197,222,0.48124095046750126,0x1.ecca6d7f03f78p-2,2,5,12,16,27,28
1198,222,-0.032381021121135278,-0x1.0943ec573e5a0p-5,6,7,18,21,26,28
1199,222,-0.23041376498777755,-0x1.d7e32c095daa0p-3,0,2,12,16,19,23
1200,222,0.080811611895763358,0x1.4b011de3ab690p-4,6,10,15,17,19,22
1201,222,0.048681452735974906,0x1.8ecc67ed876e0p-5,0,2,9,10,12,13
1202,222,-0.32985409251988951,-0x1.51c5456f4c79ep-2,4,5,15,16,20,23
1203,222,0.19224295313345374,0x1.89b6ac64c1d50p-3,1,3,8,10,12,13
1204,222,0.19421815730437364,0x1.8dc23fcf4b18cp-3,14,15,19,23,24,26
1205,222,-0.016339610788292602,-0x1.0bb54b7dc3f60p-6,3,5,16,17,25,28
1206,222,-0.010132895660114993,-0x1.4c08e3bcab300p-7,14,17,21,22,24,29
1207,222,-0.22041355055737943,-0x1.c3682df9e9db0p-3,0,3,10,11,25,26
1208,222,0.3816459783120707,0x1.86ce340e00468p-2,0,1,9,10,20,23
1209,222,0.13676903314967948,0x1.181a5ce3de07cp-3,6,11,13,14,26,27
1210,222,0.20232150733955656,0x1.9e5abd0a68140p-3,13,16,18,23,25,28
1211,222,0.10022313892555534,0x1.9a8393ffcdb88p-4,13,15,18,22,26,27
1212,222,-0.24346841419961507,-0x1.f29f9164c5480p-3,0,3,13,17,26,29
1213,222,-0.15016117510644633,-0x1.3387b3c1b05dcp-3,1,5,6,8,24,27
1214,222,-0.065439597084526957,-0x1.0c0a6415769f0p-4,2,5,15,17,25,27
1215,222,0.42601372179523889,0x1.b43cf0eb07fb0p-2,8,10,13,15,24,26
1216,222,0.050945624974411685,0x1.a158b82475cb0p-5,0,5,8,9,12,13
1217,222,-0.47912894714924892,-0x1.eaa0c75a4aafep-2,9,11,14,16,26,29
1218,222,-0.16628975185436012,-0x1.548fb8aefed64p-3,7,9,12,14,25,26
1219,222,-0.23845468580656537,-0x1.e85aee28efee4p-3,2,3,10,11,20,23
1220,222,0.36091452936746804,0x1.719394112355cp-2,4,5,6,9,16,17
1221,222,-0.49882475165945317,-0x1.fecbea6b402d6p-2,10,11,12,14,27,28
1222,222,-0.015702171160200895,-0x1.0143ade6fe120p-6,1,5,13,15,18,22
1223,222,-0.24099083214887496,-0x1.ed8c99f5b8d18p-3,13,17,20,22,24,27
1224,222,0.37226942314092115,0x1.7d343216c3a08p-2,1,4,19,23,24,27
1225,222,-0.20091169043608426,-0x1.9b77969e74dacp-3,8,11,18,21,25,28
1226,222,-0.2596414468620023,-0x1.09df728bd56c8p-2,2,3,6,7,20,21
1227,222,0.38791173445076521,0x1.8d38bbd4cd7d4p-2,7,8,15,17,24,29
1228,222,0.36736412876197266,0x1.782e4d5b065acp-2,1,2,18,20,27,28
1229,222,0.48660791439611517,0x1.f2495859396dap-2,0,3,8,11,19,20
1230,222,-0.16570460118319463,-0x1.535cef1707420p-3,1,5,14,15,18,23
1231,222,-0.34018709657300983,-0x1.5c5a019935868p-2,3,5,15,16,24,26
1232,222,0.37496018347919902,0x1.7ff58ff5619b6p-2,0,4,9,11,21,22
1233,222,0.4758082459648737,0x1.e73a46de5853ap-2,0,2,7,10,12,14
1234,222,-0.024158486365889353,-0x1.8bd0093730da0p-6,1,4,8,9,18,20
1235,222,0.074291852288461468,0x1.304ca73f02e30p-4,1,3,12,14,26,29
1236,222,0.14749417248910079,0x1.2e116cb987b90p-3,1,5,6,9,16,17
1237,222,0.34974235137427534,0x1.6622dbe4b6f0ep-2,2,3,7,10,19,21
1238,222,-0.44500497610191492,-0x1.c7af626ba8f22p-2,8,9,18,23,25,27
1239,222,0.056705963875768872,0x1.d089068ab4eb0p-5,9,11,18,21,28,29
1240,222,0.26724048973284831,0x1.11a77dae47472p-2,2,3,14,15,24,28
1241,222,0.1262662760729435,0x1.0297e4b291684p-3,9,11,18,22,25,29
1242,222,-0.039426854429150282,-0x1.42fc1b4b6f700p-5,1,4,14,16,26,27
1243,222,-0.14981325326005068,-0x1.32d14a7a13030p-3,8,9,21,23,24,28
1244,222,-0.23092985853223968,-0x1.d8f1c0f086ea0p-3,1,2,12,13,27,29
1245,222,-0.2021934377338197,-0x1.9e1797d442b30p-3,0,3,12,15,19,23
1246,222,0.32641498787741752,0x1.4e3fbb076e54ap-2,2,5,12,16,21,23
1247,222,-0.41336346199648333,-0x1.a748c05a8b812p-2,0,1,12,16,19,23
1248,222,0.20933561711613313,0x1.acb826eb36d30p-3,0,5,7,8,19,21
1249,222,0.2818931109516134,0x1.20a8967204ff0p-2,1,2,12,16,20,23
1250,222,-0.42364528333838802,-0x1.b1d011b42c102p-2,1,3,6,11,19,23
1251,222,0.4289421329725922,0x1.b73c9b43f99e0p-2,7,11,12,14,27,28
1252,222,-0.18381804514516964,-0x1.7875986281578p-3,4,5,7,8,20,22
1253,222,-0.27588226269904215,-0x1.1a80e13f5affep-2,0,3,14,15,25,26
1254,222,-0.13693641245892108,-0x1.18721e29241ccp-3,2,3,12,15,24,28
1255,222,0.39862292774793928,0x1.98309bd873e2ep-2,3,5,16,17,24,28
1256,222,-0.48238913432875807,-0x1.edf76acf8d12cp-2,0,2,10,11,27,28
1257,222,0.18842099281306202,0x1.81e2dd90187a8p-3,0,5,15,17,26,28
1258,222,0.12769009695380518,0x1.058262b3846dcp-3,9,11,12,14,26,29
1259,222,-0.13145292314213819,-0x1.0d3730aedf680p-3,7,9,16,17,25,26
1260,222,-0.23077161717308359,-0x1.d89eca24d3d10p-3,10,11,18,20,28,29
1261,222,-0.22830463846261717,-0x1.d39161ddc6bf4p-3,1,3,8,11,13,16
1262,222,-0.40337761590467991,-0x1.9d0f0590ff06ep-2,3,4,7,8,15,16
1263,222,-0.086828608825171294,-0x1.63a665342e3c0p-4,7,8,12,16,20,21
1264,222,0.24794756218563307,0x1.fbcbee75ae880p-3,13,17,18,21,26,28
1265,222,0.45613449254719396,0x1.d314eba045614p-2,0,4,13,17,18,21
1266,222,0.35471638595324761,0x1.6b3ac5b41919cp-2,6,10,19,20,27,29
1267,222,0.18861575932019581,0x1.8248faae52d68p-3,7,9,14,16,25,29
1268,222,0.21975578551266106,0x1.c20f523f11c18p-3,0,1,14,15,26,29
1269,222,-0.013698271037966947,-0x1.c0dd6d0f56000p-7,0,4,7,8,25,26
1270,222,-0.10804510271910661,-0x1.ba8d806abe8f8p-4,7,9,16,17,28,29
1271,222,-0.17151453416535223,-0x1.5f4303183b1c4p-3,3,4,12,13,22,23
1272,222,0.24792010115098584,0x1.fbbd88b3b749cp-3,2,5,16,17,24,28
1273,222,-0.058813540278734755,-0x1.e1ccef01e4830p-5,7,11,12,15,19,20
1274,222,0.33971237969848034,0x1.5bdd8fe367bd2p-2,1,3,16,17,24,29
1275,222,0.023243295573894596,0x1.7cd17295d5380p-6,0,4,7,11,21,22
1276,222,0.022410286227412812,0x1.6f2b8d9c350a0p-6,1,3,12,15,19,20
1277,222,-0.45122435953590523,-0x1.ce0dc22d76066p-2,1,5,8,10,18,23
1278,222,0.044568233899378695,0x1.6d1a5c6139d60p-5,10,11,13,15,20,23
1279,222,-0.18321858057773055,-0x1.773b4d9ccea14p-3,12,17,20,22,27,29
1280,222,-0.36194355920162902,-0x1.72a155171349ep-2,1,2,14,15,19,22
1281,222,-0.40741241497744674,-0x1.a130b8594003cp-2,1,3,14,16,18,19
1282,222,0.18369515559848826,0x1.78352a6dd5468p-3,0,3,18,22,26,29
1283,222,0.475822242588821,0x1.e73df22a83720p-2,3,5,7,10,12,14
1284,222,-0.20990902625374919,-0x1.ade4c89729144p-3,2,5,13,15,24,28
1285,222,0.34603036255368158,0x1.6255c88a5d458p-2,0,1,18,20,27,28
1286,222,-0.046593002347229184,-0x1.7db09ba9b8bc0p-5,3,4,6,8,20,23
1287,222,-0.49779772890169049,-0x1.fdbeb0169f932p-2,8,11,13,15,26,28
1288,222,-0.26308060831262758,-0x1.0d6500c3a8784p-2,0,1,9,10,18,19
1289,222,-0.027324460278212004,-0x1.bfaf17d1a63e0p-6,3,4,16,17,19,21
1290,222,-0.15606817724656452,-0x1.3fa0ac29c33a4p-3,7,8,16,17,20,21
1291,222,0.08352977084851676,0x1.56235020968b0p-4,3,5,14,16,25,28
1292,222,0.13163077252359834,0x1.0d946f3916ac0p-3,14,15,18,22,25,26
1293,222,0.070050932548361478,0x1.1eedba05979c8p-4,8,11,13,15,24,27
1294,222,-0.38899433935263739,-0x1.8e54883765128p-2,15,17,18,22,26,29
1295,222,-0.39807437783709865,-0x1.97a0cf48be58ep-2,12,14,21,23,24,25
1296,222,0.47681787925416808,0x1.e842f2362dcd6p-2,0,3,13,16,26,29
1297,222,0.064337294069806705,0x1.07868adf16578p-4,2,4,14,16,24,29
1298,222,-0.12163267702230407,-0x1.f2351b1ef8bc8p-4,0,1,16,17,20,21
1299,222,-0.47239198336332777,-0x1.e3bab95dc0952p-2,7,9,14,17,27,28
1300,222,0.25788758208230211,0x1.0813aeac5a1d8p-2,0,4,16,17,25,29
1301,222,0.050941294617033006,0x1.a14fa34cac810p-5,1,2,16,17,27,28
1302,222,0.10554305166011357,0x1.b04de93334208p-4,10,11,13,14,18,21
1303,222,0.46793847025040491,0x1.df2b43291022ep-2,6,10,21,22,25,29
1304,222,0.10795200668162863,0x1.ba2be223c3400p-4,13,16,18,20,25,29
1305,222,-0.1806959690851998,-0x1.7210ba6deb704p-3,1,2,15,16,19,23
1306,222,0.25560232825137019,0x1.05bc9de27bff8p-2,10,11,21,23,24,28
1307,222,-0.22860307971471094,-0x1.d42dd9f91dd40p-3,6,9,20,23,25,28
1308,222,0.0090019494480185758,0x1.26f9d33d5fc40p-7,8,11,12,13,24,28
1309,222,-0.017263525111628542,-0x1.1ad878f128de0p-6,7,11,12,14,24,27
1310,222,0.24387092165310176,0x1.f372990790484p-3,9,10,12,14,24,25
1311,222,0.20233594122129628,0x1.9e624e52ce884p-3,6,8,20,23,24,27
1312,222,0.18713169833671006,0x1.7f3ee7633577cp-3,2,4,6,11,24,29
1313,222,-0.37516569136810207,-0x1.802b6f5c0766cp-2,7,11,22,23,24,27
1314,222,-0.23900076190468156,-0x1.e9793b40cc2a4p-3,1,4,6,8,26,29
1315,222,-0.43818812687689701,-0x1.c0b46369ba224p-2,0,4,14,15,25,29
1316,222,0.27894718981555167,0x1.1da45506468d6p-2,7,9,14,17,26,27
1317,222,0.21062609242838404,0x1.af5cbb95503f0p-3,1,3,13,15,20,22
1318,222,-0.062608297984458994,-0x1.00718f04d2d68p-4,8,9,19,23,27,28
1319,222,0.39436318501255319,0x1.93d3f15980522p-2,1,2,14,16,24,27
1320,222,-0.37073903311870005,-0x1.7ba3035a61c4ep-2,4,5,22,23,25,26
1321,222,0.34192522191670049,0x1.5e21a5373d34ap-2,6,10,18,23,26,27
1322,222,0.42019655085907104,0x1.ae48012f53ac0p-2,1,2,15,16,27,29
1323,222,-0.46811129326307499,-0x1.df58911dd00c6p-2,0,5,7,10,19,20
1324,222,0.028612701675370777,0x1.d4ca5e7c89fc0p-6,1,5,13,17,20,22
1325,222,0.3368251082793069,0x1.58e8ae6220086p-2,3,4,12,17,25,29
1326,222,0.4790403556371613,0x1.ea898e13b4096p-2,4,5,15,16,18,23
1327,222,-0.31997865211440901,-0x1.47a87bd8ff898p-2,6,9,14,16,24,28
1328,222,-0.1899565232103968,-0x1.8507ecf6cddd0p-3,1,3,18,23,26,28
1329,222,-0.44047663314635888,-0x1.c30c4e78102e2p-2,0,3,14,17,26,28
1330,222,0.29922387159828279,0x1.3267be1ac9dbep-2,0,3,10,11,13,15
1331,222,0.27466282882008186,0x1.1941366cd61dcp-2,1,4,9,11,13,16
1332,222,0.12816788820818692,0x1.067ce2c2032b0p-3,6,7,19,20,24,29
1333,222,0.3889084293549655,0x1.8e3e02e4df8aep-2,7,10,19,21,24,26
1334,222,-0.29051223258475634,-0x1.297c09e8286bep-2,6,7,15,16,20,23
1335,222,0.33703338710687603,0x1.591f47bd22f5cp-2,4,5,6,7,19,23
1336,222,-0.35556310332704844,-0x1.6c18bbf1d0d62p-2,1,4,15,17,18,22
1337,222,0.40302009339662026,0x1.9cb14ca313d06p-2,8,9,13,17,25,29
1338,222,0.35640430067011497,0x1.6cf53fbe20a90p-2,6,7,16,17,25,29
1339,222,-0.43209814887479225,-0x1.ba77efe85146ep-2,1,3,8,10,21,23
1340,222,-0.13292186641362636,-0x1.103956e95bc34p-3,0,2,9,11,20,21
1341,222,0.19327384627326938,0x1.8bd32887539b4p-3,0,5,18,23,25,28
1342,222,-0.052489521993517307,-0x1.adfe818b08d80p-5,1,3,12,17,20,22
1343,222,0.42590267787282188,0x1.b41fd4e2f86a4p-2,6,11,18,20,25,29
1344,222,-0.1340457646850709,-0x1.128695fbeae34p-3,3,4,6,8,19,21
1345,222,0.094455091063090246,0x1.82e35770e8238p-4,7,11,14,15,18,23
1346,222,0.11126394015340335,0x1.c7bcb282ed708p-4,3,4,15,17,24,29
1347,222,-0.39239064504657373,-0x1.91ceda6eecee8p-2,3,5,12,13,20,23
1348,222,0.044370469212979713,0x1.6b7b9e45b18b0p-5,6,11,18,23,26,28
1349,222,0.21016762485936324,0x1.ae6c5d1b97794p-3,2,4,6,7,20,22
1350,222,0.33279265679594294,0x1.54c79925266d8p-2,0,5,12,13,20,21
1351,222,0.45932442393817385,0x1.d659244c4623ep-2,16,17,19,21,26,29
1352,222,0.41767597598046813,0x1.abb34044a4db2p-2,12,17,20,21,25,28
1353,222,-0.41860569270999459,-0x1.aca6f8806f770p-2,1,3,8,10,26,28
1354,222,0.35140530317331309,0x1.67d6cab314d54p-2,6,9,14,17,26,29
1355,222,0.40942207058466762,0x1.a33f8a0dafdf8p-2,1,4,6,9,18,20
1356,222,-0.3318935565588087,-0x1.53dbe78cb15dep-2,1,3,15,17,19,22
1357,222,-0.14826512759979804,-0x1.2fa5a0916d5ccp-3,9,10,18,22,26,29
1358,222,0.33435505187761261,0x1.56612bb44454cp-2,3,4,7,11,19,20
1359,222,0.086074325250130479,0x1.608f78bf97de8p-4,6,11,14,15,19,23
1360,222,-0.21271229042801876,-0x1.b3a28056c3c70p-3,8,10,12,13,20,21
1361,222,0.45146189901452327,0x1.ce4c072ea135ep-2,10,11,13,15,28,29
1362,222,-0.19069795197377093,-0x1.868ca5d921d7cp-3,3,5,7,10,19,20
1363,222,-0.39140234676183061,-0x1.90cbc6dbadc98p-2,6,8,20,21,25,29
1364,222,-0.35802134204376479,-0x1.6e9d258d645a0p-2,3,4,6,8,19,23
1365,222,-0.09683958876856269,-0x1.8ca7ab2b814b0p-4,0,1,12,14,27,28
1366,222,-0.02911686088812282,-0x1.dd0cf751b4f20p-6,7,8,12,17,26,27
1367,222,-0.26873924819900052,-0x1.133061a8aa538p-2,14,17,19,22,24,26
1368,222,-0.21221698922166476,-0x1.b29ed222e6ad0p-3,7,9,20,22,27,29
1369,222,0.22544316467312875,0x1.cdb5255b05cc0p-3,2,4,15,16,27,29
1370,222,-0.26619428195712591,-0x1.10953bdd8d5f4p-2,8,9,13,16,27,29
1371,222,-0.030836129679867375,-0x1.f9381a20a7dc0p-6,7,8,18,22,26,27
1372,222,-0.41083772833833132,-0x1.a4b2a53cb44a8p-2,0,4,7,8,21,23
1373,222,-0.28168005701152554,-0x1.2070bca3331dap-2,7,11,12,14,22,23
1374,222,0.030726171158821258,0x1.f76ae7108a360p-6,1,2,19,20,27,29
1375,222,0.2591591416147172,0x1.09610396c7508p-2,6,9,14,17,25,28
1376,222,-0.16590302606509189,-0x1.53c4f73a0e58cp-3,7,8,12,17,27,28
1377,222,-0.48416624220674387,-0x1.efc946806bb44p-2,7,11,12,16,26,27
1378,222,-0.33136221757386364,-0x1.53509dfe706a6p-2,7,11,12,15,26,27
1379,222,-0.0058963216391915152,-0x1.826bdc9b65f80p-8,10,11,20,22,24,25
1380,222,-0.47107284052946419,-0x1.e260eb306e760p-2,7,8,16,17,26,28
1381,222,0.18114754269963085,0x1.72fd7b9d2a594p-3,9,10,14,17,24,29
1382,222,0.094737360121425529,0x1.840b5276e4f48p-4,10,11,12,13,27,29
1383,222,-0.16635576303188448,-0x1.54b2548dc8d8cp-3,6,8,15,16,28,29
1384,222,-0.046608791837787433,-0x1.7dd1b894c7a10p-5,8,11,12,15,25,29
1385,222,0.44761961424736729,0x1.ca5ccbd0f65a2p-2,7,8,12,17,25,29
1386,222,0.43788813278852967,0x1.c065bf2688702p-2,8,9,22,23,24,26
1387,222,-0.046000177332112702,-0x1.78d55d280d4f0p-5,6,7,20,23,27,28
1388,222,-0.33194848064066096,-0x1.53ea4d713beecp-2,7,10,19,23,26,27
1389,222,0.3589378722222033,0x1.6f8d68d9f5f46p-2,6,10,14,15,24,29
1390,222,-0.2078975265919395,-0x1.a9c62dad0da94p-3,1,2,19,20,28,29
1391,222,0.10633690819818331,0x1.b38e54711a6d0p-4,1,3,12,16,24,26
1392,222,0.27700251223395089,0x1.1ba68bebd1922p-2,7,8,12,16,27,29
1393,222,-0.22080179426466218,-0x1.c433bb2a1e66cp-3,0,2,12,14,27,28
1394,222,-0.48997276887203456,-0x1.f5bb6be8f19e4p-2,8,11,13,16,18,20
1395,222,0.27075331977633676,0x1.15405bb6e424cp-2,16,17,18,21,26,29
1396,222,0.33444493894660798,0x1.5678bbec5a850p-2,4,5,6,8,20,23
1397,222,0.37512111504825418,0x1.801fbfe4af6aap-2,1,5,12,15,24,27
1398,222,-0.02357511598224149,-0x1.82413409291c0p-6,10,11,13,15,24,29
1399,222,-0.38956297114568506,-0x1.8ee998733696ap-2,9,11,18,20,25,28
1400,222,0.38846125627455219,0x1.8dc8c99dd95f0p-2,2,4,6,7,14,16
1401,222,-0.13660522366229577,-0x1.17c47ac0bd154p-3,0,1,10,11,26,28
1402,222,-0.40322183916562482,-0x1.9ce62f90ff508p-2,7,9,18,21,25,29
1403,222,-0.17425499064274419,-0x1.64dfccefcd900p-3,1,4,22,23,24,27
1404,222,0.36131557314419971,0x1.71fcb5a8c263cp-2,9,11,18,19,27,29
1405,222,0.38187810282565982,0x1.870b0daac7686p-2,4,5,15,16,19,20
1406,222,-0.1851741459135634,-0x1.7b3c95261b9f0p-3,0,5,8,9,12,17
1407,222,0.22356358884459482,0x1.c9dbb4f54fb80p-3,9,10,12,13,25,28
1408,222,-0.063213797597500343,-0x1.02ec789565488p-4,6,7,15,17,19,20
1409,222,-0.44406244634681913,-0x1.c6b84e51c3ef6p-2,1,5,8,10,18,20
1410,222,0.1323395847239921,0x1.0f080e62d89c8p-3,7,8,21,22,25,26
1411,222,-0.047754780224718019,-0x1.873508695ee00p-5,8,11,22,23,25,26
1412,222,-0.27327331773664443,-0x1.17d4f5ea3176cp-2,4,5,7,9,19,23
1413,222,0.031420858205935098,0x1.016650cd040d0p-5,3,5,7,8,21,23
1414,222,-0.10380767632952104,-0x1.a9323cee8b740p-4,1,3,19,22,26,29
1415,222,-0.4334902991374201,-0x1.bbe4e187b6c28p-2,7,11,18,23,25,28
1416,222,-0.074904934736298778,-0x1.32cf845005ce8p-4,2,3,16,17,19,20
1417,222,-0.15236498157155365,-0x1.380b21a73e64cp-3,6,10,13,14,24,29
1418,222,0.33922295760969323,0x1.5b5d4353f1b10p-2,6,7,18,22,27,29
1419,222,-0.13286119402096319,-0x1.10198799d2048p-3,2,5,12,13,21,23
1420,222,-0.46077667433417302,-0x1.d7d5d72c19838p-2,0,1,20,23,27,28
1421,222,0.39937489706217633,0x1.98f5bba6e6d2ep-2,9,11,12,14,21,22
1422,222,0.26165668531612085,0x1.0befbae8d99a4p-2,9,10,12,13,26,29
1423,222,0.10867674283305462,0x1.bd23d304dc400p-4,1,4,13,14,21,23
1424,222,0.020226312126805035,0x1.4b634d469cba0p-6,6,9,20,21,25,29
1425,222,-0.49935223955266428,-0x1.ff56318840906p-2,0,5,8,9,20,21
1426,222,0.042219091321051616,0x1.59dbda0fb4420p-5,7,10,21,23,25,28
1427,222,-0.21170180686390805,-0x1.b190b787e0728p-3,6,11,18,22,25,27
1428,222,0.47593138151729242,0x1.e75a8e5b0708ep-2,7,11,22,23,24,25
1429,222,0.16875809527528796,0x1.599dd8212412cp-3,4,5,6,9,13,17
1430,222,0.030042739726602208,0x1.ec386226e96a0p-6,2,5,7,10,12,15
1431,222,-0.054796479997680891,-0x1.c0e48c30d4a50p-5,6,11,18,21,28,29
1432,222,0.10426007914219004,0x1.ab0c9de31af18p-4,6,10,14,15,24,26
1433,222,0.19162480497100565,0x1.887295f39f6e8p-3,7,8,15,17,18,22
1434,222,-0.39393103915997663,-0x1.9362a888491bcp-2,1,3,6,10,26,28
1435,222,-0.39622030203005176,-0x1.95bac65cebd7ap-2,0,3,16,17,25,26
1436,222,-0.00071743738713714311,-0x1.7824d0eade400p-11,0,2,13,14,28,29
1437,222,0.39923226150925872,0x1.98d0578ac2f48p-2,8,9,22,23,24,27
1438,222,-0.34414820466565177,-0x1.606863101079ap-2,0,4,14,15,18,23
1439,222,-0.095373708987906758,-0x1.86a69510053f0p-4,1,3,8,11,20,23
1440,222,-0.0064273108058798822,-0x1.a53861b665300p-8,1,3,12,13,24,28
1441,222,0.19027668057375258,0x1.85afc7c20baf8p-3,7,10,18,23,27,28
1442,222,0.4236308933470736,0x1.b1cc4c0200f7cp-2,9,10,19,21,26,28
1443,222,0.30735070619027383,0x1.3aba24bdf57c0p-2,3,4,14,16,25,29
1444,222,-0.034371089931676257,-0x1.19916665e6ce0p-5,0,2,14,17,28,29
1445,222,-0.26460538108011444,-0x1.0ef4b68856bdep-2,8,10,19,20,27,28
1446,222,0.22482249203600679,0x1.cc6fbc1599554p-3,13,16,18,23,26,28
1447,222,0.13024485870507174,0x1.0abdd104e2260p-3,2,3,6,11,18,19
1448,222,-0.33504841371692595,-0x1.5716ee6df6a7ep-2,0,2,9,11,12,14
1449,222,0.11630397572959295,0x1.dc618ec2743e0p-4,0,5,16,17,26,28
1450,222,0.24553295881094483,0x1.f6d9fbe177094p-3,1,4,6,11,19,22
1451,222,-0.19948081408301066,-0x1.988965a553f10p-3,0,1,10,11,18,19
1452,222,-0.26022660411574106,-0x1.0a78d7c8e7ad4p-2,4,5,6,9,24,25
1453,222,0.39590029397606075,0x1.9566e2fc6a764p-2,9,10,13,14,25,29
1454,222,-0.20020932638208755,-0x1.9a0758e95271cp-3,0,5,7,10,21,23
1455,222,-0.24606647170869356,-0x1.f7f1b2c50c2e8p-3,6,7,18,21,25,26
1456,222,-0.2092825819153783,-0x1.ac9c58a797888p-3,6,9,14,17,18,19
1457,222,-0.42768052936966361,-0x1.b5f1e27b1d5c6p-2,7,9,16,17,26,29
1458,222,-0.22041309886578542,-0x1.c367f159e893cp-3,6,8,20,23,25,28
1459,222,-0.31715612186092568,-0x1.44c4930c79b82p-2,2,3,10,11,12,15
1460,222,-0.17897780440063393,-0x1.6e8bea44e2864p-3,8,9,18,19,28,29
1461,222,-0.45322509745233097,-0x1.d01a3d6d22feap-2,6,11,21,23,24,25
1462,222,-0.074609058664634187,-0x1.319944af32fe0p-4,8,9,21,23,24,25
1463,222,-0.17128931509809453,-0x1.5ecceeb401230p-3,0,4,13,17,26,29
1464,222,-0.1493028135781993,-0x1.31c5ac6c27388p-3,6,7,19,20,24,28
1465,222,-0.17815905972052593,-0x1.6cdea837e2db4p-3,9,10,12,17,25,28
1466,222,0.45011894248306639,0x1.ccebfae51978ep-2,9,10,12,17,26,27
1467,222,0.015360085644888777,0x1.f751bcc118600p-7,9,10,20,23,24,28
1468,222,-0.43296156340512992,-0x1.bb5a46ad0010ap-2,1,3,12,14,19,21
1469,222,0.10430197835805333,0x1.ab388d1f4b868p-4,6,10,13,17,20,21
1470,222,0.22718791021288465,0x1.d147e52349928p-3,0,2,12,14,19,21
1471,222,0.49300194261910901,0x1.f8d58051a7778p-2,0,1,14,17,18,21
1472,222,-0.38756808116754971,-0x1.8cdea5a65a36cp-2,2,3,19,20,24,28
1473,222,-0.019525781589452729,-0x1.3fe91056c1240p-6,2,5,7,10,25,28
1474,222,-0.16578159839095796,-0x1.53854d7af131cp-3,0,4,8,11,19,20
1475,222,0.29827146626904755,0x1.316e1343d2758p-2,10,11,19,21,24,28
1476,222,-0.11989607771640398,-0x1.eb18264b5ebd0p-4,1,2,16,17,18,19
1477,222,0.3306365041244036,0x1.529260304ff4ep-2,0,4,12,14,21,22
1478,222,-0.30037991603175429,-0x1.3396caeeed2b6p-2,2,5,12,17,27,28
1479,222,0.31443815834859801,0x1.41fc139ae304cp-2,0,5,12,13,20,23
1480,222,-0.15709297018458557,-0x1.41b9f58afe900p-3,8,10,13,17,24,27
1481,222,-0.43472615537021742,-0x1.bd28da701fa3ep-2,9,11,13,14,21,23
1482,222,-0.48621992686164894,-0x1.f1e3a2f2231e0p-2,8,10,15,17,25,27
1483,222,0.30915317825192745,0x1.3c92a6982f9a4p-2,3,5,19,22,24,26
1484,222,0.079970232105348149,0x1.478eddb8bc6a0p-4,1,2,6,10,21,22
1485,222,-0.37227050782787063,-0x1.7d347ae18b47ep-2,0,4,14,16,27,29
1486,222,0.1377846437079624,0x1.1a2ed5d4ef060p-3,0,1,10,11,12,13
1487,222,0.48433880029859688,0x1.eff682addd8a8p-2,0,3,7,11,20,23
1488,222,-0.12595587323312218,-0x1.01f5272233fb4p-3,1,3,6,8,15,16
1489,222,-0.019013515052301866,-0x1.3784765539980p-6,6,9,18,19,27,29
1490,222,0.1164959441941873,0x1.dd2ad9e6e40c0p-4,2,3,6,7,25,28
1491,222,0.23751087692729689,0x1.e66c1a46c6b30p-3,1,5,8,9,20,21
1492,222,0.40875632279450458,0x1.a2910479be124p-2,8,10,18,22,25,27
1493,222,0.44998191158440981,0x1.ccc80ee82fb8ep-2,0,2,9,11,25,29
1494,222,-0.46067256026374481,-0x1.d7ba8c31fd4f6p-2,0,4,7,9,25,27
1495,222,0.039978254509035804,0x1.478079f55bf10p-5,1,2,9,11,18,22
1496,222,-0.22617155254143573,-0x1.cf3307eb9bac4p-3,2,5,14,15,18,19
1497,222,-0.18234961905397096,-0x1.7573b79232ebcp-3,0,2,12,15,28,29
1498,222,0.29967726934462879,0x1.32de991cc2518p-2,7,8,18,23,25,26
1499,222,0.39495580659524288,0x1.946f4b82c4796p-2,3,5,6,8,22,23
1500,222,-0.45727073014240538,-0x1.d43ec73d84c8ep-2,0,2,9,10,18,23
1501,222,-0.0050045419668037772,-0x1.47fa481431980p-8,1,2,12,15,20,23
1502,222,-0.39362944384681242,-0x1.931398d042480p-2,2,5,9,10,24,27
1503,222,0.27696012793981406,0x1.1b9b6f8f309dep-2,1,4,12,16,19,23
1504,222,-0.27922994692791725,-0x1.1dee74887a14ep-2,0,5,8,9,18,21
1505,222,-0.021397530125241815,-0x1.5e93bf0699000p-6,1,2,12,16,24,27
1506,222,0.33533410145033726,0x1.5761d29bd9d9cp-2,14,15,19,23,24,28
1507,222,-0.15543021603208007,-0x1.3e523275580fcp-3,9,10,14,17,28,29
1508,222,0.040296053525702979,0x1.4a1af3019fd30p-5,0,3,7,8,12,17
1509,222,-0.29910896221197758,-0x1.32499eaa90538p-2,10,11,13,14,24,27
1510,222,0.32466966732600744,0x1.4c76348cac718p-2,6,7,14,15,25,26
1511,222,0.048127343720740789,0x1.8a425aea5da80p-5,4,5,13,14,18,21
1512,222,-0.48333461934071797,-0x1.eeef453c5f398p-2,6,9,14,16,24,29
1513,222,-0.077403793171396895,-0x1.3d0bc2841eb60p-4,6,10,21,22,24,29
1514,222,-0.31285119714415033,-0x1.405c1070fe8a4p-2,8,11,21,23,24,28
1515,222,0.087233820828639064,0x1.654f4a7906ab8p-4,1,3,6,8,21,23
1516,222,0.11741908565116821,0x1.e0f2d5ccc4918p-4,0,4,14,15,19,22
1517,222,0.04335675233243097,0x1.632db32a83960p-5,3,4,8,11,24,25
1518,222,-0.078961587510811393,-0x1.436d39bffca10p-4,2,4,16,17,19,21
1519,222,0.028722013817198189,0x1.d694db8149c00p-6,2,3,7,10,19,20
1520,222,-0.17877235099697597,-0x1.6e2032c7b0384p-3,4,5,14,16,25,27
1521,222,0.1823100418464203,0x1.755ef79bb3bf0p-3,8,10,13,17,20,22
1522,222,0.061477825056109436,0x1.f7a0580172460p-5,0,5,12,17,19,20
1523,222,-0.42364280002258936,-0x1.b1cf6b0d21adcp-2,7,8,20,22,27,29
1524,222,-0.42380560149343693,-0x1.b1fa18791a8aep-2,6,7,14,17,24,26
1525,222,-0.18793199954356243,-0x1.80e27dff4aba0p-3,7,9,14,16,26,29
1526,222,-0.0048004362956477475,-0x1.3a99f4e576700p-8,15,17,18,22,25,27
1527,222,-0.33553114135240181,-0x1.579579bb97ac8p-2,1,5,13,17,18,20
1528,222,-0.40083163057413729,-0x1.9a739b6212b64p-2,6,8,13,16,18,23
1529,222,-0.46860092166668221,-0x1.dfd8eb85bc454p-2,1,3,13,15,24,28
1530,222,0.46509248857523633,0x1.dc4134902efecp-2,2,4,6,7,20,23
1531,222,-0.47679384868220676,-0x1.e83ca58c18a0cp-2,0,2,14,15,25,29
1532,222,-0.30049763689714326,-0x1.33b5a70bfe7a4p-2,1,5,14,15,19,23
1533,222,0.079725142875215926,0x1.468ddf1516720p-4,0,3,10,11,26,28
1534,222,-0.23758678773484188,-0x1.e693e6da43418p-3,6,11,13,16,26,29
1535,222,0.39995108523087142,0x1.998cc6fc43e48p-2,6,8,13,15,25,27
1536,222,-0.1093034854785031,-0x1.bfb502f780f30p-4,1,3,6,8,15,17
1537,222,-0.1541221975416468,-0x1.3ba46b303b714p-3,0,3,12,16,25,26
1538,222,-0.34462701128565409,-0x1.60e5e73b2911ep-2,3,4,6,8,16,17
1539,222,-0.066658630826546217,-0x1.1108a3f656a50p-4,0,2,7,10,18,20
1540,222,0.038970247621235576,0x1.3f3e88619b790p-5,15,17,19,20,27,29
1541,222,-0.25369326457294772,-0x1.03c82aca39a30p-2,7,8,12,16,24,25
1542,222,-0.28352042659655774,-0x1.22532dbfebb56p-2,8,11,15,16,28,29
1543,222,0.16691778820140113,0x1.55d8fe4b90bccp-3,0,4,12,17,19,22
1544,222,-0.086534111041089434,-0x1.6271978e8eff8p-4,7,8,18,21,28,29
1545,222,0.041689006299442055,0x1.55842ed5153b0p-5,0,4,12,16,19,20
1546,222,0.1641054122232789,0x1.50167f94c3c04p-3,1,3,12,13,24,29
1547,222,0.18870363663225742,0x1.82770d5fc6460p-3,0,4,8,11,21,22
1548,222,-0.093901363281717054,-0x1.809eb74584428p-4,2,4,13,17,24,27
1549,222,-0.20640736232273083,-0x1.a6b8e736a354cp-3,1,2,6,9,24,27
1550,222,-0.30531660215909162,-0x1.38a4ea54cbebcp-2,1,4,8,11,15,16
1551,222,0.095415113818224873,0x1.86d1ff964b570p-4,7,11,14,16,18,21
1552,222,0.099141067981781683,0x1.9614f1cac1990p-4,4,5,13,14,21,22
1553,222,-0.34721040609826315,-0x1.638b1fec17782p-2,6,7,14,17,26,27
1554,222,0.16020776801208403,0x1.481b02a16a9c4p-3,8,9,19,23,26,28
1555,222,-0.025983201417383195,-0x1.a9b57215508e0p-6,1,5,14,16,24,28
1556,222,0.43062514503744542,0x1.b8f5cc4b15974p-2,0,4,13,15,18,20
1557,222,0.47813403053969439,0x1.e99bf7a117324p-2,7,10,14,17,19,22
1558,222,0.3650870172831141,0x1.75d95efdb35dap-2,1,2,9,10,18,19
1559,222,0.23728247556651549,0x1.e5f45ac3c6de0p-3,6,10,14,15,27,28
1560,222,0.29040416849493345,0x1.295fb5d93b334p-2,1,4,6,8,13,17
1561,222,-0.28254956623047067,-0x1.2154ac69d5decp-2,2,3,14,16,21,23
1562,222,-0.29091444734269267,-0x1.29e57a1515472p-2,1,3,6,11,22,23
1563,222,-0.42702266337859951,-0x1.b5456dd772966p-2,1,3,10,11,13,14
1564,222,0.096886308707786473,0x1.8cd8a875481a0p-4,0,3,7,11,25,26
1565,222,0.38922540198841227,0x1.8e911a9140304p-2,8,10,13,15,18,20
1566,222,-0.37784409030825172,-0x1.82e98fab7178ap-2,6,10,14,17,24,26
1567,222,0.34341004403935027,0x1.5fa6e1f11155ep-2,6,10,21,23,24,28
1568,222,0.17205543431939196,0x1.605e997c01c54p-3,8,11,12,15,20,22
1569,222,0.21655863810482479,0x1.bb8318629cb78p-3,6,10,13,15,26,27
1570,222,0.20473452428501171,0x1.a34bdab154774p-3,2,4,7,11,19,20
1571,222,-0.39657145831322571,-0x1.9616d40fede86p-2,10,11,14,15,25,27
1572,222,-0.27556091383801284,-0x1.1a2ca3e3f5e70p-2,0,1,16,17,19,21
1573,222,0.14923504726310077,0x1.31a224fb4bd78p-3,6,8,18,21,26,28
1574,222,-0.19673782913995841,-0x1.92eb487056568p-3,0,5,7,8,25,26
1575,222,-0.27646601441824881,-0x1.1b19e8298701ep-2,6,10,18,22,26,29
1576,222,0.49365878069090552,0x1.f981aff9cd7dep-2,14,15,18,23,25,27
1577,222,0.078224513461277678,0x1.406858f0fcb88p-4,0,5,8,10,13,17
1578,222,0.046616119662393873,0x1.7de116ad532f0p-5,3,4,12,14,21,22
1579,222,0.068291595676086669,0x1.17b8eda053c08p-4,1,5,14,16,24,27
1580,222,-0.045952372628692673,-0x1.78711c33a4950p-5,2,5,6,10,14,15
1581,222,-0.23536727789263889,-0x1.e2083d48c7884p-3,1,4,15,17,24,29
1582,222,-0.13006595952303912,-0x1.0a600593cb648p-3,6,10,21,23,25,28
1583,222,0.3137756228951778,0x1.414e659a779f0p-2,1,3,19,22,24,26
1584,222,-0.15289060683365896,-0x1.391eb5e1bab1cp-3,1,4,13,15,20,22
1585,222,0.38639344785826746,0x1.8baab957c27fap-2,6,11,13,16,24,25
1586,222,-0.14498305746057638,-0x1.28ece092235b8p-3,0,2,16,17,27,28
1587,222,-0.4067881724882727,-0x1.a08d1424f26b8p-2,10,11,18,19,26,28
1588,222,-0.13152515780807073,-0x1.0d5d0fdb18608p-3,8,10,12,13,24,25
1589,222,0.44769243067594577,0x1.ca6fe271ae034p-2,0,2,15,17,28,29
1590,222,0.22470481461608871,0x1.cc3209b03d1ecp-3,8,11,12,13,24,27
1591,222,0.22415917970221333,0x1.cb13f7cf5a820p-3,2,3,6,7,20,23
1592,222,0.23214028229737771,0x1.db6c5d44695c0p-3,2,3,6,7,24,25
1593,222,-0.22675666083538826,-0x1.d065cbd381584p-3,1,2,6,11,19,20
1594,222,0.19806719537155126,0x1.95a440f44002cp-3,2,3,6,11,28,29
1595,222,0.022484963816183812,0x1.7064c60f81120p-6,3,4,20,21,25,29
1596,222,-0.19442487327560598,-0x1.8e2ea0c1fb3b8p-3,2,3,13,15,18,23
1597,222,0.29582907193959818,0x1.2eedd0f4bf158p-2,3,4,7,11,18,19
1598,222,0.20617710022928482,0x1.a6402df559e44p-3,0,1,12,15,27,29
1599,222,0.3753230860242357,0x1.8054b1efa1ad2p-2,8,11,18,21,25,26
1600,222,-0.44346167812374038,-0x1.c61ad17248710p-2,4,5,19,23,26,27
1601,222,-0.40449655857568934,-0x1.9e345889b562ap-2,0,4,7,8,20,22
1602,222,0.38668349632124766,0x1.8bf6c22a6928ep-2,1,2,10,11,13,15
1603,222,-0.32046076647920374,-0x1.4826ddfeb7936p-2,1,3,14,17,28,29
1604,222,-0.16827050542519872,-0x1.589e34ed76010p-3,7,9,12,14,26,29
1605,222,0.28635462077215379,0x1.253a254d197aep-2,16,17,18,19,26,28
1606,222,0.016796993311370301,0x1.1333b23c61c00p-6,9,10,12,13,24,28
1607,222,-0.25699827758948202,-0x1.072a8e758028ap-2,9,11,14,16,25,26
1608,222,-0.47895062364093088,-0x1.ea720843bf14cp-2,1,4,12,15,26,29
1609,222,-0.20368357586218799,-0x1.a124dac87bc40p-3,1,4,12,14,26,29
1610,222,0.21681340083289524,0x1.bc08aa0f4b6a8p-3,0,5,7,9,14,17
1611,222,-0.2207638145974099,-0x1.c41fd19eb04c4p-3,8,9,18,20,27,29
1612,222,-0.085135041247749066,-0x1.5cb68f9e716e8p-4,9,11,12,13,20,21
1613,222,-0.40972854376451917,-0x1.a38fe11ed3442p-2,1,2,14,15,24,28
1614,222,-0.38766332814919324,-0x1.8cf79d9109864p-2,8,11,13,16,25,29
1615,222,0.45529441291406181,0x1.d238b2d611d56p-2,1,2,10,11,22,23
1616,222,-0.40906057656479922,-0x1.a2e0c699b7018p-2,12,15,20,22,24,27
1617,222,0.05148850219298029,0x1.a5cb37213e760p-5,1,2,18,21,28,29
1618,222,0.43231093708488511,0x1.baafb7e1ee47ap-2,2,4,14,15,27,29
1619,222,0.25080114402549747,0x1.00d203dd8e3b2p-2,9,11,21,23,26,28
1620,222,-0.30715619115191184,-0x1.3a87270f0ba8cp-2,6,9,13,16,20,23
1621,222,-0.050503588860256521,-0x1.9db9b3cf88a80p-5,7,9,14,16,27,28
1622,222,0.27762311287893027,0x1.1c493bb9b702ep-2,14,15,22,23,24,26
1623,222,-0.25945342192301057,-0x1.09ae2867fa7dap-2,0,3,12,16,26,28
1624,222,0.25485979937775949,0x1.04f9f79d92054p-2,8,10,20,22,27,29
1625,222,-0.012591892667040305,-0x1.9c9c73998f200p-7,2,4,20,22,24,29
1626,222,0.36857203757654322,0x1.796af2be72022p-2,6,8,19,22,26,27
1627,222,0.47271916153586535,0x1.e4107debf4d22p-2,0,1,9,11,26,28
1628,222,-0.36832532413778418,-0x1.792a4615d76e8p-2,1,5,6,8,15,17
1629,222,-0.29548063849892403,-0x1.2e9279fbd0f9ap-2,2,3,14,16,19,23
1630,222,0.37106685922402338,0x1.7bf8f363fc890p-2,7,11,19,23,26,28
1631,222,0.38344897153796353,0x1.88a6d8e1c2f52p-2,1,5,9,10,21,22
1632,222,-0.40858698437425234,-0x1.a264a05dd5af6p-2,0,5,14,17,18,21
1633,222,0.24239578996147049,0x1.f06d343494afcp-3,0,3,15,17,18,20
1634,222,-0.18286957184824171,-0x1.768452742c7bcp-3,7,11,21,22,24,29
1635,222,-0.046866184782335285,-0x1.7fed835db5a40p-5,0,5,13,17,18,21
1636,222,0.34579257944117048,0x1.6217732f98e48p-2,6,9,14,17,24,25
1637,222,-0.09885874216970203,-0x1.94ece788ae5a0p-4,8,11,12,15,20,23
1638,222,0.25230068989829701,0x1.025b1caf7c566p-2,3,4,15,17,24,26
1639,222,-0.28771858674653072,-0x1.269fb3821c5a6p-2,7,9,12,14,24,27
1640,222,-0.24867807985725365,-0x1.fd4aeee1c0790p-3,7,11,15,16,25,26
1641,222,0.37757569979687977,0x1.82a3344991518p-2,6,8,18,23,25,27
1642,222,-0.16484166591427196,-0x1.519881e0f5ab8p-3,3,5,7,10,18,20
1643,222,0.17766186506447557,0x1.6bd9fbe19617cp-3,3,5,6,8,24,25
1644,222,0.033519423766596446,0x1.1297539b772b0p-5,7,9,12,17,27,28
1645,222,0.10746630293997517,0x1.b82e9608c99d0p-4,0,3,14,16,18,19
1646,222,-0.249629007216567,-0x1.ff3d7e31065b0p-3,1,4,6,9,13,17
1647,222,-0.41817384843532723,-0x1.ac35c3ec49ec8p-2,2,4,13,15,18,20
1648,222,0.26890646391764672,0x1.135c3750d651ep-2,8,9,18,19,26,29
1649,222,-0.42167302966511166,-0x1.afcb0e00114c4p-2,0,1,16,17,18,20
1650,222,0.12142198925460568,0x1.f1582f0dd21a8p-4,2,5,13,15,18,23
1651,222,-0.024203943631720071,-0x1.8c8eb295471c0p-6,0,3,16,17,28,29
1652,222,-0.24157318511846282,-0x1.eebdec0d65128p-3,0,1,15,17,27,29
1653,222,-0.16392173705029756,-0x1.4fb6331de0564p-3,0,4,16,17,18,19
1654,222,0.18783446462041653,0x1.80af5b14d9d24p-3,1,2,16,17,24,27
1655,222,-0.35719025991572084,-0x1.6dc3489326aacp-2,6,10,14,17,19,21
1656,222,0.086056742877415937,0x1.607d090423f90p-4,0,3,7,10,26,29
1657,222,-0.11616156844892178,-0x1.dbcc3b98a4988p-4,10,11,19,22,27,29
1658,222,-0.072778860789629474,-0x1.2a1a2aaee7d08p-4,2,5,14,16,24,28
1659,222,0.13793798484315889,0x1.1a7f3aee3857cp-3,2,3,10,11,21,23
1660,222,-0.2109580791071316,-0x1.b00aca14bca4cp-3,0,4,15,17,20,22
1661,222,0.32961462440180223,0x1.51867f005b33ap-2,2,4,13,14,24,25
1662,222,-0.011655554832730175,-0x1.7dede16962400p-7,1,3,12,15,19,22
1663,222,-0.11239484081487894,-0x1.cc5e88589fdf0p-4,2,3,12,17,19,22
1664,222,0.26136231349665351,0x1.0ba28ff38006ep-2,0,1,13,16,26,29
1665,222,-0.31918945402772081,-0x1.46d999a91bceep-2,2,3,7,10,12,17
1666,222,-0.25924522187473487,-0x1.09779456628f6p-2,3,5,6,8,18,23
1667,222,0.24385359279524876,0x1.f36983308aa38p-3,12,14,21,23,24,26
1668,222,0.17402913886222315,0x1.6469639fb6de4p-3,0,4,12,15,25,29
1669,222,0.043608352394921779,0x1.653d57ebcbd60p-5,7,11,12,14,24,26
1670,222,-0.020008025662783702,-0x1.47cfbdf844900p-6,6,11,13,15,24,28
1671,222,0.22502108141439525,0x1.ccd7da4caedc4p-3,0,1,8,11,21,22
1672,222,-0.088649764548771159,-0x1.6b1c03f88fa80p-4,8,11,12,15,26,27
1673,222,-0.17295962093142248,-0x1.6238a75b6ea04p-3,2,5,13,16,21,23
1674,222,-0.4349845878823152,-0x1.bd6c998cdfd3ep-2,1,2,12,14,27,29
1675,222,0.065914915287758502,0x1.0dfccc57ac2b0p-4,1,4,8,11,13,16
1676,222,0.46544361637688836,0x1.dc9d4059e200ap-2,1,2,9,10,12,14
1677,222,-0.47702465921448345,-0x1.e87926fad8d56p-2,8,9,19,22,24,27
1678,222,-0.041250812186578445,-0x1.51ed3928cb1a0p-5,2,4,14,16,21,23
1679,222,0.36340537271301954,0x1.742089bbf8f1cp-2,3,5,7,8,18,23
1680,222,-0.38835035708601606,-0x1.8dabb74c4c254p-2,1,5,14,15,26,27
1681,222,-0.45849584664475429,-0x1.d57fef6ac3a2ep-2,2,5,9,10,21,22
1682,222,0.19543289409745246,0x1.903f1f05b0844p-3,0,2,18,21,28,29
1683,222,0.06559742860217288,0x1.0cafe3a8c4b88p-4,3,4,12,16,24,25
1684,222,0.4601744027408502,0x1.d737f568e9c36p-2,1,3,12,13,20,23
1685,222,-0.078930621426694381,-0x1.434cc15ae3c68p-4,1,2,9,10,20,21
1686,222,-0.02440257718454597,-0x1.8fcfd3bc87040p-6,7,9,18,20,25,29
1687,222,0.49302167081954229,0x1.f8daac418e8d8p-2,12,15,20,23,24,27
1688,222,0.40435923845980615,0x1.9e10592414d22p-2,2,4,12,13,21,22
1689,222,0.088997827268549545,0x1.6c88fc58891f8p-4,10,11,14,15,26,28
1690,222,-0.37990890434210678,-0x1.8506d6fe6f256p-2,2,5,7,9,20,22
1691,222,-0.29696931102275248,-0x1.3018b91b08934p-2,8,11,19,21,24,29
1692,222,-0.095374884594946696,-0x1.86a7d0a31f020p-4,2,4,12,16,24,25
1693,222,-0.34436755928277152,-0x1.60a1e3b3b0fe4p-2,0,4,19,22,26,29
1694,222,-0.027833963768189918,-0x1.c8081b068e200p-6,9,11,20,21,25,28
1695,222,0.12404150641454148,0x1.fc12f2565a3c0p-4,0,1,12,14,19,22
1696,222,0.2239634076674345,0x1.caad53bb75724p-3,12,13,20,23,24,28
1697,222,-0.054462773190689706,-0x1.be28b6b682e40p-5,2,5,6,9,21,22
1698,222,0.30094305976211189,0x1.342a6ade8bb80p-2,7,10,12,17,24,25
1699,222,-0.3963346734541392,-0x1.95d8c1b306852p-2,4,5,6,7,25,27
1700,222,-0.32145736016391924,-0x1.492c1e43d9a08p-2,3,5,7,8,26,28
1701,222,0.013688845963986118,0x1.c08e5cde1e600p-7,9,11,12,14,28,29
1702,222,-0.27352855662133579,-0x1.1817deb4d7c76p-2,8,9,12,13,26,27
1703,222,0.39619953405321939,0x1.95b554a5cbcacp-2,0,5,8,9,16,17
1704,222,0.25608478958824232,0x1.063b1751235f0p-2,0,4,14,16,18,19
1705,222,-0.44255349529126908,-0x1.c52cbe5406a58p-2,1,5,13,14,18,22
1706,222,0.32582318810274991,0x1.4da49804b814ep-2,3,4,6,8,18,19
1707,222,-0.20752529210281134,-0x1.a903053565374p-3,6,8,15,17,27,28
1708,222,-0.089593333661931451,-0x1.6ef96b6048230p-4,2,5,21,23,24,25
1709,222,-0.32366226883474669,-0x1.4b6e1f2e60a9ap-2,4,5,6,9,14,16
1710,222,-0.17915440126132809,-0x1.6ee880b2d09ecp-3,9,11,13,14,24,28
1711,222,0.12179774412869371,0x1.f2e230fc26280p-4,1,4,6,8,19,22
1712,222,0.46125190570869756,0x1.d8526b68f2356p-2,3,4,13,17,24,26
1713,222,-0.17836439106113988,-0x1.6d4a4f5307458p-3,9,10,12,17,24,25
1714,222,0.12018414863727878,0x1.ec4636be50c10p-4,0,2,18,20,27,28
1715,222,0.37388665934757059,0x1.7edc24f93be9ap-2,6,11,15,16,19,20
1716,222,0.16809163020486662,0x1.58406cb3b0984p-3,2,5,9,10,20,23
1717,222,-0.39718482752615392,-0x1.96b79e92c4d86p-2,0,4,7,11,15,16
1718,222,0.1514622307777741,0x1.3631d47e286fcp-3,2,5,6,9,16,17
1719,222,0.3774104905756448,0x1.8277e548c2438p-2,1,2,13,16,20,21
1720,222,0.094935146681975335,0x1.84dab763d73b8p-4,12,17,19,21,26,29
1721,222,-0.26827963794463006,-0x1.12b7e5bc9e9fep-2,15,17,19,22,24,29
1722,222,-0.31141142018392143,-0x1.3ee2a2a529d66p-2,1,2,6,11,18,20
1723,222,-0.28448349562670039,-0x1.234fa437dfae0p-2,2,4,21,23,24,25
1724,222,0.34582378545212789,0x1.621fa162c8826p-2,15,17,18,19,26,29
1725,222,-0.38325006690254659,-0x1.8872b49e251eap-2,2,4,7,11,14,16
1726,222,0.29872020446105141,0x1.31e3b59342336p-2,1,3,12,15,26,29
1727,222,0.44706106876937257,0x1.c9ca6076b7908p-2,3,4,6,8,18,21
1728,222,0.12683104001603174,0x1.03bffe07e4668p-3,1,3,8,10,20,21
1729,222,0.25315998820177688,0x1.033c5f37edf46p-2,7,9,12,16,28,29
1730,222,0.29518627420180399,0x1.2e454f87b3086p-2,3,4,6,7,14,16
1731,222,-0.0027675297679338184,-0x1.6abee3b01e700p-9,7,9,19,20,24,28
1732,222,0.27324812318723579,0x1.17ce5b232156ap-2,3,5,6,8,19,21
1733,222,0.4421866073849281,0x1.c4cc90e5ca328p-2,6,7,14,15,26,29
1734,222,-0.055890621755076308,-0x1.c9db2112eac60p-5,7,9,12,17,27,29
1735,222,-0.01726776550753728,-0x1.1aea42084fc80p-6,0,3,15,16,26,28
1736,222,0.14323249909930524,0x1.2557149ad8d00p-3,6,8,15,17,18,19
1737,222,0.058088255500259312,0x1.dbdbe6b4f8440p-5,7,8,19,23,26,27
1738,222,-0.23754232004440057,-0x1.e67c96800da6cp-3,2,3,21,22,24,29
1739,222,0.1705542851302686,0x1.5d4b90a69e078p-3,8,10,13,15,20,23
1740,222,-0.39168600546215249,-0x1.911622df0b150p-2,6,11,13,15,26,29
1741,222,0.17946437032768903,0x1.6f8b040ad6568p-3,1,4,8,11,18,19
1742,222,-0.47269615876305415,-0x1.e40a763b541cep-2,4,5,15,16,24,25
1743,222,0.47677664591228353,0x1.e8382316c262cp-2,3,4,6,11,21,23
1744,222,0.26110464069600603,0x1.0b5f03d27e220p-2,1,5,12,17,27,28
1745,222,0.31716294272042556,0x1.44c65cc9f30bap-2,1,2,10,11,24,28
1746,222,-0.47209245021011714,-0x1.e36c34095d250p-2,0,3,15,16,25,29
1747,222,0.47059179356111736,0x1.e1e2d0ac71a56p-2,2,4,13,14,18,22
1748,222,-0.13870035284736792,-0x1.1c0eee3b62854p-3,4,5,18,22,25,26
1749,222,-0.3975320798580958,-0x1.9712a64867d0ap-2,6,7,16,17,27,29
1750,222,-0.32143157642017817,-0x1.49255bf2816c6p-2,1,2,9,11,27,28
1751,222,-0.30740515524951739,-0x1.3ac86ac1ac860p-2,1,5,19,23,26,27
1752,222,-0.27667262284221272,-0x1.1b50116b392fcp-2,8,9,12,17,24,29
1753,222,-0.46714181333240945,-0x1.de5a6c6b6d664p-2,0,5,16,17,27,28
1754,222,-0.035594710526358431,-0x1.239784b3e1a90p-5,13,14,18,23,26,28
1755,222,-0.24989004746158183,-0x1.ffc65a6b8c0bcp-3,2,4,6,11,20,23
1756,222,0.27070267458179897,0x1.153314f91300ap-2,2,5,18,23,25,27
1757,222,-0.19529911369807229,-0x1.8ff8fb522b054p-3,3,4,16,17,25,29
1758,222,-0.17530461749759563,-0x1.67061b77eb718p-3,6,11,13,15,20,22
1759,222,0.14721880859694647,0x1.2d810e023d604p-3,7,10,15,17,24,27
1760,222,-0.010451077937853825,-0x1.5675fef9bb540p-7,0,4,15,16,18,20
1761,222,-0.037464943582199761,-0x1.32e9ae6dd3370p-5,12,14,21,22,26,29
1762,222,0.14938901497445289,0x1.31f2de2d934fcp-3,1,2,12,13,21,23
1763,222,-0.32230506455775076,-0x1.4a0a56be715d8p-2,1,2,14,17,24,29
1764,222,-0.015836651673282853,-0x1.0377bb40f4040p-6,0,4,7,9,26,27
1765,222,0.32992382665594022,0x1.51d78d36a23d2p-2,6,7,22,23,26,27
1766,222,0.44231358535343923,0x1.c4edda3ead984p-2,4,5,16,17,24,27
1767,222,-0.24122980069588928,-0x1.ee09e3c679bd0p-3,3,5,6,7,18,19
1768,222,0.22788831781217533,0x1.d2b71c4126650p-3,3,5,13,16,18,20
1769,222,-0.030794738946601452,-0x1.f88a7f2a87580p-6,4,5,6,9,24,26
1770,222,0.18591219480457122,0x1.7cbf8864e7dd0p-3,0,2,16,17,20,21
1771,222,0.1028356753273566,0x1.a53705664a048p-4,10,11,19,21,28,29
1772,222,0.13894991649566679,0x1.1c91c6190beb4p-3,0,5,12,14,19,21
1773,222,0.15063952741571995,0x1.34827f1de2200p-3,1,3,6,8,19,22
1774,222,0.018369472460578851,0x1.2cf726dda11e0p-6,3,5,20,23,24,28
1775,222,-0.16676694352376209,-0x1.5589e843e851cp-3,0,5,22,23,26,27
1776,222,-0.24087505542761101,-0x1.ed4fe6abdec64p-3,0,2,13,16,18,21
1777,222,-0.27610188716503492,-0x1.1aba73fef3698p-2,7,9,12,14,25,27
1778,222,0.148880549973885,0x1.30e849292fc78p-3,9,10,22,23,24,26
1779,222,-0.0039060778009886166,-0x1.fffa38d25e900p-9,2,3,13,16,24,25
1780,222,-0.17295753724710994,-0x1.62378fb095958p-3,3,4,6,7,16,17
1781,222,-0.1724142469960499,-0x1.611ab881b3338p-3,12,14,19,23,24,26
1782,222,-0.088340175063827187,-0x1.69d7632d27208p-4,1,5,8,10,24,26
1783,222,-0.45815792887374795,-0x1.d5275a23a9d26p-2,1,2,19,22,27,29
1784,222,0.30138950454414049,0x1.349f73457fb86p-2,3,5,6,10,20,23
1785,222,-0.027038460169343081,-0x1.baff858a56760p-6,2,5,12,13,21,22
1786,222,-0.20972036324534471,-0x1.ad81deab8d4dcp-3,4,5,12,14,19,22
1787,222,0.40196846333851743,0x1.9b9d9ef03fcd8p-2,10,11,21,23,24,26
1788,222,0.37936820148658346,0x1.8479190a1bde2p-2,0,1,9,11,28,29
1789,222,-0.0037207202776736725,-0x1.e7aea7d202200p-9,3,4,13,16,25,26
1790,222,-0.051883239206027443,-0x1.a90709f336bf0p-5,1,5,6,8,18,21
1791,222,0.48682245801760893,0x1.f2819620936b2p-2,0,4,15,17,27,29
1792,222,-0.21775113489907905,-0x1.bdf44e9877a98p-3,2,3,13,17,25,29
1793,222,-0.10525741994110926,-0x1.af226784ef378p-4,0,1,8,11,20,21
1794,222,0.44153102961944257,0x1.c420b5d189f24p-2,2,3,15,16,25,29
1795,222,-0.37984451546669795,-0x1.84f5f5edfa4cep-2,1,5,6,9,19,21
1796,222,0.4614191518769748,0x1.d87e431c3d188p-2,3,4,6,7,20,23
1797,222,-0.47799783727379608,-0x1.e97843da9946cp-2,7,10,18,23,26,27
1798,222,-0.064295596331795046,-0x1.075ad1b8599c0p-4,0,4,8,11,27,29
1799,222,-0.24659677589523843,-0x1.f907bafe2718cp-3,0,4,12,15,19,20
1800,222,-0.14951705987727337,-0x1.32360012ef8a4p-3,8,11,15,16,18,20
1801,222,0.23773273812566709,0x1.e6e06bfb81950p-3,1,5,6,9,13,17
1802,222,-0.26015675631520752,-0x1.0a668860d43b6p-2,3,5,6,8,18,22
1803,222,-0.25542603743562653,-0x1.058e673554e08p-2,1,5,12,16,21,23
1804,222,-0.4290117604212802,-0x1.b74edbe26f658p-2,0,5,9,10,13,14
1805,222,-0.42523859299091138,-0x1.b371bee79273ap-2,0,5,7,8,18,19
1806,222,0.4740042805021798,0x1.e56160cbaef94p-2,2,3,14,17,28,29
1807,222,-0.019616409536073021,-0x1.41652f5b08360p-6,0,4,8,9,19,23
1808,222,-0.35175502818807258,-0x1.6832785915d78p-2,7,9,20,21,28,29
1809,222,-0.088643992928203241,-0x1.6b15f6a9d0d90p-4,0,1,12,13,27,29
1810,222,-0.055200084575954378,-0x1.c432f7bfaf600p-5,0,1,8,10,20,23
1811,222,0.42864687699198467,0x1.b6ef34f8da394p-2,2,4,6,9,19,22
1812,222,-0.44553556594112242,-0x1.c83a79b3b0198p-2,8,10,12,13,24,28
1813,222,-0.25144360872777483,-0x1.017a6ef11896ep-2,0,1,9,11,13,14
1814,222,0.097079567215587081,0x1.8da34de4cfff0p-4,6,9,13,17,24,29
1815,222,-0.47732762897230829,-0x1.e8c892efa7348p-2,7,11,14,15,22,23
1816,222,0.094642501808623769,0x1.83a7db2146498p-4,12,13,22,23,26,27
1817,222,0.49248473976147566,0x1.f84deb6c37eb6p-2,0,5,14,15,25,27
1818,222,0.21897368953274843,0x1.c0754719d2264p-3,9,11,19,20,24,29
1819,222,-0.28853806047120578,-0x1.27768575801a0p-2,6,11,14,16,28,29
1820,222,0.2325072109818288,0x1.dc2cbd9a024ecp-3,8,9,19,20,27,29
1821,222,0.26018144993761494,0x1.0a6d018a081b8p-2,0,3,8,10,20,22
1822,222,-0.43011235049424112,-0x1.b86f5f3be9f02p-2,0,4,7,8,18,20
1823,222,-0.22491426967774641,-0x1.cc9fda455b6f0p-3,15,17,20,22,24,25
1824,222,0.30808091873683807,0x1.3b799079fc440p-2,0,2,7,10,27,28
1825,222,0.26295487349494029,0x1.0d440ad7f0374p-2,10,11,14,15,25,29
1826,222,0.34142512310241835,0x1.5d9e8c2707d84p-2,3,5,12,14,19,21
1827,222,-0.30373090515891399,-0x1.37053c01c49f2p-2,2,5,9,10,18,20
1828,222,0.42609828205352829,0x1.b4531ba934edap-2,3,5,15,17,24,28
1829,222,0.12099665439505447,0x1.ef9a3018d5b40p-4,0,4,8,11,20,21
1830,222,-0.36012187959852437,-0x1.70c3ca3dcc814p-2,0,5,16,17,19,21
1831,222,-0.16223697298401907,-0x1.4c42e5e958e0cp-3,2,4,9,11,18,23
1832,222,0.075927398721564177,0x1.36ffa5e6124f8p-4,0,2,13,15,20,23
1833,222,0.13469610620951289,0x1.13db8d588c158p-3,1,4,13,17,24,29
1834,222,0.29855547578337394,0x1.31b886d220100p-2,3,4,15,16,18,23
1835,222,-0.3562093833463984,-0x1.6cc2271001228p-2,2,5,13,17,18,20
1836,222,-0.46041591574351259,-0x1.d7774512b4824p-2,2,4,13,16,18,20
1837,222,-0.1777147214553545,-0x1.6bf5b22559150p-3,2,5,21,22,24,25
1838,222,0.13997717277519639,0x1.1eac5a1a0c4f0p-3,1,4,12,17,24,26
1839,222,-0.10605222148845583,-0x1.b263d06f60870p-4,2,5,19,21,24,28
1840,222,-0.074079820291489074,-0x1.2f6e525720c78p-4,3,5,6,7,18,23
1841,222,-0.18253401572895067,-0x1.75d464dfb5074p-3,13,16,20,21,24,25
1842,222,-0.39528327736970603,-0x1.94c523b3d5972p-2,6,9,16,17,24,25
1843,222,0.059916872391962084,0x1.ead6c9ecdddc0p-5,2,5,13,17,25,28
1844,222,-0.044041012032098537,-0x1.68c8b24b8a150p-5,2,3,6,11,25,28
1845,222,0.24302345020892802,0x1.f1b6475677aa4p-3,2,5,6,10,20,21
1846,222,-0.16019165300963822,-0x1.48128fb6260b4p-3,7,11,18,20,27,28
1847,222,-0.076937899028829748,-0x1.3b233c026daa8p-4,0,2,7,11,20,22
1848,222,0.39007397417530387,0x1.8f6f8d486a2acp-2,1,5,9,10,19,22
1849,222,-0.13420197874363948,-0x1.12d87cae196f0p-3,1,3,13,15,26,28
1850,222,0.38635263373296813,0x1.8ba0065a6d1f4p-2,1,4,21,23,24,26
1851,222,0.26866067870697052,0x1.131bc8f312064p-2,2,5,7,10,20,21
1852,222,-0.22213690293781552,-0x1.c6efb66ad2370p-3,7,8,15,16,20,23
1853,222,-0.19622597577444245,-0x1.91deeca49d878p-3,4,5,7,8,19,23
1854,222,0.22102945821536124,0x1.c4ab17b3e68dcp-3,2,4,6,11,13,16
1855,222,-0.27102276524001945,-0x1.1586fde4b5a04p-2,1,4,15,16,26,29
1856,222,-0.40388082544429194,-0x1.9d92ef630f126p-2,4,5,20,22,24,27
1857,222,-0.34579504696352836,-0x1.621818c74efd6p-2,0,4,9,11,20,22
1858,222,0.23324977985858375,0x1.ddb20f8255a40p-3,2,3,7,10,24,28
1859,222,0.021229814957296589,0x1.5bd44c3c45260p-6,9,11,14,16,25,27
1860,222,0.30220890189393912,0x1.35764018c735cp-2,1,5,6,9,14,17
1861,222,-0.43194975425090842,-0x1.ba51095017702p-2,9,10,12,13,26,27
1862,222,0.46550126061680608,0x1.dcac5cca62420p-2,7,11,18,21,26,29
1863,222,0.15154753765173323,0x1.365e8e3007370p-3,0,4,8,9,19,21
1864,222,-0.082749326963995062,-0x1.52f0f55138cf8p-4,14,17,21,22,24,26
1865,222,-0.023554981809007058,-0x1.81ecc121c38c0p-6,7,10,21,23,24,25
1866,222,0.46840261336665423,0x1.dfa4ef471535ap-2,4,5,12,17,19,20
1867,222,-0.34008384813960224,-0x1.5c3ef0b6a1334p-2,2,3,15,17,20,22
1868,222,-0.49995764527676723,-0x1.fff4e59f6541ep-2,0,3,12,15,19,22
1869,222,0.17890652304360555,0x1.6e668b0c1b5a8p-3,8,10,13,15,27,28
1870,222,-0.30920793941466307,-0x1.3ca1018dcc50ep-2,2,4,7,11,14,15
1871,222,-0.026380296415672855,-0x1.b036fb974d6e0p-6,0,2,9,10,21,22
1872,222,0.36710293824674833,0x1.77e9d52824238p-2,0,3,12,16,26,29
1873,222,-0.11492121591682525,-0x1.d6b7a0ffab4a8p-4,2,5,7,9,24,28
1874,222,0.31467050268412444,0x1.4238fbf82d416p-2,13,15,18,23,25,27
1875,222,0.40028130696985031,0x1.99e357ca8ae64p-2,1,2,13,15,27,29
1876,222,0.2415482843615796,0x1.eeb0ddede7344p-3,7,9,12,14,24,25
1877,222,-0.40169036883200759,-0x1.9b54b85501b0ap-2,1,5,15,16,27,28
1878,222,0.058939711902745606,0x1.e2d588e1dac30p-5,0,2,12,16,25,29
1879,222,-0.09864691030007966,-0x1.940ec85971d18p-4,0,3,14,15,28,29
1880,222,0.25212934165863987,0x1.022e31b324bacp-2,6,7,15,16,24,25
1881,222,0.43719756081887062,0x1.bfb0b7a66e9cep-2,0,4,7,11,18,19
1882,222,-0.08449675001723822,-0x1.5a19439f13c40p-4,6,7,21,23,24,26
1883,222,0.4214767193943334,0x1.af9797d74bcecp-2,0,2,12,17,19,20
1884,222,-0.39193698291251644,-0x1.9157edaecf056p-2,8,11,19,20,27,29
1885,222,0.23908181524802352,0x1.e9a3ba0c77f64p-3,1,2,13,14,21,22
1886,222,-0.15181431109761023,-0x1.36ea6be9d5010p-3,1,2,9,11,18,20
1887,222,0.44853644268564585,0x1.cb4d2321989aap-2,3,4,7,11,24,26
1888,222,-0.4787777002211222,-0x1.ea44b39203e74p-2,0,2,13,16,27,29
1889,222,0.28465291016003791,0x1.237c0d6f64f48p-2,3,5,12,15,19,23
1890,222,-0.27834089317671284,-0x1.1d0565255569cp-2,3,4,12,15,19,23
1891,222,-0.020753300217909332,-0x1.5405a66e14520p-6,0,1,9,11,19,22
1892,222,0.12632319777123591,0x1.02b5bc993a91cp-3,2,3,13,17,28,29
1893,222,0.31566035740628473,0x1.433c77fed08d6p-2,0,3,13,16,25,26
1894,222,0.49262742124645265,0x1.f873529d771f2p-2,2,3,6,10,18,23
1895,222,0.092107498124631704,0x1.7945b64296380p-4,0,3,18,23,26,28
1896,222,0.45395479520711157,0x1.d0d9869d1b916p-2,1,2,6,9,24,29
1897,222,-0.40139771029391902,-0x1.9b0800599b4e0p-2,0,3,12,16,28,29
1898,222,-0.23464897366550574,-0x1.e08fa41f776c8p-3,14,16,18,23,25,26
1899,222,-0.013533916892956022,-0x1.bb7ab93894600p-7,1,4,6,9,18,23
1900,222,0.43729611155537418,0x1.bfca8d4731758p-2,14,17,19,21,26,29
1901,222,0.26930833320563208,0x1.13c5904ea2438p-2,0,5,7,9,18,21
1902,222,0.36692226031964381,0x1.77ba7810fd340p-2,2,4,6,11,21,23
1903,222,-0.45928049358452383,-0x1.d64da02e8b89cp-2,4,5,15,16,19,23
1904,222,-0.31263430802760628,-0x1.40233542583a2p-2,14,17,18,22,25,26
1905,222,0.17197212638636306,0x1.6032ec15395c4p-3,4,5,14,15,22,23
1906,222,-0.45506481611149596,-0x1.d1fc82db09592p-2,0,4,7,9,20,21
1907,222,-0.45639464528663942,-0x1.d3591e2e4d73cp-2,9,10,12,13,24,25
1908,222,0.076989516141527936,0x1.3b595bdf67540p-4,2,3,7,10,14,17
1909,222,0.37864322959993646,0x1.83bb0cffef26cp-2,7,9,12,14,24,26
1910,222,0.22862090125411461,0x1.d43731f08c38cp-3,2,4,6,9,20,23
1911,222,0.17464502951639449,0x1.65ac4b117477cp-3,0,2,13,17,20,22
1912,222,0.31920941816860837,0x1.46ded56e6ffc6p-2,8,10,19,20,28,29
1913,222,0.48815135519593345,0x1.f3ddf2e8422a2p-2,4,5,7,9,21,23
1914,222,0.32388202966250057,0x1.4ba7bb14a6716p-2,6,9,13,16,25,28
1915,222,-0.2817402435430042,-0x1.208083afefe6ap-2,3,5,6,10,20,21
1916,222,-0.46155581559397252,-0x1.d8a2167504d50p-2,8,10,13,17,24,25
1917,222,0.46864632436917508,0x1.dfe4d27239906p-2,10,11,12,14,27,29
1918,222,-0.12015838498480558,-0x1.ec2b32dd99430p-4,3,4,6,11,24,25
1919,222,-0.40255936940372306,-0x1.9c3885f926454p-2,2,5,12,15,19,20
1920,222,0.4866502467015692,0x1.f2547138b1bccp-2,2,3,16,17,25,28
1921,222,-0.068844635740386462,-0x1.19fcd53028ee0p-4,10,11,12,15,19,20
1922,222,-0.04117402089864064,-0x1.514c2e268b1e0p-5,9,10,19,23,24,26
1923,222,-0.1452787329982933,-0x1.2987e5784181cp-3,1,5,8,9,20,22
1924,222,-0.43118283380356959,-0x1.b987fe2721b9ap-2,4,5,6,7,21,22
1925,222,0.24958415189020711,0x1.ff25f9cfbf270p-3,8,11,21,22,24,29
1926,222,-0.2863927918805067,-0x1.254426ebbf658p-2,0,1,8,10,19,21
1927,222,0.016842021808598173,0x1.13f08f3773e20p-6,1,5,9,10,12,17
1928,222,0.27851465933582686,0x1.1d32f2653740ap-2,7,9,20,21,24,25
1929,222,0.29960882640551978,0x1.32cca7fc04c2ap-2,7,8,18,19,27,28
1930,222,0.05432801558328193,0x1.bd0e1b45fa0e0p-5,1,4,6,9,19,22
1931,222,-0.077735693788325899,-0x1.3e67c868d7fb8p-4,3,5,7,10,18,23
1932,222,-0.39853245318536579,-0x1.9818e4334d9dcp-2,3,4,16,17,19,20
1933,222,-0.49465000354193667,-0x1.fa8587d0b7322p-2,3,5,12,13,21,22
1934,222,0.020760543406952103,0x1.542407beb91a0p-6,3,5,15,16,19,20
1935,222,0.37599392006507737,0x1.81048cd8b287ap-2,8,10,18,20,25,27
1936,222,0.11613080456226466,0x1.dbabf97a73130p-4,6,11,13,14,21,23
1937,222,-0.46931592520475951,-0x1.e0945a98fc56ap-2,8,10,15,17,26,27
1938,222,0.098434768503932735,0x1.933055f838348p-4,2,5,12,14,24,25
1939,222,0.046001826365259402,0x1.78d8d27971210p-5,6,10,13,17,27,28
1940,222,0.22106749383177193,0x1.c4bf08c1baa8cp-3,0,1,13,15,26,28
1941,222,-0.26531097825405159,-0x1.0fadae5b7bd22p-2,3,4,14,17,19,22
1942,222,0.46781891997037428,0x1.df0bec46e4256p-2,9,10,18,23,25,28
1943,222,0.15737386122429919,0x1.424d3a19a0fd0p-3,10,11,18,19,27,29
1944,222,-0.20603422668901494,-0x1.a5f545cbe3440p-3,6,8,13,15,18,23
1945,222,0.47450653043752122,0x1.e5e50a37decdep-2,7,9,18,19,28,29
1946,222,0.16340180210590727,0x1.4ea59aa137fbcp-3,0,3,7,11,19,22
1947,222,0.036969069714588687,0x1.2ed9c22c680f0p-5,1,2,13,15,20,22
1948,222,-0.48521605055179651,-0x1.f0dc79f274fdap-2,8,9,16,17,24,27
1949,222,-0.23202383391500292,-0x1.db2f4fd475b48p-3,1,4,15,17,18,20
1950,222,-0.40350232045568013,-0x1.9d2fb658de78ep-2,12,15,19,23,26,28
1951,222,0.30910731308662365,0x1.3c86a0a2a55b6p-2,2,3,15,17,25,29
1952,222,-0.32901920208031221,-0x1.50ea68e2c38a0p-2,1,4,6,9,27,29
1953,222,-0.071346322193293288,-0x1.243c0a8829430p-4,0,2,9,10,19,20
1954,222,0.24309052168194989,0x1.f1d97184bb808p-3,8,9,13,17,25,28
1955,222,-0.10844575680541813,-0x1.bc319e2de8688p-4,1,5,12,17,19,20
1956,222,-0.027904068260665826,-0x1.c92e2526b6de0p-6,3,4,20,22,25,29
1957,222,0.18617912359819633,0x1.7d4b7af86ae54p-3,0,4,13,14,26,29
1958,222,0.37054005518461153,0x1.7b6eda2b80f6ep-2,2,5,20,23,24,25
1959,222,-0.1807184823523551,-0x1.721c881be3920p-3,6,7,20,21,25,29
1960,222,0.41506816911681155,0x1.a907a14fde84ap-2,0,2,9,10,18,20
1961,222,0.15905955965575169,0x1.45c104b6b36f4p-3,1,4,12,14,19,21
1962,222,-0.34095075220189941,-0x1.5d2231a903d92p-2,7,8,19,23,26,28
1963,222,0.13003541927289786,0x1.0a500288ca3a8p-3,9,10,12,17,24,26
1964,222,-0.28645284614970923,-0x1.2553e5183c8a2p-2,4,5,12,13,20,23
1965,222,0.26074427555887181,0x1.0b008c2094094p-2,0,3,7,11,19,20
1966,222,0.22352872484984865,0x1.c9c96d9792ce4p-3,0,1,12,15,19,22
1967,222,-0.1939564242019256,-0x1.8d3906965ef90p-3,4,5,19,21,24,26
1968,222,-0.049966949037038466,-0x1.9954497fd6de0p-5,6,9,16,17,26,28
1969,222,0.47170069218548671,0x1.e3058199bfb8cp-2,4,5,14,17,26,27
1970,222,-0.17669756309819085,-0x1.69e0697651278p-3,10,11,14,15,28,29
1971,222,-0.18630871745774324,-0x1.7d8f6cc38693cp-3,10,11,18,19,26,29
1972,222,0.38322721008306526,0x1.886cb6b8f9f1ep-2,2,3,6,10,14,17
1973,222,-0.10902044054853988,-0x1.be8c37ac061b8p-4,4,5,6,7,24,25
1974,222,0.046822374552028423,0x1.7f91a2ed813a0p-5,6,8,15,16,24,29
1975,222,0.24090168872214823,0x1.ed5ddd54e7030p-3,0,2,10,11,20,22
1976,222,0.44550710745576738,0x1.c83303e2a1df6p-2,0,1,19,23,27,28
1977,222,0.17522745555940888,0x1.66dda6f7e9610p-3,13,15,20,22,25,29
1978,222,-0.43492910527434203,-0x1.bd5e0e2ced678p-2,1,5,12,17,26,28
1979,222,0.23257418176056543,0x1.dc4fda4471d84p-3,0,3,15,16,20,23
1980,222,-0.13838039152001069,-0x1.1b672dbfe393cp-3,4,5,6,9,19,22
1981,222,0.10741576301000733,0x1.b7f997533ef28p-4,1,2,12,14,19,22
1982,222,-0.20948638704400824,-0x1.ad0732ea7d5d8p-3,1,5,6,9,19,20
1983,222,0.084604732398605109,0x1.5a8a7debd24a8p-4,0,3,12,17,25,28
1984,222,0.31620869376282945,0x1.43cc3639b05d8p-2,1,4,15,17,24,26
1985,222,-0.3147483589341783,-0x1.424d64d05e2c2p-2,1,5,13,17,26,28
1986,222,0.39956333646704467,0x1.9927219b39f5ap-2,7,8,12,16,27,28
1987,222,0.26338164703093758,0x1.0db3eb21753d8p-2,1,2,13,17,27,29
1988,222,0.2692463863834611,0x1.13b5532055240p-2,0,3,10,11,22,23
1989,222,-0.45195463790734081,-0x1.cecd325459a6ep-2,7,9,21,23,24,28
1990,222,-0.20679738293171923,-0x1.a78562e4b8924p-3,0,2,7,11,19,21
1991,222,-0.16215227932760068,-0x1.4c167e8578a18p-3,0,1,13,15,22,23
1992,222,0.38073665763041209,0x1.85dfd493a4d50p-2,9,11,19,23,24,26
1993,222,0.072448418339603582,0x1.28bfac36a5fc8p-4,6,8,13,17,25,28
1994,222,-0.14800955478686006,-0x1.2f1fa22a70d00p-3,1,2,14,17,21,22
1995,222,0.24687481140446155,0x1.f999804981b34p-3,0,1,18,23,26,28
1996,222,0.28037237751788247,0x1.1f19efc09074ep-2,6,11,18,20,25,28
1997,222,0.30160214172235156,0x1.34d7311c677b8p-2,1,3,19,21,24,26
1998,222,-0.46651321808022339,-0x1.ddb5a41b39a04p-2,7,11,14,15,24,26
1999,222,-0.18241190866460455,-0x1.75945ff0ec5f0p-3,6,9,14,17,25,26
2000,222,0.31348653753737366,0x1.41029d69d651cp-2,9,10,12,13,25,29
2001,222,0.35844598051490217,0x1.6f0c768ec6d16p-2,2,4,13,15,24,25
2002,222,0.38399717715060899,0x1.89368e5679054p-2,7,10,12,14,19,21
2003,222,-0.10134957337900541,-0x1.9f20baf205a78p-4,8,11,12,13,25,29
2004,222,-0.3751747313794781,-0x1.802dce063de4ep-2,3,4,12,16,20,21
2005,222,0.16068696025697538,0x1.49163eb994320p-3,1,4,8,9,21,22
2006,222,-0.21280868063442748,-0x1.b3d5099d09c74p-3,2,5,6,7,19,22
2007,222,-0.27176926943482982,-0x1.164aaef11f22ep-2,6,8,13,15,25,26
2008,222,-0.24261768884051993,-0x1.f0e18af802544p-3,2,4,12,16,24,27
2009,222,-0.32345092995452951,-0x1.4b36b8780fdcep-2,0,2,7,11,19,20
2010,222,0.065475037020250371,0x1.0c2f8d6b4d450p-4,0,4,18,20,27,29
2011,222,0.016165373156064811,0x1.08da7d421b9a0p-6,7,11,12,16,19,20
2012,222,-0.37789473521245964,-0x1.82f6d66445ba6p-2,1,2,10,11,12,15
2013,222,-0.34192209131614693,-0x1.5e20d31fee5d0p-2,8,11,18,23,25,28
2014,222,-0.12065191698129507,-0x1.ee30b45a26608p-4,0,2,7,9,16,17
2015,222,-0.18970434186317775,-0x1.8483b5c1b1424p-3,0,4,14,15,18,19
2016,222,0.37223386439276851,0x1.7d2adfc81f600p-2,13,16,18,23,25,27
2017,222,0.1104472180116477,0x1.c4644d54b5148p-4,1,2,16,17,19,20
2018,222,-0.20152643900560407,-0x1.9cb9e4c6779ecp-3,0,4,18,19,27,29
2019,222,-0.39939570881793651,-0x1.98fb304e24a28p-2,8,9,19,20,24,29
2020,222,-0.17868895524857342,-0x1.6df47997979d4p-3,3,4,6,11,13,16
2021,222,0.041945232978998548,0x1.579d877bc5d50p-5,6,11,19,20,24,28
2022,222,-0.22652584280098931,-0x1.cfecc7f43b918p-3,8,9,18,23,26,28
2023,222,0.31827451596909695,0x1.45e9c134f3338p-2,8,11,19,22,24,27
2024,222,-0.16000251878322136,-0x1.47af668b9ccc4p-3,2,3,6,10,19,23
2025,222,0.34257046104476896,0x1.5ecaca7b0d3c2p-2,1,5,8,10,24,28
2026,222,0.0042121508205702485,0x1.140c2a0529c80p-8,9,10,14,17,24,28
2027,222,-0.057550017256088215,-0x1.d773223ff8e90p-5,8,10,12,15,24,26
2028,222,0.26209807201918334,0x1.0c636fdeab0dep-2,2,4,6,7,18,21
2029,222,0.42629777001450175,0x1.b487671247b1ep-2,0,1,8,9,22,23
2030,222,0.13965296704487862,0x1.1e025ff1fa19cp-3,8,9,16,17,18,21
2031,222,0.49731524323053256,0x1.fd403505e8e18p-2,6,10,18,21,25,28
2032,222,0.0709952603946854,0x1.22cbed190f108p-4,12,15,19,22,24,29
2033,222,0.20427954833863415,0x1.a25d50dad9430p-3,1,5,13,14,18,23
2034,222,0.47469899516865477,0x1.e6177e4ec613ap-2,10,11,12,15,20,23
2035,222,-0.1801174453779254,-0x1.70e16a4ab2b34p-3,1,4,14,15,26,27
2036,222,0.2409024948315156,0x1.ed5e49869bfe4p-3,2,5,13,16,18,23
2037,222,-0.34833359038440681,-0x1.64b18f8b32786p-2,0,3,18,21,26,29
2038,222,-0.36838881257014611,-0x1.793aeab8cde06p-2,7,10,12,14,28,29
2039,222,0.056858265177952561,0x1.d1c86cae4a900p-5,9,11,12,14,24,29
2040,222,0.16443629374632751,0x1.50c3f9bf53d10p-3,8,11,19,20,27,28
2041,222,-0.10783852818278006,-0x1.b9b4e47cb3770p-4,1,4,12,17,19,21
2042,222,-0.099562363342059368,-0x1.97ceb46777408p-4,2,4,9,11,24,25
2043,222,0.042622474814664413,0x1.5d29ceecea060p-5,7,11,14,16,27,28
2044,222,-0.41802268431918965,-0x1.ac0e23788c574p-2,0,4,15,17,19,22
2045,222,-0.28603010819150587,-0x1.24e513a16a5a2p-2,7,10,19,21,26,29
2046,222,-0.46259191279981215,-0x1.d9b1b1c37a23cp-2,0,1,8,9,19,23
2047,222,0.23107151819739646,0x1.d93c062d8f20cp-3,8,10,12,17,24,28
2048,222,0.26283907882640378,0x1.0d25affeae412p-2,14,15,22,23,25,26
2049,222,-0.44681821764613905,-0x1.c98ab700304f4p-2,0,2,14,17,18,21
2050,222,-0.38516313845165484,-0x1.8a6834ad192aep-2,0,3,7,10,20,22
2051,222,-0.11146340868497662,-0x1.c88ddaf00ae20p-4,1,5,8,10,20,22
2052,222,-0.3546429158678186,-0x1.6b278335a4358p-2,1,2,13,17,20,21
2053,222,-0.042244745572005193,-0x1.5a11a7151b780p-5,1,3,12,17,28,29
2054,222,0.031144122684551689,0x1.fe43eb1923000p-6,1,4,12,14,21,22
2055,222,0.44679067400620487,0x1.c9837e940ecb4p-2,0,5,12,14,25,27
2056,222,0.02184746320090547,0x1.65f2e6fcb3720p-6,13,15,18,23,25,26
2057,222,0.32992365256077583,0x1.51d78187b39bcp-2,7,11,14,15,25,26
2058,222,-0.25871519729600945,-0x1.08eca2fd754c2p-2,0,4,13,14,26,27
2059,222,0.37112752755566802,0x1.7c08dac5fcdc0p-2,2,5,13,15,22,23
2060,222,0.33318398181460074,0x1.552e2e85c7718p-2,0,1,14,15,28,29
2061,222,-0.45976048828065175,-0x1.d6cb7414a2312p-2,9,11,21,22,26,29
2062,222,0.33254376775356365,0x1.54865a7bf5f08p-2,6,11,14,15,18,22
2063,222,0.41395117461821007,0x1.a7e2d11481058p-2,9,10,13,17,28,29
2064,222,0.18475493137544163,0x1.7a60cb20420a4p-3,2,4,12,15,20,22
2065,222,-0.25544587029251753,-0x1.05939a2b37ee8p-2,3,4,6,8,24,26
2066,222,0.24246511361440137,0x1.f0918cab28818p-3,7,11,18,23,26,27
2067,222,-0.31036017055158893,-0x1.3dcf0e7a000eep-2,10,11,20,21,25,29
2068,222,0.22383873158357359,0x1.ca6bf5fdd6294p-3,0,5,12,16,19,23
2069,222,-0.16293627769255214,-0x1.4db189002c00cp-3,0,3,8,11,18,21
2070,222,-0.40448291531535163,-0x1.9e30c4f447db6p-2,4,5,13,16,26,27
2071,222,-0.35887778169107565,-0x1.6f7da83e7f2dap-2,7,8,12,16,28,29
2072,222,0.30383328549829225,0x1.372012a29b07ap-2,8,10,13,15,22,23
2073,222,-0.27695428438647096,-0x1.1b99e767b5394p-2,8,11,12,16,24,28
2074,222,-0.12316303523374661,-0x1.f879cd867b088p-4,2,3,13,17,24,29
2075,222,-0.40421679420713841,-0x1.9deb01de74594p-2,0,5,13,14,18,22
2076,222,0.39213605871708901,0x1.918c1d6f16c44p-2,3,5,8,10,19,21
2077,222,-0.18603279358071034,-0x1.7cfec2e34d25cp-3,7,10,12,17,24,27
2078,222,-0.3908198563205828,-0x1.9033149618e7ep-2,6,7,14,17,18,19
2079,222,-0.16949932900126263,-0x1.5b2276d608f1cp-3,9,11,12,14,26,27
2080,222,0.14611695127491398,0x1.2b3f5d38ef93cp-3,1,2,12,16,21,23
2081,222,-0.015800625851670191,-0x1.02e0a0d2832a0p-6,1,3,14,17,18,19
2082,222,0.36097203681209244,0x1.71a2a75383872p-2,7,10,12,14,19,22
2083,222,0.21420063992437655,0x1.b6aed33a0f4c0p-3,3,5,15,16,26,28
2084,222,-0.34846536646126258,-0x1.64d41ae2f5886p-2,8,10,12,17,25,27
2085,222,0.31632744846039373,0x1.43eb57b7dbaa4p-2,2,4,20,22,24,27
2086,222,-0.0023026698803284562,-0x1.2dd0c7a8b3900p-9,1,4,6,11,13,15
2087,222,0.25564308391020563,0x1.05c74cf35f25ap-2,0,5,12,14,27,28
2088,222,-0.10344689835766552,-0x1.a7b7ef5519d80p-4,8,10,12,15,19,23
2089,222,-0.28948345807947529,-0x1.286e5a04bcc1ep-2,8,11,15,16,24,29
2090,222,-0.12840789057904212,-0x1.06fab754aec2cp-3,0,2,12,14,19,23
2091,222,0.33119678819870513,0x1.532540376a2a6p-2,7,8,18,20,27,29
2092,222,0.33581637276308496,0x1.57e03f49ea494p-2,3,4,15,17,18,22
2093,222,0.46167050277225741,0x1.d8c026fbbd280p-2,1,4,6,8,24,27
2094,222,-0.037850313564956495,-0x1.3611dc5cf4650p-5,4,5,21,22,24,25
2095,222,0.076567430045790252,0x1.399ec4ffc4598p-4,1,4,14,15,18,19
2096,222,0.17061790101734575,0x1.5d6ceb07da734p-3,6,11,13,16,26,27
2097,222,0.40857485233944468,0x1.a26172331053ap-2,6,9,14,16,18,19
2098,222,0.34782254517197886,0x1.642b97e14cef6p-2,3,4,18,22,25,26
2099,222,-0.021795063785250757,-0x1.65171f8b002e0p-6,8,9,13,17,26,27
2100,222,-0.21695445265507707,-0x1.bc529db700478p-3,2,3,13,17,21,22
2101,222,0.41873786147402048,0x1.acc99e3282f74p-2,8,10,19,21,26,28
2102,222,0.097129123966182451,0x1.8dd744aec83a0p-4,0,4,9,11,19,20
2103,222,0.37028560280612999,0x1.7b2c2628ed8aap-2,0,3,10,11,19,21
2104,222,0.31162645782052378,0x1.3f1b0193a140ap-2,6,8,18,22,25,26
2105,222,0.43081921610489771,0x1.b928ac2ea2b4ap-2,9,11,13,16,26,27
2106,222,-0.0024127661329648165,-0x1.3c3eff4499100p-9,7,8,12,16,26,29
2107,222,-0.39310342116199448,-0x1.9289b407588e6p-2,13,15,18,22,26,29
2108,222,0.49153184727284338,0x1.f7541fe3ead54p-2,1,2,9,11,22,23
2109,222,-0.22715169113271594,-0x1.d134e7e52b3acp-3,1,5,13,15,20,23
2110,222,0.1655394447531513,0x1.5306582b4d618p-3,6,11,13,15,25,28
2111,222,0.30573431283457919,0x1.39126a6b8ee66p-2,0,5,14,15,25,28
2112,222,0.06439546753880776,0x1.07c38ab16fdb8p-4,1,3,6,11,14,15
2113,222,0.34250130781229304,0x1.5eb8a9af9069ap-2,1,5,14,17,24,27
2114,222,0.46244864212004633,0x1.d98c2307f0da2p-2,10,11,12,14,24,27
2115,222,-0.20729908504645889,-0x1.a88c6c361f428p-3,1,3,6,8,18,19
2116,222,-0.1481290250012951,-0x1.2f5e452fc05dcp-3,1,5,9,10,26,28
2117,222,0.41367226898626985,0x1.a799b40a3b8a2p-2,10,11,12,15,25,28
2118,222,0.04991158798257378,0x1.98e02fc2735a0p-5,12,17,20,22,24,27
2119,222,0.3124158829561906,0x1.3fe9f30030f32p-2,3,5,6,10,21,23
2120,222,-0.45207148884644044,-0x1.ceebd41032adap-2,2,4,6,9,13,17
2121,222,0.16602627814468818,0x1.540595d743a80p-3,1,4,20,22,24,27
2122,222,-0.11449408504650072,-0x1.d4f7bfedc33a8p-4,2,5,13,14,18,21
2123,222,0.11284357423506397,0x1.ce35104e741d0p-4,0,5,7,8,26,28
2124,222,0.48182157327732344,0x1.ed62a26eeef90p-2,1,3,8,11,28,29
2125,222,-0.30174439887991189,-0x1.34fc7bd3c2f86p-2,7,11,12,16,26,29
2126,222,0.37083445168834372,0x1.7bbc06c8ed15cp-2,3,4,6,11,18,22
2127,222,0.49599749841776541,0x1.fbe6c4aa6890ap-2,7,10,19,21,26,28
2128,222,0.29899379282270322,0x1.322b6dc785a46p-2,2,3,15,17,18,22
2129,222,0.4583808384380238,0x1.d561c958d146ep-2,6,8,15,16,18,20
2130,222,-0.22430684690692204,-0x1.cb61635ddf748p-3,0,3,7,8,18,21
2131,222,0.22391306705818337,0x1.ca92ef214badcp-3,2,3,13,14,24,25
2132,222,-0.040370303083029468,-0x1.4ab6a96f143b0p-5,4,5,6,8,21,23
2133,222,-0.097047353791555047,-0x1.8d8186ab2b4c0p-4,7,9,12,14,26,27
2134,222,0.071901925964490521,0x1.2682a24897248p-4,7,10,21,22,24,26
2135,222,-0.31906791316663241,-0x1.46b9bd3103bdep-2,0,1,13,17,20,22
2136,222,0.30153600055413754,0x1.34c5da73c960ep-2,7,9,14,16,19,23
2137,222,0.32258795758608172,0x1.4a547f5fa9a1cp-2,8,11,20,23,24,28
2138,222,-0.30153239102557072,-0x1.34c4e8388edbcp-2,1,5,13,16,20,23
2139,222,-0.14902490008461733,-0x1.3133f781398c0p-3,7,10,19,23,27,28
2140,222,0.20396797473594186,0x1.a1b9f62760b74p-3,2,4,12,16,19,20
2141,222,0.11087391779155764,0x1.c623baae4e5e0p-4,7,11,14,15,18,19
2142,222,-0.025166211348455314,-0x1.9c52bdad2c7a0p-6,15,16,19,20,24,28
2143,222,0.47584135251963666,0x1.e742f49c9fff2p-2,1,3,8,10,24,26
2144,222,-0.39552217542242363,-0x1.9503c3e120dacp-2,3,5,8,10,24,26
2145,222,-0.21361199880934045,-0x1.b57a35275abe4p-3,0,1,15,16,19,20
2146,222,-0.31075948508645945,-0x1.3e37bc0578fa8p-2,9,11,13,14,26,27
2147,222,-0.4366429323356259,-0x1.bf1f5329a4eb6p-2,0,1,15,17,26,29
2148,222,-0.39786975528745061,-0x1.976b2b4c1bc64p-2,1,4,8,9,18,23
2149,222,0.32323418449111085,0x1.4afde6ed5aad4p-2,0,5,7,9,25,26
2150,222,0.45895458500396136,0x1.d5f830d3c3db4p-2,13,17,20,21,24,25
2151,222,0.46597707046476333,0x1.dd2917d95403ep-2,0,1,10,11,12,14
2152,222,0.41680685961115183,0x1.aacf6adb1d0a8p-2,3,4,14,15,18,22
2153,222,0.19659029829191654,0x1.929def2eff510p-3,0,3,8,10,20,21
2154,222,0.44006669523840236,0x1.c2a0d8006e52ap-2,7,8,15,17,24,27
2155,222,-0.48257330393625197,-0x1.ee27b23950c36p-2,3,5,7,10,21,22
2156,222,-0.47525267033313334,-0x1.e6a8a2d1ab7f2p-2,6,9,19,22,24,26
2157,222,0.067317360884232569,0x1.13bb5e7736830p-4,8,11,19,20,24,27
2158,222,0.3784717034884405,0x1.838e1613c6ec6p-2,6,9,22,23,26,27
2159,222,0.3243873538154799,0x1.4c2c32cf7e6e2p-2,3,5,13,17,18,21
2160,222,-0.079212426358925558,-0x1.44743fca5fd20p-4,3,4,7,8,21,23
2161,222,0.37383017848498501,0x1.7ecd569b67462p-2,8,9,13,17,28,29
2162,222,-0.19212025692596768,-0x1.897658632b500p-3,6,11,21,22,24,26
2163,222,0.37202158311096556,0x1.7cf339d37891ap-2,1,5,8,10,22,23
2164,222,0.2478979474080516,0x1.fbb1eb46e7a60p-3,9,10,21,23,24,28
2165,222,-0.42542497827649584,-0x1.b3a29b0265700p-2,12,14,21,22,24,26
2166,222,-0.050869457730163048,-0x1.a0b8fc2a1f2b0p-5,8,9,18,20,25,29
2167,222,0.20066044590646104,0x1.9af3dd2626f7cp-3,3,5,8,10,18,22
2168,222,-0.035958313330220593,-0x1.26920c78b94a0p-5,2,3,7,11,20,22
2169,222,0.17126169556755455,0x1.5ebe73ac29470p-3,8,9,16,17,24,29
2170,222,0.32605723968576117,0x1.4de1f2f44c29ap-2,3,5,19,23,26,28
2171,222,0.12066251118877924,0x1.ee3bd0368b6e8p-4,7,8,16,17,24,27
2172,222,-0.3521334120170353,-0x1.6895a941c4ab6p-2,6,9,14,16,24,27
2173,222,-0.43658779482219645,-0x1.bf10def26059ap-2,2,4,7,9,19,20
2174,222,-0.14202996191277539,-0x1.22e09acbbd6e8p-3,2,3,15,17,19,20
2175,222,-0.0017662289169654288,-0x1.cf019dbe12200p-10,3,5,13,15,26,28
2176,222,0.38577152783152902,0x1.8b07b0ff0eb74p-2,0,1,13,15,18,23
2177,222,-0.16476885788019258,-0x1.517255bff524cp-3,2,4,14,17,18,21
2178,222,-0.26629880457348909,-0x1.10b0a2426d998p-2,6,10,19,23,27,28
2179,222,0.31033946265610735,0x1.3dc9a0cb10954p-2,2,5,12,17,19,22
2180,222,-0.31033333793587181,-0x1.3dc805c52c1eap-2,6,9,13,17,26,28
2181,222,-0.38757792518180789,-0x1.8ce13a453ac70p-2,0,2,13,16,21,23
2182,222,0.49403095789614149,0x1.f9e3405d807e0p-2,6,7,14,15,27,29
2183,222,0.43291488536328759,0x1.bb4e0a2a58fecp-2,3,5,12,17,26,28
2184,222,0.2621902111992731,0x1.0c7b9739ba958p-2,1,4,12,13,20,23
2185,222,-0.25081046054313394,-0x1.00d475161c1e2p-2,6,9,19,22,24,27
2186,222,0.21723509035615551,0x1.bce5c044fc810p-3,10,11,14,15,26,29
2187,222,0.030503889767055092,0x1.f3c6963cd1900p-6,10,11,13,14,25,29
2188,222,0.19230698359317056,0x1.89d83e6a99c18p-3,12,15,19,23,24,28
2189,222,0.22627539598478563,0x1.cf69798d27200p-3,8,11,18,23,25,27
2190,222,-0.023554816516491051,-0x1.81ec0fa680c60p-6,15,16,20,23,25,27
2191,222,0.14808716851655701,0x1.2f48534de3070p-3,8,9,16,17,26,27
2192,222,0.13456154503109807,0x1.139500d9a991cp-3,2,5,15,17,19,20
2193,222,0.38872145044179862,0x1.8e0cfef39ad6cp-2,6,7,15,17,18,19
2194,222,0.0048400446427193655,0x1.3d3279739ff80p-8,8,9,21,22,26,29
2195,222,0.40332487165787123,0x1.9d0131f5bc5e8p-2,0,4,15,17,25,26
2196,222,-0.071861062981063872,-0x1.2657c935c05f0p-4,0,3,7,11,12,14
2197,222,0.25057802083825431,0x1.009786526307ap-2,2,4,14,16,25,27
2198,222,-0.32012620208315534,-0x1.47cf29c228cbap-2,4,5,18,20,25,27
2199,222,-0.36901043411941248,-0x1.79dddf09b3dacp-2,9,10,18,20,25,28
2200,222,-0.30902884449806955,-0x1.3c720eb28f3c4p-2,2,3,13,17,20,21
2201,222,-0.080173293878725738,-0x1.4863cab38c2e8p-4,4,5,13,17,18,22
2202,222,-0.018746106205144608,-0x1.3322de4505240p-6,6,11,20,21,28,29
2203,222,0.33862269804130385,0x1.5abfe897152e0p-2,7,10,14,17,19,21
2204,222,0.067061142290977704,0x1.12aeb44f8def0p-4,2,4,7,9,24,29
2205,222,0.41921803245192335,0x1.ad477ded1910ap-2,6,8,13,17,24,28
2206,222,0.39739066417222124,0x1.96ed94096bf06p-2,6,7,14,16,18,21
2207,222,0.23436153725198039,0x1.dff8f10f8015cp-3,7,11,15,16,28,29
2208,222,0.46999201265265966,0x1.e145960ee5c6ep-2,6,7,16,17,24,25
2209,222,0.27858688161805412,0x1.1d45e12693a04p-2,0,2,7,11,25,27
2210,222,-0.42131956549103389,-0x1.af6e656bcbb1ep-2,2,5,14,16,18,19
2211,222,-0.43818205489606121,-0x1.c0b2cbede400ep-2,0,2,14,17,25,27
2212,222,-0.49917065004643468,-0x1.ff2697444a3cep-2,3,4,7,8,12,15
2213,222,-0.30831036654218036,-0x1.3bb5b67544082p-2,6,9,20,21,24,28
2214,222,0.49236368181669676,0x1.f82e2f5c903e4p-2,7,11,14,15,18,22
2215,222,0.33733994550962165,0x1.596fa486649aep-2,4,5,7,8,20,21
2216,222,-0.37499370736922433,-0x1.7ffe59b56d2bep-2,6,10,19,20,28,29
2217,222,-0.28242004125906484,-0x1.2132b823c5472p-2,6,9,18,22,27,29
2218,222,0.19366373062857545,0x1.8c9f91ebc4c84p-3,7,9,12,14,28,29
2219,222,0.39045113860086422,0x1.8fd26c5be81d8p-2,3,5,6,8,20,23
2220,222,-0.32330907665482234,-0x1.4b1188daedff4p-2,1,3,6,11,18,23
2221,222,-0.25492658529433609,-0x1.050b798ae1694p-2,7,8,18,19,26,27
2222,222,0.44441226864668637,0x1.c714027f1d5f6p-2,10,11,21,22,25,29
2223,222,0.23079165245834932,0x1.d8a94b3bfcbd8p-3,9,10,20,21,25,29
2224,222,-0.045827953105872399,-0x1.776c2efaa28f0p-5,4,5,15,16,24,27
2225,222,0.43213948975217686,0x1.ba82c63f2ed30p-2,2,3,12,17,25,29
2226,222,-0.36358318512525212,-0x1.744f2685f431ep-2,9,11,13,16,24,26
2227,222,0.083832573123583387,0x1.5760d2fe7c300p-4,1,4,16,17,26,27
2228,222,-0.14760601375032834,-0x1.2e4c0fce01338p-3,0,3,13,14,21,23
2229,222,0.088717760574642757,0x1.6b635083e1120p-4,0,5,9,10,26,27
2230,222,-0.33096515261170201,-0x1.52e8876a54e62p-2,7,9,21,22,24,29
2231,222,-0.45474144309169962,-0x1.d1a7bda8dbd90p-2,1,4,8,9,18,19
2232,222,0.082591341160622278,0x1.524b4c537b800p-4,0,2,12,13,20,21
2233,222,-0.4106567646672491,-0x1.a48334f8820d2p-2,1,4,12,16,20,21
2234,222,-0.28069201318145365,-0x1.1f6dba2373734p-2,7,9,20,21,24,29
2235,222,0.37005632054911364,0x1.7af00b49bf034p-2,0,4,12,14,22,23
2236,222,0.035917188384499532,0x1.263bcdaf38e80p-5,9,10,12,14,24,29
2237,222,-0.2275666636624144,-0x1.d20e7890b81e4p-3,6,11,13,16,25,28
2238,222,-0.1230290251487367,-0x1.f7ed48778fb60p-4,0,4,7,11,27,29
2239,222,0.49599278209923747,0x1.fbe58828ac516p-2,2,3,12,17,20,21
2240,222,0.34126198698189847,0x1.5d73c845d2284p-2,4,5,6,7,19,20
2241,222,0.43777313883294799,0x1.c0479a096b4b4p-2,0,1,14,15,27,28
2242,222,0.3595464656032028,0x1.702cf2dca1f0cp-2,1,3,6,11,28,29
2243,222,-0.039716712337489635,-0x1.455bfb9303570p-5,3,5,8,10,25,26
2244,222,-0.38828821651494361,-0x1.8d9b6d1d6a57ap-2,1,5,13,14,24,28
2245,222,0.3509120221538482,0x1.67557b2bb22e8p-2,0,3,8,10,19,22
2246,222,0.14624670643354654,0x1.2b8364aa3d054p-3,1,5,15,17,20,22
2247,222,0.1303495712670194,0x1.0af4b74d1da24p-3,3,4,12,16,25,26
2248,222,-0.21655160715819433,-0x1.bb7f68b5201f0p-3,9,10,18,21,25,28
2249,222,-0.2976105893290768,-0x1.30c0d490725a0p-2,14,17,18,21,26,28
2250,222,-0.24236774479156864,-0x1.f05e800be1680p-3,1,5,12,15,20,22
2251,222,-0.2269833084451629,-0x1.d0dc9ff4142f0p-3,1,5,6,8,26,27
2252,222,0.0072460143918916531,0x1.dadff2d6eac80p-8,0,5,13,14,26,27
2253,222,0.034664476904950781,0x1.1bf8ad5478830p-5,8,10,13,15,25,29
2254,222,0.34496927182105286,0x1.613f9ff262ab4p-2,6,9,19,23,27,28
2255,222,0.49447694866669212,0x1.fa582a4c98e5ap-2,6,7,15,17,24,29
2256,222,-0.48018452080111906,-0x1.ebb57db38b820p-2,0,5,19,23,26,27
2257,222,0.29594549977156592,0x1.2f0c564bab43ep-2,2,5,12,17,21,22
2258,222,-0.069005945323799001,-0x1.1aa5fa6653120p-4,1,3,14,15,18,22
2259,222,-0.42228512522894746,-0x1.b06b8309c849cp-2,2,5,6,7,27,28
2260,222,-0.067959822041182671,-0x1.165d09d1bde38p-4,7,8,19,22,26,27
2261,222,-0.42814915291296174,-0x1.b66cbb4648fc0p-2,2,4,6,11,14,16
2262,222,-0.30352298401783551,-0x1.36cebaa7c3844p-2,12,17,20,21,24,25
2263,222,0.11232926690142309,0x1.cc19c5fb9ab20p-4,8,10,13,17,24,28
2264,222,0.20049060271760721,0x1.9a9ad12e9e9f0p-3,7,8,18,23,25,28
2265,222,0.30224932445006925,0x1.3580d8cf012b0p-2,10,11,12,13,24,28
2266,222,0.45559693795177569,0x1.d28800f2a4790p-2,0,5,7,9,14,16
2267,222,-0.31007608301255496,-0x1.3d8495af3e296p-2,1,3,16,17,26,29
2268,222,-0.38700373222876328,-0x1.8c4ab4d568f06p-2,2,3,20,22,24,25
2269,222,0.4011741682735962,0x1.9acd66b2f0bd2p-2,0,3,12,13,20,21
2270,222,0.10217827070101704,0x1.a285aeb05cfe0p-4,6,11,15,16,24,25
2271,222,-0.17299018967732394,-0x1.6248ae398b25cp-3,1,2,12,14,21,23
2272,222,0.3826677865578072,0x1.87da1071fe744p-2,0,3,15,16,26,29
2273,222,-0.26502200152432209,-0x1.0f61ed7511d80p-2,9,10,13,14,24,28
2274,222,0.11492484525759306,0x1.d6bb6f3e114c0p-4,7,11,19,23,24,28
2275,222,-0.14992389169201858,-0x1.330b4c1da66ecp-3,1,2,10,11,21,23
2276,222,-0.27229849453969446,-0x1.16d56aa3312ccp-2,0,1,8,10,18,19
2277,222,-0.30587452362956369,-0x1.39372bceac99cp-2,7,8,20,21,25,28
2278,222,0.25768553955516915,0x1.07deb7d42a904p-2,12,14,22,23,26,27
2279,222,0.13377236022178107,0x1.11f73e42171a8p-3,9,11,21,23,24,25
2280,222,-0.10179357509038289,-0x1.a0f24cbf4c3f0p-4,2,5,15,16,18,23
2281,222,-0.32814381547952254,-0x1.5004eeaf7a11ap-2,13,15,20,22,25,27
2282,222,0.46461082157545652,0x1.dbc2f07023198p-2,0,4,8,9,25,26
2283,222,-0.36715577614245931,-0x1.77f7af0c47064p-2,0,4,13,16,27,29
2284,222,0.47455005505932357,0x1.e5f0731b2dde8p-2,1,2,9,10,18,21
2285,222,0.42584452325278055,0x1.b410963234a34p-2,2,3,12,13,21,22
2286,222,-0.47613706858727867,-0x1.e79079c7fb912p-2,0,3,16,17,18,19
2287,222,-0.41302835707947017,-0x1.a6f0e7d7e8618p-2,0,1,19,20,27,28
2288,222,0.37020748978582796,0x1.7b17ac1575216p-2,7,8,15,16,26,28
2289,222,-0.25780431261036529,-0x1.07fdda8db7950p-2,12,16,20,23,25,28
2290,222,0.11020088542242379,0x1.c36200ee12a68p-4,6,8,13,15,27,28
2291,222,-0.086342014291019842,-0x1.61a829fa693f0p-4,1,3,6,8,13,17
2292,222,-0.43757116326238343,-0x1.c012a7af89d82p-2,12,16,20,21,25,28
2293,222,-0.29601201494148655,-0x1.2f1dc60d96452p-2,3,4,22,23,25,26
2294,222,-0.10796172137352922,-0x1.ba3611e84e878p-4,0,3,13,17,20,22
2295,222,0.37232268442659611,0x1.7d422864af444p-2,2,3,14,17,19,22
2296,222,-0.036441400547338243,-0x1.2a8727f247b70p-5,2,4,20,22,27,29
2297,222,0.095431498865941933,0x1.86e32dea33200p-4,2,3,12,15,20,22
2298,222,-0.47799533372865266,-0x1.e9779bd8054b0p-2,13,16,20,23,25,28
2299,222,-0.0059647483951088542,-0x1.86e7df492e300p-8,0,4,12,13,20,21
2300,222,-0.3723586869034623,-0x1.7d4b987a870a0p-2,2,5,14,17,18,19
2301,222,-0.036221820114672232,-0x1.28baa999695e0p-5,13,17,18,22,26,27
2302,222,-0.30929452545751301,-0x1.3cb7b43eaffb8p-2,6,9,20,23,24,25
2303,222,0.28659960543288454,0x1.257a5df185e18p-2,2,5,6,10,19,22
2304,222,0.007130978728492221,0x1.d355f86d66880p-8,8,11,18,23,25,26
2305,222,-0.16901507212680711,-0x1.5a2492fa86970p-3,2,5,15,17,18,20
2306,222,-0.47202510499467476,-0x1.e35a8c935f542p-2,8,11,12,15,26,28
2307,222,0.38493794947607163,0x1.8a2d2c7ff4c3cp-2,4,5,12,16,21,23
2308,222,-0.20659462377922755,-0x1.a71b15054a268p-3,1,3,15,16,20,23
2309,222,-0.27705289818658818,-0x1.1bb3c143e4c6ap-2,9,11,13,14,18,23
2310,222,-0.47772921613424824,-0x1.e931d8fe8fadep-2,1,3,12,13,20,21
2311,222,-0.070036319949456027,-0x1.1ede677b71130p-4,1,2,13,14,27,29
2312,222,0.4403301127050826,0x1.c2e5e5a60c9eap-2,0,1,8,10,26,28
2313,222,-0.44136102281243317,-0x1.c3f424dad583cp-2,7,10,14,17,26,27
2314,222,-0.33263452330272614,-0x1.549e24fc6c4c0p-2,3,4,15,16,26,29
2315,222,0.32919284860763953,0x1.5117ee1b63376p-2,6,10,13,15,18,20
2316,222,0.037404912307223315,0x1.326bc962377a0p-5,1,5,8,9,22,23
2317,222,0.46926753303042568,0x1.e087ab0dc2d84p-2,3,5,6,10,19,23
2318,222,0.17151722238738776,0x1.5f446be6d6330p-3,8,11,12,13,25,26
2319,222,-0.074378985480752391,-0x1.30a804e264500p-4,0,2,7,9,18,21
2320,222,0.35075851997697305,0x1.672d3dd060baap-2,3,5,12,15,22,23
2321,222,0.036337841771477253,0x1.29adfa4080c20p-5,0,5,20,23,27,28
2322,222,-0.30715715513678898,-0x1.3a8767c02dfc2p-2,7,10,14,15,24,26
2323,222,-0.16829749835484109,-0x1.58ac5bdb76148p-3,2,4,12,14,19,21
2324,222,0.014164160923455738,0x1.d02197f883d80p-7,0,2,7,10,12,15
2325,222,0.47443070694417477,0x1.e5d129ca2c6eap-2,2,4,14,17,25,27
2326,222,0.16520644616510405,0x1.5257c1daf0a74p-3,3,4,6,7,25,29
2327,222,-0.043354300050575945,-0x1.63288e9b76550p-5,3,4,13,17,18,22
2328,222,-0.45932748022466197,-0x1.d659f166e0442p-2,12,14,19,21,26,29
2329,222,0.23789898860496139,0x1.e73795be7a710p-3,8,10,19,23,24,27
2330,222,0.12752717350102771,0x1.052cf77c4e4c8p-3,12,15,22,23,26,27
2331,222,0.46159958838871806,0x1.d8ad8fffe80b4p-2,3,4,6,11,20,22
2332,222,0.40895078881105429,0x1.a2c3fede77afap-2,8,10,15,17,24,26
2333,222,0.071313204257036578,0x1.24195080e93a0p-4,0,3,12,13,21,22
2334,222,0.20656064564680598,0x1.a709448d8ca64p-3,2,5,6,10,19,21
2335,222,0.33220711826070803,0x1.542e1a51b66bcp-2,0,3,14,15,19,22
2336,222,-0.22304956235748308,-0x1.c8ce357db3348p-3,10,11,14,15,18,19
2337,222,-0.23331606272113259,-0x1.ddd4cfd826660p-3,3,5,14,16,26,28
2338,222,0.15267760585136081,0x1.38af095fb4940p-3,7,10,21,22,24,25
2339,222,0.070180033383478002,0x1.1f7519436d788p-4,12,14,19,22,26,29
2340,222,-0.30248124477032379,-0x1.35bda4b7c4848p-2,10,11,18,21,25,28
2341,222,-0.055181601860152973,-0x1.c40c34ea91680p-5,2,5,6,9,19,23
2342,222,0.29695502772488469,0x1.3014fa91d8388p-2,1,4,13,17,18,21
2343,222,0.34932898144456137,0x1.65b67f1b65c46p-2,0,2,12,13,25,29
2344,222,-0.21623766465809691,-0x1.badad00ef5a3cp-3,6,8,13,16,25,27
2345,222,0.1082838099285004,0x1.bb87cde5445c0p-4,0,3,7,11,21,23
2346,222,-0.44031284304060714,-0x1.c2e15eb379068p-2,0,5,7,10,26,27
2347,222,-0.19656927237749588,-0x1.9292e92214320p-3,1,4,9,11,22,23
2348,222,-0.25123320381705938,-0x1.014346e841192p-2,0,5,13,14,21,22
2349,222,0.16474100641201239,0x1.5163bb96cc39cp-3,0,2,9,11,18,20
2350,222,0.12521752592001634,0x1.00720bd5b3348p-3,6,10,13,14,25,29
2351,222,0.44021717671246852,0x1.c2c84aa478534p-2,3,4,7,11,18,23
2352,222,0.24108691291231377,0x1.edbef9b39dabcp-3,1,5,9,10,19,23
2353,222,-0.17822522989739575,-0x1.6d01596dd9e64p-3,0,1,12,16,26,29
2354,222,0.36487481780441922,0x1.75a1be866a6f0p-2,3,4,14,15,19,22
2355,222,0.40123991738560227,0x1.9adea30c1567cp-2,0,3,22,23,25,26
2356,222,0.15539129507328209,0x1.3e3dca9361f60p-3,0,1,10,11,27,29
2357,222,0.26894037529939718,0x1.13651b11f083ap-2,0,1,8,9,18,19
2358,222,-0.039165944901110139,-0x1.40d8f08ef35a0p-5,0,2,7,9,14,17
2359,222,-0.48128024072727116,-0x1.ecd4ba3889de4p-2,2,4,6,11,22,23
2360,222,0.34721384467141247,0x1.638c06ae541cap-2,0,1,14,15,26,27
2361,222,-0.16764009479138786,-0x1.5753b0a504d08p-3,6,8,13,17,24,27
2362,222,0.0019616440617420405,0x1.011dda2ee2e00p-9,0,2,12,17,25,27
2363,222,0.44691025245312344,0x1.c9a2d75a22114p-2,1,4,9,11,27,29
2364,222,-0.19697177373169461,-0x1.9365eff34d4acp-3,1,2,13,14,18,22
2365,222,0.3908488746462625,0x1.903aaff922eb6p-2,9,10,13,14,27,29
2366,222,-0.22747662601290464,-0x1.d1df43eaa3878p-3,2,5,6,7,25,27
2367,222,-0.41034336457253229,-0x1.a4310d0be0e70p-2,7,9,19,20,24,27
2368,222,0.28138791435217281,0x1.202427468767ap-2,0,4,22,23,25,26
2369,222,0.18847502159802643,0x1.81ff312f02e70p-3,0,5,8,10,12,15
2370,222,-0.40057294367924601,-0x1.9a2fcb330f2acp-2,10,11,18,23,25,27
2371,222,-0.071364846185663189,-0x1.244f770739518p-4,8,9,12,13,25,26
2372,222,-0.1123754759146296,-0x1.cc4a3a1ecff40p-4,4,5,14,16,18,19
2373,222,-0.39103191581620966,-0x1.906aaba87dcb4p-2,0,5,12,17,19,22
2374,222,0.1404802432411365,0x1.1fb41b13a3718p-3,0,1,9,11,12,16
2375,222,-0.16339214535297375,-0x1.4ea08a85b6e34p-3,0,4,7,8,21,22
2376,222,0.33560156164151789,0x1.57a7ef8ef2882p-2,8,10,15,17,26,28
2377,222,-0.0063271673275084872,-0x1.9ea840bf7ae00p-8,2,5,9,10,20,21
2378,222,0.40232142046176012,0x1.9bfa257d743fep-2,0,5,15,17,18,20
2379,222,0.057813959257623337,0x1.d99ca90870cb0p-5,9,11,12,16,26,28
2380,222,-0.18975928453825108,-0x1.84a08409a217cp-3,0,3,19,21,28,29
2381,222,-0.47105951483211939,-0x1.e25d6ceab1beep-2,3,4,13,16,18,23
2382,222,-0.10435047267668829,-0x1.ab6b66b77f0c8p-4,8,11,13,15,18,20
2383,222,-0.45489557792173507,-0x1.d1d0257913532p-2,1,2,6,11,18,23
2384,222,-0.41875926354532089,-0x1.accf3a774bfaap-2,6,8,16,17,18,20
2385,222,0.0065873779171189417,0x1.afb5dcb86d580p-8,4,5,16,17,20,21
2386,222,-0.32148505660998883,-0x1.493360f12ba22p-2,0,2,14,16,27,29
2387,222,0.035478732949356107,0x1.22a44bb712730p-5,3,4,7,8,18,19
2388,222,-0.40904032015648084,-0x1.a2db77374512ep-2,3,4,14,15,25,29
2389,222,0.14974280909530557,0x1.32ac5b9f010acp-3,8,9,16,17,18,19
2390,222,0.413408568245761,0x1.a754936201c4ep-2,0,4,14,16,26,27
2391,222,0.16368096686259814,0x1.4f37f77d385bcp-3,6,11,13,15,18,23
2392,222,0.34059901458062836,0x1.5cc5fcf2b1cb0p-2,3,5,13,14,21,23
2393,222,0.04985358051152089,0x1.9866893c55e50p-5,9,10,12,17,25,27
2394,222,0.015171376125971747,0x1.f122ba25ef400p-7,6,11,14,16,25,28
2395,222,-0.43899385137402758,-0x1.c1879aab2fa66p-2,7,9,12,17,19,21
2396,222,0.42565847165311199,0x1.b3dfd07c0fd48p-2,1,2,15,16,28,29
2397,222,-0.4152122081805697,-0x1.a92d639c2457ap-2,0,3,12,13,21,23
2398,222,0.29797679762679719,0x1.3120d463187a6p-2,3,4,8,11,24,29
2399,222,-0.39733112910337365,-0x1.96ddf8b4ba1b0p-2,3,5,22,23,24,26
2400,222,0.18115681297605779,0x1.730257d970244p-3,1,4,12,17,24,29
2401,222,0.45229947132001103,0x1.cf2797b545288p-2,1,2,9,10,13,14
2402,222,-0.37704318800784598,-0x1.82179c06b16fcp-2,1,3,12,15,24,29
2403,222,0.13781137559233614,0x1.1a3cd9b97ca24p-3,3,4,15,17,18,19
2404,222,0.30242002337333751,0x1.35ad98382d18ep-2,6,9,13,14,26,29
2405,222,0.17073107264668197,0x1.5da840ab6d910p-3,9,11,19,22,24,29
2406,222,-0.10069138448327675,-0x1.9c6e91b583a08p-4,8,10,18,19,26,29
2407,222,-0.058077780622609931,-0x1.dbc5ef0cbf770p-5,0,5,12,17,21,22
2408,222,-0.40743946461477298,-0x1.a137cf9e7b158p-2,2,5,13,16,20,21
2409,222,-0.013290798554772554,-0x1.b3834c90b3500p-7,1,3,14,16,24,29
2410,222,-0.09103547310164084,-0x1.74e19cbbf57e8p-4,7,11,14,15,26,29
2411,222,0.22150967988532377,0x1.c5a6ddf6d6d30p-3,1,4,6,8,21,22
2412,222,-0.24277123616814567,-0x1.f1320bbe036fcp-3,1,5,6,8,18,19
2413,222,-0.29340683451685134,-0x1.2c72d75ab0e82p-2,0,4,16,17,26,29
2414,222,0.49761132414037323,0x1.fd8dd2ad35690p-2,0,3,15,16,25,26
2415,222,0.11122795422962439,0x1.c796f69d13570p-4,1,2,15,16,24,27
2416,222,-0.41531989046335294,-0x1.a9499e0bac71ep-2,0,5,9,10,18,19
2417,222,-0.062622483618273383,-0x1.00806ef2280f0p-4,2,3,14,16,19,21
2418,222,0.022838617037971964,0x1.76301a50e4b00p-6,2,4,7,9,19,23
2419,222,0.0088411851745108239,0x1.21b53c9759040p-7,1,3,15,17,26,29
2420,222,-0.16524676808666894,-0x1.526ce5c59d928p-3,7,8,18,21,25,26
2421,222,0.29356592746231247,0x1.2c9c8be6aea22p-2,3,4,15,16,20,23
2422,222,0.16335275126852045,0x1.4e8be32347830p-3,9,10,13,17,24,29
2423,222,-0.073846503160045818,-0x1.2e79abbff1148p-4,8,9,12,16,21,23
2424,222,0.43127264672443033,0x1.b99f89655cf80p-2,2,5,6,9,18,23
2425,222,0.17077632931784414,0x1.5dbffaeacefc0p-3,1,4,6,11,18,22
2426,222,0.033568592451824419,0x1.12fe70d81b590p-5,1,2,10,11,24,27
2427,222,-0.048635292833038579,-0x1.8e6b9a04c6ef0p-5,3,5,12,17,19,20
2428,222,-0.21364414840907242,-0x1.b58b1033309ccp-3,0,1,9,11,18,23
2429,222,0.040343144571499789,0x1.4a7db4d1ad310p-5,4,5,14,16,18,23
2430,222,0.4848644381661017,0x1.f0804da3aad32p-2,0,4,13,17,20,21
2431,222,0.1504895151319886,0x1.3433d8cf0ff34p-3,0,2,9,11,25,28
2432,222,0.30464355038697144,0x1.37f47a9765c16p-2,8,9,13,16,24,29
2433,222,-0.22491491129200025,-0x1.cca030630e184p-3,2,3,7,10,20,22
2434,222,0.18413254673519519,0x1.791a7c12dad6cp-3,9,10,18,21,26,28
2435,222,0.34968139491987849,0x1.6612e12ccd5a0p-2,9,10,18,20,27,28
2436,222,-0.17122828907672338,-0x1.5eacefede0618p-3,4,5,12,13,25,26
2437,222,0.32631674845639824,0x1.4e25fa4b0776cp-2,8,11,15,16,19,20
2438,222,0.077986359949452688,0x1.3f6ea01845908p-4,8,10,12,17,20,21
2439,222,0.2044217218357427,0x1.a2a7db0f031f0p-3,0,1,19,23,26,27
2440,222,0.14303438985128525,0x1.24ef36d4eaab4p-3,1,3,6,10,21,22
2441,222,0.20331505140050832,0x1.a063a44465df4p-3,0,5,15,16,25,26
2442,222,0.030201757709707233,0x1.eed35a69462e0p-6,0,1,13,17,27,28
2443,222,-0.23294059525362665,-0x1.dd0ff57433674p-3,0,4,12,13,25,26
2444,222,0.40474465092913059,0x1.9e7561bbe2de8p-2,7,9,19,20,27,28
2445,222,0.20812854036928075,0x1.aa3f4bd200910p-3,1,2,12,14,28,29
2446,222,-0.47565298273421952,-0x1.e71193545a720p-2,2,3,14,17,24,25
2447,222,0.40383084401744995,0x1.9d85d530af212p-2,6,10,13,17,24,26
2448,222,0.057553444631548212,0x1.d77a524ede620p-5,2,4,9,11,20,21
2449,222,0.060586917977524801,0x1.f053f9e8ecc70p-5,7,10,21,22,25,29
2450,222,-0.37261884295673764,-0x1.7d8fcb417d7d4p-2,6,11,19,21,24,28
2451,222,0.15814695820375291,0x1.43e28d6b93738p-3,0,5,12,15,20,23
2452,222,-0.45074010624123106,-0x1.cd8ed07d34e48p-2,0,2,14,16,18,19
2453,222,0.46359063847556492,0x1.dab7811befef2p-2,2,4,15,17,24,29
2454,222,0.27277902072508364,0x1.175362343251ep-2,2,3,6,10,21,22
2455,222,0.08041929785293811,0x1.4965bee3ee310p-4,8,11,13,15,22,23
2456,222,0.38335183798668182,0x1.888d625c0ea1cp-2,6,11,20,22,24,27
2457,222,-0.32687267501333206,-0x1.4eb7b5e48d9dep-2,2,5,18,23,25,28
2458,222,-0.38132247211948134,-0x1.867965ebeea32p-2,9,10,12,13,20,23
2459,222,-0.38574389698617539,-0x1.8b0072b8bfb5ap-2,7,10,14,17,24,26
2460,222,-0.25115536622101897,-0x1.012edf5089666p-2,0,2,9,11,19,22
2461,222,-0.04029242842867764,-0x1.4a1358cc153a0p-5,1,4,6,8,24,29
2462,222,0.19772358670539847,0x1.94f01a94614b4p-3,1,4,16,17,24,29
2463,222,-0.31392587277394124,-0x1.4175c8b3bab5ep-2,7,11,19,22,24,29
2464,222,0.44327916546368173,0x1.c5eaf93aa8a36p-2,0,4,13,14,22,23
2465,222,0.16107876145544098,0x1.49e3a964401c8p-3,8,11,19,20,28,29
2466,222,-0.43107172608483835,-0x1.b96addd70f00ap-2,2,3,13,15,20,23
2467,222,-0.071492753230828487,-0x1.24d595d070420p-4,3,4,6,11,13,14
2468,222,-0.30808250754022892,-0x1.3b79fb196b79cp-2,1,5,16,17,24,27
2469,222,0.20776686676859168,0x1.a981accfb53a8p-3,1,2,6,11,14,16
2470,222,0.36858286256728623,0x1.796dc9325ec74p-2,15,16,18,19,26,28
2471,222,0.1446786549870146,0x1.284d485cc9b7cp-3,1,2,15,17,27,29
2472,222,0.19741137686237353,0x1.944c6a7bdb990p-3,0,3,8,11,18,19
2473,222,-0.30677419282924701,-0x1.3a230395d56a6p-2,2,5,16,17,24,27
2474,222,-0.032794368127665896,-0x1.0ca6c6533dee0p-5,3,4,12,16,19,23
2475,222,-0.17067280042295663,-0x1.5d89b38111114p-3,8,11,18,20,28,29
2476,222,-0.15898333503528128,-0x1.45990e04af31cp-3,0,4,12,13,21,22
2477,222,-0.0046612848642682003,-0x1.317b620ca3a00p-8,0,2,12,16,27,28
2478,222,-0.13217012334077927,-0x1.0eaf35aa0e330p-3,1,4,6,9,14,17
2479,222,0.47301652215086998,0x1.e45e71746c2e8p-2,2,5,12,17,24,27
2480,222,0.049488778259864086,0x1.95697d84a4c20p-5,3,5,6,10,26,28
2481,222,-0.37617635151015971,-0x1.81345f9d0f170p-2,1,5,8,10,12,17
2482,222,-0.14015079971226085,-0x1.1f0761ea2de38p-3,3,5,13,16,26,28
2483,222,0.14630385239363042,0x1.2ba15aaa79c30p-3,0,3,13,17,18,22
2484,222,-0.21172416762807655,-0x1.b19c70bde21f0p-3,0,3,12,15,20,23
2485,222,-0.39849672235072742,-0x1.980f86583cff0p-2,3,5,12,13,20,21
2486,222,-0.34657699145058407,-0x1.62e5142f4e298p-2,7,10,14,17,25,27
2487,222,0.035353820647562095,0x1.219e55ef09a80p-5,10,11,13,14,24,28
2488,222,0.38937491768359633,0x1.8eb84c6555bf8p-2,1,4,13,16,20,21
2489,222,0.18054308863442592,0x1.71c09329a1278p-3,2,4,9,11,18,19
2490,222,-0.17550730404342352,-0x1.67705f989ae54p-3,1,3,6,10,18,21
2491,222,0.3485838369633133,0x1.64f3294eafbeep-2,3,4,14,15,18,19
2492,222,-0.39211754081457073,-0x1.918742b7f2340p-2,2,3,7,11,12,15
2493,222,-0.35918843824340807,-0x1.6fcf180d6d50cp-2,1,4,9,11,20,23
2494,222,0.35880388906563543,0x1.6f6a4964dbaa2p-2,2,3,18,22,25,29
2495,222,-0.25611685965194908,-0x1.06437f80a32aep-2,1,2,14,17,18,21
2496,222,0.41512312803804952,0x1.a916098af252ap-2,10,11,13,15,27,28
2497,222,0.0049608751797592943,0x1.451daca817380p-8,0,5,8,10,20,22
2498,222,0.26148577112232807,0x1.0bc2ed0d5be4ep-2,7,10,12,17,25,27
2499,222,0.45641651878138056,0x1.d35eda1614af2p-2,0,4,8,11,19,21
2500,222,-0.15210881633524276,-0x1.3784d3bcbebf4p-3,6,8,20,23,24,28
2501,222,-0.19735114316556168,-0x1.942cd60dcb5e8p-3,0,5,13,15,25,27
2502,222,0.49709598943891653,0x1.fd06bb26739e2p-2,4,5,15,17,19,20
2503,222,0.032110020371608261,0x1.070b97ebd6a40p-5,1,4,8,11,26,29
2504,222,0.237986259441611,0x1.e765570997bccp-3,1,2,6,9,22,23
2505,222,-0.18587833652248753,-0x1.7cadc80331154p-3,0,2,9,10,19,22
2506,222,0.26874633061364117,0x1.13323cf39f53ap-2,2,3,7,10,22,23
2507,222,-0.37492922531726103,-0x1.7fed726435816p-2,1,3,8,11,18,22
2508,222,-0.48142300298941554,-0x1.ecfa26d586cf4p-2,6,11,19,20,27,28
2509,222,0.3159434047819405,0x1.4386aafbb3884p-2,1,4,8,11,19,21
2510,222,-0.39450954862281229,-0x1.93fa4fa52dc60p-2,4,5,8,9,18,22
2511,222,0.22534746242443104,0x1.cd82f86acbd14p-3,8,11,13,15,25,29
2512,222,0.11653532433537883,0x1.dd5424ed96580p-4,6,11,19,23,26,28
2513,222,-0.20909931541404669,-0x1.ac3c430a8df74p-3,3,5,6,8,24,28
2514,222,0.48297016720756958,0x1.ee8fbb4466912p-2,7,11,14,16,24,27
2515,222,0.26059843738906685,0x1.0ada5117e623cp-2,1,3,12,17,26,29
2516,222,0.31999826325681724,0x1.47ad9feddbfc0p-2,6,11,20,23,24,25
2517,222,0.47421104715221662,0x1.e59794abaec7ep-2,7,8,20,21,24,28
2518,222,-0.29904789887004357,-0x1.32399cc656608p-2,7,9,16,17,24,29
2519,222,0.49948610027384277,0x1.ff7948c5ee512p-2,0,5,14,16,25,26
2520,222,-0.45719259561006265,-0x1.d42a4bb8796b0p-2,2,5,6,10,13,17
2521,222,-0.34671412006914359,-0x1.630906bb08972p-2,2,5,20,23,25,27
2522,222,-0.30118183870863902,-0x1.3469030d9c6aep-2,0,5,8,10,12,17
2523,222,0.093340443927021122,0x1.7e528ca0f8890p-4,0,2,13,17,25,29
2524,222,0.31755927957035734,0x1.452e42812f1c2p-2,0,1,12,13,28,29
2525,222,-0.31548868251435735,-0x1.430f7716a1112p-2,6,10,15,17,26,29
2526,222,-0.13627448995267688,-0x1.1717146d01b20p-3,1,2,12,15,27,28
2527,222,-0.29586722130834053,-0x1.2ef7d11de92eap-2,3,4,14,16,19,23
2528,222,-0.11474731539644523,-0x1.d60147eee78b8p-4,0,3,7,11,18,20
2529,222,-0.26916857701464159,-0x1.13a0ed6d8e12ap-2,0,4,9,11,26,29
2530,222,-0.056975908658922214,-0x1.d2bf240b32d30p-5,9,11,18,20,25,29
2531,222,0.21656366967081664,0x1.bb85bbb5e73a8p-3,2,3,7,11,12,16
2532,222,-0.018592526883972504,-0x1.309eb5baaa9a0p-6,6,7,15,17,25,29
2533,222,-0.33851658371838267,-0x1.5aa41760e57a6p-2,0,3,13,16,21,23
2534,222,-0.019738852504152526,-0x1.4366bf7dd15a0p-6,13,15,18,20,25,27
2535,222,0.19645234103249165,0x1.92559adfa8538p-3,3,5,12,17,19,21
2536,222,0.41389701970295023,0x1.a7d49ece24e76p-2,3,5,7,10,20,21
2537,222,0.34883927195167352,0x1.65361f425f1e0p-2,0,3,18,21,28,29
2538,222,0.10931378264745439,0x1.bfbfcf1790df0p-4,1,5,12,13,26,28
2539,222,0.012707995177418607,0x1.a06a63d7a5840p-7,4,5,7,9,20,21
2540,222,-0.073851438791098678,-0x1.2e7ed8a5eccf0p-4,3,5,16,17,24,26
2541,222,-0.37091905486877486,-0x1.7bd234687f9bcp-2,13,15,22,23,24,26
2542,222,-0.1230205116672255,-0x1.f7e45b2591148p-4,3,5,20,21,25,28
2543,222,-0.1965888914720223,-0x1.929d325d08a94p-3,7,9,12,17,26,29
2544,222,0.47951778417292978,0x1.eb06b5c37e132p-2,4,5,14,15,24,26
2545,222,-0.49249623360729755,-0x1.f850eec2fc6f8p-2,3,5,7,10,15,17
2546,222,-0.015069090113455474,-0x1.edc8b09bdfd40p-7,2,5,16,17,24,25
2547,222,0.42493591618337456,0x1.b322669b9d128p-2,3,5,14,17,26,28
2548,222,-0.32657625536761903,-0x1.4e6a0181d0f74p-2,13,15,18,22,27,29
2549,222,0.46515648829548795,0x1.dc51fb83015c0p-2,2,5,6,9,13,16
2550,222,0.25597662755171613,0x1.061ebcaf7ffe4p-2,6,10,20,21,25,29
2551,222,0.21292285039226844,0x1.b410e5380c120p-3,0,5,8,10,19,20
2552,222,0.33453196951613906,0x1.568f8c7227348p-2,0,2,18,23,25,27
2553,222,-0.17029433520214332,-0x1.5cc346c3191f8p-3,10,11,18,21,28,29
2554,222,-0.1852123390044178,-0x1.7b509b56b7950p-3,12,15,22,23,25,27
2555,222,-0.28834392838284451,-0x1.2743a1799e30ep-2,0,2,15,16,19,23
2556,222,-0.48413952354671219,-0x1.efc24571562bap-2,8,9,20,22,27,29
2557,222,0.37336171011347286,0x1.7e52883a1061ep-2,1,2,9,10,21,23
2558,222,-0.29047981320798044,-0x1.29738a4781800p-2,2,5,14,16,21,23
2559,222,0.12722476457491172,0x1.048e6ad8b96fcp-3,2,5,7,10,22,23
2560,222,-0.35717051630591357,-0x1.6dbe1b9a84700p-2,3,5,7,10,24,28
2561,222,0.039913832959837636,0x1.46f95fe70e6a0p-5,0,2,9,10,18,22
2562,222,-0.1143780718470262,-0x1.d47e19df66770p-4,0,1,8,11,18,21
2563,222,-0.37941577810259863,-0x1.848591da25f18p-2,6,11,13,14,18,23
2564,222,0.076345263517549555,0x1.38b5cfa032b28p-4,0,4,7,9,20,22
2565,222,-0.34506799827816637,-0x1.6159815e00ee4p-2,0,4,14,17,18,22
2566,222,0.22084784176478944,0x1.c44bdf8e2cf60p-3,0,4,20,22,27,29
2567,222,0.43758471986576764,0x1.c0163574360f8p-2,9,10,20,22,24,25
2568,222,0.33325034680465526,0x1.553f9433a0698p-2,9,10,12,14,24,27
2569,222,-0.38496391127642338,-0x1.8a33fac44a394p-2,1,3,13,14,26,29
2570,222,0.10215053722652123,0x1.a2689a0a82010p-4,1,5,8,10,12,13
2571,222,0.44439926301787702,0x1.c71099b41cf68p-2,3,5,6,8,13,15
2572,222,-0.10470521287008527,-0x1.acdf5f8ff6b88p-4,6,7,15,17,25,27
2573,222,0.075410244250383118,0x1.34e15f4d6b978p-4,0,2,13,17,18,21
2574,222,-0.32436127508163437,-0x1.4c255cb24206ep-2,1,3,6,11,21,23
2575,222,0.089497708560797307,0x1.6e9526355e780p-4,0,1,12,14,22,23
2576,222,-0.45714672215476759,-0x1.d41e45348367cp-2,7,9,14,16,18,23
2577,222,0.47239860028563363,0x1.e3bc756b9ca4ep-2,8,9,12,17,20,22
2578,222,-0.36497806467797078,-0x1.75bccf4e32708p-2,2,3,12,14,19,22
2579,222,-0.48878106511605945,-0x1.f48306064f61ep-2,2,4,13,16,21,23
2580,222,0.44184101081259186,0x1.c471f84de2fc0p-2,1,5,14,17,18,19
2581,222,0.097698695807836411,0x1.902c81f5b4438p-4,2,3,6,11,24,28
2582,222,0.18982537450400305,0x1.84c32a7b90ae8p-3,3,4,16,17,18,20
2583,222,0.11645314695763831,0x1.dcfdf99b307d8p-4,6,7,14,16,24,28
2584,222,-0.21585872602120237,-0x1.ba1423c689ce8p-3,6,10,15,17,26,27
2585,222,-0.098488799298971696,-0x1.9368fdc02ea88p-4,13,17,18,22,25,27
2586,222,0.037056549817450435,0x1.2f9137b231840p-5,3,4,13,14,22,23
2587,222,-0.4678016044344101,-0x1.df0762403f9c6p-2,1,2,13,16,18,23
2588,222,0.13759050767057091,0x1.19c90d557b2a4p-3,9,10,21,22,24,29
2589,222,-0.34825048276128978,-0x1.649bc6491a930p-2,3,4,14,17,18,21
2590,222,0.24142300111230197,0x1.ee6f2eb23c6f0p-3,7,8,22,23,24,25
2591,222,0.28499881893614465,0x1.23d6bafaeadf2p-2,9,11,18,19,26,29
2592,222,-0.42198653051162394,-0x1.b01d3caf99878p-2,0,4,20,23,25,27
2593,222,0.28948087718474547,0x1.286dacd14db20p-2,15,17,19,22,24,26
2594,222,0.18038226488836206,0x1.716c41c3ca98cp-3,3,4,6,7,24,26
2595,222,-0.057770799724774169,-0x1.d94225ef69d90p-5,6,11,20,21,24,28
2596,222,-0.28208592692916756,-0x1.20db221b4a5d0p-2,6,11,20,22,25,29
2597,222,0.096753120037268436,0x1.8c4cffe589570p-4,3,5,13,17,24,26
2598,222,0.1619577244407735,0x1.4bb07dce762c8p-3,6,11,14,16,25,27
2599,222,0.1486857707454321,0x1.30822a55db838p-3,7,8,22,23,26,27
2600,222,0.13022352165804585,0x1.0ab2a13587b08p-3,7,8,20,23,24,25
2601,222,-0.12719412792302653,-0x1.047e5add6190cp-3,0,5,18,23,26,28
2602,222,0.12398801207889165,0x1.fbdada8f99290p-4,7,9,12,14,22,23
2603,222,0.021349605571290842,0x1.5dcabc6d84320p-6,0,4,13,17,21,22
2604,222,0.48136021215356084,0x1.ece9b1032e3fep-2,0,3,8,10,18,22
2605,222,0.23109998192071335,0x1.d94af283a52e8p-3,8,11,12,13,24,29
2606,222,0.015063424746462606,0x1.ed992a536ea40p-7,10,11,19,22,24,26
2607,222,0.29347165946880838,0x1.2c83d5aee2b1ap-2,1,4,16,17,18,20
2608,222,-0.34256820556261325,-0x1.5eca331e29cf2p-2,0,2,9,10,27,29
2609,222,0.1856780641884539,0x1.7c44c7ea31260p-3,1,5,12,17,19,21
2610,222,0.21008635474229753,0x1.ae41c137a1d68p-3,6,10,13,17,20,22
2611,222,0.077322673063928149,0x1.3cb6b300c82d8p-4,6,7,15,16,25,26
2612,222,0.28431876364915964,0x1.2324753e0c96ep-2,2,4,14,15,24,25
2613,222,0.11815319950723691,0x1.e3f49bfcd2500p-4,12,14,19,23,27,28
2614,222,-0.41049991060373325,-0x1.a45a16ac3740cp-2,0,4,15,16,18,23
2615,222,0.036535662250161138,0x1.2b4cd65011900p-5,2,4,9,11,22,23
2616,222,-0.26452228984432624,-0x1.0edeee5fc7148p-2,2,5,12,15,24,25
2617,222,-0.33291895504939606,-0x1.54e8b4e09f62cp-2,7,8,21,23,24,25
2618,222,0.24666726295233021,0x1.f92caf9afe234p-3,10,11,18,20,25,27
2619,222,-0.11807018577490991,-0x1.e39d902892f98p-4,2,5,13,17,21,22
2620,222,-0.25371472069307288,-0x1.03cdcaaf8fe52p-2,2,5,6,9,18,20
2621,222,-0.44265523161518139,-0x1.c54769bcc314ep-2,2,5,13,16,20,23
2622,222,0.053720022549391677,0x1.b8130d7fae3e0p-5,1,4,14,16,27,29
2623,222,0.19611312912255807,0x1.91a3c29f2e4f4p-3,3,5,7,10,12,17
2624,222,-0.2908569580741126,-0x1.29d6680af82c6p-2,3,4,13,15,25,29
2625,222,-0.39660275030906444,-0x1.961f080853082p-2,2,3,14,17,25,29
2626,222,-0.10985876971069508,-0x1.c1fb44f161338p-4,2,4,9,11,12,13
2627,222,0.34298788534593527,0x1.5f383759f0a12p-2,8,10,19,21,24,29
2628,222,0.076089942636006658,0x1.37aa1672d1920p-4,8,11,12,16,19,23
2629,222,0.24169446026208274,0x1.eefd815399a28p-3,3,4,21,22,24,29
2630,222,0.1987554588320456,0x1.970d1a1cae4e4p-3,6,10,19,22,24,29
2631,222,0.049013567949254377,0x1.9184e6ecdfd10p-5,6,10,19,23,26,27
2632,222,0.20608922521645212,0x1.a6121b92e6b00p-3,6,9,13,14,24,25
2633,222,-0.29344309160936821,-0x1.2c7c5886cc274p-2,1,3,15,17,19,20
2634,222,-0.29824844483785973,-0x1.31680a52a557cp-2,6,10,20,22,25,27
2635,222,-0.28673900720133727,-0x1.259ee909ab442p-2,7,11,19,20,27,28
2636,222,-0.34566480298833824,-0x1.61f5f440da500p-2,4,5,15,16,24,26
2637,222,0.15896583834471656,0x1.458fe1a6f9680p-3,7,9,14,17,24,25
2638,222,0.20092934695401576,0x1.9b80d86fcb074p-3,2,3,7,11,25,28
2639,222,0.27228280120547632,0x1.16d14d79c35e8p-2,1,2,9,11,24,29
2640,222,0.42660856063514285,0x1.b4d8dfe07c7d4p-2,1,2,6,11,24,28
2641,222,-0.065481820360837273,-0x1.0c36aa4eeae08p-4,3,5,13,14,18,22
2642,222,0.11973794609005295,0x1.ea725628c0770p-4,12,16,20,21,28,29
2643,222,0.10559653323786156,0x1.b085fd8d3dd18p-4,4,5,8,9,21,23
2644,222,0.17664803026023912,0x1.69c67146f6e08p-3,7,9,19,23,24,28
2645,222,0.2340193607674298,0x1.df458ae903f74p-3,3,4,12,16,19,20
2646,222,-0.37112162398405524,-0x1.7c074e9766532p-2,3,5,19,21,24,28
2647,222,0.033305630647520901,0x1.10d6f84ceb950p-5,0,1,18,19,27,28
2648,222,0.35497410693936204,0x1.6b7e5510eceb6p-2,1,4,16,17,24,27
2649,222,-0.064574517857286517,-0x1.087f4a25a1d90p-4,1,3,12,16,20,23
2650,222,-0.42529467665117926,-0x1.b380729d84d2ap-2,1,5,6,9,19,22
2651,222,0.212137231940422,0x1.b275014b95aa8p-3,7,8,16,17,26,29
2652,222,0.22965269439440983,0x1.d65426dee5ef4p-3,1,4,15,17,27,29
2653,222,-0.22187594457596638,-0x1.c666e52dc8778p-3,0,2,12,13,27,28
2654,222,0.13242420276801103,0x1.0f346ba0b328cp-3,8,9,12,17,19,22
2655,222,0.25916279138716025,0x1.0961f88564462p-2,9,11,20,22,24,29
2656,222,-0.44410595008112808,-0x1.c6c3b5ce3ad52p-2,7,8,16,17,25,29
2657,222,0.14802310819428455,0x1.2f26bd45f9494p-3,6,8,19,20,24,29
2658,222,-0.029877020448226821,-0x1.e9814e6e881c0p-6,6,7,19,21,24,28
2659,222,0.21754712742321147,0x1.bd89592cf8b48p-3,2,5,14,15,22,23
2660,222,0.42646563360373047,0x1.b4b36834c8a4cp-2,0,3,12,14,22,23
2661,222,-0.084831945399025721,-0x1.5b78bdf251668p-4,2,4,12,16,20,21
2662,222,0.41084087571670791,0x1.a4b3787440c78p-2,4,5,6,9,14,17
2663,222,0.15398680196161918,0x1.3b5d6eb386b94p-3,8,11,12,16,26,28
2664,222,0.136021474641281,0x1.16926d491a9d4p-3,2,3,20,22,25,29
2665,222,0.25684223269262263,0x1.0701a67695f36p-2,2,4,13,14,25,27
2666,222,-0.31817372248670606,-0x1.45cf55121ba14p-2,2,4,13,17,25,27
2667,222,0.15603954344403881,0x1.3f91a8ffcca1cp-3,6,7,16,17,24,27
2668,222,-0.22200341420793024,-0x1.c6a9b9dcfcba4p-3,9,10,21,23,25,28
2669,222,0.35833984046790379,0x1.6ef0a39ea76dap-2,0,1,9,10,18,21
2670,222,0.2799122010695293,0x1.1ea14dd56148ep-2,2,4,6,9,13,16
2671,222,-0.2095830412609242,-0x1.ad39dfa01858cp-3,0,5,8,9,21,22
2672,222,-0.26780818172461796,-0x1.123c4ed86f0fep-2,1,5,13,16,24,27
2673,222,-0.3830866123738168,-0x1.8847db5eb950cp-2,9,11,19,23,26,27
2674,222,-0.34279004974574034,-0x1.5f045ad4356b8p-2,8,9,18,20,25,28
2675,222,0.48602819583538648,0x1.f1b160182ffe4p-2,13,17,18,22,26,29
2676,222,-0.33670795667704323,-0x1.58c9f878ec6d4p-2,6,8,15,17,26,27
2677,222,0.40329826642350253,0x1.9cfa38834a2d4p-2,3,5,12,15,26,28
2678,222,-0.32730059166179371,-0x1.4f27e2e4986d4p-2,3,5,6,10,14,15
2679,222,0.2287169945111418,0x1.d469935bb7d70p-3,0,5,13,16,25,26
2680,222,-0.22920905688901405,-0x1.d56b8eda48554p-3,1,5,13,16,18,23
2681,222,0.30455937052855042,0x1.37de6960711f2p-2,1,3,14,17,18,22
2682,222,-0.49096603435227215,-0x1.f6bfccd3f593cp-2,1,5,15,16,26,28
2683,222,0.21212979374538965,0x1.b2711af5263e8p-3,2,4,6,9,19,21
2684,222,0.15678098930823048,0x1.4116642db4fe4p-3,2,4,6,9,21,22
2685,222,0.43901621604019325,0x1.c18d778939a6ep-2,0,4,7,9,19,22
2686,222,-0.25150227958706761,-0x1.0189d046c89b0p-2,7,9,20,22,24,25
2687,222,0.30753037664772964,0x1.3ae93e38ea0bep-2,6,7,18,22,26,27
2688,222,0.079545249529717532,0x1.45d13d5484490p-4,0,2,15,16,28,29
2689,222,0.28430768370840431,0x1.23218dae1dceap-2,4,5,13,15,22,23
2690,222,-0.30872723433335147,-0x1.3c22fdfb62956p-2,0,3,13,17,25,29
2691,222,0.16506914979752796,0x1.520fc63fabd7cp-3,10,11,12,13,24,29
2692,222,0.10724609967062659,0x1.b747afab57a50p-4,0,4,12,17,26,29
2693,222,0.20383696876382229,0x1.a17546d4737ccp-3,1,2,13,14,24,29
2694,222,0.0018247706793089735,0x1.de5a498fb3200p-10,9,10,20,21,25,28
2695,222,0.16906418599550077,0x1.5a3e52ee344ccp-3,2,4,6,9,21,23
2696,222,-0.055610426793937795,-0x1.c78f848cb0a90p-5,7,9,19,23,26,27
2697,222,0.27383354055583897,0x1.1867d1d4f0dd0p-2,1,5,13,15,18,20
2698,222,-0.3368310963173734,-0x1.58ea403bd5f5ap-2,6,8,19,20,24,27
2699,222,-0.40974697935314153,-0x1.a394b64fd37cap-2,6,11,13,15,20,23
2700,222,-0.17186202945898743,-0x1.5ff9331f9ab48p-3,0,3,7,8,18,19
2701,222,-0.48964493540524878,-0x1.f5657b60decc4p-2,6,7,14,16,18,23
2702,222,0.068277149498476297,0x1.17a9c7c28f998p-4,9,11,12,16,28,29
2703,222,-0.35093435070281342,-0x1.675b559d3f0e6p-2,1,4,6,11,18,23
2704,222,0.11359942182262928,0x1.d14da09929c90p-4,7,9,12,16,24,26
2705,222,-0.12019412943367735,-0x1.ec50adf16bde8p-4,6,11,19,23,24,28
2706,222,0.088726808039003346,0x1.6b6ccd2ce5550p-4,3,5,12,15,24,26
2707,222,-0.44396975095666558,-0x1.c6a001a316accp-2,3,4,12,15,19,20
2708,222,0.045406250660484537,0x1.73f7cf33dd430p-5,2,3,13,14,28,29
2709,222,0.2955530686749902,0x1.2ea576b0c41f2p-2,7,8,15,17,18,20
2710,222,-0.18583646970122469,-0x1.7c97d4be2ab60p-3,6,7,16,17,25,27
2711,222,-0.28905092456255199,-0x1.27fcf72f7fb7ap-2,0,4,13,15,18,22
2712,222,-0.15306113315170433,-0x1.39781d8966f4cp-3,0,1,15,16,26,28
2713,222,-0.32284201366231735,-0x1.4a9718c9d1584p-2,3,4,8,11,22,23
2714,222,-0.13479836624118025,-0x1.14112a747b158p-3,0,3,8,11,12,13
2715,222,-0.096951177683055612,-0x1.8d1cad97518c0p-4,8,11,21,23,26,28
2716,222,-0.1468080219953688,-0x1.2ca9af2a159f4p-3,14,16,19,21,28,29
2717,222,0.40500691614548712,0x1.9eba220dfea66p-2,1,5,21,23,26,28
2718,222,0.1674891150127551,0x1.5704887b537d0p-3,13,14,21,23,25,26
2719,222,0.070524005094097952,0x1.20ddc77764b68p-4,6,7,16,17,26,27
2720,222,-0.1362979055976945,-0x1.17235b3871720p-3,0,4,8,9,12,17
2721,222,-0.21109810321631106,-0x1.b05433cc7e568p-3,1,4,9,11,12,13
2722,222,-0.428645794253387,-0x1.b6eeec4f8b830p-2,8,11,12,16,28,29
2723,222,-0.024556002204874861,-0x1.92535698fcfe0p-6,2,5,20,21,24,25
2724,222,0.056442714449162712,0x1.ce60f39503090p-5,3,5,12,15,19,22
2725,222,0.054067262201662025,0x1.baeb445e17b80p-5,6,10,15,17,28,29
2726,222,-0.36236914686229027,-0x1.7310e5cb696dcp-2,2,5,14,17,18,22
2727,222,-0.21747165158044079,-0x1.bd61c6fac2c3cp-3,3,5,18,23,26,28
2728,222,0.1399142203127729,0x1.1e8b58c3e8dacp-3,1,5,12,16,26,28
2729,222,0.20698024724554187,0x1.a7e54286b365cp-3,0,3,10,11,18,21
2730,222,0.38923379997015928,0x1.8e934e257a82ep-2,4,5,14,17,25,27
2731,222,-0.42277544869830019,-0x1.b0ec0c16d7fccp-2,1,3,15,17,24,29
2732,222,0.47047478579811419,0x1.e1c4246a61cc4p-2,1,4,13,17,24,26
2733,222,0.36745127332458138,0x1.7845258735e5cp-2,0,3,7,10,12,17
2734,222,-0.31961449375161621,-0x1.47490597f6912p-2,9,11,14,16,18,21
2735,222,0.30275049349644323,0x1.360439b1a90bep-2,3,5,6,10,19,20
2736,222,0.16954578318344304,0x1.5b3ad1cf94ac8p-3,6,8,13,16,18,20
2737,222,0.31430125614100968,0x1.41d83040de928p-2,0,1,8,11,13,16
2738,222,-0.37702002931371548,-0x1.821189df5b83ap-2,8,10,15,17,18,20
2739,222,0.4300651875196625,0x1.b863022e2e23ap-2,0,4,14,16,25,26
2740,222,0.16302379147451551,0x1.4ddf6ae6d2e0cp-3,0,5,13,16,26,28
2741,222,-0.38648735822486069,-0x1.8bc3578f92a68p-2,6,11,13,16,18,23
2742,222,-0.070972055142026536,-0x1.22b397fc3d150p-4,0,1,8,11,12,13
2743,222,0.32989208605919829,0x1.51cf3b23557a4p-2,0,5,14,17,19,22
2744,222,-0.28995333834153092,-0x1.28e987262bed8p-2,0,2,7,9,18,22
2745,222,0.15962492909742798,0x1.46e96f50cc554p-3,4,5,12,16,19,20
2746,222,-0.49665432564988843,-0x1.fc92f3985533ap-2,0,3,21,22,25,26
2747,222,-0.16842639779110535,-0x1.58eff0725df88p-3,6,9,13,14,24,28
2748,222,-0.26789326125452984,-0x1.12529c6fa0c1ep-2,1,3,20,21,24,28
2749,222,-0.37552010157630611,-0x1.8088576d0b17cp-2,13,15,18,23,26,27
2750,222,0.26398346648237137,0x1.0e51ae8ce7eeep-2,4,5,7,9,25,27
2751,222,0.48885314050755102,0x1.f495eaec1b77ep-2,7,9,21,23,25,26
2752,222,0.27917714547957995,0x1.1de09d168070cp-2,6,8,13,16,25,28
2753,222,0.24410268461793305,0x1.f3ec1bba660a8p-3,1,2,13,17,27,28
2754,222,-0.4706711155668698,-0x1.e1f79be2204cap-2,14,16,21,23,24,28
2755,222,-0.13213261854710556,-0x1.0e9b8bdb28444p-3,7,11,20,21,24,25
2756,222,-0.23323214182976792,-0x1.dda8d02c4772cp-3,7,8,21,23,25,28
2757,222,-0.34278400154917787,-0x1.5f02c4f0fba14p-2,7,8,15,17,25,28
2758,222,-0.49865623683602567,-0x1.fe9fbd94a0eecp-2,13,14,21,22,25,29
2759,222,0.02948437612996857,0x1.e3126fce27c80p-6,7,11,12,16,19,23
2760,222,-0.30675073679812126,-0x1.3a1cdd7a498f0p-2,0,2,13,16,20,23
2761,222,0.42766806521451817,0x1.b5ee9e068f4f4p-2,0,1,12,16,26,28
2762,222,-0.13447529740404351,-0x1.1367c8e3c30d8p-3,9,10,14,17,25,27
2763,222,0.37323790084439057,0x1.7e3213870473ep-2,0,2,13,14,25,28
2764,222,-0.21069690911554118,-0x1.af81dc7028014p-3,1,4,6,9,19,20
2765,222,-0.10062314722306631,-0x1.9c270468b2d80p-4,0,3,18,23,25,28
2766,222,0.49796217973549772,0x1.fde9cc326f72ep-2,0,3,13,16,18,21
2767,222,0.16654385931782434,0x1.5514f268f51b0p-3,3,4,6,7,18,23
2768,222,0.37175867342183555,0x1.7cae4e41678e2p-2,1,5,15,16,24,28
2769,222,0.20161248615282468,0x1.9ce701d3eede4p-3,0,1,15,17,18,20
2770,222,0.029324200123491351,0x1.e0729c20c0960p-6,1,5,12,14,24,28
2771,222,-0.10275347870032203,-0x1.a4e0d4e917008p-4,3,5,13,15,25,28
2772,222,-0.13233659922673546,-0x1.0f067dadf1064p-3,12,17,19,20,24,28
2773,222,0.20073093791191121,0x1.9b18d26d043acp-3,1,5,6,8,13,15
2774,222,-0.21948296655878863,-0x1.c180491b3145cp-3,3,5,6,7,26,28
2775,222,-0.25363211818656017,-0x1.03b823534e518p-2,0,3,10,11,19,20
2776,222,-0.017340476390736659,-0x1.1c1b3abfb2920p-6,9,11,18,21,25,28
2777,222,0.43286681654543091,0x1.bb4170525853ep-2,7,9,19,22,26,29
2778,222,-0.41822969897005347,-0x1.ac4467fd2b51ep-2,3,5,6,7,18,22
2779,222,0.41803176684395305,0x1.ac1084fd22b04p-2,7,8,15,16,25,26
2780,222,0.30109302200080501,0x1.3451baaa30668p-2,8,9,13,17,24,27
2781,222,-0.13738930357896528,-0x1.195f902d88f40p-3,4,5,7,9,12,14
2782,222,-0.11098599415795929,-0x1.c6993ff38f498p-4,1,5,14,16,19,23
2783,222,0.0099243031935478676,0x1.453316d370b00p-7,7,11,12,15,24,29
2784,222,0.14224386380282983,0x1.2350c038b7fa0p-3,6,9,14,17,24,27
2785,222,0.058061650728813308,0x1.dba41b61065f0p-5,0,1,14,16,27,28
2786,222,0.0074845268055829806,0x1.ea8185db23c00p-8,3,5,12,17,20,22
2787,222,0.1569585581072569,0x1.41737d0f2f124p-3,1,2,13,16,24,28
2788,222,0.42920702053105786,0x1.b7820b9193f64p-2,4,5,6,8,15,16
2789,222,-0.23078531654100953,-0x1.d8a5f8d786704p-3,3,4,15,16,18,20
2790,222,0.29418134172665511,0x1.2d3ddfa73ccf2p-2,8,10,19,21,24,26
2791,222,0.11499531650805361,0x1.d7055439862e8p-4,3,5,19,23,24,26
2792,222,-0.36978146967223924,-0x1.7aa7fe5ba2e6cp-2,1,3,19,21,26,28
2793,222,0.070466131456548897,0x1.20a118214de20p-4,0,1,10,11,18,22
2794,222,-0.069762797279451449,-0x1.1dbf984caefd0p-4,7,11,12,16,21,23
2795,222,0.34951723041815908,0x1.65e7d84823514p-2,8,10,15,17,25,29
2796,222,0.49968888659293742,0x1.ffae71885d82cp-2,1,5,6,9,24,27
2797,222,0.29773518297567092,0x1.30e17de6ff0f8p-2,8,11,13,15,18,22
2798,222,-0.49536479093461394,-0x1.fb40e8629dbdcp-2,0,3,18,21,25,26
2799,222,-0.39587351805132365,-0x1.955fde1588172p-2,0,1,10,11,20,21
2800,222,-0.068005388925675758,-0x1.168cd196335b0p-4,0,2,7,10,15,17
2801,222,-0.40532639717962204,-0x1.9f0de2105e30ep-2,1,2,9,11,14,16
2802,222,0.27015843691725228,0x1.14a469cd313b4p-2,1,4,14,17,18,21
2803,222,-0.18911535165211801,-0x1.834ee8d4239b8p-3,2,4,12,16,19,23
2804,222,-0.058460774264318394,-0x1.dee921320cfe0p-5,10,11,18,19,28,29
2805,222,-0.33423783737068624,-0x1.564271925f17cp-2,7,9,16,17,24,27
2806,222,-0.25571925235425375,-0x1.05db448746bfcp-2,9,11,12,16,26,27
2807,222,-0.31365604101985556,-0x1.412f0c997e11ap-2,0,2,12,17,20,21
2808,222,-0.15296242948561856,-0x1.39445dc1426ecp-3,1,3,6,8,13,15
2809,222,-0.29603024612378936,-0x1.2f228d86e9fd8p-2,4,5,8,9,12,17
2810,222,-0.30020394264008798,-0x1.3368a98f13e78p-2,6,11,14,15,28,29
2811,222,0.48019653492089853,0x1.ebb8a3f48d168p-2,7,10,21,23,24,26
2812,222,-0.038325930487623672,-0x1.39f74d410f430p-5,9,10,13,17,21,22
2813,222,0.021294558149431597,0x1.5ce3d9b569be0p-6,2,3,20,23,25,28
2814,222,0.42071901150045121,0x1.aed0f6ecccaeep-2,8,11,18,21,25,29
2815,222,0.37651799684089171,0x1.818def0b25f36p-2,0,2,12,17,27,28
2816,222,0.043220996871411788,0x1.6211000205ff0p-5,2,5,15,16,24,25
2817,222,0.089450197736641646,0x1.6e63549e64cc8p-4,1,2,13,15,24,29
2818,222,0.12642288434196736,0x1.02ea004db7c9cp-3,4,5,8,9,19,21
2819,222,-0.038468591365360627,-0x1.3b227bbacc140p-5,7,11,20,22,25,29
2820,222,0.033852203264055802,0x1.1551373d55500p-5,6,7,15,16,28,29
2821,222,0.34261435296662512,0x1.5ed64c0487052p-2,0,5,16,17,18,21
2822,222,0.037771746826991803,0x1.356d182ab60a0p-5,3,5,7,10,24,25
2823,222,-0.35952784218640399,-0x1.70281110c4a9ep-2,0,1,8,11,20,23
2824,222,-0.19372288508478974,-0x1.8cbe957f68524p-3,2,3,14,16,24,25
2825,222,-0.060606889111503137,-0x1.f07ddbd4adb50p-5,0,1,18,23,26,27
2826,222,0.042814700702226371,0x1.5ebcef69bb1c0p-5,2,5,9,10,24,28
2827,222,-0.36113705369166482,-0x1.71cde96beb012p-2,4,5,15,17,20,22
2828,222,0.09782813178638361,0x1.90b43b2a6bb50p-4,3,5,6,10,14,17
2829,222,0.2829103153806295,0x1.21b33de10b1c2p-2,8,9,12,17,25,27
2830,222,-0.20365707506327113,-0x1.a116f5e7f7548p-3,7,9,16,17,25,29
2831,222,-0.032856773205927614,-0x1.0d29a5cbe3b90p-5,1,4,14,15,24,27
2832,222,-0.49709650611281486,-0x1.fd06ddd2d7742p-2,0,3,14,17,19,22
2833,222,0.41386376202002872,0x1.a7cbe6eb80904p-2,6,7,21,23,25,28
2834,222,0.2431136097521972,0x1.f1e58c58c919cp-3,0,4,20,22,25,27
2835,222,0.40432214606718309,0x1.9e069fe9a0db4p-2,10,11,13,15,24,26
2836,222,-0.33667472183667124,-0x1.58c1421eb6ae8p-2,3,5,14,16,24,26
2837,222,-0.025687889028453093,-0x1.a4ded0d1f3700p-6,0,4,12,15,27,29
2838,222,-0.43047950400753476,-0x1.b8cf9e7d3e1e6p-2,15,16,18,23,26,27
2839,222,0.24391975784680076,0x1.f38c33b666e8cp-3,3,4,7,8,18,22
2840,222,-0.26087286944984456,-0x1.0b2241eacd940p-2,1,3,10,11,19,21
2841,222,-0.33272150299272563,-0x1.54b4f2181e6fap-2,3,4,18,23,25,26
2842,222,0.27576318861586624,0x1.1a61aa522eeccp-2,6,9,19,21,26,28
2843,222,0.31126869570078874,0x1.3ebd389136bf2p-2,3,4,12,13,26,29
2844,222,-0.34863225965126143,-0x1.64ffdae62188cp-2,0,3,15,17,26,28
2845,222,0.1947977648178465,0x1.8ef22169cff98p-3,3,5,7,8,19,20
2846,222,-0.19309512732933887,-0x1.8b7575472bf68p-3,8,11,12,13,26,28
2847,222,-0.30071233457278146,-0x1.33edef29f9c2ap-2,0,3,8,11,22,23
2848,222,-0.030598655986733392,-0x1.f55410b0eeca0p-6,7,9,12,16,25,26
2849,222,-0.15356103006911515,-0x1.3a7e3490b2044p-3,0,2,10,11,12,13
2850,222,-0.30424978357572807,-0x1.378d41591760cp-2,8,10,12,15,22,23
2851,222,0.14769142454091899,0x1.2e78d7726c564p-3,0,3,12,16,25,28
2852,222,0.46165340981277636,0x1.d8bbabe4ee58ap-2,0,5,8,9,20,23
2853,222,-0.38607176332621929,-0x1.8b56657594a5ep-2,6,9,16,17,26,29
2854,222,-0.14114312482517732,-0x1.210fa5896f600p-3,7,8,12,15,25,28
2855,222,0.33016922977751917,0x1.5217e1f028e9cp-2,8,11,15,16,20,23
2856,222,-0.37753032005724363,-0x1.82974ee793bcap-2,4,5,6,7,18,22
2857,222,-0.32242135094813107,-0x1.4a28d2976addcp-2,3,5,18,23,25,28
2858,222,-0.25824988302589502,-0x1.0872a8472b0dcp-2,4,5,14,16,19,23
2859,222,0.45428791597746709,0x1.d130d9f85d680p-2,1,4,13,15,26,27
2860,222,0.22335913746056824,0x1.c97083f53f4d4p-3,1,3,13,14,18,21
2861,222,0.25440231580679484,0x1.04820a69aada2p-2,2,5,6,10,20,22
2862,222,-0.08706255218104364,-0x1.649bb3e52e988p-4,2,3,18,20,25,29
2863,222,-0.23189067202411695,-0x1.dae97f24ba758p-3,2,5,6,9,14,17
2864,222,0.084224465721140507,0x1.58fbc0dcb9d78p-4,1,2,16,17,18,21
2865,222,0.41605250585745657,0x1.aa09ab084e76ap-2,4,5,15,17,25,27
2866,222,-0.10520513522191166,-0x1.aeeb947263d00p-4,2,4,9,11,19,22
2867,222,0.12440292664686303,0x1.fd8dec5799738p-4,4,5,22,23,24,25
2868,222,0.42549158155563982,0x1.b3b410ae04e7ap-2,0,4,14,16,26,29
2869,222,0.13891489033316884,0x1.1c7f68f744604p-3,1,3,8,10,18,23
2870,222,0.081409274412285737,0x1.4d73cfb311d88p-4,0,5,9,10,22,23
2871,222,-0.39046000531501901,-0x1.8fd4bf64e55e6p-2,2,4,6,11,13,15
2872,222,0.3351859126648189,0x1.573af9d3e6b78p-2,0,5,14,16,18,23
2873,222,-0.03021415499863922,-0x1.ef0759e61b880p-6,10,11,20,22,24,27
2874,222,0.15616457341183054,0x1.3fd3363cc7e44p-3,6,11,22,23,25,27
2875,222,0.10337036412035872,0x1.a767aed45c600p-4,2,3,6,7,14,15
2876,222,-0.49994486293789941,-0x1.fff18bd07c656p-2,0,2,19,20,27,28
2877,222,-0.48740078099010775,-0x1.f31930b996e88p-2,6,11,13,15,24,29
2878,222,0.050353968347242151,0x1.9c7fece8cea30p-5,0,5,7,8,20,22
2879,222,0.23042124059940594,0x1.d7e717656cf20p-3,2,4,18,19,27,29
2880,222,0.44158866491212689,0x1.c42fd1a853da6p-2,2,4,7,9,19,21
2881,222,0.31658773193884238,0x1.442f930bf7f44p-2,6,7,18,21,26,29
2882,222,-0.37431506170849882,-0x1.7f4c7291c0bdep-2,6,9,13,16,27,29
2883,222,0.46253144730282514,0x1.d9a1d7fe2612ep-2,2,3,13,15,18,20
2884,222,0.0018269224231615144,0x1.deeab03d3e400p-10,0,2,9,11,18,22
2885,222,-0.40000995277024265,-0x1.999c3584e40aap-2,2,3,13,15,28,29
2886,222,0.49217393138928645,0x1.f7fc716d0afdap-2,0,4,15,17,25,27
2887,222,-0.018162042948147605,-0x1.2991211f69f20p-6,0,1,9,10,19,20
2888,222,0.19967731544392076,0x1.98f06b9cad7f4p-3,2,4,7,9,18,21
2889,222,-0.074607113644681422,-0x1.31973a92721f8p-4,0,5,15,16,19,23
2890,222,0.47011170835524874,0x1.e164f6b368f16p-2,2,5,12,17,24,25
2891,222,-0.12700516039442733,-0x1.041b481289d48p-3,10,11,13,14,24,29
2892,222,0.22880934812923748,0x1.d499fed9df8c0p-3,8,11,18,21,26,28
2893,222,-0.12817036437899798,-0x1.067e2f1a97f60p-3,7,10,18,20,28,29
2894,222,-0.14378221145928016,-0x1.267749bfb69c0p-3,8,11,13,16,27,29
2895,222,-0.29047099871699855,-0x1.29713abfb430ap-2,1,3,12,14,19,22
2896,222,-0.48016520198436852,-0x1.ebb06d3ccce64p-2,1,5,9,10,20,22
2897,222,0.27964303489834019,0x1.1e5abe65c52dep-2,0,4,8,9,16,17
2898,222,-0.20407879510264681,-0x1.a1f410362f020p-3,3,5,16,17,18,19
2899,222,0.029517243476357979,0x1.e39c4ad989a80p-6,13,15,22,23,24,27
2900,222,-0.47305209128381231,-0x1.e467c4757938cp-2,12,15,19,20,27,28
2901,222,0.05606807595983343,0x1.cb4f47131bad0p-5,6,10,19,22,26,29
2902,222,0.39509256243337032,0x1.9493250a2d394p-2,7,11,12,15,25,26
2903,222,-0.16668595592336177,-0x1.555f724b258d8p-3,2,3,10,11,24,29
2904,222,0.10809248558684525,0x1.babf2fa89f230p-4,1,2,6,11,18,22
2905,222,0.27321199009342434,0x1.17c4e2494e2a6p-2,6,7,18,23,26,27
2906,222,-0.28425056674220894,-0x1.231294a01be82p-2,1,2,15,17,24,29
2907,222,0.14080133315901888,0x1.205c730935a14p-3,6,11,14,15,27,28
2908,222,0.1824411900402243,0x1.75a3ba0554240p-3,1,3,6,11,21,22
2909,222,0.14180358094776291,0x1.2269ea7502b98p-3,1,4,6,11,20,21
2910,222,0.307899919786778,0x1.3b4a1dd7b370cp-2,9,11,20,22,27,29
2911,222,0.15418558404669014,0x1.3bc5a6c7f6280p-3,6,10,19,22,24,27
2912,222,0.46332717749698493,0x1.da72708aca474p-2,0,1,14,17,27,29
2913,222,-0.27500055853203509,-0x1.1999bf151b77ep-2,14,15,18,23,26,28
2914,222,0.25327056224180278,0x1.03595bb778e8cp-2,12,15,22,23,25,26
2915,222,-0.28672398653504483,-0x1.259af9049648cp-2,13,14,22,23,25,27
2916,222,0.48210425201002061,0x1.edacbcae95132p-2,0,2,12,17,21,22
2917,222,-0.020085350594691409,-0x1.491410fbb4880p-6,9,10,12,17,27,29
2918,222,0.36527492270743711,0x1.760aa11c4f3a2p-2,15,17,19,20,28,29
2919,222,0.29531222006870128,0x1.2e66539d37874p-2,7,8,12,17,20,21
2920,222,0.20839054896615794,0x1.aac8aa04d7510p-3,7,11,12,15,25,29
2921,222,-0.15696871400735135,-0x1.4178d0294106cp-3,0,3,10,11,18,20
2922,222,-0.063955157960260078,-0x1.05f5d7fd98e88p-4,3,4,7,11,19,23
2923,222,0.064452524323205584,0x1.07ff5ec1ce148p-4,6,8,16,17,20,21
2924,222,0.37323033628470592,0x1.7e3017e0df1fap-2,3,5,15,17,18,20
2925,222,0.44281843144635846,0x1.c57231e48333ep-2,1,5,14,15,27,28
2926,222,-0.27996263505124519,-0x1.1eae8666969c8p-2,7,11,12,14,26,27
2927,222,0.15728966996272831,0x1.42211623e88dcp-3,3,5,13,16,18,21
2928,222,-0.29483879731846518,-0x1.2dea38c04c934p-2,0,2,9,10,13,14
2929,222,0.033759498123625775,0x1.148ecc8bd9e00p-5,2,4,12,14,24,29
2930,222,-0.41447977251216772,-0x1.a86d62af2c51ap-2,3,5,14,15,18,19
2931,222,0.46679382335259612,0x1.ddff333518c84p-2,2,5,6,7,20,23
2932,222,0.47727546390313769,0x1.e8bae63296bcep-2,1,5,12,14,19,21
2933,222,0.053074042707233704,0x1.b2c855b635df0p-5,7,10,12,15,24,26
2934,222,0.25853783502097671,0x1.08be2468c6636p-2,3,4,14,15,18,23
2935,222,0.48628508767500211,0x1.f1f4b7d062f22p-2,7,11,21,23,25,28
2936,222,-0.025005046891242166,-0x1.99aec4a880500p-6,2,3,6,10,15,17
2937,222,-0.3955667043614518,-0x1.950f702a79ca6p-2,1,4,8,11,22,23
2938,222,0.19835688655439498,0x1.963c22a580048p-3,8,9,12,17,24,27
2939,222,-0.37789075785189863,-0x1.82f5cb79bcfd4p-2,1,5,6,8,19,22
2940,222,0.3044051107955017,0x1.37b5f92e68620p-2,8,9,12,17,24,28
2941,222,0.097667417072901386,0x1.900bb5a3680d8p-4,0,2,14,15,22,23
2942,222,-0.014142008576509046,-0x1.cf67c42afd640p-7,0,3,14,17,21,22
2943,222,0.080035619059845575,0x1.47d36de608cf8p-4,6,7,18,23,26,28
2944,222,-0.38189375538426473,-0x1.870f2817b02b8p-2,8,11,12,15,25,26
2945,222,-0.45801859416933144,-0x1.d502d38bab2fep-2,7,11,18,23,25,26
2946,222,0.41068204759787186,0x1.a489d5adf2de0p-2,0,4,7,11,12,15
2947,222,0.38954223254625242,0x1.8ee428b4c9b56p-2,8,11,15,16,19,23
2948,222,-0.013543222066411231,-0x1.bbc8c7edc92c0p-7,1,3,15,16,24,29
2949,222,0.44407264795694901,0x1.c6bafaf017c64p-2,2,3,12,14,22,23
2950,222,0.36089772777862472,0x1.718f2c880a244p-2,3,4,12,13,25,29
2951,222,0.4327779587252083,0x1.bb2a252c9e1d0p-2,2,3,12,13,20,21
2952,222,0.097247276114538983,0x1.8e5328e897a98p-4,1,5,6,10,19,21
2953,222,0.3878235224249662,0x1.8d219c05bd2fcp-2,0,2,13,15,27,29
2954,222,-0.16448475246696492,-0x1.50dd61c44a47cp-3,0,4,7,9,27,29
2955,222,0.20033050369869698,0x1.9a46e10e3785cp-3,2,5,14,17,25,28
2956,222,0.32547425153708287,0x1.4d491f482ada6p-2,7,11,21,23,26,28
2957,222,0.31103407569404584,0x1.3e7fb77c30a7ep-2,7,10,20,23,27,28
2958,222,0.47583423878681286,0x1.e7411737a02b8p-2,3,4,6,7,15,17
2959,222,-0.46551451743789551,-0x1.dcafd670d5ffap-2,6,9,19,23,24,26
2960,222,-0.31840568133234715,-0x1.460c2390bb6bep-2,1,3,12,16,26,28
2961,222,-0.25182702514747679,-0x1.01def195078f4p-2,9,10,19,21,26,29
2962,222,-0.42857834259236371,-0x1.b6dd3db4d5148p-2,6,8,19,22,27,29
2963,222,0.041370392194634231,0x1.52e8002ff4ec0p-5,0,5,8,10,19,21
2964,222,0.40732349471884521,0x1.a1196902d6e7ep-2,3,5,7,8,24,26
2965,222,0.49734320941034682,0x1.fd4789cd38712p-2,15,16,20,23,27,28
2966,222,0.25500154780666384,0x1.051f20310937cp-2,1,3,8,11,18,23
2967,222,-0.49286558979947448,-0x1.f8b1c1d60ccb4p-2,1,3,6,11,18,22
2968,222,0.30125845243937355,0x1.347d18837b93cp-2,2,5,6,9,13,17
2969,222,0.33404004883261285,0x1.560e983529486p-2,0,4,13,17,25,27
2970,222,-0.26620762831404532,-0x1.1098bb8637db8p-2,1,2,9,11,21,22
2971,222,0.13664665523204067,0x1.17da339aa29d8p-3,0,1,9,10,12,13
2972,222,-0.22373017810904905,-0x1.ca330c30da5c0p-3,3,4,13,16,20,21
2973,222,0.248854755199027,0x1.fda78fd845710p-3,2,3,13,16,18,23
2974,222,-0.43457693338862524,-0x1.bd01bc52001e6p-2,2,5,12,17,20,22
2975,222,-0.26173615069461087,-0x1.0c048fbda8396p-2,6,10,13,15,24,25
2976,222,-0.058162100932156346,-0x1.dc76c42bd9310p-5,4,5,6,7,18,19
2977,222,-0.48101266980578006,-0x1.ec8e95d71c21ap-2,1,3,15,17,24,28
2978,222,0.10538394934548123,0x1.afa7147f65048p-4,7,11,12,15,27,28
2979,222,0.30455793795064057,0x1.37de093cf0d7ep-2,8,10,20,23,24,25
2980,222,-0.27144197870389741,-0x1.15f4e2d52dd7ap-2,8,11,21,22,24,25
2981,222,0.27347059339813629,0x1.1808acdc4036cp-2,3,5,13,15,18,20
2982,222,0.42842664342741921,0x1.b6b5795905f56p-2,9,11,12,13,25,26
2983,222,0.10501808460645168,0x1.ae27716df8eb0p-4,7,8,12,17,25,27
2984,222,-0.25730069862950244,-0x1.0779d597681aep-2,0,5,7,10,14,17
2985,222,0.24459230331530346,0x1.f4eccf3cbd860p-3,1,2,12,13,22,23
2986,222,0.36787420474239307,0x1.78b403f9a470cp-2,10,11,22,23,24,25
2987,222,-0.035558908598366079,-0x1.234c6fb05dae0p-5,4,5,12,15,24,27
2988,222,0.14735061265751581,0x1.2dc6287346d94p-3,8,10,21,22,24,26
2989,222,0.3994844447402438,0x1.99127345ae25ep-2,1,3,15,16,28,29
2990,222,0.21157350251899454,0x1.b14d72d0276f4p-3,15,16,18,23,25,28
2991,222,0.25554450998526124,0x1.05ad75c43c75ap-2,3,4,21,23,25,26
2992,222,-0.21772964542600093,-0x1.bde90a53cb780p-3,6,8,22,23,24,27
2993,222,0.0056141389752339954,0x1.6fed9f4b38600p-8,6,7,15,17,24,26
2994,222,0.47254613501228449,0x1.e3e3224eea752p-2,3,4,14,16,24,29
2995,222,-0.17436885047990092,-0x1.651b7ef204afcp-3,2,5,14,16,18,21
2996,222,0.41105683603091547,0x1.a4ec154e33378p-2,14,16,19,23,24,26
2997,222,0.052553978286847824,0x1.ae85ae4088da0p-5,0,1,12,14,21,23
2998,222,0.10820232120095252,0x1.bb325b6e8cd08p-4,6,11,21,22,25,29
2999,222,-0.36663512137168253,-0x1.776f327f6ceb8p-2,9,10,18,21,25,26
3000,222,0.31179041546334352,0x1.3f45fc967c398p-2,1,2,10,11,20,22
3001,222,0.41607229447352911,0x1.aa0edb0624574p-2,0,4,12,13,20,22
3002,222,-0.42882069761169994,-0x1.b71cc5e05c520p-2,4,5,14,15,19,22
3003,222,-0.12052682368710976,-0x1.edad88e06e290p-4,15,17,20,22,24,27
3004,222,0.42820139413389369,0x1.b67a6d1fa070ap-2,10,11,19,20,27,29
3005,222,0.30476367730791321,0x1.3813f82c2f4b0p-2,1,3,14,15,26,29
3006,222,-0.49245019612370844,-0x1.f844dd3d0a5b4p-2,0,3,12,16,25,29
3007,222,-0.24351060308889549,-0x1.f2b5afe3f7e54p-3,0,2,12,17,20,22
3008,222,0.39116903573349804,0x1.908e9d9ebba08p-2,9,11,12,16,25,29
3009,222,0.22933958616034489,0x1.d5affe31e5148p-3,3,4,14,17,18,22
3010,222,0.28855161672377649,0x1.277a1334256c8p-2,10,11,18,20,27,29
3011,222,-0.20076778508428628,-0x1.9b2c23f8380bcp-3,8,9,16,17,24,28
3012,222,-0.32054912879796571,-0x1.483e07e3cb51ep-2,0,4,7,9,14,16
3013,222,-0.061533298416095894,-0x1.f814ae09fd0e0p-5,2,3,18,21,25,29
3014,222,-0.10849069550429502,-0x1.bc60bd51c7a50p-4,9,10,18,22,25,27
3015,222,-0.019338355173857291,-0x1.3cd6f0c1edf80p-6,0,3,8,10,26,28
3016,222,0.050495581530489386,0x1.9da8e8e882b10p-5,1,4,9,11,14,16
3017,222,-0.48277988476172884,-0x1.ee5dd9a0df834p-2,0,2,18,23,25,28
3018,222,0.16244828445303483,0x1.4cb1afa823000p-3,0,5,14,17,21,22
3019,222,0.23692261311249518,0x1.e537aed8021acp-3,0,5,8,9,22,23
3020,222,0.38072298552252437,0x1.85dc3f0e9e6fep-2,7,10,14,15,18,19
3021,222,-0.1148709064313358,-0x1.d682e02626c30p-4,6,9,13,17,18,20
3022,222,-0.073050060773257042,-0x1.2b368a5fdf088p-4,0,1,10,11,26,27
3023,222,-0.47671186070336979,-0x1.e827276d585a0p-2,1,5,6,8,18,20
3024,222,0.46426476121203286,0x1.db6838b85d1cep-2,3,5,8,10,20,22
3025,222,0.36479607470350017,0x1.758d1a2a3e29cp-2,0,2,9,11,20,22
3026,222,-0.01969749369702245,-0x1.42b946cf7aec0p-6,7,10,12,17,19,22
3027,222,0.32638752160840845,0x1.4e3887cc85be0p-2,1,4,19,21,24,26
3028,222,0.19753143074859558,0x1.948b5bd7fa7c0p-3,1,4,6,11,27,29
3029,222,0.39643549898384778,0x1.95f32ffc6faf6p-2,0,3,7,10,19,21
3030,222,0.057000115506277371,0x1.d2f1e7fef7440p-5,7,9,19,23,24,27
3031,222,-0.022252982970467627,-0x1.6c97c6862ec00p-6,0,1,12,16,21,23
3032,222,0.041717687143696947,0x1.55c054be4d510p-5,7,11,20,22,27,29
3033,222,0.14882665531310413,0x1.30cc078abe268p-3,6,7,14,16,21,23
3034,222,-0.092341646391691179,-0x1.7a3b3bf4fa4e8p-4,2,3,7,11,14,16
3035,222,0.35356509097603139,0x1.6a0cf79aff4dap-2,8,10,13,15,26,27
3036,222,-0.41475031257515405,-0x1.a8b44e5210732p-2,0,1,16,17,26,27
3037,222,-0.10099863975485746,-0x1.9db0bfeb00670p-4,2,3,6,7,21,22
3038,222,0.10826317888332537,0x1.bb722bcaa3598p-4,0,1,9,10,13,17
3039,222,-0.32552912600310591,-0x1.4d5781d850b1cp-2,6,7,14,17,18,22
3040,222,-0.37349144434421988,-0x1.7e748a8b2d4a4p-2,9,11,12,13,24,26
3041,222,-0.077731539816290773,-0x1.3e636d560f1e0p-4,3,4,6,11,19,22
3042,222,-0.20165900685448301,-0x1.9cff65bb121d0p-3,8,11,13,16,24,29
3043,222,-0.32918505116178243,-0x1.5115e2d449ab4p-2,6,7,15,16,24,26
3044,222,0.21368584221378961,0x1.b5a0ec3f695acp-3,15,16,19,20,24,27
3045,222,0.163103774627812,0x1.4e095a0f0b7bcp-3,10,11,14,15,22,23
3046,222,-0.16111634881668258,-0x1.49f75e48260d4p-3,0,5,12,16,26,27
3047,222,-0.49676051390765896,-0x1.fcaec9c4b5cf4p-2,0,5,16,17,25,27
3048,222,0.099719621297941652,0x1.98739a03e8190p-4,1,2,6,11,14,15
3049,222,-0.0042256533252639228,-0x1.14eeb2d613f80p-8,12,13,22,23,25,27
3050,222,0.051377545254049917,0x1.a4e28593ad4c0p-5,7,8,12,17,19,20
3051,222,0.45759321784939688,0x1.d493510623648p-2,6,8,13,16,20,23
3052,222,-0.13282469280774933,-0x1.1006647daf2a4p-3,2,5,12,15,20,22
3053,222,0.151923193301994,0x1.372381d5e33a0p-3,0,5,9,10,21,23
3054,222,0.034263017655101535,0x1.18aec1894f500p-5,6,10,13,17,18,22
3055,222,-0.056556163629216671,-0x1.cf4edf25973a0p-5,0,1,8,11,26,28
3056,222,-0.47214182809590133,-0x1.e37925bafb718p-2,2,5,15,17,25,28
3057,222,0.10867955137242369,0x1.bd26c4ee37580p-4,7,9,18,22,26,29
3058,222,0.061862131711985624,0x1.fac64b120ad60p-5,8,9,20,21,24,28
3059,222,-0.26233816249870856,-0x1.0ca26011b2e12p-2,0,1,12,16,19,20
3060,222,0.44707741813875645,0x1.c9cea9a6be8acp-2,10,11,18,23,27,28
3061,222,0.1130038042494127,0x1.cedd13b9326f8p-4,1,5,8,9,27,28
3062,222,-0.22510655811010227,-0x1.cd04aac99587cp-3,2,4,6,7,15,17
3063,222,0.063024588256421321,0x1.022612167bae0p-4,1,5,13,14,22,23
3064,222,0.44181220640267915,0x1.c46a6b45e476ap-2,1,4,12,13,22,23
3065,222,-0.22389660326091598,-0x1.ca8a4d65876a8p-3,6,8,15,16,24,27
3066,222,-0.25156781445613452,-0x1.019afe3f42dc6p-2,1,2,14,16,28,29
3067,222,-0.13754690452056295,-0x1.19b23104a7a24p-3,1,3,16,17,19,20
3068,222,-0.35046718871945792,-0x1.66e0dee77c0a0p-2,3,5,16,17,18,20
3069,222,0.11697925222872863,0x1.df25a2ea20758p-4,8,9,13,17,24,29
3070,222,-0.084027500363783481,-0x1.582d38606ee98p-4,0,4,13,15,20,22
3071,222,0.12003283707411139,0x1.eba78d5aded78p-4,7,11,12,16,24,27
3072,222,-0.11599592433825812,-0x1.db1e8ad808a38p-4,15,16,20,23,24,25
3073,222,-0.27896225281811049,-0x1.1da847e2b0672p-2,6,9,21,22,24,29
3074,222,0.28004072023133031,0x1.1ec2fe9bc4742p-2,3,5,13,14,22,23
3075,222,0.11306930017036276,0x1.cf21c1269cf08p-4,0,4,8,9,18,20
3076,222,-0.056221563874734648,-0x1.cc912a4580b30p-5,7,9,12,17,19,22
3077,222,-0.25070298442882444,-0x1.00b8487c868d4p-2,1,3,8,10,19,23
3078,222,-0.1127880761239578,-0x1.cdfadea54c6b8p-4,6,7,20,23,25,28
3079,222,0.14869056497392685,0x1.3084adce4b52cp-3,1,4,14,16,19,21
3080,222,0.04917195454987644,0x1.92d1101581fd0p-5,10,11,12,14,25,29
3081,222,0.41411333147783635,0x1.a80d533e23c0ap-2,2,3,14,17,18,19
3082,222,0.16431344698553596,0x1.50839188c46acp-3,9,10,12,17,26,29
3083,222,-0.49475223044712702,-0x1.faa0542592e8cp-2,0,3,15,17,25,28
3084,222,-0.22723571904032047,-0x1.d160f5ee16fb0p-3,7,11,19,20,27,29
3085,222,-0.35508947462478013,-0x1.6b9c9342ab444p-2,6,7,16,17,19,20
3086,222,-0.057799191071432166,-0x1.d97db06c62c40p-5,2,5,7,10,18,19
3087,222,-0.1293856802709622,-0x1.08fb5c0aad0bcp-3,0,3,12,13,25,28
3088,222,-0.0090147713896364667,-0x1.2765622652e80p-7,2,3,7,10,25,29
3089,222,0.11448500969985753,0x1.d4ee3bc8b0aa0p-4,4,5,7,8,12,16
3090,222,-0.036049993041937789,-0x1.275250a45b580p-5,6,11,13,15,18,20
3091,222,-0.30765356647353692,-0x1.3b09895a01a44p-2,1,4,9,11,19,22
3092,222,-0.062786178412092997,-0x1.012c146ebb6f8p-4,2,3,16,17,24,28
3093,222,0.39613801365629242,0x1.95a534156cb9cp-2,1,4,15,16,18,23
3094,222,-0.38398995884850318,-0x1.8934a9ecfca0cp-2,6,9,18,22,25,26
3095,222,0.12041105984942713,0x1.ed3425c2146e8p-4,8,10,12,15,27,29
3096,222,-0.46841141721566215,-0x1.dfa73e180e9f8p-2,2,4,7,9,12,17
3097,222,-0.10073803971397599,-0x1.9c9f7da08e088p-4,8,11,12,16,24,27
3098,222,0.47485205286775467,0x1.e63f9dd60599cp-2,0,1,12,17,26,29
3099,222,-0.49146349491107755,-0x1.f74234d748a4ap-2,6,9,13,17,24,26
3100,222,-0.2057905399972314,-0x1.a57582b8ea104p-3,0,5,8,9,18,20
3101,222,0.11175500969807151,0x1.c9bf9efd13fd0p-4,1,5,6,9,18,20
3102,222,-0.31297224710205596,-0x1.407bcbf76f938p-2,0,3,15,17,19,22
3103,222,0.061030199348067193,0x1.f3f59ac895fd0p-5,6,8,13,16,24,29
3104,222,-0.25493245251506258,-0x1.050d0348f70eap-2,0,4,20,22,25,29
3105,222,-0.31879291750511818,-0x1.4671a68b860cep-2,0,5,13,15,18,22
3106,222,0.19475977570565994,0x1.8ede3699db59cp-3,8,9,13,16,18,21
3107,222,0.42358634130307748,0x1.b1c09e2bb74eep-2,8,9,12,17,25,29
3108,222,-0.21576995627212225,-0x1.b9e5994d2f570p-3,6,8,18,21,25,29
3109,222,0.41572811910121577,0x1.a9b4a1ce44ee2p-2,2,3,12,13,24,29
3110,222,0.247824608460393,0x1.fb8b77e3d9e48p-3,4,5,7,9,24,27
3111,222,-0.26265096344649352,-0x1.0cf45fc90ff48p-2,7,10,22,23,24,26
3112,222,-0.33921980810892116,-0x1.5b5c6ff7eecf2p-2,0,1,15,17,20,22
3113,222,-0.3351639213237444,-0x1.5735360389d46p-2,0,2,7,10,20,23
3114,222,0.17514571629204057,0x1.66b2cc1c120a4p-3,0,4,19,21,26,29
3115,222,0.0043187907176832629,0x1.1b0948e406180p-8,2,4,6,9,20,21
3116,222,0.44327719184025371,0x1.c5ea74c81101ap-2,13,17,18,21,28,29
3117,222,-0.13738557334861301,-0x1.195d9b83cbc7cp-3,8,9,13,17,24,28
3118,222,0.13547421791268754,0x1.157381bb16e08p-3,1,4,8,9,12,17
3119,222,-0.3857626135742821,-0x1.8b055ac548bb6p-2,8,10,20,23,24,28
3120,222,-0.29858073478600966,-0x1.31bf25ec7c7a8p-2,14,16,18,21,25,29
3121,222,-0.43218535072444164,-0x1.ba8ecbecafe3ap-2,13,14,18,22,26,29
3122,222,-0.29487060126035525,-0x1.2df28f13dc3e8p-2,7,10,15,17,27,28
3123,222,0.46531203227603557,0x1.dc7ac1e43e548p-2,8,11,20,22,25,29
3124,222,-0.44708464823356819,-0x1.c9d08edad3cdcp-2,4,5,15,16,18,19
3125,222,-0.21097462337984441,-0x1.b013769d9e690p-3,4,5,6,7,14,17
3126,222,0.05818221391120737,0x1.dca0f23ea3f00p-5,7,8,12,15,24,29
3127,222,0.42300675539367616,0x1.b128aed19c94ap-2,0,4,13,17,18,20
3128,222,0.47432194714171827,0x1.e5b4a70afeb0ap-2,3,5,6,7,21,22
3129,222,0.12503515734194637,0x1.00126ebd122c8p-3,2,4,16,17,25,29
3130,222,-0.31179795481919781,-0x1.3f47f68ba1ef8p-2,1,4,9,11,26,27
3131,222,0.30619838829117851,0x1.398c11ff31af8p-2,3,5,7,8,20,23
3132,222,0.43950368074199442,0x1.c20d40bd08b1ep-2,2,3,6,7,16,17
3133,222,-0.3560952112074901,-0x1.6ca4391997f1ap-2,0,2,9,11,27,29
3134,222,-0.069293524771232407,-0x1.1bd386eb78de8p-4,1,4,14,16,24,26
3135,222,-0.43285865930221079,-0x1.bb3f4ce5f93e4p-2,10,11,19,22,26,29
3136,222,0.40318645235834993,0x1.9cdce8cc470a4p-2,0,5,16,17,19,20
3137,222,-0.080529285519336247,-0x1.49d9137ad00f0p-4,7,11,12,16,20,23
3138,222,-0.27846312662789097,-0x1.1d25701808e84p-2,4,5,12,17,24,25
3139,222,-0.14071003971344753,-0x1.202c95d64e110p-3,9,11,14,16,27,29
3140,222,-0.2271122190398257,-0x1.d120360a6262cp-3,7,11,20,23,25,27
3141,222,-0.085250107160632638,-0x1.5d2f3763c4400p-4,0,2,13,15,25,29
3142,222,0.0016607076036087021,0x1.b358336203e00p-10,3,4,20,23,24,25
3143,222,0.41869638658688446,0x1.acbebedd604c8p-2,2,4,20,22,25,29
3144,222,0.36634768827631981,0x1.7723d93072af2p-2,1,4,18,21,26,29
3145,222,-0.25237632168285473,-0x1.026ef03fa68a4p-2,4,5,6,9,19,21
3146,222,-0.20654371297837848,-0x1.a70063e37e0c0p-3,1,2,6,9,21,23
3147,222,-0.30542315101414996,-0x1.38c0d8b4302c2p-2,1,2,9,11,21,23
3148,222,0.011249358472969484,0x1.709e755f06740p-7,4,5,19,20,24,27
3149,222,-0.44223443846703114,-0x1.c4d91ac985f68p-2,7,11,15,16,18,20
3150,222,0.3697955011083095,0x1.7aababfddf5b2p-2,1,4,13,17,26,29
3151,222,-0.37673108289404655,-0x1.81c5cb01aa97ep-2,0,4,7,9,18,22
3152,222,-0.13297863481997951,-0x1.10571a3cf2c48p-3,3,4,16,17,26,29
3153,222,0.30993676703147932,0x1.3d601058e9a6ap-2,1,4,8,9,24,27
3154,222,-0.4594554035614743,-0x1.d67b7a31116c2p-2,10,11,13,14,21,23
3155,222,0.47730957793091322,0x1.e8c3d78d1f936p-2,8,10,19,22,26,27
3156,222,-0.050767586718110436,-0x1.9fe35894d60b0p-5,2,3,6,7,18,23
3157,222,-0.39589890157585272,-0x1.9566858b2995cp-2,0,5,7,8,26,27
3158,222,0.1418972948574736,0x1.229b0c866e03cp-3,0,4,22,23,26,27
3159,222,-0.43636978281281791,-0x1.bed7b868931fcp-2,0,3,10,11,12,15
3160,222,-0.013240413691373298,-0x1.b1dca3e51d600p-7,1,2,15,16,19,20
3161,222,0.14263082541871919,0x1.241ba154995d0p-3,0,5,8,10,21,22
3162,222,-0.30945647236183471,-0x1.3ce228515184cp-2,1,5,16,17,24,28
3163,222,0.39791469727418327,0x1.9776f34d8fb9ep-2,1,2,14,16,18,23
3164,222,0.093492708514686718,0x1.7ef235d7c2b98p-4,7,9,18,20,27,29
3165,222,0.43454494377439279,0x1.bcf959889cda2p-2,9,10,18,19,27,28
3166,222,0.2619926313850478,0x1.0c47cbde5df74p-2,12,13,21,23,26,28
3167,222,-0.031540137921780342,-0x1.0260769c55000p-5,0,5,7,9,21,22
3168,222,0.17168985212659227,0x1.5f9eeddf82a44p-3,1,4,13,15,20,23
3169,222,0.47314299812108185,0x1.e47f991d0bb5ep-2,6,9,20,23,27,28
3170,222,-0.16037566835143646,-0x1.487309d52603cp-3,6,7,21,23,26,28
3171,222,0.38821310009754895,0x1.8d87bc2330e4ap-2,1,4,13,16,18,21
3172,222,0.24549608823678937,0x1.f6c6a7322efb8p-3,2,4,7,11,18,21
3173,222,-0.4809123471430965,-0x1.ec74494ce3880p-2,0,2,13,14,18,23
3174,222,-0.12920935487875673,-0x1.089eea0c55078p-3,7,9,12,14,19,21
3175,222,0.14592842515092252,0x1.2adc85aca3d50p-3,7,8,12,15,26,28
3176,222,-0.3103401489088603,-0x1.3dc9ced8cc1bep-2,14,16,18,19,26,27
3177,222,-0.22865772734405021,-0x1.d44a80a75cf08p-3,1,2,9,10,12,17
3178,222,0.47476963321471588,0x1.e62a02bf2a1b6p-2,9,11,12,16,19,23
3179,222,0.10421659574314224,0x1.aadf0566ad0d0p-4,0,2,15,17,25,28
3180,222,0.21110274419987796,0x1.b056a2b37981cp-3,2,3,15,16,18,19
3181,222,-0.26722924297951767,-0x1.11a48aec8707ep-2,2,5,19,20,27,28
3182,222,0.16122013215468967,0x1.4a2dc7d87d514p-3,2,3,20,23,24,25
3183,222,-0.18626547663312232,-0x1.7d78c1141adacp-3,0,4,12,15,22,23
3184,222,-0.13902100267298834,-0x1.1cb70b1f803b8p-3,6,9,20,23,24,28
3185,222,-0.19612184097195184,-0x1.91a853e80bf90p-3,0,2,10,11,19,23
3186,222,0.43189907244893622,0x1.ba43c01d5d190p-2,10,11,18,21,25,26
3187,222,-0.28681747963955795,-0x1.25b37b3be4668p-2,1,2,6,9,19,21
3188,222,-0.21647243022165752,-0x1.bb55e5c24d214p-3,1,4,12,14,27,29
3189,222,-0.27270377518722477,-0x1.173fa88fb3104p-2,6,8,18,19,26,28
3190,222,0.14834105377524309,0x1.2fcd6f34f365cp-3,6,11,14,16,26,29
3191,222,-0.082862334988927921,-0x1.536774ad8ff10p-4,2,3,6,7,15,17
3192,222,0.18491964056513988,0x1.7ab72604ec3d0p-3,9,11,13,16,25,29
3193,222,0.44433729354968809,0x1.c7005b00c1998p-2,0,2,15,17,19,22
3194,222,-0.16914069874557813,-0x1.5a66704c475d8p-3,7,11,18,19,27,29
3195,222,0.48125523238880252,0x1.ecce2bf08e1e2p-2,2,5,6,9,19,22
3196,222,0.40253733508683598,0x1.9c32bf4677c2cp-2,0,5,14,17,25,26
3197,222,-0.18507454119257205,-0x1.7b085c6df4548p-3,2,3,7,11,19,22
3198,222,0.22013430516409749,0x1.c2d5c64b42864p-3,0,4,8,9,12,16
3199,222,-0.38286182032660065,-0x1.880cedd4c2552p-2,6,9,13,17,20,21
3200,222,-0.048961957335936224,-0x1.9118aab031190p-5,2,4,16,17,24,29
3201,222,0.15936813025376639,0x1.4662cc5bb77d8p-3,7,11,20,21,24,29
3202,222,-0.0018640177881866782,-0x1.e8a41dc1f8600p-10,7,10,20,21,24,28
3203,222,-0.38689399072507002,-0x1.8c2df034bb7f6p-2,7,9,16,17,26,27
3204,222,-0.17491609250852125,-0x1.663a6886f217cp-3,2,4,9,11,18,21
3205,222,0.047504550641379484,0x1.8528436d4f0f0p-5,6,10,15,17,25,26
3206,222,0.2305561175132772,0x1.d82dce44e5e7cp-3,2,3,13,17,18,21
3207,222,0.24961750634360924,0x1.ff37769209fb8p-3,6,7,14,15,28,29
3208,222,0.16430329137726363,0x1.507e3e78b95b4p-3,8,11,21,22,25,26
3209,222,-0.20497873108763665,-0x1.a3cbe3932d02cp-3,0,1,14,15,19,22
3210,222,0.15590635837720734,0x1.3f4bd533bf9d0p-3,6,11,19,20,24,29
3211,222,0.23109296754491382,0x1.d947450f87280p-3,4,5,12,17,19,22
3212,222,0.4224220103876295,0x1.b08f653ee6da0p-2,1,2,19,20,27,28
3213,222,0.021658043012155681,0x1.62d86a9baf3a0p-6,0,4,8,11,26,27
3214,222,-0.33694027223716183,-0x1.5906dee7db14ep-2,3,5,6,8,16,17
3215,222,-0.12118509595843707,-0x1.f05fc87e773b0p-4,15,16,18,20,25,28
3216,222,0.4213232135534154,0x1.af6f5a3d07b96p-2,3,4,14,15,22,23
3217,222,-0.43883779496948838,-0x1.c15eb1e692218p-2,9,11,13,16,24,28
3218,222,0.49992994311793737,0x1.ffeda28fee440p-2,4,5,15,17,19,22
3219,222,0.30879973512169479,0x1.3c35ff6d71cf2p-2,8,11,20,22,24,27
3220,222,-0.32119783638957078,-0x1.48e815eb5b4e2p-2,9,11,20,22,25,29
3221,222,0.078303743895857258,0x1.40bb6d32fe398p-4,9,11,20,23,25,28
3222,222,-0.057006988784344959,-0x1.d300520f1c440p-5,7,10,12,17,24,26
3223,222,0.18679938781753214,0x1.7e90ad6cb6854p-3,1,5,8,9,21,23
3224,222,0.20337050869936968,0x1.a080b79ead6acp-3,12,15,20,22,27,29
3225,222,-0.39849880123451764,-0x1.981011db3098cp-2,1,4,13,15,24,27
3226,222,-0.43264393324554085,-0x1.bb0702e068dcep-2,0,4,21,22,26,29
3227,222,0.40395728080224202,0x1.9da6fa381b5c0p-2,9,10,19,22,26,27
3228,222,-0.11932775298672127,-0x1.e8c437c954848p-4,7,8,15,16,18,20
3229,222,-0.38126409249021787,-0x1.866a182189d5ep-2,0,5,15,16,19,20
3230,222,0.043375955430695279,0x1.6355f8c03e2d0p-5,1,3,10,11,12,13
3231,222,-0.24102245644490006,-0x1.ed9d2e80426acp-3,7,10,18,21,28,29
3232,222,0.49328667978304475,0x1.f92024b4e1e56p-2,2,4,7,9,20,21
3233,222,-0.44429882984997615,-0x1.c6f645bf6d470p-2,1,4,18,22,26,27
3234,222,-0.46756097894569126,-0x1.dec84e25d477ep-2,8,11,12,13,24,25
3235,222,0.13528364763541267,0x1.150f97d238b30p-3,6,7,14,15,22,23
3236,222,-0.47946827561993233,-0x1.eaf9bb4d074b6p-2,0,3,14,15,19,23
3237,222,0.014673285791916957,0x1.e0d0714cf2500p-7,6,7,18,20,25,29
3238,222,-0.33410046097798951,-0x1.561e6e65ea7c2p-2,9,10,13,17,25,26
3239,222,-0.30475157546027942,-0x1.3810cc0806878p-2,7,9,18,19,27,28
3240,222,-0.49566519116430419,-0x1.fb8fa7e743dd8p-2,0,1,13,17,21,22
3241,222,0.073967169823196399,0x1.2ef832f5e4958p-4,1,5,13,14,26,28
3242,222,0.48954681300808411,0x1.f54bc27eec496p-2,6,9,13,17,27,28
3243,222,0.28905591136983411,0x1.27fe45d832160p-2,6,8,18,19,26,29
3244,222,0.30043646273580804,0x1.33a59db7e7a5cp-2,0,4,13,14,18,21
3245,222,0.41962904819588009,0x1.adb33cb9cfc86p-2,0,1,10,11,19,22
3246,222,0.25128708302757352,0x1.015166ae0aebcp-2,12,15,22,23,24,25
3247,222,0.16600375613575913,0x1.53f9c6fcee11cp-3,0,2,7,11,27,28
3248,222,0.0050985184771146219,0x1.4e22f21e04b00p-8,2,3,13,16,18,21
3249,222,-0.035502774740595822,-0x1.22d6b70db31c0p-5,9,10,18,21,28,29
3250,222,-0.0045602969556044481,-0x1.2add1648cc700p-8,0,3,12,13,25,29
3251,222,-0.0091820177984467399,-0x1.2ce05913eb500p-7,6,11,21,23,25,26
3252,222,0.28703503590664092,0x1.25ec833019d04p-2,2,4,12,16,25,29
3253,222,0.45710748292930137,0x1.d413fbe7c0becp-2,0,4,7,8,26,27
3254,222,0.020412896420431537,0x1.4e71e4a2b6800p-6,2,4,13,17,27,29
3255,222,-0.19873719083843311,-0x1.9703863933294p-3,7,11,20,23,25,28
3256,222,-0.41278004372856836,-0x1.a6afcfd105c96p-2,0,1,8,11,26,27
3257,222,-0.36594155760941016,-0x1.76b96238b807ap-2,0,3,10,11,20,21
3258,222,0.43845200442667032,0x1.c0f98fef8345ep-2,8,9,12,13,20,23
3259,222,-0.4268657538114039,-0x1.b51c4bd19c062p-2,14,15,18,22,26,29
3260,222,0.22257825551170307,0x1.c7d71bc1c9b88p-3,1,2,13,17,18,20
3261,222,-0.48804845679034603,-0x1.f3c2f9831c790p-2,4,5,12,13,26,27
3262,222,-0.2798918862222558,-0x1.1e9bfa86f61c2p-2,7,8,15,17,24,28
3263,222,0.44456387956525167,0x1.c73bc0eedcd06p-2,2,5,13,17,27,28
3264,222,0.39040658319365484,0x1.8fc6be4bd6e32p-2,13,14,18,23,27,28
3265,222,0.22715313783761149,0x1.d135aa1192110p-3,3,5,12,17,25,28
3266,222,-0.11369300033736318,-0x1.d1afc063babe8p-4,14,15,18,19,27,29
3267,222,-0.47519713948639852,-0x1.e69a1434fcc18p-2,0,3,10,11,18,22
3268,222,0.11078353389598683,0x1.c5c4f4704c110p-4,0,2,13,16,27,28
3269,222,-0.31103395456467453,-0x1.3e7faf5b340c0p-2,12,15,20,22,24,29
3270,222,0.48911674096632707,0x1.f4db04d981838p-2,1,5,14,15,26,28
3271,222,0.18614282125079695,0x1.7d38728d423f0p-3,1,2,6,9,13,14
3272,222,0.47285576972302401,0x1.e4344d8abdbe0p-2,0,2,16,17,25,27
3273,222,-0.34744978573069318,-0x1.63c9e06adcb52p-2,1,3,13,15,28,29
3274,222,0.1753721573850312,0x1.67298484c8094p-3,0,5,12,17,27,28
3275,222,0.27213646009956549,0x1.16aaf0b0b5164p-2,13,16,18,23,25,26
3276,222,-0.29530936775903771,-0x1.2e659432e8f6cp-2,1,4,12,17,19,22
3277,222,-0.31779238847111402,-0x1.456b5e2d9aca4p-2,1,4,21,22,24,26
3278,222,0.3508403259833861,0x1.6742afb8ddd24p-2,1,4,13,15,24,29
3279,222,0.00053615682103413942,0x1.1919c0184ec00p-11,8,11,12,13,24,26
3280,222,0.21770953521495373,0x1.bdde7f2e3466cp-3,8,9,16,17,27,28
3281,222,-0.013359611876509025,-0x1.b5c48c0c65e40p-7,2,4,22,23,24,25
3282,222,-0.44121377400362494,-0x1.c3cd8b278fabep-2,0,4,8,11,19,23
3283,222,-0.38841245645428391,-0x1.8dbbfeb752190p-2,3,4,6,11,15,16
3284,222,0.13254532023194088,0x1.0f73ebbd12800p-3,0,3,8,11,13,15
3285,222,0.39773262508878804,0x1.974738a53bfacp-2,4,5,13,15,18,20
3286,222,0.030236396842238222,0x1.ef64a3e585ca0p-6,1,3,13,17,18,20
3287,222,0.47291788240874633,0x1.e44495da8e7a8p-2,1,3,20,22,24,29
3288,222,0.28370971795024813,0x1.2284cce09d638p-2,2,5,14,15,24,28
3289,222,0.21042853703853293,0x1.aef52825ce13cp-3,0,2,12,17,19,21
3290,222,-0.067651377286814696,-0x1.15199c4f9e9f8p-4,0,5,7,10,25,26
3291,222,-0.43055889110844525,-0x1.b8e46e11404e0p-2,0,4,13,14,27,29
3292,222,-0.2776614648663247,-0x1.1c53497bd75d8p-2,0,5,7,8,20,21
3293,222,-0.34733510172908844,-0x1.63abd01ab7920p-2,0,4,12,17,26,27
3294,222,-0.063854060534653145,-0x1.058bd5db69050p-4,3,5,20,23,24,25
3295,222,-0.21380461157081099,-0x1.b5df313371e70p-3,1,3,8,11,18,20
3296,222,-0.25312434881502788,-0x1.0333077fed67cp-2,2,4,6,9,24,27
3297,222,0.30122263278016626,0x1.3473b4b26c5f2p-2,1,3,12,15,28,29
3298,222,0.24724769907227861,0x1.fa5d006c36a74p-3,0,5,13,15,20,22
3299,222,-0.32389122530270675,-0x1.4baa24308bc4ep-2,12,14,19,22,24,26
3300,222,-0.32548368631793567,-0x1.4d4b987077ddap-2,0,5,9,10,19,20
3301,222,0.18769722855684756,0x1.806767919caacp-3,0,2,7,9,20,21
3302,222,0.47985423088936252,0x1.eb5ee85211744p-2,6,10,13,15,25,29
3303,222,0.49322143878677172,0x1.f90f0a7519db4p-2,13,14,21,22,24,26
3304,222,-0.05059344871801652,-0x1.9e7626f457ef0p-5,3,4,13,14,21,23
3305,222,0.37143202789215823,0x1.7c58ad71ef63ep-2,1,4,6,11,14,15
3306,222,-0.10743897412936321,-0x1.b811ee0338f48p-4,7,10,14,17,18,22
3307,222,0.39580243262682879,0x1.954d3b9f3ce68p-2,1,2,6,11,13,14
3308,222,-0.42482290688990265,-0x1.b304c6aebc322p-2,1,5,14,15,22,23
3309,222,0.054985874948746627,0x1.c271bcd4b2b00p-5,0,1,12,15,26,27
3310,222,0.19857853685513993,0x1.96b0580bd7c54p-3,9,10,21,23,24,26
3311,222,-0.15907592003723003,-0x1.45c9989120cc0p-3,0,4,7,8,19,23
3312,222,-0.41904033578225963,-0x1.ad18e8e78f040p-2,9,11,19,21,26,28
3313,222,-0.38015891805753432,-0x1.854861215c02ap-2,7,8,16,17,18,21
3314,222,0.25052657456979843,0x1.008a09d23989cp-2,0,4,16,17,20,21
3315,222,0.34184006136187406,0x1.5e0b52300c2aep-2,2,5,14,15,27,28
3316,222,0.16520436169285102,0x1.5256aa1504d04p-3,2,3,6,7,19,20
3317,222,0.46268683143015898,0x1.d9ca93a5212cep-2,7,8,18,20,27,28
3318,222,-0.27161778134013725,-0x1.1622f8bf78cccp-2,0,2,7,11,14,16
3319,222,0.057388945289277182,0x1.d62157656b8d0p-5,1,3,15,17,20,22
3320,222,-0.0025688557511651666,-0x1.50b47ee0f8800p-9,1,3,12,16,19,21
3321,222,0.23380036028074902,0x1.ded2b92997368p-3,7,10,14,15,24,29
3322,222,0.10000296700991085,0x1.999cb60cf7f28p-4,9,10,22,23,26,27
3323,222,0.12182670264137274,0x1.f3008e79fcc68p-4,6,10,19,22,26,27
3324,222,0.41768425198062309,0x1.abb56ba93e76ap-2,0,5,18,21,26,28
3325,222,0.28364522428276262,0x1.2273e4c7d81dap-2,1,4,15,16,27,29
3326,222,-0.44329071042145862,-0x1.c5edffff85e8ep-2,6,10,20,22,24,25
3327,222,0.48934823921073034,0x1.f517b46f0fa36p-2,3,4,12,17,19,20
3328,222,-0.16803987355119177,-0x1.58254a0a9c5a4p-3,8,11,19,20,24,28
3329,222,-0.019139521404030968,-0x1.3994f89f732e0p-6,6,9,19,21,24,26
3330,222,-0.0044157712887298306,-0x1.216459458ed00p-8,1,4,16,17,27,29
3331,222,0.084961922805070533,0x1.5c01087da61c8p-4,0,2,7,9,25,29
3332,222,-0.060694931404254637,-0x1.f1367f2d416e0p-5,4,5,7,8,20,23
3333,222,-0.41461772259574758,-0x1.a8918c5b901d2p-2,9,10,12,14,27,29
3334,222,0.32668698107305483,0x1.4e87082ef3728p-2,8,11,20,23,24,25
3335,222,-0.050432037602359037,-0x1.9d23a605875e0p-5,2,3,15,16,18,20
3336,222,-0.49079032377875387,-0x1.f691bd174ac04p-2,6,9,18,21,28,29
3337,222,0.06435165340906579,0x1.0795996d5e100p-4,3,5,13,17,24,28
3338,222,-0.18219261887610672,-0x1.7521675d29ec8p-3,0,3,8,10,12,13
3339,222,-0.1526890521965365,-0x1.38b509ad21820p-3,6,7,19,23,24,27
3340,222,0.15281256434416524,0x1.38f5cb32356c4p-3,15,16,18,19,28,29
3341,222,-0.2153179060181396,-0x1.b8f89824ba988p-3,0,3,13,14,18,21
3342,222,0.029733860941502654,0x1.e728da14f6d60p-6,9,11,12,13,26,27
3343,222,0.27544269412891986,0x1.1a0da64cd2c84p-2,1,3,8,11,19,22
3344,222,0.42703532060229843,0x1.b548bf40e51dep-2,8,9,21,22,24,29
3345,222,-0.36987946056047361,-0x1.7ac1ae6a47054p-2,6,7,14,17,18,21
3346,222,-0.30479801230117387,-0x1.381cf85ae09cap-2,1,2,14,16,19,21
3347,222,0.41237096553398189,0x1.a644930b27512p-2,15,16,20,23,24,28
3348,222,0.2621099800477259,0x1.0c668f010a70ap-2,1,4,15,16,18,19
3349,222,-0.023613573445751435,-0x1.82e2816c3c900p-6,6,9,21,22,25,26
3350,222,-0.26414152895218423,-0x1.0e7b1df175d48p-2,10,11,21,23,25,26
3351,222,0.2953895833451522,0x1.2e7a9b602f9c6p-2,9,11,13,14,27,28
3352,222,0.30365364795268202,0x1.36f0fb5d124bap-2,3,5,12,14,19,23
3353,222,-0.3959357250221931,-0x1.95702cb9274a0p-2,9,11,14,16,21,23
3354,222,0.47017603045469503,0x1.e175d348a9ffep-2,2,3,6,11,14,15
3355,222,-0.36747674523914042,-0x1.784bd2eb5edaep-2,1,2,6,10,19,20
3356,222,-0.1870341340544277,-0x1.7f0bc087fede0p-3,12,15,19,20,27,29
3357,222,0.25857515611277504,0x1.08c7ecfc3ff66p-2,8,11,12,16,24,25
3358,222,-0.10181211265587675,-0x1.a105bce319398p-4,0,1,12,14,28,29
3359,222,-0.095895728329837837,-0x1.88c9f5900b480p-4,4,5,12,17,24,27
3360,222,-0.07838648676682658,-0x1.41123051ca2a8p-4,0,1,12,15,19,23
3361,222,-0.23763898394665273,-0x1.e6af448271c04p-3,6,9,13,14,25,26
3362,222,0.038330932678669383,0x1.3a01cac8f6460p-5,8,10,15,17,24,29
3363,222,-0.007576538899512486,-0x1.f0893aca4fa80p-8,1,2,12,17,21,22
3364,222,-0.3629536245869277,-0x1.73aa1d6e4316ap-2,3,4,13,17,25,26
3365,222,0.0066406047820311009,0x1.b332dc5d4ee00p-8,6,8,15,17,24,28
3366,222,0.083809016567293781,0x1.57481f9443600p-4,6,8,20,21,24,25
3367,222,0.45336857822489163,0x1.d03fda420a2a6p-2,0,5,13,16,27,28
3368,222,-0.13526430688188928,-0x1.150573f2fd968p-3,0,2,10,11,12,15
3369,222,0.37500125575896659,0x1.80005445c6578p-2,7,10,12,17,20,22
3370,222,0.19017133700176314,0x1.85788cc8792ccp-3,0,5,7,10,20,23
3371,222,-0.49341206903142065,-0x1.f941036fc43eep-2,9,10,18,20,27,29
3372,222,0.084895887469765396,0x1.5bbbca43f5eb0p-4,1,5,12,15,19,22
3373,222,0.38610911880628529,0x1.8b603057d76c4p-2,8,9,12,16,24,29
3374,222,0.0046588565546008542,0x1.3152a489ec900p-8,8,10,12,13,21,23
3375,222,0.40215017777587736,0x1.9bcd4196830d0p-2,8,10,19,20,24,29
3376,222,0.26767246479148132,0x1.1218bb0946c86p-2,2,3,13,16,24,29
3377,222,-0.44529744626341006,-0x1.c7fc0dc2c64fcp-2,6,8,21,22,24,26
3378,222,-0.23732374968673131,-0x1.e609fe7bbfb20p-3,8,11,13,16,24,27
3379,222,-0.38848432954196777,-0x1.8dced60990a0cp-2,6,11,13,14,26,29
3380,222,-0.10048656645960075,-0x1.9b97cd4a19de8p-4,14,17,19,22,24,27
3381,222,0.23254559787792672,0x1.dc40ddcdb7380p-3,0,4,14,15,26,27
3382,222,-0.026412723277722483,-0x1.b0befdab457c0p-6,3,4,13,16,24,29
3383,222,-0.47959271052769603,-0x1.eb1a59fc773e8p-2,13,15,18,20,25,29
3384,222,0.076911050542407766,0x1.3b0714ec7d850p-4,8,10,19,20,24,27
3385,222,-0.35246189963592356,-0x1.68ebc5b016dcap-2,1,5,14,17,26,28
3386,222,-0.15594573859884009,-0x1.3f607ab9dc548p-3,4,5,22,23,26,27
3387,222,-0.28861391119178303,-0x1.278a67b6f519ep-2,3,4,8,11,20,21
3388,222,-0.036811236993258278,-0x1.2d8ec2605cfa0p-5,0,2,9,10,25,27
3389,222,0.21541253548351513,0x1.b92a351866ae4p-3,7,8,18,21,26,28
3390,222,0.085985849761546884,0x1.6032b2ca50560p-4,1,5,19,22,24,26
3391,222,0.29756414526406849,0x1.30b4a7c17c47cp-2,3,4,20,22,24,29
3392,222,-0.37455641027416098,-0x1.7f8bb73289e98p-2,2,5,12,14,19,21
3393,222,0.20043480746492615,0x1.9a7d907855d74p-3,0,4,14,16,18,23
3394,222,-0.23294667957481019,-0x1.dd132613e282cp-3,0,5,14,15,25,26
3395,222,-0.0053884940791882885,-0x1.6123edd845080p-8,9,10,12,17,21,22
3396,222,0.22036693797236906,0x1.c34fbdbdb0194p-3,7,8,18,22,26,29
3397,222,0.47454386799807391,0x1.e5eed3e646b9ep-2,2,4,16,17,25,27
3398,222,0.13539088705358093,0x1.1547d140928e0p-3,8,10,20,21,24,28
3399,222,-0.41733042975732659,-0x1.ab58ab0dbbbe4p-2,6,9,20,21,24,29
3400,222,0.23642166069101311,0x1.e4310a25df0c4p-3,6,10,18,21,26,28
3401,222,0.25328786141745385,0x1.035de4a50c06cp-2,1,5,13,17,24,26
3402,222,0.080798517534662051,0x1.4af362e606c88p-4,4,5,6,7,20,23
3403,222,0.3914250584522615,0x1.90d1bb038ca5ep-2,10,11,18,22,27,29
3404,222,-0.079291657502041146,-0x1.44c7543d12058p-4,0,5,8,9,27,28
3405,222,0.050474755668686755,0x1.9d7d3c1bdbf50p-5,2,5,16,17,25,27
3406,222,0.12893955975717464,0x1.081176c28aa7cp-3,0,4,7,11,19,23
3407,222,-0.45951530726287637,-0x1.d68b2e42d2604p-2,0,2,7,11,15,16
3408,222,-0.18518110053775794,-0x1.7b403a952cf88p-3,3,4,8,11,18,23
3409,222,0.31127676093368717,0x1.3ebf55d0dc282p-2,9,11,21,22,24,25
3410,222,0.4869617927951595,0x1.f2a61cb9d3b34p-2,7,10,14,17,24,25
3411,222,-0.030142524018034078,-0x1.eddae8b816220p-6,6,10,18,19,26,27
3412,222,0.13943497802690386,0x1.1d9015f45a2ccp-3,8,9,19,21,28,29
3413,222,-0.20498890824394733,-0x1.a3d139879a9f0p-3,0,5,7,8,19,22
3414,222,0.13011555440636957,0x1.0a7a06170297cp-3,3,4,21,22,25,26
3415,222,-0.29504559046528889,-0x1.2e206e67827bcp-2,1,2,12,14,22,23
3416,222,0.48029005174077111,0x1.ebd127c348754p-2,2,3,13,14,21,22
3417,222,-0.40222833308857742,-0x1.9be1be808f654p-2,2,3,6,11,19,21
3418,222,0.0070121156554815434,0x1.cb8bc76a83180p-8,4,5,20,23,25,27
3419,222,-0.21922596965299812,-0x1.c0f98b90bf850p-3,6,7,20,21,28,29
3420,222,0.10013687689192607,0x1.9a292035fd8b8p-4,6,10,13,15,25,28
3421,222,-0.42497261707516087,-0x1.b32c05902225cp-2,3,4,12,15,24,25
3422,222,-0.48669815920936699,-0x1.f26100934f7eep-2,0,5,7,9,19,22
3423,222,0.37756420618104525,0x1.82a030f6c04c2p-2,1,3,6,10,20,23
3424,222,0.033540182247086991,0x1.12c2dc3b4cbf0p-5,0,2,13,14,25,27
3425,222,-0.079527898490869942,-0x1.45bf0bb234d08p-4,9,11,12,16,20,21
3426,222,0.0082174125527536557,0x1.0d44a715fe180p-7,3,4,6,8,21,22
3427,222,0.49298434541088798,0x1.f8d0e363eb3ecp-2,0,4,9,11,26,27
3428,222,0.24429916774392801,0x1.f4531f3f33964p-3,3,5,8,10,20,21
3429,222,-0.255723805358679,-0x1.05dc76134bfa0p-2,3,5,7,8,12,15
3430,222,-0.38006014348772965,-0x1.852e7c7b2be52p-2,6,8,15,17,25,29
3431,222,0.26128465470083007,0x1.0b8e345b8bffcp-2,0,3,10,11,18,19
3432,222,0.41428154298218967,0x1.a8396bb9c799ep-2,7,8,19,23,24,27
3433,222,0.33397635885416843,0x1.55fde60ba9cb0p-2,4,5,12,15,25,27
3434,222,-0.3990056231384479,-0x1.9894ee1932edap-2,2,5,7,9,21,22
3435,222,0.28971294567496464,0x1.28aa82ab9b70ep-2,7,11,12,15,22,23
3436,222,0.16805124742054767,0x1.582b409dc93acp-3,3,5,18,21,25,26
3437,222,-0.21973707254118469,-0x1.c20582a243ed8p-3,10,11,12,15,24,25
3438,222,0.47334077100071692,0x1.e4b3716d3efb0p-2,7,8,21,22,24,25
3439,222,0.33726400124695977,0x1.595bbbfde52aap-2,9,10,19,23,24,27
3440,222,0.39833268495804675,0x1.97e485fb4a6d2p-2,3,4,21,22,26,29
3441,222,-0.24206997454715506,-0x1.efc26200304c8p-3,6,9,18,20,28,29
3442,222,0.08626476437814623,0x1.6157295cd20f0p-4,9,10,20,22,24,27
3443,222,0.22581907643727794,0x1.ce7a3b60e3654p-3,1,5,12,16,19,20
3444,222,-0.089308014636163446,-0x1.6dce3da220d08p-4,6,11,18,19,26,27
3445,222,-0.23306060673447671,-0x1.dd4ee11f48b18p-3,14,16,18,23,26,28
3446,222,0.079073688477233395,0x1.43e2c59fbdaf0p-4,8,10,12,17,19,22
3447,222,-0.47540922569171662,-0x1.e6d1ad12401bcp-2,2,4,12,16,19,21
3448,222,0.34450337560138733,0x1.60c57e2e473b8p-2,7,10,20,22,24,25
3449,222,0.041900204024822085,0x1.573f18bf6f510p-5,0,4,19,22,27,29
3450,222,-0.48751417408090991,-0x1.f336ea680e4b4p-2,9,10,12,13,24,29
3451,222,0.0014930382732474268,0x1.87641a3899c00p-10,2,3,12,15,24,29
3452,222,-0.4476993495005207,-0x1.ca71b2c22e4bap-2,1,5,6,10,20,21
3453,222,0.30490803474930339,0x1.3839cfd624c04p-2,0,3,14,15,25,29
3454,222,-0.34372547057990677,-0x1.5ff991dbc58a2p-2,1,5,19,23,24,28
3455,222,-0.19455112789647278,-0x1.8e70d25db8dc4p-3,12,15,20,22,25,27
3456,222,0.44953634215139993,0x1.cc53413f9d6b2p-2,3,5,12,15,24,28
3457,222,0.38270878362458505,0x1.87e4cfb63cf64p-2,6,7,19,21,24,26
3458,222,-0.062137234314108225,-0x1.fd0739a7c6860p-5,7,10,20,23,24,28
3459,222,0.45659955698379029,0x1.d38ed5927430ep-2,7,8,12,16,24,29
3460,222,0.36960409182923748,0x1.7a797ebb7f572p-2,13,14,21,23,26,28
3461,222,-0.3912589316765106,-0x1.90a62e6f4627ep-2,7,8,12,16,19,21
3462,222,0.13400675942542284,0x1.127222c966ab0p-3,0,3,12,15,22,23
3463,222,0.021128317218891413,0x1.5a2a95de60b40p-6,14,17,19,21,26,28
3464,222,-0.47470670903543066,-0x1.e61983f9fef00p-2,3,5,19,21,24,26
3465,222,-0.16433623228142447,-0x1.508f83b992974p-3,6,9,13,14,24,27
3466,222,-0.38530609039695529,-0x1.8a8dae04d173ap-2,2,4,12,17,25,27
3467,222,0.093234390619884699,0x1.7de3582932c40p-4,6,7,15,17,26,29
3468,222,-0.33447815561023209,-0x1.5681710e4a150p-2,3,4,13,15,20,22
3469,222,-0.18576349666381486,-0x1.7c719277b18a8p-3,3,4,8,11,24,26
3470,222,-0.49678239348166831,-0x1.fcb48614edf22p-2,6,10,14,17,28,29
3471,222,0.34811982829410149,0x1.6479863672ff2p-2,7,9,19,21,24,29
3472,222,-0.24212637758545374,-0x1.efdff449d3e8cp-3,7,10,14,15,26,27
3473,222,0.28309074775334075,0x1.21e28a7d9a672p-2,8,10,13,17,21,22
3474,222,-0.28246417491858733,-0x1.213e49e644902p-2,0,1,8,10,12,17
3475,222,0.044913631745748694,0x1.6feeb66fc3330p-5,7,10,12,15,24,27
3476,222,-0.19330238585228043,-0x1.8be21f0bcb670p-3,4,5,7,9,19,22
3477,222,-0.32414534362681235,-0x1.4becc1c81c826p-2,6,8,13,15,26,28
3478,222,-0.4237749150597554,-0x1.b1f20d242ff38p-2,8,11,13,15,20,22
3479,222,-0.16859453257960721,-0x1.5948171db5e70p-3,0,2,10,11,18,20
3480,222,-0.031644897662777116,-0x1.033c291180290p-5,0,5,12,15,25,26
3481,222,-0.27860186469202775,-0x1.1d49cea5d3d76p-2,8,11,12,15,24,27
3482,222,-0.14542196633737259,-0x1.29d2fdec4fee0p-3,0,5,14,16,25,28
3483,222,0.49754530172604206,0x1.fd7c83fcc4680p-2,1,3,10,11,20,22
3484,222,-0.31368910994110566,-0x1.4137b7d13bcc8p-2,4,5,6,9,18,22
3485,222,-0.1993623820586875,-0x1.984b4df7f52fcp-3,9,11,13,16,28,29
3486,222,0.32976430761870634,0x1.51adbc127113ep-2,1,5,6,9,24,26
3487,222,0.17201643078897833,0x1.604a2684e80ecp-3,10,11,21,22,26,29
3488,222,-0.44868842442556034,-0x1.cb74fa7401962p-2,2,5,7,10,20,22
3489,222,0.32014001148792914,0x1.47d2c87ded480p-2,14,16,18,19,26,29
3490,222,0.49084308707439128,0x1.f69f91f9cf0b2p-2,0,4,9,11,19,22
3491,222,-0.38058371035933425,-0x1.85b7bc7588e2ap-2,2,4,14,15,18,22
3492,222,0.18488875244618108,0x1.7aa6f4493c988p-3,9,10,12,14,25,26
3493,222,0.28416796479992434,0x1.22fced4d8bd4ep-2,0,4,12,13,22,23
3494,222,-0.23267748103598707,-0x1.dc8602dc85948p-3,10,11,12,15,27,29
3495,222,0.31856805514521669,0x1.4636b449989b6p-2,0,2,14,16,27,28
3496,222,0.30339976136269131,0x1.36ae6d52aaf88p-2,3,5,12,13,25,28
3497,222,-0.32972462497044108,-0x1.51a35503bc52cp-2,6,8,13,16,25,26
3498,222,0.30887780304642176,0x1.3c4a767a2dc8ap-2,8,9,19,23,24,28
3499,222,-0.44855513675289216,-0x1.cb5209ab39d5cp-2,0,1,14,16,19,23
3500,222,0.047511791760552646,0x1.853772f926630p-5,14,15,18,23,25,26
3501,222,0.34184507851983259,0x1.5e0ca2e22a390p-2,1,5,22,23,24,26
3502,222,0.48455969873485383,0x1.f0306aec1a6dep-2,2,3,18,20,25,28
3503,222,-0.092479277608096266,-0x1.7acb8d0e26d30p-4,3,4,18,20,25,29
3504,222,0.14512506459288332,0x1.293754720cf24p-3,1,2,10,11,19,20
3505,222,-0.36833923719830208,-0x1.792debc666b38p-2,13,16,18,21,25,29
3506,222,-0.1765682910695352,-0x1.699ca2dd3bee0p-3,10,11,19,23,26,27
3507,222,0.054788108311410344,0x1.c0d2fdad07e40p-5,6,10,19,21,24,29
3508,222,-0.40137606944330884,-0x1.9b02540e9fc80p-2,0,4,7,11,20,21
3509,222,-0.42508420469008745,-0x1.b3494614c2a86p-2,9,10,12,13,21,23
3510,222,-0.27994472132056558,-0x1.1ea9d43b09e52p-2,3,4,12,17,26,29
3511,222,0.070215531225771954,0x1.1f9a522493480p-4,7,9,14,17,21,22
3512,222,-0.30604135726319714,-0x1.3962e7d2acefep-2,12,15,19,22,26,27
3513,222,0.41130459490954629,0x1.a52d081f52f96p-2,0,4,13,15,25,29
3514,222,0.037139260678927144,0x1.303eacc06f800p-5,1,3,6,11,18,19
3515,222,0.20656947844629037,0x1.a70de6123a8f8p-3,6,9,13,14,27,29
3516,222,-0.084578407692160407,-0x1.5a6ee36fc4f38p-4,7,9,16,17,26,28
3517,222,-0.038313351476829349,-0x1.39dcebf2faf70p-5,0,3,7,8,19,20
3518,222,-0.3314303537274228,-0x1.53627a88a4db4p-2,4,5,7,8,18,23
3519,222,-0.28528591419387495,-0x1.2421fd9de37cap-2,1,2,10,11,18,21
3520,222,0.3264093707867548,0x1.4e3e42128c56cp-2,0,3,12,17,21,22
3521,222,0.19324872585342856,0x1.8bc5fcec45ee0p-3,4,5,7,8,24,25
3522,222,0.25581145227563806,0x1.05f36ff5dd514p-2,0,1,18,21,26,28
3523,222,-0.049662330364482532,-0x1.96d5749846740p-5,1,3,13,16,20,23
3524,222,-0.14035376190362991,-0x1.1f71cb09f9298p-3,0,4,8,11,18,23
3525,222,-0.017523831029975345,-0x1.1f1c464b28f20p-6,2,5,14,15,25,28
3526,222,-0.39803768200718215,-0x1.979730ab2f9c6p-2,15,17,20,22,24,29
3527,222,0.48425385599187476,0x1.efe03e29c9b94p-2,8,10,21,22,25,26
3528,222,0.019817429990983459,0x1.44b0536cee480p-6,0,4,13,17,26,27
3529,222,-0.26958536241006703,-0x1.140e2f6c204d8p-2,0,1,20,21,28,29
3530,222,0.24125235225515251,0x1.ee15b69826d04p-3,1,5,13,14,24,26
3531,222,-0.24970925951993594,-0x1.ff6791792c090p-3,14,17,19,22,27,29
3532,222,0.29398414715681298,0x1.2d0a2e2652e80p-2,13,17,21,22,24,25
3533,222,-0.18025136893591975,-0x1.7127a1351caf0p-3,14,16,18,21,25,26
3534,222,-0.27154251603310509,-0x1.160f3dc757cccp-2,0,1,14,17,19,21
3535,222,-0.44314367021841106,-0x1.c5c7744c11e78p-2,1,2,6,9,27,28
3536,222,-0.2426370484005681,-0x1.f0ebb15d6d61cp-3,8,11,20,21,24,28
3537,222,-0.25255582652426067,-0x1.029dfe9d58030p-2,6,8,13,16,24,28
3538,222,-0.062118283543138308,-0x1.fcdf7b89a5590p-5,2,3,13,16,21,23
3539,222,-0.35980051356945952,-0x1.706f8bbb7596cp-2,6,9,18,22,25,29
3540,222,0.13182372408864562,0x1.0df998be619bcp-3,1,5,16,17,26,27
3541,222,-0.42672093062315342,-0x1.b4f654e62e364p-2,2,3,14,16,18,19
3542,222,0.46017870715401377,0x1.d73916462b0f4p-2,1,3,13,17,20,22
3543,222,-0.040316715994929475,-0x1.4a464815c55d0p-5,7,9,22,23,24,27
3544,222,0.46511237350075307,0x1.dc466b049a49ap-2,1,2,18,22,27,29
3545,222,-0.04503091199169007,-0x1.70e4aaca07120p-5,7,10,20,21,25,29
3546,222,0.003466478638849968,0x1.c65bb8c5b4900p-9,0,4,9,11,20,23
3547,222,0.34399831214811305,0x1.604117f238ac6p-2,7,11,19,20,24,27
3548,222,-0.12352102814879429,-0x1.f9f12f8447228p-4,0,3,19,22,26,29
3549,222,0.46332263364120552,0x1.da713f9bf1388p-2,3,5,14,15,19,23
3550,222,-0.073136546650187984,-0x1.2b913a4014378p-4,0,5,12,17,25,26
3551,222,-0.48492061485766891,-0x1.f08f0797e12d6p-2,1,3,13,17,20,21
3552,222,0.44400753442687046,0x1.c6a9e93e29fcap-2,8,11,12,15,19,20
3553,222,-0.10267376446688581,-0x1.a48d3ec8ae010p-4,15,17,19,20,24,29
3554,222,-0.32138680721252022,-0x1.49199f895fe0ep-2,6,9,18,20,25,29
3555,222,-0.2160207006572985,-0x1.ba690fa4a8258p-3,8,11,19,21,26,29
3556,222,0.16263901003536574,0x1.4d15ae693ee5cp-3,2,3,7,11,21,23
3557,222,-0.46833102236009971,-0x1.df922ae2f49b2p-2,7,8,12,15,19,23
3558,222,0.13637711427602273,0x1.174ce26de82fcp-3,4,5,14,17,24,25
3559,222,0.37730534350242551,0x1.825c54fbcbbd2p-2,0,5,14,17,26,27
3560,222,-0.34938774267068184,-0x1.65c5e681934b6p-2,9,11,19,21,24,28
3561,222,0.35104378063061126,0x1.677805551737cp-2,10,11,18,21,26,29
3562,222,0.33156067552928259,0x1.5384a44826d8cp-2,1,5,18,19,27,28
3563,222,-0.010042053954175123,-0x1.490edaa8af4c0p-7,1,4,18,19,26,29
3564,222,0.078962212047040015,0x1.436de165ca278p-4,0,3,7,11,28,29
3565,222,-0.1232337184170893,-0x1.f8c3eb65da9c0p-4,2,3,12,15,20,23
3566,222,0.35523395389351664,0x1.6bc273199b0f6p-2,1,4,12,16,26,29
3567,222,-0.15096409685853107,-0x1.352caa1705420p-3,6,8,20,22,24,25
3568,222,0.27807961978527229,0x1.1cc0e762a5be6p-2,2,3,14,16,18,21
3569,222,0.10589917663017179,0x1.b1c355c4cc740p-4,0,4,14,16,19,23
3570,222,-0.18453662608230725,-0x1.79ee56af8063cp-3,1,4,14,17,24,26
3571,222,-0.19097738758123706,-0x1.871f270f7ed50p-3,0,3,8,11,18,20
3572,222,0.38809628712205269,0x1.8d691cf38d8f6p-2,1,2,15,16,24,29
3573,222,-0.46884998682322665,-0x1.e01a36008b0c6p-2,6,7,14,16,24,26
3574,222,0.11701136233096621,0x1.df474e678ced8p-4,16,17,18,19,28,29
3575,222,-0.078617419987454307,-0x1.420456fbdf490p-4,8,9,19,22,26,29
3576,222,-0.03987487450580518,-0x1.46a7ac3de7bb0p-5,0,1,18,19,28,29
3577,222,0.060947992367856085,0x1.f349343f41f10p-5,0,5,9,10,25,27
3578,222,-0.15182305458353496,-0x1.36ef0171b8894p-3,7,8,12,17,21,22
3579,222,-0.31163406480839173,-0x1.3f1d0012afb48p-2,0,5,18,20,25,28
3580,222,-0.12614979518621194,-0x1.025ad2e5c6684p-3,0,5,12,16,21,23
3581,222,-0.034727777789374192,-0x1.1c7d6dbbc79e0p-5,3,4,21,22,24,25
3582,222,0.062671659255661094,0x1.00b3ff6e39d60p-4,1,4,13,16,24,27
3583,222,0.29559239286371652,0x1.2eafc5b12f26cp-2,9,10,13,14,18,23
3584,222,0.19404884145604007,0x1.8d697a9f0b054p-3,3,5,6,7,24,28
3585,222,-0.46989583912947608,-0x1.e12c5ff659adcp-2,2,4,19,20,24,29
3586,222,0.2913694051807002,0x1.2a5cbdc9396d2p-2,0,4,13,15,26,27
3587,222,0.49855489104898321,0x1.fe852c6143d0cp-2,8,11,18,23,27,28
3588,222,-0.25814182946166508,-0x1.085654ed11e14p-2,0,3,12,16,19,20
3589,222,-0.34516300678555945,-0x1.61726947bb656p-2,6,7,18,23,25,27
3590,222,0.43397336480772519,0x1.bc638384bcadep-2,0,5,14,15,26,28
3591,222,-0.012130008959627903,-0x1.8d79e3e411a80p-7,1,4,15,17,20,22
3592,222,0.38383705176434479,0x1.890c9481489f4p-2,0,2,12,17,25,28
3593,222,-0.46576282761178345,-0x1.dcf0ee4123f02p-2,15,16,18,23,26,28
3594,222,0.39328234136652207,0x1.92b89b290dd84p-2,1,4,8,9,19,21
3595,222,-0.48631722099164154,-0x1.f1fd243e90150p-2,0,1,14,16,18,21
3596,222,0.4520597347604034,0x1.cee8bf4289978p-2,1,2,9,10,28,29
3597,222,-0.48763504903824306,-0x1.f3569a3002ac4p-2,8,11,15,16,25,27
3598,222,0.46667399328047787,0x1.dddfc98c222d6p-2,7,8,19,20,27,29
3599,222,-0.38730284310697571,-0x1.8c991dd32b4b6p-2,0,3,13,15,18,23
3600,222,-0.36693636491030812,-0x1.77be2a9c02f70p-2,7,9,18,21,26,28
3601,222,0.2290082527547278,0x1.d5024760c3e84p-3,8,11,18,19,26,29
3602,222,0.33762568604509802,0x1.59ba8c3f69bcep-2,10,11,12,14,22,23
3603,222,-0.14071786287628707,-0x1.2030afd822218p-3,6,11,15,16,19,23
3604,222,-0.035115130332439293,-0x1.1fa9c40bec600p-5,1,2,6,11,24,29
3605,222,-0.46690042305396806,-0x1.de1b24fe057c6p-2,0,3,21,23,26,28
3606,222,-0.3898954809254046,-0x1.8f40c2cdbb312p-2,14,17,19,22,26,27
3607,222,-0.147080547022445,-0x1.2d3890dab6aa0p-3,8,11,12,16,26,27
3608,222,0.49939735821603937,0x1.ff620564fc9b4p-2,8,10,20,22,24,29
3609,222,0.049030025705139924,0x1.91a76a9d9ea40p-5,2,5,6,9,24,28
3610,222,0.22861815235332095,0x1.d435c0fd0921cp-3,0,5,18,19,26,28
3611,222,-0.42951374502659068,-0x1.b7d2738049690p-2,1,5,6,10,20,23
3612,222,-0.078545022764363925,-0x1.41b86d0095948p-4,8,10,21,23,24,26
3613,222,-0.27623883817327266,-0x1.1ade5a9f5b626p-2,7,8,12,15,25,29
3614,222,0.42642239581414665,0x1.b4a8129137044p-2,15,17,18,19,28,29
3615,222,-0.42969814665854345,-0x1.b802ca7c33764p-2,3,4,6,11,14,16
3616,222,0.067206958662303307,0x1.13479a984a9d8p-4,9,10,14,17,25,28
3617,222,-0.10872503639198261,-0x1.bd5676b8f5a88p-4,1,4,12,13,24,27
3618,222,0.29367301062762852,0x1.2cb89e21743fep-2,6,10,18,21,26,29
3619,222,-0.20867777831150203,-0x1.ab5f4149ffabcp-3,8,10,13,15,24,25
3620,222,-0.25201360030299569,-0x1.020fda6dcb592p-2,0,2,14,15,25,27
3621,222,-0.3619961648350688,-0x1.72af1f64f9e72p-2,0,2,18,22,27,29
3622,222,-0.074303279325947158,-0x1.3058a2ab0c458p-4,0,2,12,15,19,22
3623,222,-0.36998315412024485,-0x1.7adcdd2c11cbep-2,6,8,18,21,25,26
3624,222,-0.06945140977112052,-0x1.1c7914da0c860p-4,1,4,18,19,27,29
3625,222,0.42932207294607205,0x1.b7a0349b0468cp-2,6,10,14,15,24,25
3626,222,-0.41169814351014189,-0x1.a59432b8ccc60p-2,3,4,14,16,24,25
3627,222,-0.12043685857317055,-0x1.ed4f330ce03c0p-4,6,8,15,17,25,26
3628,222,-0.46973877837173728,-0x1.e10333cb14130p-2,9,10,19,22,27,29
3629,222,0.027133398448549451,0x1.bc8db8bdd09a0p-6,0,1,8,11,19,20
3630,222,-0.45816520756824686,-0x1.d529429aaec4ap-2,7,11,12,16,28,29
3631,222,0.36299032523632213,0x1.73b3bc5e9e1cep-2,0,4,9,11,21,23
3632,222,0.14178619107142987,0x1.2260cc6d68dacp-3,1,3,6,10,19,23
3633,222,-0.042372804618358351,-0x1.5b1e36426bb30p-5,4,5,13,16,20,23
3634,222,-0.13689713886091892,-0x1.185d86f296c4cp-3,2,3,18,19,28,29
3635,222,-0.3296759812766038,-0x1.51969497705aep-2,6,10,13,15,18,23
3636,222,0.20299439264937946,0x1.9fbb862d9a8ecp-3,3,4,12,13,21,23
3637,222,-0.021433378438321826,-0x1.5f2a1adbdd540p-6,8,11,13,16,21,23
3638,222,0.41779850251828488,0x1.abd35ee28904cp-2,10,11,22,23,24,27
3639,222,-0.43283176840780302,-0x1.bb384047ece9ap-2,1,2,12,17,24,27
3640,222,0.21947148200316802,0x1.c17a43acddb70p-3,13,14,22,23,25,26
3641,222,0.2333312102549111,0x1.dddcc0e972924p-3,1,5,16,17,26,28
3642,222,0.3016215614053166,0x1.34dc48580464cp-2,6,7,20,22,24,29
3643,222,0.13722866871742456,0x1.190b5821b83b4p-3,14,17,18,21,28,29
3644,222,0.20121179322058347,0x1.9c14edbb9d888p-3,12,13,20,23,25,27
3645,222,-0.11051621023798874,-0x1.c4aca54a667d8p-4,9,11,14,16,18,23
3646,222,0.39696370554805516,0x1.967da7541c8a2p-2,8,10,12,15,26,29
3647,222,0.070751516921370383,0x1.21cc57b51d650p-4,3,5,18,19,26,28
3648,222,0.015626025338169036,0x1.00044cf2cf500p-6,6,7,20,21,24,29
3649,222,-0.36483161323616797,-0x1.75966b1d95c5cp-2,0,3,16,17,18,21
3650,222,0.3927754138947972,0x1.9233b7d567714p-2,0,1,8,10,27,28
3651,222,0.070895753643831938,0x1.226395f535600p-4,7,8,22,23,24,26
3652,222,0.042923300303807199,0x1.5fa0af6151d40p-5,1,5,13,15,18,23
3653,222,-0.26451175513639058,-0x1.0edc2b66df992p-2,2,5,9,10,18,22
3654,222,0.21847765678006381,0x1.bf7136b637794p-3,6,9,20,21,24,25
3655,222,0.35090137514157149,0x1.6752b0a96afc0p-2,8,9,20,21,24,25
3656,222,-0.23755321464370838,-0x1.e6824cbfa29a4p-3,9,11,13,16,18,21
3657,222,0.1472808778082394,0x1.2da198cc19b94p-3,3,5,6,7,24,25
3658,222,-0.42770516255167834,-0x1.b5f85795f5940p-2,14,16,18,23,25,28
3659,222,0.48845551626328676,0x1.f42daecf9b406p-2,3,4,15,17,24,25
3660,222,-0.42978751381619551,-0x1.b81a37d047618p-2,4,5,8,9,24,25
3661,222,-0.29172985466625923,-0x1.2abb3b243bd18p-2,0,5,13,15,26,28
3662,222,0.32465956571576426,0x1.4c738ea454c1cp-2,9,10,14,17,25,29
3663,222,0.2029031014988828,0x1.9f8ba9498eaf4p-3,3,4,19,22,24,26
3664,222,-0.2928102056705727,-0x1.2bd67045291b6p-2,2,5,12,13,24,25
3665,222,-0.41191176208718916,-0x1.a5cc326c02436p-2,0,2,9,11,18,23
3666,222,-0.12046258963952061,-0x1.ed6a2e2e4a960p-4,9,11,12,14,25,27
3667,222,0.44172545427536603,0x1.c453ad6fb19a6p-2,2,4,15,16,24,29
3668,222,-0.11376615940342882,-0x1.d1fc76e077ce8p-4,2,5,7,9,12,16
3669,222,0.24071399579968922,0x1.ecfb759d3173cp-3,1,4,13,15,27,29
3670,222,0.46140756748814304,0x1.d87b39b1f4360p-2,1,2,9,10,19,23
3671,222,-0.33666338963543807,-0x1.58be49a0fa95cp-2,0,1,12,13,21,23
3672,222,0.45553455023055267,0x1.d277a62dc0cfep-2,6,10,13,17,24,27
3673,222,-0.12744872299494436,-0x1.0503d60971268p-3,2,3,6,10,18,22
3674,222,0.22543480025414142,0x1.cdb0c2b3c64ecp-3,4,5,14,15,19,23
3675,222,0.46843691381310015,0x1.dfaded244407cp-2,7,8,15,17,24,26
3676,222,0.32666318985756215,0x1.4e80cb94fb27ap-2,1,4,19,21,26,29
3677,222,0.30480301317859082,0x1.381e47f54c168p-2,7,9,16,17,19,20
3678,222,0.070581318066292087,0x1.2119e04cda4f8p-4,7,11,12,16,25,27
3679,222,-0.059373862126722687,-0x1.e6640382499f0p-5,8,10,12,13,25,27
3680,222,0.17115425121796402,0x1.5e861ebc6b918p-3,7,11,20,21,25,28
3681,222,-0.42517856496009898,-0x1.b362027ddaf80p-2,15,16,19,20,27,28
3682,222,-0.056729744005888039,-0x1.d0bae566e75a0p-5,0,5,18,20,25,27
3683,222,0.27016538897573794,0x1.14a63c58a5ccap-2,1,2,9,11,19,23
3684,222,0.36888424682210508,0x1.79bccac0712fap-2,0,1,8,10,28,29
3685,222,0.21282722853050084,0x1.b3dec311e5018p-3,3,5,14,15,25,26
3686,222,-0.11800692112999966,-0x1.e35b39af47ae0p-4,1,3,13,17,26,29
3687,222,0.31184594936292354,0x1.3f548b679d854p-2,2,4,20,22,25,27
3688,222,0.46367777265559951,0x1.dace5895c06eep-2,9,10,13,17,26,28
3689,222,0.44453090516826521,0x1.c7331c0f09312p-2,0,5,9,10,21,22
3690,222,-0.46230077774434541,-0x1.d96560054f2f2p-2,0,5,12,14,25,26
3691,222,-0.13836617017192143,-0x1.1b5fb8fe16e20p-3,3,4,22,23,24,26
3692,222,-0.021466258115921732,-0x1.5fb40324d3000p-6,6,7,14,15,27,28
3693,222,0.36229449385151891,0x1.72fd53ea73dccp-2,0,5,8,10,18,22
3694,222,-0.20924021888108124,-0x1.ac8622c8d1274p-3,0,2,10,11,22,23
3695,222,0.0049509712539175244,0x1.4477839e77900p-8,0,3,10,11,20,23
3696,222,0.04371591529706409,0x1.661eeb507fc40p-5,1,5,9,10,22,23
3697,222,-0.31856807711311486,-0x1.4636b5c30071ep-2,7,11,18,22,25,29
3698,222,0.21914100836155992,0x1.c0cd004100be0p-3,0,1,13,14,27,29
3699,222,0.13984979951354426,0x1.1e69925a1a464p-3,8,11,19,20,24,29
3700,222,-0.27368806298809434,-0x1.1841aeff5b99ap-2,0,3,7,11,14,15
3701,222,0.35782190938959224,0x1.6e68ddda7b77cp-2,7,9,12,16,21,23
3702,222,-0.0059738064645195044,-0x1.877fd765d2980p-8,1,2,19,21,24,29
3703,222,0.27688864869559826,0x1.1b88b2ab1ffa2p-2,0,3,19,21,26,28
3704,222,0.25810872625587111,0x1.084da7685321ap-2,9,10,12,14,22,23
3705,222,0.49243855098677636,0x1.f841cfbf1c804p-2,4,5,12,15,20,23
3706,222,0.22024919824941258,0x1.c31202fb9c908p-3,6,11,14,16,27,28
3707,222,-0.32934078250126186,-0x1.513eb5c853efap-2,2,5,19,23,24,27
3708,222,-0.48966502338103568,-0x1.f56abf75aa9f6p-2,2,5,7,9,18,22
3709,222,-0.45002347153320077,-0x1.ccd2f3f2ab810p-2,7,11,12,16,27,28
3710,222,-0.08823735944355493,-0x1.696b93d187068p-4,10,11,13,15,24,25
3711,222,0.25634226086954059,0x1.067e95ec11cb6p-2,12,16,20,21,24,29
3712,222,0.15907815417682925,0x1.45cac46d94894p-3,2,5,12,15,27,28
3713,222,0.058799827084465073,0x1.e1b02ccad2cd0p-5,3,5,7,10,18,19
3714,222,0.079968726596780226,0x1.478d4996f9988p-4,13,14,21,22,24,29
3715,222,0.31116681656200873,0x1.3ea28392efe18p-2,1,3,10,11,21,22
3716,222,-0.086859031234309159,-0x1.63c64ba837b50p-4,1,5,13,15,24,27
3717,222,-0.054027031017031546,-0x1.ba96e56a2e1b0p-5,6,9,18,20,27,28
3718,222,0.11412297209396982,0x1.d3729c0ddad00p-4,2,5,13,14,27,28
3719,222,0.31378560982480697,0x1.415103d09ca22p-2,2,5,7,10,18,22
3720,222,0.44851881281959072,0x1.cb488402cdb58p-2,2,5,9,10,21,23
3721,222,0.35448102998206155,0x1.6afd133b4d288p-2,2,4,15,16,25,29
3722,222,0.32182108099525153,0x1.498b772826e24p-2,1,2,18,23,27,28
3723,222,0.48230482665527385,0x1.ede15104bfd8cp-2,3,5,6,7,14,16
3724,222,-0.076158499363118137,-0x1.37f1f9813b830p-4,1,2,14,15,19,23
3725,222,0.070481456293482236,0x1.20b129dc14508p-4,1,3,12,17,21,22
3726,222,-0.15331952642620605,-0x1.39ff967eb5c94p-3,0,1,10,11,12,15
3727,222,-0.0053601682859268918,-0x1.5f48b37d36780p-8,2,4,12,17,19,21
3728,222,0.1918683196323675,0x1.88f241efad0acp-3,2,3,13,15,20,22
3729,222,0.13294583602770826,0x1.1045e80f06ef0p-3,4,5,6,8,24,27
3730,222,0.19840707683462389,0x1.9656731265b8cp-3,14,17,19,21,24,29
3731,222,-0.4035962223572952,-0x1.9d4853ff4141ap-2,1,5,22,23,26,27
3732,222,-0.37030713021263972,-0x1.7b31cad6f4a28p-2,0,3,15,16,25,28
3733,222,-0.48964301762245177,-0x1.f564faad9cdbcp-2,13,14,21,23,24,26
3734,222,0.3230509465942607,0x1.4acdde0a41bbap-2,8,9,20,23,24,25
3735,222,0.10162886763093459,0x1.a045976cdeba8p-4,0,4,14,17,21,22
3736,222,-0.3882571509339624,-0x1.8d934856cc4aep-2,1,5,18,23,26,28
3737,222,0.33613062460892329,0x1.5832a05f847bcp-2,2,4,14,15,24,27
3738,222,-0.18525163736027739,-0x1.7b6535dff157cp-3,1,4,12,15,19,20
3739,222,0.2834905712176653,0x1.224b5a306abbap-2,2,4,15,16,18,23
3740,222,-0.28696044485139971,-0x1.25d8f577878cep-2,4,5,7,9,12,16
3741,222,0.29538403121294943,0x1.2e7926c747f28p-2,0,5,14,15,19,23
3742,222,0.10864557162748711,0x1.bd03238fecad8p-4,8,9,13,16,21,23
3743,222,-0.39380938917780672,-0x1.9342c4bd81734p-2,0,5,7,8,25,28
3744,222,0.38963440805281724,0x1.8efc527feec3ep-2,2,3,12,14,19,21
3745,222,0.42605384713914707,0x1.b44775af30c34p-2,12,17,21,22,24,26
3746,222,0.28856885783354347,0x1.277e983c28150p-2,0,1,15,16,18,20
3747,222,-0.12057241294805132,-0x1.eddd56a696458p-4,8,9,12,13,20,22
3748,222,0.17552464502932708,0x1.6779771058000p-3,6,8,15,16,27,28
3749,222,-0.47215480337694438,-0x1.e37c8c7c9cf72p-2,6,9,13,14,21,23
3750,222,-0.088280020588091923,-0x1.69984f950e968p-4,6,10,21,22,25,26
3751,222,0.47057411586207631,0x1.e1de2e57e30dep-2,1,5,6,9,26,28
3752,222,-0.087925492024129248,-0x1.68248f8ba74c0p-4,0,3,16,17,19,21
3753,222,0.41769432557192876,0x1.abb80fb0398f4p-2,9,10,18,23,27,28
3754,222,-0.48994496496837381,-0x1.f5b422058420cp-2,9,10,20,22,24,29
3755,222,0.076620695918579451,0x1.39d69f72ac468p-4,0,4,14,17,25,26
3756,222,0.41353406235353163,0x1.a77579265c9d2p-2,7,10,20,21,25,28
3757,222,0.0071049494429027416,0x1.d1a1457f3b700p-8,12,13,22,23,24,25
3758,222,-0.1918899669337244,-0x1.88fd9b6349750p-3,9,10,13,17,27,29
3759,222,-0.41638364894574542,-0x1.aa6079ab3e96ap-2,0,1,14,17,21,22
3760,222,0.1567689422262124,0x1.4110133f1eea8p-3,1,5,9,10,18,21
3761,222,0.22789441826593126,0x1.d2ba4f0b251c0p-3,2,5,7,10,20,23
3762,222,0.23075033877459039,0x1.d893a2349f4e8p-3,2,4,12,15,19,23
3763,222,0.4771610095177321,0x1.e89ce54b38530p-2,1,4,12,15,19,23
3764,222,0.035642551683011559,0x1.23fbd93a62810p-5,7,11,18,22,27,29
3765,222,-0.28841474447290483,-0x1.275631dcc802cp-2,2,3,10,11,20,21
3766,222,-0.059283534692685769,-0x1.e5a6955648a30p-5,4,5,8,9,19,22
3767,222,0.39400813104827137,0x1.9376de14d7752p-2,0,3,12,15,26,28
3768,222,0.38579467931997025,0x1.8b0dc2aa99ae8p-2,0,5,12,13,25,26
3769,222,0.3143518880217504,0x1.41e57619f503cp-2,2,4,7,9,25,27
3770,222,0.058295040862277436,0x1.dd8d8fc0b8090p-5,9,10,20,23,24,27
3771,222,-0.14276974278212207,-0x1.24647680dc414p-3,1,4,13,14,27,29
3772,222,-0.37328793926027182,-0x1.7e3f318c74d72p-2,12,13,20,21,25,28
3773,222,0.13433443644510756,0x1.131deeda110e0p-3,2,4,14,15,24,29
3774,222,0.20113796439942722,0x1.9bee3898a2ec4p-3,0,1,16,17,26,29
3775,222,0.26595754428605156,0x1.10572cab550e8p-2,6,11,13,15,25,27
3776,222,-0.022769214709579932,-0x1.750d022220bc0p-6,0,1,12,17,20,22
3777,222,0.13205979421282477,0x1.0e755d8a15a70p-3,6,7,20,22,25,29
3778,222,0.10620203372586234,0x1.b300e759f0b68p-4,8,9,12,13,26,28
3779,222,-0.39893871352821531,-0x1.988363ded915ep-2,2,4,14,17,24,27
3780,222,0.02782689859175802,0x1.c7ea78d9a5380p-6,2,3,6,7,24,29
3781,222,0.44247688289189957,0x1.c518a8f506e46p-2,7,10,14,17,25,26
3782,222,-0.053464690376697432,-0x1.b5fb951513eb0p-5,10,11,14,15,24,26
3783,222,-0.38147009902264306,-0x1.86a018fed1086p-2,7,9,21,22,26,29
3784,222,-0.34661458765004904,-0x1.62eeef39180ccp-2,10,11,12,14,21,23
3785,222,0.49798000045198765,0x1.fdee7820036ecp-2,6,10,20,23,24,25
3786,222,0.16207571274906973,0x1.4bee59eddd7b0p-3,10,11,21,23,25,28
3787,222,0.034539768152243022,0x1.1af324d402820p-5,1,5,6,9,13,16
3788,222,-0.30730067122843419,-0x1.3aad06f3dc21ep-2,13,15,18,22,25,27
3789,222,-0.38042153854135585,-0x1.858d394aeaa04p-2,1,2,14,15,24,29
3790,222,-0.18009916764276035,-0x1.70d7d5187ff40p-3,2,4,13,14,25,29
3791,222,0.17469740886467644,0x1.65c7c14e28660p-3,0,3,12,13,26,28
3792,222,-0.13814523060166617,-0x1.1aebe2fc42a18p-3,0,4,9,11,18,23
3793,222,0.29202128832577634,0x1.2b07a0ec6146ap-2,8,10,20,21,25,28
3794,222,-0.060990297073447719,-0x1.f3a1ec69b8960p-5,3,5,6,8,19,23
3795,222,-0.14940042978438606,-0x1.31f8da3f75508p-3,0,3,7,8,19,23
3796,222,-0.2788456624123159,-0x1.1d89b7a2c4f84p-2,2,3,21,22,25,29
3797,222,0.091524948941018813,0x1.76e2dd6784140p-4,0,5,12,16,20,23
3798,222,-0.15744818207313738,-0x1.427431468cdbcp-3,1,5,12,14,24,26
3799,222,-0.15154533697990391,-0x1.365d66d18517cp-3,7,8,18,20,25,28
3800,222,0.27980974838340122,0x1.1e867259a2818p-2,0,2,12,13,21,23
3801,222,-0.48543835544840763,-0x1.f116c0937feecp-2,0,1,12,16,28,29
3802,222,0.25124909119070604,0x1.014771174155ep-2,0,3,12,17,26,29
3803,222,-0.16562614661189701,-0x1.5333cd187c1b4p-3,7,9,19,21,24,28
3804,222,-0.34939554130638961,-0x1.65c7f1dd1ddc4p-2,8,11,15,16,24,27
3805,222,0.097833337048646385,0x1.90b9b07151d80p-4,6,9,21,22,24,25
3806,222,-0.37828497262334848,-0x1.835d22c7f130ap-2,10,11,13,14,24,26
3807,222,-0.44779663728671482,-0x1.ca8b33a19ef08p-2,0,1,8,9,21,23
3808,222,0.3469000720765969,0x1.6339c5c232340p-2,0,1,9,10,21,22
3809,222,-0.16991443782109983,-0x1.5bfc19cc7a924p-3,1,2,6,11,13,16
3810,222,0.016022406912235221,0x1.0682d86c3d840p-6,6,8,13,15,20,23
3811,222,-0.11342488979923981,-0x1.d0969e03d79c0p-4,2,4,19,23,24,27
3812,222,0.14929764918146082,0x1.31c2f744d51b0p-3,9,11,12,16,26,29
3813,222,0.31245066248730891,0x1.3ff31103fc714p-2,6,9,14,16,26,27
3814,222,0.46886468287330996,0x1.e01e103cc2d82p-2,9,11,19,21,28,29
3815,222,-0.47085511967839067,-0x1.e227d830b100ap-2,0,1,13,15,26,27
3816,222,-0.035332678425480268,-0x1.2171ff4a29250p-5,10,11,12,15,28,29
3817,222,-0.15696988491270469,-0x1.41796d51416f4p-3,6,8,16,17,24,27
3818,222,0.083243416240410095,0x1.54f70c65c20e0p-4,7,9,12,14,26,28
3819,222,-0.18086615161828756,-0x1.7269f3f13b3bcp-3,7,10,12,15,19,22
3820,222,-0.34013974108661105,-0x1.5c4d97a025c9ap-2,6,9,13,16,20,21
3821,222,-0.42935362408522892,-0x1.b7a879f775e64p-2,7,8,20,22,25,29
3822,222,-0.34508835406511729,-0x1.615ed76bc2b60p-2,0,4,13,15,25,26
3823,222,0.099821468980499817,0x1.98de658b5bda8p-4,6,7,15,17,24,25
3824,222,0.37793219935478584,0x1.8300a891562d6p-2,1,3,15,17,18,20
3825,222,-0.20691980947250699,-0x1.a7c592b4a1ba4p-3,0,2,7,9,25,27
3826,222,0.21457097203673647,0x1.b770fc5c8cb9cp-3,4,5,6,9,25,27
3827,222,0.28802845468928095,0x1.26f0ee64d4de6p-2,3,4,13,17,26,29
3828,222,0.38964001434292816,0x1.8efdcabb436d8p-2,1,4,18,22,26,29
3829,222,-0.38533157143699959,-0x1.8a945c05c0b7cp-2,8,9,13,16,20,21
3830,222,0.43121789260200194,0x1.b9912ee8b3daap-2,7,8,12,17,24,28
3831,222,0.49761011768904684,0x1.fd8d81b6885d0p-2,3,5,6,7,16,17
3832,222,-0.17792334538128207,-0x1.6c63132cdc330p-3,13,17,20,22,24,29
3833,222,-0.33840601583981167,-0x1.5a871b4b34e38p-2,16,17,18,20,27,29
3834,222,-0.21833862841200546,-0x1.bf2852a3dd4e8p-3,1,5,12,13,27,28
3835,222,-0.025935819124567439,-0x1.a8eeb5bbd6da0p-6,1,5,6,9,13,14
3836,222,0.052702870389101264,0x1.afbdee173fa00p-5,2,3,14,16,24,29
3837,222,-0.43817575579200663,-0x1.c0b125341b64ap-2,1,4,18,19,26,27
3838,222,0.33260419192191315,0x1.5496317b44bc4p-2,1,4,14,17,18,19
3839,222,0.40734617938326068,0x1.a11f5b5a68180p-2,2,4,7,9,14,17
3840,222,0.25961777511162687,0x1.09d93df642460p-2,0,2,12,13,20,22
3841,222,0.11675381422060982,0x1.de393f5c2c268p-4,0,4,7,11,26,29
3842,222,-0.48013540259625886,-0x1.eba89d6f35fdap-2,2,3,7,10,12,14
3843,222,0.12844809254954326,0x1.070fcb25def70p-3,7,9,16,17,18,19
3844,222,0.38530852509217084,0x1.8a8e516890400p-2,7,10,12,17,19,21
3845,222,-0.24405831516508514,-0x1.f3d4d88f9b724p-3,7,11,14,16,25,27
3846,222,0.49455320083062115,0x1.fa6c277ecc6dep-2,1,5,14,17,24,26
3847,222,-0.18572164217398635,-0x1.7c5ba0da5f9ccp-3,3,4,12,17,25,26
3848,222,0.43511377161025977,0x1.bd8e76ec6bce4p-2,6,7,18,19,26,28
3849,222,-0.19475882811559864,-0x1.8eddb76ae9064p-3,0,4,7,11,19,21
3850,222,0.19150143615667792,0x1.8831e7ab7090cp-3,3,4,6,11,21,22
3851,222,-0.37909720889754783,-0x1.84320f08e11fep-2,0,4,9,11,25,26
3852,222,0.24809965961011415,0x1.fc1baca164b48p-3,1,4,19,22,24,29
3853,222,-0.0036743921891371212,-0x1.e19c2491ee600p-9,0,3,18,20,25,28
3854,222,0.03499720636050907,0x1.1eb27618a1ca0p-5,1,3,6,8,13,16
3855,222,0.072746837052018343,0x1.29f8966069ec0p-4,0,4,7,9,12,16
3856,222,0.41547726091604253,0x1.a972deff76d8ep-2,2,3,7,11,19,23
3857,222,0.34827315754005095,0x1.64a1b7f6d631ep-2,1,4,6,11,15,16
3858,222,0.04769492538674347,0x1.86b7821714430p-5,6,9,18,20,25,28
3859,222,-0.41773472334312167,-0x1.abc2a6bca6360p-2,1,5,14,17,19,22
3860,222,0.46978811341120386,0x1.e110229c9a468p-2,2,5,12,17,25,28
3861,222,-0.48862002675102834,-0x1.f458ceec43e74p-2,0,4,14,16,25,27
3862,222,-0.04761770676432131,-0x1.861591a86cc60p-5,12,14,19,21,24,29
3863,222,0.22056012468372577,0x1.c3b506d28bd8cp-3,2,3,12,14,21,23
3864,222,-0.44061788302811666,-0x1.c33155968dd6cp-2,1,4,8,11,21,22
3865,222,0.16005023625329029,0x1.47c86b13664f0p-3,0,5,7,9,12,17
3866,222,0.42445135660731681,0x1.b2a3605d7c2b6p-2,2,3,12,14,28,29
3867,222,-0.4198703248838942,-0x1.adf27c87bfb6cp-2,4,5,7,9,18,19
3868,222,-0.038363720314655625,-0x1.3a468d8356ba0p-5,6,9,13,17,25,29
3869,222,-0.44425417547656076,-0x1.c6ea910b22128p-2,1,4,6,9,18,22
3870,222,0.49150127035102253,0x1.f74c1be8667fap-2,0,5,12,17,25,27
3871,222,-0.049287109569584486,-0x1.93c28f76e74b0p-5,0,1,8,11,19,21
3872,222,0.1481985237451795,0x1.2f82b52668800p-3,1,4,19,22,26,29
3873,222,0.083711182240865489,0x1.56e189608b518p-4,2,4,18,22,25,29
3874,222,-0.44918350869443135,-0x1.cbf6c2fefaff4p-2,2,4,6,11,18,23
3875,222,0.27466488815442458,0x1.1941c09fee566p-2,8,10,13,15,27,29
3876,222,0.23137190461910873,0x1.d9d9835c6b1e0p-3,7,9,14,16,24,29
3877,222,-0.13003483874921995,-0x1.0a4fb49e25f4cp-3,8,10,12,15,28,29
3878,222,0.34788757452128205,0x1.643ca3ed03c1ep-2,9,10,18,22,25,29
3879,222,-0.35209630491607036,-0x1.688bef0aa0bbcp-2,1,2,12,16,24,29
3880,222,-0.24220753996473199,-0x1.f00a81b7f1f1cp-3,1,2,12,17,28,29
3881,222,0.1643732421512788,0x1.50a2eb1b0491cp-3,1,5,13,16,20,21
3882,222,-0.39405207876563098,-0x1.9382635ce0764p-2,2,5,12,13,24,28
3883,222,-0.48948550028611149,-0x1.f53bafde61542p-2,8,9,12,16,26,29
3884,222,-0.047013198735695205,-0x1.8121d2e19ae80p-5,4,5,7,9,18,22
3885,222,-0.29942539711159499,-0x1.329c9240be948p-2,1,4,16,17,20,21
3886,222,0.41893951892736614,0x1.acfe7b332e174p-2,0,5,8,10,26,28
3887,222,0.40357107715372587,0x1.9d41bc87f26d6p-2,16,17,18,19,27,28
3888,222,0.11555183629662347,0x1.d94ce1de301a0p-4,0,4,9,11,19,23
3889,222,-0.27170263407334561,-0x1.1639371e540b6p-2,1,2,10,11,19,21
3890,222,0.12125549122246404,0x1.f0a999142ca38p-4,1,3,10,11,18,19
3891,222,0.13802677071983593,0x1.1aadc791b6a70p-3,8,9,12,16,28,29
3892,222,0.036838715521953724,0x1.2dc862cc970d0p-5,0,5,13,16,20,21
3893,222,0.18754610971459662,0x1.80182cbdbad1cp-3,12,13,21,23,25,26
3894,222,-0.26123542723307314,-0x1.0b814cc2172e2p-2,6,8,19,22,24,27
3895,222,0.22034662908815617,0x1.c34517edbd628p-3,6,10,18,20,25,28
3896,222,-0.07701836570953613,-0x1.3b779c1e9f078p-4,6,8,19,20,24,28
3897,222,0.49950483553886982,0x1.ff7e3213554dcp-2,6,7,15,16,25,27
3898,222,0.020138814312274045,0x1.49f44f367de40p-6,2,3,12,14,25,29
3899,222,-0.16088876951710296,-0x1.49800d1af5054p-3,6,11,13,16,27,28
3900,222,0.087377757379030752,0x1.65e6382573c08p-4,2,4,7,9,18,19
3901,222,0.14365843903386044,0x1.2636654b8f088p-3,6,8,18,23,26,27
3902,222,0.20918813559264482,0x1.ac6ad448a72a0p-3,1,3,18,19,26,28
3903,222,-0.13666095170619297,-0x1.17e1b271bf260p-3,7,9,12,17,28,29
3904,222,-0.13710461480938729,-0x1.18ca4de5e55e0p-3,3,4,15,17,25,26
3905,222,-0.027554399002101881,-0x1.c37386a4cc300p-6,10,11,13,14,26,27
3906,222,-0.10428440216543489,-0x1.ab261f0c89078p-4,10,11,13,15,24,28
3907,222,-0.24389953503059625,-0x1.f3819973ba674p-3,1,2,6,11,20,22
3908,222,0.16390828677654679,0x1.4faf25d9fd404p-3,7,11,12,14,26,29
3909,222,-0.26942776278304481,-0x1.13e4df172686cp-2,6,9,16,17,19,21
3910,222,-0.036799075330676723,-0x1.2d7541222f7d0p-5,6,9,20,22,24,27
3911,222,0.063119953655622285,0x1.028a118ad09f8p-4,6,11,15,16,24,29
3912,222,-0.10169075866605704,-0x1.a0867d2c6b158p-4,6,10,13,17,24,25
3913,222,-0.096651376533943956,-0x1.8be250553a0b8p-4,7,11,22,23,24,26
3914,222,-0.43225330372508064,-0x1.baa09c2c5944cp-2,4,5,12,14,24,26
3915,222,-0.3665512932396261,-0x1.775938e315326p-2,2,5,12,16,24,27
3916,222,-0.19144527021888758,-0x1.8814753483150p-3,8,10,19,21,24,28
3917,222,-0.05438665120806141,-0x1.bd891308e1f50p-5,2,4,12,15,25,27
3918,222,0.38955930151580409,0x1.8ee8a22f73b18p-2,1,5,9,10,24,28
3919,222,-0.29023586763152698,-0x1.2933975e6a146p-2,2,4,6,9,18,19
3920,222,-0.4228212269659305,-0x1.b0f80c377e392p-2,2,3,6,10,13,15
3921,222,-0.14520579995969118,-0x1.2961a89021920p-3,0,2,10,11,19,20
3922,222,0.077414275886894868,0x1.3d16c072d8008p-4,8,10,21,23,25,26
3923,222,0.037871274829513024,0x1.363dd1db38010p-5,7,10,12,15,19,20
3924,222,0.10287683469885822,0x1.a5622e08c2f20p-4,1,4,6,9,21,23
3925,222,-0.20055190455249383,-0x1.9abaf4f9a0b74p-3,1,4,6,9,24,26
3926,222,0.13778581970996084,0x1.1a2f73ac0dff0p-3,6,8,15,16,25,26
3927,222,0.27943769934330609,0x1.1e24ea8fcbc18p-2,9,10,21,23,25,26
3928,222,-0.32915992848619569,-0x1.510f4ce001f48p-2,10,11,13,14,25,27
3929,222,0.094260475393305398,0x1.821745b1ea200p-4,7,10,18,22,26,27
3930,222,-0.023732511076546059,-0x1.84d55dbb3f0c0p-6,3,4,6,8,18,20
3931,222,0.42429122748656989,0x1.b27966482357ap-2,0,2,19,23,27,28
3932,222,-0.069562698694964675,-0x1.1cedc6bea9790p-4,2,3,6,11,18,22
3933,222,0.036682766546651591,0x1.2c815654a1260p-5,0,5,13,16,18,21
3934,222,-0.48892263252585011,-0x1.f4a82273e4192p-2,2,5,6,10,18,19
3935,222,-0.43209166549692113,-0x1.ba763cd0bbd9cp-2,3,5,14,16,18,23
3936,222,-0.045721140315688968,-0x1.768c2e4c88e60p-5,4,5,7,9,25,26
3937,222,0.14015126744596174,0x1.1f07a0b163080p-3,0,2,18,20,27,29
3938,222,0.089331935391868345,0x1.6de752cff17f8p-4,3,5,15,17,20,22
3939,222,-0.11929937893741061,-0x1.e8a6772f82360p-4,0,2,10,11,14,15
3940,222,0.41195032543883359,0x1.a5d64e5d586b6p-2,8,10,18,23,26,27
3941,222,0.46458441626054292,0x1.dbbc046847f82p-2,3,4,6,11,19,23
3942,222,0.41639273783899722,0x1.aa62db9d3dd82p-2,0,3,10,11,19,22
3943,222,0.33157066800784341,0x1.538742dda0518p-2,6,7,20,21,24,25
3944,222,0.41131626011445221,0x1.a53016f604b64p-2,0,5,13,17,18,20
3945,222,0.32854970542519446,0x1.506f557fa5860p-2,8,9,16,17,19,21
3946,222,0.20593766618717446,0x1.a5c2a5aa4ece4p-3,0,4,7,9,16,17
3947,222,0.23904668542460628,0x1.e9914f00ed548p-3,3,4,6,8,24,29
3948,222,-0.38917806730344362,-0x1.8e84b1fd8e1bap-2,9,11,13,16,26,28
3949,222,-0.41067905944963401,-0x1.a4890d25f3ef6p-2,2,4,14,17,25,29
3950,222,0.36456021289892815,0x1.754f45bf4b766p-2,7,8,16,17,26,27
3951,222,0.13294542541410437,0x1.1045b0f2737a4p-3,0,2,14,17,18,22
3952,222,0.20713042486406374,0x1.a833ff0661c50p-3,3,4,15,16,24,29
3953,222,0.47485395630481453,0x1.e6401d92d2522p-2,1,2,10,11,12,14
3954,222,-0.078172578924998293,-0x1.4031e3ded45d0p-4,10,11,19,20,24,29
3955,222,-0.085908774328849802,-0x1.5fe1e102e8e00p-4,4,5,8,9,20,21
3956,222,-0.48401290479867654,-0x1.efa11433cf21cp-2,1,5,8,10,12,15
3957,222,-0.1391023185152217,-0x1.1ce1ad2690b24p-3,1,3,8,11,19,23
3958,222,-0.066327079441989456,-0x1.0facfbd0ae3d0p-4,2,3,12,16,20,21
3959,222,0.056902046512354088,0x1.d2243d9b12b10p-5,0,1,10,11,21,23
3960,222,0.22955628733866829,0x1.d6219b55afa28p-3,8,9,18,21,25,28
3961,222,-0.11493434333116059,-0x1.d6c564dcb68f8p-4,8,10,12,15,25,29
3962,222,0.38186563520143813,0x1.8707c8faa032ap-2,4,5,6,7,20,21
3963,222,-0.44922689966699436,-0x1.cc0222ea367dcp-2,2,5,7,10,12,14
3964,222,0.19007949533210566,0x1.85486600bb8d8p-3,0,5,14,16,18,21
3965,222,-0.21262316413027083,-0x1.b373c6027e0fcp-3,1,5,14,15,19,22
3966,222,-0.01075796333357093,-0x1.60845658397c0p-7,0,3,7,11,20,22
3967,222,0.40655826068401335,0x1.a050cf0639d5ep-2,0,2,12,14,21,22
3968,222,-0.14344189814243291,-0x1.25c4ddab2eeccp-3,1,4,13,15,24,26
3969,222,0.26569083794027004,0x1.1011424f3380cp-2,1,4,12,13,24,29
3970,222,0.0084893170292082987,0x1.162d8d80bee40p-7,1,3,13,16,24,28
3971,222,0.00978517058057915,0x1.40a3f5d08f280p-7,7,10,19,23,24,27
3972,222,-0.44896320090749675,-0x1.cbbd0264054cep-2,1,2,13,15,18,23
3973,222,-0.34582104152251625,-0x1.621ee93e6e744p-2,0,2,7,9,12,17
3974,222,-0.4928162736074293,-0x1.f8a4d448526dcp-2,0,5,8,10,25,27
3975,222,0.080724902620400329,0x1.4aa6320ba3728p-4,9,10,20,23,27,28
3976,222,-0.42287822643334161,-0x1.b106fd62e3016p-2,0,3,21,22,26,29
3977,222,-0.39462455637651184,-0x1.941875af57ae8p-2,1,4,8,11,21,23
3978,222,-0.00012490620019700582,-0x1.05f2816fef000p-13,1,4,14,15,24,26
3979,222,0.1645666490944343,0x1.510851befbb4cp-3,0,5,7,9,12,14
3980,222,0.28281627735795778,0x1.219a97181d966p-2,9,11,18,20,28,29
3981,222,-0.36676094036431461,-0x1.77902e11427f0p-2,0,3,8,11,21,22
3982,222,-0.30642672393332449,-0x1.39c7ed57a7fc8p-2,7,11,12,16,25,28
3983,222,-0.17006340359205907,-0x1.5c4a33a5650dcp-3,2,3,7,11,18,21
3984,222,0.23121625742585727,0x1.d987e8bf94a1cp-3,0,5,7,10,12,15
3985,222,0.49132213729065222,0x1.f71d267ddb504p-2,2,3,6,10,24,28
3986,222,-0.19217632588171207,-0x1.8993bdd5d1b2cp-3,9,10,20,23,25,28
3987,222,-0.30352338916786881,-0x1.36ced5d830350p-2,3,5,14,17,19,22
3988,222,0.29011180637886691,0x1.291311c252a7ap-2,8,10,13,15,24,29
3989,222,-0.30748600829417294,-0x1.3add9cb6677bap-2,8,11,18,19,28,29
3990,222,0.49896920459067617,0x1.fef1c87db65c8p-2,8,9,13,16,18,20
3991,222,0.2639370761338703,0x1.0e458558c98f2p-2,0,4,7,11,21,23
3992,222,-0.0093897904482326267,-0x1.33af45721b1c0p-7,6,11,13,14,25,28
3993,222,0.31387330685013082,0x1.4168011008e4ap-2,7,9,12,14,25,28
3994,222,0.42713197319625729,0x1.b562157fd0c44p-2,7,11,12,16,24,28
3995,222,-0.073368456967532025,-0x1.2c846733bc8d8p-4,4,5,7,8,25,26
3996,222,0.12131524028687046,0x1.f0e83fd89da80p-4,1,4,12,15,22,23
3997,222,-0.1282698470588427,-0x1.06b2577171f94p-3,1,5,8,9,13,17
3998,222,0.44969625033174265,0x1.cc7d2c813c126p-2,2,5,6,7,24,28
3999,222,0.20425105574620106,0x1.a24e60a4d3c6cp-3,8,11,12,16,27,29
4000,222,-0.15743686530481416,-0x1.426e425d59fa0p-3,0,5,12,16,20,21
4001,222,0.31579789572994965,0x1.4360860939170p-2,0,3,18,19,26,29
4002,222,-0.48767710980987489,-0x1.f361a0d6909a4p-2,6,7,15,16,26,27
4003,222,-0.08121572043552816,-0x1.4ca8daf311170p-4,6,8,15,17,20,22
4004,222,-0.26796672043478387,-0x1.1265de32bc2eap-2,0,2,12,15,27,29
4005,222,-0.2036702119128162,-0x1.a11dd91aadf28p-3,6,9,13,14,25,29
4006,222,0.4396392223589124,0x1.c230c8c848172p-2,8,9,13,17,18,21
4007,222,-0.064083033948023282,-0x1.067bee7090408p-4,3,5,8,10,12,13
4008,222,-0.27613215212036524,-0x1.1ac2630aec9c8p-2,6,7,18,21,25,29
4009,222,0.3193349735579124,0x1.46ffbf4f99dd6p-2,6,10,15,17,24,28
4010,222,0.29122128872432895,0x1.2a35e9dbe13eep-2,9,11,20,21,25,29
4011,222,-0.06126325169728164,-0x1.f5de59cf90ed0p-5,0,1,8,11,19,23
4012,222,-0.24302930009500479,-0x1.f1b9587f05c40p-3,0,1,9,11,12,13
4013,222,0.22752811479171198,0x1.d1fa429f9b84cp-3,6,7,22,23,25,26
4014,222,-0.4946880445749896,-0x1.fa8f80b4afe4ap-2,10,11,19,20,24,28
4015,222,-0.45737827512924512,-0x1.d45af87652f12p-2,13,17,18,20,25,28
4016,222,0.1536351980434284,0x1.3aa51738e3584p-3,0,5,7,9,20,23
4017,222,-0.44439198741931252,-0x1.c70eb17248148p-2,1,2,14,17,19,21
4018,222,-0.35517381976016915,-0x1.6bb2af910fb16p-2,0,2,13,14,22,23
4019,222,0.14442720536388542,0x1.27c9735d86464p-3,2,3,13,14,22,23
4020,222,0.13820058925231393,0x1.1b08e91903500p-3,1,5,6,9,18,19
4021,222,-0.15910791062882801,-0x1.45da5e457c540p-3,8,9,21,22,25,29
4022,222,-0.018893895174206143,-0x1.358ebd7781500p-6,7,8,18,20,28,29
4023,222,-0.42509036919927723,-0x1.b34ae3c638caep-2,7,8,12,16,21,23
4024,222,0.30077843205604138,0x1.33ff42e417678p-2,6,9,13,14,18,23
4025,222,-0.1920244903637518,-0x1.894422d125a50p-3,8,10,21,22,24,25
4026,222,-0.37842662338087185,-0x1.838244cd6d1c6p-2,0,4,8,9,27,29
4027,222,-0.45233938001195673,-0x1.cf320def60886p-2,7,9,12,16,25,29
4028,222,-0.053652960152219653,-0x1.b78669a5fef90p-5,1,2,14,17,24,28
4029,222,0.42521256638026717,0x1.b36aec49ce4fep-2,3,4,6,8,13,15
4030,222,0.041934621492505153,0x1.5787467c2ca20p-5,14,17,18,21,25,26
4031,222,0.02766053201466534,0x1.c530ae1926120p-6,1,2,13,17,24,29
4032,222,0.28286771369271968,0x1.21a812ed9e3b2p-2,8,11,13,15,27,29
4033,222,0.069152994619711139,0x1.1b402ba4fe750p-4,12,13,20,22,27,29
4034,222,0.34120144839554378,0x1.5d63e998d3a72p-2,6,7,16,17,20,21
4035,222,0.07551392303450255,0x1.354e165d36ae0p-4,6,8,13,16,27,28
4036,222,-0.1077313020740015,-0x1.b94475329d038p-4,1,3,8,10,28,29
4037,222,0.21877982241831784,0x1.c00fa2b27dabcp-3,7,11,12,14,24,29
4038,222,0.083025016541789176,0x1.54120a2cbfdf0p-4,2,5,15,17,27,28
4039,222,-0.0023890606380351231,-0x1.3923929df6900p-9,10,11,13,15,27,29
4040,222,0.3979204652354823,0x1.9778766261cb2p-2,1,3,13,14,26,28
4041,222,0.10856831075920026,0x1.bcb220017bd28p-4,0,5,12,15,25,27
4042,222,-0.16721212079185344,-0x1.56734ef25dd2cp-3,3,5,13,15,20,23
4043,222,0.26335879594548861,0x1.0daded9ecc9b4p-2,3,4,13,15,24,25
4044,222,0.21707541798738295,0x1.bc9209682bb44p-3,0,3,7,8,20,22
4045,222,0.027600897785070022,0x1.c4368e54ef720p-6,0,5,7,8,15,16
4046,222,0.42795928896086488,0x1.b63af5b86ce16p-2,7,8,12,17,20,22
4047,222,0.12324805272327999,0x1.f8d2f33bdfef0p-4,14,16,18,21,25,28
4048,222,-0.15027446105179731,-0x1.33c318bd21c84p-3,1,4,20,23,24,27
4049,222,0.22709175432488615,0x1.d1157b50221acp-3,7,8,12,17,24,26
4050,222,-0.23076437297355845,-0x1.d89afdd806ec0p-3,4,5,16,17,18,19
4051,222,0.16341386384492285,0x1.4eabed876a5fcp-3,6,7,16,17,28,29
4052,222,0.39670602045754333,0x1.963a1a5ff7402p-2,0,2,12,14,25,27
4053,222,0.24747657558886194,0x1.fad4ffb5711e8p-3,0,2,12,16,25,28
4054,222,-0.19891680948478907,-0x1.9761b23ae5080p-3,0,3,8,10,18,19
4055,222,0.32327006112874412,0x1.4b074e914ba66p-2,6,10,18,20,25,29
4056,222,-0.37085721655625514,-0x1.7bc1fe8260fa8p-2,0,4,7,11,20,23
4057,222,0.29956957545383878,0x1.32c25de5cda98p-2,1,3,10,11,19,23
4058,222,-0.032925184438314714,-0x1.0db91dcc13160p-5,8,11,12,15,24,25
4059,222,-0.091903929568127651,-0x1.7870413de7680p-4,1,3,13,17,28,29
4060,222,0.1841553282276166,0x1.79266dc0f95ccp-3,9,11,14,16,24,26
4061,222,-0.0085477448245515619,-0x1.1817ae3ceda40p-7,14,16,18,23,25,27
4062,222,-0.018896753785092479,-0x1.359abae07b7a0p-6,8,10,19,22,24,29
4063,222,-0.024541727733191188,-0x1.9217778016d00p-6,0,3,12,14,25,29
4064,222,0.031898669303649485,0x1.05505bae3e350p-5,0,2,13,17,28,29
4065,222,-0.36554863511460967,-0x1.765261a3a8a36p-2,6,8,19,23,24,27
4066,222,0.25790499457682736,0x1.08183f34bae96p-2,6,10,14,15,26,27
4067,222,0.49303769890174054,0x1.f8dedfe1e98b6p-2,2,3,19,21,28,29
4068,222,0.20957806352494135,0x1.ad374386639a0p-3,0,4,12,14,21,23
4069,222,0.16967604578881101,0x1.5b7f1d5c9ece4p-3,0,2,9,11,25,27
4070,222,-0.26155174224773714,-0x1.0bd4384ca9d54p-2,7,8,19,20,24,29
4071,222,-0.3454105747287971,-0x1.61b34f489c69ep-2,1,3,19,20,24,28
4072,222,-0.30232670635941683,-0x1.359521d21598cp-2,4,5,13,15,20,23
4073,222,0.20440635268784013,0x1.a29fcc3f1c7f8p-3,3,5,21,22,24,25
4074,222,-0.18626592020326682,-0x1.7d78fc9d0f1b8p-3,6,9,18,23,26,27
4075,222,-0.2999510261220355,-0x1.33265c9e62154p-2,0,1,9,10,20,22
4076,222,0.36034370717251307,0x1.70fdf0d6805a4p-2,6,8,18,20,25,29
4077,222,-0.36122092143201856,-0x1.71e3e5b0b9dc8p-2,3,5,7,8,18,22
4078,222,-0.15839745755968848,-0x1.4465e2dfe8438p-3,9,10,13,14,26,29
4079,222,0.18534632864316603,0x1.7b96db1fa6060p-3,2,4,19,22,24,29
4080,222,-0.30929820861199009,-0x1.3cb8ab6accae2p-2,0,4,8,9,26,27
4081,222,-0.41683119779039646,-0x1.aad5cc29d95acp-2,12,16,21,23,25,26
4082,222,0.29747995425269902,0x1.309e95caec75ep-2,8,11,21,23,25,26
4083,222,-0.13852134107979486,-0x1.1bb113ade2e0cp-3,3,4,16,17,25,26
4084,222,0.1269715745121075,0x1.0409ac4068b64p-3,4,5,8,9,21,22
4085,222,0.10009983642256426,0x1.9a02493c515c0p-4,0,3,7,11,26,28
4086,222,0.4545184253104475,0x1.d16d47308d190p-2,1,4,6,9,20,22
4087,222,-0.44983813411862417,-0x1.cca25e2a21f2cp-2,1,4,8,11,24,29
4088,222,-0.18153385033923952,-0x1.73c804f297894p-3,3,4,6,7,22,23
4089,222,0.2553803694680572,0x1.05826e7b9f708p-2,1,4,14,17,26,29
4090,222,-0.12626406837059601,-0x1.0296bc627e318p-3,0,1,21,23,26,28
4091,222,-0.072664567028762228,-0x1.29a2522f76ec0p-4,7,10,12,15,20,22
4092,222,-0.38593072769082237,-0x1.8b316cb7d0730p-2,0,2,7,9,18,20
4093,222,0.041242189518964856,0x1.51db23e661630p-5,1,3,8,11,20,22
4094,222,-0.15103450308564903,-0x1.355193da90548p-3,1,4,14,15,18,22
4095,222,0.052199031906659865,0x1.ab9d4ddd80bc0p-5,1,4,6,9,20,21
4096,222,-0.147984354602409,-0x1.2f126bdab2344p-3,10,11,14,15,24,29
4097,222,0.2546204636766406,0x1.04bb3a1188bb6p-2,1,3,15,17,18,22
4098,222,-0.11812751569726265,-0x1.e3d9ad8ad6ea8p-4,2,4,6,11,18,20
4099,222,-0.19642825210007697,-0x1.9248f9b63e004p-3,2,5,13,14,18,22
4100,222,0.15394316919433215,0x1.3b468e690ed9cp-3,7,9,20,23,25,28
4101,222,0.23927296655268238,0x1.ea07f1f1490ecp-3,7,11,14,15,19,23
4102,222,-0.47802212847965841,-0x1.e97ea20256784p-2,4,5,7,8,26,27
4103,222,0.01812697924462614,0x1.28fe0fc1faec0p-6,1,4,6,8,18,23
4104,222,-0.15721072714015427,-0x1.41f7b29d2dc1cp-3,6,8,15,17,24,25
4105,222,0.26205334283599169,0x1.0c57b62526f94p-2,6,11,14,15,22,23
4106,222,0.21547420539037232,0x1.b94a8a4a44114p-3,8,11,12,15,24,26
4107,222,-0.081017781951991275,-0x1.4bd94d3e0d5c0p-4,6,10,20,23,25,27
4108,222,0.15676527171634946,0x1.410e26995cb90p-3,7,11,12,15,20,23
4109,222,0.46373078280075986,0x1.dadc3e091c68ap-2,3,4,7,11,26,29
4110,222,0.44937018284333596,0x1.cc27b27c704cep-2,1,4,8,9,16,17
4111,222,0.10317694457342308,0x1.a69cde2a4e0e8p-4,9,10,13,14,25,28
4112,222,0.43612180049255789,0x1.be96b698c0b06p-2,9,11,14,16,24,28
4113,222,-0.44732630802962814,-0x1.ca0fe85e82bd4p-2,1,2,10,11,27,29
4114,222,0.35563012384763382,0x1.6c2a4d9d9791cp-2,6,7,14,15,24,26
4115,222,0.23539649531307749,0x1.e2178ec7b3944p-3,4,5,6,8,19,23
4116,222,0.49469282040991658,0x1.fa90c134e8080p-2,1,3,12,17,19,22
4117,222,0.14774134903881753,0x1.2e9304331bf08p-3,1,3,12,14,24,29
4118,222,-0.42226642347315624,-0x1.b0669bfc107aap-2,0,5,7,8,18,22
4119,222,0.47636593971411911,0x1.e7cc79100075cp-2,13,14,18,23,25,26
4120,222,-0.12570921639898558,-0x1.0173d569ea5a4p-3,1,3,15,17,24,26
4121,222,-0.35052464843067999,-0x1.66efeef5ce822p-2,8,9,18,23,26,27
4122,222,-0.23561992395332976,-0x1.e28cb2dd53104p-3,1,4,6,8,13,16
4123,222,-0.37072885876446326,-0x1.7ba058904e9d8p-2,0,2,9,11,27,28
4124,222,0.037240815189644394,0x1.3113a66a1be00p-5,7,9,22,23,24,26
4125,222,0.14346117087276911,0x1.25cef86927c10p-3,2,5,7,9,24,27
4126,222,-0.24257151444864122,-0x1.f0c9558bfc1ecp-3,6,9,16,17,18,20
4127,222,-0.040125022178426284,-0x1.48b445403e630p-5,1,3,8,10,12,17
4128,222,0.4375836675076159,0x1.c015eed4d5f68p-2,7,11,20,21,28,29
4129,222,-0.49811604963958278,-0x1.fe12223b42462p-2,6,7,16,17,24,29
4130,222,0.37932381844362306,0x1.846d768b3c9fap-2,2,4,6,9,16,17
4131,222,-0.39971509594686727,-0x1.994eea033cb86p-2,2,4,7,11,20,21
4132,222,-0.25945883641513967,-0x1.09af93c43eb56p-2,0,1,14,15,18,19
4133,222,0.22196865556831602,0x1.c69780a3395b0p-3,7,9,19,22,27,29
4134,222,0.37012128509832165,0x1.7b0112fc3400ap-2,3,4,6,7,15,16
4135,222,-0.061211611125544296,-0x1.f5720d7d6e0a0p-5,2,5,20,23,27,28
4136,222,0.19560712271258573,0x1.909a7797525c0p-3,2,3,20,21,24,29
4137,222,0.19750688350903045,0x1.947e7d2b3fd4cp-3,1,5,21,23,24,28
4138,222,-0.39698022176516379,-0x1.9681fbb68f922p-2,0,3,13,15,26,29
4139,222,0.26926603268861726,0x1.13ba799148fd2p-2,6,8,22,23,24,25
4140,222,0.048161491916751231,0x1.8a89f816b0400p-5,8,9,16,17,27,29
4141,222,-0.2772892647674059,-0x1.1bf1b78ed4e20p-2,4,5,16,17,26,27
4142,222,0.17120921933049571,0x1.5ea2f06e62a70p-3,7,8,20,23,27,28
4143,222,0.49143882377320514,0x1.f73bbd305ccc6p-2,14,15,22,23,24,25
4144,222,-0.35751152317891033,-0x1.6e17802ffc7bcp-2,0,5,13,16,25,27
4145,222,-0.43700212152940898,-0x1.bf7d7bf10176ap-2,0,2,18,19,27,28
4146,222,0.46913472823564295,0x1.e064daacc27e2p-2,4,5,13,14,18,23
4147,222,0.25969527208299392,0x1.09ed8eb216d0cp-2,7,11,18,22,25,27
4148,222,-0.40197331478503262,-0x1.9b9ee48377390p-2,6,7,14,16,28,29
4149,222,-0.12552084169796018,-0x1.01111230791a4p-3,6,8,15,16,25,29
4150,222,0.41155922236649378,0x1.a56fc7e1b9a22p-2,3,5,7,8,18,21
4151,222,0.14037424375181029,0x1.1f7c8810eb060p-3,9,11,22,23,26,27
4152,222,-0.048165918425510212,-0x1.8a93408d6b7b0p-5,0,3,7,10,15,17
4153,222,0.49684223596093235,0x1.fcc4360ae516cp-2,8,9,13,16,27,28
4154,222,-0.20021835316038483,-0x1.9a0c14771009cp-3,3,5,13,15,20,22
4155,222,0.49348729333607899,0x1.f954bba77ae60p-2,0,4,15,16,18,19
4156,222,0.097831199802215996,0x1.90b772badd048p-4,4,5,13,16,24,25
4157,222,-0.13475122195100597,-0x1.13f872db013ecp-3,1,4,9,11,18,23
4158,222,0.27766983931328049,0x1.1c557b7bbe94ep-2,2,4,6,7,14,15
4159,222,0.4399887373726511,0x1.c28c68567ed7ap-2,0,3,12,17,20,22
4160,222,-0.4870225485129962,-0x1.f2b609f91c8fcp-2,9,11,12,14,19,22
4161,222,0.23847032497796128,0x1.e8632136c651cp-3,1,3,12,17,26,28
4162,222,-0.18780734353290218,-0x1.80a122f3612e8p-3,1,4,14,16,18,19
4163,222,-0.15977615323574745,-0x1.4738b846a031cp-3,2,3,12,16,25,29
4164,222,-0.051693858073108778,-0x1.a779e0ba7f880p-5,1,5,13,14,18,21
4165,222,-0.31444345661588979,-0x1.41fd772a6cff0p-2,0,5,20,23,25,28
4166,222,-0.36405161231823557,-0x1.74c9f223da008p-2,3,4,15,17,25,29
4167,222,0.39144197124017643,0x1.90d62a030887cp-2,3,4,7,11,25,29
4168,222,0.20044028560644478,0x1.9a806fbbd83a4p-3,0,4,8,9,13,17
4169,222,-0.36489931420653687,-0x1.75a82a73664d4p-2,1,3,13,16,26,28
4170,222,-0.48542089767530583,-0x1.f1122d013dd9cp-2,9,11,20,21,24,29
4171,222,-0.12014073071681997,-0x1.ec18afd58a618p-4,1,3,8,10,18,22
4172,222,0.30981337556730426,0x1.3d3fb7afb322cp-2,0,3,13,15,25,28
4173,222,-0.15830311441115608,-0x1.44346c5a01c3cp-3,4,5,12,13,21,23
4174,222,0.015340741078533893,0x1.f6af769d46440p-7,9,10,12,14,21,23
4175,222,-0.44956376509850393,-0x1.cc5a71924240ep-2,4,5,18,21,25,26
4176,222,-0.30696643357753117,-0x1.3a5568a4bdb2ep-2,9,11,18,22,26,29
4177,222,-0.16153590470158941,-0x1.4ad3561e95b50p-3,6,11,13,15,25,29
4178,222,0.47408901740959586,0x1.e5779764aaff2p-2,0,4,7,8,18,22
4179,222,-0.066490879957579629,-0x1.1058bdae66ac0p-4,0,1,14,15,27,29
4180,222,0.18533463201839606,0x1.7b90b93aae804p-3,8,10,13,17,18,21
4181,222,-0.21621466354407715,-0x1.bacec0e6b31b8p-3,1,2,9,10,24,28
4182,222,-0.31390085919078758,-0x1.416f3a11a4976p-2,2,5,12,15,19,23
4183,222,-0.32948184329503305,-0x1.5163b0364fd5cp-2,8,11,12,13,20,23
4184,222,0.35241090761690608,0x1.68de67abdf872p-2,0,4,13,14,21,23
4185,222,-0.45410952635569868,-0x1.d1021671ffc54p-2,7,10,18,23,25,26
4186,222,0.43344667127521541,0x1.bbd971b6bf9a8p-2,2,4,20,23,24,25
4187,222,-0.15710680887146633,-0x1.41c136f0a7abcp-3,0,4,16,17,19,21
4188,222,-0.15786336206301688,-0x1.434dddca60cc4p-3,7,9,18,21,25,28
4189,222,-0.38689109105717212,-0x1.8c2d2d9cd1374p-2,2,4,6,9,18,20
4190,222,0.13793873401197432,0x1.1a7f9f7b76eecp-3,2,3,15,17,28,29
4191,222,0.1733340876817322,0x1.62fcfb6f00130p-3,15,16,20,23,25,28
4192,222,0.1566864507297262,0x1.40e4d36ce2484p-3,2,5,16,17,19,20
4193,222,0.23557307323816568,0x1.e27422ab0252cp-3,8,11,13,16,28,29
4194,222,0.31076950458582875,0x1.3e3a5c6b29390p-2,1,4,13,16,27,29
4195,222,0.3639718949741052,0x1.74b50c664ec66p-2,0,4,13,14,18,22
4196,222,0.027802076754848026,0x1.c7825c9b11ae0p-6,0,1,13,14,18,21
4197,222,0.32572875888776853,0x1.4d8bd6fb28962p-2,0,4,12,14,19,23
4198,222,0.4306946353552632,0x1.b90803b5a76ccp-2,2,5,13,15,18,20
4199,222,0.028340919286366062,0x1.d0566e5e4e1e0p-6,6,9,14,17,26,28
4200,222,0.22687321961855078,0x1.d0a2e814cc990p-3,8,10,20,23,24,27
4201,222,0.14588220154978293,0x1.2ac449a5cc630p-3,0,3,15,17,18,19
4202,222,0.33891194685870096,0x1.5b0bbbbfed5fcp-2,9,10,12,14,19,21
4203,222,-0.31602008526677117,-0x1.439ac4ec664fcp-2,1,4,6,8,18,21
4204,222,0.4940627672214396,0x1.f9eb970d8ca3ep-2,1,2,13,15,18,22
4205,222,0.2360433156974322,0x1.e36aad8ae1060p-3,12,16,19,20,27,29
4206,222,-0.43487693618948631,-0x1.bd50612adfc46p-2,7,11,14,16,19,21
4207,222,-0.13871917777178744,-0x1.1c18ccdedcd9cp-3,1,3,8,11,13,15
4208,222,0.31894580622787072,0x1.4699babbc7bd4p-2,10,11,13,15,20,22
4209,222,0.23895222754241841,0x1.e95fc914ceeccp-3,3,5,8,10,13,17
4210,222,-0.36150550055164044,-0x1.722e7f78c60c2p-2,12,16,19,23,26,27
4211,222,-0.45354617519709672,-0x1.d06e6896ca27ap-2,16,17,20,21,25,29
4212,222,0.15495549728301916,0x1.3d594ec953ef8p-3,3,4,13,14,25,29
4213,222,-0.46375954969718547,-0x1.dae3c88ca0de6p-2,13,16,20,21,24,29
4214,222,-0.094117352589754955,-0x1.81813275bede0p-4,0,2,20,21,25,29
4215,222,0.14654015956911337,0x1.2c1d3f4733200p-3,3,4,6,11,18,20
4216,222,-0.28712951665248121,-0x1.260547aef46c4p-2,2,5,15,16,19,23
4217,222,-0.35539129502310463,-0x1.6bebb215a1190p-2,3,5,8,10,20,23
4218,222,-0.048826790131084374,-0x1.8ffd335903620p-5,7,11,15,16,24,26
4219,222,0.25552367302217227,0x1.05a7ff6befa4ep-2,0,2,15,17,27,29
4220,222,-0.34481835715217579,-0x1.6118103c1dbd6p-2,9,11,12,14,22,23
4221,222,-0.033573257286838021,-0x1.1308394226330p-5,7,11,19,22,26,29
4222,222,-0.02525437606025549,-0x1.9dc487d09ea40p-6,4,5,6,8,25,27
4223,222,-0.48630409594115975,-0x1.f1f9b36fe99a4p-2,16,17,18,20,25,29
4224,222,0.34647247268540748,0x1.62c9ae0c97a1ep-2,7,8,12,15,25,27
4225,222,0.15947142381652191,0x1.4698f42f82154p-3,12,15,19,22,24,27
4226,222,0.47123829190484467,0x1.e28c4a716ab5ep-2,3,4,12,16,19,21
4227,222,0.24439823717606368,0x1.f487101ef84f4p-3,1,2,10,11,19,22
4228,222,0.19911512006771592,0x1.97c9ab06a3be8p-3,6,11,20,22,24,29
4229,222,-0.058556338090126836,-0x1.dfb18aa242780p-5,3,4,7,8,24,29
4230,222,-0.02614175766996496,-0x1.ac4e7a9028400p-6,13,14,21,22,26,29
4231,222,-0.023073617903375254,-0x1.7a09c492e7c80p-6,2,5,14,15,18,22
4232,222,0.43277601755522088,0x1.bb29a2e792390p-2,3,4,6,8,25,26
4233,222,-0.20645137910372779,-0x1.a6cffb0bb784cp-3,4,5,18,22,26,27
4234,222,0.30472635005004123,0x1.380a2f2ec70a4p-2,9,11,19,20,28,29
4235,222,0.41214758265354046,0x1.a60a04127d59ep-2,0,1,16,17,26,28
4236,222,-0.17888402198738462,-0x1.6e5abf01b3bc8p-3,7,9,20,22,25,27
4237,222,0.121255343840448,0x1.f0a9718428cb0p-4,1,4,8,11,19,23
4238,222,0.47854696182096335,0x1.ea0836fa7c1b6p-2,7,8,20,21,24,25
4239,222,0.1645244446662022,0x1.50f23129df070p-3,6,8,13,15,24,29
4240,222,-0.49130560947685942,-0x1.f718d1542d86ap-2,3,4,13,16,26,29
4241,222,0.25914093432130358,0x1.095c3db7dc0a4p-2,1,3,15,16,19,20
4242,222,0.17843895849381552,0x1.6d71679881838p-3,1,5,21,23,24,26
4243,222,0.1546122230028697,0x1.3ca5554adf9c0p-3,0,4,7,8,12,15
4244,222,0.49295498230888635,0x1.f8c930ddaaee8p-2,1,3,13,17,26,28
4245,222,0.34156649029290231,0x1.5dc39b24debccp-2,6,9,14,17,27,28
4246,222,-0.20751489632485232,-0x1.a8fd91e92f400p-3,0,2,7,11,12,15
4247,222,0.45447894026868374,0x1.d162ed64b2ed8p-2,6,9,13,16,18,20
4248,222,-0.46711776837339392,-0x1.de541eca2d4aap-2,2,3,15,17,25,28
4249,222,0.48856425494106914,0x1.f44a3023ddb1cp-2,8,10,13,17,24,29
4250,222,0.28394877354552084,0x1.22c377a078234p-2,0,1,19,22,27,29
4251,222,-0.47883123309901432,-0x1.ea52bc19dabf0p-2,3,4,7,11,19,22
4252,222,0.10614289363386076,0x1.b2c2e40dc3898p-4,3,5,7,10,19,21
4253,222,-0.43330414756337099,-0x1.bbb4151c05fa0p-2,6,8,16,17,27,29
4254,222,-0.27409580785685761,-0x1.18ac924add15cp-2,2,5,13,15,25,27
4255,222,-0.030837060292040142,-0x1.f93c015d61c60p-6,3,5,6,7,20,22
4256,222,-0.14470810439665671,-0x1.285cb8fecc610p-3,7,10,20,21,24,29
4257,222,-0.25016731530711422,-0x1.002bdc5716b54p-2,1,4,8,11,12,13
4258,222,-0.21231447470362086,-0x1.b2d1ee6a8e46cp-3,8,11,13,15,25,26
4259,222,-0.28456632287074002,-0x1.23655aa9175a4p-2,2,4,12,17,21,22
4260,222,-0.23687190511559153,-0x1.e51d18ee805ecp-3,2,4,6,9,24,29
4261,222,0.18073873826420339,0x1.722726cfb8700p-3,7,11,12,15,19,23
4262,222,-0.063869915317186554,-0x1.059c75d7c50a8p-4,3,4,12,14,25,26
4263,222,0.44799160623834322,0x1.cabe4fc6b46c2p-2,2,4,15,17,25,29
4264,222,-0.38619185195105821,-0x1.8b75e0787224ep-2,1,2,9,10,21,22
4265,222,0.33502285034734758,0x1.57103ae69e450p-2,12,16,19,21,24,26
4266,222,-0.0042251663662341565,-0x1.14e6875cf6680p-8,10,11,20,21,24,28
4267,222,-0.41951035660551139,-0x1.ad941f77d0dd4p-2,1,5,8,9,26,28
4268,222,-0.087508017423834961,-0x1.666ece8f921a0p-4,2,4,7,9,12,16
4269,222,0.38925865845612306,0x1.8e99d25f03f9cp-2,9,10,13,17,18,21
4270,222,-0.48188805945649837,-0x1.ed74103ecb546p-2,7,9,19,20,27,29
4271,222,-0.38325210574063284,-0x1.88733d711dda0p-2,2,4,7,11,21,22
4272,222,-0.093053667686113783,-0x1.7d25d7b7c1600p-4,2,5,15,16,19,20
4273,222,0.020825603913427249,0x1.5534e9ee91520p-6,10,11,18,22,26,29
4274,222,0.11100809566603642,0x1.c6b06cc7a13e0p-4,12,15,19,23,24,27
4275,222,-0.25761054659790006,-0x1.07cb0f22f87d2p-2,8,9,12,16,25,27
4276,222,-0.020748800060565564,-0x1.53f2c66c3f700p-6,7,9,14,16,19,21
4277,222,-0.39187227594747798,-0x1.9146f7459d308p-2,8,11,15,16,24,25
4278,222,0.071422940096660836,0x1.248c617e63a30p-4,2,5,6,10,25,27
4279,222,0.25521327706833363,0x1.0556a11a0dcdap-2,0,3,13,16,20,21
4280,222,0.40575340623571166,0x1.9f7dd22817892p-2,9,11,19,20,27,29
4281,222,0.033710040792007567,0x1.14271457f3b30p-5,3,4,13,15,24,29
4282,222,0.32934696463299284,0x1.514054a88ad3ap-2,0,4,13,16,20,23
4283,222,0.01913514444102471,0x1.39829ce5051e0p-6,1,5,6,10,13,15
4284,222,-0.10442754386330355,-0x1.abbc375b1ca60p-4,7,8,12,17,26,28
4285,222,-0.46265975626456002,-0x1.d9c37aa953934p-2,0,1,9,11,20,22
4286,222,0.076464579349713735,0x1.3932ec39c02c8p-4,3,5,16,17,20,21
4287,222,0.19446657505960874,0x1.8e447de05e834p-3,1,3,12,15,20,22
4288,222,-0.40203669785322338,-0x1.9baf821449246p-2,0,3,13,17,28,29
4289,222,-0.28938901726255351,-0x1.28559833db638p-2,6,11,20,21,25,29
4290,222,-0.26058348576983259,-0x1.0ad665b50954cp-2,6,9,20,22,27,29
4291,222,-0.041302363613859194,-0x1.5259559f02420p-5,9,10,18,22,26,27
4292,222,-0.45840562709649935,-0x1.d56848e2ba334p-2,0,2,7,10,18,22
4293,222,0.0030188130618894471,0x1.8bae8ebf42500p-9,1,3,6,11,15,16
4294,222,-0.49907286267295692,-0x1.ff0cf4de017bep-2,1,5,14,15,24,27
4295,222,-0.14289178751439691,-0x1.24a47311ee370p-3,6,8,19,23,26,27
4296,222,0.043994787636047472,0x1.6867c1c2ebd70p-5,12,15,19,23,26,27
4297,222,0.37188726756654811,0x1.7cd0040ffd0e8p-2,6,8,16,17,25,29
4298,222,-0.10051853209896133,-0x1.9bb952001c878p-4,0,4,9,11,18,20
4299,222,-0.44888974678640037,-0x1.cba9c0f7d4494p-2,6,9,14,16,27,28
4300,222,-0.17537666302648114,-0x1.672be141715acp-3,8,9,18,22,26,27
4301,222,-0.31727883571687454,-0x1.44e4be3c77bd4p-2,2,5,15,16,27,28
4302,222,0.070711379075954484,0x1.21a24149616a8p-4,8,11,15,16,25,29
4303,222,-0.16900843848140379,-0x1.5a2118a0348bcp-3,4,5,6,7,25,26
4304,222,0.4859422220338373,0x1.f19ad67d860b2p-2,8,11,19,21,24,26
4305,222,-0.33146567370434188,-0x1.536bbcd13a1e2p-2,6,10,22,23,26,27
4306,222,-0.46099338413590707,-0x1.d80ea65224f3cp-2,0,5,9,10,19,22
4307,222,-0.27693325476402575,-0x1.1b9464218b994p-2,6,11,14,15,25,29
4308,222,-0.36576989114139469,-0x1.768c61e1414d0p-2,7,9,19,20,24,29
4309,222,-0.42103086571422432,-0x1.af22b71b658a8p-2,1,4,9,11,24,29
4310,222,-0.05187227598949895,-0x1.a8f00c1e351e0p-5,1,5,8,9,20,23
4311,222,-0.39395705945764548,-0x1.93697ab9987d2p-2,7,8,15,17,20,22
4312,222,0.066648793806325379,0x1.10fe535b74cc0p-4,0,2,7,11,18,21
4313,222,-0.25063202713139932,-0x1.00a5ae9f702c8p-2,9,11,20,22,24,27
4314,222,-0.22351693385217886,-0x1.c9c33f07fa7a4p-3,7,8,21,23,25,26
4315,222,0.054719425780230146,0x1.c042f405d2d80p-5,3,5,19,20,24,28
4316,222,-0.044118442149141401,-0x1.696b1445cb000p-5,0,1,8,9,20,21
4317,222,-0.038701935911669039,-0x1.3d0bd7a10a4b0p-5,3,5,14,16,24,25
4318,222,-0.49498526133113996,-0x1.fadd6a95ad526p-2,3,4,12,15,24,29
4319,222,-0.4002515480057639,-0x1.99db8ab36eb9ap-2,9,10,12,17,19,21
4320,222,-0.13616855102385717,-0x1.16df898b211fcp-3,1,2,14,17,18,19
4321,222,0.29298082202472209,0x1.2c032a23ce360p-2,2,5,13,15,25,28
4322,222,0.42455836805081115,0x1.b2bf6dc815e0cp-2,1,3,12,15,24,26
4323,222,0.39200051443958683,0x1.9168953621ff8p-2,7,10,12,15,25,26
4324,222,-0.4109805524871224,-0x1.a4d81600e5954p-2,0,3,10,11,26,29
4325,222,-0.26951830089337081,-0x1.13fc9b000ac48p-2,14,17,18,19,26,28
4326,222,-0.47131497655476007,-0x1.e2a064a9abb9ep-2,1,5,12,17,24,26
4327,222,0.24718729029122566,0x1.fa3d547e4d274p-3,2,3,13,14,25,29
4328,222,-0.11207228180058881,-0x1.cb0c4e11f22d0p-4,2,5,6,9,24,27
4329,222,0.077755781625745479,0x1.3e7cd8b285190p-4,2,4,15,16,18,20
4330,222,-0.18421275398050541,-0x1.7944894ed1a48p-3,0,1,12,17,21,22
4331,222,0.21819450085916525,0x1.bedcc22adb760p-3,4,5,8,9,16,17
4332,222,-0.19825997905283377,-0x1.960953f119bc4p-3,2,3,12,16,25,28
4333,222,-0.16965463365931144,-0x1.5b73e37973ec8p-3,2,3,6,7,28,29
4334,222,0.25925184725488115,0x1.097950f58c98ep-2,7,10,12,17,26,28
4335,222,-0.21489400023375782,-0x1.b81a5878e2858p-3,3,4,12,13,20,21
4336,222,-0.45621174512346641,-0x1.d3292bf56cedcp-2,7,8,20,23,24,28
4337,222,0.34112314547252065,0x1.5d4f62c6da3dep-2,7,9,12,16,26,28
4338,222,-0.24741614404588996,-0x1.fab550b96fa98p-3,7,10,21,23,26,28
4339,222,0.46044602012244973,0x1.d77f2957ff432p-2,2,3,20,21,24,28
4340,222,-0.45723187357399042,-0x1.d434979ec1a24p-2,6,8,19,23,26,28
4341,222,-0.18691256921829036,-0x1.7ecc046007f94p-3,6,8,16,17,26,27
4342,222,-0.4646349080629516,-0x1.dbc940dad7646p-2,0,3,19,20,28,29
4343,222,-0.37005654521753628,-0x1.7af01a5d852f6p-2,6,9,13,16,28,29
4344,222,-0.24113086321430766,-0x1.edd6049c7e5d0p-3,6,9,21,23,26,28
4345,222,-0.25337562124082968,-0x1.0374e61b550a2p-2,1,4,6,9,13,14
4346,222,-0.27262750548708115,-0x1.172baa303a71ap-2,13,17,21,22,24,29
4347,222,-0.24751520038293562,-0x1.fae93fd742c14p-3,0,1,13,16,26,28
4348,222,0.38833816835873647,0x1.8da885538ea8ap-2,0,3,18,21,25,28
4349,222,-0.26117524275350967,-0x1.0b7185d89ad04p-2,10,11,12,15,19,22
4350,222,-0.11822252668306532,-0x1.e43d4ddc116b8p-4,12,17,21,22,25,26
4351,222,0.19885297590645135,0x1.97403aa1d8084p-3,3,5,6,8,24,26
4352,222,-0.36412397354935788,-0x1.74dcea3856142p-2,13,17,20,21,24,28
4353,222,-0.26336830799572053,-0x1.0db06bf693f14p-2,1,5,6,8,19,21
4354,222,-0.13954708830010321,-0x1.1dcadd2401fb4p-3,7,11,15,16,25,28
4355,222,0.2852985731463421,0x1.24254f2509382p-2,7,11,15,16,26,29
4356,222,-0.24036259424991813,-0x1.ec43394be1848p-3,2,4,6,7,15,16
4357,222,0.30169703414015481,0x1.34f0113bba884p-2,0,1,10,11,20,22
4358,222,0.31995161889237278,0x1.47a165adc7ad4p-2,1,4,8,9,18,21
4359,222,0.31001029881189568,0x1.3d7356fb47f76p-2,2,3,12,13,21,23
4360,222,-0.43004246868997942,-0x1.b85d0d8ba883ep-2,3,4,6,11,20,21
4361,222,0.072642441737826524,0x1.298b1ef90c7e8p-4,1,2,6,10,24,27
4362,222,-0.45412580236841449,-0x1.d1065ab5c4b5cp-2,7,11,18,20,28,29
4363,222,-0.43412408490164345,-0x1.bc8b062c3be3cp-2,9,10,13,17,25,27
4364,222,-0.25118982130670087,-0x1.0137e78e66c5ep-2,14,17,18,19,26,27
4365,222,-0.37288666506854007,-0x1.7dd6007e55e60p-2,9,11,14,16,24,29
4366,222,-0.11859204311244342,-0x1.e5c0c52bbd820p-4,2,4,6,7,18,19
4367,222,-0.22187493222760479,-0x1.c6665d4dc21b8p-3,0,1,12,17,27,28
4368,222,-0.012642660115487647,-0x1.9e4651dd7fd00p-7,3,4,6,11,18,23
4369,222,0.31813996441328252,0x1.45c67b9ad2968p-2,6,8,15,17,19,20
4370,222,0.12766865950420636,0x1.0577256a5b994p-3,7,9,14,16,27,29
4371,222,-0.086410304566211793,-0x1.61efc58263728p-4,0,3,7,11,15,16
4372,222,0.3994788402753231,0x1.9910fb29b4c1cp-2,7,9,12,16,20,23
4373,222,0.10527394285689362,0x1.af33badb0fb10p-4,2,5,14,15,24,27
4374,222,0.42205267390923407,0x1.b02e937e849f0p-2,2,4,6,7,19,23
4375,222,0.057164825157134613,0x1.d44b53d101a60p-5,0,2,10,11,19,21
4376,222,-0.34427660305011498,-0x1.608a0bbb834b8p-2,2,4,7,11,18,23
4377,222,0.20303784952135628,0x1.9fd24edc5aeb8p-3,2,4,14,17,19,21
4378,222,-0.15902547857586635,-0x1.45af266db6774p-3,7,10,14,17,28,29
4379,222,-0.21603925766970267,-0x1.ba72ca52bf77cp-3,8,10,12,13,21,22
4380,222,0.41938043831820249,0x1.ad7210cca2a30p-2,2,5,20,23,24,28
4381,222,-0.47043321213730283,-0x1.e1b93e7453e9ap-2,1,3,12,16,20,21
4382,222,-0.060495051666778266,-0x1.ef93518f510b0p-5,1,3,8,10,13,17
4383,222,-0.38364424386259233,-0x1.88da0962c101ap-2,13,17,18,21,25,28
4384,222,0.46299797550664989,0x1.da1c242ba93cap-2,12,15,20,23,24,28
4385,222,0.422583760406819,0x1.b0b9cc1b126b4p-2,1,3,12,15,20,23
4386,222,0.41253805739166394,0x1.a670606369078p-2,0,5,15,17,26,27
4387,222,0.42979152078809335,0x1.b81b44b788280p-2,0,1,12,17,19,20
4388,222,0.04583936103600994,0x1.77841b909d480p-5,0,3,8,10,20,23
4389,222,-0.42465843983186002,-0x1.b2d9a97c31614p-2,3,5,7,8,25,26
4390,222,-0.19384268556289042,-0x1.8cfd64d87dcccp-3,0,2,16,17,18,20
4391,222,0.13469961437356948,0x1.13dd643425768p-3,0,1,14,16,18,23
4392,222,0.29149580210292414,0x1.2a7de023d03a4p-2,0,2,9,11,18,21
4393,222,0.081417474276279544,0x1.4d7c68d56ec38p-4,6,9,14,17,24,26
4394,222,-0.47380537161843894,-0x1.e52d3c3f14cf4p-2,1,5,8,10,19,21
4395,222,-0.13375752055118295,-0x1.11ef7682e41a8p-3,7,9,21,22,25,26
4396,222,-0.17313810359409076,-0x1.62963ae5064ecp-3,12,13,22,23,24,26
4397,222,0.029391526712798544,0x1.e18cff80b3e60p-6,1,5,8,9,24,26
4398,222,0.19333615053681186,0x1.8bf3d2dd85680p-3,0,3,8,11,28,29
4399,222,0.16208410019999486,0x1.4bf2bfac7c098p-3,4,5,6,7,18,21
4400,222,0.21680756332202378,0x1.bc059a8ff2c5cp-3,1,3,15,16,18,23
4401,222,-0.45242516436729929,-0x1.cf488ad361412p-2,4,5,14,15,26,27
4402,222,0.35595010024106222,0x1.6c7e2ede2c52ap-2,7,9,21,23,24,26
4403,222,0.028728931341290731,0x1.d6b1df23d4f60p-6,6,10,13,15,20,23
4404,222,-0.17200090369258403,-0x1.60420281efcf0p-3,7,8,15,17,25,27
4405,222,-0.095605728910910348,-0x1.8799df6fb8bc8p-4,6,11,13,15,27,28
4406,222,0.22670069541865046,0x1.d04874466db14p-3,2,4,6,11,24,27
4407,222,0.36402960291032527,0x1.74c42d1d1a54ap-2,0,4,9,11,12,16
4408,222,0.19924751965069354,0x1.980f1565abb78p-3,0,1,9,10,18,20
4409,222,0.49520659058938332,0x1.fb176fbd61582p-2,0,5,7,8,19,23
4410,222,0.16657048940495955,0x1.5522e8a3c8bc8p-3,0,4,18,21,25,29
4411,222,0.22685304910895709,0x1.d09854d75de80p-3,1,2,14,17,27,28
4412,222,-0.16703173281883343,-0x1.5614bbaecf0d4p-3,0,2,20,22,27,29
4413,222,-0.37097332477161382,-0x1.7be06e6654728p-2,8,10,12,17,24,26
4414,222,-0.30515481912386,-0x1.387a81416a43cp-2,0,2,19,20,27,29
4415,222,0.12213096425892134,0x1.f43f991522dd8p-4,8,9,18,20,28,29
4416,222,0.23109857214708196,0x1.d94a354c312e0p-3,6,11,21,23,24,26
4417,222,0.43525611590361479,0x1.bdb3c77cc2924p-2,4,5,7,8,24,27
4418,222,-0.41235858209269205,-0x1.a6415401408e8p-2,6,10,14,15,25,29
4419,222,0.46057350225832849,0x1.d7a094866a312p-2,6,10,15,17,24,25
4420,222,0.21421051603930563,0x1.b6b400c6c8e94p-3,0,2,7,9,19,23
4421,222,-0.32712741254494715,-0x1.4efa7d0a05c8ap-2,1,5,8,10,21,23
4422,222,0.47443271884555116,0x1.e5d1b0ce6042ep-2,2,5,6,10,18,21
4423,222,0.24379906920740135,0x1.f34ced2854074p-3,10,11,19,21,26,28
4424,222,-0.16502702943182768,-0x1.51f9b0f2ed038p-3,9,10,13,17,24,28
4425,222,-0.25379313723132346,-0x1.03e259216e5c6p-2,3,4,6,7,20,22
4426,222,0.38272961957618423,0x1.87ea45fd2932cp-2,15,17,19,20,24,28
4427,222,0.36756841906472548,0x1.7863db0bb3a10p-2,8,9,13,17,20,22
4428,222,0.18594877593928927,0x1.7cd2b63b1fb38p-3,6,9,14,17,21,22
4429,222,-0.25104772429667499,-0x1.0112a7965b972p-2,8,11,12,15,19,23
4430,222,0.36032247554575758,0x1.70f86001ee602p-2,6,11,14,16,18,23
4431,222,0.3265257656145889,0x1.4e5cc53276ce2p-2,9,10,20,21,28,29
4432,222,0.34964536633120624,0x1.66096f565ca44p-2,6,10,22,23,24,25
4433,222,-0.28232572233601816,-0x1.2119fe8102d76p-2,8,11,15,16,24,26
4434,222,0.10432158249415779,0x1.ab4d1b91451d8p-4,1,5,14,16,24,26
4435,222,-0.45062828108238229,-0x1.cd7180079b2a0p-2,3,4,8,11,18,20
4436,222,0.39978818898223778,0x1.9962133405eaep-2,0,3,8,10,25,28
4437,222,0.4732936416703406,0x1.e4a716a183f2cp-2,1,2,12,17,19,21
4438,222,-0.32066884525198192,-0x1.485d69ecd03a4p-2,6,11,14,15,24,26
4439,222,0.096757262361147234,0x1.8c5157d7ddac0p-4,1,2,15,17,24,28
4440,222,0.36980425393538829,0x1.7aadf7624bf3cp-2,1,2,10,11,20,21
4441,222,0.29158923482263421,0x1.2a965e4db72bep-2,10,11,14,15,26,27
4442,222,0.32958924064513184,0x1.517fd786bcbd2p-2,2,5,14,17,24,28
4443,222,-0.005504901278135077,-0x1.68c4eaf511880p-8,1,3,6,8,18,21
4444,222,0.17905155493008829,0x1.6eb294e5c80acp-3,3,5,13,17,24,25
4445,222,-0.055413519834261682,-0x1.c5f292ee38890p-5,4,5,7,9,14,17
4446,222,0.061113615181339065,0x1.f4a48a5169ed0p-5,8,10,18,23,27,28
4447,222,0.44350509577084396,0x1.c6263327c7ce4p-2,7,9,21,22,25,29
4448,222,0.38265797050948225,0x1.87d77db3915dap-2,6,8,13,17,26,28
4449,222,-0.051891958564693863,-0x1.a919531ebe710p-5,7,9,19,23,27,28
4450,222,0.30924858577124803,0x1.3caba948e3156p-2,0,2,7,11,18,20
4451,222,0.088042170338471393,0x1.689ee8245c8d8p-4,1,5,12,13,24,27
4452,222,-0.11542687848321231,-0x1.d8c9dac2a2de8p-4,0,5,7,8,12,16
4453,222,-0.16733412402750369,-0x1.56b345f19f9d0p-3,1,5,14,17,18,21
4454,222,0.33840343813186613,0x1.5a866e4e8573cp-2,2,5,12,14,27,28
4455,222,0.48940964013456423,0x1.f527ccfae67c0p-2,6,11,22,23,26,27
4456,222,-0.11192356617975763,-0x1.ca705d864ccd8p-4,0,4,18,22,25,27
4457,222,-0.2418533786564383,-0x1.ef50d2fe0d538p-3,7,11,12,15,24,26
4458,222,-0.33856759363136779,-0x1.5ab1769887506p-2,2,3,12,17,25,28
4459,222,-0.23704200760419869,-0x1.e57647b38177cp-3,0,4,8,11,12,16
4460,222,0.050504362720512619,0x1.9dbb534613da0p-5,1,3,13,14,21,22
4461,222,-0.46947773289408345,-0x1.e0bec553ebd6ep-2,9,10,21,22,25,26
4462,222,0.011116415774537147,0x1.6c434119a5e80p-7,6,7,14,16,26,29
4463,222,-0.26497309042176231,-0x1.0f551b16b9e06p-2,9,11,13,16,25,27
4464,222,-0.38824524600795418,-0x1.8d902969b9ff4p-2,9,11,19,23,27,28
4465,222,0.38425353053203182,0x1.8979c1ec07cc0p-2,6,8,21,23,25,28
4466,222,0.27254176094645277,0x1.17152ff83cafep-2,0,5,7,9,20,21
4467,222,0.17556590499837266,0x1.678f18e215d18p-3,0,5,8,9,21,23
4468,222,-0.39270376860469047,-0x1.9220efccb1406p-2,12,15,19,22,24,26
4469,222,-0.23804063330289804,-0x1.e781d8f93d984p-3,0,1,8,9,27,29
4470,222,-0.082876444650475167,-0x1.537640361ee78p-4,6,11,15,16,27,29
4471,222,-0.45118521907670384,-0x1.ce037f817dfdcp-2,8,10,18,22,25,26
4472,222,0.23228959276674577,0x1.dbbaa561131c4p-3,6,7,14,17,27,29
4473,222,0.19718204309793619,0x1.93d42dd3b6794p-3,12,15,19,23,27,28
4474,222,0.25388708731848231,0x1.03fafa03a3686p-2,9,11,18,20,25,27
4475,222,0.19761803025876723,0x1.94b8c3087da1cp-3,2,4,18,20,27,29
4476,222,0.16686472299944666,0x1.55bd2c011c1a8p-3,0,3,13,14,18,22
4477,222,-0.21426259586231056,-0x1.b6cf4ecfe0a48p-3,6,7,16,17,25,26
4478,222,-0.20814735007860885,-0x1.aa49286ab1898p-3,3,5,6,8,21,23
4479,222,0.26915195998152586,0x1.139c9247198dap-2,7,10,19,22,24,26
4480,222,0.0062160542997085066,0x1.976015ed6aa00p-8,8,9,12,17,27,28
4481,222,-0.40033419937568759,-0x1.99f1355727db2p-2,7,8,19,20,27,28
4482,222,0.38216345254971984,0x1.8755db29b5c12p-2,7,11,19,22,24,26
4483,222,-0.30867221417297275,-0x1.3c1491a43a308p-2,8,9,12,16,24,28
4484,222,-0.018321324877220602,-0x1.2c2d34cab1020p-6,9,11,21,23,24,26
4485,222,-0.059851986659461009,-0x1.ea4eb6a9b2490p-5,2,3,12,13,24,28
4486,222,0.1647839080018364,0x1.517a39be331e4p-3,6,11,14,15,25,28
4487,222,0.43477302535169815,0x1.bd3523d4462acp-2,4,5,13,17,20,21
4488,222,0.12602016456339171,0x1.0216dc2b7d8dcp-3,8,10,12,15,27,28
4489,222,0.18874732877085099,0x1.828df5a239ae8p-3,6,9,13,16,25,29
4490,222,-0.404009501341411,-0x1.9db4aaae2375ap-2,2,3,14,16,25,29
4491,222,-0.25935505503993328,-0x1.09945f1dcb908p-2,0,1,14,15,22,23
4492,222,-0.33727947706293826,-0x1.595fca8e63a32p-2,4,5,14,17,24,27
4493,222,-0.12645964271396393,-0x1.02fd45edc3370p-3,0,4,8,9,19,20
4494,222,0.091288414475648505,0x1.75ead72ad35e0p-4,13,14,18,21,25,28
4495,222,0.10054987705069895,0x1.9bda3018cb0d0p-4,8,10,13,17,27,28
4496,222,0.15240817488225777,0x1.3821c6f61948cp-3,8,10,15,17,19,20
4497,222,-0.07014553535024648,-0x1.1f50ecc4a2b20p-4,3,5,13,14,24,28
4498,222,-0.15565009206348523,-0x1.3ec579b841a7cp-3,6,11,14,16,26,27
4499,222,-0.22938327169302075,-0x1.d5c6e5915e38cp-3,0,5,9,10,13,17
4500,222,0.380486720624724,0x1.859e4f9694f84p-2,2,4,13,17,24,25
4501,222,-0.40509283477605484,-0x1.9ed0a7f4d40eap-2,8,9,13,17,24,25
4502,222,-0.41045034497149635,-0x1.a44d18612352ap-2,8,9,13,17,26,28
4503,222,-0.23565013037069993,-0x1.e29c8919ec1e8p-3,8,11,19,21,24,28
4504,222,0.37216632907118485,0x1.7d192b9021e86p-2,6,9,14,17,28,29
4505,222,0.098976650695082546,0x1.95688a5cd9118p-4,12,16,21,23,24,26
4506,222,-0.25164084689194344,-0x1.01ae235ef45e2p-2,9,11,20,23,25,27
4507,222,-0.20373090746560851,-0x1.a13dab85fe57cp-3,0,2,9,11,19,20
4508,222,-0.050391479257724026,-0x1.9cce976d166c0p-5,0,5,8,10,18,23
4509,222,-0.26852344667327332,-0x1.12f7cf76af02cp-2,0,2,18,19,27,29
4510,222,0.1179585238654054,0x1.e3287a2494e58p-4,2,5,13,15,20,22
4511,222,-0.044457462891323685,-0x1.6c320ea5cdc60p-5,8,10,12,17,24,25
4512,222,-0.1314039335029592,-0x1.0d1d8167b0104p-3,1,5,6,10,27,28
4513,222,0.0610720871647491,0x1.f44d7322461d0p-5,7,11,12,14,19,22
4514,222,-0.36165792040677813,-0x1.72567431f228ap-2,1,4,12,17,27,29
4515,222,-0.34891092331124329,-0x1.6548e7b35b16cp-2,4,5,13,14,21,23
4516,222,0.31892905514272218,0x1.4695569654250p-2,3,5,7,8,18,19
4517,222,-0.11388796973993787,-0x1.d27c31170dce8p-4,2,3,12,17,20,22
4518,222,-0.043451919966723596,-0x1.63f547e6935a0p-5,3,5,12,15,19,20
4519,222,0.29272974088396331,0x1.2bc1585ea717cp-2,13,14,18,21,26,29
4520,222,0.024049143044529431,0x1.8a056ab7e08a0p-6,2,3,10,11,20,22
4521,222,-0.027829574201290841,-0x1.c7f5b1c397f40p-6,2,3,7,10,25,28
4522,222,0.30310396735019929,0x1.3660e2ec3a532p-2,2,5,9,10,12,13
4523,222,-0.31559441566603552,-0x1.432b2eb857e9cp-2,2,3,6,10,14,15
4524,222,0.12777320315466023,0x1.05adf506d5df4p-3,2,4,12,14,24,27
4525,222,0.20697784113497064,0x1.a7e3ff955efdcp-3,1,2,10,11,27,28
4526,222,-0.40070989717154648,-0x1.9a53b1fe2429ap-2,0,2,7,9,19,20
4527,222,-0.26939891935160709,-0x1.13dd4f70c5860p-2,0,3,13,15,26,28
4528,222,0.20598153870023928,0x1.a5d9a62260d78p-3,2,5,6,7,21,23
4529,222,-0.357329478559678,-0x1.6de7c7613e00ep-2,9,10,19,22,24,29
4530,222,-0.041507089726313451,-0x1.5406ad1da7260p-5,2,3,16,17,20,21
4531,222,0.41187386881192711,0x1.a5c243727f33ep-2,2,5,7,10,21,22
4532,222,-0.0026640426709136911,-0x1.5d2e704b1f400p-9,0,5,19,21,26,28
4533,222,-0.36502532644621566,-0x1.75c932fd3160ap-2,6,11,13,14,28,29
4534,222,0.17926019941824833,0x1.6f1ff8afce780p-3,9,11,13,16,24,29
4535,222,0.47181249173307249,0x1.e322d05759ecap-2,1,5,12,14,21,22
4536,222,0.10761173954172587,0x1.b8c7165ff5478p-4,3,4,12,17,24,29
4537,222,-0.38442762444294287,-0x1.89a7652aa548ap-2,1,5,19,20,24,27
4538,222,-0.046731479094053507,-0x1.7ed303cce2a70p-5,0,3,12,14,26,29
4539,222,0.24044134037878917,0x1.ec6c826c4434cp-3,2,3,7,10,18,23
4540,222,-0.21185279895481046,-0x1.b1dfe1589da48p-3,2,3,21,23,25,28
4541,222,0.17529581009756101,0x1.67017d5bf5748p-3,1,4,8,9,13,17
4542,222,0.48721251248044073,0x1.f2e7d63d38d10p-2,2,4,9,11,12,16
4543,222,0.41552966159509774,0x1.a9809b8c468bap-2,6,9,21,23,24,25
4544,222,0.24349981476058491,0x1.f2b007e7d4858p-3,0,5,15,17,20,22
4545,222,0.42140223961831269,0x1.af8411967cbb6p-2,3,4,6,7,18,21
4546,222,0.2000151017120273,0x1.99a1848479630p-3,1,3,14,15,18,23
4547,222,-0.33415859846259255,-0x1.562dabf04bcecp-2,6,7,22,23,24,26
4548,222,-0.10227972741848579,-0x1.a2f01144e6288p-4,9,10,14,17,26,29
4549,222,0.4043176728466481,0x1.9e0573b848e3ap-2,3,4,12,16,21,23
4550,222,0.085525216713742247,0x1.5e4fb08c4d268p-4,3,4,8,11,18,19
4551,222,0.28251376093510783,0x1.214b498f8b854p-2,3,5,14,15,22,23
4552,222,-0.19627408668593394,-0x1.91f825faf2644p-3,0,3,8,11,12,16
4553,222,0.056099533426193893,0x1.cb913fac5d130p-5,0,4,12,15,25,27
4554,222,0.4136822794760957,0x1.a79c53d523648p-2,0,2,9,10,28,29
4555,222,-0.40081769875410733,-0x1.9a6ff46f3a3c6p-2,1,2,14,15,27,28
4556,222,-0.022586613670534383,-0x1.720f1fc2b5900p-6,4,5,14,17,18,19
4557,222,0.031036676818337661,0x1.fc8141fa52700p-6,6,7,15,16,26,29
4558,222,0.4035745613258479,0x1.9d42a65991790p-2,13,15,18,20,25,28
4559,222,-0.028485362423160909,-0x1.d2b445016b740p-6,0,5,9,10,20,23
4560,222,-0.34317745530094401,-0x1.5f69e92cf7ddap-2,2,3,15,17,24,28
4561,222,-0.12807078691166829,-0x1.0649fa0ade69cp-3,12,16,19,20,24,28
4562,222,-0.3735690086615876,-0x1.7e88dfcc00acep-2,0,1,13,14,18,23
4563,222,0.38878548166019389,0x1.8e1dc8038f810p-2,9,10,21,22,24,25
4564,222,0.26324767029420859,0x1.0d90cc1aa5b34p-2,2,4,15,17,27,29
4565,222,0.22575719344378031,0x1.ce59c9956c190p-3,7,9,12,14,24,28
4566,222,0.22379007681638563,0x1.ca5273a8c4008p-3,1,2,10,11,18,20
4567,222,-0.093992779723019781,-0x1.80fe92af872d0p-4,1,2,9,11,19,20
4568,222,0.36510546304496705,0x1.75de34dd79ed8p-2,1,4,14,16,18,23
4569,222,0.22030776577172839,0x1.c330b7c85aef4p-3,6,7,21,22,24,26
4570,222,0.44373981502459703,0x1.c663bae5dadd0p-2,2,3,16,17,24,29
4571,222,0.11636505127035734,0x1.dca19999a8220p-4,0,2,9,10,19,21
4572,222,0.48821888584076445,0x1.f3efa6cfe70e6p-2,0,5,7,10,19,21
4573,222,0.075363461682909305,0x1.34b05133dcf50p-4,6,9,13,17,18,22
4574,222,-0.34475307052048432,-0x1.6106f2ec5301ep-2,14,15,18,19,27,28
4575,222,0.15303841348158387,0x1.396c34277b248p-3,3,4,6,7,21,22
4576,222,-0.43406227965598865,-0x1.bc7ad27e32deap-2,6,9,18,19,26,28
4577,222,-0.10939390575768626,-0x1.c013d2f9c6870p-4,12,13,21,23,24,26
4578,222,0.093534003712578917,0x1.7f1d82f026c90p-4,7,11,18,23,25,27
4579,222,0.20748068915071605,0x1.a8eba2b3a1854p-3,3,4,19,21,26,29
4580,222,-0.22610111514547493,-0x1.cf0e19f91c8f4p-3,1,5,8,10,20,21
4581,222,0.051448093263373518,0x1.a57678c03f770p-5,7,9,19,22,24,27
4582,222,-0.016338396017516299,-0x1.0bb033241df80p-6,0,4,12,14,26,27
4583,222,-0.4912901439200833,-0x1.f714c373ef812p-2,3,5,6,10,19,22
4584,222,0.14725963866629854,0x1.2d967620bd800p-3,0,2,15,17,27,28
4585,222,0.49966722134369146,0x1.ffa8c39a37a70p-2,8,9,18,23,25,28
4586,222,0.14891181103173712,0x1.30f8acf2f49e8p-3,6,10,22,23,24,27
4587,222,-0.1391651426943149,-0x1.1d029d44ec0b4p-3,0,4,12,14,27,29
4588,222,-0.26373388814715526,-0x1.0e1041a1c17d2p-2,2,5,13,15,24,27
4589,222,0.1392406219582184,0x1.1d2a2fecae964p-3,0,3,14,17,28,29
4590,222,-0.099291488553122864,-0x1.96b2ac01b58a0p-4,9,10,13,17,18,22
4591,222,-0.30491193383161974,-0x1.383ad57fde210p-2,0,2,7,11,19,22
4592,222,0.12945930271849948,0x1.0921f57ab61b4p-3,2,3,6,10,19,20
4593,222,-0.42498698698536574,-0x1.b32fc9e94f96cp-2,6,8,20,23,27,28
4594,222,0.40289297782112199,0x1.9c8ffa0e1e7cap-2,8,10,15,17,25,26
4595,222,0.098847174498991164,0x1.94e0c65c671b0p-4,0,4,8,9,22,23
4596,222,-0.24934248431253525,-0x1.fea745bd017fcp-3,0,5,7,10,18,22
4597,222,0.0097966511157324687,0x1.41044413819c0p-7,7,11,12,16,25,26
4598,222,0.40418905738230781,0x1.9de3bc7b6eac6p-2,1,3,13,16,24,26
4599,222,0.099913186190391912,0x1.993e91b207c00p-4,0,5,12,16,25,26
4600,222,-0.14720293955537489,-0x1.2d78bc1a1f8a0p-3,7,10,19,22,24,29
4601,222,0.31782848640592143,0x1.4574d4ab67072p-2,0,3,12,17,26,28
4602,222,-0.27898669717693214,-0x1.1daeb051936f4p-2,7,8,16,17,24,26
4603,222,-0.33807517877702031,-0x1.5a306131bf22ap-2,6,10,13,17,24,29
4604,222,-0.0029500131094073456,-0x1.82aa03a7c5200p-9,2,4,12,17,24,27
4605,222,0.42287279213764017,0x1.b10590b265c16p-2,0,1,18,19,26,27
4606,222,-0.15368656770092792,-0x1.3ac005f0e13acp-3,6,10,18,19,26,28
4607,222,-0.26681247581712619,-0x1.11374a2732884p-2,2,5,9,10,14,17
4608,222,0.09001378424498141,0x1.70b24b3857a28p-4,4,5,12,16,19,23
4609,222,-0.30209271694402728,-0x1.3557cb0e899b8p-2,7,9,22,23,24,25
4610,222,-0.20939221711044886,-0x1.acd5d3a435e1cp-3,0,1,8,9,19,21
4611,222,0.34973059492721925,0x1.661fc6ee7dfbap-2,6,11,14,16,18,19
4612,222,0.46972941703801452,0x1.e100bf9096f4ap-2,8,10,18,21,25,26
4613,222,-0.3647380106753626,-0x1.757de18dd5cacp-2,3,5,15,16,20,23
4614,222,-0.48673487457479192,-0x1.f26aa0807c4e8p-2,1,4,6,9,18,21
4615,222,-0.42342220774444106,-0x1.b195975aa6646p-2,1,3,6,10,18,20
4616,222,0.47122093422727329,0x1.e287bd96c96d4p-2,6,11,13,14,24,27
4617,222,-0.31267148217993745,-0x1.402cf3f96b30cp-2,3,5,12,13,24,26
4618,222,0.2479288946289937,0x1.fbc224f151d58p-3,7,10,12,15,24,25
4619,222,0.37327647106558781,0x1.7e3c2fee5f38cp-2,3,5,6,10,18,23
4620,222,-0.24564419099585988,-0x1.f7144d363c9ccp-3,2,5,12,14,24,28
4621,222,-0.07342619555607055,-0x1.2cc0f24954108p-4,0,1,18,20,27,29
4622,222,-0.29549368592956426,-0x1.2e95e594f7c80p-2,3,5,12,14,25,26
4623,222,0.0051969984356210475,0x1.54972a517fc00p-8,0,5,8,9,19,21
4624,222,0.46963949939936023,0x1.e0e92d4b51fc4p-2,6,8,19,20,27,28
4625,222,-0.34180395093048155,-0x1.5e01dadb8f5e0p-2,6,11,15,16,18,19
4626,222,0.26560282539432978,0x1.0ffa2fe32ce5ap-2,3,5,13,15,24,25
4627,222,0.40021152547377103,0x1.99d10cd591874p-2,0,4,7,8,27,29
4628,222,-0.063937245658550967,-0x1.05e30fb198c20p-4,2,3,7,10,12,15
4629,222,-0.49830557799937469,-0x1.fe43d143afcfep-2,1,2,16,17,24,29
4630,222,-0.20983929675121726,-0x1.adc039a7b26a8p-3,2,3,12,16,28,29
4631,222,-0.17321651384031833,-0x1.62bf56f092050p-3,3,5,12,15,24,25
4632,222,0.045404892879899683,0x1.73f4f63febf30p-5,9,10,20,21,24,25
4633,222,-0.12231691031775427,-0x1.f502939900148p-4,2,4,6,9,14,16
4634,222,0.26945878499759224,0x1.13ed00f4bcfbcp-2,9,10,13,14,24,27
4635,222,-0.065244851635915868,-0x1.0b3e2f80235a0p-4,0,1,12,13,20,22
4636,222,0.026993535585867479,0x1.ba431822dc940p-6,3,4,7,8,20,21
4637,222,-0.041937275448567402,-0x1.578cd7511e3c0p-5,0,3,8,10,19,23
4638,222,0.363805298072163,0x1.74896045536d6p-2,6,9,14,16,28,29
4639,222,0.06102355943127169,0x1.f3e7ae015ed10p-5,7,10,15,17,24,29
4640,222,-0.17029935484980041,-0x1.5cc5e87ce0da8p-3,6,7,14,16,19,21
4641,222,0.31762067712406261,0x1.453e5ad31ff94p-2,0,2,9,10,20,22
4642,222,0.17041584161027334,0x1.5d02fb137dd44p-3,2,3,16,17,18,20
4643,222,0.11340515231899895,0x1.d081ebc6872a0p-4,6,11,18,22,26,27
4644,222,0.3881119528967939,0x1.8d6d384383812p-2,2,4,15,16,18,19
4645,222,0.21386799343604201,0x1.b6006c2bc0654p-3,1,3,13,16,18,23
4646,222,0.42486209623547888,0x1.b30f0ca290c7ap-2,6,10,18,22,25,27
4647,222,-0.17252626798120541,-0x1.615573b571118p-3,6,10,13,15,24,27
4648,222,-0.38247521233453063,-0x1.87a7950207a4ep-2,10,11,12,13,26,29
4649,222,0.22326116069503465,0x1.c93d25bd37a74p-3,7,8,12,15,25,26
4650,222,0.34057513338146139,0x1.5cbfba4ed11dap-2,0,5,8,10,13,15
4651,222,-0.23971507816912019,-0x1.eaefbd28c1718p-3,6,11,19,20,24,27
4652,222,-0.35045184031149657,-0x1.66dcd8e3d7f42p-2,7,8,12,15,26,27
4653,222,-0.20484902594237819,-0x1.a387e2d851dbcp-3,0,3,13,16,25,29
4654,222,-0.2652986851585013,-0x1.0faa7561b5d34p-2,0,2,9,10,14,17
4655,222,0.29346552740971155,0x1.2c823a2ae993cp-2,6,7,20,22,25,27
4656,222,-0.045007096250662459,-0x1.70b2b8cf812f0p-5,6,11,20,21,24,29
4657,222,-0.40676664305069832,-0x1.a0876f54069c2p-2,9,11,12,13,22,23
4658,222,0.016652488957916489,0x1.10d599de29000p-6,7,9,14,17,27,29
4659,222,-0.18483172472562392,-0x1.7a890e27adbb0p-3,1,2,14,17,18,22
4660,222,-0.12228714486863013,-0x1.f4e35d7ee9648p-4,7,8,19,21,26,29
4661,222,0.38655535263507967,0x1.8bd52a96a549ep-2,1,3,12,15,26,28
4662,222,-0.29494108759000282,-0x1.2e050955c86e6p-2,6,11,13,15,26,27
4663,222,0.19442686140402388,0x1.8e2fab998dbc8p-3,6,11,14,15,25,27
4664,222,0.30453267688504826,0x1.37d769ff2372cp-2,4,5,12,16,24,26
4665,222,-0.01327972855462467,-0x1.b3266febc2680p-7,6,8,13,17,24,29
4666,222,0.30072278965835253,0x1.33f0accafa612p-2,13,17,18,20,28,29
4667,222,0.028345258697380027,0x1.d068a1c685a40p-6,2,3,12,17,24,29
4668,222,0.30261622596138804,0x1.35e10726f8f14p-2,7,9,20,23,24,27
4669,222,0.39892116707666736,0x1.987eca591b12ap-2,0,2,14,16,25,27
4670,222,0.22491133325077473,0x1.cc9e50267ea34p-3,2,3,15,17,24,25
4671,222,0.033723042714074336,0x1.144258b283910p-5,9,10,12,14,27,28
4672,222,-0.27417577275310345,-0x1.18c188a55207ap-2,15,17,20,22,25,27
4673,222,-0.30904824788134178,-0x1.3c7724d62556ep-2,1,5,12,13,20,21
4674,222,0.16397670488999438,0x1.4fd304c6778a4p-3,8,9,12,17,24,26
4675,222,-0.34575953646416968,-0x1.620ec9b5932d8p-2,4,5,6,9,13,16
4676,222,-0.43836144932754928,-0x1.c0e1d2e2c1856p-2,1,2,6,9,24,28
4677,222,0.29211788862155519,0x1.2b20f3a8d3190p-2,0,1,12,16,20,21
4678,222,-0.11497498983221877,-0x1.d6f003d2ff3b0p-4,8,10,18,19,27,28
4679,222,-0.41588311070593431,-0x1.a9dd431dc3502p-2,8,9,12,13,21,22
4680,222,0.27067574498328806,0x1.152c05c21839ep-2,7,11,20,22,24,25
4681,222,-0.37311526012702922,-0x1.7e11ed3f8957ap-2,3,4,16,17,20,21
4682,222,-0.074077688507396156,-0x1.2f6c16180a690p-4,7,8,12,16,25,29
4683,222,-0.41775275636002007,-0x1.abc760e985440p-2,0,3,7,11,12,15
4684,222,-0.27650740316282629,-0x1.1b24c1b6beb20p-2,7,9,18,22,27,29
4685,222,0.12041096530738926,0x1.ed340c6133500p-4,6,10,15,17,25,28
4686,222,-0.49651135027139837,-0x1.fc6d78ae08a8ep-2,4,5,7,8,22,23
4687,222,-0.46277088981121062,-0x1.d9e09cb51eb04p-2,2,3,14,17,21,22
4688,222,0.11823598318249484,0x1.e44b6a0faae40p-4,3,5,16,17,24,25
4689,222,0.22964382284353579,0x1.d64f8026bb320p-3,12,13,20,23,24,27
4690,222,-0.44385659499196251,-0x1.c68257de6ae6ep-2,0,4,9,11,20,21
4691,222,-0.22967848582728412,-0x1.d661ac89c8ac4p-3,6,10,18,20,27,29
4692,222,-0.043115809588176179,-0x1.61346803e59f0p-5,1,5,15,17,26,27
4693,222,0.06998896195798221,0x1.1eacbeeb0c608p-4,10,11,20,22,25,29
4694,222,-0.47928875298456775,-0x1.eacaabbda32a4p-2,6,7,14,17,21,22
4695,222,-0.092662422222951624,-0x1.7b8b979040648p-4,13,17,18,21,25,26
4696,222,-0.23396197225496607,-0x1.df27745abdedcp-3,2,5,22,23,24,25
4697,222,-0.012830698545289621,-0x1.a46fb351846c0p-7,6,8,21,23,26,28
4698,222,-0.10134459202157076,-0x1.9f1b81c5bee90p-4,7,9,12,17,25,29
4699,222,0.10753809892665189,0x1.b879de9f6c790p-4,4,5,12,14,19,21
4700,222,0.18683713579265737,0x1.7ea477df431f4p-3,6,9,20,23,25,27
4701,222,-0.090350365179109215,-0x1.7213397a03d08p-4,4,5,13,14,25,26
4702,222,0.48447792385353472,0x1.f01afb1a56f2ap-2,4,5,7,9,19,21
4703,222,-0.12741685904962463,-0x1.04f321549e104p-3,1,2,9,10,19,22
4704,222,0.48836354287487349,0x1.f4159294d339ep-2,9,11,12,14,24,28
4705,222,-0.34084758504269019,-0x1.5d07263ab73a4p-2,2,3,6,7,18,20
4706,222,-0.0019017265635119518,-0x1.f286b595ba400p-10,0,3,7,11,19,23
4707,222,-0.42174873551533376,-0x1.afdee688abbccp-2,6,9,16,17,25,28
4708,222,-0.067589583092142136,-0x1.14d8d08ee57a8p-4,1,3,19,23,24,26
4709,222,0.24008912380590541,0x1.ebb3d8b6f9284p-3,1,2,16,17,20,21
4710,222,0.39280463113293485,0x1.923b6091bbb2ap-2,8,10,18,20,25,29
4711,222,-0.24888406975594579,-0x1.fdb6ee60c7010p-3,0,4,7,9,19,23
4712,222,0.15941336320502242,0x1.467a836c16684p-3,1,2,9,11,28,29
4713,222,0.31833864519797306,0x1.45fa90d8b6850p-2,1,5,12,16,19,21
4714,222,-0.46288883315816021,-0x1.d9ff87c0643f8p-2,6,11,14,16,18,21
4715,222,-0.44620677553403132,-0x1.c8ea6dd0b0698p-2,1,3,16,17,18,19
4716,222,0.14747370300411777,0x1.2e06b15b61b20p-3,6,7,14,17,26,28
4717,222,0.34856040373941366,0x1.64ed04baf7214p-2,1,5,6,9,20,22
4718,222,-0.17301288719124552,-0x1.625494a22ef98p-3,8,10,13,15,18,23
4719,222,0.49632987210084345,0x1.fc3de5e2cdcf2p-2,7,10,18,19,26,29
4720,222,0.15181130100843621,0x1.36e8d7e7f49fcp-3,0,4,7,9,22,23
4721,222,0.36615093897497408,0x1.76f045913056ap-2,0,1,13,16,21,23
4722,222,-0.2193658598738365,-0x1.c142e35022e94p-3,7,8,12,16,24,28
4723,222,-0.23158474398318563,-0x1.da491a2d48534p-3,3,5,15,16,25,28
4724,222,0.34303284019074265,0x1.5f4400384afdep-2,1,4,12,14,24,29
4725,222,-0.0076116113698492249,-0x1.f2d5a5e742e00p-8,6,7,18,20,28,29
4726,222,-0.1204437140745358,-0x1.ed56634f57ae0p-4,0,1,8,10,20,21
4727,222,-0.15984081220245139,-0x1.475a9ea7ce0acp-3,1,5,9,10,18,23
4728,222,0.15286609508464555,0x1.3911dbf8723c4p-3,6,7,14,17,24,27
4729,222,-0.14644635145012685,-0x1.2bec1090c6480p-3,8,9,13,16,25,26
4730,222,-0.47652427355706151,-0x1.e7f5faaab600ap-2,14,16,19,23,27,28
4731,222,-0.18672572428313461,-0x1.7e6a0e78f19d8p-3,14,16,19,21,24,28
4732,222,-0.36739812499643454,-0x1.783736cde2b86p-2,6,8,13,15,27,29
4733,222,-0.33757582824192089,-0x1.59ad7a58e06c6p-2,2,4,12,14,25,29
4734,222,0.14481982998157572,0x1.28974c8caa498p-3,0,5,16,17,20,21
4735,222,-0.26113177175457047,-0x1.0b66208e87984p-2,2,5,12,14,22,23
4736,222,0.081149838446997857,0x1.4c63c5e349e38p-4,7,9,16,17,19,21
4737,222,0.14018950254150409,0x1.1f1bac8544228p-3,9,10,14,17,24,26
4738,222,0.13563317159380917,0x1.15c6d821fc3ecp-3,12,17,21,22,25,29
4739,222,0.38402547483002969,0x1.893df95ce744ep-2,6,9,19,22,24,29
4740,222,0.34237215961863754,0x1.5e96ceb27de40p-2,3,5,13,16,21,23
4741,222,0.48083026499443227,0x1.ec5ec4dc4ff98p-2,0,3,18,21,26,28
4742,222,-0.28000729461306617,-0x1.1eba3b7404aa6p-2,3,4,13,17,20,21
4743,222,0.49971720345719717,0x1.ffb5ddd86392ep-2,12,16,20,21,25,29
4744,222,-0.24370694359076039,-0x1.f31ca0443e538p-3,1,5,14,17,26,27
4745,222,0.39338100516545615,0x1.92d278603684ep-2,6,8,19,20,28,29
4746,222,0.32434358737458779,0x1.4c20b9b1c3c2ep-2,7,11,19,22,26,27
4747,222,0.18671196238113053,0x1.7e62d761976ccp-3,6,10,15,17,27,28
4748,222,0.23140182073228699,0x1.d9e932a23d7f0p-3,1,3,12,14,24,28
4749,222,-0.37395593080274359,-0x1.7eee4db3c5a7cp-2,3,5,13,14,18,23
4750,222,0.17494702619062452,0x1.664aa0602b648p-3,7,10,15,17,24,26
4751,222,-0.32951874441722484,-0x1.516d5c9ac38bep-2,0,5,9,10,25,28
4752,222,0.22831126151688153,0x1.d394dacc3025cp-3,1,5,15,16,19,23
4753,222,-0.093322436368277417,-0x1.7e3faac2f4e90p-4,6,8,13,17,20,22
4754,222,-0.30910155224745806,-0x1.3c851e082ec38p-2,8,9,19,20,28,29
4755,222,-0.023291057312106678,-0x1.7d99c65c76f20p-6,9,10,18,19,27,29
4756,222,0.39984632206139625,0x1.99715072b7e3ep-2,2,5,16,17,27,28
4757,222,-0.13085280118354026,-0x1.0bfc8dad62e8cp-3,7,9,12,16,27,28
4758,222,-0.4975129469942936,-0x1.fd7408b2b5528p-2,0,3,14,17,19,21
4759,222,0.43563722268842409,0x1.be17af2177dc2p-2,1,3,8,11,21,23
4760,222,-0.47651894100159531,-0x1.e7f494ce1b0a0p-2,0,2,12,13,25,27
4761,222,-0.17849231081298034,-0x1.6d8d606c3bd68p-3,0,1,12,17,19,21
4762,222,0.43935784716347126,0x1.c1e706033b782p-2,7,9,16,17,20,21
4763,222,-0.48084415323328777,-0x1.ec6268e2706b2p-2,6,9,13,17,21,22
4764,222,-0.17261008821027057,-0x1.618165de95118p-3,8,11,13,15,25,28
4765,222,-0.25713165343542277,-0x1.074d852916106p-2,0,4,8,11,13,16
4766,222,-0.47525439971917838,-0x1.e6a916e04bc22p-2,7,9,16,17,24,25
4767,222,0.13616092215844877,0x1.16db899d4f568p-3,10,11,20,23,27,28
4768,222,-0.38810400767680331,-0x1.8d6b2311ac71ep-2,6,10,21,23,26,28
4769,222,0.40034049377601499,0x1.99f2dbc021416p-2,15,16,18,20,27,28
4770,222,-0.098761819261214412,-0x1.948745fd20458p-4,0,2,14,17,27,28
4771,222,0.017552269423703026,0x1.1f938dc94dfe0p-6,3,5,19,21,26,28
4772,222,0.36297721004003547,0x1.73b04c3942d78p-2,2,5,16,17,25,28
4773,222,0.48634029945967783,0x1.f20331039fe92p-2,4,5,13,17,25,26
4774,222,0.21059703675224783,0x1.af4d7fcbe2210p-3,1,2,9,10,20,23
4775,222,0.072169516856038007,0x1.279b392aa3098p-4,1,3,12,16,26,29
4776,222,-0.1024003144309481,-0x1.a36e83194bef8p-4,1,4,12,13,20,21
4777,222,0.40386393249003161,0x1.9d8e81b850866p-2,0,1,9,10,28,29
4778,222,0.12025020164506051,0x1.ec8b79b672718p-4,0,2,7,11,22,23
4779,222,0.18921709838715561,0x1.8384410b55b44p-3,2,5,12,15,22,23
4780,222,-0.46947033789438342,-0x1.e0bcd50ecb358p-2,3,5,6,10,24,28
4781,222,-0.48335541265574444,-0x1.eef4b8a6cdd4cp-2,2,4,13,17,24,29
4782,222,0.32979813886719844,0x1.51b69a72dd798p-2,7,10,20,22,24,29
4783,222,-0.25404370820002764,-0x1.042408a9e50dep-2,1,4,12,13,21,22
4784,222,0.35423242729337623,0x1.6abbe7c9a188ep-2,3,5,13,17,18,22
4785,222,-0.051831586522259054,-0x1.a89ab72069a70p-5,15,16,20,23,24,27
4786,222,-0.18942042271169535,-0x1.83eedac5ee088p-3,4,5,14,16,24,26
4787,222,0.02911093732256187,0x1.dcf41ef0675e0p-6,6,11,15,16,18,20
4788,222,-0.43069884373640888,-0x1.b9091e211770ap-2,1,3,6,8,19,20
4789,222,0.28985484634293779,0x1.28cfb5768524cp-2,0,5,12,15,19,20
4790,222,-0.33671822739791146,-0x1.58cca9ba90820p-2,1,2,12,13,24,29
4791,222,-0.083065708491171564,-0x1.543cb55637ea8p-4,6,11,15,16,25,28
4792,222,-0.19142513409031869,-0x1.8809e69467154p-3,0,5,7,9,26,28
4793,222,0.37655123894971454,0x1.8196a5e23aae4p-2,2,3,16,17,28,29
4794,222,0.29472016925690581,0x1.2dcb1fc1b850ap-2,2,3,7,10,18,19
4795,222,-0.070384879605339012,-0x1.204be5409af20p-4,3,5,8,10,18,20
4796,222,-0.40934668289182141,-0x1.a32bc6defc5eep-2,3,4,7,11,14,16
4797,222,-0.17277830153560425,-0x1.61d997146e474p-3,0,4,12,15,26,29
4798,222,-0.26560948461410516,-0x1.0ffbeec7b3326p-2,0,3,14,16,26,29
4799,222,-0.17197493374096051,-0x1.603464e1318bcp-3,1,4,8,11,19,20
4800,222,0.45386602166496381,0x1.d0c2411f443f2p-2,7,8,21,22,25,29
4801,222,0.26871887515604742,0x1.132b0a7273d88p-2,3,5,6,10,20,22
4802,222,-0.19257981606717056,-0x1.8a67495f068a0p-3,0,5,15,16,18,23
4803,222,-0.33534244038813088,-0x1.57640239b61ecp-2,2,4,9,11,19,20
4804,222,-0.31659332877043644,-0x1.44310aa4cd9eap-2,1,2,9,11,24,28
4805,222,0.2709473709874487,0x1.15733a4550266p-2,1,4,8,11,20,22
4806,222,0.39986259817355008,0x1.997594b83229ap-2,9,10,13,17,27,28
4807,222,-0.20197411145552258,-0x1.9da49a5ab8954p-3,0,4,12,13,26,27
4808,222,-0.19349062977810316,-0x1.8c44d0b7d5ce0p-3,7,10,18,21,26,28
4809,222,0.41053896106787857,0x1.a464534e14d82p-2,1,2,16,17,24,28
4810,222,-0.43257091135113057,-0x1.baf3de75d0eaep-2,0,3,7,8,18,20
4811,222,-0.0046201475459132224,-0x1.2ec9369cc5b80p-8,13,14,22,23,24,26
4812,222,-0.083965618694907596,-0x1.57ec5524874f0p-4,7,10,15,17,25,26
4813,222,0.42717718698097173,0x1.b56defbeb8e24p-2,8,9,12,13,20,21
4814,222,-0.19988488209542854,-0x1.995d3ebc8477cp-3,0,5,8,9,13,17
4815,222,0.43058022553787723,0x1.b8ea05cbf53c0p-2,1,2,9,11,18,23
4816,222,0.36196660173701556,0x1.72a75f72d1a70p-2,0,5,13,17,18,22
4817,222,-0.14449903034671163,-0x1.27ef1b8d24884p-3,8,9,20,22,25,27
4818,222,-0.32312698231659509,-0x1.4ae1ccb60510ap-2,8,10,12,17,19,20
4819,222,0.32513938432003842,0x1.4cf156b92f3f6p-2,6,10,13,14,28,29
4820,222,0.39217994019283009,0x1.91979e451a0d4p-2,1,3,6,8,24,28
4821,222,0.48511476496080586,0x1.f0c1ecc940e8cp-2,0,4,18,22,26,27
4822,222,0.43859610014052841,0x1.c11f560906df2p-2,3,4,7,11,12,14
4823,222,0.42101545126215811,0x1.af1eaca920692p-2,1,4,12,17,19,20
4824,222,-0.22910031453938062,-0x1.d5328bb399810p-3,6,9,13,14,28,29
4825,222,0.033417580538853797,0x1.11c1bef0d38b0p-5,0,3,20,21,28,29
4826,222,-0.024697847222518887,-0x1.94a647868c760p-6,1,2,12,14,19,21
4827,222,-0.47539277585497675,-0x1.e6cd5d243506cp-2,12,14,21,22,25,26
4828,222,-0.34091678577178541,-0x1.5d194a3630640p-2,7,10,19,22,27,29
4829,222,0.32808254483037858,0x1.4ff4dee1bd5e4p-2,13,16,18,23,27,28
4830,222,0.26021236334266706,0x1.0a751c1a4957ep-2,7,10,12,14,24,29
4831,222,0.37997172426435954,0x1.85174ec47b09ap-2,0,1,8,9,20,22
4832,222,-0.21368295544805049,-0x1.b59f68cae5614p-3,3,4,12,14,25,29
4833,222,0.13885934017872503,0x1.1c6249267e7d8p-3,0,3,8,11,25,29
4834,222,-0.39828022163602905,-0x1.97d6c53a4810cp-2,12,16,19,21,24,29
4835,222,0.37780658544300294,0x1.82dfbac2c3b6ep-2,0,4,13,16,26,29
4836,222,-0.08885247271242791,-0x1.6bf092077f6d8p-4,3,5,12,14,24,26
4837,222,0.13242381658781666,0x1.0f3437cba63f0p-3,2,4,6,11,19,21
4838,222,0.17574016541193627,0x1.67ea75b84d9ccp-3,6,10,13,14,24,27
4839,222,-0.25414060080587042,-0x1.043d6f0430220p-2,8,10,13,15,18,22
4840,222,-0.44586719807576947,-0x1.c891692860daap-2,4,5,7,8,24,26
4841,222,0.21703269931603364,0x1.bc7ba3cdccbb0p-3,1,3,6,10,26,29
4842,222,-0.14173724626416795,-0x1.2247232aa3398p-3,12,13,20,23,25,28
4843,222,-0.09169294314374743,-0x1.7793050138dd0p-4,3,5,7,10,14,17
4844,222,0.23994105481029904,0x1.eb66373b06194p-3,8,9,18,19,27,29
4845,222,-0.34730691624595111,-0x1.63a46c9bcdcb6p-2,1,5,12,14,19,23
4846,222,0.038371118660370462,0x1.3a5611783b330p-5,1,5,13,17,24,28
4847,222,0.24148444900098487,0x1.ee8f66179d4e8p-3,2,5,13,17,24,28
4848,222,-0.2306958145695156,-0x1.d8770c173381cp-3,8,10,15,17,28,29
4849,222,0.38771955790475154,0x1.8d065b14e1c72p-2,0,1,15,16,18,23
4850,222,0.47101622710395419,0x1.e25213ed2fea4p-2,1,2,9,10,22,23
4851,222,-0.038181053101239093,-0x1.38c778ccb1730p-5,2,4,15,17,19,22
4852,222,-0.080305123487747876,-0x1.48ee06714c430p-4,2,5,9,10,13,17
4853,222,0.18402830165041317,0x1.78e3d48903fd0p-3,8,10,18,23,25,28
4854,222,-0.35372134889877327,-0x1.6a35ede5ab402p-2,0,5,13,17,21,22
4855,222,0.17074868301465085,0x1.5db17c4b10604p-3,8,9,12,16,19,23
4856,222,0.38655383328516502,0x1.8bd4c4a069b28p-2,8,10,18,23,25,27
4857,222,0.42889720777459373,0x1.b730d462f34cap-2,7,10,15,17,28,29
4858,222,0.199606438519909,0x1.98cb42ac1cc30p-3,4,5,6,7,19,21
4859,222,-0.40498653145342911,-0x1.9eb4ca0fa6dd4p-2,2,5,13,14,21,23
4860,222,-0.3385235475657814,-0x1.5aa5eab6e23bep-2,6,10,14,15,18,23
4861,222,0.054655788600714517,0x1.bfbd7f1278150p-5,1,2,6,10,27,28
4862,222,0.19127937412925489,0x1.87bd7b0246a70p-3,1,3,12,16,19,23
4863,222,0.20817791216685189,0x1.aa592e640cad0p-3,2,3,6,10,18,21
4864,222,0.48565330688243569,0x1.f14f19b9046aap-2,0,3,8,10,19,21
4865,222,-0.35700269026697751,-0x1.6d921cfd1f6c2p-2,1,5,20,23,24,27
4866,222,-0.15024669109697608,-0x1.33b48984bff3cp-3,1,4,19,23,24,26
4867,222,0.43807110197189825,0x1.c095b6012afdep-2,0,3,8,10,19,20
4868,222,0.15753170497553814,0x1.429ffb879fdc4p-3,15,16,19,23,24,27
4869,222,-0.093815955325164513,-0x1.804528bf6eea0p-4,2,3,13,17,24,28
4870,222,-0.0071216497900239428,-0x1.d2b974f114700p-8,0,3,7,8,19,21
4871,222,-0.42745047326316987,-0x1.b5b593ad4cd68p-2,2,4,12,17,20,21
4872,222,-0.034680076345883437,-0x1.1c1964374eaa0p-5,2,3,6,11,18,21
4873,222,-0.38006676070604373,-0x1.8530388e1dd08p-2,2,4,12,13,21,23
4874,222,0.46594570992720008,0x1.dd20df476532ep-2,0,5,18,19,26,27
4875,222,-0.26391067373210997,-0x1.0e3e9982fa9ccp-2,6,9,13,14,21,22
4876,222,-0.14304936243082877,-0x1.24f7106ad51dcp-3,8,9,22,23,25,27
4877,222,-0.42540192878545457,-0x1.b39c902f27c7ep-2,1,2,14,17,27,29
4878,222,0.39708415290727139,0x1.969d3a69fc832p-2,4,5,13,15,18,22
4879,222,-0.39248446405310322,-0x1.91e772852f462p-2,1,2,12,15,24,28
4880,222,0.18075646724297245,0x1.7230725acae10p-3,1,4,21,22,26,29
4881,222,0.1232745098152821,0x1.f8eeb14164a10p-4,0,4,7,9,19,21
4882,222,0.40099914066999609,0x1.9a9f84cb9b60ep-2,1,5,13,15,20,22
4883,222,0.42197899473400347,0x1.b01b42f7ed0eap-2,0,1,20,22,27,29
4884,222,0.37499831450360177,0x1.7fff8ee364724p-2,6,11,22,23,24,27
4885,222,-0.33804790308534116,-0x1.5a293ac0ee820p-2,0,1,13,17,20,21
4886,222,0.38555286962937985,0x1.8ace5f17bfa12p-2,0,3,7,8,16,17
4887,222,0.44951115150705145,0x1.cc4ca6bba3edep-2,7,9,20,21,25,28
4888,222,-0.0027878873766125079,-0x1.6d69fa3707e00p-9,2,4,6,11,15,16
4889,222,-0.4805506651226974,-0x1.ec15793b17960p-2,0,1,18,19,27,29
4890,222,-0.38967332630850382,-0x1.8f0686427967ep-2,1,4,6,8,13,15
4891,222,0.42920063118878127,0x1.b7805ec983744p-2,0,3,8,10,22,23
4892,222,-0.1967459120675199,-0x1.92ef854f9d0f8p-3,0,5,7,9,20,22
4893,222,-0.23304500013951823,-0x1.dd46b270c3adcp-3,2,4,12,14,21,23
4894,222,-0.060503821265108559,-0x1.efa5b5b3bbc40p-5,4,5,6,7,22,23
4895,222,-0.040775710784345609,-0x1.4e08dd0947040p-5,10,11,13,15,18,20
4896,222,0.36845081706016558,0x1.794b2bc5d4e12p-2,2,5,14,15,18,23
4897,222,0.48095214656764129,0x1.ec7eb831cbcb6p-2,7,9,12,17,24,26
4898,222,0.42669769785677969,0x1.b4f03dc64b1e6p-2,3,5,12,17,20,21
4899,222,-0.1071833947405012,-0x1.b705ef715afa0p-4,9,10,14,17,24,27
4900,222,0.47648506910761967,0x1.e7ebb3b365ea4p-2,0,2,7,10,25,29
4901,222,0.49910528092686668,0x1.ff15746b5dfcep-2,6,7,15,16,27,29
4902,222,-0.21975791679697509,-0x1.c210704d70d6cp-3,6,11,13,14,21,22
4903,222,0.28612761829424926,0x1.24fea36c39852p-2,7,8,12,16,25,26
4904,222,-0.37101424677548989,-0x1.7beb28a100d26p-2,6,11,15,16,24,26
4905,222,0.014583448682248479,0x1.ddded5939a780p-7,12,16,19,23,24,26
4906,222,0.44445087317619447,0x1.c71e2133e1b04p-2,12,16,20,23,24,27
4907,222,0.29459087639577142,0x1.2da93b0f477e0p-2,2,3,15,16,20,23
4908,222,0.39346030800311427,0x1.92e7424c97008p-2,0,4,14,16,18,21
4909,222,-0.42616752495941301,-0x1.b46542794592cp-2,1,2,12,13,24,27
4910,222,0.087500823396418737,0x1.6667436dc5630p-4,0,2,7,9,18,19
4911,222,-0.32204688073192445,-0x1.49c6a85216f76p-2,1,3,10,11,20,23
4912,222,-0.080152896911292126,-0x1.484e676e9e590p-4,6,8,16,17,26,28
4913,222,-0.10660366839106183,-0x1.b4a60c55f8ca0p-4,14,15,19,23,26,28
4914,222,0.37844382814996103,0x1.8386c7651bc72p-2,8,11,15,16,25,26
4915,222,0.49718717058828232,0x1.fd1ea236ab76ep-2,12,13,21,22,26,29
4916,222,-0.4131833225683601,-0x1.a7198766bc228p-2,0,4,13,17,25,29
4917,222,0.22976328957717373,0x1.d68e22b471558p-3,0,4,14,16,19,21
4918,222,-0.33108604925940144,-0x1.530838a6ec848p-2,9,10,20,22,27,29
4919,222,-0.31366749455173448,-0x1.41320d3babfd2p-2,6,9,20,22,25,29
4920,222,-0.12755044307662278,-0x1.05392aacd5d20p-3,10,11,12,15,24,29
4921,222,-0.01475922027229648,-0x1.e3a15031260c0p-7,12,16,19,20,24,29
4922,222,0.1621967258047986,0x1.4c2dcc06cc92cp-3,4,5,7,8,19,20
4923,222,0.0620701936173369,0x1.fc7aa174923a0p-5,2,5,6,10,24,27
4924,222,0.24263430246162032,0x1.f0ea40cfaef6cp-3,1,4,13,16,26,27
4925,222,-0.18395728963899682,-0x1.78be9976e1e04p-3,8,9,19,22,26,27
4926,222,0.30047976657074327,0x1.33b0f7ca1fcd4p-2,0,1,12,15,20,23
4927,222,-0.22265682013958787,-0x1.c8004c85d8d9cp-3,2,5,12,15,25,28
4928,222,0.10334784562774757,0x1.a750121154eb8p-4,8,11,19,22,26,27
4929,222,-0.15416138060625439,-0x1.3bb8f64014a04p-3,3,5,21,23,24,25
4930,222,0.075075744943374989,0x1.33829fd412fa0p-4,1,5,12,15,26,27
4931,222,0.33142936911575649,0x1.5362387524f3ep-2,2,3,10,11,14,15
4932,222,0.10907869145833549,0x1.bec94c48107d0p-4,2,4,12,16,21,23
4933,222,-0.011592906985677276,-0x1.7be05a2f3d280p-7,13,14,21,22,25,26
4934,222,0.029824419761702914,0x1.e8a4aedfea8a0p-6,0,3,12,17,25,26
4935,222,0.44679824163022974,0x1.c9857a6ed93bep-2,1,5,16,17,19,21
4936,222,-0.11493069870660999,-0x1.d6c1928405678p-4,2,3,7,11,14,15
4937,222,0.026810038559992311,0x1.b74173b475680p-6,3,4,16,17,24,25
4938,222,-0.47356699964711446,-0x1.e4eebf5fcbfb2p-2,10,11,14,15,27,28
4939,222,-0.01830166373063058,-0x1.2bdabdcbde600p-6,2,4,14,16,24,27
4940,222,-0.069758282062544086,-0x1.1dbadc41571f8p-4,2,3,21,23,24,25
4941,222,0.28433714052469683,0x1.2329467e5dee4p-2,7,11,14,15,24,28
4942,222,0.33949098242649056,0x1.5ba3862b3c18ap-2,7,11,15,16,18,23
4943,222,0.40988236435329883,0x1.a3b833d86b15ap-2,3,4,13,17,24,29
4944,222,0.23654082517997643,0x1.e46f842288e9cp-3,6,11,15,16,25,26
4945,222,-0.069183085114324139,-0x1.1b5fb90009db8p-4,7,10,15,17,18,22
4946,222,-0.20068404264030748,-0x1.9b003c3fc0e6cp-3,10,11,13,14,26,28
4947,222,0.23912484866822581,0x1.e9ba49e587200p-3,2,3,13,17,20,22
4948,222,0.25136589119763697,0x1.01660f681850ap-2,6,10,14,17,18,19
4949,222,-0.41771832083129101,-0x1.abbe59fba447ep-2,0,4,8,11,25,29
4950,222,0.39349781239371173,0x1.92f1172d1d386p-2,8,9,21,23,24,26
4951,222,-0.1889200718858085,-0x1.82e886d275cb4p-3,0,5,12,13,21,23
4952,222,0.013439017412850807,0x1.b85ea623a8240p-7,0,5,7,10,20,22
4953,222,-0.38722047297479545,-0x1.8c83860f12d70p-2,6,8,13,16,26,29
4954,222,0.079479980766538283,0x1.458ccce1438c0p-4,4,5,16,17,24,26
4955,222,0.28273274706537221,0x1.2184b1789db5cp-2,9,10,19,20,24,29
4956,222,-0.10851549810970884,-0x1.bc7abf37d8788p-4,6,10,15,17,26,28
4957,222,-0.11937559808198828,-0x1.e8f6631b3dc48p-4,10,11,21,22,25,26
4958,222,0.32330669364751574,0x1.4b10e8ef2d06cp-2,6,11,13,14,22,23
4959,222,-0.3477082206749732,-0x1.640d9fb165beep-2,0,1,8,11,12,16
4960,222,-0.27373969405952392,-0x1.184f37e6692a6p-2,1,3,13,16,28,29
4961,222,0.41133935503200847,0x1.a53624d5ae4b6p-2,8,10,18,21,28,29
4962,222,-0.41014272467896484,-0x1.a3fc7454c1028p-2,1,5,15,17,24,27
4963,222,0.33491305389878434,0x1.56f37295febc0p-2,14,16,18,19,27,29
4964,222,-0.20294950917873433,-0x1.9fa3fe054b9a8p-3,6,7,20,22,27,29
4965,222,0.35271357471058051,0x1.692dbf50f2e38p-2,2,4,7,11,12,15
4966,222,0.32173101319632025,0x1.4973dacf26080p-2,1,4,13,14,26,27
4967,222,-0.01779769476061599,-0x1.2398f13c39f00p-6,7,11,19,23,24,27
4968,222,0.2714364605101921,0x1.15f370835544ep-2,1,4,12,13,20,22
4969,222,0.047093046851939047,0x1.81c94703236c0p-5,3,4,13,14,18,23
4970,222,-0.26165301470948765,-0x1.0beec4944ee7ep-2,13,14,22,23,24,25
4971,222,0.18827145765720399,0x1.8194774b43760p-3,4,5,6,8,18,21
4972,222,0.23734302468645663,0x1.e6141987b2484p-3,0,5,9,10,12,14
4973,222,0.34924157507804499,0x1.659f955d74762p-2,0,5,7,10,19,22
4974,222,0.2368469728369027,0x1.e5100693edc48p-3,14,17,19,21,24,28
4975,222,-0.21006861715442493,-0x1.ae387484c0ebcp-3,0,3,7,8,18,22
4976,222,-0.36315084963771982,-0x1.73ddd0fad5a08p-2,7,8,12,17,26,29
4977,222,-0.079236607178217677,-0x1.448d9ac79f838p-4,2,4,13,16,25,29
4978,222,-0.37926186937439932,-0x1.845d393654dbap-2,0,2,14,17,25,29
4979,222,-0.17426603338560864,-0x1.64e597118f04cp-3,13,17,20,21,25,28
4980,222,0.16199745746063388,0x1.4bc552aea0eb4p-3,0,1,12,14,26,27
4981,222,-0.37459305050396463,-0x1.7f955214e4c42p-2,12,14,19,23,26,28
4982,222,0.33088463558211356,0x1.52d36c024bd54p-2,13,17,20,22,24,25
4983,222,-0.12737963360843052,-0x1.04df9d0432870p-3,2,3,6,11,24,29
4984,222,-0.37686032178239248,-0x1.81e7ac14dc950p-2,1,4,19,20,24,29
4985,222,0.15287919101228598,0x1.3918b9ad17f90p-3,8,10,13,15,25,27
4986,222,-0.37193252003535426,-0x1.7cdbe0e77b9bcp-2,6,8,16,17,18,19
4987,222,-0.37994019151782965,-0x1.850f0aa4052d2p-2,3,4,7,8,19,22
4988,222,0.28992667033652975,0x1.28e2897d55930p-2,6,11,13,16,24,26
4989,222,-0.090292180243582543,-0x1.71d63693b10c0p-4,1,5,8,10,18,19
4990,222,-0.017005770463456082,-0x1.169f5efef7040p-6,6,7,14,16,24,25
4991,222,0.34511087174845045,0x1.6164be8e9d552p-2,0,4,13,15,26,29
4992,222,0.49878072954044594,0x1.fec0602501442p-2,0,2,14,15,18,22
4993,222,0.10702751389378184,0x1.b6627b7f22ba8p-4,2,5,14,16,25,28
4994,222,0.048928545761458886,0x1.90d298fc5c9d0p-5,3,5,15,16,25,26
4995,222,0.18532130695120064,0x1.7b89bcc4dbec4p-3,9,11,20,21,28,29
4996,222,0.038943842008160257,0x1.3f0727f9c7cc0p-5,8,11,15,16,26,29
4997,222,0.41174260456105183,0x1.a59fda73d69bap-2,2,5,12,13,20,21
4998,222,0.090719766926440126,0x1.73969200cbfe0p-4,9,11,12,14,24,27
4999,222,0.040153279135154984,0x1.48ef8796ce070p-5,3,4,7,11,14,15
5000,222,-0.30626137505931039,-0x1.399c94f7a1838p-2,2,3,13,14,18,22
5001,222,-0.046499909282323615,-0x1.7ced60b44e350p-5,0,1,8,9,18,23
5002,222,0.060783722680556873,0x1.f1f0b4a159170p-5,2,4,12,17,25,29
5003,222,-0.47294113184340381,-0x1.e44aae18cd758p-2,9,11,12,16,24,26
5004,222,0.19838884239665511,0x1.964ce3afe1240p-3,1,5,8,9,24,28
5005,222,0.45748794769362922,0x1.d477b876a2186p-2,1,5,14,16,21,23
5006,222,-0.39066676100798492,-0x1.900af288a777ep-2,2,4,22,23,24,27
5007,222,-0.36647516162581117,-0x1.774543c7eaac6p-2,3,5,14,17,24,26
5008,222,0.27393717757619584,0x1.1882fccb64aa4p-2,2,5,6,9,25,27
5009,222,-0.18647443177802359,-0x1.7de64e9036e00p-3,13,16,20,23,24,25
5010,222,0.30956055158223605,0x1.3cfd70f4b5aeep-2,8,10,12,17,21,22
5011,222,0.32946146516749486,0x1.515e58a8bf1cep-2,1,3,6,11,24,26
5012,222,-0.2110929401870465,-0x1.b0517ed428a68p-3,0,1,8,11,18,23
5013,222,-0.27345033246794936,-0x1.18035d2c1ee4cp-2,8,9,13,16,24,26
5014,222,0.43022691716788841,0x1.b88d67ac6142ep-2,3,5,6,10,25,28
5015,222,-0.007570741845010831,-0x1.f027f8a17ad00p-8,1,4,13,14,18,23
5016,222,-0.42520313953503996,-0x1.b36873a9d68ccp-2,0,5,15,17,19,20
5017,222,0.037013487199669792,0x1.2f36e8a112670p-5,6,9,13,16,25,27
5018,222,-0.21569189545399037,-0x1.b9bcac27e5a98p-3,9,11,13,14,26,28
5019,222,-0.35043271910151108,-0x1.66d7d5aff516cp-2,7,8,15,17,24,25
5020,222,0.25855142583039825,0x1.08c1b4791a590p-2,4,5,20,23,24,25
5021,222,0.2049163193455108,0x1.a3ab2ad00b980p-3,7,9,19,21,24,26
5022,222,-0.38633019487833697,-0x1.8b9a2481d6cc6p-2,0,5,7,8,15,17
5023,222,0.051395366618487759,0x1.a507e5595acf0p-5,1,4,12,15,24,29
5024,222,0.064270758601218447,0x1.0740c66480628p-4,0,5,7,8,12,15
5025,222,0.33477975827949435,0x1.56d08144b15eep-2,1,3,16,17,19,21
5026,222,-0.32120618585192517,-0x1.48ea463e07152p-2,3,4,12,17,21,22
5027,222,0.26453579400925387,0x1.0ee2789f90868p-2,1,5,6,9,26,27
5028,222,0.028950466794003926,0x1.da530f0563380p-6,1,5,9,10,26,27
5029,222,0.18567104786627131,0x1.7c411a33328e8p-3,6,10,18,21,25,29
5030,222,-0.42298263043942552,-0x1.b1225bd20db54p-2,8,9,16,17,26,28
5031,222,-0.41013827296240557,-0x1.a3fb4994d8872p-2,7,10,14,15,26,29
5032,222,0.15073382308127214,0x1.34b3ef4447e9cp-3,4,5,21,23,25,26
5033,222,-0.4708704738201811,-0x1.e22bde96d6bc2p-2,0,2,12,17,28,29
5034,222,0.31895084341485513,0x1.469b0cc5fe61cp-2,7,9,19,21,28,29
5035,222,0.0077496936183364395,0x1.fbe248a50ff80p-8,2,4,6,7,18,22
5036,222,-0.094475163862758116,-0x1.82f863b132540p-4,7,9,14,17,26,29
5037,222,0.14133850024613104,0x1.21761461c8564p-3,1,3,6,11,18,21
5038,222,0.29724852488032427,0x1.3061ead494b88p-2,7,9,20,23,27,28
5039,222,0.46297127388403259,0x1.da152441470b4p-2,0,1,8,11,13,15
5040,222,-0.12157086576918941,-0x1.f1f44aca004e0p-4,3,4,13,15,26,29
5041,222,-0.33473712682281687,-0x1.56c55451d8112p-2,7,9,14,16,18,21
5042,222,-0.31825483668137355,-0x1.45e4988d5c7d0p-2,1,2,12,15,24,27
5043,222,-0.12646045284025242,-0x1.02fdb2a97d688p-3,13,17,18,22,27,29
5044,222,-0.31741183028208519,-0x1.45079b59b3428p-2,0,1,13,17,28,29
5045,222,-0.31175763755115282,-0x1.3f3d64e63ddf8p-2,2,4,14,15,22,23
5046,222,-0.22132405801318544,-0x1.c5458c37e08a0p-3,0,2,14,15,18,23
5047,222,-0.23304654454344709,-0x1.dd4781ba144d0p-3,0,1,8,9,12,17
5048,222,-0.054399175611032358,-0x1.bda35705b8470p-5,6,11,13,16,24,28
5049,222,-0.15922293943110988,-0x1.4616ad2d096ecp-3,3,4,13,17,24,25
5050,222,-0.3157700708430663,-0x1.43593abd4e692p-2,1,3,21,23,24,26
5051,222,0.26744739961699004,0x1.11ddbb2b05572p-2,4,5,8,9,13,17
5052,222,0.030715635519939721,0x1.f73eb6822d020p-6,7,10,18,21,26,29
5053,222,0.055519920087353292,0x1.c6d1b621a7a80p-5,0,4,12,15,20,23
5054,222,-0.17195340573883777,-0x1.60291b70ac4acp-3,0,5,13,17,25,26
5055,222,0.23094885581905256,0x1.d8fbb6b654e3cp-3,0,4,14,15,19,23
5056,222,0.19993456219389816,0x1.99774aafb3f58p-3,12,17,19,22,26,29
5057,222,0.41551748455430726,0x1.a97d6a5c4ec80p-2,8,9,12,16,24,25
5058,222,-0.44045020518357858,-0x1.c30560eb1eadcp-2,2,5,13,14,25,28
5059,222,-0.036132117148512943,-0x1.27fe8aaf9e8c0p-5,0,2,12,16,27,29
5060,222,-0.095913350522609297,-0x1.88dc6ffbe9070p-4,6,7,19,22,26,27
5061,222,-0.11825825400731316,-0x1.e462c45718750p-4,0,2,7,9,22,23
5062,222,-0.44669637327015188,-0x1.c96ac629bf9a0p-2,3,4,7,11,20,21
5063,222,0.011709215298181586,0x1.7fb004623ddc0p-7,1,3,13,14,22,23
5064,222,0.36346662253482054,0x1.74309823e605ap-2,3,4,7,8,21,22
5065,222,0.48433381741551762,0x1.eff5344895ffcp-2,2,3,6,7,22,23
5066,222,-0.0099300669796822394,-0x1.4563707660a80p-7,1,5,6,10,13,14
5067,222,0.20798476010352374,0x1.a9f3e9f5b035cp-3,8,10,18,19,28,29
5068,222,-0.45002745590633497,-0x1.ccd3ff55adddap-2,1,4,12,17,26,27
5069,222,-0.0081435372249875071,-0x1.0ad8f1070cdc0p-7,1,2,18,19,27,28
5070,222,0.24892125565063905,0x1.fdca6d6263d70p-3,7,10,21,23,25,26
5071,222,-0.063988314325397644,-0x1.06189c55a8f70p-4,7,11,14,15,28,29
5072,222,0.29698146033816153,0x1.301be86eaed28p-2,1,4,6,9,14,16
5073,222,-0.14637897317385828,-0x1.2bc8bd34d48c0p-3,6,11,20,22,27,29
5074,222,0.014233399266075808,0x1.d266682dea140p-7,7,11,20,23,24,25
5075,222,-0.22161972517156503,-0x1.c5e08ffe15420p-3,6,11,13,15,18,22
5076,222,0.2679565214465216,0x1.126331c173704p-2,2,3,15,16,24,29
5077,222,-0.26414026630802867,-0x1.0e7ac935661b6p-2,4,5,13,15,25,27
5078,222,0.087342440313767145,0x1.65c12fcb35178p-4,6,11,20,21,24,25
5079,222,-0.33026588818927638,-0x1.523138930782cp-2,4,5,14,17,18,21
5080,222,-0.1209397552928505,-0x1.ef5e865c4df88p-4,1,3,12,17,24,29
5081,222,-0.40884695945330651,-0x1.a2a8c6ffaf17ep-2,14,15,19,22,24,26
5082,222,-0.29467687245504059,-0x1.2dbfc62853ee0p-2,2,3,15,16,19,23
5083,222,-0.095266207367332933,-0x1.8635dbd0e8090p-4,7,10,18,21,25,28
5084,222,0.22125964914714735,0x1.c523c7681769cp-3,2,3,12,13,20,22
5085,222,0.081416703304328597,0x1.4d7b99e0a4c48p-4,3,5,7,10,26,28
5086,222,0.22183443228759447,0x1.c651217e6a620p-3,2,3,10,11,18,23
5087,222,0.34418109176646894,0x1.60710214277c0p-2,7,10,14,15,18,22
5088,222,0.12833895953772134,0x1.06d69390232f8p-3,2,3,15,16,18,23
5089,222,0.13498240423108021,0x1.1471a79da9dd4p-3,6,9,20,21,25,28
5090,222,0.070171606622631333,0x1.1f6c4338d4e78p-4,3,4,6,7,19,22
5091,222,-0.17456894796227918,-0x1.6584679329320p-3,0,3,8,10,18,21
5092,222,0.11158961702610959,0x1.c91231bb34738p-4,0,4,15,16,19,23
5093,222,-0.20447844486597233,-0x1.a2c5984b7d85cp-3,6,11,20,23,27,28
5094,222,0.058684973757633929,0x1.e0bf4f61c7ef0p-5,2,5,12,16,20,23
5095,222,-0.49872608594557655,-0x1.feb20d13317f2p-2,2,5,12,14,21,22
5096,222,-0.19726464070347438,-0x1.93ff7be3d4330p-3,9,10,18,22,25,26
5097,222,0.036784694972638698,0x1.2d5718bcd3820p-5,6,9,18,22,26,29
5098,222,-0.082016732302511941,-0x1.4ff0c6ef6cda8p-4,7,10,18,20,27,28
5099,222,0.41673190811432936,0x1.aabbc4f233f06p-2,9,11,13,14,27,29
5100,222,-0.050499343887972614,-0x1.9db0cccefc500p-5,0,1,19,22,26,27
5101,222,0.24153609155482325,0x1.eeaa797040c60p-3,2,5,19,20,24,27
5102,222,-0.14933689807119122,-0x1.31d78b2a6a314p-3,7,10,12,15,26,27
5103,222,0.26996263517258967,0x1.147115c4d5400p-2,6,9,16,17,24,29
5104,222,-0.017650320480340209,-0x1.212ecf4e86d80p-6,2,3,10,11,12,14
5105,222,-0.010262864242110314,-0x1.504b25243e500p-7,7,11,14,16,26,27
5106,222,0.0065513081139134677,0x1.ad58b61864200p-8,8,11,15,16,18,19
5107,222,-0.10365925042200874,-0x1.a8969a27d8af8p-4,8,9,18,22,25,27
5108,222,0.11880101550845801,0x1.e69be4c572580p-4,8,10,19,23,26,28
5109,222,-0.23410943474618429,-0x1.df74c46f5bf88p-3,0,3,8,10,12,15
5110,222,0.14468615954270858,0x1.2851379b5bb14p-3,7,10,12,17,21,22
5111,222,0.43975877328247925,0x1.c2501fb582620p-2,1,4,15,17,26,29
5112,222,-0.098726052762611927,-0x1.9461c4fe0eb30p-4,7,8,20,23,24,27
5113,222,-0.42145212249458253,-0x1.af91252bc6acap-2,0,5,8,9,20,22
5114,222,-0.30099513118756238,-0x1.34381152d2bfep-2,8,10,21,23,25,28
5115,222,0.46187244677926143,0x1.d8f517375c994p-2,0,4,7,8,26,29
5116,222,-0.19351859683140349,-0x1.8c537a6478310p-3,3,4,8,11,20,23
5117,222,0.046149951352542296,0x1.7a0f7678ad580p-5,3,4,12,16,26,29
5118,222,-0.28217603591066254,-0x1.20f2c137ce0bep-2,1,5,13,17,20,21
5119,222,-0.17884810774026338,-0x1.6e47eaad913c4p-3,2,3,6,10,25,29
5120,222,0.23210727686492161,0x1.db5b0f5a633ccp-3,14,17,18,22,27,29
5121,222,0.22291446781855528,0x1.c8876168b0010p-3,0,4,13,17,27,29
5122,222,0.24227974390781626,0x1.f0305cc489e24p-3,0,4,7,8,12,16
5123,222,0.061957328204857665,0x1.fb8def4c65990p-5,0,1,8,11,19,22
5124,222,0.18544826154175242,0x1.7bcc4c5360034p-3,7,11,12,14,28,29
5125,222,-0.17822944924567818,-0x1.6d038fbd8de28p-3,6,9,19,21,24,28
5126,222,0.24314105060017466,0x1.f1f3ef652484cp-3,10,11,21,22,24,25
5127,222,0.42105907935162068,0x1.af2a1c7dff0ecp-2,6,8,13,15,24,26
5128,222,-0.28913198380610361,-0x1.281236fab3032p-2,0,3,7,8,12,15
5129,222,0.13681032656034364,0x1.18300332a76fcp-3,0,4,18,23,25,27
5130,222,0.4308770680432783,0x1.b937d68f5e760p-2,4,5,14,15,18,19
5131,222,0.45605297444240078,0x1.d2ff8d09e500ap-2,3,4,12,15,26,29
5132,222,-0.43200076032437762,-0x1.ba5e6845c2e78p-2,1,2,12,16,27,28
5133,222,0.31463943141355544,0x1.4230d6cfd0224p-2,2,3,14,17,24,29
5134,222,-0.45764206852770106,-0x1.d4a01f5666ac6p-2,0,1,18,22,26,29
5135,222,-0.19655725752852615,-0x1.928c9c8703028p-3,0,1,12,16,27,29
5136,222,-0.45666824322358945,-0x1.d3a0d70711802p-2,0,5,18,23,25,26
5137,222,-0.47417179270248055,-0x1.e58d4a595f12ep-2,9,10,18,21,26,29
5138,222,0.15160801665493906,0x1.367e438ac14dcp-3,7,11,12,14,25,28
5139,222,-0.30415477404710656,-0x1.3774595dd180ap-2,1,3,6,11,20,22
5140,222,-0.47398509571570324,-0x1.e55c59538fbe8p-2,6,7,19,22,27,29
5141,222,0.17474766401709074,0x1.65e21a700be14p-3,1,3,6,11,20,23
5142,222,0.14744716492370435,0x1.2df8c779e1bf8p-3,7,9,18,20,25,27
5143,222,0.020720808900701493,0x1.537d5f24cfba0p-6,0,5,7,9,19,20
5144,222,-0.41970693286895633,-0x1.adc7a77a4e796p-2,2,3,13,16,25,28
5145,222,0.27895062372066681,0x1.1da53b7850f6ap-2,2,5,15,17,18,22
5146,222,-0.32357455274610969,-0x1.4b5720a77310ap-2,3,4,12,13,24,29
5147,222,0.23044388028757534,0x1.d7f2f60b3013cp-3,7,10,22,23,25,27
5148,222,0.3822307926469164,0x1.87678247c5498p-2,3,4,6,11,19,21
5149,222,-0.20773579131517672,-0x1.a97161ef42488p-3,0,4,18,22,27,29
5150,222,-0.47535897212784872,-0x1.e6c4809c98de6p-2,15,17,19,20,24,27
5151,222,-0.45969721224444615,-0x1.d6baddb29bebep-2,15,17,18,19,27,29
5152,222,0.34652024941962944,0x1.62d6344aa2e3ap-2,12,14,19,22,26,27
5153,222,0.23719234209866102,0x1.e5c5194167348p-3,7,11,19,20,24,28
5154,222,0.40538875890232329,0x1.9f1e3b169b24cp-2,8,9,19,23,24,26
5155,222,0.35704873668014225,0x1.6d9e2f1c7a30cp-2,6,7,18,20,25,28
5156,222,0.033151885981889562,0x1.0f948b42f9560p-5,8,9,16,17,20,21
5157,222,0.32198561736301123,0x1.49b699016d0f2p-2,2,3,6,10,24,25
5158,222,0.37366748415823203,0x1.7ea2b060271f2p-2,2,4,7,11,25,29
5159,222,-0.044649083937520095,-0x1.6dc3ea69db330p-5,0,2,9,10,18,21
5160,222,0.2583178363976304,0x1.0884788d34884p-2,3,5,12,17,24,28
5161,222,0.46868962928128233,0x1.dff02c96f32bcp-2,3,5,8,10,15,17
5162,222,-0.34966842440322066,-0x1.660f7abd05d14p-2,2,4,16,17,24,27
5163,222,-0.23882711453686167,-0x1.e91e30b2abc28p-3,1,5,9,10,20,23
5164,222,-0.061751947911757643,-0x1.f9df3897d9740p-5,6,9,20,22,24,29
5165,222,0.41591484413353574,0x1.a9e594b5e5dc6p-2,2,4,15,17,19,20
5166,222,0.13866895595743645,0x1.1bfe783676134p-3,9,11,13,16,27,28
5167,222,-0.44977201936071665,-0x1.cc9109473d99cp-2,2,3,13,15,24,29
5168,222,0.011409157608557319,0x1.75daf366de700p-7,1,3,13,15,26,29
5169,222,-0.3453018945038806,-0x1.6196d1e09064cp-2,8,9,22,23,24,25
5170,222,0.4840693168260487,0x1.efafddf30f4cep-2,7,9,12,14,27,28
5171,222,-0.18395305585099631,-0x1.78bc613708c98p-3,2,5,6,7,18,23
5172,222,0.014217988567306272,0x1.d1e521f4ab740p-7,7,9,18,20,25,28
5173,222,0.39202937428418894,0x1.917025f67cdc8p-2,3,4,6,7,19,20
5174,222,-0.035335387913568495,-0x1.2177adef5e360p-5,6,8,16,17,19,21
5175,222,-0.4919144783730971,-0x1.f7b86dd42a580p-2,3,4,13,17,25,29
5176,222,0.29583837531874213,0x1.2ef0414b95450p-2,2,5,6,9,20,21
5177,222,-0.32570625035039513,-0x1.4d85f0756e524p-2,0,3,14,17,18,22
5178,222,-0.21999028149720734,-0x1.c28a43c3bf28cp-3,6,9,14,16,19,21
5179,222,0.21883385703281044,0x1.c02bf719b52acp-3,0,1,9,11,22,23
5180,222,-0.031486102559825091,-0x1.01ef2498bc030p-5,7,10,20,22,25,29
5181,222,0.35310059184440634,0x1.69933398ae0c8p-2,1,2,10,11,12,13
5182,222,-0.4455831408616151,-0x1.c846f26699304p-2,4,5,6,9,18,23
5183,222,0.04282985843863496,0x1.5edcb92928ef0p-5,1,2,12,15,24,29
5184,222,-0.3236148431583924,-0x1.4b61b07f763c6p-2,0,5,9,10,20,21
5185,222,0.22021855758642106,0x1.c301f27672a10p-3,2,4,12,16,25,27
5186,222,0.10735614107896974,0x1.b7bb12af57ce8p-4,0,2,7,9,20,23
5187,222,0.18614511452907467,0x1.7d39a659b34d8p-3,1,3,6,8,24,29
5188,222,0.44704040931351463,0x1.c9c4f607f7ceap-2,0,4,14,17,25,29
5189,222,-0.41207568900919511,-0x1.a5f72b5f15aaep-2,3,5,6,7,19,22
5190,222,-0.28145174798751083,-0x1.2034e31408982p-2,0,3,21,22,25,29
5191,222,0.31059976542271595,0x1.3e0ddd6a8b18cp-2,6,9,16,17,24,28
5192,222,0.12702523275533795,0x1.0425ce239b934p-3,0,4,12,17,20,21
5193,222,0.15755759183396878,0x1.42ad8e014eab4p-3,3,5,13,15,18,23
5194,222,0.42371455329049923,0x1.b1e23a54e3452p-2,2,4,22,23,25,27
5195,222,0.37840242180077499,0x1.837beca97233ep-2,7,9,18,23,26,27
5196,222,-0.30420727054925145,-0x1.37821c58db9b2p-2,9,11,12,13,27,29
5197,222,0.45072571655368809,0x1.cd8b0ad041cc6p-2,0,2,7,10,21,23
5198,222,0.2290609616628323,0x1.d51de9d90eb18p-3,2,3,12,16,24,28
5199,222,-0.41477082143017274,-0x1.a8b9aea582b62p-2,4,5,6,8,15,17
5200,222,-0.47969990934261619,-0x1.eb3673fa1532cp-2,0,2,12,16,25,27
5201,222,-0.1031226411770908,-0x1.a663ed3552ef8p-4,2,4,12,13,20,23
5202,222,0.43326897353942129,0x1.bbaadc9ee4a9cp-2,1,2,14,15,24,27
5203,222,-0.39042722199677971,-0x1.8fcc2757c6f6cp-2,2,3,6,7,18,21
5204,222,-0.31250774642067514,-0x1.400207da7e6c8p-2,2,4,12,14,25,27
5205,222,-0.19992962710030271,-0x1.9974b44f2d9ecp-3,2,3,12,16,24,25
5206,222,-0.38489343789967978,-0x1.8a218160e582cp-2,10,11,20,23,25,27
5207,222,0.47352200585490323,0x1.e4e2f3e455200p-2,14,17,21,22,25,26
5208,222,0.44480937815327659,0x1.c77c1c107d5bap-2,0,2,13,14,21,22
5209,222,0.16489173381565703,0x1.51b2c1e0f3ae0p-3,4,5,6,8,13,17
5210,222,0.22534387724765448,0x1.cd8117390f63cp-3,0,1,12,14,27,29
5211,222,0.43215176895264673,0x1.ba85fe4a3d9c2p-2,0,2,15,16,25,28
5212,222,0.1570252812754237,0x1.4196787dc900cp-3,1,3,6,10,19,20
5213,222,0.23354750145142678,0x1.de4e27065f020p-3,3,4,7,8,18,23
5214,222,-0.45603121830609461,-0x1.d2f9d90251a04p-2,1,5,6,9,22,23
5215,222,-0.15273007463818233,-0x1.38ca8b9d7e390p-3,3,4,7,8,12,17
5216,222,-0.16071864717684159,-0x1.4926dbabdaed0p-3,7,11,21,22,25,29
5217,222,0.43468660384090685,0x1.bd1e7c2e0625ap-2,7,9,20,22,24,27
5218,222,0.35644625356363313,0x1.6d003f2759a0ep-2,10,11,12,14,25,26
5219,222,-0.042813816656172121,-0x1.5ebb14cb5dcb0p-5,0,4,8,9,20,22
5220,222,0.35512028523001549,0x1.6ba4a6ecd6208p-2,1,4,8,9,13,16
5221,222,0.054317461734734729,0x1.bcf7f93813cd0p-5,6,10,13,17,21,22
5222,222,0.4527812658346968,0x1.cfa5e464018a8p-2,10,11,13,15,25,29
5223,222,0.19963166311639902,0x1.98d87c42a5ef8p-3,4,5,7,9,24,26
5224,222,-0.0026523033094212334,-0x1.5ba487f231e00p-9,9,10,13,17,26,29
5225,222,-0.39391763820265713,-0x1.935f253597862p-2,8,11,18,19,26,28
5226,222,0.41141193152444944,0x1.a5492b5c53a9ap-2,3,5,6,8,18,21
5227,222,0.37395526978596816,0x1.7eee21579721ep-2,0,3,12,16,20,23
5228,222,0.020388863826721115,0x1.4e0d17d5a7c40p-6,6,11,13,15,26,28
5229,222,0.48927061928268667,0x1.f5035b72d9e9ep-2,9,11,14,16,19,21
5230,222,0.46649134749496446,0x1.ddafe8656e6eap-2,7,9,12,17,24,28
5231,222,-0.053691396355472043,-0x1.b7d704ed8be30p-5,10,11,13,15,25,27
5232,222,0.47158032953230511,0x1.e2e5f4331cd44p-2,2,5,6,7,16,17
5233,222,0.21393918125245814,0x1.b625bed67fa3cp-3,2,3,7,11,20,23
5234,222,0.15246350480667015,0x1.383ec937d353cp-3,6,11,19,22,26,27
5235,222,-0.17087391057948687,-0x1.5df3240d6d9e4p-3,0,2,12,14,22,23
5236,222,-0.31831450743868395,-0x1.45f43cfd2a7e0p-2,12,17,19,21,28,29
5237,222,-0.0070653103157205521,-0x1.cf083cbdfb000p-8,4,5,12,13,24,26
5238,222,-0.42029533721896151,-0x1.ae61e6a011220p-2,15,17,18,22,27,29
5239,222,-0.44574406204825612,-0x1.c87121a388a86p-2,2,3,6,10,21,23
5240,222,0.33611190944527358,0x1.582db86b744a0p-2,14,15,19,23,24,27
5241,222,0.10659558199739949,0x1.b49d91a93b0d8p-4,1,3,12,17,19,21
5242,222,0.12591135279900134,0x1.01ddcfb3bc10cp-3,1,5,18,23,27,28
5243,222,0.37652241783625739,0x1.818f17bb4531cp-2,2,5,7,10,19,21
5244,222,-0.32277996048045943,-0x1.4a86d478455f2p-2,0,4,13,16,18,21
5245,222,-0.452409335182134,-0x1.cf44648c0caa2p-2,0,2,7,10,14,15
5246,222,0.44619639979384251,0x1.c8e7b582d4798p-2,0,1,9,10,27,28
5247,222,0.19609739518351743,0x1.919b82d926e70p-3,6,9,21,22,24,26
5248,222,0.27698064761667285,0x1.1ba0d09c8dd5ap-2,2,5,6,10,19,20
5249,222,-0.017197011188811784,-0x1.19c17e2945ec0p-6,6,9,16,17,24,27
5250,222,-0.32789932252125165,-0x1.4fc4d70a6ff4cp-2,2,5,9,10,18,21
5251,222,-0.15584235756646136,-0x1.3f2a4728a2cb8p-3,6,8,19,21,24,29
5252,222,-0.49304840396271787,-0x1.f8e1ae4975a08p-2,6,7,16,17,24,26
5253,222,0.20429839181770748,0x1.a26731fbdc0d8p-3,0,1,10,11,19,23
5254,222,-0.22877498891043802,-0x1.d487fb3c1ad10p-3,9,10,22,23,25,27
5255,222,0.21581656129624383,0x1.b9fe08859ed0cp-3,1,5,14,15,24,28
5256,222,0.15837960780131088,0x1.445c871ee1268p-3,8,11,21,22,24,26
5257,222,-0.3715756663620019,-0x1.7c7e54dc0e8bep-2,8,10,22,23,24,26
5258,222,-0.14013322982956755,-0x1.1efe2bb99b544p-3,1,5,14,16,26,28
5259,222,0.12501814053511207,0x1.000982c80a518p-3,2,5,15,17,24,27
5260,222,-0.11907106998543093,-0x1.e7b710f7cb610p-4,0,4,7,11,19,22
5261,222,0.28905891050617705,0x1.27ff0f1cf7372p-2,7,11,19,23,27,28
5262,222,-0.014873565064319805,-0x1.e76081c359ec0p-7,6,8,13,16,28,29
5263,222,-0.13683133761411403,-0x1.183b0740f6e54p-3,0,1,12,16,26,27
5264,222,0.46500020706977185,0x1.dc2903a7fdd90p-2,1,4,19,23,26,27
5265,222,0.44528414200696664,0x1.c7f890ed63ad8p-2,4,5,13,14,26,27
5266,222,-0.050812981782289324,-0x1.a0428bdef31c0p-5,0,2,10,11,18,22
5267,222,-0.04356808707607096,-0x1.64e8e6a4831d0p-5,16,17,20,21,25,28
5268,222,0.47087070116923391,0x1.e22bedd8aa718p-2,9,10,13,17,24,26
5269,222,-0.44197467084288944,-0x1.c4950213b8e8ap-2,0,1,10,11,13,14
5270,222,0.37411009342181578,0x1.7f16b761669bcp-2,2,4,18,22,25,27
5271,222,-0.31990329364718939,-0x1.4794baa063b32p-2,10,11,18,20,25,28
5272,222,0.28664265576622738,0x1.2585a7009e3dcp-2,1,2,20,23,24,28
5273,222,-0.41156134485886975,-0x1.a5705651ddd28p-2,0,1,9,10,18,22
5274,222,0.037127562608645137,0x1.30262465e5fa0p-5,6,9,16,17,25,27
5275,222,0.35718975038190515,0x1.6dc326616d3f2p-2,10,11,19,22,26,27
5276,222,0.27575934248273959,0x1.1a60a8361e8bcp-2,12,15,20,22,24,25
5277,222,0.35062965000358448,0x1.670b757f17e1ap-2,1,3,15,16,24,26
5278,222,-0.46707295547695649,-0x1.de485f727a766p-2,10,11,12,14,25,28
5279,222,-0.35781836618021201,-0x1.6e67f0129bd0ap-2,3,5,8,10,21,22
5280,222,-0.27415198285190645,-0x1.18bb4c21ee122p-2,6,11,13,15,27,29
5281,222,0.37894621965812492,0x1.840a7a517f776p-2,1,3,14,15,26,28
5282,222,0.34317892672313732,0x1.5f6a4bebcf1c0p-2,0,1,13,15,20,23
5283,222,-0.20774896250582875,-0x1.a97849bdec78cp-3,7,9,14,16,26,27
5284,222,-0.31836056312888839,-0x1.46004fbbe61ccp-2,8,9,12,17,27,29
5285,222,-0.027031963059375608,-0x1.bae4455259440p-6,3,4,16,17,18,19
5286,222,0.45663703207481221,0x1.d398a87b9d836p-2,2,4,7,11,27,29
5287,222,-0.41713114832103393,-0x1.ab246d80ba20ep-2,2,3,7,10,20,21
5288,222,-0.060061207018327289,-0x1.ec057afcdd320p-5,1,3,6,8,28,29
5289,222,0.15225550146239819,0x1.37d1bb7b562e4p-3,1,4,12,13,27,29
5290,222,-0.041488714970645768,-0x1.53e0243e76b20p-5,9,11,13,16,20,23
5291,222,-0.090120796975202144,-0x1.7122813b2acc8p-4,0,4,18,20,25,27
5292,222,-0.061176420479396976,-0x1.f52840a7d9f20p-5,12,14,19,21,24,28
5293,222,-0.20511348155975684,-0x1.a412897a24910p-3,6,8,20,23,25,27
5294,222,-0.20585107354383081,-0x1.a5953f65bcea8p-3,1,5,9,10,12,13
5295,222,0.12405885789549287,0x1.fc2524170b470p-4,0,4,7,8,19,21
5296,222,0.12724682504532581,0x1.0499fbc0b7500p-3,1,3,10,11,18,23
5297,222,-0.31329033239215276,-0x1.40cf2e4f1beb8p-2,1,3,12,13,24,26
5298,222,0.16099329675703822,0x1.49b6da8392d88p-3,4,5,19,22,24,27
5299,222,0.075327249257466145,0x1.348a5880ef710p-4,3,5,14,17,18,21
5300,222,-0.45624208825746126,-0x1.d33120407f87ep-2,3,4,13,17,21,22
5301,222,0.25800214814850853,0x1.0831b71261e2ap-2,0,3,7,10,19,20
5302,222,-0.17586376278196603,-0x1.682b42ad99b1cp-3,1,3,13,16,21,23
5303,222,0.23478612726572257,0x1.e0d78c9149430p-3,2,3,10,11,19,21
5304,222,-0.16576679321084165,-0x1.537d8a5cd3ae4p-3,2,4,12,13,27,29
5305,222,-0.39891391831401979,-0x1.987ce3e44fcd0p-2,0,5,9,10,18,21
5306,222,0.47016793697418224,0x1.e173b423ba448p-2,1,3,8,10,18,20
5307,222,0.15481608089425125,0x1.3d1036a2af834p-3,1,4,9,11,12,16
5308,222,-0.08791769912033609,-0x1.681c63a761f10p-4,2,3,18,20,28,29
5309,222,-0.43103015782797327,-0x1.b95ff83dd7ecap-2,0,5,13,14,18,21
5310,222,0.37091472873680487,0x1.7bd112161dfdcp-2,6,7,14,15,24,29
5311,222,-0.18463156639799405,-0x1.7a201d5be8ba8p-3,0,1,8,10,18,22
5312,222,-0.096059401402241895,-0x1.89759537ef798p-4,1,5,8,9,21,22
5313,222,0.052520085238043634,0x1.ae3e9a0f60800p-5,1,3,10,11,26,29
5314,222,-0.00042378673755461005,-0x1.bc5f62da37800p-12,6,10,18,23,25,28
5315,222,-0.37079326249855615,-0x1.7bb13aa008a50p-2,9,11,19,22,24,26
5316,222,0.44527199365298875,0x1.c7f561aa41d98p-2,1,2,6,11,20,21
5317,222,-0.27754737259338658,-0x1.1c3560e1846d0p-2,14,17,18,21,25,28
5318,222,-0.0028283367862508291,-0x1.72b73bff7fb00p-9,2,3,20,21,24,25
5319,222,0.44740582292980313,0x1.ca24c0861808ep-2,3,4,8,11,19,20
5320,222,-0.059567446351610598,-0x1.e7f9fd3f909b0p-5,2,5,6,7,21,22
5321,222,0.44037014090639082,0x1.c2f063e54fbaap-2,6,9,13,14,24,29
5322,222,0.024853585437119685,0x1.97337e2902640p-6,2,3,7,11,18,22
5323,222,0.49574349380884486,0x1.fba42eb4747f6p-2,0,5,12,13,20,22
5324,222,0.25464070517108639,0x1.04c08873c2c24p-2,9,10,12,14,24,26
5325,222,0.21565346531886509,0x1.b9a88626823e8p-3,0,2,19,20,28,29
5326,222,-0.033645660425556279,-0x1.13a01065c3430p-5,3,5,7,8,15,17
5327,222,0.34449481339575694,0x1.60c33f94b4a1ep-2,0,2,7,10,18,21
5328,222,-0.02370850145442871,-0x1.8470a99892780p-6,2,4,14,17,18,19
5329,222,-0.30008480280269667,-0x1.33496e3841bb6p-2,1,4,15,17,19,20
5330,222,-0.3594289363802452,-0x1.700e239bf4f58p-2,14,16,19,21,24,26
5331,222,0.311974014412434,0x1.3f761db469b6ep-2,0,2,12,15,19,23
5332,222,-0.04530575316281682,-0x1.73250d04f5530p-5,1,3,6,11,14,16
5333,222,0.016073329374312051,0x1.07586e00084c0p-6,12,14,21,22,24,29
5334,222,-0.47459228038811285,-0x1.e5fb84cccdd4cp-2,1,3,8,11,12,15
5335,222,0.19908788450112391,0x1.97bb6387b27d0p-3,0,4,13,15,27,29
5336,222,0.33690400588820946,0x1.58fd5d1cb999ep-2,6,9,13,16,24,27
5337,222,0.33578546279734323,0x1.57d824f4bf4c2p-2,13,14,18,23,25,28
5338,222,0.053752973269824533,0x1.b85827c8368c0p-5,7,8,15,16,25,27
5339,222,-0.38099536341420204,-0x1.8623a6072aa1cp-2,7,9,18,23,25,27
5340,222,-0.28482193579069148,-0x1.23a85c8d9e236p-2,0,4,13,14,21,22
5341,222,-0.096736725661729417,-0x1.8c3bcf10a0c68p-4,7,11,20,23,27,28
5342,222,-0.14298609918083638,-0x1.24d5e55e1d4bcp-3,14,15,18,23,26,27
5343,222,-0.14285980542662491,-0x1.2493ae81c320cp-3,2,4,12,13,24,25
5344,222,0.46977072741934445,0x1.e10b93db896fap-2,3,4,18,22,26,29
5345,222,0.23146355298835219,0x1.da09903268510p-3,1,3,18,21,28,29
5346,222,0.12895280166241641,0x1.0818680ef0f40p-3,0,5,20,22,25,27
5347,222,0.36015824463076895,0x1.70cd52a84bb1cp-2,0,3,8,10,13,15
5348,222,0.35980100430701856,0x1.706facaa4432cp-2,1,5,8,10,27,28
5349,222,0.28066227902688112,0x1.1f65eeb690ac0p-2,2,4,12,15,19,20
5350,222,-0.042574677869047783,-0x1.5cc59222babd0p-5,1,5,18,19,26,27
5351,222,0.22100325308150737,0x1.c49d5a825b840p-3,1,3,14,17,26,28
5352,222,0.16727404144995517,0x1.5693c5cbfa7b8p-3,9,11,12,13,21,22
5353,222,0.20784607931867005,0x1.a9ab348a343e8p-3,0,1,13,17,26,27
5354,222,-0.31491646940527473,-0x1.42797684450eep-2,1,5,8,9,18,19
5355,222,-0.46495668606320739,-0x1.dc1d9b02cac46p-2,7,9,14,17,18,21
5356,222,-0.33970142966628736,-0x1.5bdab10b48db2p-2,8,11,13,16,27,28
5357,222,0.17109845967105108,0x1.5e68de857711cp-3,0,4,14,15,25,26
5358,222,0.10326269886245343,0x1.a6f6c9a82cc90p-4,6,8,18,20,25,28
5359,222,0.47624979518708666,0x1.e7ae06bc388fap-2,1,3,8,10,13,15
5360,222,-0.43595896086207642,-0x1.be6c069d33fb0p-2,0,4,7,9,18,21
5361,222,0.44816990269691759,0x1.caed0d0c89ff6p-2,0,3,7,11,14,16
5362,222,-0.16864430578093192,-0x1.59622f8fe2c48p-3,6,11,15,16,18,23
5363,222,0.29530106819839885,0x1.2e6367398b40ap-2,10,11,12,15,22,23
5364,222,0.25467821975077021,0x1.04ca5e03550d8p-2,6,8,13,17,18,21
5365,222,-0.13339771192524419,-0x1.1132d1d0a4274p-3,6,11,13,16,26,28
5366,222,0.48468019222112835,0x1.f050011a6f598p-2,9,10,20,21,24,29
5367,222,-0.030833755348997349,-0x1.f92e24b58e460p-6,2,4,6,7,14,17
5368,222,-0.33788946318047841,-0x1.59ffb20817b4ep-2,6,10,14,17,26,29
5369,222,-0.48644068404990193,-0x1.f21d81b5c0b6ep-2,9,11,12,14,24,25
5370,222,-0.13441473018342398,-0x1.134807b1e8630p-3,1,5,12,14,24,27
5371,222,-0.042654923490091146,-0x1.5d6ddbace8070p-5,6,11,21,23,25,28
5372,222,0.20213079451670968,0x1.9df6bfffb5ca0p-3,3,4,8,11,12,15
5373,222,-0.12523521355047462,-0x1.007b51d40e0f0p-3,1,4,14,16,21,23
5374,222,0.078015604386287962,0x1.3f8d4a56ab228p-4,0,3,12,14,25,28
5375,222,-0.42815880755288838,-0x1.b66f432fbc6e0p-2,0,1,8,10,19,23
5376,222,0.32288488788263148,0x1.4aa256075069ep-2,2,5,15,16,24,28
5377,222,0.021200760177306655,0x1.5b5a6ee728e60p-6,6,11,13,14,25,26
5378,222,0.38159721021399073,0x1.86c16b4874a96p-2,2,4,6,7,24,29
5379,222,-0.115861724099659,-0x1.da91d2bddbff8p-4,10,11,12,13,25,29
5380,222,0.26334386119893549,0x1.0daa035dcea26p-2,2,3,6,11,25,29
5381,222,-0.27834193321400669,-0x1.1d05aaf109ce0p-2,0,4,13,17,25,26
5382,222,-0.35437127310513883,-0x1.6ae04d928389ep-2,1,2,20,23,27,28
5383,222,-0.44477203179088187,-0x1.c77251cade868p-2,2,5,13,16,24,28
5384,222,0.21926331833491919,0x1.c10d206baff44p-3,1,4,9,11,24,26
5385,222,0.4247439333200923,0x1.b2f012db2305ap-2,2,3,14,15,28,29
5386,222,-0.36903980723280827,-0x1.79e5923bf2becp-2,8,11,15,16,24,28
5387,222,-0.016001921552991183,-0x1.062cec6f917c0p-6,1,3,18,21,26,28
5388,222,0.36294986893766945,0x1.73a92164b2f8ap-2,4,5,6,7,16,17
5389,222,0.23511308816299537,0x1.e182f8842c4c4p-3,3,4,13,15,24,26
5390,222,-0.2237677647074362,-0x1.ca46c0fa8a294p-3,6,7,14,16,25,27
5391,222,0.10489791122577785,0x1.ada96ea222848p-4,6,8,13,16,18,21
5392,222,0.046434964613503604,0x1.7c652dccfd420p-5,4,5,12,17,19,21
5393,222,-0.39219693647606602,-0x1.919c12df063d4p-2,3,4,12,13,24,26
5394,222,-0.25093227498238579,-0x1.00f463ea3dabep-2,8,10,20,21,24,29
5395,222,0.17747146294833849,0x1.6b76288ab0ed0p-3,1,4,12,16,24,26
5396,222,0.25371699889169608,0x1.03ce6392b766cp-2,6,8,13,16,21,23
5397,222,-0.39795683860300379,-0x1.9781ff5c13eb2p-2,14,15,19,22,26,29
5398,222,-0.10154509877101747,-0x1.9fedc0e4a6568p-4,8,10,12,15,20,22
5399,222,0.16747715405150398,0x1.56fe431bd3b04p-3,6,10,13,17,27,29
5400,222,-0.26962477717170497,-0x1.141884809335ep-2,1,3,10,11,20,21
5401,222,0.20145483542659526,0x1.9c945a4e39ef8p-3,12,17,19,20,27,29
5402,222,0.19731985533703611,0x1.941c6eac31320p-3,3,5,14,15,24,28
5403,222,-0.28588611913279716,-0x1.24bf54b0390fap-2,0,3,12,17,19,22
5404,222,0.44720524233884884,0x1.c9f02bc9c7cb0p-2,1,4,6,11,19,23
5405,222,0.45875708535221427,0x1.d5c46ad9958bcp-2,1,3,14,15,28,29
5406,222,-0.20590005673309686,-0x1.a5aeedcf4e398p-3,8,9,12,16,25,26
5407,222,-0.43853769747585747,-0x1.c11006b2e346cp-2,2,4,7,11,22,23
5408,222,0.42029108467352505,0x1.ae60c93de4834p-2,1,3,20,21,28,29
5409,222,0.26092251416107481,0x1.0b2f458472996p-2,14,15,18,22,25,27
5410,222,-0.3613634183149439,-0x1.7209407e88a78p-2,1,4,13,15,26,29
5411,222,0.42678281654933237,0x1.b5068dfe4bee0p-2,4,5,6,8,20,21
5412,222,-0.13171051256885213,-0x1.0dbe3dc02e51cp-3,8,9,12,17,19,20
5413,222,-0.36467865545489286,-0x1.756e524ae97d4p-2,1,4,20,22,27,29
5414,222,0.10828516760563678,0x1.bb893a5821218p-4,12,16,21,23,24,28
5415,222,-0.45292114873701961,-0x1.cfca8fc5f810ap-2,6,7,15,17,26,28
5416,222,-0.28936570250860072,-0x1.284f7b936f1c0p-2,4,5,13,14,24,25
5417,222,-0.12339982066474353,-0x1.f972172165bd0p-4,7,11,14,15,25,28
5418,222,0.12062538216207486,0x1.ee14e17742000p-4,1,4,16,17,19,20
5419,222,-0.44851181097616466,-0x1.cb46ae200ca86p-2,0,4,15,16,20,23
5420,222,-0.37141426437947678,-0x1.7c54055b1c6aap-2,0,2,13,16,25,27
5421,222,-0.0111368688130834,-0x1.6ceed3aa80240p-7,1,2,6,10,14,15
5422,222,-0.16637493887771349,-0x1.54bc624ad489cp-3,0,1,10,11,18,21
5423,222,-0.010432059856619658,-0x1.55d675f501180p-7,7,10,20,22,24,27
5424,222,0.049799598231637598,0x1.97f553b848470p-5,6,10,13,17,25,29
5425,222,0.039002516550540323,0x1.3f8234a17b0a0p-5,9,11,12,16,19,21
5426,222,0.13019040379691693,0x1.0aa144347c80cp-3,0,1,12,16,27,28
5427,222,-0.010653073244493827,-0x1.5d147497ef680p-7,8,9,21,23,25,28
5428,222,-0.056336143429630448,-0x1.cd8174b39ded0p-5,2,3,10,11,19,20
5429,222,0.18252312682604888,0x1.75ceaf63da31cp-3,7,9,12,14,27,29
5430,222,0.24548981831816352,0x1.f6c35da96b820p-3,1,3,8,10,21,22
5431,222,-0.25928320094120039,-0x1.09818911c752ep-2,13,15,20,22,24,27
5432,222,0.30579398527817125,0x1.39220ef8553fcp-2,1,3,14,15,24,26
5433,222,-0.34038463818831788,-0x1.5c8dca6451876p-2,7,10,14,17,24,29
5434,222,0.11499082723396326,0x1.d7009f24f52e0p-4,0,5,14,15,22,23
5435,222,0.28038065210684693,0x1.1f1c1b0ceb952p-2,3,4,14,17,25,29
5436,222,-0.41177466037056842,-0x1.a5a841ae73d02p-2,2,4,19,22,24,27
5437,222,0.22203899368042646,0x1.c6bc61425a7c4p-3,10,11,19,20,24,27
5438,222,0.043370458871524797,0x1.634a71cee71d0p-5,6,10,14,17,25,28
5439,222,0.25854348695921925,0x1.08bf9fb455a82p-2,4,5,12,17,26,27
5440,222,0.016427532251133137,0x1.0d26107172500p-6,8,11,13,16,26,28
5441,222,0.36959818382659448,0x1.7a77f240c8edcp-2,0,5,12,17,19,21
5442,222,0.27496622129980486,0x1.1990bebff30eap-2,3,4,6,7,18,19
5443,222,0.16983186142180184,0x1.5bd0ce9500e84p-3,1,5,12,15,26,28
5444,222,-0.41866766499936181,-0x1.acb7376442806p-2,1,3,6,10,22,23
5445,222,-0.34856014277682923,-0x1.64ecf337a98bcp-2,6,9,16,17,25,26
5446,222,-0.46120991632925534,-0x1.d847698ce6730p-2,7,11,12,15,27,29
5447,222,0.46786070367985921,0x1.df16e0558dde0p-2,9,10,19,21,28,29
5448,222,0.14862461133984284,0x1.306219a8aec48p-3,1,3,8,11,26,28
5449,222,-0.030713013016808399,-0x1.f733b69e010e0p-6,12,16,20,21,24,28
5450,222,0.20439817977154562,0x1.a29b834bd8824p-3,1,3,13,15,24,26
5451,222,0.073793247261397243,0x1.2e41d3fa74178p-4,6,10,14,17,24,25
5452,222,0.20262912693758051,0x1.9efc050b4fc04p-3,0,1,16,17,18,21
5453,222,-0.44942253980164237,-0x1.cc356c1a221cap-2,0,5,12,15,20,22
5454,222,-0.35085907631764168,-0x1.67479a0927f9ep-2,14,16,19,23,26,27
5455,222,-0.30504476388702284,-0x1.385da792d7dd4p-2,12,16,19,20,28,29
5456,222,-0.14846363943906038,-0x1.300db46049860p-3,3,5,8,10,12,17
5457,222,-0.41252905330224199,-0x1.a66e042254f62p-2,3,4,12,17,24,26
5458,222,-0.10824675593443533,-0x1.bb60f34a2f140p-4,1,5,8,10,18,22
5459,222,0.26865495263320893,0x1.131a48addf4b8p-2,2,5,12,15,24,28
5460,222,0.047939714181760906,0x1.88b8de12e3550p-5,0,4,12,17,19,21
5461,222,0.23626427806031003,0x1.e3de869bdb4dcp-3,8,11,13,15,27,28
5462,222,-0.19033151644438151,-0x1.85cc87b436b10p-3,0,5,7,10,27,28
5463,222,0.0074915218226212499,0x1.eaf6e139b5b00p-8,0,5,8,10,18,21
5464,222,-0.03149468597839955,-0x1.020124c8ccee0p-5,0,5,7,8,20,23
5465,222,-0.23127871030264635,-0x1.d9a8a708165f8p-3,0,2,7,10,19,23
5466,222,0.14203873039318182,0x1.22e533ae6ec00p-3,6,11,18,22,25,26
5467,222,-0.32578478178121195,-0x1.4d9a869d23a32p-2,2,4,7,11,18,19
5468,222,-0.027841468044004336,-0x1.c82794ae2f260p-6,6,9,13,16,18,21
5469,222,0.0098332651608717958,0x1.42376823b10c0p-7,6,9,19,20,24,29
5470,222,-0.4542313895455139,-0x1.d122088ba891cp-2,1,2,6,10,19,22
5471,222,0.1990680742951324,0x1.97b100a633cc4p-3,10,11,14,15,24,27
5472,222,0.24746723037262974,0x1.fad0196a41d40p-3,3,5,6,10,13,15
5473,222,0.074543371438451023,0x1.315463e7633c8p-4,1,4,8,9,12,16
5474,222,-0.23821185426724156,-0x1.e7db9ddcc7500p-3,1,2,14,15,22,23
5475,222,-0.11783122684008596,-0x1.e2a2ff1b9c938p-4,0,3,15,17,25,26
5476,222,-0.27068483790435427,-0x1.152e67f949ff4p-2,1,5,6,8,13,17
5477,222,-0.39067962387035726,-0x1.900e51bef272ap-2,3,4,8,11,12,13
5478,222,-0.038554654392465748,-0x1.3bd6f8772cd60p-5,0,3,14,15,25,28
5479,222,0.020823351314267602,0x1.552b7738d3520p-6,0,1,10,11,22,23
5480,222,-0.27883497683075764,-0x1.1d86ea89e0474p-2,7,11,15,16,24,27
5481,222,0.41975614081619095,0x1.add48dc46720cp-2,1,2,13,15,24,27
5482,222,-0.36845330053408765,-0x1.794bd26f96b2ap-2,4,5,13,16,18,21
5483,222,-0.24484313865135665,-0x1.f57051c942b44p-3,10,11,18,22,25,26
5484,222,-0.22165530941923395,-0x1.c5f3380785e10p-3,15,17,19,22,26,29
5485,222,0.19715510140499837,0x1.93c60dc631378p-3,2,3,7,11,15,16
5486,222,0.4214582137234264,0x1.af92bdf24a708p-2,1,3,13,17,24,29
5487,222,-0.085011638989088256,-0x1.5c352a13ccc50p-4,1,5,14,16,19,21
5488,222,-0.36703000394994267,-0x1.77d6b69e76886p-2,0,3,13,14,25,26
5489,222,0.28313497991096492,0x1.21ee22dc48ebap-2,1,5,18,23,26,27
5490,222,-0.043880052876578368,-0x1.67772401a7280p-5,6,8,13,15,20,22
5491,222,0.21963544061814311,0x1.c1d039d3fad40p-3,9,10,18,19,26,27
5492,222,-0.23782784810151048,-0x1.e712496d6470cp-3,1,2,12,13,20,22
5493,222,0.027744705786728718,0x1.c691baff6ede0p-6,12,17,20,22,24,29
5494,222,-0.36270102573969687,-0x1.7367e5cf1c50ep-2,9,11,12,16,25,28
5495,222,0.42380491252101693,0x1.b1f9ea3ca5cb6p-2,0,5,13,14,27,28
5496,222,0.48838820046633591,0x1.f41c095305546p-2,2,3,12,16,19,21
5497,222,0.44012892031506368,0x1.c2b127db1ba2ep-2,6,9,13,16,18,23
5498,222,-0.31863536021505934,-0x1.4648590de4354p-2,12,14,22,23,24,27
5499,222,-0.079575274968451293,-0x1.45f0b938f48e0p-4,8,11,18,20,25,27
5500,222,0.34236076319351927,0x1.5e93d1e566290p-2,1,4,8,11,27,29
5501,222,0.3281683609221524,0x1.500b5de6f8640p-2,0,1,13,17,27,29
5502,222,-0.069051185545260352,-0x1.1ad56a7aabb58p-4,12,13,20,22,25,29
5503,222,-0.23927454423052352,-0x1.ea08c5b1e21b8p-3,1,3,6,11,13,16
5504,222,-0.040925475253712595,-0x1.4f42f13936e90p-5,0,1,9,11,13,16
5505,222,0.31804712229551491,0x1.45ae25136274ep-2,0,3,8,11,19,21
5506,222,-0.19176270622404479,-0x1.88bae2be990b0p-3,1,2,6,11,28,29
5507,222,-0.30798131845591736,-0x1.3b5f746a3041ep-2,0,5,14,15,27,28
5508,222,-0.36770446787606303,-0x1.788785207bac0p-2,2,3,12,17,19,21
5509,222,-0.18345223172291858,-0x1.77b5cdbd06730p-3,9,10,13,14,27,28
5510,222,-0.2472124294280571,-0x1.fa4a829c77388p-3,4,5,19,22,24,26
5511,222,-0.42060268553417646,-0x1.aeb2786bea8ecp-2,7,8,15,16,24,27
5512,222,0.078628896727219066,0x1.42105fbf6c690p-4,6,9,14,17,19,22
5513,222,0.21473031002024434,0x1.b7c48657f9a1cp-3,2,5,12,17,20,21
5514,222,0.37981775887465596,0x1.84eef2533a056p-2,15,17,18,22,25,26
5515,222,0.32024946502523954,0x1.47ef79cb612d6p-2,8,9,12,13,24,28
5516,222,-0.3245130722327183,-0x1.4c4d27a174bf4p-2,9,11,13,16,26,29
5517,222,-0.039165482826779341,-0x1.40d7f87bf02a0p-5,0,4,8,9,13,16
5518,222,0.3921219795259181,0x1.91886c986d288p-2,1,3,8,11,15,16
5519,222,-0.16393383237645776,-0x1.4fbc8a861e604p-3,3,4,13,14,25,26
5520,222,-0.38855419159024551,-0x1.8de126666a508p-2,10,11,14,15,18,22
5521,222,0.20744898837110715,0x1.a8db03e523344p-3,3,5,14,17,18,22
5522,222,-0.14039482834482553,-0x1.1f8752e226028p-3,7,10,12,14,27,29
5523,222,0.35419303589651474,0x1.6ab1944696002p-2,2,4,12,13,20,22
5524,222,-0.33513451472983702,-0x1.572d80921a178p-2,8,10,12,15,25,27
5525,222,0.29547429590601448,0x1.2e90d056e65bap-2,2,4,7,11,12,16
5526,222,-0.092447338423630621,-0x1.7aaa0f721b990p-4,0,3,8,11,20,22
5527,222,0.4078030367406833,0x1.a1971e880afa8p-2,1,2,13,14,22,23
5528,222,0.41023054650482471,0x1.a41379f43bd4ep-2,6,11,14,16,24,29
5529,222,-0.46791628202125446,-0x1.df25722230556p-2,6,9,18,23,26,28
5530,222,0.41767829535276146,0x1.abb3dbeb28142p-2,3,4,8,11,13,16
5531,222,0.13308520016063741,0x1.108ef9322c234p-3,1,4,6,11,24,27
5532,222,0.42990172048775122,0x1.b8382817f4c2ep-2,1,2,6,11,24,27
5533,222,0.24373627638289896,0x1.f32c013f4e940p-3,9,11,19,20,27,28
5534,222,-0.063831067317981272,-0x1.0573b9a997918p-4,2,5,7,9,18,20
5535,222,0.15375749153653395,0x1.3ae5352d50b64p-3,3,5,6,8,20,21
5536,222,-0.32677819316350842,-0x1.4e9ef152bba32p-2,1,3,8,11,12,16
5537,222,0.10733165762925356,0x1.b7a166757d640p-4,6,10,14,15,28,29
5538,222,-0.25874624274610303,-0x1.08f4c66a3ac46p-2,2,4,13,15,22,23
5539,222,0.080221125885347022,0x1.4895f282038a8p-4,2,3,19,20,24,29
5540,222,0.31803737829975587,0x1.45ab972acfe78p-2,1,2,14,15,18,19
5541,222,0.16532916565862221,0x1.529818fca1470p-3,6,7,15,16,18,19
5542,222,-0.49205757124363347,-0x1.f7ddf0a0f65ecp-2,12,14,19,21,28,29
5543,222,0.20280424559074273,0x1.9f57d5126ae3cp-3,2,5,9,10,18,23
5544,222,-0.46278618580600528,-0x1.d9e49f344f3aap-2,7,8,12,15,27,29
5545,222,0.49103922424864377,0x1.f6d2fc84cdf66p-2,7,10,12,14,26,28
5546,222,-0.45593676583926745,-0x1.d2e116694b6e8p-2,6,11,18,23,25,28
5547,222,0.3211169797839093,0x1.48d2e3b972e04p-2,1,2,6,10,21,23
5548,222,-0.3146735661576503,-0x1.4239c98e404ecp-2,9,10,19,21,24,29
5549,222,0.3982302512914504,0x1.97c9abc64c6ecp-2,15,17,19,20,27,28
5550,222,0.27359441323624822,0x1.18292244df3a4p-2,9,11,12,16,24,29
5551,222,-0.34513445812770871,-0x1.616aed698656cp-2,0,4,7,8,20,21
5552,222,0.14241707024220773,0x1.23ab8f98a8ca4p-3,1,3,13,17,18,21
5553,222,-0.19641882825168344,-0x1.924408dd46e78p-3,4,5,6,9,18,19
5554,222,-0.18883284088639185,-0x1.82bacae024814p-3,7,9,14,17,18,19
5555,222,-0.39720237406635606,-0x1.96bc381a08c36p-2,7,11,18,20,25,27
5556,222,-0.29994435174730083,-0x1.33249cb57f914p-2,7,11,14,16,24,29
5557,222,0.019661216112874191,0x1.42211e0d149c0p-6,1,2,16,17,18,20
5558,222,-0.49155866112245716,-0x1.f75b275658938p-2,2,4,15,17,25,27
5559,222,-0.065629567179798065,-0x1.0cd196cb01818p-4,1,2,20,23,24,27
5560,222,-0.38023067735520677,-0x1.855b30d0b4c72p-2,0,2,16,17,28,29
5561,222,0.49266984517636059,0x1.f87e71a3080a6p-2,2,5,7,10,21,23
5562,222,-0.48666327667634668,-0x1.f257dba5f4d8ep-2,1,2,19,23,24,27
5563,222,-0.27692322744430597,-0x1.1b91c3358116ep-2,6,7,15,17,27,29
5564,222,-0.42436429959020561,-0x1.b28c8e1151cbep-2,0,2,13,14,27,28
5565,222,0.32454164788445727,0x1.4c54a54f6a2e2p-2,6,11,13,16,25,29
5566,222,0.31551918534035051,0x1.4317761930814p-2,7,11,21,22,24,25
5567,222,-0.43460525366064839,-0x1.bd0928dc91af0p-2,8,9,16,17,24,26
5568,222,0.38859961906859108,0x1.8ded0efc8cf5ep-2,0,5,13,14,22,23
5569,222,-0.32227213882445382,-0x1.4a01b522a6e9cp-2,1,3,6,8,16,17
5570,222,0.43284904242483302,0x1.bb3cc785473e8p-2,12,13,21,22,24,29
5571,222,0.40599130723138821,0x1.9fbc2f6c138f2p-2,13,15,22,23,24,25
5572,222,0.062095078308183949,0x1.fcaed152704e0p-5,0,5,13,17,25,27
5573,222,0.16401330370042955,0x1.4fe634fc04a14p-3,0,3,12,13,26,29
5574,222,-0.12048984946159325,-0x1.ed86c3af00068p-4,1,4,19,22,24,26
5575,222,-0.24134704934767648,-0x1.ee475c9f79964p-3,14,17,18,21,26,29
5576,222,-0.33735134498766095,-0x1.5972a187ef396p-2,3,4,6,11,14,15
5577,222,-0.41536439170383943,-0x1.a955487929e80p-2,6,7,15,16,27,28
5578,222,0.27270260514175959,0x1.173f5a0a78b00p-2,0,4,7,8,15,17
5579,222,-0.059387887995426158,-0x1.e6816d9700f40p-5,4,5,12,14,26,27
5580,222,-0.32177623040684933,-0x1.497fb548e90a6p-2,0,5,14,17,18,19
5581,222,0.29935203131311483,0x1.328956c1ec8a4p-2,2,4,6,7,18,20
5582,222,-0.079598619503385648,-0x1.460933b92e3d8p-4,9,10,12,17,26,28
5583,222,0.13784952321012012,0x1.1a50d9cfa73ccp-3,1,4,8,9,24,29
5584,222,0.31078591047449444,0x1.3e3ea9662ea16p-2,2,4,12,14,19,22
5585,222,0.38382636647937163,0x1.8909c76d7c536p-2,0,1,12,17,27,29
5586,222,0.38434135544037396,0x1.8990c7c07784ep-2,9,11,13,14,18,21
5587,222,-0.43492332232739206,-0x1.bd5c8a16a7bf4p-2,2,4,14,16,18,23
5588,222,0.066659174081300732,0x1.110935ca855b0p-4,0,5,8,10,25,26
5589,222,-0.065271691818953537,-0x1.0b5a545b78d10p-4,9,10,18,20,25,27
5590,222,0.45855382569415681,0x1.d58f22533f940p-2,0,2,18,22,25,27
5591,222,-0.39201932912895143,-0x1.916d83d808ea6p-2,0,2,7,11,27,29
5592,222,0.1304159376961942,0x1.0b1782da42350p-3,0,3,12,16,20,21
5593,222,-0.20317708409567026,-0x1.a01b4e9be67e4p-3,0,3,7,10,18,21
5594,222,0.21238455682950463,0x1.b2f6acae10be8p-3,7,9,21,23,25,28
5595,222,0.27865869894681283,0x1.1d58b4bae3cf6p-2,0,3,12,14,19,21
5596,222,-0.42214897700182019,-0x1.b047d2490cfa6p-2,7,10,18,19,26,28
5597,222,0.027515526503650412,0x1.c2d07b9dc91c0p-6,4,5,13,17,18,21
5598,222,0.050000119338861948,0x1.9999d9ab68860p-5,0,5,7,8,21,22
5599,222,0.41939812438337487,0x1.ad76b3b0ebdd0p-2,0,2,7,11,25,28
5600,222,-0.186692081394773,-0x1.7e586b001a0d0p-3,1,4,15,16,24,26
5601,222,-0.14242121654048412,-0x1.23adbc1a62208p-3,9,10,19,20,27,29
5602,222,-0.29863839715161467,-0x1.31ce439462598p-2,9,11,12,16,24,28
5603,222,0.22223678968097438,0x1.c72414fd2eb9cp-3,4,5,7,8,18,22
5604,222,-0.35804238212862161,-0x1.6ea2a9874c264p-2,6,10,21,22,24,25
5605,222,-0.48821229952164102,-0x1.f3edeccfcd36ep-2,2,3,6,7,18,19
5606,222,-0.20895483747646693,-0x1.abf0838a6b5b8p-3,6,8,19,23,27,28
5607,222,0.38585389277829707,0x1.8b1d486a117c8p-2,2,3,12,13,24,25
5608,222,-0.24185536377055905,-0x1.ef51dd6e0dcacp-3,3,5,12,14,21,23
5609,222,-0.23565453589747387,-0x1.e29ed866ab6f4p-3,6,8,19,21,24,26
5610,222,-0.10494678840140648,-0x1.addcaf0011808p-4,2,3,12,15,22,23
5611,222,0.29670261449183188,0x1.2fd2cf67853c8p-2,6,8,18,22,26,27
5612,222,0.11715153135249912,0x1.dfda48bd5d660p-4,0,4,12,16,19,23
5613,222,0.025485097904495824,0x1.a18c3f8240300p-6,1,5,6,8,19,23
5614,222,-0.14097061751052065,-0x1.20b533ff3ca4cp-3,10,11,12,14,21,22
5615,222,0.084606339921412088,0x1.5a8c2d6ff2950p-4,0,4,7,9,26,29
5616,222,0.21883858669199729,0x1.c02e71e78f568p-3,3,4,14,15,25,26
5617,222,-0.11409164783575088,-0x1.d351c38338858p-4,0,3,8,10,13,17
5618,222,0.32815700671268122,0x1.500863ef230a2p-2,6,10,13,14,26,29
5619,222,0.10877247226556075,0x1.bd8834315ed30p-4,0,1,19,23,26,28
5620,222,0.33042382029033068,0x1.525a9f37dd8b4p-2,3,5,12,16,24,26
5621,222,0.41891604210385214,0x1.acf853b26c57ep-2,1,2,6,10,24,28
5622,222,0.36108640165744321,0x1.71c0a238989dap-2,6,11,18,19,26,28
5623,222,0.34884031950611316,0x1.6536658f38440p-2,0,1,12,14,19,23
5624,222,-0.45523315186393876,-0x1.d228a3ad3e12cp-2,4,5,7,8,21,23
5625,222,-0.073196468044015917,-0x1.2bd00f46e87a8p-4,6,11,14,15,24,29
5626,222,-0.29517186597656397,-0x1.2e41889c4648ep-2,1,4,14,17,24,27
5627,222,-0.41851570224433832,-0x1.ac8f615801f3ep-2,0,1,22,23,26,27
5628,222,0.064789691797064619,0x1.0960ea762e558p-4,6,8,15,17,26,29
5629,222,0.30475483479482601,0x1.3811a6c2f775ep-2,7,10,14,17,27,29
5630,222,-0.12349025409949987,-0x1.f9d0eaabb69b8p-4,1,5,8,9,19,20
5631,222,-0.4337257140728803,-0x1.bc2297f582528p-2,12,13,21,23,25,28
5632,222,0.22929290130286739,0x1.d597844267facp-3,4,5,7,9,16,17
5633,222,-0.025945035072266975,-0x1.a9155d4840e00p-6,2,3,12,14,19,23
5634,222,-0.46818184254334216,-0x1.df6b0f9937fd0p-2,7,10,21,23,24,28
5635,222,-0.22686050367175503,-0x1.d09c3d6031b78p-3,4,5,8,9,24,26
5636,222,-0.37354894508694381,-0x1.7e839d5a6a368p-2,0,5,14,17,27,28
5637,222,0.23539990337216465,0x1.e2195833b855cp-3,6,9,13,17,27,29
5638,222,0.15213425506876166,0x1.37922a10f9258p-3,2,5,15,17,18,19
5639,222,-0.39651124933144755,-0x1.96070b817fa94p-2,1,2,9,11,19,22
5640,222,0.48400553315088313,0x1.ef9f257fdd45ep-2,0,3,13,17,18,21
5641,222,-0.4570795702290108,-0x1.d40caab7369dep-2,7,9,14,16,24,26
5642,222,0.2606870377869599,0x1.0af18af724f9cp-2,0,4,7,9,21,23
5643,222,0.40249579031648119,0x1.9c27db40bf728p-2,1,5,12,14,27,28
5644,222,0.34390467618115161,0x1.60288c248edd6p-2,1,5,6,10,24,26
5645,222,0.14022953293191387,0x1.1f30a94f01e50p-3,7,8,16,17,24,28
5646,222,-0.49527017433364051,-0x1.fb281ac5c9f00p-2,3,4,14,17,24,26
5647,222,0.16816786956410879,0x1.5868656020714p-3,6,11,14,16,19,23
5648,222,-0.2900802113589771,-0x1.290ac97403a90p-2,6,10,19,20,27,28
5649,222,0.49766185594011381,0x1.fd9b11ceeaf58p-2,2,3,7,11,28,29
5650,222,-0.49113319789597154,-0x1.f6eb9efbc5ba6p-2,1,3,12,17,19,20
5651,222,0.18919904863736692,0x1.837aca72a7890p-3,1,3,6,8,24,26
5652,222,-0.47191320929229086,-0x1.e33d3761d7da0p-2,1,2,21,22,24,29
5653,222,-0.078867705512959074,-0x1.430ac87e38308p-4,8,10,12,15,24,28
5654,222,0.043913789146261428,0x1.67bde40740930p-5,8,11,12,15,25,28
5655,222,-0.29029032430574297,-0x1.2941dde4f41f2p-2,2,4,14,16,19,21
5656,222,-0.30269413037376769,-0x1.35f5733a96022p-2,13,14,21,23,24,28
5657,222,-0.47858364193692682,-0x1.ea11d48a1425ap-2,3,5,6,8,18,19
5658,222,-0.074606717611980233,-0x1.3196d043492a0p-4,0,1,14,17,28,29
5659,222,-0.1094446642745267,-0x1.c0490c5c7e1f8p-4,0,3,14,16,18,23
5660,222,0.19008240936855347,0x1.8549ed1e4337cp-3,6,9,16,17,26,27
5661,222,0.008341598533323169,0x1.11566672d0640p-7,3,4,12,14,22,23
5662,222,-0.26424552530268863,-0x1.0e96610528556p-2,1,5,6,8,20,23
5663,222,-0.29353733399282111,-0x1.2c950d069de58p-2,6,11,21,23,26,28
5664,222,-0.30716828441858435,-0x1.3a8a529fc8f4cp-2,3,5,14,15,25,28
5665,222,0.38470614332872499,0x1.89f06840ab2cap-2,2,5,14,17,25,27
5666,222,-0.47843377314169289,-0x1.e9ea8b03c8252p-2,2,5,13,17,20,21
5667,222,0.06382606916782152,0x1.056e7bfb54148p-4,1,2,12,16,19,20
5668,222,-0.39850151085621643,-0x1.9810c7b222db0p-2,7,11,12,14,24,25
5669,222,0.20866640898901201,0x1.ab594b530d730p-3,6,8,15,17,19,22
5670,222,0.1376213891018373,0x1.19d93e2b613e4p-3,7,10,18,20,25,27
5671,222,0.28165399345917186,0x1.2069e78ac79eap-2,0,3,13,14,21,22
5672,222,-0.042570426068856859,-0x1.5cbca777c2c60p-5,2,5,7,10,15,17
5673,222,0.26176310965829397,0x1.0c0ba0ed2064cp-2,7,11,12,14,25,26
5674,222,-0.23970972057610129,-0x1.eaecee1342dfcp-3,1,4,13,14,21,22
5675,222,-0.14882656262621619,-0x1.30cbfb1a0ba98p-3,9,11,21,22,25,29
5676,222,0.3618010411583612,0x1.727bf8ddbc534p-2,0,5,22,23,25,26
5677,222,-0.28536023528349597,-0x1.243579387c656p-2,2,3,19,21,24,29
5678,222,-0.20243152045736834,-0x1.9e946ac05a038p-3,3,4,13,14,18,21
5679,222,0.089977671962461869,0x1.708c6d672f100p-4,0,1,9,11,19,21
5680,222,0.42184411107295516,0x1.aff7e714462dcp-2,8,11,12,15,27,29
5681,222,-0.42562564301041561,-0x1.b3d73564465aep-2,6,11,15,16,24,27
5682,222,-0.36118683159067111,-0x1.71daf5f5b60f2p-2,1,3,6,10,19,22
5683,222,0.19922507151874824,0x1.98035075baf38p-3,7,10,12,14,19,23
5684,222,0.13672863134659152,0x1.18052e407bcdcp-3,0,1,15,16,26,27
5685,222,-0.42627291314894888,-0x1.b480e2f494df8p-2,2,4,7,9,20,22
5686,222,0.052230908515588093,0x1.abe0277d46320p-5,0,5,15,17,27,28
5687,222,-0.47834030057337129,-0x1.e9d20a2d49278p-2,6,11,14,15,19,22
5688,222,0.12809858324353585,0x1.06588ccd8f324p-3,1,3,8,10,15,17
5689,222,0.4183348254769621,0x1.ac5ff6e8ce410p-2,8,11,15,16,26,27
5690,222,0.027772810628703293,0x1.c7079c5791ee0p-6,3,4,8,11,15,16
5691,222,0.4767063836508576,0x1.e825b7de4ca8cp-2,6,8,15,16,25,28
5692,222,0.34511960392269692,0x1.6167089039cfcp-2,6,8,18,20,27,29
5693,222,0.22027477021209263,0x1.c31f6b318f0f0p-3,4,5,6,9,26,27
5694,222,-0.34228954101317755,-0x1.5e812641a8652p-2,0,3,13,17,20,21
5695,222,-0.45846558586109409,-0x1.d57800a675a2ep-2,0,3,13,16,18,20
5696,222,-0.13521531405743326,-0x1.14ebc43e5c408p-3,0,3,13,15,22,23
5697,222,-0.14938791259652917,-0x1.31f24a38288c8p-3,0,2,12,14,19,22
5698,222,0.36135777107952394,0x1.7207c583c49e4p-2,16,17,18,21,25,26
5699,222,-0.46434034329776541,-0x1.db7c08f2b5922p-2,0,2,18,20,25,28
5700,222,-0.2462246973764225,-0x1.f844a7759806cp-3,0,5,13,16,21,23
5701,222,0.33606607919534992,0x1.5821b4cdc1826p-2,10,11,12,14,24,26
5702,222,0.023443588249531633,0x1.8019893549c80p-6,2,5,13,14,25,27
5703,222,-0.48029154131560658,-0x1.ebd18bb9fbddcp-2,2,4,7,11,20,22
5704,222,-0.47539747750814532,-0x1.e6ce98a9fe574p-2,6,7,15,17,26,27
5705,222,-0.1073854029687179,-0x1.b7d9c19d18448p-4,7,9,12,16,24,25
5706,222,0.11576355766840019,0x1.da2ae36411fa0p-4,13,16,20,23,25,27
5707,222,0.089860008097411681,0x1.70110c3ff2650p-4,0,2,12,13,21,22
5708,222,-0.15661768120807384,-0x1.40c0c5561cbc4p-3,0,2,10,11,13,14
5709,222,-0.26225952282762455,-0x1.0c8dc2a66fd58p-2,1,3,16,17,26,28
5710,222,0.20315632585182053,0x1.a0106c7c129d0p-3,6,7,15,16,18,20
5711,222,0.41909632683187426,0x1.ad279666776d2p-2,8,9,18,22,26,29
5712,222,-0.34550288306623711,-0x1.61cb81fdc5d66p-2,3,4,19,21,24,26
5713,222,0.26544787629527467,0x1.0fd1916dec662p-2,3,4,6,7,14,17
5714,222,0.32643736789161903,0x1.4e4598ed25b54p-2,0,5,8,10,26,27
5715,222,-0.032626371708239454,-0x1.0b4675ef2b3d0p-5,0,5,21,22,25,26
5716,222,0.19106350644129311,0x1.874c4dbcfeda0p-3,2,3,14,16,25,28
5717,222,-0.38950809689304144,-0x1.8edb35e6bb332p-2,8,11,18,21,26,29
5718,222,0.35421956366459917,0x1.6ab888862bdf2p-2,8,11,20,22,27,29
5719,222,0.20082691234814476,0x1.9b4b23e589180p-3,2,4,13,15,25,29
5720,222,0.36952442213511472,0x1.7a649c3093102p-2,0,3,12,13,20,23
5721,222,0.093844739233439722,0x1.8063575e8c608p-4,0,1,14,16,26,28
5722,222,0.34724631542857887,0x1.639489c1b0616p-2,2,5,9,10,18,19
5723,222,-0.2675702719484282,-0x1.11fdf0fd99eeep-2,3,4,6,7,19,23
5724,222,-0.17738536055921827,-0x1.6b49041320ca4p-3,9,11,18,23,25,26
5725,222,-0.27870130739411103,-0x1.1d63e02270cb2p-2,8,11,12,13,21,22
5726,222,-0.16237916067188485,-0x1.4c8d720519f54p-3,7,8,19,20,24,28
5727,222,-0.27630482901626596,-0x1.1aefa731682d0p-2,4,5,16,17,18,20
5728,222,0.29590457662682967,0x1.2f019bfd6555ap-2,6,11,21,22,26,29
5729,222,0.18057586623981636,0x1.71d1c27f9336cp-3,7,11,12,15,20,22
5730,222,-0.32464608532722916,-0x1.4c7005fd04fdep-2,8,10,13,17,20,21
5731,222,0.29173658937207836,0x1.2abcff19993fep-2,0,4,13,16,18,20
5732,222,-0.0079897660471220933,-0x1.05cf03f002a40p-7,0,2,18,21,25,29
5733,222,-0.088716455617313783,-0x1.6b61f237e4f58p-4,3,5,21,23,25,26
5734,222,-0.35752001802412847,-0x1.6e19ba4450db8p-2,6,11,13,16,25,26
5735,222,-0.20696051453470721,-0x1.a7daea0beb50cp-3,1,4,6,11,22,23
5736,222,-0.24938271298895842,-0x1.febc5d23cd7a4p-3,13,17,20,22,25,27
5737,222,0.057966163393026515,0x1.dadbdb0186470p-5,3,4,6,11,25,26
5738,222,0.42649766439549464,0x1.b4bbcdc1989c2p-2,8,9,19,21,26,29
5739,222,0.20653170864617887,0x1.a6fa18b1c7598p-3,7,11,14,16,27,29
5740,222,-0.44592885223785272,-0x1.c8a192b2d14cap-2,12,13,20,22,25,27
5741,222,-0.090891613961057049,-0x1.744ac3d718278p-4,0,3,19,21,26,29
5742,222,-0.055448103118891257,-0x1.c63b19b0aaff0p-5,13,15,20,23,25,27
5743,222,-0.40916086669484653,-0x1.a2fb10f5078f0p-2,1,2,12,17,20,22
5744,222,-0.020089071735203246,-0x1.4923ac8705420p-6,14,16,18,23,27,28
5745,222,-0.15934431901885904,-0x1.46565077ea458p-3,1,4,6,9,24,29
5746,222,-0.10492386714714907,-0x1.adc4a61f783c0p-4,1,5,12,16,20,21
5747,222,-0.46103159744581113,-0x1.d818aac5cf40ep-2,7,11,14,15,26,27
5748,222,-0.11306939409906624,-0x1.cf21da5d582a8p-4,3,4,7,11,25,26
5749,222,-0.31124158389944589,-0x1.3eb61d200370ep-2,9,10,18,23,26,27
5750,222,-0.041636490367787271,-0x1.55160c8e654c0p-5,6,11,18,21,26,28
5751,222,-0.28944598687134382,-0x1.2864875e48916p-2,4,5,8,9,25,26
5752,222,-0.30727227511682254,-0x1.3aa595526087ap-2,10,11,13,15,24,27
5753,222,0.33904825503594549,0x1.5b2f773c94bd4p-2,6,7,14,17,27,28
5754,222,0.1498487943380441,0x1.32e3ecb83726cp-3,0,2,10,11,20,21
5755,222,-0.046519850805124552,-0x1.7d1732ba54740p-5,0,1,8,11,18,20
5756,222,-0.44847276283370197,-0x1.cb3c71a611ef4p-2,3,4,6,8,21,23
5757,222,0.45929715478643041,0x1.d651fe4bd0744p-2,1,5,21,22,24,26
5758,222,-0.12650290192081848,-0x1.0313f414cac64p-3,1,4,15,17,24,27
5759,222,-0.46111562829622599,-0x1.d82eb1fcd3beep-2,7,9,21,22,24,25
5760,222,-0.20730914561595959,-0x1.a891b284a871cp-3,13,16,21,23,26,28
5761,222,-0.23921677362267246,-0x1.e9ea7bdae9800p-3,12,13,21,22,24,26
5762,222,-0.16555468230272186,-0x1.530e555184d58p-3,0,2,10,11,25,28
5763,222,0.39655893263515918,0x1.96138b7a6b302p-2,10,11,20,21,25,28
5764,222,-0.25312250098492528,-0x1.03328b7e72ab6p-2,7,10,14,15,24,27
5765,222,-0.063445325875600811,-0x1.03df3efb842b8p-4,6,7,16,17,26,28
5766,222,0.47665165490531292,0x1.e8175f159c426p-2,0,3,10,11,14,15
5767,222,-0.057293516383142506,-0x1.d55936646e140p-5,6,8,18,22,26,29
5768,222,0.40002015499155785,0x1.999ee22db7e70p-2,6,10,21,22,26,29
5769,222,0.19874193512620297,0x1.970602fdafb58p-3,16,17,18,20,28,29
5770,222,0.31109460646181886,0x1.3e8f95a2dcacap-2,0,1,9,10,26,27
5771,222,-0.416124695371487,-0x1.aa1c9796b6c88p-2,8,11,19,23,24,27
5772,222,-0.22310998048149377,-0x1.c8ede2aca23b0p-3,9,10,13,14,25,27
5773,222,0.26437868365870487,0x1.0eb949204b6f6p-2,0,4,14,17,26,29
5774,222,0.020093068506234268,0x1.49347007137a0p-6,3,5,15,16,18,19
5775,222,-0.20400397634583256,-0x1.a1ccd63546438p-3,7,8,20,21,28,29
5776,222,-0.49293296539731002,-0x1.f8c36b5601c9cp-2,0,3,13,16,26,28
5777,222,-0.36419210599086715,-0x1.74eec682c4c06p-2,1,2,15,16,18,20
5778,222,0.17121313905635716,0x1.5ea4fe8723f38p-3,0,5,12,15,26,28
5779,222,0.074002267961610801,0x1.2f1d008b99620p-4,0,2,13,17,27,29
5780,222,-0.28784687110032159,-0x1.26c1548686f8ep-2,3,5,7,8,20,21
5781,222,-0.26215801362913271,-0x1.0c73267baf8fep-2,6,8,18,23,25,28
5782,222,-0.07302278897936143,-0x1.2b19f1a8770e8p-4,0,3,14,16,26,28
5783,222,0.27896809586306714,0x1.1da9d0016fe38p-2,3,4,14,16,24,26
5784,222,0.19085323805202692,0x1.86de0ffe273c8p-3,1,2,6,10,18,19
5785,222,-0.32578869250437126,-0x1.4d9b8d0ed9fbep-2,1,5,18,21,26,28
5786,222,-0.3848599632839601,-0x1.8a18baef60a26p-2,0,4,12,14,25,29
5787,222,-0.38465646776913476,-0x1.89e362950da1ap-2,1,3,15,16,24,28
5788,222,0.1860909521963281,0x1.7d1d40ce1e2a0p-3,3,4,7,11,20,23
5789,222,-0.26147011842445023,-0x1.0bbed29e0e9a6p-2,3,5,7,8,15,16
5790,222,-0.33938127536811213,-0x1.5b86c3da52c06p-2,0,3,10,11,12,14
5791,222,-0.39086496052024244,-0x1.903ee77a58daep-2,2,4,13,14,18,21
5792,222,0.079673872189620076,0x1.46581c3666d18p-4,3,4,6,8,22,23
5793,222,-0.059196874608501537,-0x1.e4f0d80f01730p-5,0,5,8,10,18,19
5794,222,0.15961412595128799,0x1.46e3c55785f40p-3,0,1,9,11,19,20
5795,222,0.0041135325924445132,0x1.0d959ff4a0d80p-8,7,11,22,23,25,26
5796,222,0.15746927161671775,0x1.427f3fddbffccp-3,1,3,15,17,18,19
5797,222,0.033313263519728631,0x1.10e6fa2ae3720p-5,0,2,9,10,12,17
5798,222,0.49137949424055605,0x1.f72c2fa6c0b9cp-2,2,4,6,9,18,22
5799,222,-0.41495948144682127,-0x1.a8eb2367eab7ap-2,2,4,13,14,27,29
5800,222,-0.16264361463732524,-0x1.4d18186e2a104p-3,2,4,13,14,21,23
5801,222,0.17482864394725606,0x1.660c8f61428bcp-3,1,2,15,17,18,22
5802,222,-0.4875292068976862,-0x1.f33adb3de1ab4p-2,4,5,12,14,21,23
5803,222,-0.31207068144138683,-0x1.3f8f74eb5323ap-2,0,1,12,15,20,22
5804,222,-0.47037913370709428,-0x1.e1ab114ff89bap-2,7,10,19,22,26,27
5805,222,0.25637629266508044,0x1.068781c1dd6f6p-2,9,11,14,16,24,27
5806,222,0.27486628386961431,0x1.19768c0ff8e10p-2,1,2,9,11,27,29
5807,222,-0.26528696052133738,-0x1.0fa7628dfa40ap-2,0,1,13,15,18,20
5808,222,-0.40850038755637941,-0x1.a24decf3d4f76p-2,2,5,6,10,22,23
5809,222,-0.0043535506495583354,-0x1.1d5075a94d180p-8,7,9,14,16,25,27
5810,222,-0.19631025892718057,-0x1.920b1cefb1380p-3,7,8,18,21,25,28
5811,222,-0.29837422184958506,-0x1.3189031340f04p-2,6,9,18,22,25,27
5812,222,0.41803503958472099,0x1.ac11609e64ce0p-2,9,10,18,19,26,29
5813,222,0.32528920986723941,0x1.4d189d587c63ap-2,6,10,15,17,24,26
5814,222,-0.01913571578271589,-0x1.3985025e3a6c0p-6,8,9,18,21,26,29
5815,222,0.26914115392654847,0x1.1399bd187d294p-2,1,2,9,10,19,21
5816,222,0.10311620731634763,0x1.a65d2e21c7c20p-4,0,5,18,22,25,27
5817,222,-0.20256631164687433,-0x1.9edb161e5b7b8p-3,2,4,15,16,24,27
5818,222,-0.031476797646920018,-0x1.01dba10f3e1b0p-5,6,7,19,20,27,29
5819,222,0.1509039963893376,0x1.350d278a9f8dcp-3,13,17,18,20,27,29
5820,222,-0.45450302999604986,-0x1.d1693e071052ep-2,0,1,8,11,18,22
5821,222,0.06055067546035009,0x1.f007f85b4b110p-5,7,8,19,21,26,28
5822,222,0.41976423680277575,0x1.add6ad1464ae6p-2,0,3,7,11,18,21
5823,222,-0.2824441809201147,-0x1.21390c1ffd566p-2,4,5,7,8,18,19
5824,222,0.30346575848287882,0x1.36bfba508f278p-2,8,11,20,21,25,29
5825,222,0.48802959394050893,0x1.f3be07a5d18eap-2,9,11,22,23,24,27
5826,222,0.22884227333437279,0x1.d4ab41ff4eb14p-3,3,5,13,16,25,26
5827,222,-0.43414536159580974,-0x1.bc909a070e6f8p-2,4,5,12,17,20,21
5828,222,0.13490353300107161,0x1.14484db2d5eecp-3,1,4,14,16,18,21
5829,222,-0.40778912457926564,-0x1.a19378e6edfe6p-2,2,4,9,11,25,27
5830,222,-0.31267356999136797,-0x1.402d8015bef7ep-2,1,4,12,16,19,20
5831,222,-0.23875108700162218,-0x1.e8f65474738b4p-3,2,5,6,7,24,25
5832,222,-0.1065490871507071,-0x1.b46cd0cbb1ef0p-4,2,5,6,10,21,22
5833,222,0.17164957547268034,0x1.5f89d00838358p-3,4,5,13,15,26,27
5834,222,-0.48953710222556357,-0x1.f54936d0f31a2p-2,6,8,18,23,26,28
5835,222,0.045568791619553628,0x1.754caeb72cd30p-5,8,11,15,16,18,23
5836,222,-0.30067552013084009,-0x1.33e44896add26p-2,0,3,7,8,25,29
5837,222,-0.00677778174992405,-0x1.bc304ef491c80p-8,0,5,15,17,19,22
5838,222,-0.49196020936858653,-0x1.f7c46ac8af816p-2,13,17,18,21,25,29
5839,222,-0.28605674550237026,-0x1.24ec0f3aee76ep-2,4,5,6,8,18,20
5840,222,0.42714718028111542,0x1.b56612078b456p-2,8,11,18,20,25,29
5841,222,0.1849601334842178,0x1.7acc60e307304p-3,10,11,12,13,21,23
5842,222,0.010133757289543577,0x1.4c101e1274dc0p-7,0,3,12,13,20,22
5843,222,-0.021920538083699537,-0x1.6725668b88980p-6,12,14,19,23,26,27
5844,222,-0.38681152789329609,-0x1.8c18523811eb2p-2,1,2,6,10,15,17
5845,222,-0.26489444574707999,-0x1.0f407d5580c5ep-2,3,4,15,17,19,22
5846,222,-0.49597903465021598,-0x1.fbe1ed954c1ccp-2,7,10,18,22,26,29
5847,222,0.38815538834364582,0x1.8d789b2acefd6p-2,0,4,9,11,18,19
5848,222,-0.18374787598727538,-0x1.7850ce709936cp-3,6,8,16,17,19,20
5849,222,0.3100010468117399,0x1.3d70ea1720f5ep-2,1,2,14,16,19,23
5850,222,0.16983646471076552,0x1.5bd3386cced70p-3,0,4,9,11,13,16
5851,222,0.49025578275515203,0x1.f6059ca66edb6p-2,2,5,7,9,18,23
5852,222,-0.2731219042871178,-0x1.17ad44baf00a0p-2,7,8,15,17,19,22
5853,222,-0.35412360692684375,-0x1.6a9f60f9f82b6p-2,7,8,12,16,19,20
5854,222,0.18220056209988533,0x1.7525917c412d4p-3,7,10,12,14,25,28
5855,222,0.34041564378005373,0x1.5c95eb2454166p-2,3,4,13,16,20,23
5856,222,-0.067619402194432077,-0x1.14f8151000a40p-4,7,10,14,15,24,28
5857,222,-0.30081562857195121,-0x1.3409031b5e6d4p-2,4,5,13,14,24,26
5858,222,-0.14406678142258511,-0x1.270c7c15332a8p-3,6,10,13,14,25,27
5859,222,-0.29304110769865599,-0x1.2c12f7d7cc202p-2,13,15,20,22,27,29
5860,222,-0.004107911305620493,-0x1.0d3750b666f80p-8,0,4,8,9,19,22
5861,222,-0.22795495662776133,-0x1.d2da0c5d6b2dcp-3,2,5,6,9,21,23
5862,222,0.48182405113446503,0x1.ed6348b831edep-2,9,10,12,17,20,21
5863,222,-0.2593379576436422,-0x1.098fe3bac3752p-2,9,10,22,23,24,25
5864,222,0.35701460130943496,0x1.6d953c5346256p-2,14,16,18,19,28,29
5865,222,0.34682652986042251,0x1.63267e6c8af04p-2,1,3,6,10,13,17
5866,222,0.36032596260695227,0x1.70f94a052fb26p-2,1,2,9,11,12,16
5867,222,0.27552528060447967,0x1.1a234c95ab7b8p-2,2,5,14,17,19,21
5868,222,-0.4459589545119782,-0x1.c8a976d3f2fe4p-2,1,5,16,17,20,21
5869,222,0.23012171236216339,0x1.d74a0d658f61cp-3,0,4,8,11,25,26
5870,222,-0.49506547153430258,-0x1.faf27166797f0p-2,1,5,16,17,18,20
5871,222,-0.48114286929400507,-0x1.ecb0b76149112p-2,0,5,13,17,27,28
5872,222,-0.058856053413671838,-0x1.e2261712aacd0p-5,16,17,18,21,28,29
5873,222,-0.10627484650066876,-0x1.b34d40e1b9848p-4,0,2,9,10,12,14
5874,222,0.38682187007078739,0x1.8c1b0845538d2p-2,3,4,12,17,20,22
5875,222,0.012623926535683783,0x1.9da92bcf16500p-7,7,9,18,23,25,26
5876,222,0.13162040656369001,0x1.0d8effed6b0dcp-3,1,5,9,10,18,20
5877,222,-0.21918476187879599,-0x1.c0e3f0c068664p-3,2,4,18,20,25,29
5878,222,-0.28124358383948878,-0x1.1ffe516b33a62p-2,2,4,6,7,20,21
5879,222,-0.18863450734714493,-0x1.8252ceff9fdd8p-3,0,1,9,10,13,14
5880,222,-0.35989306438657753,-0x1.7087ceb663ea2p-2,0,1,13,15,20,22
5881,222,-0.33435566750303591,-0x1.56615504a1938p-2,1,5,6,8,24,28
5882,222,0.20446385558019919,0x1.a2bdf22772bc0p-3,0,3,13,14,22,23
5883,222,0.41264531752710221,0x1.a68c7e7e81796p-2,2,3,7,10,19,23
5884,222,-0.43979915754808119,-0x1.c25ab5d9e8d12p-2,8,9,16,17,18,20
5885,222,0.30066502339468493,0x1.33e1882a1fff2p-2,1,5,6,10,19,22
5886,222,-0.39926305135698692,-0x1.98d869d051556p-2,0,1,8,9,12,16
5887,222,0.41351830939431244,0x1.a77157fc9547cp-2,8,9,13,16,24,27
5888,222,-0.24333097267630732,-0x1.f257824dfd270p-3,2,3,6,7,24,28
5889,222,-0.26374522676020895,-0x1.0e133a8da5120p-2,9,11,18,19,26,28
5890,222,-0.27980094422783031,-0x1.1e84238364d06p-2,6,8,18,19,27,28
5891,222,0.35931491928104298,0x1.6ff0400d1b9b4p-2,1,3,15,16,26,29
5892,222,-0.11179890199994091,-0x1.c9eda53d18648p-4,0,3,7,10,21,22
5893,222,-0.20227873009374853,-0x1.9e444f936eb78p-3,0,4,15,16,27,29
5894,222,-0.10498818414177591,-0x1.ae081715af870p-4,2,3,12,17,21,22
5895,222,0.23058971934779238,0x1.d83f6c3b24048p-3,8,10,12,15,24,29
5896,222,0.34055856469705137,0x1.5cbb6266fc73ep-2,7,8,15,17,26,28
5897,222,0.49362014357808581,0x1.f9778f1542418p-2,6,8,13,17,24,25
5898,222,0.3804499699652617,0x1.8594ad4b0f574p-2,2,4,19,20,24,27
5899,222,-0.16988217715418252,-0x1.5beb2fd867688p-3,0,4,12,16,20,23
5900,222,-0.14779671775583714,-0x1.2eb00ba9bd5d4p-3,4,5,6,8,24,25
5901,222,0.32515518976239166,0x1.4cf57b689dd88p-2,2,4,6,11,20,22
5902,222,-0.43049747127108307,-0x1.b8d454407ae1ap-2,0,4,12,13,25,29
5903,222,-0.084150607274815381,-0x1.58ae4ea2f1238p-4,3,4,6,8,24,25
5904,222,-0.34425871140808451,-0x1.60855b0b717c2p-2,0,1,15,16,20,23
5905,222,-0.072481550434644548,-0x1.28e26a0ae1fd0p-4,1,2,19,21,28,29
5906,222,-0.18263883818084892,-0x1.760b59e7babdcp-3,0,1,15,16,18,19
5907,222,0.24652470952751238,0x1.f8e1f2689cce4p-3,0,2,12,14,28,29
5908,222,-0.2315078905857465,-0x1.da20cf16a760cp-3,2,4,7,11,20,23
5909,222,-0.15694793423576026,-0x1.416deb25bd218p-3,0,1,13,16,18,23
5910,222,0.073983020061012983,0x1.2f08d1b9f11a0p-4,8,11,22,23,24,27
5911,222,-0.071836748835785058,-0x1.263e4a6e691d8p-4,7,10,18,19,28,29
5912,222,-0.10126900915825321,-0x1.9ecc40a6eda88p-4,8,10,12,17,19,21
5913,222,-0.20349011759741331,-0x1.a0bf6d411ee48p-3,3,5,14,16,24,28
5914,222,-0.33234930427069775,-0x1.54536042c3958p-2,7,11,12,16,27,29
5915,222,0.13854301679057479,0x1.1bbc70f1a3388p-3,1,4,9,11,21,22
5916,222,0.30757179514109612,0x1.3af419c5364acp-2,0,3,12,15,19,20
5917,222,-0.43433835594974102,-0x1.bcc331a8cf67ep-2,4,5,7,8,19,22
5918,222,-0.42417435011669768,-0x1.b25ac2c6368c8p-2,1,2,9,10,27,28
5919,222,0.38034724754377136,0x1.8579bfb54be4ap-2,8,10,18,23,26,28
5920,222,-0.10767126180039133,-0x1.b90580426d818p-4,1,4,6,11,18,19
5921,222,-0.099487874248969099,-0x1.978098e3f7540p-4,7,11,18,21,26,28
5922,222,0.065922928126895153,0x1.0e053345c9010p-4,2,4,16,17,19,20
5923,222,0.12089099812003246,0x1.ef2b6634e6c18p-4,3,5,20,21,24,25
5924,222,-0.40787153278472632,-0x1.a1a913391e81ap-2,2,5,7,9,12,14
5925,222,-0.26516752144221267,-0x1.0f8813223904cp-2,10,11,12,14,26,27
5926,222,-0.28782461869329334,-0x1.26bb7f3115e0cp-2,8,10,21,22,25,29
5927,222,0.27051299555188035,0x1.15015bd4273d4p-2,2,3,10,11,28,29
5928,222,0.35554535057908776,0x1.6c141493ed9b0p-2,0,2,7,9,12,16
5929,222,-0.21143906239693866,-0x1.b106f690bbea0p-3,0,5,12,16,25,28
5930,222,0.18973552168483787,0x1.84940ea434ff4p-3,8,9,19,23,24,27
5931,222,-0.27702739714475622,-0x1.1bad11eb54b7ap-2,9,11,12,13,25,28
5932,222,-0.33487840308452743,-0x1.56ea5d3589fc2p-2,1,5,6,10,18,19
5933,222,-0.01766900406854599,-0x1.217d2ca8259e0p-6,1,4,13,17,21,22
5934,222,0.37422285850735137,0x1.7f3446ead19f6p-2,6,9,18,21,25,26
5935,222,-0.29539595747881464,-0x1.2e7c4722f7ed2p-2,0,5,8,9,13,16
5936,222,-0.46835252163850394,-0x1.df97cdadbefbap-2,1,2,6,11,13,15
5937,222,-0.44319763881755248,-0x1.c5d59a118b114p-2,4,5,12,15,26,27
5938,222,-0.039653407413227537,-0x1.44d73900790c0p-5,3,5,12,14,22,23
5939,222,-0.034186398045427557,-0x1.180e12b2573e0p-5,6,9,18,20,27,29
5940,222,0.39145000843809818,0x1.90d845610acf2p-2,9,11,19,22,26,27
5941,222,-0.35111786514525811,-0x1.678b710f5c632p-2,4,5,22,23,24,27
5942,222,0.10112090613377112,0x1.9e30f48c953a8p-4,10,11,12,13,20,22
5943,222,-0.19440720586807136,-0x1.8e255d7a7b18cp-3,9,11,22,23,24,26
5944,222,-0.26472499222998658,-0x1.0f1411803f204p-2,10,11,21,23,26,28
5945,222,-0.34217567785776382,-0x1.5e634d078afc0p-2,1,5,15,16,19,20
5946,222,0.44683568870612023,0x1.c98f4b76b6b48p-2,2,4,9,11,18,22
5947,222,0.1604906401838907,0x1.48af51173b374p-3,1,5,15,17,26,28
5948,222,-0.41724045334392057,-0x1.ab4114d6b8ae6p-2,16,17,18,19,27,29
5949,222,-0.44790473768263894,-0x1.caa78a2048152p-2,4,5,22,23,25,27
5950,222,-0.23916207110882026,-0x1.e9cdcdced91b8p-3,2,3,7,10,18,21
5951,222,-0.3029962688230925,-0x1.3644a7659eee8p-2,2,5,6,10,19,23
5952,222,-0.27799082519163543,-0x1.1ca9a07b24fe8p-2,7,10,15,17,25,27
5953,222,0.10216625963329717,0x1.a279167e13128p-4,6,10,20,23,27,28
5954,222,0.19578344372200296,0x1.90f6e8ff12f68p-3,8,10,20,22,24,25
5955,222,-0.18167780605536044,-0x1.74137e5b559d4p-3,2,3,20,21,28,29
5956,222,0.20567901518827603,0x1.a53b0a1da8354p-3,1,5,9,10,13,14
5957,222,-0.17508934649065744,-0x1.66953e48716e4p-3,0,1,8,9,28,29
5958,222,0.064526660275438075,0x1.084d1b79a6558p-4,9,11,13,14,24,27
5959,222,-0.015404224175780801,-0x1.f8c3ff8711d00p-7,1,4,6,11,26,29
5960,222,-0.36830693335937581,-0x1.792573e6ac9dcp-2,14,17,18,22,26,27
5961,222,-0.43393336494463886,-0x1.bc59072c52634p-2,1,2,6,10,13,14
5962,222,-0.34716034276453722,-0x1.637e003a913dep-2,0,2,13,16,20,21
5963,222,-0.17853783953238955,-0x1.6da53f2f1ef18p-3,8,10,13,17,25,27
5964,222,-0.10952653307259641,-0x1.c09ee4d974ff8p-4,7,10,18,21,25,29
5965,222,0.070461672314416135,0x1.209c6b2363e28p-4,8,11,18,20,25,28
5966,222,0.084280938399776795,0x1.5936f821a6d68p-4,8,11,12,13,27,29
5967,222,0.088568730091479253,0x1.6ac70b730ef80p-4,14,16,19,21,26,29
5968,222,-0.0170480015138883,-0x1.1750803db73c0p-6,2,4,15,16,19,20
5969,222,0.27612014913887162,0x1.1abf3d8945bb0p-2,0,1,8,10,13,15
5970,222,0.43412724278091352,0x1.bc8bda182fcbcp-2,4,5,15,16,26,27
5971,222,-0.077304804929511861,-0x1.3ca3f68fef428p-4,1,3,6,10,24,28
5972,222,0.43871889953966359,0x1.c13f86f6a3cdcp-2,1,3,8,10,22,23
5973,222,0.15647885693146268,0x1.4077fca849ec4p-3,6,8,15,17,27,29
5974,222,0.42615551717001998,0x1.b4621ca50553cp-2,0,5,18,23,27,28
5975,222,0.47487836402442585,0x1.e646838c4066cp-2,1,2,15,16,27,28
5976,222,-0.11849931129139057,-0x1.e55f88a9854f0p-4,10,11,12,15,26,29
5977,222,0.081088027105632898,0x1.4c22f58840f10p-4,8,10,12,15,24,25
5978,222,0.20448208814572988,0x1.a2c78149a12d0p-3,2,3,14,17,24,28
5979,222,0.38865267535569259,0x1.8dfaf7889f56ep-2,16,17,19,20,27,28
5980,222,0.27701586450502735,0x1.1baa0bfa16cb4p-2,1,5,19,21,24,26
5981,222,-0.1896306312828957,-0x1.845d107d70608p-3,2,4,9,11,27,29
5982,222,0.04303198404546138,0x1.60849c8508320p-5,1,5,6,9,20,21
5983,222,-0.19317721368930829,-0x1.8ba07eb9061bcp-3,2,4,6,9,18,21
5984,222,-0.43279049934437042,-0x1.bb2d6ec2d0776p-2,9,10,19,21,24,26
5985,222,-0.036520259624946538,-0x1.2b2c891760de0p-5,3,5,6,7,15,17
5986,222,0.47678350209385179,0x1.e839ef330fcfcp-2,3,5,16,17,19,20
5987,222,0.4795593745898078,0x1.eb119cd969ebap-2,7,9,12,17,26,28
5988,222,-0.25236260443637948,-0x1.026b57b32689ap-2,14,16,19,23,24,28
5989,222,0.36429448740379211,0x1.75099d360cab0p-2,1,3,14,16,19,23
5990,222,-0.19805952110547997,-0x1.95a03aee79c54p-3,1,2,9,10,18,22
5991,222,-0.020568989181155461,-0x1.510097f611de0p-6,6,11,21,23,24,28
5992,222,0.34598753464250243,0x1.624a8e6873eeap-2,9,11,12,13,26,28
5993,222,0.15196469835387394,0x1.3739448c9c744p-3,6,10,15,17,25,29
5994,222,0.46814441324780276,0x1.df613fc2d1540p-2,7,9,18,22,25,27
5995,222,-0.075781874782919867,-0x1.36670e1d27c38p-4,1,2,6,10,18,23
5996,222,0.13963760900795763,0x1.1dfa529fd8b48p-3,4,5,13,15,24,27
5997,222,0.45340715435319534,0x1.d049f70ee0a9ep-2,8,9,18,22,27,29
5998,222,-0.3158572204732476,-0x1.437013408d5fap-2,0,1,8,9,20,23
5999,222,0.031727251468426254,0x1.03e8de6e5d0d0p-5,1,5,6,10,18,22
6000,222,0.45581921138776216,0x1.d2c24577321fcp-2,1,3,12,17,24,26
6001,222,7.6375373337378427e-05,0x1.40576ec3da000p-14,0,4,22,23,25,27
6002,222,0.073771872605425837,0x1.2e2b6a43479b8p-4,10,11,12,15,25,29
6003,222,0.17119773911116509,0x1.5e9ceb950d814p-3,1,2,12,16,27,29
6004,222,0.40727836065179657,0x1.a10d941d78ca6p-2,8,10,19,23,27,28
6005,222,0.029328446101735128,0x1.e0846b365d680p-6,9,11,12,13,24,27
6006,222,-0.10022930334321389,-0x1.9a8a0abf5c068p-4,2,3,10,11,13,14
6007,222,-0.26086559957613631,-0x1.0b205a0b52e12p-2,0,2,12,14,21,23
6008,222,-0.33455036830072493,-0x1.56945f2add8fcp-2,2,5,12,13,20,23
6009,222,-0.33867947877591065,-0x1.5acecb14acea4p-2,0,2,15,16,27,28
6010,222,-0.29206454308599217,-0x1.2b12f7b380882p-2,0,2,9,10,27,28
6011,222,-0.30122153026962284,-0x1.34736ab56fb90p-2,0,5,7,9,27,28
6012,222,-0.49344617632067667,-0x1.f949f45688c2ep-2,2,4,7,9,14,16
6013,222,-0.4280862527587459,-0x1.b65c3e1ddd300p-2,6,10,15,17,18,20
6014,222,-0.35913151875539417,-0x1.6fc02c4011a46p-2,2,4,9,11,14,16
6015,222,0.37631727302803375,0x1.815950b24d1d8p-2,1,2,9,10,13,17
6016,222,-0.14793789646058642,-0x1.2efa105919180p-3,2,5,7,9,19,21
6017,222,0.10089161028157834,0x1.9d4085699a3d8p-4,2,4,7,9,16,17
6018,222,-0.42313155972039718,-0x1.b149664b9e496p-2,4,5,7,8,25,27
6019,222,-0.052856029984715391,-0x1.b0ff2105c8b00p-5,6,7,16,17,18,19
6020,222,0.36350205425436644,0x1.7439e1ec348dap-2,0,5,14,17,26,28
6021,222,-0.16636064579847298,-0x1.54b4e3e85df70p-3,0,2,9,11,13,14
6022,222,-0.25773935389210867,-0x1.07ecd33f6f634p-2,1,5,6,8,13,16
6023,222,0.29754980368070805,0x1.30b0e54ef59e4p-2,0,3,10,11,19,23
6024,222,-0.41574335194170864,-0x1.a9b8a01079ea0p-2,7,9,22,23,26,27
6025,222,0.15979684163882513,0x1.47439106be258p-3,0,5,7,10,20,21
6026,222,-0.067343947302166862,-0x1.13d73f33f1110p-4,1,2,19,20,24,28
6027,222,-0.23258458813758431,-0x1.dc554efcd6208p-3,0,2,14,15,19,22
6028,222,0.38302496456711255,0x1.8837b241781f6p-2,1,3,8,10,20,23
6029,222,-0.30150905119285232,-0x1.34bec9e949006p-2,6,10,13,14,22,23
6030,222,-0.19380370483904474,-0x1.8ce8f4f104c7cp-3,4,5,8,9,26,27
6031,222,0.48399856562163412,0x1.ef9d51ea9f918p-2,0,5,8,9,18,19
6032,222,0.19867170913025767,0x1.96e1316ad6cc0p-3,2,4,15,17,18,20
6033,222,0.19337416285300146,0x1.8c07c0cac2998p-3,3,5,6,7,21,23
6034,222,-0.17590779942983692,-0x1.6842592d4cc0cp-3,0,5,12,13,25,27
6035,222,-0.41872085299909945,-0x1.acc528c7232e2p-2,7,11,15,16,20,23
6036,222,0.27404600737457496,0x1.189f843d17bb0p-2,6,8,15,16,27,29
6037,222,0.42979205817376975,0x1.b81b68c7bf5b0p-2,1,4,6,8,18,20
6038,222,-0.27130635529731606,-0x1.15d1554ccbb40p-2,8,11,20,22,24,29
6039,222,0.18062812702169984,0x1.71ed28d25e130p-3,0,1,13,14,26,27
6040,222,-0.0055577731224157878,-0x1.6c3bf5cca3180p-8,0,5,9,10,18,20
6041,222,-0.49841650273687299,-0x1.fe60e54c2a8fcp-2,1,4,14,15,27,29
6042,222,-0.48234651194681055,-0x1.edec3e789adaap-2,2,3,7,10,15,17
6043,222,-0.073849179846165125,-0x1.2e7c7a4469460p-4,2,5,7,10,14,15
6044,222,-0.2430029470140187,-0x1.f1ab87720dfd8p-3,8,9,12,16,20,23
6045,222,0.49925855734189828,0x1.ff3da2a0205a2p-2,12,16,19,23,27,28
6046,222,-0.36129446732838677,-0x1.71f72d459aca2p-2,1,5,19,20,27,28
6047,222,-0.32252915813908667,-0x1.4a451568daebap-2,0,5,7,9,19,21
6048,222,0.28372197359078954,0x1.22880356ea836p-2,7,11,15,16,26,28
6049,222,-0.20728385685277162,-0x1.a88470515f06cp-3,7,8,21,22,26,29
6050,222,-0.2200598691010851,-0x1.c2aebfa79c0f8p-3,3,4,21,22,24,26
6051,222,0.026789253240556254,0x1.b6ea45a35b5c0p-6,6,9,21,23,25,28
6052,222,0.37794738943465744,0x1.8304a3f4ebf5cp-2,4,5,12,13,25,27
6053,222,-0.068538150412785437,-0x1.18bb75a8d1e38p-4,12,14,21,23,26,28
6054,222,0.37850844464482469,0x1.8397b7bc0992ap-2,0,1,13,17,26,29
6055,222,0.1945732379765831,0x1.8e7c69ee4a3d4p-3,7,8,19,23,27,28
6056,222,0.20318301126521476,0x1.a01e6a23e52a4p-3,6,10,14,15,18,22
6057,222,0.44181432216173588,0x1.c46af9425b338p-2,1,2,9,11,19,21
6058,222,0.015227430431049904,0x1.f2f8f1da0b740p-7,0,2,20,22,25,29
6059,222,-0.036310643114658259,-0x1.2974f01592ec0p-5,7,8,19,21,24,29
6060,222,0.34510303483007609,0x1.6162b0a161d18p-2,3,5,6,8,21,22
6061,222,-0.43101020397089207,-0x1.b95abd293067cp-2,6,9,14,16,18,23
6062,222,-0.21454571393515465,-0x1.b763be46c9a5cp-3,2,5,13,15,18,22
6063,222,0.49516284808508937,0x1.fb0bf83ae0f28p-2,8,9,12,16,19,20
6064,222,0.33086708180218061,0x1.52ced1fea73e0p-2,2,5,9,10,19,22
6065,222,0.36282127816375564,0x1.73876bd006664p-2,6,8,13,17,18,20
6066,222,-0.12145387204890579,-0x1.f1799d86c30c0p-4,9,11,20,23,24,27
6067,222,-0.16180663138887952,-0x1.4b614670bab48p-3,7,9,12,16,19,23
6068,222,-0.0029066909090680326,-0x1.7cfc5cc9be000p-9,3,5,12,17,19,22
6069,222,0.022959023034378245,0x1.78291f452b420p-6,3,4,13,17,20,22
6070,222,-0.19974534057591398,-0x1.991415ca6a5b8p-3,7,9,20,21,24,28
6071,222,0.39922302495279793,0x1.98cdebafee09cp-2,7,11,15,16,27,29
6072,222,0.2343037111905063,0x1.dfda9fc728404p-3,4,5,14,16,25,26
6073,222,0.46441970353634621,0x1.db90d6b939fb4p-2,0,2,13,16,18,23
6074,222,-0.25736308259067908,-0x1.078a301bb2e82p-2,13,16,20,21,24,28
6075,222,0.00038595592321766237,0x1.94b4411630800p-12,8,10,12,13,26,27
6076,222,0.0043002199498105576,0x1.19d1b80ccfa00p-8,1,2,10,11,14,15
6077,222,-0.38772547381864841,-0x1.8d07e81782408p-2,6,10,18,23,26,28
6078,222,-0.083448084153840862,-0x1.55cda885ac738p-4,1,3,6,8,18,20
6079,222,0.41318139845838531,0x1.a7190646c6f92p-2,6,11,14,15,18,23
6080,222,0.0098158389208150565,0x1.41a53992e7fc0p-7,6,7,18,22,26,29
6081,222,0.015619855927331505,0x1.ffd4d93024b80p-7,2,3,15,17,19,22
6082,222,0.026659361313906116,0x1.b4c9773e6e2c0p-6,13,16,18,20,25,27
6083,222,-0.26814294798985039,-0x1.129410a113e72p-2,3,4,8,11,21,22
6084,222,-0.42861983795840308,-0x1.b6e81e69caeaap-2,6,10,19,21,26,29
6085,222,0.16189690434737558,0x1.4b909aabf706cp-3,1,2,16,17,27,29
6086,222,0.14082463874168916,0x1.2068ab0eeebc0p-3,0,1,14,16,21,23
6087,222,-0.48678513875414708,-0x1.f277cdac82f40p-2,0,2,13,15,18,22
6088,222,0.18793335919507037,0x1.80e3347c8fde4p-3,0,1,12,15,26,28
6089,222,0.13155450198798757,0x1.0d6c725d70960p-3,7,10,12,14,21,22
6090,222,0.36590407417412496,0x1.76af8ec0343fep-2,2,4,13,16,27,29
6091,222,0.35209356838075245,0x1.688b37654f204p-2,7,10,19,23,24,28
6092,222,-0.10184347305587094,-0x1.a1269f2160598p-4,6,9,16,17,27,28
6093,222,0.0045676591932690691,0x1.2b589adab7a00p-8,0,1,8,11,20,22
6094,222,0.3005569905293809,0x1.33c53633a1a96p-2,8,9,19,21,24,28
6095,222,-0.28529184465170387,-0x1.24238b9a60d9cp-2,8,9,12,17,20,21
6096,222,-0.36746222653673855,-0x1.78480495f6692p-2,0,1,15,17,18,22
6097,222,-0.13113243178856293,-0x1.0c8f290fd08b8p-3,13,15,20,23,25,28
6098,222,0.44410396147935782,0x1.c6c3305a4fc14p-2,3,5,13,16,24,26
6099,222,-0.21760013182016269,-0x1.bda5234e2edfcp-3,8,10,12,17,27,29
6100,222,-0.11112618530970486,-0x1.c72c403a26938p-4,2,4,14,16,27,29
6101,222,0.012556509279264438,0x1.9b73a25a6a0c0p-7,0,3,7,10,20,23
6102,222,-0.17640185347895176,-0x1.69455ffd2ac40p-3,1,4,19,22,26,27
6103,222,-0.20664721471649705,-0x1.a736a7a8227f8p-3,16,17,18,20,27,28
6104,222,-0.31906666997961652,-0x1.46b969c3396c8p-2,3,5,7,10,22,23
6105,222,0.10031717859465283,0x1.9ae62f94a80a0p-4,2,3,18,23,25,28
6106,222,-0.46392082946010016,-0x1.db0e0fd9db77ap-2,0,2,12,14,25,28
6107,222,0.32260879218618388,0x1.4a59f58f5debep-2,2,3,6,10,28,29
6108,222,0.27938942970688685,0x1.1e18433dc1b5cp-2,4,5,14,17,25,26
6109,222,0.013494298210962818,0x1.ba2e60bfd0b40p-7,7,9,12,16,26,27
6110,222,0.35590940996632137,0x1.6c73843093768p-2,2,4,9,11,19,21
6111,222,-0.18568711391384307,-0x1.7c49868c637f4p-3,1,4,12,13,24,26
6112,222,0.33312997987074011,0x1.5520068372a78p-2,7,8,15,16,24,28
6113,222,0.4319402418921392,0x1.ba4e8af303240p-2,2,3,7,10,21,23
6114,222,0.31961218807595748,0x1.47486adcc1c7cp-2,0,5,14,17,25,27
6115,222,0.2880215131242212,0x1.26ef1c8da6e04p-2,8,10,12,13,27,28
6116,222,-0.33782652684655556,-0x1.59ef32721be02p-2,7,10,14,17,18,21
6117,222,-0.20765126999361139,-0x1.a94511acc36f4p-3,2,3,7,11,12,14
6118,222,-0.1905970067926348,-0x1.8657b9371e6d0p-3,6,10,14,17,26,28
6119,222,-0.13184080605692361,-0x1.0e028d7257958p-3,0,3,7,8,12,16
6120,222,0.07397219834224833,0x1.2efd78cb17460p-4,1,4,13,14,24,29
6121,222,0.29751937615177215,0x1.30a8eb59fe23ep-2,13,16,21,23,24,26
6122,222,0.35779343132542996,0x1.6e6166b910bc6p-2,6,10,13,15,24,28
6123,222,0.14140858326074901,0x1.219ad2c3d4318p-3,1,2,16,17,19,21
6124,222,-0.010707153210107179,-0x1.5eda1c6f722c0p-7,1,4,12,16,27,29
6125,222,0.16729793482521549,0x1.56a04cb619e30p-3,0,5,16,17,18,19
6126,222,0.29278267257994173,0x1.2bcf388e43eaep-2,0,5,8,10,25,28
6127,222,-0.43790020282085906,-0x1.c068e9281c036p-2,1,4,6,9,19,21
6128,222,0.36389666892115735,0x1.74a154108f104p-2,16,17,19,21,28,29
6129,222,-0.19649439342658337,-0x1.926ba70cea904p-3,7,11,14,15,27,28
6130,222,-0.012716240548571789,-0x1.a0af8ea4602c0p-7,0,4,8,11,19,22
6131,222,0.43857101586191249,0x1.c118c2a866d24p-2,10,11,12,15,25,26
6132,222,0.4898534919698091,0x1.f59c275f5dee2p-2,8,10,18,22,26,29
6133,222,0.035943383343741253,0x1.2672bcff01b80p-5,0,5,7,8,18,23
6134,222,-0.16465529789288036,-0x1.5136cbfc81250p-3,0,2,7,9,19,22
6135,222,-0.19754121987465556,-0x1.94907db7c9ea0p-3,6,11,14,15,26,29
6136,222,-0.12481047326113193,-0x1.ff39444dad710p-4,0,5,9,10,20,22
6137,222,0.27675735829421755,0x1.1b6647eb343e4p-2,9,10,20,23,25,27
6138,222,0.42956442460460809,0x1.b7dfbc8cceb1ap-2,0,4,20,21,25,29
6139,222,-0.10875985910631236,-0x1.bd7afa5faab80p-4,6,11,14,15,24,25
6140,222,0.35558056410820849,0x1.6c1d4fb7c07fap-2,2,5,7,9,12,17
6141,222,-0.0056689876534457007,-0x1.7385d492aea00p-8,14,17,21,22,25,29
6142,222,0.0053772368179961783,0x1.60671046b1280p-8,6,7,14,15,24,28
6143,222,0.30554927040527036,0x1.38e1e86ed445ap-2,4,5,12,14,25,26
6144,222,-0.47501675610224658,-0x1.e66acae20b6cep-2,4,5,20,22,25,27
6145,222,-0.14387491922739093,-0x1.26a7e4c65ecb0p-3,6,7,16,17,26,29
6146,222,-0.3393089145898307,-0x1.5b73cbcd9e4a4p-2,1,4,12,14,24,27
6147,222,0.045317043557450809,0x1.733cba80fb280p-5,13,14,18,22,27,29
6148,222,0.098248593652129013,0x1.926d1e09d27b8p-4,12,13,21,23,24,28
6149,222,0.4790157540954153,0x1.ea831b186f316p-2,0,1,8,9,26,28
