seed,label,trial,optimizer,optimizer_execution,restart,initializer_role,step,max_steps,restart_count,parameter_count,energy_min,objective_calls,gradient_l2,gradient_abs_mean,gradient_variance,gamma_gradient_variance,beta_gradient_variance,spsa_a_k,spsa_c_k,spsa_update_l2,elapsed_sec
25875877,XY-Warm-Same-State S2 p2=20,0,spsa,sequential,0,deterministic_linear_ramp,1,120,5,40,3.7733047008514404,19,13.801278114318848,2.182173728942871,4.464264869689941,4.33331298828125,4.571406841278076,0.01452648376722488,0.01,0.200484037399292,0.27704858779907227
25875877,XY-Warm-Same-State S2 p2=20,0,spsa,sequential,0,deterministic_linear_ramp,5,120,5,40,3.506415843963623,27,74.4945297241211,11.778619766235352,135.61428833007812,138.73587036132812,126.2496337890625,0.012360161647733615,0.008499708457906336,0.25,0.3851041793823242
25875877,XY-Warm-Same-State S2 p2=20,0,spsa,sequential,0,deterministic_linear_ramp,10,120,5,40,3.3489937782287598,37,18.204452514648438,2.8783767223358154,8.264339447021484,8.285051345825195,8.202201843261719,0.010583174264585798,0.007925013304804718,0.19266091287136078,0.512702226638794
25875877,XY-Warm-Same-State S2 p2=20,0,spsa,sequential,0,deterministic_linear_ramp,15,120,5,40,2.8560781478881836,47,8.027360916137695,1.2692371606826782,1.5465244054794312,1.5465244054794312,1.5465246438980103,0.009355638129127297,0.007607023936737776,0.07510107755661011,0.6455426216125488
25875877,XY-Warm-Same-State S2 p2=20,0,spsa,sequential,0,deterministic_linear_ramp,20,120,5,40,2.660043954849243,57,3.5041472911834717,0.5540543794631958,0.3062087595462799,0.2946971654891968,0.3039064109325409,0.008446059066161238,0.007389175310232022,0.0295962356030941,0.7727136611938477
25875877,XY-Warm-Same-State S2 p2=20,0,spsa,sequential,0,deterministic_linear_ramp,25,120,5,40,2.5401952266693115,67,30.063472747802734,4.753452301025391,20.561731338500977,16.946481704711914,22.369354248046875,0.007739215918490978,0.007224504386940453,0.2326676994562149,0.9046521186828613
25875877,XY-Warm-Same-State S2 p2=20,0,spsa,sequential,0,deterministic_linear_ramp,30,120,5,40,2.4589526653289795,77,79.99788665771484,12.64877700805664,153.59190368652344,153.59190368652344,153.59188842773438,0.0071706467527234575,0.007092686320615818,0.25,1.0341212749481201
25875877,XY-Warm-Same-State S2 p2=20,0,spsa,sequential,0,deterministic_linear_ramp,35,120,5,40,2.4589526653289795,87,12.922028541564941,2.043152332305908,4.164034366607666,4.132725715637207,4.1744704246521,0.00670118319538679,0.006983113928013742,0.08659287542104721,1.1602551937103271
25875877,XY-Warm-Same-State S2 p2=20,0,spsa,sequential,0,deterministic_linear_ramp,40,120,5,40,2.4589526653289795,97,6.6639204025268555,1.053658366203308,1.1101958751678467,1.1101958751678467,1.1101958751678467,0.006305512461960731,0.006889567205173026,0.04201943427324295,1.2880854606628418
25875877,XY-Warm-Same-State S2 p2=20,0,spsa,sequential,0,deterministic_linear_ramp,45,120,5,40,2.4589526653289795,107,0.668552815914154,0.10570748150348663,0.0107271084561944,0.010727109387516975,0.010727109387516975,0.00596647380293101,0.006808093884711353,0.003988902550190687,1.413701057434082
25875877,XY-Warm-Same-State S2 p2=20,0,spsa,sequential,0,deterministic_linear_ramp,50,120,5,40,2.447035551071167,117,17.70298194885254,2.7990872859954834,7.81530237197876,7.756540775299072,7.521493434906006,0.005671978868064621,0.006736030261586891,0.10041093826293945,1.5406010150909424
25875877,XY-Warm-Same-State S2 p2=20,0,spsa,sequential,0,deterministic_linear_ramp,55,120,5,40,2.447035551071167,127,5.070417881011963,0.8017034530639648,0.6411216855049133,0.6427284479141235,0.6363011598587036,0.005413241093207325,0.00667149812587736,0.027447395026683807,1.6684391498565674
25875877,XY-Warm-Same-State S2 p2=20,0,spsa,sequential,0,deterministic_linear_ramp,60,120,5,40,2.447035551071167,137,10.459046363830566,1.653720498085022,2.7347912788391113,2.7347910404205322,2.7347912788391113,0.0051837045238623345,0.006613124877877567,0.05421660095453262,1.7968006134033203
25875877,XY-Warm-Same-State S2 p2=20,0,spsa,sequential,0,deterministic_linear_ramp,65,120,5,40,2.447035551071167,147,40.12123489379883,6.343724727630615,39.84040832519531,39.84040832519531,36.62097930908203,0.0049783678651922365,0.00655987782624524,0.1997382789850235,1.9272444248199463
25875877,XY-Warm-Same-State S2 p2=20,0,spsa,sequential,0,deterministic_linear_ramp,70,120,5,40,2.447035551071167,157,64.9902572631836,10.275862693786621,105.32936096191406,101.3696060180664,104.53739929199219,0.004793342502430803,0.006510961059728841,0.25,2.056919574737549
25875877,XY-Warm-Same-State S2 p2=20,0,spsa,sequential,0,deterministic_linear_ramp,75,120,5,40,2.376234292984009,167,27.93240737915039,4.416501522064209,16.38460922241211,14.629114151000977,17.74999237060547,0.004625554593721068,0.006465748569458605,0.12920287251472473,2.187617540359497
25875877,XY-Warm-Same-State S2 p2=20,0,spsa,sequential,0,deterministic_linear_ramp,80,120,5,40,2.323662281036377,177,27.405704498291016,4.333222389221191,17.086902618408203,18.02574348449707,15.7725248336792,0.00447253892691846,0.006423739359501706,0.12257308512926102,2.3173742294311523
25875877,XY-Warm-Same-State S2 p2=20,0,spsa,sequential,0,deterministic_linear_ramp,85,120,5,40,2.266437530517578,187,22.238149642944336,3.516159772872925,12.239748001098633,12.363381385803223,11.86884593963623,0.004332292962114781,0.006384526420430394,0.09634216874837875,2.4465699195861816
25875877,XY-Warm-Same-State S2 p2=20,0,spsa,sequential,0,deterministic_linear_ramp,90,120,5,40,2.207475185394287,197,24.468711853027344,3.8688430786132812,14.818265914916992,14.818265914916992,14.818267822265625,0.004203171375528706,0.006347774736498105,0.1028461828827858,2.5780088901519775
25875877,XY-Warm-Same-State S2 p2=20,0,spsa,sequential,0,deterministic_linear_ramp,95,120,5,40,2.102536916732788,207,5.480469226837158,0.8665382266044617,0.6833085417747498,0.7433795928955078,0.5631664395332336,0.0040838084841384415,0.006313205349806472,0.022381186485290527,2.709381580352783
25875877,XY-Warm-Same-State S2 p2=20,0,spsa,sequential,0,deterministic_linear_ramp,100,120,5,40,2.102536916732788,217,16.381311416625977,2.5901126861572266,6.64159631729126,6.440335750579834,6.708683967590332,0.003973060255012091,0.0062805835881331795,0.06508393585681915,2.837588310241699
25875877,XY-Warm-Same-State S2 p2=20,0,spsa,sequential,0,deterministic_linear_ramp,105,120,5,40,2.102536916732788,227,49.115875244140625,7.7659010887146,60.15845489501953,59.70613479614258,60.309226989746094,0.0038699603233052007,0.006249710218466985,0.19007648527622223,2.9634270668029785
25875877,XY-Warm-Same-State S2 p2=20,0,spsa,sequential,0,deterministic_linear_ramp,110,120,5,40,2.102536916732788,237,2.4619171619415283,0.3892633020877838,0.15152589976787567,0.15001066029071808,0.15001066029071808,0.003773686195457984,0.006220414696856706,0.009290503337979317,3.0909390449523926
25875877,XY-Warm-Same-State S2 p2=20,0,spsa,sequential,0,deterministic_linear_ramp,115,120,5,40,2.102536916732788,247,2.117727279663086,0.33484208583831787,0.11211921274662018,0.11099803447723389,0.11099801957607269,0.00368353296810854,0.006192549946726541,0.007800718769431114,3.218194007873535
25875877,XY-Warm-Same-State S2 p2=20,0,spsa,sequential,0,deterministic_linear_ramp,120,120,5,40,2.102536916732788,257,27.289928436279297,4.314916610717773,16.94283676147461,15.639543533325195,17.87376594543457,0.003598892668146906,0.006165988269252272,0.09821352362632751,3.345367908477783
25875877,XY-Warm-Same-State S2 p2=20,0,spsa,sequential,1,random_shared_stream,1,120,5,40,2.8767433166503906,19,0.20266062021255493,0.03204345703125,0.0010036805178970098,0.0009343726560473442,0.001026783138513565,2.160898505924781,0.01,0.25,3.6070778369903564
25875877,XY-Warm-Same-State S2 p2=20,0,spsa,sequential,1,random_shared_stream,5,120,5,40,2.875264883041382,27,0.88170325756073,0.13940952718257904,0.01899772696197033,0.016325412318110466,0.019240666180849075,1.8386455570093418,0.008499708457906336,0.25,3.705937623977661
25875877,XY-Warm-Same-State S2 p2=20,0,spsa,sequential,1,random_shared_stream,10,120,5,40,2.875264883041382,37,0.272085964679718,0.043020568788051605,0.0018461424624547362,0.0016842000186443329,0.0015546462964266539,1.5743084026902088,0.007925013304804718,0.25,3.8350701332092285
25875877,XY-Warm-Same-State S2 p2=20,0,spsa,sequential,1,random_shared_stream,15,120,5,40,2.8750696182250977,47,0.04797010123729706,0.00758473901078105,5.738444815506227e-05,5.6952983868541196e-05,5.5227130360435694e-05,1.3917053004125748,0.007607023936737776,0.06676024198532104,3.9665493965148926
25875877,XY-Warm-Same-State S2 p2=20,0,spsa,sequential,1,random_shared_stream,20,120,5,40,2.8742763996124268,57,0.12560363113880157,0.01985967718064785,0.00038553267950192094,0.0003589102125260979,0.000394406815757975,1.2564001522652675,0.007389175310232022,0.15780840814113617,4.0970611572265625
25875877,XY-Warm-Same-State S2 p2=20,0,spsa,sequential,1,random_shared_stream,25,120,5,40,2.873457908630371,67,0.18189862370491028,0.028760699555277824,0.000818906060885638,0.0008271777769550681,0.000794090679846704,1.1512531444828307,0.007224504386940453,0.2094113826751709,4.224226713180542
25875877,XY-Warm-Same-State S2 p2=20,0,spsa,sequential,1,random_shared_stream,30,120,5,40,2.873387575149536,77,0.105342335999012,0.01665608584880829,0.0002746509271673858,0.0002746509562712163,0.00025245692813768983,1.0666751915170904,0.007092686320615818,0.11236605793237686,4.3521952629089355
25875877,XY-Warm-Same-State S2 p2=20,0,spsa,sequential,1,random_shared_stream,35,120,5,40,2.8726916313171387,87,0.23990264534950256,0.03793193772435188,0.0014064580900594592,0.0013093369780108333,0.0014388320269063115,0.9968397711985271,0.006983113928013742,0.23914450407028198,4.479671955108643
25875877,XY-Warm-Same-State S2 p2=20,0,spsa,sequential,1,random_shared_stream,40,120,5,40,2.8723866939544678,97,0.6506884098052979,0.10288287699222565,0.010479036718606949,0.009632246568799019,0.010479036718606949,0.9379814603781466,0.006889567205173026,0.25,4.6030113697052
25875877,XY-Warm-Same-State S2 p2=20,0,spsa,sequential,1,random_shared_stream,45,120,5,40,2.8723866939544678,107,0.23056600987911224,0.03645568713545799,0.0013290171045809984,0.0013290171045809984,0.0013290171045809984,0.8875474982791391,0.006808093884711353,0.2046382874250412,4.732555866241455
25875877,XY-Warm-Same-State S2 p2=20,0,spsa,sequential,1,random_shared_stream,50,120,5,40,2.8723866939544678,117,0.39555108547210693,0.06254211813211441,0.003872401313856244,0.0037550560664385557,0.003285673912614584,0.8437396728650495,0.006736030261586891,0.25,4.860645532608032
25875877,XY-Warm-Same-State S2 p2=20,0,spsa,sequential,1,random_shared_stream,55,120,5,40,2.8723866939544678,127,0.023167040199041367,0.0036630311515182257,1.3384250451053958e-05,1.2881083421234507e-05,1.3283616681292187e-05,0.8052509318817079,0.00667149812587736,0.018655281513929367,4.992048740386963
25875877,XY-Warm-Same-State S2 p2=20,0,spsa,sequential,1,random_shared_stream,60,120,5,40,2.8723866939544678,137,0.1547081470489502,0.02446150593459606,0.000598365266341716,0.000598365266341716,0.000598365266341716,0.7711060391670792,0.006613124877877567,0.11929638683795929,5.116511106491089
25875877,XY-Warm-Same-State S2 p2=20,0,spsa,sequential,1,random_shared_stream,65,120,5,40,2.8723866939544678,147,0.06148910149931908,0.009722280316054821,9.452273661736399e-05,9.35775096877478e-05,9.35775096877478e-05,0.740561023178219,0.00655987782624524,0.045536428689956665,5.246253490447998
25875877,XY-Warm-Same-State S2 p2=20,0,spsa,sequential,1,random_shared_stream,70,120,5,40,2.8723866939544678,157,0.4668910503387451,0.07382195442914963,0.005327063612639904,0.0052316938526928425,0.005395184271037579,0.7130374299703801,0.006510961059728841,0.25,5.372903108596802
25875877,XY-Warm-Same-State S2 p2=20,0,spsa,sequential,1,random_shared_stream,75,120,5,40,2.8723866939544678,167,0.1286165416240692,0.020336059853434563,0.00036289478885009885,0.0003763353161048144,0.0003473864635452628,0.6880780077830813,0.006465748569458605,0.08849820494651794,5.498047590255737
25875877,XY-Warm-Same-State S2 p2=20,0,spsa,sequential,1,random_shared_stream,80,120,5,40,2.8723866939544678,177,0.0660785660147667,0.010447938926517963,0.0001067033372237347,0.00010479305638000369,0.00010806784121086821,0.665316042046895,0.006423739359501706,0.04396313056349754,5.625864744186401
25875877,XY-Warm-Same-State S2 p2=20,0,spsa,sequential,1,random_shared_stream,85,120,5,40,2.8723866939544678,187,0.27361345291137695,0.04326208680868149,0.0017967440653592348,0.001572150969877839,0.0018716081976890564,0.6444536433644267,0.006384526420430394,0.17633120715618134,5.749569416046143
25875877,XY-Warm-Same-State S2 p2=20,0,spsa,sequential,1,random_shared_stream,90,120,5,40,2.872081756591797,197,0.11307211965322495,0.017878271639347076,0.0003188334812875837,0.00031643625698052347,0.0003068473015446216,0.6252460603038914,0.006347774736498105,0.07069789618253708,5.876253604888916
25875877,XY-Warm-Same-State S2 p2=20,0,spsa,sequential,1,random_shared_stream,95,120,5,40,2.872081756591797,207,0.334505558013916,0.05288996919989586,0.0027693756856024265,0.0027973486576229334,0.0026854549068957567,0.6074901396143962,0.006313205349806472,0.2032088041305542,6.003156423568726
25875877,XY-Warm-Same-State S2 p2=20,0,spsa,sequential,1,random_shared_stream,100,120,5,40,2.872081756591797,217,0.7141411304473877,0.11291562765836716,0.012749940156936646,0.010709949769079685,0.01070994883775711,0.5910156997783158,0.0062805835881331795,0.25,6.1295270919799805
25875877,XY-Warm-Same-State S2 p2=20,0,spsa,sequential,1,random_shared_stream,105,120,5,40,2.872081756591797,227,0.2754140794277191,0.04354679211974144,0.0018963230540975928,0.0018963230540975928,0.001896322937682271,0.5756789884339623,0.006249710218466985,0.15855011343955994,6.2565529346466064
25875877,XY-Warm-Same-State S2 p2=20,0,spsa,sequential,1,random_shared_stream,110,120,5,40,2.872081756591797,237,0.20786666870117188,0.03286660835146904,0.0009829946793615818,0.0008101604180410504,0.0010694117518141866,0.5613576549056348,0.006220414696856706,0.11668755859136581,6.384971380233765
25875877,XY-Warm-Same-State S2 p2=20,0,spsa,sequential,1,random_shared_stream,115,120,5,40,2.872081756591797,247,0.36050307750701904,0.0570005439221859,0.0032165709417313337,0.0031190987210720778,0.002729211701080203,0.5479468407399073,0.006192549946726541,0.19753652811050415,6.512282133102417
25875877,XY-Warm-Same-State S2 p2=20,0,spsa,sequential,1,random_shared_stream,120,120,5,40,2.872081756591797,257,0.11787303537130356,0.018637362867593765,0.00034648290602490306,0.0003438778221607208,0.00033345725387334824,0.5353561064191363,0.006165988269252272,0.0631040409207344,6.640736818313599
25875877,XY-Warm-Same-State S2 p2=20,0,spsa,sequential,2,random_shared_stream,1,120,5,40,2.8752360343933105,19,0.28702715039253235,0.04538297653198242,0.0020390183199197054,0.001977229956537485,0.0017300762701779604,1.046091532610051,0.01,0.25,6.89480996131897
25875877,XY-Warm-Same-State S2 p2=20,0,spsa,sequential,2,random_shared_stream,5,120,5,40,2.872520923614502,27,0.2452625334262848,0.03877941519021988,0.0014700061874464154,0.0015038426499813795,0.0013684967998415232,0.8900887956491164,0.008499708457906336,0.21830543875694275,6.998582124710083
25875877,XY-Warm-Same-State S2 p2=20,0,spsa,sequential,2,random_shared_stream,10,120,5,40,2.872520923614502,37,0.4027062654495239,0.06367345154285431,0.004044172819703817,0.0038921362720429897,0.003689420875161886,0.7621231100191284,0.007925013304804718,0.25,7.125004291534424
25875877,XY-Warm-Same-State S2 p2=20,0,spsa,sequential,2,random_shared_stream,15,120,5,40,2.872520923614502,47,0.2724582850933075,0.0430794358253479,0.0017398478230461478,0.0013918783515691757,0.0018558378797024488,0.6737249003867832,0.007607023936737776,0.18356192111968994,7.2526257038116455
25875877,XY-Warm-Same-State S2 p2=20,0,spsa,sequential,2,random_shared_stream,20,120,5,40,2.8721673488616943,57,0.016325410455465317,0.002581274136900902,6.596346793230623e-06,6.396458047674969e-06,5.596900336968247e-06,0.6082236427352248,0.007389175310232022,0.00992950052022934,7.381381034851074
25875877,XY-Warm-Same-State S2 p2=20,0,spsa,sequential,2,random_shared_stream,25,120,5,40,2.8721673488616943,67,0.6305401921272278,0.09969715774059296,0.009840128943324089,0.009840128012001514,0.009840128012001514,0.5573219487320549,0.007224504386940453,0.25,7.5073912143707275
25875877,XY-Warm-Same-State S2 p2=20,0,spsa,sequential,2,random_shared_stream,30,120,5,40,2.8721673488616943,77,0.0233857873827219,0.0036976176779717207,1.3638195923704188e-05,1.3535653124563396e-05,1.3125481018505525e-05,0.5163777395522315,0.007092686320615818,0.01207590103149414,7.633817434310913
25875877,XY-Warm-Same-State S2 p2=20,0,spsa,sequential,2,random_shared_stream,35,120,5,40,2.8721673488616943,87,0.1779295951128006,0.02813313901424408,0.000783558760304004,0.0007835586438886821,0.0007202408742159605,0.482570394287652,0.006983113928013742,0.08586355298757553,7.761190891265869
25875877,XY-Warm-Same-State S2 p2=20,0,spsa,sequential,2,random_shared_stream,40,120,5,40,2.8710126876831055,97,0.543662965297699,0.08596066385507584,0.007315342780202627,0.006724204868078232,0.007315343711525202,0.45407707060580677,0.006889567205173026,0.24686488509178162,7.890670537948608
25875877,XY-Warm-Same-State S2 p2=20,0,spsa,sequential,2,random_shared_stream,45,120,5,40,2.8704216480255127,107,0.049834150820970535,0.007879472337663174,6.146520900074393e-05,6.208607373991981e-05,5.9602618421195075e-05,0.4296619763461302,0.006808093884711353,0.021411841735243797,8.01996922492981
25875877,XY-Warm-Same-State S2 p2=20,0,spsa,sequential,2,random_shared_stream,50,120,5,40,2.869962692260742,117,0.07286468148231506,0.011520917527377605,0.00013239969848655164,0.00012742225953843445,0.0001314042165176943,0.4084545965908619,0.006736030261586891,0.029761910438537598,8.147126197814941
25875877,XY-Warm-Same-State S2 p2=20,0,spsa,sequential,2,random_shared_stream,55,120,5,40,2.869962692260742,127,0.044186897575855255,0.006986561696976423,4.6859564463375136e-05,4.6859564463375136e-05,4.685956082539633e-05,0.38982218700147026,0.00667149812587736,0.017225032672286034,8.273682117462158
25875877,XY-Warm-Same-State S2 p2=20,0,spsa,sequential,2,random_shared_stream,60,120,5,40,2.869962692260742,137,0.6099399924278259,0.09643997997045517,0.009277417324483395,0.00920766219496727,0.00892864353954792,0.3732926354965209,0.006613124877877567,0.2276861071586609,8.400140762329102
25875877,XY-Warm-Same-State S2 p2=20,0,spsa,sequential,2,random_shared_stream,65,120,5,40,2.869962692260742,147,0.8754438161849976,0.13841982185840607,0.01839364506304264,0.018968448042869568,0.017435643821954727,0.3585057852572448,0.00655987782624524,0.25,8.527074098587036
25875877,XY-Warm-Same-State S2 p2=20,0,spsa,sequential,2,random_shared_stream,70,120,5,40,2.869962692260742,157,0.005789818707853556,0.0009154508006758988,8.191939855350938e-07,8.296696023535333e-07,7.039620868454222e-07,0.34518160657750535,0.006510961059728841,0.0019985390827059746,8.655004501342773
25875877,XY-Warm-Same-State S2 p2=20,0,spsa,sequential,2,random_shared_stream,75,120,5,40,2.869962692260742,167,0.2666781544685364,0.042165517807006836,0.0017734861467033625,0.0016179170925170183,0.0014934618957340717,0.3330987437603094,0.006465748569458605,0.08883015066385269,8.781131982803345
25875877,XY-Warm-Same-State S2 p2=20,0,spsa,sequential,2,random_shared_stream,80,120,5,40,2.869962692260742,177,0.44916993379592896,0.07101999968290329,0.00504384096711874,0.004993402399122715,0.004993402399122715,0.32207967018656264,0.006423739359501706,0.14466848969459534,8.907935857772827
25875877,XY-Warm-Same-State S2 p2=20,0,spsa,sequential,2,random_shared_stream,85,120,5,40,2.869962692260742,187,0.4442528188228607,0.07024253904819489,0.004884674213826656,0.00448995316401124,0.004884674213826656,0.3119801775209757,0.006384526420430394,0.13859808444976807,9.030014991760254
25875877,XY-Warm-Same-State S2 p2=20,0,spsa,sequential,2,random_shared_stream,90,120,5,40,2.869962692260742,197,0.37627360224723816,0.05949408560991287,0.0033979639410972595,0.003504150314256549,0.0032209870405495167,0.3026817815313264,0.006347774736498105,0.11389116197824478,9.155523777008057
25875877,XY-Warm-Same-State S2 p2=20,0,spsa,sequential,2,random_shared_stream,95,120,5,40,2.869962692260742,207,1.2225395441055298,0.19330047070980072,0.03736507147550583,0.0369914211332798,0.0369914211332798,0.29408613567565606,0.006313205349806472,0.25,9.284722566604614
25875877,XY-Warm-Same-State S2 p2=20,0,spsa,sequential,2,random_shared_stream,100,120,5,40,2.869962692260742,217,0.13204829394817352,0.020878667011857033,0.0003825186868198216,0.0003966860531363636,0.00036617176374420524,0.2861108550367156,0.0062805835881331795,0.03778044879436493,9.412871360778809
25875877,XY-Warm-Same-State S2 p2=20,0,spsa,sequential,2,random_shared_stream,105,120,5,40,2.869962692260742,227,0.2182321846485138,0.03450554236769676,0.0011638430878520012,0.0011430068407207727,0.0011787260882556438,0.27868634905856604,0.006249710218466985,0.06081832945346832,9.541832685470581
25875877,XY-Warm-Same-State S2 p2=20,0,spsa,sequential,2,random_shared_stream,110,120,5,40,2.869962692260742,237,0.1655661016702652,0.026178300380706787,0.0006424719467759132,0.000678450393024832,0.0005756548489443958,0.27175338774706,0.006220414696856706,0.04499315097928047,9.670952558517456
25875877,XY-Warm-Same-State S2 p2=20,0,spsa,sequential,2,random_shared_stream,115,120,5,40,2.869962692260742,247,0.40689000487327576,0.06433495879173279,0.00409759720787406,0.004138987045735121,0.003973427694290876,0.26526120909743356,0.006192549946726541,0.10793212801218033,9.79759693145752
25875877,XY-Warm-Same-State S2 p2=20,0,spsa,sequential,2,random_shared_stream,120,120,5,40,2.869954824447632,257,0.21923893690109253,0.03466472029685974,0.00109349493868649,0.0009012321243062615,0.0011896262876689434,0.2591660313155115,0.006165988269252272,0.05681928992271423,9.926570892333984
25875877,XY-Warm-Same-State S2 p2=20,0,spsa,sequential,3,random_shared_stream,1,120,5,40,2.8754618167877197,19,0.24344907701015472,0.038492679595947266,0.0014816863695159554,0.0011112646898254752,0.001111264806240797,0.7306990701422007,0.01,0.17788802087306976,10.19334602355957
25875877,XY-Warm-Same-State S2 p2=20,0,spsa,sequential,3,random_shared_stream,5,120,5,40,2.8749637603759766,27,0.13757765293121338,0.021752936765551567,0.00047200723201967776,0.00045426259748637676,0.00043060313328169286,0.6217305417835207,0.008499708457906336,0.08553622663021088,10.29509711265564
25875877,XY-Warm-Same-State S2 p2=20,0,spsa,sequential,3,random_shared_stream,10,120,5,40,2.8745644092559814,37,0.41821321845054626,0.06612532585859299,0.004328832495957613,0.004197655711323023,0.004372557159513235,0.532346004594272,0.007925013304804718,0.22263415157794952,10.421493768692017
25875877,XY-Warm-Same-State S2 p2=20,0,spsa,sequential,3,random_shared_stream,15,120,5,40,2.873720645904541,47,0.1485685557126999,0.023490751162171364,0.000551815377548337,0.000551815377548337,0.0005518154357559979,0.47059950577745385,0.007607023936737776,0.06991628557443619,10.547870874404907
25875877,XY-Warm-Same-State S2 p2=20,0,spsa,sequential,3,random_shared_stream,20,120,5,40,2.873720645904541,57,0.3833410441875458,0.060611542314291,0.0033431206829845905,0.002755319233983755,0.0036370214074850082,0.4248466184180456,0.007389175310232022,0.1628611534833908,10.676759958267212
25875877,XY-Warm-Same-State S2 p2=20,0,spsa,sequential,3,random_shared_stream,25,120,5,40,2.872450828552246,67,0.08974917978048325,0.014190591871738434,0.00019935917225666344,0.0002013728953897953,0.0001933179737534374,0.3892915839709369,0.007224504386940453,0.03493860363960266,10.807101488113403
25875877,XY-Warm-Same-State S2 p2=20,0,spsa,sequential,3,random_shared_stream,30,120,5,40,2.872450828552246,77,0.06154714152216911,0.009731458500027657,9.44645144045353e-05,9.47012595133856e-05,9.375425725011155e-05,0.36069189202929763,0.007092686320615818,0.022199556231498718,10.933924674987793
25875877,XY-Warm-Same-State S2 p2=20,0,spsa,sequential,3,random_shared_stream,35,120,5,40,2.872450828552246,87,0.32681605219841003,0.05167415738105774,0.0026635429821908474,0.002563409972935915,0.0026435162872076035,0.33707732774048316,0.006983113928013742,0.11016228795051575,11.061537265777588
25875877,XY-Warm-Same-State S2 p2=20,0,spsa,sequential,3,random_shared_stream,40,120,5,40,2.872450828552246,97,0.31877821683883667,0.05040326341986656,0.002515084110200405,0.002438869560137391,0.00254048896022141,0.3171746285305603,0.006889567205173026,0.1011083722114563,11.188848495483398
25875877,XY-Warm-Same-State S2 p2=20,0,spsa,sequential,3,random_shared_stream,45,120,5,40,2.872450828552246,107,0.2861587703227997,0.04524567350745201,0.0019192226463928819,0.0018629254773259163,0.0019652838818728924,0.3001205886909795,0.006808093884711353,0.08588213473558426,11.317340612411499
25875877,XY-Warm-Same-State S2 p2=20,0,spsa,sequential,3,random_shared_stream,50,120,5,40,2.872450828552246,117,0.8721375465393066,0.1378970593214035,0.01858774945139885,0.01882544346153736,0.018254976719617844,0.28530715011102736,0.006736030261586891,0.24882706999778748,11.446002006530762
25875877,XY-Warm-Same-State S2 p2=20,0,spsa,sequential,3,random_shared_stream,55,120,5,40,2.872450828552246,127,0.1556147187948227,0.02460484765470028,0.000581182655878365,0.0005993445520289242,0.0005509126931428909,0.2722923383693552,0.00667149812587736,0.0423726961016655,11.57465648651123
25875877,XY-Warm-Same-State S2 p2=20,0,spsa,sequential,3,random_shared_stream,60,120,5,40,2.872450828552246,137,0.37622466683387756,0.05948634073138237,0.0034590058494359255,0.003397080348804593,0.0035032392479479313,0.2607463813110865,0.006613124877877567,0.0980992242693901,11.701343536376953
25875877,XY-Warm-Same-State S2 p2=20,0,spsa,sequential,3,random_shared_stream,65,120,5,40,2.8713245391845703,147,0.06781040877103806,0.010721768252551556,0.00011466891737654805,0.00011380673095118254,0.00011035804345738143,0.25041770797481294,0.00655987782624524,0.01698092743754387,11.829286813735962
25875877,XY-Warm-Same-State S2 p2=20,0,spsa,sequential,3,random_shared_stream,70,120,5,40,2.870959520339966,157,0.7108739614486694,0.11239905655384064,0.012507210485637188,0.012507210485637188,0.012507210485637188,0.24111071650399735,0.006510961059728841,0.1713993400335312,11.959280490875244
25875877,XY-Warm-Same-State S2 p2=20,0,spsa,sequential,3,random_shared_stream,75,120,5,40,2.870959520339966,167,0.3666095733642578,0.05796606466174126,0.003150060772895813,0.0033264639787375927,0.002822454320266843,0.23267078906939492,0.006465748569458605,0.08529933542013168,12.083478212356567
25875877,XY-Warm-Same-State S2 p2=20,0,spsa,sequential,3,random_shared_stream,80,120,5,40,2.870959520339966,177,0.7886001467704773,0.12468864023685455,0.014925365336239338,0.014925365336239338,0.014925365336239338,0.22497392262590502,0.006423739359501706,0.17741446197032928,12.210825681686401
25875877,XY-Warm-Same-State S2 p2=20,0,spsa,sequential,3,random_shared_stream,85,120,5,40,2.870959520339966,187,0.47767218947410583,0.07552661001682281,0.005476097110658884,0.004791585262864828,0.005704267881810665,0.2179193870813531,0.006384526420430394,0.10409402847290039,12.339406490325928
25875877,XY-Warm-Same-State S2 p2=20,0,spsa,sequential,3,random_shared_stream,90,120,5,40,2.8708317279815674,197,0.07458958774805069,0.0117936497554183,0.00013909015979152173,0.0001376992731820792,0.0001376992731820792,0.21142442073123027,0.006347774736498105,0.01577005907893181,12.467567682266235
25875877,XY-Warm-Same-State S2 p2=20,0,spsa,sequential,3,random_shared_stream,95,120,5,40,2.8708317279815674,207,0.5204480886459351,0.08229006826877594,0.00650078896433115,0.006703937891870737,0.0061622061766684055,0.20542032812726954,0.006313205349806472,0.10691061615943909,12.593860149383545
25875877,XY-Warm-Same-State S2 p2=20,0,spsa,sequential,3,random_shared_stream,100,120,5,40,2.8708317279815674,217,0.27093905210494995,0.042839229106903076,0.001835199655033648,0.001835199655033648,0.0018351994222030044,0.1998495630791509,0.0062805835881331795,0.05414704978466034,12.721600770950317
25875877,XY-Warm-Same-State S2 p2=20,0,spsa,sequential,3,random_shared_stream,105,120,5,40,2.8708317279815674,227,0.05259770154953003,0.008316426537930965,6.639643834205344e-05,6.639644561801106e-05,6.639643106609583e-05,0.19466351630849862,0.006249710218466985,0.01023885328322649,12.8487229347229
25875877,XY-Warm-Same-State S2 p2=20,0,spsa,sequential,3,random_shared_stream,110,120,5,40,2.870424270629883,237,0.411006361246109,0.06498581171035767,0.0038430714048445225,0.0035474509932100773,0.004054229240864515,0.1898208154302976,0.006220414696856706,0.07801756262779236,12.978116989135742
25875877,XY-Warm-Same-State S2 p2=20,0,spsa,sequential,3,random_shared_stream,115,120,5,40,2.8697638511657715,247,0.10080936551094055,0.015939360484480858,0.0002534280647523701,0.0002439006930217147,0.00025152257876470685,0.18528600298358658,0.006192549946726541,0.018678564578294754,13.117250919342041
25875877,XY-Warm-Same-State S2 p2=20,0,spsa,sequential,3,random_shared_stream,120,120,5,40,2.8694212436676025,257,0.18377920985221863,0.029058044776320457,0.000810595229268074,0.0008359262719750404,0.0007683766889385879,0.1810284972120892,0.006165988269252272,0.03326927497982979,13.247546911239624
25875877,XY-Warm-Same-State S2 p2=20,0,spsa,sequential,4,continuation,1,120,5,40,0.056434787809848785,19,5.56284236907959,0.8795625567436218,0.756223738193512,0.7658940553665161,0.7426851391792297,0.05864863838820501,0.01,0.25,13.513466596603394
25875877,XY-Warm-Same-State S2 p2=20,0,spsa,sequential,4,continuation,5,120,5,40,0.056434787809848785,27,382.3891296386719,60.461036682128906,3618.981201171875,3070.650634765625,3509.31494140625,0.04990241702766686,0.008499708457906336,0.25,13.616432905197144
25875877,XY-Warm-Same-State S2 p2=20,0,spsa,sequential,4,continuation,10,120,5,40,0.056434787809848785,37,194.82505798339844,30.804548263549805,939.4308471679688,863.5172729492188,939.4309692382812,0.0427280799943802,0.007925013304804718,0.25,13.744279384613037
25875877,XY-Warm-Same-State S2 p2=20,0,spsa,sequential,4,continuation,15,120,5,40,0.056434787809848785,47,228.22271728515625,36.085182189941406,1298.884765625,1093.7977294921875,1184.947509765625,0.03777207521919888,0.007607023936737776,0.25,13.8737051486969
25875877,XY-Warm-Same-State S2 p2=20,0,spsa,sequential,4,continuation,20,120,5,40,0.056434787809848785,57,81.15096282958984,12.831094741821289,162.9906005859375,149.81964111328125,162.99058532714844,0.034099777476386636,0.007389175310232022,0.25,14.001810550689697
25875877,XY-Warm-Same-State S2 p2=20,0,spsa,sequential,4,continuation,25,120,5,40,0.056434787809848785,67,115.51335144042969,18.264265060424805,326.0777282714844,320.24005126953125,330.2475280761719,0.03124599752322091,0.007224504386940453,0.25,14.129417419433594
25875877,XY-Warm-Same-State S2 p2=20,0,spsa,sequential,4,continuation,30,120,5,40,0.056434787809848785,77,168.13563537597656,26.584577560424805,643.1331787109375,643.1331787109375,643.1331787109375,0.028950479355430117,0.007092686320615818,0.25,14.258749723434448
25875877,XY-Warm-Same-State S2 p2=20,0,spsa,sequential,4,continuation,35,120,5,40,0.056434787809848785,87,20.542985916137695,3.248131513595581,10.312973022460938,9.600824356079102,10.550355911254883,0.02705508616517989,0.006983113928013742,0.25,14.383015394210815
25875877,XY-Warm-Same-State S2 p2=20,0,spsa,sequential,4,continuation,40,120,5,40,0.056434787809848785,97,31.77911376953125,5.02471923828125,25.184682846069336,24.995325088500977,25.247802734375,0.025457621139413782,0.006889567205173026,0.25,14.506891250610352
25875877,XY-Warm-Same-State S2 p2=20,0,spsa,sequential,4,continuation,45,120,5,40,0.056434787809848785,107,41.78527069091797,6.6068315505981445,42.66809844970703,41.904212951660156,43.213722229003906,0.024088800161695876,0.006808093884711353,0.25,14.6377592086792
25875877,XY-Warm-Same-State S2 p2=20,0,spsa,sequential,4,continuation,50,120,5,40,0.056434787809848785,117,78.60956573486328,12.429264068603516,154.48660278320312,148.30714416503906,148.30714416503906,0.022899818215417464,0.006736030261586891,0.25,14.76636528968811
25875877,XY-Warm-Same-State S2 p2=20,0,spsa,sequential,4,continuation,55,120,5,40,0.056434787809848785,127,126.103515625,19.938718795776367,397.5523986816406,381.65032958984375,381.65032958984375,0.02185520078162307,0.00667149812587736,0.25,14.896639347076416
25875877,XY-Warm-Same-State S2 p2=20,0,spsa,sequential,4,continuation,60,120,5,40,0.056434787809848785,137,259.58465576171875,41.043941497802734,1667.759033203125,1684.6048583984375,1617.2208251953125,0.02092847911462497,0.006613124877877567,0.25,15.022785902023315
25875877,XY-Warm-Same-State S2 p2=20,0,spsa,sequential,4,continuation,65,120,5,40,0.056434787809848785,147,1.628943920135498,0.2575586438179016,0.0656730905175209,0.06633645296096802,0.06368299573659897,0.02009946118880344,0.00655987782624524,0.032740894705057144,15.150904417037964
25875877,XY-Warm-Same-State S2 p2=20,0,spsa,sequential,4,continuation,70,120,5,40,0.056434787809848785,157,333.4078369140625,52.716407775878906,2438.589599609375,2667.85888671875,2084.2646484375,0.019352447268082634,0.006510961059728841,0.25,15.278434991836548
25875877,XY-Warm-Same-State S2 p2=20,0,spsa,sequential,4,continuation,75,120,5,40,0.056434787809848785,167,1.6920711994171143,0.26753994822502136,0.07157762348651886,0.06871452927589417,0.06871452182531357,0.018675027147596706,0.006465748569458605,0.03159947693347931,15.405983686447144
25875877,XY-Warm-Same-State S2 p2=20,0,spsa,sequential,4,continuation,80,120,5,40,0.056434787809848785,177,94.44340515136719,14.932812690734863,222.9889373779297,222.98892211914062,222.98892211914062,0.018057247879479255,0.006423739359501706,0.25,15.535639762878418
25875877,XY-Warm-Same-State S2 p2=20,0,spsa,sequential,4,continuation,85,120,5,40,0.056434787809848785,187,1.8524706363677979,0.29290133714675903,0.08493326604366302,0.08235953748226166,0.08579118549823761,0.017491024490049394,0.006384526420430394,0.03240160644054413,15.66450023651123
25875877,XY-Warm-Same-State S2 p2=20,0,spsa,sequential,4,continuation,90,120,5,40,0.056434787809848785,197,159.39511108398438,25.20258140563965,633.58203125,635.1700439453125,628.8182983398438,0.01696971421557788,0.006347774736498105,0.25,15.794333219528198
25875877,XY-Warm-Same-State S2 p2=20,0,spsa,sequential,4,continuation,95,120,5,40,0.056434787809848785,207,19.322978973388672,3.0552315711975098,9.311101913452148,9.241094589233398,9.334437370300293,0.01648780330263466,0.006313205349806472,0.25,15.921313762664795
25875877,XY-Warm-Same-State S2 p2=20,0,spsa,sequential,4,continuation,100,120,5,40,0.056434787809848785,217,126.43444061279297,19.99104118347168,363.6739196777344,383.6559753417969,335.6990051269531,0.01604067287890334,0.0062805835881331795,0.25,16.048301696777344
25875877,XY-Warm-Same-State S2 p2=20,0,spsa,sequential,4,continuation,105,120,5,40,0.056434787809848785,227,61.939823150634766,9.793545722961426,87.28132629394531,87.28131103515625,87.28132629394531,0.01562442138202226,0.006249710218466985,0.25,16.173906564712524
25875877,XY-Warm-Same-State S2 p2=20,0,spsa,sequential,4,continuation,110,120,5,40,0.056434787809848785,237,11.971787452697754,1.892905831336975,3.5741348266601562,3.4397690296173096,3.5472614765167236,0.015235728109739074,0.006220414696856706,0.18239890038967133,16.301833629608154
25875877,XY-Warm-Same-State S2 p2=20,0,spsa,sequential,4,continuation,115,120,5,40,0.056434787809848785,247,18.677127838134766,2.953113079071045,7.652569770812988,7.93599796295166,7.325536251068115,0.014871747113713273,0.006192549946726541,0.25,16.428778171539307
25875877,XY-Warm-Same-State S2 p2=20,0,spsa,sequential,4,continuation,120,120,5,40,0.056434787809848785,257,16.625600814819336,2.6287381649017334,6.478372097015381,6.910264492034912,5.1826982498168945,0.01453002378788551,0.006165988269252272,0.2415703684091568,16.55709671974182
25875877,XY-Warm-Same-State S2 p2=26,0,spsa,sequential,0,deterministic_linear_ramp,1,120,5,52,3.838951587677002,19,3.828278064727783,0.5308866500854492,0.2814236879348755,0.27516984939575195,0.2801729440689087,0.01660595020048826,0.01,0.06357220560312271,0.30413174629211426
25875877,XY-Warm-Same-State S2 p2=26,0,spsa,sequential,0,deterministic_linear_ramp,5,120,5,52,3.2655298709869385,27,38.114288330078125,5.285500526428223,27.275297164916992,27.27529525756836,27.275297164916992,0.014129519027539618,0.008499708457906336,0.25,0.43232059478759766
25875877,XY-Warm-Same-State S2 p2=26,0,spsa,sequential,0,deterministic_linear_ramp,10,120,5,52,2.8003602027893066,37,3.5940628051757812,0.4984068274497986,0.24510210752487183,0.19549375772476196,0.23518045246601105,0.012098155865999676,0.007925013304804718,0.043481528759002686,0.597435474395752
25875877,XY-Warm-Same-State S2 p2=26,0,spsa,sequential,0,deterministic_linear_ramp,15,120,5,52,2.7774274349212646,47,12.781296730041504,1.772447109222412,3.0997426509857178,3.141568422317505,2.9742660522460938,0.010694897908921608,0.007607023936737776,0.13669466972351074,0.7587194442749023
25875877,XY-Warm-Same-State S2 p2=26,0,spsa,sequential,0,deterministic_linear_ramp,20,120,5,52,2.7419588565826416,57,4.246280193328857,0.588853120803833,0.3282821476459503,0.3282821476459503,0.3282821476459503,0.009655112585435397,0.007389175310232022,0.04099831357598305,0.9225947856903076
25875877,XY-Warm-Same-State S2 p2=26,0,spsa,sequential,0,deterministic_linear_ramp,25,120,5,52,2.691059112548828,67,23.40342140197754,3.2454710006713867,10.517498016357422,10.47075366973877,10.533080101013184,0.008847084827455042,0.007224504386940453,0.2070520520210266,1.0863535404205322
25875877,XY-Warm-Same-State S2 p2=26,0,spsa,sequential,0,deterministic_linear_ramp,30,120,5,52,2.618647813796997,77,4.5431647300720215,0.6300235986709595,0.3916451632976532,0.39692971110343933,0.3757914900779724,0.008197124974570952,0.007092686320615818,0.0372408889234066,1.2502458095550537
25875877,XY-Warm-Same-State S2 p2=26,0,spsa,sequential,0,deterministic_linear_ramp,35,120,5,52,2.618647813796997,87,18.262571334838867,2.5325629711151123,6.375922679901123,6.262066841125488,6.413874626159668,0.00766045769988841,0.006983113928013742,0.13989964127540588,1.415329933166504
25875877,XY-Warm-Same-State S2 p2=26,0,spsa,sequential,0,deterministic_linear_ramp,40,120,5,52,2.5659878253936768,97,36.06132888793945,5.000807285308838,24.08321189880371,24.416160583496094,23.67627716064453,0.007208146693291731,0.006889567205173026,0.25,1.5757317543029785
25875877,XY-Warm-Same-State S2 p2=26,0,spsa,sequential,0,deterministic_linear_ramp,45,120,5,52,2.530818462371826,107,16.493616104125977,2.287252902984619,5.200570106506348,4.457631587982178,4.9529242515563965,0.006820574643640556,0.006808093884711353,0.11249593645334244,1.7397453784942627
25875877,XY-Warm-Same-State S2 p2=26,0,spsa,sequential,0,deterministic_linear_ramp,50,120,5,52,2.509920358657837,117,14.677842140197754,2.0354504585266113,4.143058776855469,3.9224226474761963,3.9224226474761963,0.0064839227531313685,0.006736030261586891,0.09516999125480652,1.9030218124389648
25875877,XY-Warm-Same-State S2 p2=26,0,spsa,sequential,0,deterministic_linear_ramp,55,120,5,52,2.509920358657837,127,36.76768493652344,5.098761081695557,25.95890235900879,24.612884521484375,25.382036209106445,0.006188146660780686,0.00667149812587736,0.2275238335132599,2.062540054321289
25875877,XY-Warm-Same-State S2 p2=26,0,spsa,sequential,0,deterministic_linear_ramp,60,120,5,52,2.509920358657837,137,7.344611644744873,1.0185143947601318,1.0373715162277222,0.9821268916130066,0.9821268916130066,0.005925751927078242,0.006613124877877567,0.04352234676480293,2.2209768295288086
25875877,XY-Warm-Same-State S2 p2=26,0,spsa,sequential,0,deterministic_linear_ramp,65,120,5,52,2.509920358657837,147,9.745061874389648,1.3513970375061035,1.8019592761993408,1.8262735605239868,1.7290164232254028,0.005691021321733566,0.00655987782624524,0.05545935407280922,2.3821661472320557
25875877,XY-Warm-Same-State S2 p2=26,0,spsa,sequential,0,deterministic_linear_ramp,70,120,5,52,2.4397261142730713,157,64.73514556884766,8.97714900970459,80.58920288085938,80.11234283447266,80.11234283447266,0.005479509574701159,0.006510961059728841,0.25,2.545213460922241
25875877,XY-Warm-Same-State S2 p2=26,0,spsa,sequential,0,deterministic_linear_ramp,75,120,5,52,2.391937017440796,167,25.163448333740234,3.4895424842834473,11.29426097869873,11.024064064025879,11.52843189239502,0.005287702823602561,0.006465748569458605,0.13305683434009552,2.7108991146087646
25875877,XY-Warm-Same-State S2 p2=26,0,spsa,sequential,0,deterministic_linear_ramp,80,120,5,52,2.391937017440796,177,70.00879669189453,9.708473205566406,92.99959564208984,89.2349853515625,94.25446319580078,0.0051127829611268515,0.006423739359501706,0.25,2.8748791217803955
25875877,XY-Warm-Same-State S2 p2=26,0,spsa,sequential,0,deterministic_linear_ramp,85,120,5,52,2.391937017440796,187,38.901939392089844,5.394728660583496,28.930885314941406,27.553224563598633,28.930885314941406,0.004952460783739099,0.006384526420430394,0.19266033172607422,3.0265934467315674
25875877,XY-Warm-Same-State S2 p2=26,0,spsa,sequential,0,deterministic_linear_ramp,90,120,5,52,2.391937017440796,197,1.4234241247177124,0.19739340245723724,0.0389065183699131,0.038733601570129395,0.038964156061410904,0.004804855439526745,0.006347774736498105,0.006839347071945667,3.1779065132141113
25875877,XY-Warm-Same-State S2 p2=26,0,spsa,sequential,0,deterministic_linear_ramp,95,120,5,52,2.391937017440796,207,62.804222106933594,8.709378242492676,75.7410659790039,74.05792999267578,71.81375122070312,0.004668405747916916,0.006313205349806472,0.25,3.323702335357666
25875877,XY-Warm-Same-State S2 p2=26,0,spsa,sequential,0,deterministic_linear_ramp,100,120,5,52,2.391937017440796,217,13.745006561279297,1.9060895442962646,3.6331772804260254,3.547184944152832,3.547185182571411,0.004541803907641307,0.0062805835881331795,0.062427133321762085,3.467411518096924
25875877,XY-Warm-Same-State S2 p2=26,0,spsa,sequential,0,deterministic_linear_ramp,105,120,5,52,2.391937017440796,227,22.90106773376465,3.175806999206543,9.951470375061035,9.84703254699707,10.026068687438965,0.00442394521870922,0.006249710218466985,0.10131307691335678,3.610917568206787
25875877,XY-Warm-Same-State S2 p2=26,0,spsa,sequential,0,deterministic_linear_ramp,110,120,5,52,2.391937017440796,237,45.11984634399414,6.256997585296631,38.6287841796875,37.065101623535156,39.15001678466797,0.004313889447591821,0.006220414696856706,0.19464203715324402,3.753159761428833
25875877,XY-Warm-Same-State S2 p2=26,0,spsa,sequential,0,deterministic_linear_ramp,115,120,5,52,2.287414312362671,247,23.722137451171875,3.289668560028076,10.565779685974121,9.797359466552734,10.821918487548828,0.004210830783997269,0.006192549946726541,0.09988990426063538,3.895521879196167
25875877,XY-Warm-Same-State S2 p2=26,0,spsa,sequential,0,deterministic_linear_ramp,120,120,5,52,2.251108407974243,257,29.56877899169922,4.100451946258545,16.81370735168457,15.91830062866211,15.91830062866211,0.0041140742234531055,0.006165988269252272,0.1216481551527977,4.039779186248779
25875877,XY-Warm-Same-State S2 p2=26,0,spsa,sequential,1,random_shared_stream,1,120,5,52,2.874379873275757,19,0.06275302171707153,0.008702278137207031,7.393722626147792e-05,7.528154674218968e-05,7.169670425355434e-05,1.137554056344713,0.01,0.07138495147228241,4.5063636302948
25875877,XY-Warm-Same-State S2 p2=26,0,spsa,sequential,1,random_shared_stream,5,120,5,52,2.8737711906433105,27,0.40535497665405273,0.056212618947029114,0.0031411610543727875,0.0028607004787772894,0.003085068892687559,0.9679115913225433,0.008499708457906336,0.25,4.621910095214844
25875877,XY-Warm-Same-State S2 p2=26,0,spsa,sequential,1,random_shared_stream,10,120,5,52,2.871952533721924,37,0.8690659403800964,0.12051776051521301,0.01418075431138277,0.013149427250027657,0.014524530619382858,0.8287575304937304,0.007925013304804718,0.25,4.765147686004639
25875877,XY-Warm-Same-State S2 p2=26,0,spsa,sequential,1,random_shared_stream,15,120,5,52,2.871952533721924,47,0.28963133692741394,0.04016464576125145,0.0015750163001939654,0.001613198546692729,0.0014604695606976748,0.7326304337663647,0.007607023936737776,0.21219274401664734,4.908266305923462
25875877,XY-Warm-Same-State S2 p2=26,0,spsa,sequential,1,random_shared_stream,20,120,5,52,2.871952533721924,57,0.43498197197914124,0.0603211484849453,0.003617110662162304,0.0036171104293316603,0.0034448669757694006,0.6614022295275815,0.007389175310232022,0.25,5.051017761230469
25875877,XY-Warm-Same-State S2 p2=26,0,spsa,sequential,1,random_shared_stream,25,120,5,52,2.871952533721924,67,0.13969208300113678,0.01937180757522583,0.000374711788026616,0.0003663848910946399,0.00037304640864022076,0.6060500670417125,0.007224504386940453,0.08466039597988129,5.194159269332886
25875877,XY-Warm-Same-State S2 p2=26,0,spsa,sequential,1,random_shared_stream,30,120,5,52,2.871952533721924,77,0.4445599317550659,0.061649370938539505,0.0038006450049579144,0.0035982439294457436,0.0035982434637844563,0.5615259983685589,0.007092686320615818,0.24963197112083435,5.337194919586182
25875877,XY-Warm-Same-State S2 p2=26,0,spsa,sequential,1,random_shared_stream,35,120,5,52,2.871952533721924,87,0.14809086918830872,0.0205365102738142,0.00042112430674023926,0.0003992882266175002,0.00041176597005687654,0.524762788323244,0.006983113928013742,0.07771258056163788,5.480626821517944
25875877,XY-Warm-Same-State S2 p2=26,0,spsa,sequential,1,random_shared_stream,40,120,5,52,2.871952533721924,97,0.39478108286857605,0.05474628508090973,0.002979421056807041,0.0028375438414514065,0.002979421056807041,0.49377821869179445,0.006889567205173026,0.19493430852890015,5.623568296432495
25875877,XY-Warm-Same-State S2 p2=26,0,spsa,sequential,1,random_shared_stream,45,120,5,52,2.871952533721924,107,0.3079626262187958,0.04270673543214798,0.0018238648772239685,0.0018130727112293243,0.0018130727112293243,0.4672284487669415,0.006808093884711353,0.1438889056444168,5.766556262969971
25875877,XY-Warm-Same-State S2 p2=26,0,spsa,sequential,1,random_shared_stream,50,120,5,52,2.871952533721924,117,0.8640930652618408,0.11982815712690353,0.014273821376264095,0.01435878500342369,0.014018932357430458,0.4441668522306841,0.006736030261586891,0.25,5.9089515209198
25875877,XY-Warm-Same-State S2 p2=26,0,spsa,sequential,1,random_shared_stream,55,120,5,52,2.8710825443267822,127,0.22097976505756378,0.030644381418824196,0.0009265755652450025,0.0009390780469402671,0.0008890680619515479,0.4239053622490139,0.00667149812587736,0.09367451816797256,6.052042245864868
25875877,XY-Warm-Same-State S2 p2=26,0,spsa,sequential,1,random_shared_stream,60,120,5,52,2.8710825443267822,137,0.25035789608955383,0.03471839427947998,0.0011768375989049673,0.0010912494035437703,0.0012053668033331633,0.4059305887441572,0.006613124877877567,0.10162792354822159,6.195317506790161
25875877,XY-Warm-Same-State S2 p2=26,0,spsa,sequential,1,random_shared_stream,65,120,5,52,2.8710825443267822,147,0.14532741904258728,0.020153289660811424,0.0004037517646793276,0.0003965418436564505,0.0004061550134792924,0.38985088544297336,0.00655987782624524,0.05665602535009384,6.338425159454346
25875877,XY-Warm-Same-State S2 p2=26,0,spsa,sequential,1,random_shared_stream,70,120,5,52,2.8710825443267822,157,0.15051214396953583,0.02087227813899517,0.0004298519343137741,0.0004330741649027914,0.00042534072417765856,0.3753617389083657,0.006510961059728841,0.05649649351835251,6.482850790023804
25875877,XY-Warm-Same-State S2 p2=26,0,spsa,sequential,1,random_shared_stream,75,120,5,52,2.8710825443267822,167,0.28664326667785645,0.03975026682019234,0.0015590470284223557,0.0015707340789958835,0.0015426853206008673,0.36222243973474205,0.006465748569458605,0.10382861644029617,6.625849485397339
25875877,XY-Warm-Same-State S2 p2=26,0,spsa,sequential,1,random_shared_stream,80,120,5,52,2.8705456256866455,177,0.24756865203380585,0.03433159738779068,0.0011716840090230107,0.0011716841254383326,0.0011158896377310157,0.35023993968553363,0.006423739359501706,0.0867084190249443,6.774159908294678
25875877,XY-Warm-Same-State S2 p2=26,0,spsa,sequential,1,random_shared_stream,85,120,5,52,2.8705456256866455,187,0.04995247349143028,0.006927161943167448,4.7701636503916234e-05,4.3442556489026174e-05,3.776379526243545e-05,0.33925742191283237,0.006384526420430394,0.01694674789905548,6.932589769363403
25875877,XY-Warm-Same-State S2 p2=26,0,spsa,sequential,1,random_shared_stream,90,120,5,52,2.8705456256866455,197,0.7448228001594543,0.10328834503889084,0.010100338608026505,0.010100336745381355,0.010100336745381355,0.32914604279753285,0.006347774736498105,0.24515549838542938,7.076706409454346
25875877,XY-Warm-Same-State S2 p2=26,0,spsa,sequential,1,random_shared_stream,95,120,5,52,2.8703103065490723,207,0.28294849395751953,0.03923789784312248,0.0015031720977276564,0.0015305025735870004,0.0014576212270185351,0.31979885710181866,0.006313205349806472,0.09048660844564438,7.221508979797363
25875877,XY-Warm-Same-State S2 p2=26,0,spsa,sequential,1,random_shared_stream,100,120,5,52,2.86936616897583,217,0.7209001183509827,0.09997085481882095,0.00986111257225275,0.009757623076438904,0.009935034438967705,0.31112627677925514,0.0062805835881331795,0.22429095208644867,7.3707146644592285
25875877,XY-Warm-Same-State S2 p2=26,0,spsa,sequential,1,random_shared_stream,105,120,5,52,2.86936616897583,227,0.003576228627935052,0.0004959337529726326,2.3285227257474617e-07,2.3285227257474617e-07,2.3285227257474617e-07,0.303052626789252,0.006249710218466985,0.0010837855516001582,7.519055366516113
25875877,XY-Warm-Same-State S2 p2=26,0,spsa,sequential,1,random_shared_stream,110,120,5,52,2.86936616897583,237,0.035516124218702316,0.004925200715661049,2.0669194782385603e-05,1.9090299247181974e-05,2.196102104790043e-05,0.2955134985040749,0.006220414696856706,0.010495495051145554,7.668899059295654
25875877,XY-Warm-Same-State S2 p2=26,0,spsa,sequential,1,random_shared_stream,115,120,5,52,2.86936616897583,247,0.11174757778644562,0.015496600419282913,0.00023694740957580507,0.0002387236600043252,0.00023446072009392083,0.28845369166387363,0.006192549946726541,0.03223400190472603,7.818083763122559
25875877,XY-Warm-Same-State S2 p2=26,0,spsa,sequential,1,random_shared_stream,120,120,5,52,2.86936616897583,257,0.5492945909500122,0.07617345452308655,0.005587809253484011,0.005665060598403215,0.005493392236530781,0.2818255965174882,0.006165988269252272,0.1548052728176117,7.966071128845215
25875877,XY-Warm-Same-State S2 p2=26,0,spsa,sequential,2,random_shared_stream,1,120,5,52,2.8752424716949463,19,0.22470739483833313,0.031161310151219368,0.0007972189923748374,0.0007641810225322843,0.0008273840649053454,1.3862030901429399,0.01,0.25,8.287388801574707
25875877,XY-Warm-Same-State S2 p2=26,0,spsa,sequential,2,random_shared_stream,5,120,5,52,2.872879981994629,27,0.5643414258956909,0.07826007902622223,0.006124639883637428,0.00597967766225338,0.00597967766225338,1.179479807041273,0.008499708457906336,0.25,8.406562328338623
25875877,XY-Warm-Same-State S2 p2=26,0,spsa,sequential,2,random_shared_stream,10,120,5,52,2.8719382286071777,37,0.014751994051039219,0.0020457333885133266,4.129306944378186e-06,4.160261596553028e-06,4.0859713408281095e-06,1.0099091496725425,0.007925013304804718,0.014898172579705715,8.556921482086182
25875877,XY-Warm-Same-State S2 p2=26,0,spsa,sequential,2,random_shared_stream,15,120,5,52,2.8710031509399414,47,0.2503056824207306,0.03471115231513977,0.0011977347312495112,0.0011763465590775013,0.0012048640055581927,0.8927703835745873,0.007607023936737776,0.22346551716327667,8.706029891967773
25875877,XY-Warm-Same-State S2 p2=26,0,spsa,sequential,2,random_shared_stream,20,120,5,52,2.87089467048645,57,0.4964075982570648,0.06883934885263443,0.0047318460419774055,0.004710815846920013,0.004738856106996536,0.8059729639087446,0.007389175310232022,0.25,8.854589462280273
25875877,XY-Warm-Same-State S2 p2=26,0,spsa,sequential,2,random_shared_stream,25,120,5,52,2.87089467048645,67,0.3473264276981354,0.04816551133990288,0.002234120387583971,0.0021963701583445072,0.0022650067694485188,0.7385218056485745,0.007224504386940453,0.25,9.004414319992065
25875877,XY-Warm-Same-State S2 p2=26,0,spsa,sequential,2,random_shared_stream,30,120,5,52,2.87089467048645,77,0.27888014912605286,0.03867371752858162,0.0014956564409658313,0.001416006009094417,0.001416006009094417,0.6842655694405262,0.007092686320615818,0.1908280849456787,9.15376329421997
25875877,XY-Warm-Same-State S2 p2=26,0,spsa,sequential,2,random_shared_stream,35,120,5,52,2.87089467048645,87,0.1462443470954895,0.020280441269278526,0.00041129629244096577,0.0003893929242622107,0.0003893929242622107,0.6394665771780025,0.006983113928013742,0.09351836889982224,9.303185224533081
25875877,XY-Warm-Same-State S2 p2=26,0,spsa,sequential,2,random_shared_stream,40,120,5,52,2.87089467048645,97,0.6947348117828369,0.09634238481521606,0.009281855076551437,0.007908799685537815,0.007908799685537815,0.6017093330889803,0.006889567205173026,0.25,9.451429843902588
25875877,XY-Warm-Same-State S2 p2=26,0,spsa,sequential,2,random_shared_stream,45,120,5,52,2.87089467048645,107,0.019192421808838844,0.002661510370671749,6.5701779021765105e-06,6.035761089151492e-06,6.915976882737596e-06,0.569356256848652,0.006808093884711353,0.010927326045930386,9.600123167037964
25875877,XY-Warm-Same-State S2 p2=26,0,spsa,sequential,2,random_shared_stream,50,120,5,52,2.87089467048645,117,0.507021427154541,0.07031121850013733,0.004585325252264738,0.0035102965775877237,0.0049436683766543865,0.5412538065045231,0.006736030261586891,0.25,9.750246047973633
25875877,XY-Warm-Same-State S2 p2=26,0,spsa,sequential,2,random_shared_stream,55,120,5,52,2.87089467048645,127,0.4973655641078949,0.06897219270467758,0.0047290148213505745,0.00475716358050704,0.004644568078219891,0.5165635160811022,0.00667149812587736,0.25,9.904996395111084
25875877,XY-Warm-Same-State S2 p2=26,0,spsa,sequential,2,random_shared_stream,60,120,5,52,2.87089467048645,137,0.10152103751897812,0.014078435488045216,0.0001982023095479235,0.0001982023095479235,0.00019820233865175396,0.49465977758350843,0.006613124877877567,0.0502183735370636,10.057559490203857
25875877,XY-Warm-Same-State S2 p2=26,0,spsa,sequential,2,random_shared_stream,65,120,5,52,2.87089467048645,147,0.45445942878723145,0.063022181391716,0.0038777885492891073,0.0037602796219289303,0.0039482940919697285,0.4750653378464589,0.00655987782624524,0.21589791774749756,10.21167516708374
25875877,XY-Warm-Same-State S2 p2=26,0,spsa,sequential,2,random_shared_stream,70,120,5,52,2.87089467048645,157,0.21903477609157562,0.030374659225344658,0.000910336384549737,0.0008352712611667812,0.000917160592507571,0.45740912222507074,0.006510961059728841,0.10018850117921829,10.366255044937134
25875877,XY-Warm-Same-State S2 p2=26,0,spsa,sequential,2,random_shared_stream,75,120,5,52,2.87089467048645,167,0.25633031129837036,0.035546619445085526,0.0012616929598152637,0.001256085466593504,0.001233655377291143,0.44139780652960775,0.006465748569458605,0.11314363777637482,10.521829843521118
25875877,XY-Warm-Same-State S2 p2=26,0,spsa,sequential,2,random_shared_stream,80,120,5,52,2.87089467048645,177,0.7030948996543884,0.0975017324090004,0.009450333192944527,0.009000318124890327,0.009450333192944527,0.4267961456210933,0.006423739359501706,0.25,10.676664590835571
25875877,XY-Warm-Same-State S2 p2=26,0,spsa,sequential,2,random_shared_stream,85,120,5,52,2.8705036640167236,187,0.4241247773170471,0.05881552770733833,0.0034132106229662895,0.0033773896284401417,0.0029475402552634478,0.41341304528475653,0.006384526420430394,0.1753387153148651,10.832938432693481
25875877,XY-Warm-Same-State S2 p2=26,0,spsa,sequential,2,random_shared_stream,90,120,5,52,2.8705036640167236,197,0.24931250512599945,0.034573424607515335,0.0011935533257201314,0.001131665427237749,0.001082155155017972,0.4010914989836745,0.006347774736498105,0.0999971255660057,10.984135389328003
25875877,XY-Warm-Same-State S2 p2=26,0,spsa,sequential,2,random_shared_stream,95,120,5,52,2.8705036640167236,207,0.22957228124141693,0.031835950911045074,0.0010120280785486102,0.0010075303725898266,0.0009895387338474393,0.38970118515790897,0.006313205349806472,0.08946458995342255,11.138934135437012
25875877,XY-Warm-Same-State S2 p2=26,0,spsa,sequential,2,random_shared_stream,100,120,5,52,2.8705036640167236,217,0.6062021255493164,0.08406510949134827,0.006972855888307095,0.0055615585297346115,0.006690596230328083,0.3791329334114553,0.0062805835881331795,0.22983118891716003,11.293938636779785
25875877,XY-Warm-Same-State S2 p2=26,0,spsa,sequential,2,random_shared_stream,105,120,5,52,2.8705036640167236,227,0.17619803547859192,0.024434272199869156,0.0005961504066362977,0.0005935007939115167,0.0005970335914753377,0.36929452748915825,0.006249710218466985,0.06506896764039993,11.449753046035767
25875877,XY-Warm-Same-State S2 p2=26,0,spsa,sequential,2,random_shared_stream,110,120,5,52,2.8705036640167236,237,0.049335628747940063,0.006841620896011591,4.6184592065401375e-05,4.6807766921119764e-05,4.4315045670373365e-05,0.3601074801856852,0.006220414696856706,0.017766127362847328,11.605254173278809
25875877,XY-Warm-Same-State S2 p2=26,0,spsa,sequential,2,random_shared_stream,115,120,5,52,2.8705036640167236,247,0.476974755525589,0.06614449620246887,0.0042715417221188545,0.004142101388424635,0.004349206108599901,0.3515045254486193,0.006192549946726541,0.16765879094600677,11.75974178314209
25875877,XY-Warm-Same-State S2 p2=26,0,spsa,sequential,2,random_shared_stream,120,120,5,52,2.8705036640167236,257,0.0337384007871151,0.004678674042224884,2.1857609681319445e-05,2.072425195365213e-05,1.9817565771518275e-05,0.3434276468840927,0.006165988269252272,0.01158669963479042,11.913806676864624
25875877,XY-Warm-Same-State S2 p2=26,0,spsa,sequential,3,random_shared_stream,1,120,5,52,2.8723647594451904,19,0.3230490982532501,0.044798851013183594,0.0019327161135151982,0.002006937051191926,0.0017100529512390494,0.9125987194980201,0.01,0.25,12.23967170715332
25875877,XY-Warm-Same-State S2 p2=26,0,spsa,sequential,3,random_shared_stream,5,120,5,52,2.8723647594451904,27,0.26568546891212463,0.03684395179152489,0.0012851848732680082,0.0012289579026401043,0.0013253469951450825,0.7765036517619106,0.008499708457906336,0.20630574226379395,12.36559796333313
25875877,XY-Warm-Same-State S2 p2=26,0,spsa,sequential,3,random_shared_stream,10,120,5,52,2.8723647594451904,37,0.28310808539390564,0.039260029792785645,0.0015322294784709811,0.0015048682689666748,0.0013954234309494495,0.6648677984879261,0.007925013304804718,0.18822947144508362,12.521137952804565
25875877,XY-Warm-Same-State S2 p2=26,0,spsa,sequential,3,random_shared_stream,15,120,5,52,2.8723647594451904,47,0.4382326900959015,0.06077193841338158,0.0035566443111747503,0.003146893111988902,0.003693228354677558,0.5877501750280413,0.007607023936737776,0.25,12.676799774169922
25875877,XY-Warm-Same-State S2 p2=26,0,spsa,sequential,3,random_shared_stream,20,120,5,52,2.871277332305908,57,0.6472960114479065,0.0897638127207756,0.00795026496052742,0.007866829633712769,0.008009863086044788,0.5306076000287225,0.007389175310232022,0.25,12.830902099609375
25875877,XY-Warm-Same-State S2 p2=26,0,spsa,sequential,3,random_shared_stream,25,120,5,52,2.871277332305908,67,0.05544847995042801,0.00768932094797492,5.597694689640775e-05,5.7726228988030925e-05,5.3527957788901404e-05,0.48620152339060013,0.007224504386940453,0.02695913426578045,12.986253499984741
25875877,XY-Warm-Same-State S2 p2=26,0,spsa,sequential,3,random_shared_stream,30,120,5,52,2.871277332305908,77,0.4170476198196411,0.05783410370349884,0.003324991324916482,0.003344783093780279,0.0032656167168170214,0.45048224672736514,0.007092686320615818,0.18787254393100739,13.139156579971313
25875877,XY-Warm-Same-State S2 p2=26,0,spsa,sequential,3,random_shared_stream,35,120,5,52,2.871277332305908,87,0.4343014061450958,0.06022677198052406,0.0036218976601958275,0.0035414111334830523,0.0036058006808161736,0.420989091457191,0.006983113928013742,0.1828361451625824,13.293393611907959
25875877,XY-Warm-Same-State S2 p2=26,0,spsa,sequential,3,random_shared_stream,40,120,5,52,2.871277332305908,97,0.5195538401603699,0.07204915583133698,0.004914632998406887,0.004085288383066654,0.005191081203520298,0.3961318300267157,0.006889567205173026,0.20581182837486267,13.44692850112915
25875877,XY-Warm-Same-State S2 p2=26,0,spsa,sequential,3,random_shared_stream,45,120,5,52,2.871277332305908,107,0.5914297103881836,0.08201654255390167,0.006686910521239042,0.006567500997334719,0.006726712919771671,0.3748323709801334,0.006808093884711353,0.22168700397014618,13.602941989898682
25875877,XY-Warm-Same-State S2 p2=26,0,spsa,sequential,3,random_shared_stream,50,120,5,52,2.871277332305908,117,0.6673080325126648,0.092538982629776,0.008246765471994877,0.008360776118934155,0.008107420057058334,0.356331286700943,0.006736030261586891,0.23778274655342102,13.7577383518219
25875877,XY-Warm-Same-State S2 p2=26,0,spsa,sequential,3,random_shared_stream,55,120,5,52,2.871277332305908,127,0.13735535740852356,0.01904776133596897,0.0003579867770895362,0.0003434955724515021,0.0003628171980381012,0.3400765780044527,0.00667149812587736,0.04671133682131767,13.91438364982605
25875877,XY-Warm-Same-State S2 p2=26,0,spsa,sequential,3,random_shared_stream,60,120,5,52,2.871277332305908,137,0.6724306344985962,0.0932493507862091,0.008489632047712803,0.008489632047712803,0.008489632047712803,0.32565637951603177,0.006613124877877567,0.2189813256263733,14.06562876701355
25875877,XY-Warm-Same-State S2 p2=26,0,spsa,sequential,3,random_shared_stream,65,120,5,52,2.871277332305908,147,0.5520869493484497,0.07656069099903107,0.005826855078339577,0.00572280352935195,0.005861538462340832,0.31275649439784997,0.00655987782624524,0.17266878485679626,14.220332384109497
25875877,XY-Warm-Same-State S2 p2=26,0,spsa,sequential,3,random_shared_stream,70,120,5,52,2.8698267936706543,157,0.851845920085907,0.11812978237867355,0.0139340003952384,0.013872072100639343,0.013954644091427326,0.3011326278217062,0.006510961059728841,0.25,14.37586522102356
25875877,XY-Warm-Same-State S2 p2=26,0,spsa,sequential,3,random_shared_stream,75,120,5,52,2.8698267936706543,167,0.6149002909660339,0.08527133613824844,0.0071743931621313095,0.006582801695913076,0.0072281742468476295,0.29059167151807297,0.006465748569458605,0.17868490517139435,14.532382249832153
25875877,XY-Warm-Same-State S2 p2=26,0,spsa,sequential,3,random_shared_stream,80,120,5,52,2.8698267936706543,177,0.12579162418842316,0.01744416169822216,0.00028224155539646745,0.0002970963541883975,0.0002592841046862304,0.2809787532217499,0.006423739359501706,0.035344772040843964,14.687273740768433
25875877,XY-Warm-Same-State S2 p2=26,0,spsa,sequential,3,random_shared_stream,85,120,5,52,2.8698267936706543,187,0.31089019775390625,0.04311271384358406,0.0017597217811271548,0.0017597217811271548,0.001759721664711833,0.2721680671709815,0.006384526420430394,0.08461438864469528,14.841142654418945
25875877,XY-Warm-Same-State S2 p2=26,0,spsa,sequential,3,random_shared_stream,90,120,5,52,2.8698267936706543,197,0.32271140813827515,0.04475202038884163,0.0020027433056384325,0.0019553410820662975,0.0019553410820662975,0.2640562490279102,0.006347774736498105,0.08521396666765213,14.994704008102417
25875877,XY-Warm-Same-State S2 p2=26,0,spsa,sequential,3,random_shared_stream,95,120,5,52,2.8698267936706543,207,0.06753727793693542,0.00936573650687933,8.719795732758939e-05,8.719795732758939e-05,8.719797187950462e-05,0.2565575023536387,0.006313205349806472,0.017327196896076202,15.149899959564209
25875877,XY-Warm-Same-State S2 p2=26,0,spsa,sequential,3,random_shared_stream,100,120,5,52,2.8698267936706543,217,0.4182780683040619,0.05800473317503929,0.0033595720306038857,0.003185371635481715,0.0032849148847162724,0.24959995545468341,0.0062805835881331795,0.10440218448638916,15.303597927093506
25875877,XY-Warm-Same-State S2 p2=26,0,spsa,sequential,3,random_shared_stream,105,120,5,52,2.8698267936706543,227,0.14291159808635712,0.019818274304270744,0.00039276399184018373,0.00039043990545906126,0.00039043990545906126,0.24312289829730524,0.006249710218466985,0.03474508225917816,15.459022045135498
25875877,XY-Warm-Same-State S2 p2=26,0,spsa,sequential,3,random_shared_stream,110,120,5,52,2.8698267936706543,237,0.4027003347873688,0.055844489485025406,0.003044793149456382,0.003044793615117669,0.003044793149456382,0.23707465928764274,0.006220414696856706,0.09547004103660583,15.608858823776245
25875877,XY-Warm-Same-State S2 p2=26,0,spsa,sequential,3,random_shared_stream,115,120,5,52,2.8698267936706543,247,0.12368582934141159,0.01715213805437088,0.0002924550208263099,0.0002872326294891536,0.000294195837341249,0.2314109542124101,0.006192549946726541,0.028622254729270935,15.762023448944092
25875877,XY-Warm-Same-State S2 p2=26,0,spsa,sequential,3,random_shared_stream,120,120,5,52,2.8698267936706543,257,0.3744683265686035,0.05192941799759865,0.002696664072573185,0.0026328377425670624,0.0026328377425670624,0.22609358831707946,0.006165988269252272,0.08466488867998123,15.915215730667114
25875877,XY-Warm-Same-State S2 p2=26,0,spsa,sequential,4,continuation,1,120,5,52,0.056434787809848785,19,11.598525047302246,1.6084260940551758,2.5870347023010254,2.5258028507232666,2.5258028507232666,0.04350613719849497,0.01,0.25,16.240798950195312
25875877,XY-Warm-Same-State S2 p2=26,0,spsa,sequential,4,continuation,5,120,5,52,0.056434787809848785,27,24.334407806396484,3.374575138092041,11.23614501953125,10.781309127807617,11.387757301330566,0.03701810410962267,0.008499708457906336,0.25,16.365896463394165
25875877,XY-Warm-Same-State S2 p2=26,0,spsa,sequential,4,continuation,10,120,5,52,0.056434787809848785,37,221.93765258789062,30.7772159576416,945.8356323242188,924.8170776367188,941.6319580078125,0.03169611028578676,0.007925013304804718,0.25,16.519339561462402
25875877,XY-Warm-Same-State S2 p2=26,0,spsa,sequential,4,continuation,15,120,5,52,0.056434787809848785,47,695.92431640625,96.5073471069336,9258.556640625,9093.2255859375,8431.8994140625,0.028019697164680137,0.007607023936737776,0.25,16.67191791534424
25875877,XY-Warm-Same-State S2 p2=26,0,spsa,sequential,4,continuation,20,120,5,52,0.056434787809848785,57,438.0171203613281,60.74205017089844,3422.155029296875,3340.285400390625,3493.10888671875,0.025295550554915974,0.007389175310232022,0.25,16.828285455703735
25875877,XY-Warm-Same-State S2 p2=26,0,spsa,sequential,4,continuation,25,120,5,52,0.056434787809848785,67,118.09732055664062,16.377151489257812,266.6240539550781,261.8629150390625,242.81834411621094,0.02317858849767387,0.007224504386940453,0.25,16.98454451560974
25875877,XY-Warm-Same-State S2 p2=26,0,spsa,sequential,4,continuation,30,120,5,52,0.056434787809848785,77,97.31450653076172,13.495094299316406,175.38246154785156,164.8756561279297,181.03994750976562,0.021475750527446946,0.007092686320615818,0.25,17.13872742652893
25875877,XY-Warm-Same-State S2 p2=26,0,spsa,sequential,4,continuation,35,120,5,52,0.056434787809848785,87,279.6689147949219,38.78310012817383,1495.2286376953125,1504.12890625,1468.5281982421875,0.02006972920374127,0.006983113928013742,0.25,17.29421067237854
25875877,XY-Warm-Same-State S2 p2=26,0,spsa,sequential,4,continuation,40,120,5,52,0.056434787809848785,97,346.70257568359375,48.07899475097656,2311.58984375,2297.911865234375,2297.911865234375,0.018884713924771812,0.006889567205173026,0.25,17.45220375061035
25875877,XY-Warm-Same-State S2 p2=26,0,spsa,sequential,4,continuation,45,120,5,52,0.056434787809848785,107,119.16732788085938,16.525537490844727,266.6296081542969,266.62957763671875,266.62957763671875,0.017869309051045876,0.006808093884711353,0.25,17.60831093788147
25875877,XY-Warm-Same-State S2 p2=26,0,spsa,sequential,4,continuation,50,120,5,52,0.056434787809848785,117,173.06312561035156,23.99953842163086,562.3452758789062,490.77398681640625,572.5697021484375,0.01698731054088566,0.006736030261586891,0.25,17.764663219451904
25875877,XY-Warm-Same-State S2 p2=26,0,spsa,sequential,4,continuation,55,120,5,52,0.056434787809848785,127,286.6348571777344,39.74910354614258,1579.9913330078125,1495.849609375,1495.849609375,0.016212403046976326,0.00667149812587736,0.25,17.92121696472168
25875877,XY-Warm-Same-State S2 p2=26,0,spsa,sequential,4,continuation,60,120,5,52,0.056434787809848785,137,401.091064453125,55.62132263183594,3089.15478515625,2928.97607421875,3020.5068359375,0.015524951793251298,0.006613124877877567,0.25,18.074787616729736
25875877,XY-Warm-Same-State S2 p2=26,0,spsa,sequential,4,continuation,65,120,5,52,0.056434787809848785,147,65.22776794433594,9.045465469360352,81.33627319335938,81.33627319335938,81.33628845214844,0.0149099781363683,0.00655987782624524,0.25,18.23067617416382
25875877,XY-Warm-Same-State S2 p2=26,0,spsa,sequential,4,continuation,70,120,5,52,0.056434787809848785,157,11.088783264160156,1.5377377271652222,2.2771875858306885,2.140765905380249,2.350644826889038,0.01435583585758351,0.006510961059728841,0.15918874740600586,18.38621187210083
25875877,XY-Warm-Same-State S2 p2=26,0,spsa,sequential,4,continuation,75,120,5,52,0.056434787809848785,167,8.183558464050293,1.1348555088043213,1.2193106412887573,1.2878966331481934,1.013551950454712,0.013853318944781506,0.006465748569458605,0.11336944252252579,18.541274309158325
25875877,XY-Warm-Same-State S2 p2=26,0,spsa,sequential,4,continuation,80,120,5,52,0.056434787809848785,177,7.1697211265563965,0.9942615032196045,0.9359107613563538,0.8423197269439697,0.9827063679695129,0.013395044203274312,0.006423739359501706,0.09603872895240784,18.697959899902344
25875877,XY-Warm-Same-State S2 p2=26,0,spsa,sequential,4,continuation,85,120,5,52,0.056434787809848785,187,34.46431350708008,4.7793402671813965,22.80830192565918,22.70693016052246,22.84209442138672,0.012975014120010068,0.006384526420430394,0.25,18.854410648345947
25875877,XY-Warm-Same-State S2 p2=26,0,spsa,sequential,4,continuation,90,120,5,52,0.056434787809848785,197,47.74814987182617,6.621477127075195,43.843955993652344,43.584529876708984,43.584529876708984,0.012588301027473818,0.006347774736498105,0.25,19.010504484176636
25875877,XY-Warm-Same-State S2 p2=26,0,spsa,sequential,4,continuation,95,120,5,52,0.056434787809848785,207,24.698354721069336,3.4250457286834717,11.713583946228027,11.730937957763672,11.661523818969727,0.012230814769102708,0.006313205349806472,0.25,19.1662335395813
25875877,XY-Warm-Same-State S2 p2=26,0,spsa,sequential,4,continuation,100,120,5,52,0.056434787809848785,217,129.2720184326172,17.926803588867188,321.37030029296875,319.4687194824219,319.4687194824219,0.011899129019951741,0.0062805835881331795,0.25,19.321627378463745
25875877,XY-Warm-Same-State S2 p2=26,0,spsa,sequential,4,continuation,105,120,5,52,0.056434787809848785,227,110.1131820678711,15.269951820373535,231.79168701171875,231.79168701171875,220.75399780273438,0.011590349562660382,0.006249710218466985,0.25,19.477967262268066
25875877,XY-Warm-Same-State S2 p2=26,0,spsa,sequential,4,continuation,110,120,5,52,0.056434787809848785,237,49.65153884887695,6.885430335998535,47.409141540527344,46.28703308105469,46.28703308105469,0.01130201306761423,0.006220414696856706,0.25,19.630455017089844
25875877,XY-Warm-Same-State S2 p2=26,0,spsa,sequential,4,continuation,115,120,5,52,0.056434787809848785,247,42.45130920410156,5.886937141418457,34.450965881347656,33.83576965332031,34.656028747558594,0.011032008382323391,0.006192549946726541,0.25,19.785979986190796
25875877,XY-Warm-Same-State S2 p2=26,0,spsa,sequential,4,continuation,120,120,5,52,0.056434787809848785,257,11.738870620727539,1.6278886795043945,2.6461007595062256,2.58729887008667,2.634340524673462,0.010778514655853886,0.006165988269252272,0.1265276074409485,19.941136598587036
25875877,XY-Warm-Same-State S2 p2=30,0,spsa,sequential,0,deterministic_linear_ramp,1,120,5,60,3.8755767345428467,19,37.42901611328125,4.832065105438232,23.11536407470703,23.348852157592773,22.414899826049805,0.01176864465455499,0.01,0.25,0.34434962272644043
25875877,XY-Warm-Same-State S2 p2=30,0,spsa,sequential,0,deterministic_linear_ramp,5,120,5,60,3.445793390274048,27,43.19076919555664,5.575904846191406,31.056161880493164,30.952526092529297,31.090709686279297,0.010013596726912856,0.008499708457906336,0.25,0.4889955520629883
25875877,XY-Warm-Same-State S2 p2=30,0,spsa,sequential,0,deterministic_linear_ramp,10,120,5,60,2.594266891479492,37,52.30311965942383,6.7523040771484375,45.54295349121094,44.78305435180664,45.39097213745117,0.008573968706601556,0.007925013304804718,0.25,0.6683933734893799
25875877,XY-Warm-Same-State S2 p2=30,0,spsa,sequential,0,deterministic_linear_ramp,15,120,5,60,2.5335402488708496,47,44.2584228515625,5.713737964630127,30.869361877441406,31.340925216674805,30.32524871826172,0.0075794791377334645,0.007607023936737776,0.25,0.8468532562255859
25875877,XY-Warm-Same-State S2 p2=30,0,spsa,sequential,0,deterministic_linear_ramp,20,120,5,60,2.5335402488708496,57,7.031802654266357,0.9078018665313721,0.8241041898727417,0.820441484451294,0.8204414248466492,0.006842582793869267,0.007389175310232022,0.04811569303274155,1.0241875648498535
25875877,XY-Warm-Same-State S2 p2=30,0,spsa,sequential,0,deterministic_linear_ramp,25,120,5,60,2.485013008117676,67,65.05683135986328,8.39880084991455,70.53986358642578,67.71826934814453,67.71826171875,0.006269933144805046,0.007224504386940453,0.25,1.202648401260376
25875877,XY-Warm-Same-State S2 p2=30,0,spsa,sequential,0,deterministic_linear_ramp,30,120,5,60,2.2121922969818115,77,11.808940887451172,1.5245277881622314,2.3216025829315186,2.3241848945617676,2.3138551712036133,0.005809306293828774,0.007092686320615818,0.06860175728797913,1.381375789642334
25875877,XY-Warm-Same-State S2 p2=30,0,spsa,sequential,0,deterministic_linear_ramp,35,120,5,60,2.2121922969818115,87,7.254776954650879,0.9365876913070679,0.8762218356132507,0.8421086668968201,0.8616018891334534,0.005428969945880339,0.006983113928013742,0.03938596695661545,1.559016466140747
25875877,XY-Warm-Same-State S2 p2=30,0,spsa,sequential,0,deterministic_linear_ramp,40,120,5,60,2.2121922969818115,97,7.328219413757324,0.9460691213607788,0.859244704246521,0.8791347146034241,0.8313988447189331,0.0051084169244805825,0.006889567205173026,0.03743560239672661,1.733778715133667
25875877,XY-Warm-Same-State S2 p2=30,0,spsa,sequential,0,deterministic_linear_ramp,45,120,5,60,2.2121922969818115,107,22.40006446838379,2.891836166381836,8.214044570922852,6.541501045227051,8.028206825256348,0.004833744432071921,0.006808093884711353,0.10827618837356567,1.910684585571289
25875877,XY-Warm-Same-State S2 p2=30,0,spsa,sequential,0,deterministic_linear_ramp,50,120,5,60,2.2121922969818115,117,12.542627334594727,1.619246244430542,2.6190452575683594,2.6103053092956543,2.575345754623413,0.004595159080203873,0.006736030261586891,0.05763537064194679,2.0877532958984375
25875877,XY-Warm-Same-State S2 p2=30,0,spsa,sequential,0,deterministic_linear_ramp,55,120,5,60,2.2121922969818115,127,27.836551666259766,3.5936834812164307,12.785416603088379,12.857163429260254,12.684968948364258,0.004385542425561269,0.00667149812587736,0.12207838892936707,2.2675974369049072
25875877,XY-Warm-Same-State S2 p2=30,0,spsa,sequential,0,deterministic_linear_ramp,60,120,5,60,2.2121922969818115,137,45.2543830871582,5.842316627502441,33.79133224487305,34.13265609741211,32.76735305786133,0.004199583155366671,0.006613124877877567,0.19004955887794495,2.445545196533203
25875877,XY-Warm-Same-State S2 p2=30,0,spsa,sequential,0,deterministic_linear_ramp,65,120,5,60,2.2121922969818115,147,1.4930781126022339,0.1927555799484253,0.036494180560112,0.03451259434223175,0.03715471178293228,0.0040332294658458594,0.00655987782624524,0.006021926645189524,2.6218574047088623
25875877,XY-Warm-Same-State S2 p2=30,0,spsa,sequential,0,deterministic_linear_ramp,70,120,5,60,2.2121922969818115,157,29.120962142944336,3.75950026512146,13.992501258850098,14.071023941040039,13.88257122039795,0.0038833309920436594,0.006510961059728841,0.11308633536100388,2.798774242401123
25875877,XY-Warm-Same-State S2 p2=30,0,spsa,sequential,0,deterministic_linear_ramp,75,120,5,60,2.2121922969818115,167,3.8313796520233154,0.49462899565696716,0.243570476770401,0.24030835926532745,0.24465782940387726,0.0037473974580530716,0.006465748569458605,0.014357703737914562,2.976210355758667
25875877,XY-Warm-Same-State S2 p2=30,0,spsa,sequential,0,deterministic_linear_ramp,80,120,5,60,2.2121922969818115,177,32.04975891113281,4.137606620788574,17.11978530883789,16.815433502197266,16.815433502197266,0.003623431669908065,0.006423739359501706,0.11613012105226517,3.1539101600646973
25875877,XY-Warm-Same-State S2 p2=30,0,spsa,sequential,0,deterministic_linear_ramp,85,120,5,60,2.2121922969818115,187,44.81288528442383,5.7853193283081055,33.3211555480957,32.87489318847656,33.469913482666016,0.0035098112679954117,0.006384526420430394,0.15728478133678436,3.330878973007202
25875877,XY-Warm-Same-State S2 p2=30,0,spsa,sequential,0,deterministic_linear_ramp,90,120,5,60,2.2121922969818115,197,82.3224868774414,10.627787590026855,112.44786834716797,112.94985961914062,110.94187927246094,0.0034052032916871726,0.006347774736498105,0.25,3.507765293121338
25875877,XY-Warm-Same-State S2 p2=30,0,spsa,sequential,0,deterministic_linear_ramp,95,120,5,60,2.2121922969818115,207,31.092830657958984,4.01406717300415,16.04112434387207,14.966940879821777,15.826288223266602,0.003308501331582988,0.006313205349806472,0.10287066549062729,3.687817096710205
25875877,XY-Warm-Same-State S2 p2=30,0,spsa,sequential,0,deterministic_linear_ramp,100,120,5,60,2.2121922969818115,217,15.799989700317383,2.0397698879241943,4.156038284301758,4.14216947555542,4.160661220550537,0.0032187785483138586,0.0062805835881331795,0.05085666850209236,3.864964485168457
25875877,XY-Warm-Same-State S2 p2=30,0,spsa,sequential,0,deterministic_linear_ramp,105,120,5,60,2.2121922969818115,227,147.87460327148438,19.09052848815918,362.8284912109375,349.8703308105469,323.9540100097656,0.003135252040480981,0.006249710218466985,0.25,4.042870044708252
25875877,XY-Warm-Same-State S2 p2=30,0,spsa,sequential,0,deterministic_linear_ramp,110,120,5,60,2.2121922969818115,237,53.75841522216797,6.940181732177734,47.30983352661133,40.45954132080078,47.30983352661133,0.003057255464143806,0.006220414696856706,0.16435322165489197,4.218977212905884
25875877,XY-Warm-Same-State S2 p2=30,0,spsa,sequential,0,deterministic_linear_ramp,115,120,5,60,2.2121922969818115,247,10.624914169311523,1.3716706037521362,1.8480316400527954,1.8062210083007812,1.8731180429458618,0.002984217741172557,0.006192549946726541,0.03170705959200859,4.396281719207764
25875877,XY-Warm-Same-State S2 p2=30,0,spsa,sequential,0,deterministic_linear_ramp,120,120,5,60,2.2121922969818115,257,15.032916069030762,1.9407411813735962,3.7497360706329346,3.4986379146575928,3.6995162963867188,0.002915646321573352,0.006165988269252272,0.043830666691064835,4.5700459480285645
25875877,XY-Warm-Same-State S2 p2=30,0,spsa,sequential,1,random_shared_stream,1,120,5,60,2.872699737548828,19,0.3789597451686859,0.04892349615693092,0.0022977679036557674,0.0021275626495480537,0.0023828702978789806,0.6480941932153018,0.01,0.2456015944480896,4.936213493347168
25875877,XY-Warm-Same-State S2 p2=30,0,spsa,sequential,1,random_shared_stream,5,120,5,60,2.8723948001861572,27,0.8788812756538391,0.11346308887004852,0.012873872183263302,0.012873872183263302,0.012873872183263302,0.5514444596132955,0.008499708457906336,0.25,5.070335149765015
25875877,XY-Warm-Same-State S2 p2=30,0,spsa,sequential,1,random_shared_stream,10,120,5,60,2.8704140186309814,37,0.07655104249715805,0.009882696904242039,9.495471022091806e-05,7.639783871127293e-05,9.593138383934274e-05,0.4721647644792703,0.007925013304804718,0.03614470362663269,5.247714042663574
25875877,XY-Warm-Same-State S2 p2=30,0,spsa,sequential,1,random_shared_stream,15,120,5,60,2.8704140186309814,47,0.08994750678539276,0.011612173169851303,0.00013109692372381687,0.00013244537694845349,0.0001294488611165434,0.4173986521770232,0.007607023936737776,0.03754396736621857,5.42590069770813
25875877,XY-Warm-Same-State S2 p2=30,0,spsa,sequential,1,random_shared_stream,20,120,5,60,2.8704140186309814,57,0.42700672149658203,0.055126335471868515,0.0029544983990490437,0.002822812180966139,0.003025406040251255,0.37681808784881665,0.007389175310232022,0.16090385615825653,5.60376501083374
25875877,XY-Warm-Same-State S2 p2=30,0,spsa,sequential,1,random_shared_stream,25,120,5,60,2.8704140186309814,67,0.07042539119720459,0.009091880172491074,8.183564932551235e-05,8.229487866628915e-05,8.119270933093503e-05,0.34528251827397544,0.007224504386940453,0.024316657334566116,5.780102014541626
25875877,XY-Warm-Same-State S2 p2=30,0,spsa,sequential,1,random_shared_stream,30,120,5,60,2.8704140186309814,77,0.6789366602897644,0.0876503512263298,0.007674046792089939,0.007648438215255737,0.007682582829147577,0.31991599594965425,0.007092686320615818,0.21720270812511444,5.958609580993652
25875877,XY-Warm-Same-State S2 p2=30,0,spsa,sequential,1,random_shared_stream,35,120,5,60,2.8704140186309814,87,0.5689943432807922,0.07345685362815857,0.005246022716164589,0.005371927749365568,0.004532563965767622,0.29897103705171596,0.006983113928013742,0.17011281847953796,6.137293815612793
25875877,XY-Warm-Same-State S2 p2=30,0,spsa,sequential,1,random_shared_stream,40,120,5,60,2.8704140186309814,97,0.22985710203647614,0.02967442385852337,0.0008649167721159756,0.0008453485206700861,0.0008766577811911702,0.2813183202024232,0.006889567205173026,0.06466300785541534,6.315998315811157
25875877,XY-Warm-Same-State S2 p2=30,0,spsa,sequential,1,random_shared_stream,45,120,5,60,2.8704140186309814,107,0.1439048945903778,0.018578041344881058,0.0003447601047810167,0.00034514357685111463,0.000343609630363062,0.26619222432721734,0.006808093884711353,0.03830636665225029,6.493602991104126
25875877,XY-Warm-Same-State S2 p2=30,0,spsa,sequential,1,random_shared_stream,50,120,5,60,2.8704140186309814,117,0.20178529620170593,0.026050370186567307,0.0006778676761314273,0.0006514768465422094,0.0006665574037469923,0.2530534317414403,0.006736030261586891,0.051062457263469696,6.667191743850708
25875877,XY-Warm-Same-State S2 p2=30,0,spsa,sequential,1,random_shared_stream,55,120,5,60,2.8704140186309814,127,0.5436680912971497,0.07018725574016571,0.004838672000914812,0.004729199688881636,0.004904355388134718,0.24150993283712863,0.00667149812587736,0.13130123913288116,6.8438873291015625
25875877,XY-Warm-Same-State S2 p2=30,0,spsa,sequential,1,random_shared_stream,60,120,5,60,2.8704140186309814,137,0.13418449461460114,0.017323145642876625,0.00030009131296537817,0.0002947563480120152,0.00029475631890818477,0.23126923590683018,0.006613124877877567,0.03103274665772915,7.019475698471069
25875877,XY-Warm-Same-State S2 p2=30,0,spsa,sequential,1,random_shared_stream,65,120,5,60,2.8704140186309814,147,0.1041649654507637,0.013447641395032406,0.00018003529112320393,0.00016074578161351383,0.00017360546917188913,0.22210820986152,0.00655987782624524,0.023135894909501076,7.196637868881226
25875877,XY-Warm-Same-State S2 p2=30,0,spsa,sequential,1,random_shared_stream,70,120,5,60,2.8704140186309814,157,0.01630941778421402,0.0021055368706583977,4.4135822463431396e-06,4.3544719119381625e-06,4.118029664823553e-06,0.21385336545975267,0.006510961059728841,0.003487823996692896,7.374054193496704
25875877,XY-Warm-Same-State S2 p2=30,0,spsa,sequential,1,random_shared_stream,75,120,5,60,2.8704140186309814,167,0.07911825180053711,0.01021412294358015,0.00010247356840409338,0.00010247356112813577,0.00010247355385217816,0.20636756427971306,0.006465748569458605,0.01632744073867798,7.5513176918029785
25875877,XY-Warm-Same-State S2 p2=30,0,spsa,sequential,1,random_shared_stream,80,120,5,60,2.8704140186309814,177,0.46286430954933167,0.05975552648305893,0.003554853145033121,0.0035548529122024775,0.0035548533778637648,0.19954082170973994,0.006423739359501706,0.09236033260822296,7.725151300430298
25875877,XY-Warm-Same-State S2 p2=30,0,spsa,sequential,1,random_shared_stream,85,120,5,60,2.8704140186309814,187,0.7257511019706726,0.0936940610408783,0.008427434600889683,0.008739560842514038,0.006866798270493746,0.1932837951045668,0.006384526420430394,0.14027592539787292,7.901708602905273
25875877,XY-Warm-Same-State S2 p2=30,0,spsa,sequential,1,random_shared_stream,90,120,5,60,2.8704140186309814,197,0.07084238529205322,0.009145713411271572,8.36440667626448e-05,8.327230898430571e-05,8.327230898430571e-05,0.18752307889642353,0.006347774736498105,0.01328458171337843,8.075945138931274
25875877,XY-Warm-Same-State S2 p2=30,0,spsa,sequential,1,random_shared_stream,95,120,5,60,2.8704140186309814,207,0.3700465261936188,0.04777280613780022,0.0022594183683395386,0.002190951257944107,0.002282240428030491,0.1821977435960835,0.006313205349806472,0.06742164492607117,8.253302335739136
25875877,XY-Warm-Same-State S2 p2=30,0,spsa,sequential,1,random_shared_stream,100,120,5,60,2.8704140186309814,217,0.013673152774572372,0.001765196560882032,3.1124561701290077e-06,2.991281462527695e-06,2.8943420602445258e-06,0.17725674855861911,0.0062805835881331795,0.002423658734187484,8.431049108505249
25875877,XY-Warm-Same-State S2 p2=30,0,spsa,sequential,1,random_shared_stream,105,120,5,60,2.8703606128692627,227,0.1591261625289917,0.02054310031235218,0.0004215500084683299,0.00041451636934652925,0.0004051381547469646,0.17265697974113778,0.006249710218466985,0.027474241331219673,8.608765125274658
25875877,XY-Warm-Same-State S2 p2=30,0,spsa,sequential,1,random_shared_stream,110,120,5,60,2.870037794113159,237,0.2070811539888382,0.026734063401818275,0.0006948570953682065,0.0007020041812211275,0.0006861218134872615,0.16836174186977995,0.006220414696856706,0.03486454486846924,8.784655570983887
25875877,XY-Warm-Same-State S2 p2=30,0,spsa,sequential,1,random_shared_stream,115,120,5,60,2.870037794113159,247,0.23127461969852448,0.02985742688179016,0.000882551190443337,0.0008875037892721593,0.0008756175520829856,0.1643395859178613,0.006192549946726541,0.038007576018571854,8.95956826210022
25875877,XY-Warm-Same-State S2 p2=30,0,spsa,sequential,1,random_shared_stream,120,120,5,60,2.869924545288086,257,0.35791584849357605,0.04620673879981041,0.0021326907444745302,0.0021255738101899624,0.0021350630559027195,0.1605633873693246,0.006165988269252272,0.05746818706393242,9.137153148651123
25875877,XY-Warm-Same-State S2 p2=30,0,spsa,sequential,2,random_shared_stream,1,120,5,60,2.8744702339172363,19,0.12041021138429642,0.01554489228874445,0.00021479437418747693,0.00021479434508364648,0.0002147943596355617,0.9506042728621825,0.01,0.1144624650478363,9.507680177688599
25875877,XY-Warm-Same-State S2 p2=30,0,spsa,sequential,2,random_shared_stream,5,120,5,60,2.8725764751434326,27,0.45128220319747925,0.05826028436422348,0.003299975534901023,0.003379174740985036,0.0031528908293694258,0.8088414694072578,0.008499708457906336,0.25,9.651107788085938
25875877,XY-Warm-Same-State S2 p2=30,0,spsa,sequential,2,random_shared_stream,10,120,5,60,2.872403860092163,37,0.3602675795555115,0.046510349959135056,0.0021632122807204723,0.002153598004952073,0.0021535977721214294,0.6925564945770958,0.007925013304804718,0.2495056688785553,9.82791543006897
25875877,XY-Warm-Same-State S2 p2=30,0,spsa,sequential,2,random_shared_stream,15,120,5,60,2.870591878890991,47,0.15234024822711945,0.019667042419314384,0.0003850734210573137,0.00038679249701090157,0.00037991622230038047,0.6122272756031013,0.007607023936737776,0.09326684474945068,10.007030010223389
25875877,XY-Warm-Same-State S2 p2=30,0,spsa,sequential,2,random_shared_stream,20,120,5,60,2.870591878890991,57,0.17132754623889923,0.02211829088628292,0.00048052152851596475,0.00048704445362091064,0.000469650054583326,0.5527049742935191,0.007389175310232022,0.09469358623027802,10.184154987335205
25875877,XY-Warm-Same-State S2 p2=30,0,spsa,sequential,2,random_shared_stream,25,120,5,60,2.870591878890991,67,0.4546336233615875,0.05869295075535774,0.003444862086325884,0.003429551376029849,0.0034295516088604927,0.5064495881184606,0.007224504386940453,0.23024900257587433,10.359083652496338
25875877,XY-Warm-Same-State S2 p2=30,0,spsa,sequential,2,random_shared_stream,30,120,5,60,2.870591878890991,77,0.13852129876613617,0.017883023247122765,0.0003141171473544091,0.00028426889912225306,0.0003183811786584556,0.4692427673174248,0.007092686320615818,0.06500012427568436,10.53394103050232
25875877,XY-Warm-Same-State S2 p2=30,0,spsa,sequential,2,random_shared_stream,35,120,5,60,2.870591878890991,87,0.4145473539829254,0.05351783707737923,0.002660484751686454,0.002813240047544241,0.0024058930575847626,0.4385213573252687,0.006983113928013742,0.1817878633737564,10.70937991142273
25875877,XY-Warm-Same-State S2 p2=30,0,spsa,sequential,2,random_shared_stream,40,120,5,60,2.870591878890991,97,0.09998448938131332,0.01290794275701046,0.00016494881128892303,0.0001636529341340065,0.00014810218999627978,0.41262890490054954,0.006889567205173026,0.04125649109482765,10.884276151657104
25875877,XY-Warm-Same-State S2 p2=30,0,spsa,sequential,2,random_shared_stream,45,120,5,60,2.870591878890991,107,0.30774760246276855,0.039730049669742584,0.0015346300788223743,0.0015504148323088884,0.001515337498858571,0.3904424210202397,0.006808093884711353,0.12015773355960846,11.064157009124756
25875877,XY-Warm-Same-State S2 p2=30,0,spsa,sequential,2,random_shared_stream,50,120,5,60,2.8704521656036377,117,0.5486037731170654,0.07082443684339523,0.004564652219414711,0.003589299041777849,0.004993807058781385,0.37117085138878575,0.006736030261586891,0.20362570881843567,11.241957902908325
25875877,XY-Warm-Same-State S2 p2=30,0,spsa,sequential,2,random_shared_stream,55,120,5,60,2.8704521656036377,127,0.39833930134773254,0.05142538249492645,0.0026181242428719997,0.0026328163221478462,0.002597555285319686,0.35423920858578783,0.00667149812587736,0.14110738039016724,11.418522357940674
25875877,XY-Warm-Same-State S2 p2=30,0,spsa,sequential,2,random_shared_stream,60,120,5,60,2.8704521656036377,137,0.07833246886730194,0.010112679563462734,9.306230640504509e-05,8.590365905547515e-05,9.817562386160716e-05,0.33921847493173035,0.006613124877877567,0.026571819558739662,11.593823671340942
25875877,XY-Warm-Same-State S2 p2=30,0,spsa,sequential,2,random_shared_stream,65,120,5,60,2.8704521656036377,147,0.425950288772583,0.05498994514346123,0.003023893805220723,0.002902938285842538,0.002902938285842538,0.3257813687307486,0.00655987782624524,0.13876667618751526,11.771347284317017
25875877,XY-Warm-Same-State S2 p2=30,0,spsa,sequential,2,random_shared_stream,70,120,5,60,2.8704521656036377,157,0.5940883159637451,0.07669647783041,0.005823524668812752,0.005777773447334766,0.005228753667324781,0.31367342139488097,0.006510961059728841,0.18634970486164093,11.947134494781494
25875877,XY-Warm-Same-State S2 p2=30,0,spsa,sequential,2,random_shared_stream,75,120,5,60,2.8704521656036377,167,0.7791862487792969,0.10059251636266708,0.010073880665004253,0.01011885330080986,0.009938961826264858,0.3026934825803722,0.006465748569458605,0.2358545958995819,12.12416124343872
25875877,XY-Warm-Same-State S2 p2=30,0,spsa,sequential,2,random_shared_stream,80,120,5,60,2.8704521656036377,177,1.5260149240493774,0.1970076858997345,0.037733908742666245,0.03260210156440735,0.03863952308893204,0.2926802303021024,0.006423739359501706,0.25,12.303154945373535
25875877,XY-Warm-Same-State S2 p2=30,0,spsa,sequential,2,random_shared_stream,85,120,5,60,2.8704521656036377,187,0.3690946400165558,0.047649916261434555,0.0022679914254695177,0.002270514378324151,0.002260423032566905,0.2835026195650254,0.006384526420430394,0.10463929921388626,12.480745553970337
25875877,XY-Warm-Same-State S2 p2=30,0,spsa,sequential,2,random_shared_stream,90,120,5,60,2.8704521656036377,197,0.1374662220478058,0.0177468154579401,0.0003149494295939803,0.0003135496226605028,0.00031354965176433325,0.2750529813804287,0.006347774736498105,0.03781049698591232,12.65719723701477
25875877,XY-Warm-Same-State S2 p2=30,0,spsa,sequential,2,random_shared_stream,95,120,5,60,2.869903564453125,207,0.5110445022583008,0.06597556918859482,0.004275392275303602,0.004275391809642315,0.004275392275303602,0.267241946281021,0.006313205349806472,0.13657252490520477,12.833728551864624
25875877,XY-Warm-Same-State S2 p2=30,0,spsa,sequential,2,random_shared_stream,100,120,5,60,2.869903564453125,217,0.18377895653247833,0.023725761100649834,0.000552904384676367,0.0005228824447840452,0.000562911678571254,0.25999464944674106,0.0062805835881331795,0.04778154194355011,13.010564804077148
25875877,XY-Warm-Same-State S2 p2=30,0,spsa,sequential,2,random_shared_stream,105,120,5,60,2.869903564453125,227,1.115951657295227,0.14406874775886536,0.020548241212964058,0.020755797624588013,0.019925566390156746,0.25324785254923604,0.006249710218466985,0.25,13.18509817123413
25875877,XY-Warm-Same-State S2 p2=30,0,spsa,sequential,2,random_shared_stream,110,120,5,60,2.869903564453125,237,0.08060579001903534,0.010406162589788437,0.00010780694719869643,0.00010636309889378026,0.00010828822996700183,0.24694773210962,0.006220414696856706,0.019905418157577515,13.361836433410645
25875877,XY-Warm-Same-State S2 p2=30,0,spsa,sequential,2,random_shared_stream,115,120,5,60,2.869903564453125,247,0.5260714888572693,0.06791553646326065,0.004607394803315401,0.004612520337104797,0.004592019133269787,0.24104815968012014,0.006192549946726541,0.1268085539340973,13.539333581924438
25875877,XY-Warm-Same-State S2 p2=30,0,spsa,sequential,2,random_shared_stream,120,120,5,60,2.869903564453125,257,0.5406177043914795,0.06979344040155411,0.004735815338790417,0.004676279611885548,0.004784526769071817,0.23550934986976524,0.006165988269252272,0.12732051312923431,13.716498613357544
25875877,XY-Warm-Same-State S2 p2=30,0,spsa,sequential,3,random_shared_stream,1,120,5,60,2.8736472129821777,19,0.21311868727207184,0.02751350589096546,0.0007494230521842837,0.0007267131586559117,0.0007569929002784193,1.1276904446571632,0.01,0.24033190310001373,14.091107606887817
25875877,XY-Warm-Same-State S2 p2=30,0,spsa,sequential,3,random_shared_stream,5,120,5,60,2.873070001602173,27,0.03324322775006294,0.0042916820384562016,1.8398070096736774e-05,1.8418535546516068e-05,1.8336675566388294e-05,0.9595189316230458,0.008499708457906336,0.03189750015735626,14.233768463134766
25875877,XY-Warm-Same-State S2 p2=30,0,spsa,sequential,3,random_shared_stream,10,120,5,60,2.873070001602173,37,0.04742203280329704,0.006122158374637365,3.6439687391975895e-05,3.731423930730671e-05,3.4815515391528606e-05,0.8215714610332686,0.007925013304804718,0.03896058723330498,14.41207218170166
25875877,XY-Warm-Same-State S2 p2=30,0,spsa,sequential,3,random_shared_stream,15,120,5,60,2.871816396713257,47,0.029618341475725174,0.003823711769655347,1.4214635484677274e-05,1.4620769434259273e-05,1.2996240002394188e-05,0.7262778722605202,0.007607023936737776,0.021511146798729897,14.591119527816772
25875877,XY-Warm-Same-State S2 p2=30,0,spsa,sequential,3,random_shared_stream,20,120,5,60,2.871816396713257,57,0.07497923821210861,0.009679777547717094,9.328166925115511e-05,9.328165469923988e-05,8.995016833068803e-05,0.6556672802959795,0.007389175310232022,0.049161430448293686,14.767935037612915
25875877,XY-Warm-Same-State S2 p2=30,0,spsa,sequential,3,random_shared_stream,25,120,5,60,2.871816396713257,67,0.026074009016156197,0.0033661401830613613,1.1330898814776447e-05,1.1330898814776447e-05,1.1330898814776447e-05,0.6007950705945796,0.007224504386940453,0.01566513627767563,14.944843769073486
25875877,XY-Warm-Same-State S2 p2=30,0,spsa,sequential,3,random_shared_stream,30,120,5,60,2.871816396713257,77,0.3511202335357666,0.04532942920923233,0.001997680403292179,0.0019725668244063854,0.0020182281732559204,0.556657065442269,0.007092686320615818,0.19545358419418335,15.120635032653809
25875877,XY-Warm-Same-State S2 p2=30,0,spsa,sequential,3,random_shared_stream,35,120,5,60,2.871816396713257,87,0.3644314408302307,0.047047894448041916,0.0021249642595648766,0.002056099707260728,0.0021741532254964113,0.520212625328152,0.006983113928013742,0.18958184123039246,15.298759698867798
25875877,XY-Warm-Same-State S2 p2=30,0,spsa,sequential,3,random_shared_stream,40,120,5,60,2.8715813159942627,97,0.5231091380119324,0.06753310561180115,0.004540450405329466,0.004540450405329466,0.0045404499396681786,0.4894967196440954,0.006889567205173026,0.25,15.47770643234253
25875877,XY-Warm-Same-State S2 p2=30,0,spsa,sequential,3,random_shared_stream,45,120,5,60,2.8715813159942627,107,0.06700189411640167,0.008649908006191254,7.448836549883708e-05,7.349075167439878e-05,7.482091314159334e-05,0.4631771599843916,0.006808093884711353,0.031033748760819435,15.657046794891357
25875877,XY-Warm-Same-State S2 p2=30,0,spsa,sequential,3,random_shared_stream,50,120,5,60,2.8715813159942627,117,0.8259214162826538,0.1066260039806366,0.011356472037732601,0.01116698607802391,0.010914340615272522,0.4403155281283706,0.006736030261586891,0.25,15.833295583724976
25875877,XY-Warm-Same-State S2 p2=30,0,spsa,sequential,3,random_shared_stream,55,120,5,60,2.8715813159942627,127,0.889689028263092,0.11485836654901505,0.01313380990177393,0.013133808970451355,0.013133808970451355,0.4202297233972392,0.00667149812587736,0.25,16.01086950302124
25875877,XY-Warm-Same-State S2 p2=30,0,spsa,sequential,3,random_shared_stream,60,120,5,60,2.8715813159942627,137,0.09257473796606064,0.011951347813010216,0.00014140637358650565,0.0001421998895239085,0.0001402954221703112,0.4024108072646408,0.006613124877877567,0.03725307807326317,16.18800640106201
25875877,XY-Warm-Same-State S2 p2=30,0,spsa,sequential,3,random_shared_stream,65,120,5,60,2.8710861206054688,147,0.42482414841651917,0.05484456568956375,0.0030045839957892895,0.0029945573769509792,0.003007926046848297,0.3864705293811145,0.00655987782624524,0.16418200731277466,16.367021322250366
25875877,XY-Warm-Same-State S2 p2=30,0,spsa,sequential,3,random_shared_stream,70,120,5,60,2.8710861206054688,157,0.9840960502624512,0.12704627215862274,0.015692396089434624,0.016069013625383377,0.013558230362832546,0.3721070167135782,0.006510961059728841,0.25,16.544975519180298
25875877,XY-Warm-Same-State S2 p2=30,0,spsa,sequential,3,random_shared_stream,75,120,5,60,2.871002674102783,167,0.3867368698120117,0.04992751404643059,0.0023930466268211603,0.0023154939990490675,0.0024484407622367144,0.35908164702240186,0.006465748569458605,0.13887010514736176,16.723559379577637
25875877,XY-Warm-Same-State S2 p2=30,0,spsa,sequential,3,random_shared_stream,80,120,5,60,2.871002674102783,177,0.7371330261230469,0.09516347199678421,0.008965523913502693,0.00841209664940834,0.009015836752951145,0.3472030459719902,0.006423739359501706,0.25,16.900737285614014
25875877,XY-Warm-Same-State S2 p2=30,0,spsa,sequential,3,random_shared_stream,85,120,5,60,2.871002674102783,187,0.5098191499710083,0.06581737846136093,0.004254914354532957,0.004254914354532957,0.004254914354532957,0.3363157564568451,0.006384526420430394,0.17146021127700806,17.078271865844727
25875877,XY-Warm-Same-State S2 p2=30,0,spsa,sequential,3,random_shared_stream,90,120,5,60,2.871002674102783,197,0.28147849440574646,0.036338720470666885,0.0012970267562195659,0.001267682178877294,0.0013146334094926715,0.32629205204734313,0.006347774736498105,0.09184419363737106,17.253459453582764
25875877,XY-Warm-Same-State S2 p2=30,0,spsa,sequential,3,random_shared_stream,95,120,5,60,2.871002674102783,207,0.3830639719963074,0.04945334792137146,0.0024456335231661797,0.0024021556600928307,0.0024021558929234743,0.3170259148165874,0.006313205349806472,0.12144121527671814,17.431631326675415
25875877,XY-Warm-Same-State S2 p2=30,0,spsa,sequential,3,random_shared_stream,100,120,5,60,2.871002674102783,217,0.2659648656845093,0.034335922449827194,0.0011776451719924808,0.001157996361143887,0.0011737155728042126,0.3084285335266797,0.0062805835881331795,0.08203116059303284,17.609748601913452
25875877,XY-Warm-Same-State S2 p2=30,0,spsa,sequential,3,random_shared_stream,105,120,5,60,2.871002674102783,227,0.32800379395484924,0.042345110327005386,0.001793108182027936,0.001761230523698032,0.001761230523698032,0.3004248893073548,0.006249710218466985,0.09854050725698471,17.784773588180542
25875877,XY-Warm-Same-State S2 p2=30,0,spsa,sequential,3,random_shared_stream,110,120,5,60,2.871002674102783,237,0.30683639645576477,0.039612408727407455,0.0015255555044859648,0.0014575592940673232,0.0015621689381077886,0.29295113201132134,0.006220414696856706,0.0898880660533905,17.962479829788208
25875877,XY-Warm-Same-State S2 p2=30,0,spsa,sequential,3,random_shared_stream,115,120,5,60,2.871002674102783,247,0.47224161028862,0.0609661340713501,0.0036507914774119854,0.0037168690469115973,0.003452558536082506,0.28595254001438175,0.006192549946726541,0.13503868877887726,18.13971495628357
25875877,XY-Warm-Same-State S2 p2=30,0,spsa,sequential,3,random_shared_stream,120,120,5,60,2.8709263801574707,257,0.11231669783592224,0.014500023797154427,0.00021001705317758024,0.00020931621838826686,0.0002102506550727412,0.27938191638452553,0.006165988269252272,0.03137925639748573,18.31724739074707
25875877,XY-Warm-Same-State S2 p2=30,0,spsa,sequential,4,continuation,1,120,5,60,0.04770022630691528,19,12.941039085388184,1.670681118965149,2.76326322555542,2.79117488861084,2.679527759552002,0.0456638988699603,0.01,0.25,18.693463563919067
25875877,XY-Warm-Same-State S2 p2=30,0,spsa,sequential,4,continuation,5,120,5,60,0.04770022630691528,27,409.5157470703125,52.868263244628906,2717.41259765625,2745.36279296875,2683.250732421875,0.038854080625616835,0.008499708457906336,0.25,18.835256814956665
25875877,XY-Warm-Same-State S2 p2=30,0,spsa,sequential,4,continuation,10,120,5,60,0.04770022630691528,37,144.95574951171875,18.713706970214844,350.2027893066406,348.6463928222656,348.6463317871094,0.03326813336835026,0.007925013304804718,0.25,19.010706901550293
25875877,XY-Warm-Same-State S2 p2=30,0,spsa,sequential,4,continuation,15,120,5,60,0.04770022630691528,47,118.19708251953125,15.259178161621094,231.8076629638672,232.842529296875,228.7030792236328,0.029409382217898423,0.007607023936737776,0.25,19.18885040283203
25875877,XY-Warm-Same-State S2 p2=30,0,spsa,sequential,4,continuation,20,120,5,60,0.04770022630691528,57,44.1127815246582,5.694936275482178,32.288150787353516,31.855716705322266,32.43229293823242,0.02655012687358532,0.007389175310232022,0.25,19.366270065307617
25875877,XY-Warm-Same-State S2 p2=30,0,spsa,sequential,4,continuation,25,120,5,60,0.04770022630691528,67,234.5531005859375,30.280677795410156,915.9004516601562,880.2424926757812,900.6184692382812,0.024328170443567197,0.007224504386940453,0.25,19.54387903213501
25875877,XY-Warm-Same-State S2 p2=30,0,spsa,sequential,4,continuation,30,120,5,60,0.04770022630691528,77,8.368040084838867,1.080309510231018,1.1670682430267334,1.1670682430267334,1.1670682430267334,0.022540877296634797,0.007092686320615818,0.18862296640872955,19.718201637268066
25875877,XY-Warm-Same-State S2 p2=30,0,spsa,sequential,4,continuation,35,120,5,60,0.04770022630691528,87,97.32632446289062,12.564776420593262,149.27822875976562,151.55862426757812,146.6470184326172,0.02106512192810429,0.006983113928013742,0.25,19.895085334777832
25875877,XY-Warm-Same-State S2 p2=30,0,spsa,sequential,4,continuation,40,120,5,60,0.04770022630691528,97,74.10659790039062,9.567120552062988,90.614501953125,89.90259552001953,91.12299346923828,0.01982133377905917,0.006889567205173026,0.25,20.06987762451172
25875877,XY-Warm-Same-State S2 p2=30,0,spsa,sequential,4,continuation,45,120,5,60,0.04770022630691528,107,194.68174743652344,25.1333065032959,614.1363525390625,620.4532470703125,606.415771484375,0.018755568154905117,0.006808093884711353,0.25,20.247283935546875
25875877,XY-Warm-Same-State S2 p2=30,0,spsa,sequential,4,continuation,50,120,5,60,0.04770022630691528,117,52.72709274291992,6.8070387840271,45.04867172241211,33.155818939208984,44.48234939575195,0.017829825412274198,0.006736030261586891,0.25,20.425255298614502
25875877,XY-Warm-Same-State S2 p2=30,0,spsa,sequential,4,continuation,55,120,5,60,0.04770022630691528,127,70.30867767333984,9.076811790466309,81.56462097167969,80.92383575439453,82.0223388671875,0.017016485048959334,0.00667149812587736,0.25,20.603883504867554
25875877,XY-Warm-Same-State S2 p2=30,0,spsa,sequential,4,continuation,60,120,5,60,0.04770022630691528,137,39.811954498291016,5.1397013664245605,26.416532516479492,26.41653060913086,26.41653060913086,0.01629493846841821,0.006613124877877567,0.25,20.78088879585266
25875877,XY-Warm-Same-State S2 p2=30,0,spsa,sequential,4,continuation,65,120,5,60,0.04770022630691528,147,4.115923881530762,0.5313634872436523,0.28203344345092773,0.28109225630760193,0.2823471426963806,0.015649464135740233,0.00655987782624524,0.06441200524568558,20.95826029777527
25875877,XY-Warm-Same-State S2 p2=30,0,spsa,sequential,4,continuation,70,120,5,60,0.04770022630691528,157,32.254356384277344,4.164019584655762,17.339059829711914,17.26199722290039,17.26199722290039,0.01506783821794045,0.006510961059728841,0.25,21.136621713638306
25875877,XY-Warm-Same-State S2 p2=30,0,spsa,sequential,4,continuation,75,120,5,60,0.04770022630691528,167,310.4053039550781,40.07315444946289,1561.25048828125,1427.4290771484375,1605.857666015625,0.014540398114905305,0.006465748569458605,0.25,21.31482243537903
25875877,XY-Warm-Same-State S2 p2=30,0,spsa,sequential,4,continuation,80,120,5,60,0.04770022630691528,177,158.91036987304688,20.515243530273438,409.18414306640625,413.3929138183594,404.0401306152344,0.014059394449712853,0.006423739359501706,0.25,21.493253707885742
25875877,XY-Warm-Same-State S2 p2=30,0,spsa,sequential,4,continuation,85,120,5,60,0.04770022630691528,187,48.40910339355469,6.249588966369629,39.01396179199219,37.49506378173828,38.36300277709961,0.01361853225234032,0.006384526420430394,0.25,21.669992208480835
25875877,XY-Warm-Same-State S2 p2=30,0,spsa,sequential,4,continuation,90,120,5,60,0.04770022630691528,197,177.95578002929688,22.973995208740234,527.2179565429688,527.8043823242188,525.4585571289062,0.013212639459130543,0.006347774736498105,0.25,21.84805417060852
25875877,XY-Warm-Same-State S2 p2=30,0,spsa,sequential,4,continuation,95,120,5,60,0.04770022630691528,207,18.479511260986328,2.3856945037841797,5.590354919433594,5.666242599487305,5.059144973754883,0.012837423055174008,0.006313205349806472,0.23722928762435913,22.025501251220703
25875877,XY-Warm-Same-State S2 p2=30,0,spsa,sequential,4,continuation,100,120,5,60,0.04770022630691528,217,142.12771606445312,18.34861183166504,336.6714782714844,330.6861877441406,330.6861877441406,0.01248928678104943,0.0062805835881331795,0.25,22.200716733932495
25875877,XY-Warm-Same-State S2 p2=30,0,spsa,sequential,4,continuation,105,120,5,60,0.04770022630691528,227,32.888145446777344,4.245841026306152,18.02716827392578,17.306079864501953,17.306081771850586,0.012165192875710447,0.006249710218466985,0.25,22.38005805015564
25875877,XY-Warm-Same-State S2 p2=30,0,spsa,sequential,4,continuation,110,120,5,60,0.04770022630691528,237,346.4980163574219,44.73270034790039,1920.9739990234375,1992.1212158203125,1778.6795654296875,0.011862555836475398,0.006220414696856706,0.25,22.557518482208252
25875877,XY-Warm-Same-State S2 p2=30,0,spsa,sequential,4,continuation,115,120,5,60,0.04770022630691528,247,21.92024040222168,2.8298912048339844,7.999384880065918,7.68795108795166,7.865913391113281,0.011579159804617099,0.006192549946726541,0.25,22.732449769973755
25875877,XY-Warm-Same-State S2 p2=30,0,spsa,sequential,4,continuation,120,120,5,60,0.04770022630691528,257,14.19338607788086,1.8323583602905273,3.3239614963531494,3.297847270965576,3.3426144123077393,0.011313093620969028,0.006165988269252272,0.1605711132287979,22.911458015441895
25875877,XY-Warm-Same-State S2 p2=36,0,spsa,sequential,0,deterministic_linear_ramp,1,120,5,72,3.6689298152923584,19,66.05122375488281,7.784212112426758,60.17316436767578,60.59395217895508,58.91078567504883,0.004692351292332479,0.01,0.25,0.4032306671142578
25875877,XY-Warm-Same-State S2 p2=36,0,spsa,sequential,0,deterministic_linear_ramp,5,120,5,72,3.558196544647217,27,71.59148406982422,8.437137603759766,69.20791625976562,70.30645751953125,67.66996002197266,0.003992584951083526,0.008499708457906336,0.25,0.5711803436279297
25875877,XY-Warm-Same-State S2 p2=36,0,spsa,sequential,0,deterministic_linear_ramp,10,120,5,72,3.3450465202331543,37,5.933968544006348,0.699324905872345,0.4875459671020508,0.487545907497406,0.487545907497406,0.0034185816907360226,0.007925013304804718,0.02028575725853443,0.7823672294616699
25875877,XY-Warm-Same-State S2 p2=36,0,spsa,sequential,0,deterministic_linear_ramp,15,120,5,72,3.2944705486297607,47,12.947125434875488,1.5258333683013916,2.320981740951538,2.328167200088501,2.299424171447754,0.003022062418494829,0.007607023936737776,0.03912701830267906,0.9890573024749756
25875877,XY-Warm-Same-State S2 p2=36,0,spsa,sequential,0,deterministic_linear_ramp,20,120,5,72,3.1549041271209717,57,5.532245635986328,0.6519814729690552,0.41687989234924316,0.4198318421840668,0.41327202320098877,0.0027282497822106724,0.007389175310232022,0.015093348920345306,1.1983373165130615
25875877,XY-Warm-Same-State S2 p2=36,0,spsa,sequential,0,deterministic_linear_ramp,25,120,5,72,3.1421170234680176,67,7.6403679847717285,0.9004260301589966,0.8107670545578003,0.8007575869560242,0.8007575869560242,0.0024999249920828453,0.007224504386940453,0.01910034753382206,1.4049663543701172
25875877,XY-Warm-Same-State S2 p2=36,0,spsa,sequential,0,deterministic_linear_ramp,30,120,5,72,3.037177324295044,77,8.467630386352539,0.9979198575019836,0.9927704334259033,0.9835495352745056,0.946666419506073,0.0023162655255167456,0.007092686320615818,0.01961328089237213,1.6070196628570557
25875877,XY-Warm-Same-State S2 p2=36,0,spsa,sequential,0,deterministic_linear_ramp,35,120,5,72,2.992011547088623,87,0.5236432552337646,0.061711955815553665,0.00379661051556468,0.003620297648012638,0.0037613483145833015,0.0021646191969715033,0.006983113928013742,0.001133488374762237,1.8179426193237305
25875877,XY-Warm-Same-State S2 p2=36,0,spsa,sequential,0,deterministic_linear_ramp,40,120,5,72,2.9785337448120117,97,2.6384973526000977,0.3109499216079712,0.09400400519371033,0.09400400519371033,0.09400400519371033,0.0020368094594547833,0.006889567205173026,0.0053741163574159145,2.0261037349700928
25875877,XY-Warm-Same-State S2 p2=36,0,spsa,sequential,0,deterministic_linear_ramp,45,120,5,72,2.9407005310058594,107,24.317108154296875,2.8657984733581543,8.054376602172852,7.579098224639893,8.212801933288574,0.0019272930399728576,0.006808093884711353,0.04686618968844414,2.237142562866211
25875877,XY-Warm-Same-State S2 p2=36,0,spsa,sequential,0,deterministic_linear_ramp,50,120,5,72,2.8976199626922607,117,49.11592483520508,5.788366794586182,31.85061264038086,30.91991424560547,32.574493408203125,0.0018321651542195624,0.006736030261586891,0.08998847752809525,2.447514295578003
25875877,XY-Warm-Same-State S2 p2=36,0,spsa,sequential,0,deterministic_linear_ramp,55,120,5,72,2.8362362384796143,127,54.8370246887207,6.462604999542236,41.76526641845703,41.63636016845703,41.636356353759766,0.0017485875623066364,0.00667149812587736,0.09588734060525894,2.6582489013671875
25875877,XY-Warm-Same-State S2 p2=36,0,spsa,sequential,0,deterministic_linear_ramp,60,120,5,72,2.796534299850464,137,56.555877685546875,6.665174961090088,41.64801788330078,43.19053649902344,39.488487243652344,0.0016744425568763724,0.006613124877877567,0.09469957649707794,2.869046211242676
25875877,XY-Warm-Same-State S2 p2=36,0,spsa,sequential,0,deterministic_linear_ramp,65,120,5,72,2.6829605102539062,147,106.06493377685547,12.499873161315918,156.1262664794922,154.3178253173828,151.90663146972656,0.001608114617430505,0.00655987782624524,0.17056456208229065,3.078336000442505
25875877,XY-Warm-Same-State S2 p2=36,0,spsa,sequential,0,deterministic_linear_ramp,70,120,5,72,2.6829605102539062,157,38.065765380859375,4.486093521118164,19.87657928466797,19.87657928466797,19.87657928466797,0.0015483476418856887,0.006510961059728841,0.05893903970718384,3.2865543365478516
25875877,XY-Warm-Same-State S2 p2=36,0,spsa,sequential,0,deterministic_linear_ramp,75,120,5,72,2.6829605102539062,167,18.178421020507812,2.142347574234009,4.589653491973877,4.5329909324646,4.5329909324646,0.0014941487164686332,0.006465748569458605,0.027161266654729843,3.495180368423462
25875877,XY-Warm-Same-State S2 p2=36,0,spsa,sequential,0,deterministic_linear_ramp,80,120,5,72,2.6829605102539062,177,38.32075881958008,4.516144752502441,20.143766403198242,20.143766403198242,20.143766403198242,0.001444721527248327,0.006423739359501706,0.055362824350595474,3.7044174671173096
25875877,XY-Warm-Same-State S2 p2=36,0,spsa,sequential,0,deterministic_linear_ramp,85,120,5,72,2.632735252380371,187,30.083715438842773,3.5453999042510986,12.531064987182617,12.531064987182617,12.5310640335083,0.0013994192128867643,0.006384526420430394,0.0420997329056263,3.91650128364563
25875877,XY-Warm-Same-State S2 p2=36,0,spsa,sequential,0,deterministic_linear_ramp,90,120,5,72,2.6186630725860596,197,25.279285430908203,2.9791924953460693,8.875587463378906,7.889410972595215,7.889410972595215,0.0013577103001592254,0.006347774736498105,0.034321948885917664,4.124802589416504
25875877,XY-Warm-Same-State S2 p2=36,0,spsa,sequential,0,deterministic_linear_ramp,95,120,5,72,2.56754207611084,207,50.558555603027344,5.958382606506348,35.47492980957031,35.39274597167969,35.50232696533203,0.0013191536455243753,0.006313205349806472,0.06669450551271439,4.334719181060791
25875877,XY-Warm-Same-State S2 p2=36,0,spsa,sequential,0,deterministic_linear_ramp,100,120,5,72,2.513556957244873,217,27.507522583007812,3.241792678833008,10.476784706115723,10.476785659790039,10.217297554016113,0.0012833797029521846,0.0062805835881331795,0.035302598029375076,4.544302463531494
25875877,XY-Warm-Same-State S2 p2=36,0,spsa,sequential,0,deterministic_linear_ramp,105,120,5,72,2.507495641708374,227,39.850406646728516,4.696415424346924,21.630847930908203,20.35443878173828,22.056316375732422,0.001250076316837801,0.006249710218466985,0.04981604963541031,4.751814603805542
25875877,XY-Warm-Same-State S2 p2=36,0,spsa,sequential,0,deterministic_linear_ramp,110,120,5,72,2.458336353302002,237,2.6423091888427734,0.3113991320133209,0.09218081086874008,0.0778149664402008,0.09696941822767258,0.0012189778049431794,0.006220414696856706,0.003220916725695133,4.958489179611206
25875877,XY-Warm-Same-State S2 p2=36,0,spsa,sequential,0,deterministic_linear_ramp,115,120,5,72,2.442250967025757,247,29.292724609375,3.4521806240081787,11.908355712890625,11.880768775939941,11.770421028137207,0.0011898564690686602,0.006192549946726541,0.03485413268208504,5.16722559928894
25875877,XY-Warm-Same-State S2 p2=36,0,spsa,sequential,0,deterministic_linear_ramp,120,120,5,72,2.442250967025757,257,22.56461524963379,2.6592655181884766,7.06623649597168,7.071692943572998,7.049866676330566,0.0011625159214679755,0.006165988269252272,0.02623172663152218,5.377082347869873
25875877,XY-Warm-Same-State S2 p2=36,0,spsa,sequential,1,random_shared_stream,1,120,5,72,2.8737144470214844,19,0.11490916460752487,0.01354217529296875,0.0001828245003707707,0.0001828245003707707,0.0001828245003707707,1.1450852131181108,0.01,0.13158078491687775,5.8157877922058105
25875877,XY-Warm-Same-State S2 p2=36,0,spsa,sequential,1,random_shared_stream,5,120,5,72,2.871565341949463,27,0.43758857250213623,0.051570311188697815,0.0025856217835098505,0.002626663539558649,0.0025281633716076612,0.9743196331174644,0.008499708457906336,0.25,5.985685110092163
25875877,XY-Warm-Same-State S2 p2=36,0,spsa,sequential,1,random_shared_stream,10,120,5,72,2.871565341949463,37,0.426052063703537,0.05021072179079056,0.002472483552992344,0.002326585818082094,0.0025211162865161896,0.834244305257945,0.007925013304804718,0.25,6.196844816207886
25875877,XY-Warm-Same-State S2 p2=36,0,spsa,sequential,1,random_shared_stream,15,120,5,72,2.871565341949463,47,0.986788272857666,0.11629410833120346,0.013357352465391159,0.013482579030096531,0.012480776757001877,0.7374808007646473,0.007607023936737776,0.25,6.408437967300415
25875877,XY-Warm-Same-State S2 p2=36,0,spsa,sequential,1,random_shared_stream,20,120,5,72,2.871565341949463,57,0.012457238510251045,0.0014680996537208557,2.0738270904985256e-06,2.1486641799128847e-06,1.729574933051481e-06,0.6657810314430288,0.007389175310232022,0.008293794468045235,6.617410182952881
25875877,XY-Warm-Same-State S2 p2=36,0,spsa,sequential,1,random_shared_stream,25,120,5,72,2.871486186981201,67,0.6659017205238342,0.07847727835178375,0.006158681586384773,0.005987606942653656,0.005987606942653656,0.6100624109316245,0.007224504386940453,0.25,6.825017690658569
25875877,XY-Warm-Same-State S2 p2=36,0,spsa,sequential,1,random_shared_stream,30,120,5,72,2.871486186981201,77,0.5439341068267822,0.06410324573516846,0.0041060554794967175,0.004096543416380882,0.0041092257015407085,0.5652435714390124,0.007092686320615818,0.25,7.034665107727051
25875877,XY-Warm-Same-State S2 p2=36,0,spsa,sequential,1,random_shared_stream,35,120,5,72,2.871486186981201,87,0.7138351202011108,0.08412627130746841,0.007055386900901794,0.007077230140566826,0.0069898571819067,0.5282369712033146,0.006983113928013742,0.25,7.243690013885498
25875877,XY-Warm-Same-State S2 p2=36,0,spsa,sequential,1,random_shared_stream,40,120,5,72,2.871486186981201,97,0.929075300693512,0.10949257016181946,0.011988623067736626,0.011840615421533585,0.011840615421533585,0.49704726876947275,0.006889567205173026,0.25,7.453174352645874
25875877,XY-Warm-Same-State S2 p2=36,0,spsa,sequential,1,random_shared_stream,45,120,5,72,2.871486186981201,107,0.20399585366249084,0.02404114231467247,0.0005619216244667768,0.0005761926877312362,0.000533379556145519,0.47032172655627313,0.006808093884711353,0.09594367444515228,7.662942171096802
25875877,XY-Warm-Same-State S2 p2=36,0,spsa,sequential,1,random_shared_stream,50,120,5,72,2.871486186981201,117,0.5915048122406006,0.06970951706171036,0.004844417795538902,0.004724431782960892,0.004844417795538902,0.44710745112270034,0.006736030261586891,0.25,7.871956825256348
25875877,XY-Warm-Same-State S2 p2=36,0,spsa,sequential,1,random_shared_stream,55,120,5,72,2.871486186981201,127,0.3590332567691803,0.04231247678399086,0.0017889642622321844,0.0017682428006082773,0.0017406139522790909,0.42671182030028193,0.00667149812587736,0.15320374071598053,8.079769611358643
25875877,XY-Warm-Same-State S2 p2=36,0,spsa,sequential,1,random_shared_stream,60,120,5,72,2.871486186981201,137,0.3476714491844177,0.0409734733402729,0.0016321914736181498,0.0014922893606126308,0.0016788255888968706,0.408618045121196,0.006613124877877567,0.14206480979919434,8.28819751739502
25875877,XY-Warm-Same-State S2 p2=36,0,spsa,sequential,1,random_shared_stream,65,120,5,72,2.871486186981201,147,0.5697640776634216,0.06714733690023422,0.004383521154522896,0.004494848661124706,0.004160865675657988,0.39243188642498666,0.00655987782624524,0.2235935777425766,8.497219800949097
25875877,XY-Warm-Same-State S2 p2=36,0,spsa,sequential,1,random_shared_stream,70,120,5,72,2.871486186981201,157,1.244410753250122,0.14665521681308746,0.021441370248794556,0.02044563926756382,0.02124222368001938,0.37784681474866266,0.006510961059728841,0.25,8.705738067626953
25875877,XY-Warm-Same-State S2 p2=36,0,spsa,sequential,1,random_shared_stream,75,120,5,72,2.871486186981201,167,0.10747668892145157,0.012666248716413975,0.00016031005361583084,0.0001559773663757369,0.00015845320012886077,0.3646205270742137,0.006465748569458605,0.0391882099211216,8.913917064666748
25875877,XY-Warm-Same-State S2 p2=36,0,spsa,sequential,1,random_shared_stream,80,120,5,72,2.871486186981201,177,0.7594614028930664,0.08950338512659073,0.00785632524639368,0.008010855875909328,0.0073927342891693115,0.3525586970925907,0.006423739359501706,0.25,9.123746633529663
25875877,XY-Warm-Same-State S2 p2=36,0,spsa,sequential,1,random_shared_stream,85,120,5,72,2.871486186981201,187,0.6777795553207397,0.0798770859837532,0.006336040794849396,0.006380348466336727,0.006203116849064827,0.3415034697526812,0.006384526420430394,0.23146407306194305,9.332871198654175
25875877,XY-Warm-Same-State S2 p2=36,0,spsa,sequential,1,random_shared_stream,90,120,5,72,2.871486186981201,197,0.48331165313720703,0.056958820670843124,0.003121644491329789,0.0032042544335126877,0.0029939753003418446,0.3313251484284485,0.006347774736498105,0.16013330221176147,9.542661428451538
25875877,XY-Warm-Same-State S2 p2=36,0,spsa,sequential,1,random_shared_stream,95,120,5,72,2.871486186981201,207,0.8749809861183167,0.10311750322580338,0.010600400157272816,0.01063321903347969,0.01050194539129734,0.3219160798529961,0.006313205349806472,0.25,9.749748945236206
25875877,XY-Warm-Same-State S2 p2=36,0,spsa,sequential,1,random_shared_stream,100,120,5,72,2.871486186981201,217,0.044773511588573456,0.005276608746498823,2.6789908588398248e-05,2.7069194402429275e-05,2.6467656425666064e-05,0.3131860828637917,0.0062805835881331795,0.01402243971824646,9.959157705307007
25875877,XY-Warm-Same-State S2 p2=36,0,spsa,sequential,1,random_shared_stream,105,120,5,72,2.871486186981201,227,0.12899558246135712,0.015202273614704609,0.00022468945826403797,0.0002196963323513046,0.00022825595806352794,0.30505898141495974,0.006249710218466985,0.03935125842690468,10.169130563735962
25875877,XY-Warm-Same-State S2 p2=36,0,spsa,sequential,1,random_shared_stream,110,120,5,72,2.871486186981201,237,1.0968291759490967,0.1292625516653061,0.0162446741014719,0.01541954930871725,0.016657236963510513,0.2974699404625703,0.006220414696856706,0.25,10.378419160842896
25875877,XY-Warm-Same-State S2 p2=36,0,spsa,sequential,1,random_shared_stream,115,120,5,72,2.871486186981201,247,1.123652696609497,0.1324237436056137,0.01752251572906971,0.016670070588588715,0.01704893447458744,0.29036339429441627,0.006192549946726541,0.25,10.586225271224976
25875877,XY-Warm-Same-State S2 p2=36,0,spsa,sequential,1,random_shared_stream,120,120,5,72,2.871154308319092,257,1.0087374448776245,0.11888085305690765,0.014034513384103775,0.014089037664234638,0.013958181254565716,0.28369141795981123,0.006165988269252272,0.25,10.797560214996338
25875877,XY-Warm-Same-State S2 p2=36,0,spsa,sequential,2,random_shared_stream,1,120,5,72,2.8738574981689453,19,0.25480297207832336,0.030028820037841797,0.0008905974682420492,0.0008766819955781102,0.0008989468915387988,0.9011046002631792,0.01,0.22960415482521057,11.247199058532715
25875877,XY-Warm-Same-State S2 p2=36,0,spsa,sequential,2,random_shared_stream,5,120,5,72,2.8728554248809814,27,0.3377417325973511,0.039803244173526764,0.0015732961473986506,0.0015402899589389563,0.0015842983266338706,0.7667236407132976,0.008499708457906336,0.25,11.418062448501587
25875877,XY-Warm-Same-State S2 p2=36,0,spsa,sequential,2,random_shared_stream,10,120,5,72,2.8728554248809814,37,0.258337140083313,0.030445324257016182,0.0009269177098758519,0.0008811440784484148,0.0008811440784484148,0.6564938334713742,0.007925013304804718,0.16959674656391144,11.625867128372192
25875877,XY-Warm-Same-State S2 p2=36,0,spsa,sequential,2,random_shared_stream,15,120,5,72,2.872589349746704,47,1.0277436971664429,0.12112075835466385,0.014658917672932148,0.014624959789216518,0.014489124529063702,0.5803475012704155,0.007607023936737776,0.25,11.83617615699768
25875877,XY-Warm-Same-State S2 p2=36,0,spsa,sequential,2,random_shared_stream,20,120,5,72,2.871293306350708,57,1.3037663698196411,0.15365034341812134,0.02359021268785,0.02244257740676403,0.02178678847849369,0.5239246331437837,0.007389175310232022,0.25,12.04628038406372
25875877,XY-Warm-Same-State S2 p2=36,0,spsa,sequential,2,random_shared_stream,25,120,5,72,2.871293306350708,67,0.9390670657157898,0.11067011952400208,0.012011609971523285,0.012096664868295193,0.01190765481442213,0.48007784804171644,0.007224504386940453,0.25,12.257471323013306
25875877,XY-Warm-Same-State S2 p2=36,0,spsa,sequential,2,random_shared_stream,30,120,5,72,2.871293306350708,77,0.11380687355995178,0.013412268832325935,0.0001798889134079218,0.00017933372873812914,0.0001793337141862139,0.44480845325556245,0.007092686320615818,0.050622258335351944,12.46840763092041
25875877,XY-Warm-Same-State S2 p2=36,0,spsa,sequential,2,random_shared_stream,35,120,5,72,2.8707261085510254,87,0.3411286175251007,0.040202394127845764,0.001585054793395102,0.001611243817023933,0.001436650869436562,0.41568676228403817,0.006983113928013742,0.14180265367031097,12.67908263206482
25875877,XY-Warm-Same-State S2 p2=36,0,spsa,sequential,2,random_shared_stream,40,120,5,72,2.8707261085510254,97,1.745686650276184,0.2057311236858368,0.04229264333844185,0.042194664478302,0.04180276766419411,0.39114257638241157,0.006889567205173026,0.25,12.890892028808594
25875877,XY-Warm-Same-State S2 p2=36,0,spsa,sequential,2,random_shared_stream,45,120,5,72,2.8707261085510254,107,0.8113774657249451,0.095621757209301,0.00908002257347107,0.009115299209952354,0.00903063639998436,0.37011138258394805,0.006808093884711353,0.25,13.100532531738281
25875877,XY-Warm-Same-State S2 p2=36,0,spsa,sequential,2,random_shared_stream,50,120,5,72,2.8703043460845947,117,0.12133432179689407,0.01429938618093729,0.0002030525211011991,0.00020384138042572886,0.00019437508308328688,0.35184331821168435,0.006736030261586891,0.042690668255090714,13.30972933769226
25875877,XY-Warm-Same-State S2 p2=36,0,spsa,sequential,2,random_shared_stream,55,120,5,72,2.8703043460845947,127,0.5763030052185059,0.06791795790195465,0.0045986115001142025,0.004555900115519762,0.004612849093973637,0.3357933364733776,0.00667149812587736,0.1935187131166458,13.515840291976929
25875877,XY-Warm-Same-State S2 p2=36,0,spsa,sequential,2,random_shared_stream,60,120,5,72,2.8703043460845947,137,0.4206319749355316,0.04957194998860359,0.0024270408321172,0.0022677660454064608,0.0024497942067682743,0.3215547594109731,0.006613124877877567,0.13525621592998505,13.723029851913452
25875877,XY-Warm-Same-State S2 p2=36,0,spsa,sequential,2,random_shared_stream,65,120,5,72,2.8703043460845947,147,0.16422156989574432,0.019353697076439857,0.00037196441553533077,0.00035606854362413287,0.00037340950802899897,0.3088173474745921,0.00655987782624524,0.05071446672081947,13.931161642074585
25875877,XY-Warm-Same-State S2 p2=36,0,spsa,sequential,2,random_shared_stream,70,120,5,72,2.8703043460845947,157,0.32019108533859253,0.03773488104343414,0.0014195262920111418,0.0014195264084264636,0.0014195262920111418,0.2973398827128948,0.006510961059728841,0.09520558267831802,14.140795230865479
25875877,XY-Warm-Same-State S2 p2=36,0,spsa,sequential,2,random_shared_stream,75,120,5,72,2.8703043460845947,167,0.13782672584056854,0.016243034973740578,0.0002630218514241278,0.0002638361766003072,0.0002605789341032505,0.2869316890419659,0.006465748569458605,0.03954685106873512,14.350648403167725
25875877,XY-Warm-Same-State S2 p2=36,0,spsa,sequential,2,random_shared_stream,80,120,5,72,2.8703043460845947,177,0.8881116509437561,0.10466495901346207,0.010946300812065601,0.0106504550203681,0.01081951055675745,0.27743984480232525,0.006423739359501706,0.24639753997325897,14.560063600540161
25875877,XY-Warm-Same-State S2 p2=36,0,spsa,sequential,2,random_shared_stream,85,120,5,72,2.8703043460845947,187,0.4781530201435089,0.05635087564587593,0.0031141669023782015,0.003165620379149914,0.002822596812620759,0.2687401287472895,0.006384526420430394,0.1284988969564438,14.77048134803772
25875877,XY-Warm-Same-State S2 p2=36,0,spsa,sequential,2,random_shared_stream,90,120,5,72,2.8703043460845947,197,0.35901784896850586,0.04231066256761551,0.0016520597273483872,0.0015194530133157969,0.0017404643585905433,0.2607304784058551,0.006347774736498105,0.09360689669847488,14.97752070426941
25875877,XY-Warm-Same-State S2 p2=36,0,spsa,sequential,2,random_shared_stream,95,120,5,72,2.8703043460845947,207,0.02339264377951622,0.0027568493969738483,7.594354428874794e-06,7.576762072858401e-06,7.600218850711826e-06,0.2533261779394781,0.006313205349806472,0.0059259687550365925,15.188212633132935
25875877,XY-Warm-Same-State S2 p2=36,0,spsa,sequential,2,random_shared_stream,100,120,5,72,2.8703043460845947,217,0.04316295310854912,0.005086802877485752,2.537642103561666e-05,2.387898894085083e-05,2.5875562641886063e-05,0.24645626087379996,0.0062805835881331795,0.010637779720127583,15.396427869796753
25875877,XY-Warm-Same-State S2 p2=36,0,spsa,sequential,2,random_shared_stream,105,120,5,72,2.8703043460845947,227,0.5603296756744385,0.06603548675775528,0.004347225651144981,0.0041453419253230095,0.004306849092245102,0.24006078181385626,0.006249710218466985,0.13451316952705383,15.60288405418396
25875877,XY-Warm-Same-State S2 p2=36,0,spsa,sequential,2,random_shared_stream,110,120,5,72,2.8703043460845947,237,1.0262547731399536,0.1209452822804451,0.014526179991662502,0.014582612551748753,0.013905402272939682,0.2340887199660203,0.006220414696856706,0.24023467302322388,15.811372995376587
25875877,XY-Warm-Same-State S2 p2=36,0,spsa,sequential,2,random_shared_stream,115,120,5,72,2.8703043460845947,247,1.012741208076477,0.11935269832611084,0.01414614450186491,0.014201100915670395,0.01354160625487566,0.22849634887368156,0.006192549946726541,0.23140765726566315,16.021970748901367
25875877,XY-Warm-Same-State S2 p2=36,0,spsa,sequential,2,random_shared_stream,120,120,5,72,2.8703043460845947,257,0.3353162109851837,0.039517395198345184,0.0015568048693239689,0.0015568048693239689,0.0015182462520897388,0.22324595484266588,0.006165988269252272,0.07485798746347427,16.231037616729736
25875877,XY-Warm-Same-State S2 p2=36,0,spsa,sequential,3,random_shared_stream,1,120,5,72,2.8733861446380615,19,0.2738196551799774,0.032269954681396484,0.0010381359606981277,0.0010124236578121781,0.0010381359606981277,1.375350739845063,0.01,0.25,16.67306661605835
25875877,XY-Warm-Same-State S2 p2=36,0,spsa,sequential,3,random_shared_stream,5,120,5,72,2.8733861446380615,27,0.18838798999786377,0.022201741114258766,0.0004925368702970445,0.0004913958837278187,0.0004868317919317633,1.1702458584760855,0.008499708457906336,0.22046028077602386,16.838443756103516
25875877,XY-Warm-Same-State S2 p2=36,0,spsa,sequential,3,random_shared_stream,10,120,5,72,2.8728582859039307,37,0.37691187858581543,0.044419486075639725,0.0018984912894666195,0.001820846344344318,0.001948731835000217,1.0020027411966046,0.007925013304804718,0.25,17.047525644302368
25875877,XY-Warm-Same-State S2 p2=36,0,spsa,sequential,3,random_shared_stream,15,120,5,72,2.872774362564087,47,0.528033435344696,0.06222933530807495,0.0037649208679795265,0.00376492110081017,0.0037649208679795265,0.885781034750439,0.007607023936737776,0.25,17.258219480514526
25875877,XY-Warm-Same-State S2 p2=36,0,spsa,sequential,3,random_shared_stream,20,120,5,72,2.872774362564087,57,0.5067768692970276,0.05972422659397125,0.0035669831559062004,0.0035559742245823145,0.003555973758921027,0.7996631374503043,0.007389175310232022,0.25,17.46614146232605
25875877,XY-Warm-Same-State S2 p2=36,0,spsa,sequential,3,random_shared_stream,25,120,5,72,2.870015859603882,67,0.36319366097450256,0.04280278459191322,0.0017628100467845798,0.0016907143872231245,0.001809459994547069,0.7327400429368117,0.007224504386940453,0.25,17.676426649093628
25875877,XY-Warm-Same-State S2 p2=36,0,spsa,sequential,3,random_shared_stream,30,120,5,72,2.870015859603882,77,0.634209394454956,0.07474229484796524,0.005478648003190756,0.005569167900830507,0.005310538224875927,0.6789085696551781,0.007092686320615818,0.25,17.885587692260742
25875877,XY-Warm-Same-State S2 p2=36,0,spsa,sequential,3,random_shared_stream,35,120,5,72,2.870015859603882,87,0.14166614413261414,0.01669551618397236,0.0002785251708701253,0.0002752990403678268,0.0002709974651224911,0.6344603011505812,0.006983113928013742,0.08988155424594879,18.09720468521118
25875877,XY-Warm-Same-State S2 p2=36,0,spsa,sequential,3,random_shared_stream,40,120,5,72,2.870015859603882,97,0.2377011477947235,0.02801334857940674,0.00077929807594046,0.0007847476517781615,0.0007629491738043725,0.5969986521601779,0.006889567205173026,0.14190725982189178,18.307090520858765
25875877,XY-Warm-Same-State S2 p2=36,0,spsa,sequential,3,random_shared_stream,45,120,5,72,2.870015859603882,107,0.8577334880828857,0.10108485817909241,0.010091998614370823,0.01018660981208086,0.009934309870004654,0.5648988626994496,0.006808093884711353,0.25,18.514755249023438
25875877,XY-Warm-Same-State S2 p2=36,0,spsa,sequential,3,random_shared_stream,50,120,5,72,2.870015859603882,117,0.033787403255701065,0.003981883637607098,1.5855399396969005e-05,1.58553957589902e-05,1.58553957589902e-05,0.5370164217013768,0.006736030261586891,0.018144391477108,18.72206163406372
25875877,XY-Warm-Same-State S2 p2=36,0,spsa,sequential,3,random_shared_stream,55,120,5,72,2.870015859603882,127,0.8975831270217896,0.1057811826467514,0.011155123822391033,0.01105151604861021,0.01063708495348692,0.5125194273992361,0.00667149812587736,0.25,18.930404663085938
25875877,XY-Warm-Same-State S2 p2=36,0,spsa,sequential,3,random_shared_stream,60,120,5,72,2.870015859603882,137,0.2266823798418045,0.026714777573943138,0.0007131285383366048,0.0007048684055916965,0.0006938548176549375,0.4907871695776696,0.006613124877877567,0.1112528070807457,19.14065909385681
25875877,XY-Warm-Same-State S2 p2=36,0,spsa,sequential,3,random_shared_stream,65,120,5,72,2.870015859603882,147,0.13662001490592957,0.016100820153951645,0.00025603602989576757,0.00025203547556884587,0.0002584363683126867,0.4713461314059673,0.00655987782624524,0.06439530849456787,19.347209692001343
25875877,XY-Warm-Same-State S2 p2=36,0,spsa,sequential,3,random_shared_stream,70,120,5,72,2.870015859603882,157,0.16530001163482666,0.019480790942907333,0.00037920844624750316,0.0003748160961549729,0.0003689595905598253,0.45382814332008287,0.006510961059728841,0.07501780241727829,19.55426526069641
25875877,XY-Warm-Same-State S2 p2=36,0,spsa,sequential,3,random_shared_stream,75,120,5,72,2.870015859603882,167,0.2542206943035126,0.02996019460260868,0.0008865317795425653,0.0008948429604060948,0.0008726796950213611,0.4379421775159112,0.006465748569458605,0.11133396625518799,19.763298273086548
25875877,XY-Warm-Same-State S2 p2=36,0,spsa,sequential,3,random_shared_stream,80,120,5,72,2.870015859603882,177,0.31729522347450256,0.03739359974861145,0.0013939655618742108,0.0013594400370493531,0.0013939657947048545,0.4234548305490095,0.006423739359501706,0.1343601942062378,19.972561836242676
25875877,XY-Warm-Same-State S2 p2=36,0,spsa,sequential,3,random_shared_stream,85,120,5,72,2.870015859603882,187,0.442030131816864,0.052093755453825,0.0026949134189635515,0.0027053833473473787,0.002579746302217245,0.4101765042489985,0.006384526420430394,0.18131038546562195,20.18152141571045
25875877,XY-Warm-Same-State S2 p2=36,0,spsa,sequential,3,random_shared_stream,90,120,5,72,2.870015859603882,197,0.7051282525062561,0.08310016244649887,0.006884323433041573,0.006884323433041573,0.006713814102113247,0.3979514212566638,0.006347774736498105,0.25,20.39027500152588
25875877,XY-Warm-Same-State S2 p2=36,0,spsa,sequential,3,random_shared_stream,95,120,5,72,2.870015859603882,207,0.27366188168525696,0.03225136548280716,0.0010200856486335397,0.0010369399096816778,0.000924578052945435,0.38665028027758924,0.006313205349806472,0.10581144690513611,20.59869647026062
25875877,XY-Warm-Same-State S2 p2=36,0,spsa,sequential,3,random_shared_stream,100,120,5,72,2.870015859603882,217,0.27411699295043945,0.03230499476194382,0.0010403916239738464,0.0010403916239738464,0.00101462344173342,0.37616476559239614,0.0062805835881331795,0.10311314463615417,20.80617618560791
25875877,XY-Warm-Same-State S2 p2=36,0,spsa,sequential,3,random_shared_stream,105,120,5,72,2.870015859603882,227,0.47357726097106934,0.05581161752343178,0.003105322364717722,0.00311493594199419,0.003076480235904455,0.36640338289144425,0.006249710218466985,0.1735203117132187,21.01379895210266
25875877,XY-Warm-Same-State S2 p2=36,0,spsa,sequential,3,random_shared_stream,110,120,5,72,2.870015859603882,237,0.35092028975486755,0.04135635122656822,0.0016892325365915895,0.0017050689784809947,0.0016628381563350558,0.35728825943249976,0.006220414696856706,0.12537969648838043,21.224929332733154
25875877,XY-Warm-Same-State S2 p2=36,0,spsa,sequential,3,random_shared_stream,115,120,5,72,2.870015859603882,247,0.7196996212005615,0.08481742441654205,0.006638901773840189,0.006838735193014145,0.006394661962985992,0.34875265577773007,0.006192549946726541,0.25,21.433512926101685
25875877,XY-Warm-Same-State S2 p2=36,0,spsa,sequential,3,random_shared_stream,120,120,5,72,2.870015859603882,257,1.186402678489685,0.13981887698173523,0.019534237682819366,0.019006285816431046,0.019307972863316536,0.34073900973383403,0.006165988269252272,0.25,21.644567489624023
25875877,XY-Warm-Same-State S2 p2=36,0,spsa,sequential,4,continuation,1,120,5,72,0.03077213279902935,19,11.52927017211914,1.358737587928772,1.8404693603515625,1.8233752250671387,1.8461674451828003,0.03255663115917269,0.01,0.25,22.092607259750366
25875877,XY-Warm-Same-State S2 p2=36,0,spsa,sequential,4,continuation,5,120,5,72,0.03077213279902935,27,83.6635513305664,9.859845161437988,96.9164810180664,97.2165298461914,96.01632690429688,0.027701488555746376,0.008499708457906336,0.25,22.261762380599976
25875877,XY-Warm-Same-State S2 p2=36,0,spsa,sequential,4,continuation,10,120,5,72,0.03077213279902935,37,38.705772399902344,4.561519145965576,20.79140281677246,20.743236541748047,20.550575256347656,0.02371891963303322,0.007925013304804718,0.25,22.472272157669067
25875877,XY-Warm-Same-State S2 p2=36,0,spsa,sequential,4,continuation,15,120,5,72,0.03077213279902935,47,33.60345458984375,3.960205554962158,15.24758243560791,15.489606857299805,14.908747673034668,0.020967776146620647,0.007607023936737776,0.25,22.680692434310913
25875877,XY-Warm-Same-State S2 p2=36,0,spsa,sequential,4,continuation,20,120,5,72,0.03077213279902935,57,28.61304473876953,3.372079610824585,11.335826873779297,11.37092113494873,11.230539321899414,0.018929235331264817,0.007389175310232022,0.25,22.891401290893555
25875877,XY-Warm-Same-State S2 p2=36,0,spsa,sequential,4,continuation,25,120,5,72,0.03077213279902935,67,126.4909439086914,14.90710163116455,221.53578186035156,219.47816467285156,222.2216339111328,0.01734506451506147,0.007224504386940453,0.25,23.101842641830444
25875877,XY-Warm-Same-State S2 p2=36,0,spsa,sequential,4,continuation,30,120,5,72,0.03077213279902935,77,87.9620132446289,10.366422653198242,107.13105010986328,107.13104248046875,104.4776382446289,0.016070792164299193,0.007092686320615818,0.25,23.312543153762817
25875877,XY-Warm-Same-State S2 p2=36,0,spsa,sequential,4,continuation,35,120,5,72,0.03077213279902935,87,509.9123840332031,60.09375,3385.55517578125,3566.67529296875,3065.11181640625,0.015018634455400113,0.006983113928013742,0.25,23.523869037628174
25875877,XY-Warm-Same-State S2 p2=36,0,spsa,sequential,4,continuation,40,120,5,72,0.03077213279902935,97,56.81527328491211,6.695744037628174,44.694618225097656,44.83298873901367,44.27949523925781,0.014131860592223693,0.006889567205173026,0.25,23.735756158828735
25875877,XY-Warm-Same-State S2 p2=36,0,spsa,sequential,4,continuation,45,120,5,72,0.03077213279902935,107,199.36976623535156,23.49595069885254,550.35595703125,536.724853515625,509.4626159667969,0.013372010049752064,0.006808093884711353,0.25,23.938345909118652
25875877,XY-Warm-Same-State S2 p2=36,0,spsa,sequential,4,continuation,50,120,5,72,0.03077213279902935,117,200.3535919189453,23.61189842224121,557.091552734375,550.6387939453125,555.801025390625,0.012711990520847084,0.006736030261586891,0.25,24.14515519142151
25875877,XY-Warm-Same-State S2 p2=36,0,spsa,sequential,4,continuation,55,120,5,72,0.03077213279902935,127,29.720312118530273,3.5025722980499268,12.268013000488281,12.230149269104004,12.230149269104004,0.012132109633086776,0.00667149812587736,0.25,24.354215621948242
25875877,XY-Warm-Same-State S2 p2=36,0,spsa,sequential,4,continuation,60,120,5,72,0.03077213279902935,137,135.30767822265625,15.946162223815918,253.4952850341797,253.49525451660156,253.4952850341797,0.011617674237332754,0.006613124877877567,0.25,24.562612056732178
25875877,XY-Warm-Same-State S2 p2=36,0,spsa,sequential,4,continuation,65,120,5,72,0.03077213279902935,147,457.81365966796875,53.953857421875,2890.8037109375,2911.0185546875,2830.1572265625,0.011157475474376614,0.00655987782624524,0.25,24.770930290222168
25875877,XY-Warm-Same-State S2 p2=36,0,spsa,sequential,4,continuation,70,120,5,72,0.03077213279902935,157,313.5892028808594,36.95684051513672,1339.46142578125,1361.5926513671875,1214.051513671875,0.010742798214067605,0.006510961059728841,0.25,24.980104207992554
25875877,XY-Warm-Same-State S2 p2=36,0,spsa,sequential,4,continuation,75,120,5,72,0.03077213279902935,167,590.1982421875,69.55552673339844,4778.244140625,4823.0400390625,4703.583984375,0.010366753388329618,0.006465748569458605,0.25,25.189807415008545
25875877,XY-Warm-Same-State S2 p2=36,0,spsa,sequential,4,continuation,80,120,5,72,0.03077213279902935,177,45.94969940185547,5.415224075317383,29.23414421081543,29.32465362548828,28.96261978149414,0.010023815984791731,0.006423739359501706,0.25,25.401221990585327
25875877,XY-Warm-Same-State S2 p2=36,0,spsa,sequential,4,continuation,85,120,5,72,0.03077213279902935,187,24.348255157470703,2.86946964263916,8.227500915527344,8.208440780639648,8.233854293823242,0.00970949792814147,0.006384526420430394,0.23640933632850647,25.608659505844116
25875877,XY-Warm-Same-State S2 p2=36,0,spsa,sequential,4,continuation,90,120,5,72,0.03077213279902935,197,41.910118103027344,4.939154624938965,24.395248413085938,24.094074249267578,24.094070434570312,0.00942011173279427,0.006347774736498105,0.25,25.809759855270386
25875877,XY-Warm-Same-State S2 p2=36,0,spsa,sequential,4,continuation,95,120,5,72,0.03077213279902935,207,26.896411895751953,3.1697726249694824,10.016448020935059,10.016448020935059,10.016448020935059,0.009152596641643784,0.006313205349806472,0.2461720108985901,26.01133632659912
25875877,XY-Warm-Same-State S2 p2=36,0,spsa,sequential,4,continuation,100,120,5,72,0.03077213279902935,217,4.112237453460693,0.48463186621665955,0.23468679189682007,0.23486799001693726,0.23414312303066254,0.00890438865786913,0.0062805835881331795,0.036616962403059006,26.212648630142212
25875877,XY-Warm-Same-State S2 p2=36,0,spsa,sequential,4,continuation,105,120,5,72,0.03077213279902935,227,95.32061004638672,11.233640670776367,123.76039123535156,122.68929290771484,124.63674926757812,0.008673321972847228,0.006249710218466985,0.25,26.413864135742188
25875877,XY-Warm-Same-State S2 p2=36,0,spsa,sequential,4,continuation,110,120,5,72,0.03077213279902935,237,207.00296020507812,24.395532608032227,587.7946166992188,587.7946166992188,587.7946166992188,0.008457553221047518,0.006220414696856706,0.25,26.61493682861328
25875877,XY-Warm-Same-State S2 p2=36,0,spsa,sequential,4,continuation,115,120,5,72,0.03077213279902935,247,298.5152893066406,35.18036651611328,1236.702880859375,1233.838134765625,1237.657958984375,0.008255502579085068,0.006192549946726541,0.25,26.816243171691895
25875877,XY-Warm-Same-State S2 p2=36,0,spsa,sequential,4,continuation,120,120,5,72,0.03077213279902935,257,202.50376892089844,23.865299224853516,569.1129150390625,541.4263916015625,553.7315063476562,0.00806580746282645,0.006165988269252272,0.25,27.017449140548706
