seed,label,trial,optimizer,optimizer_execution,restart,initializer_role,step,max_steps,restart_count,parameter_count,energy_min,objective_calls,gradient_l2,gradient_abs_mean,gradient_variance,gamma_gradient_variance,beta_gradient_variance,spsa_a_k,spsa_c_k,spsa_update_l2,elapsed_sec
902684575,XY-Warm-Same-State S2 p2=1,0,spsa,sequential,0,deterministic_linear_ramp,1,120,5,2,1.870334506034851,19,5.217615127563477,3.689411163330078,0.0,0.0,0.0,0.013442873594738213,0.02,0.07013975083827972,0.05509352684020996
902684575,XY-Warm-Same-State S2 p2=1,0,spsa,sequential,0,deterministic_linear_ramp,5,120,5,2,1.7984213829040527,27,0.0649430900812149,0.045921698212623596,0.0,0.0,0.0,0.011438149334934094,0.016999416915812672,0.000742828706279397,0.07038474082946777
902684575,XY-Warm-Same-State S2 p2=1,0,spsa,sequential,0,deterministic_linear_ramp,10,120,5,2,1.7984213829040527,37,0.0998014360666275,0.07057027518749237,0.0,0.0,0.0,0.009793717196098322,0.015850026609609436,0.0009774271165952086,0.08869314193725586
902684575,XY-Warm-Same-State S2 p2=1,0,spsa,sequential,0,deterministic_linear_ramp,15,120,5,2,1.7984213829040527,47,0.0530061237514019,0.03748099133372307,0.0014048246666789055,0.0,0.0,0.008657749719979044,0.015214047873475552,0.00045891376794315875,0.10696673393249512
902684575,XY-Warm-Same-State S2 p2=1,0,spsa,sequential,0,deterministic_linear_ramp,20,120,5,2,1.7984213829040527,57,0.09928145259618759,0.07020258903503418,0.0049284035339951515,0.0,0.0,0.007816021152776782,0.014778350620464044,0.0007759859436191618,0.12414288520812988
902684575,XY-Warm-Same-State S2 p2=1,0,spsa,sequential,0,deterministic_linear_ramp,25,120,5,2,1.7984213829040527,67,0.03793768212199211,0.02682599239051342,0.0007196338847279549,0.0,0.0,0.007161905315957625,0.014449008773880907,0.0002717060851864517,0.14156270027160645
902684575,XY-Warm-Same-State S2 p2=1,0,spsa,sequential,0,deterministic_linear_ramp,30,120,5,2,1.7984213829040527,77,0.028523024171590805,0.02016882412135601,0.0,0.0,0.0,0.006635748845626974,0.014185372641231635,0.00018927162454929203,0.15804338455200195
902684575,XY-Warm-Same-State S2 p2=1,0,spsa,sequential,0,deterministic_linear_ramp,35,120,5,2,1.7984213829040527,87,0.03839809074997902,0.027151551097631454,0.0007372067193500698,0.0,0.0,0.0062013051523189,0.013966227856027484,0.0002381182712269947,0.17579030990600586
902684575,XY-Warm-Same-State S2 p2=1,0,spsa,sequential,0,deterministic_linear_ramp,40,120,5,2,1.7984213829040527,97,0.11283708363771439,0.07978786528110504,0.0,0.0,0.0,0.0058351496710740405,0.013779134410346052,0.0006584212533198297,0.19301843643188477
902684575,XY-Warm-Same-State S2 p2=1,0,spsa,sequential,0,deterministic_linear_ramp,45,120,5,2,1.7984213829040527,107,0.051915187388658524,0.036709580570459366,0.0013475932646542788,0.0,0.0,0.005521401766894419,0.013616187769422706,0.0002866446156986058,0.21050238609313965
902684575,XY-Warm-Same-State S2 p2=1,0,spsa,sequential,0,deterministic_linear_ramp,50,120,5,2,1.7984213829040527,117,0.07824286818504333,0.05532606318593025,0.00306097324937582,0.0,0.0,0.005248874825954202,0.013472060523173781,0.0004106870328541845,0.22826790809631348
902684575,XY-Warm-Same-State S2 p2=1,0,spsa,sequential,0,deterministic_linear_ramp,55,120,5,2,1.7984213829040527,127,0.048082105815410614,0.033999182283878326,0.0,0.0,0.0,0.005009437722156376,0.01334299625175472,0.00024086431949399412,0.24649524688720703
902684575,XY-Warm-Same-State S2 p2=1,0,spsa,sequential,0,deterministic_linear_ramp,60,120,5,2,1.7984213829040527,137,0.06236187741160393,0.044096507132053375,0.0,0.0,0.0,0.004797023545641308,0.013226249755755135,0.00029915140476077795,0.26442956924438477
902684575,XY-Warm-Same-State S2 p2=1,0,spsa,sequential,0,deterministic_linear_ramp,65,120,5,2,1.7984213829040527,147,0.08099284768104553,0.0572705902159214,0.0,0.0,0.0,0.004607004075609892,0.01311975565249048,0.000373134360415861,0.2802927494049072
902684575,XY-Warm-Same-State S2 p2=1,0,spsa,sequential,0,deterministic_linear_ramp,70,120,5,2,1.7984213829040527,157,0.03743460029363632,0.026470260694622993,0.0,0.0,0.0,0.004435780770419244,0.013021922119457682,0.00016605168639216572,0.2978527545928955
902684575,XY-Warm-Same-State S2 p2=1,0,spsa,sequential,0,deterministic_linear_ramp,75,120,5,2,1.7984213829040527,167,0.06848966330289841,0.04842950403690338,0.0,0.0,0.0,0.004280509082951456,0.01293149713891721,0.0002931706258095801,0.3157808780670166
902684575,XY-Warm-Same-State S2 p2=1,0,spsa,sequential,0,deterministic_linear_ramp,80,120,5,2,1.7984213829040527,177,0.06437759846448898,0.04552183672785759,0.0,0.0,0.0,0.004138907694769476,0.012847478719003411,0.00026645296020433307,0.3361227512359619
902684575,XY-Warm-Same-State S2 p2=1,0,spsa,sequential,0,deterministic_linear_ramp,85,120,5,2,1.7984213829040527,187,0.03488842770457268,0.024669844657182693,0.0,0.0,0.0,0.0040091234464105134,0.012769052840860788,0.00013987200509291142,0.35385704040527344
902684575,XY-Warm-Same-State S2 p2=1,0,spsa,sequential,0,deterministic_linear_ramp,90,120,5,2,1.7984213829040527,197,0.05856149643659592,0.04140923172235489,0.0017147244652733207,0.0,0.0,0.003889633747826679,0.01269554947299621,0.00022778278798796237,0.37160229682922363
902684575,XY-Warm-Same-State S2 p2=1,0,spsa,sequential,0,deterministic_linear_ramp,95,120,5,2,1.7984213829040527,207,0.0807393416762352,0.05709133297204971,0.0,0.0,0.0,0.003779174789790179,0.012626410699612943,0.00030512805096805096,0.3880627155303955
902684575,XY-Warm-Same-State S2 p2=1,0,spsa,sequential,0,deterministic_linear_ramp,100,120,5,2,1.7984213829040527,217,0.06385862082242966,0.045154862105846405,0.0,0.0,0.0,0.0036766878790660817,0.012561167176266359,0.00023478819639422,0.4062235355377197
902684575,XY-Warm-Same-State S2 p2=1,0,spsa,sequential,0,deterministic_linear_ramp,105,120,5,2,1.7984213829040527,227,0.027629384770989418,0.019536925479769707,0.00038169146864674985,0.0,0.0,0.0035812787372688825,0.01249942043693397,9.894852701108903e-05,0.42452263832092285
902684575,XY-Warm-Same-State S2 p2=1,0,spsa,sequential,0,deterministic_linear_ramp,110,120,5,2,1.7984213829040527,237,0.04099896922707558,0.028990648686885834,0.0008404577383771539,0.0,0.0,0.0034921862251487907,0.012440829393713411,0.00014317603199742734,0.44196224212646484
902684575,XY-Warm-Same-State S2 p2=1,0,spsa,sequential,0,deterministic_linear_ramp,115,120,5,2,1.7984213829040527,247,0.048193689435720444,0.03407808393239975,0.0,0.0,0.0,0.003408758021955487,0.012385099893453082,0.00016428061644546688,0.4592888355255127
902684575,XY-Warm-Same-State S2 p2=1,0,spsa,sequential,0,deterministic_linear_ramp,120,120,5,2,1.7984213829040527,257,0.07043855637311935,0.049807578325271606,0.002480794908478856,0.0,0.0,0.0033304315066309638,0.012331976538504544,0.00023459078511223197,0.47727203369140625
902684575,XY-Warm-Same-State S2 p2=1,0,spsa,sequential,1,random_shared_stream,1,120,5,2,1.2635997533798218,19,0.7820305824279785,0.5529791116714478,0.3057858943939209,0.0,0.0,0.06539486459886379,0.02,0.05114078149199486,0.5040085315704346
902684575,XY-Warm-Same-State S2 p2=1,0,spsa,sequential,1,random_shared_stream,5,120,5,2,1.2450402975082397,27,0.40242695808410645,0.28455883264541626,0.08097372949123383,0.0,0.0,0.0556425842843883,0.016999416915812672,0.02239207550883293,0.5197596549987793
902684575,XY-Warm-Same-State S2 p2=1,0,spsa,sequential,1,random_shared_stream,10,120,5,2,1.0970262289047241,37,0.7355237603187561,0.5200938582420349,0.0,0.0,0.0,0.04764299875653826,0.015850026609609436,0.03504256159067154,0.5402517318725586
902684575,XY-Warm-Same-State S2 p2=1,0,spsa,sequential,1,random_shared_stream,15,120,5,2,1.0796812772750854,47,0.2617450952529907,0.18508173525333405,0.0342552475631237,0.0,0.0,0.042116915455523644,0.015214047873475552,0.01102389581501484,0.5604565143585205
902684575,XY-Warm-Same-State S2 p2=1,0,spsa,sequential,1,random_shared_stream,20,120,5,2,1.069682002067566,57,0.35286951065063477,0.24951642751693726,0.06225844845175743,0.0,0.0,0.03802220123439661,0.014778350620464044,0.013416876085102558,0.5791232585906982
902684575,XY-Warm-Same-State S2 p2=1,0,spsa,sequential,1,random_shared_stream,25,120,5,2,1.062011957168579,67,0.30182716250419617,0.21342402696609497,0.04554981365799904,0.0,0.0,0.03484015713651084,0.014449008773880907,0.01051570475101471,0.5976419448852539
902684575,XY-Warm-Same-State S2 p2=1,0,spsa,sequential,1,random_shared_stream,30,120,5,2,1.05755615234375,77,0.16294966638088226,0.11522281169891357,0.0,0.0,0.0,0.032280590471496826,0.014185372641231635,0.005260111298412085,0.6156520843505859
902684575,XY-Warm-Same-State S2 p2=1,0,spsa,sequential,1,random_shared_stream,35,120,5,2,1.054622769355774,87,0.08766619116067886,0.06198935583233833,0.0,0.0,0.0,0.03016717429604219,0.013966227856027484,0.0026446410920470953,0.6341617107391357
902684575,XY-Warm-Same-State S2 p2=1,0,spsa,sequential,1,random_shared_stream,40,120,5,2,1.048392653465271,97,0.4115295708179474,0.29099535942077637,0.0846782997250557,0.0,0.0,0.028385956318398495,0.013779134410346052,0.011681660078465939,0.6526753902435303
902684575,XY-Warm-Same-State S2 p2=1,0,spsa,sequential,1,random_shared_stream,45,120,5,2,1.044066309928894,107,0.21842017769813538,0.15444639325141907,0.023853687569499016,0.0,0.0,0.02685968281984871,0.013616187769422706,0.00586669659242034,0.6723213195800781
902684575,XY-Warm-Same-State S2 p2=1,0,spsa,sequential,1,random_shared_stream,50,120,5,2,1.0413854122161865,117,0.15572237968444824,0.11011235415935516,0.01212473027408123,0.0,0.0,0.025533934848127555,0.013472060523173781,0.00397620489820838,0.6908431053161621
902684575,XY-Warm-Same-State S2 p2=1,0,spsa,sequential,1,random_shared_stream,55,120,5,2,1.036737322807312,127,0.2762620449066162,0.19534675776958466,0.0,0.0,0.0,0.024369157326978225,0.01334299625175472,0.006732272915542126,0.7091455459594727
902684575,XY-Warm-Same-State S2 p2=1,0,spsa,sequential,1,random_shared_stream,60,120,5,2,1.0348910093307495,137,0.14909492433071136,0.10542602837085724,0.0,0.0,0.0,0.023335836868060934,0.013226249755755135,0.0034792546648532152,0.7278625965118408
902684575,XY-Warm-Same-State S2 p2=1,0,spsa,sequential,1,random_shared_stream,65,120,5,2,1.031363606452942,147,0.16107335686683655,0.11389605700969696,0.0,0.0,0.0,0.022411458800657535,0.01311975565249048,0.003609888721257448,0.7463028430938721
902684575,XY-Warm-Same-State S2 p2=1,0,spsa,sequential,1,random_shared_stream,70,120,5,2,1.0287657976150513,157,0.17034912109375,0.12045501917600632,0.0,0.0,0.0,0.021578517481958007,0.013021922119457682,0.00367588154040277,0.7651124000549316
902684575,XY-Warm-Same-State S2 p2=1,0,spsa,sequential,1,random_shared_stream,75,120,5,2,1.0257869958877563,167,0.25685417652130127,0.18162332475185394,0.03298703208565712,0.0,0.0,0.020823175188033026,0.01293149713891721,0.005348519422113895,0.7838518619537354
902684575,XY-Warm-Same-State S2 p2=1,0,spsa,sequential,1,random_shared_stream,80,120,5,2,1.0247544050216675,177,0.14065703749656677,0.09945955127477646,0.009892201982438564,0.0,0.0,0.020134334104918456,0.012847478719003411,0.002832035766914487,0.8032751083374023
902684575,XY-Warm-Same-State S2 p2=1,0,spsa,sequential,1,random_shared_stream,85,120,5,2,1.02181077003479,187,0.20544235408306122,0.14526967704296112,0.0,0.0,0.0,0.01950297926187197,0.012769052840860788,0.004006737843155861,0.82234787940979
902684575,XY-Warm-Same-State S2 p2=1,0,spsa,sequential,1,random_shared_stream,90,120,5,2,1.020630121231079,197,0.1353686898946762,0.09572011977434158,0.0,0.0,0.0,0.018921703792398877,0.01269554947299621,0.00256140623241663,0.8396477699279785
902684575,XY-Warm-Same-State S2 p2=1,0,spsa,sequential,1,random_shared_stream,95,120,5,2,1.020630121231079,207,0.06453672051429749,0.04563435539603233,0.0,0.0,0.0,0.018384359707920104,0.012626410699612943,0.001186466426588595,0.857558012008667
902684575,XY-Warm-Same-State S2 p2=1,0,spsa,sequential,1,random_shared_stream,100,120,5,2,1.017616629600525,217,0.10454533994197845,0.073924720287323,0.0,0.0,0.0,0.01788579683721205,0.012561167176266359,0.0018698767526075244,0.8765461444854736
902684575,XY-Warm-Same-State S2 p2=1,0,spsa,sequential,1,random_shared_stream,105,120,5,2,1.0152286291122437,227,0.2304224669933319,0.16293329000473022,0.026547256857156754,0.0,0.0,0.01742166482962077,0.01249942043693397,0.004014343023300171,0.8947551250457764
902684575,XY-Warm-Same-State S2 p2=1,0,spsa,sequential,1,random_shared_stream,110,120,5,2,1.0136371850967407,237,0.21084892749786377,0.14909270405769348,0.022228633984923363,0.0,0.0,0.016988261009685538,0.012440829393713411,0.0035819564945995808,0.9143319129943848
902684575,XY-Warm-Same-State S2 p2=1,0,spsa,sequential,1,random_shared_stream,115,120,5,2,1.012546181678772,247,0.15898269414901733,0.11241773515939713,0.012637747451663017,0.0,0.0,0.01658241206577461,0.012385099893453082,0.002636316465213895,0.9338250160217285
902684575,XY-Warm-Same-State S2 p2=1,0,spsa,sequential,1,random_shared_stream,120,120,5,2,1.01077401638031,257,0.20755620300769806,0.14676439762115479,0.0,0.0,0.0,0.016201381043794833,0.012331976538504544,0.003362697083503008,0.9501330852508545
902684575,XY-Warm-Same-State S2 p2=1,0,spsa,sequential,2,random_shared_stream,1,120,5,2,1.879647135734558,19,1.0475599765777588,0.740736722946167,0.0,0.0,0.0,0.05206091479937738,0.02,0.05453692376613617,0.9749996662139893
902684575,XY-Warm-Same-State S2 p2=1,0,spsa,sequential,2,random_shared_stream,5,120,5,2,1.6642212867736816,27,2.820068120956421,1.9940892457962036,3.9763920307159424,0.0,0.0,0.044297115032134265,0.016999416915812672,0.12492087483406067,0.9889450073242188
902684575,XY-Warm-Same-State S2 p2=1,0,spsa,sequential,2,random_shared_stream,10,120,5,2,1.4590140581130981,37,0.7430596351623535,0.5254225134849548,0.2760688066482544,0.0,0.0,0.03792863727550368,0.015850026609609436,0.028183238580822945,1.0014994144439697
902684575,XY-Warm-Same-State S2 p2=1,0,spsa,sequential,2,random_shared_stream,15,120,5,2,1.43720281124115,47,0.5127083659172058,0.3625395596027374,0.0,0.0,0.0,0.033529317028063596,0.015214047873475552,0.017190761864185333,1.0101935863494873
902684575,XY-Warm-Same-State S2 p2=1,0,spsa,sequential,2,random_shared_stream,20,120,5,2,1.4187407493591309,57,0.47955232858657837,0.33909469842910767,0.0,0.0,0.0,0.030269511086090634,0.014778350620464044,0.014515814371407032,1.0221889019012451
902684575,XY-Warm-Same-State S2 p2=1,0,spsa,sequential,2,random_shared_stream,25,120,5,2,1.4052551984786987,67,0.3750305771827698,0.2651866674423218,0.0,0.0,0.0,0.027736282709763804,0.014449008773880907,0.01040195394307375,1.0383315086364746
902684575,XY-Warm-Same-State S2 p2=1,0,spsa,sequential,2,random_shared_stream,30,120,5,2,1.3880647420883179,77,0.5323882102966309,0.37645530700683594,0.14171859622001648,0.0,0.0,0.025698609218305326,0.014185372641231635,0.013681636191904545,1.052663803100586
902684575,XY-Warm-Same-State S2 p2=1,0,spsa,sequential,2,random_shared_stream,35,120,5,2,1.3727192878723145,87,0.5005754232406616,0.3539602756500244,0.0,0.0,0.0,0.024016116562025992,0.013966227856027484,0.012021876871585846,1.067720651626587
902684575,XY-Warm-Same-State S2 p2=1,0,spsa,sequential,2,random_shared_stream,40,120,5,2,1.361090898513794,97,0.38653966784477234,0.2733248174190521,0.0,0.0,0.0,0.02259808721152499,0.013779134410346052,0.008735057897865772,1.0825304985046387
902684575,XY-Warm-Same-State S2 p2=1,0,spsa,sequential,2,random_shared_stream,45,120,5,2,1.351319432258606,107,0.33329474925994873,0.23567497730255127,0.0,0.0,0.0,0.021383019406798185,0.013616187769422706,0.007126847747713327,1.0959572792053223
902684575,XY-Warm-Same-State S2 p2=1,0,spsa,sequential,2,random_shared_stream,50,120,5,2,1.3355523347854614,117,0.6014094948768616,0.4252607524394989,0.0,0.0,0.0,0.020327590167444405,0.013472060523173781,0.012225206941366196,1.111130952835083
902684575,XY-Warm-Same-State S2 p2=1,0,spsa,sequential,2,random_shared_stream,55,120,5,2,1.322874665260315,127,0.5319481492042542,0.376144140958786,0.0,0.0,0.0,0.019400309659093312,0.01334299625175472,0.010319958440959454,1.1241567134857178
902684575,XY-Warm-Same-State S2 p2=1,0,spsa,sequential,2,random_shared_stream,60,120,5,2,1.313008189201355,137,0.6673135161399841,0.47186189889907837,0.0,0.0,0.0,0.018577682244813425,0.013226249755755135,0.01239713653922081,1.1390490531921387
902684575,XY-Warm-Same-State S2 p2=1,0,spsa,sequential,2,random_shared_stream,65,120,5,2,1.3014116287231445,147,0.45347896218299866,0.3206580579280853,0.0,0.0,0.0,0.01784178397352413,0.01311975565249048,0.008090874180197716,1.1509523391723633
902684575,XY-Warm-Same-State S2 p2=1,0,spsa,sequential,2,random_shared_stream,70,120,5,2,1.2913787364959717,157,0.4177294671535492,0.2953793406486511,0.08724895119667053,0.0,0.0,0.01717867858609512,0.013021922119457682,0.007176040206104517,1.1594691276550293
902684575,XY-Warm-Same-State S2 p2=1,0,spsa,sequential,2,random_shared_stream,75,120,5,2,1.2805956602096558,167,0.5403232574462891,0.3820662498474121,0.0,0.0,0.0,0.016577349857155782,0.01293149713891721,0.008957128040492535,1.1690027713775635
902684575,XY-Warm-Same-State S2 p2=1,0,spsa,sequential,2,random_shared_stream,80,120,5,2,1.2712223529815674,177,0.4962691068649292,0.35091525316238403,0.0,0.0,0.0,0.01602896280630223,0.012847478719003411,0.007954678498208523,1.1829612255096436
902684575,XY-Warm-Same-State S2 p2=1,0,spsa,sequential,2,random_shared_stream,85,120,5,2,1.2625843286514282,187,0.44806382060050964,0.31682896614074707,0.0,0.0,0.0,0.015526340606628946,0.012769052840860788,0.006956791039556265,1.197847604751587
902684575,XY-Warm-Same-State S2 p2=1,0,spsa,sequential,2,random_shared_stream,90,120,5,2,1.2543601989746094,197,0.4280101954936981,0.3026489019393921,0.0,0.0,0.0,0.015063586644573452,0.01269554947299621,0.0064473687671124935,1.2158558368682861
902684575,XY-Warm-Same-State S2 p2=1,0,spsa,sequential,2,random_shared_stream,95,120,5,2,1.2486549615859985,207,0.322803795337677,0.22825674712657928,0.0,0.0,0.0,0.014635806500496437,0.012626410699612943,0.004724493715912104,1.2346348762512207
902684575,XY-Warm-Same-State S2 p2=1,0,spsa,sequential,2,random_shared_stream,100,120,5,2,1.239047884941101,217,0.5576825141906738,0.3943410813808441,0.15550488233566284,0.0,0.0,0.014238900118117966,0.012561167176266359,0.007940785959362984,1.254917860031128
902684575,XY-Warm-Same-State S2 p2=1,0,spsa,sequential,2,random_shared_stream,105,120,5,2,1.2338249683380127,227,0.3451346755027771,0.24404706060886383,0.0,0.0,0.0,0.013869404179085264,0.01249942043693397,0.004786812234669924,1.2744033336639404
902684575,XY-Warm-Same-State S2 p2=1,0,spsa,sequential,2,random_shared_stream,110,120,5,2,1.225262999534607,237,0.539436936378479,0.3814395070075989,0.14549610018730164,0.0,0.0,0.013524370979891745,0.012440829393713411,0.007295544724911451,1.2931597232818604
902684575,XY-Warm-Same-State S2 p2=1,0,spsa,sequential,2,random_shared_stream,115,120,5,2,1.2191232442855835,247,0.41756516695022583,0.2952631711959839,0.0,0.0,0.0,0.013201274244085808,0.012385099893453082,0.005512392148375511,1.3136305809020996
902684575,XY-Warm-Same-State S2 p2=1,0,spsa,sequential,2,random_shared_stream,120,120,5,2,1.2148451805114746,257,0.30342233180999756,0.21455200016498566,0.0,0.0,0.0,0.012897935079873312,0.012331976538504544,0.00391352130100131,1.3332581520080566
902684575,XY-Warm-Same-State S2 p2=1,0,spsa,sequential,3,random_shared_stream,1,120,5,2,2.034536123275757,19,2.61513614654541,1.8491804599761963,0.0,0.0,0.0,0.026331843312654857,0.02,0.06886135786771774,1.3624043464660645
902684575,XY-Warm-Same-State S2 p2=1,0,spsa,sequential,3,random_shared_stream,5,120,5,2,1.9453353881835938,27,0.7805418372154236,0.5519264340400696,0.0,0.0,0.0,0.022404998005197508,0.016999416915812672,0.017488040030002594,1.3793301582336426
902684575,XY-Warm-Same-State S2 p2=1,0,spsa,sequential,3,random_shared_stream,10,120,5,2,1.9095432758331299,37,0.8806841969490051,0.6227377653121948,0.0,0.0,0.0,0.01918389136360369,0.015850026609609436,0.016894949600100517,1.3985884189605713
902684575,XY-Warm-Same-State S2 p2=1,0,spsa,sequential,3,random_shared_stream,15,120,5,2,1.8400192260742188,47,1.6650139093399048,1.1773426532745361,1.3861356973648071,0.0,0.0,0.016958763129030916,0.015214047873475552,0.02823657914996147,1.4188041687011719
902684575,XY-Warm-Same-State S2 p2=1,0,spsa,sequential,3,random_shared_stream,20,120,5,2,1.706770896911621,57,1.488383173942566,1.052445888519287,0.0,0.0,0.0,0.015309988811013748,0.014778350620464044,0.022787129506468773,1.4364099502563477
902684575,XY-Warm-Same-State S2 p2=1,0,spsa,sequential,3,random_shared_stream,25,120,5,2,1.635917067527771,67,0.9860239028930664,0.6972241997718811,0.0,0.0,0.0,0.014028709506997234,0.014449008773880907,0.013832642696797848,1.453477382659912
902684575,XY-Warm-Same-State S2 p2=1,0,spsa,sequential,3,random_shared_stream,30,120,5,2,1.6156147718429565,77,0.5587897896766663,0.39512404799461365,0.15612301230430603,0.0,0.0,0.012998076462875685,0.014185372641231635,0.0072631919756531715,1.4723291397094727
902684575,XY-Warm-Same-State S2 p2=1,0,spsa,sequential,3,random_shared_stream,35,120,5,2,1.6145379543304443,87,0.28781670331954956,0.2035171389579773,0.04141922667622566,0.0,0.0,0.012147090014201722,0.013966227856027484,0.003496135352179408,1.4903600215911865
902684575,XY-Warm-Same-State S2 p2=1,0,spsa,sequential,3,random_shared_stream,40,120,5,2,1.6143826246261597,97,0.2178560048341751,0.15404745936393738,0.023730618879199028,0.0,0.0,0.011429866223301593,0.013779134410346052,0.0024900648277252913,1.5091326236724854
902684575,XY-Warm-Same-State S2 p2=1,0,spsa,sequential,3,random_shared_stream,45,120,5,2,1.6140356063842773,107,0.19059917330741882,0.13477396965026855,0.018164023756980896,0.0,0.0,0.010815298170250395,0.013616187769422706,0.00206138682551682,1.527946949005127
902684575,XY-Warm-Same-State S2 p2=1,0,spsa,sequential,3,random_shared_stream,50,120,5,2,1.6133098602294922,117,0.18801440298557281,0.13294625282287598,0.0,0.0,0.0,0.01028147356372253,0.013472060523173781,0.0019330650102347136,1.546116590499878
902684575,XY-Warm-Same-State S2 p2=1,0,spsa,sequential,3,random_shared_stream,55,120,5,2,1.6129854917526245,127,0.09279069304466248,0.06561292707920074,0.004305056296288967,0.0,0.0,0.009812465188689674,0.01334299625175472,0.0009105053613893688,1.5648245811462402
902684575,XY-Warm-Same-State S2 p2=1,0,spsa,sequential,3,random_shared_stream,60,120,5,2,1.6124181747436523,137,0.17500202357769012,0.12374511361122131,0.0,0.0,0.0,0.009396389208062237,0.013226249755755135,0.0016443871427327394,1.5807504653930664
902684575,XY-Warm-Same-State S2 p2=1,0,spsa,sequential,3,random_shared_stream,65,120,5,2,1.6122864484786987,147,0.1291670799255371,0.09133491665124893,0.0,0.0,0.0,0.009024179882730231,0.01311975565249048,0.0011656269198283553,1.5989172458648682
902684575,XY-Warm-Same-State S2 p2=1,0,spsa,sequential,3,random_shared_stream,70,120,5,2,1.6118621826171875,157,0.13226719200611115,0.09352703392505646,0.00874730572104454,0.0,0.0,0.00868878840471174,0.013021922119457682,0.0011492416961118579,1.618330717086792
902684575,XY-Warm-Same-State S2 p2=1,0,spsa,sequential,3,random_shared_stream,75,120,5,2,1.6118621826171875,167,0.0704321637749672,0.04980306327342987,0.002480345079675317,0.0,0.0,0.008384642887276117,0.01293149713891721,0.0005905486177653074,1.6358191967010498
902684575,XY-Warm-Same-State S2 p2=1,0,spsa,sequential,3,random_shared_stream,80,120,5,2,1.6106715202331543,177,0.15270324051380157,0.107977494597435,0.0,0.0,0.0,0.008107274693624295,0.012847478719003411,0.0012380070984363556,1.654325008392334
902684575,XY-Warm-Same-State S2 p2=1,0,spsa,sequential,3,random_shared_stream,85,120,5,2,1.610297679901123,187,0.1642627865076065,0.11615132540464401,0.01349113043397665,0.0,0.0,0.007853053862925079,0.012769052840860788,0.0012899644207209349,1.6731863021850586
902684575,XY-Warm-Same-State S2 p2=1,0,spsa,sequential,3,random_shared_stream,90,120,5,2,1.6097790002822876,197,0.17658084630966187,0.12486151605844498,0.015590398572385311,0.0,0.0,0.007618997952303601,0.01269554947299621,0.0013453691499307752,1.6915080547332764
902684575,XY-Warm-Same-State S2 p2=1,0,spsa,sequential,3,random_shared_stream,95,120,5,2,1.6091033220291138,207,0.21102114021778107,0.1492144763469696,0.022264959290623665,0.0,0.0,0.007402631417648785,0.012626410699612943,0.0015621116617694497,1.7105963230133057
902684575,XY-Warm-Same-State S2 p2=1,0,spsa,sequential,3,random_shared_stream,100,120,5,2,1.608971118927002,217,0.13795100152492523,0.09754608571529388,0.0,0.0,0.0,0.007201880495179255,0.012561167176266359,0.0009935066336765885,1.7280755043029785
902684575,XY-Warm-Same-State S2 p2=1,0,spsa,sequential,3,random_shared_stream,105,120,5,2,1.608288049697876,227,0.1616356074810028,0.11429363489151001,0.0,0.0,0.0,0.007014993476217619,0.01249942043693397,0.0011338727781549096,1.746551275253296
902684575,XY-Warm-Same-State S2 p2=1,0,spsa,sequential,3,random_shared_stream,110,120,5,2,1.607686161994934,237,0.18098899722099304,0.12797854840755463,0.0,0.0,0.0,0.006840479444456187,0.012440829393713411,0.0012380515690892935,1.7660942077636719
902684575,XY-Warm-Same-State S2 p2=1,0,spsa,sequential,3,random_shared_stream,115,120,5,2,1.6075685024261475,247,0.15189076960086823,0.1074029952287674,0.011535403318703175,0.0,0.0,0.006677060636798702,0.012385099893453082,0.0010141838574782014,1.784715175628662
902684575,XY-Warm-Same-State S2 p2=1,0,spsa,sequential,3,random_shared_stream,120,120,5,2,1.606921911239624,257,0.15715213119983673,0.11112333834171295,0.0,0.0,0.0,0.006523634993522632,0.012331976538504544,0.001025203033350408,1.8016726970672607
902684575,XY-Warm-Same-State S2 p2=1,0,spsa,sequential,4,continuation,1,120,5,2,0.10247662663459778,19,0.29257816076278687,0.2068839967250824,0.0,0.0,0.0,0.2418286199917638,0.02,0.07075376808643341,1.828578233718872
902684575,XY-Warm-Same-State S2 p2=1,0,spsa,sequential,4,continuation,5,120,5,2,0.10247662663459778,27,15.15114974975586,10.713480949401855,114.77867126464844,0.0,0.0,0.20576492439901498,0.016999416915812672,0.25,1.8440537452697754
902684575,XY-Warm-Same-State S2 p2=1,0,spsa,sequential,4,continuation,10,120,5,2,0.055461518466472626,37,3.357268810272217,2.3739476203918457,5.635627269744873,0.0,0.0,0.1761826515313734,0.015850026609609436,0.25,1.8596255779266357
902684575,XY-Warm-Same-State S2 p2=1,0,spsa,sequential,4,continuation,15,120,5,2,0.055461518466472626,47,14.421210289001465,10.197335243225098,103.98564910888672,0.0,0.0,0.15574732978491454,0.015214047873475552,0.25,1.8777501583099365
902684575,XY-Warm-Same-State S2 p2=1,0,spsa,sequential,4,continuation,20,120,5,2,0.055461518466472626,57,6.073907375335693,4.294900894165039,0.0,0.0,0.0,0.1406051761092419,0.014778350620464044,0.25,1.8954620361328125
902684575,XY-Warm-Same-State S2 p2=1,0,spsa,sequential,4,continuation,25,120,5,2,0.055461518466472626,67,14.75365161895752,10.43240737915039,0.0,0.0,0.0,0.1288380543686454,0.014449008773880907,0.25,1.913865566253662
902684575,XY-Warm-Same-State S2 p2=1,0,spsa,sequential,4,continuation,30,120,5,2,0.055461518466472626,77,9.16030216217041,6.477312088012695,41.955570220947266,0.0,0.0,0.1193728390467069,0.014185372641231635,0.25,1.9316506385803223
902684575,XY-Warm-Same-State S2 p2=1,0,spsa,sequential,4,continuation,35,120,5,2,0.055461518466472626,87,12.94066047668457,9.150428771972656,83.7303466796875,0.0,0.0,0.11155747739234013,0.013966227856027484,0.25,1.9488587379455566
902684575,XY-Warm-Same-State S2 p2=1,0,spsa,sequential,4,continuation,40,120,5,2,0.055461518466472626,97,10.420644760131836,7.368508815765381,0.0,0.0,0.0,0.10497057660004797,0.013779134410346052,0.25,1.9671084880828857
902684575,XY-Warm-Same-State S2 p2=1,0,spsa,sequential,4,continuation,45,120,5,2,0.055461518466472626,107,15.817584037780762,11.184720993041992,0.0,0.0,0.0,0.099326454295516,0.013616187769422706,0.25,1.985675573348999
902684575,XY-Warm-Same-State S2 p2=1,0,spsa,sequential,4,continuation,50,120,5,2,0.055461518466472626,117,10.422657012939453,7.369931221008301,0.0,0.0,0.0,0.09442387051581386,0.013472060523173781,0.25,2.001760959625244
902684575,XY-Warm-Same-State S2 p2=1,0,spsa,sequential,4,continuation,55,120,5,2,0.055461518466472626,127,14.374679565429688,10.164433479309082,103.31570434570312,0.0,0.0,0.090116551550253,0.01334299625175472,0.25,2.0200881958007812
902684575,XY-Warm-Same-State S2 p2=1,0,spsa,sequential,4,continuation,60,120,5,2,0.055461518466472626,137,9.163507461547852,6.479578018188477,41.98493194580078,0.0,0.0,0.08629535760601834,0.013226249755755135,0.25,2.0374255180358887
902684575,XY-Warm-Same-State S2 p2=1,0,spsa,sequential,4,continuation,65,120,5,2,0.055461518466472626,147,15.176210403442383,10.731201171875,115.15867614746094,0.0,0.0,0.08287702997796936,0.01311975565249048,0.25,2.055696725845337
902684575,XY-Warm-Same-State S2 p2=1,0,spsa,sequential,4,continuation,70,120,5,2,0.055461518466472626,157,6.07774543762207,4.297615051269531,0.0,0.0,0.0,0.07979683322443519,0.013021922119457682,0.25,2.0733847618103027
902684575,XY-Warm-Same-State S2 p2=1,0,spsa,sequential,4,continuation,75,120,5,2,0.017764883115887642,167,10.796821594238281,7.634505748748779,0.0,0.0,0.0,0.07700359577862412,0.01293149713891721,0.25,2.0910871028900146
902684575,XY-Warm-Same-State S2 p2=1,0,spsa,sequential,4,continuation,80,120,5,2,0.017764883115887642,177,11.951744079589844,8.451159477233887,71.4220962524414,0.0,0.0,0.07445627819420753,0.012847478719003411,0.25,2.1096351146698
902684575,XY-Warm-Same-State S2 p2=1,0,spsa,sequential,4,continuation,85,120,5,2,0.017764883115887642,187,11.296684265136719,7.987961769104004,63.807533264160156,0.0,0.0,0.07212154332847158,0.012769052840860788,0.25,2.1275665760040283
902684575,XY-Warm-Same-State S2 p2=1,0,spsa,sequential,4,continuation,90,120,5,2,0.017764883115887642,197,14.586474418640137,10.314194679260254,0.0,0.0,0.0,0.06997200076912839,0.01269554947299621,0.25,2.1446778774261475
902684575,XY-Warm-Same-State S2 p2=1,0,spsa,sequential,4,continuation,95,120,5,2,0.017764883115887642,207,11.509183883666992,8.138221740722656,0.0,0.0,0.0,0.06798491540382745,0.012626410699612943,0.25,2.162818431854248
902684575,XY-Warm-Same-State S2 p2=1,0,spsa,sequential,4,continuation,100,120,5,2,0.017764883115887642,217,12.908873558044434,9.127951622009277,0.0,0.0,0.0,0.06614124202454873,0.012561167176266359,0.25,2.1801340579986572
902684575,XY-Warm-Same-State S2 p2=1,0,spsa,sequential,4,continuation,105,120,5,2,0.017764883115887642,227,10.799016952514648,7.6360578536987305,0.0,0.0,0.0,0.06442489314030078,0.01249942043693397,0.25,2.1986467838287354
902684575,XY-Warm-Same-State S2 p2=1,0,spsa,sequential,4,continuation,110,120,5,2,0.017764883115887642,237,13.402297019958496,9.476855278015137,89.81078338623047,0.0,0.0,0.06282217634721612,0.012440829393713411,0.25,2.216613292694092
902684575,XY-Warm-Same-State S2 p2=1,0,spsa,sequential,4,continuation,115,120,5,2,0.017764883115887642,247,10.444690704345703,7.38551139831543,0.0,0.0,0.0,0.06132135681600174,0.012385099893453082,0.25,2.234201431274414
902684575,XY-Warm-Same-State S2 p2=1,0,spsa,sequential,4,continuation,120,120,5,2,0.017764883115887642,257,14.476449012756348,10.236394882202148,104.78378295898438,0.0,0.0,0.05991231335693751,0.012331976538504544,0.25,2.252903461456299
902684575,XY-Warm-Same-State S2 p2=20,0,spsa,sequential,0,deterministic_linear_ramp,1,120,5,40,2.183519124984741,19,9.681756019592285,1.5308202505111694,2.3375518321990967,2.24967360496521,2.319976329803467,0.017606859679385283,0.02,0.17046533524990082,0.23181748390197754
902684575,XY-Warm-Same-State S2 p2=20,0,spsa,sequential,0,deterministic_linear_ramp,5,120,5,40,1.8946856260299683,27,16.020078659057617,2.532996892929077,6.400033473968506,6.159430503845215,5.838626861572266,0.014981163730563261,0.016999416915812672,0.2399994283914566,0.3325972557067871
902684575,XY-Warm-Same-State S2 p2=20,0,spsa,sequential,0,deterministic_linear_ramp,10,120,5,40,1.5866574048995972,37,15.718315124511719,2.485283851623535,6.1766357421875,6.114869117736816,6.114869594573975,0.01282736188777232,0.015850026609609436,0.20162449777126312,0.4537930488586426
902684575,XY-Warm-Same-State S2 p2=20,0,spsa,sequential,0,deterministic_linear_ramp,15,120,5,40,1.5866574048995972,47,11.21377944946289,1.7730543613433838,3.135861873626709,3.017972469329834,3.1122841835021973,0.011339523754695904,0.015214047873475552,0.12715892493724823,0.5753922462463379
902684575,XY-Warm-Same-State S2 p2=20,0,spsa,sequential,0,deterministic_linear_ramp,20,120,5,40,1.5866574048995972,57,0.14126580953598022,0.022336086258292198,0.000487675511976704,0.0004939117352478206,0.00047894474118947983,0.010237066258059084,0.014778350620464044,0.0014461474493145943,0.6969130039215088
902684575,XY-Warm-Same-State S2 p2=20,0,spsa,sequential,0,deterministic_linear_ramp,25,120,5,40,1.5866574048995972,67,5.897225379943848,0.9324333071708679,0.8694316744804382,0.8607374429702759,0.8607374429702759,0.009380335316436119,0.014449008773880907,0.0553179532289505,0.8177933692932129
902684575,XY-Warm-Same-State S2 p2=20,0,spsa,sequential,0,deterministic_linear_ramp,30,120,5,40,1.5452759265899658,77,20.890071868896484,3.3030107021331787,10.882603645324707,10.800779342651367,10.90987777709961,0.008691199688013749,0.014185372641231635,0.18155980110168457,0.9397435188293457
902684575,XY-Warm-Same-State S2 p2=20,0,spsa,sequential,0,deterministic_linear_ramp,35,120,5,40,1.4890886545181274,87,15.458659172058105,2.4442288875579834,5.8398332595825195,5.9742536544799805,5.436570644378662,0.008122185251274332,0.013966227856027484,0.12555809319019318,1.0615181922912598
902684575,XY-Warm-Same-State S2 p2=20,0,spsa,sequential,0,deterministic_linear_ramp,40,120,5,40,1.4034252166748047,97,10.40699291229248,1.645490050315857,2.700868606567383,2.599332094192505,2.6805613040924072,0.007642611584700582,0.013779134410346052,0.07953660190105438,1.1851263046264648
902684575,XY-Warm-Same-State S2 p2=20,0,spsa,sequential,0,deterministic_linear_ramp,45,120,5,40,1.4034252166748047,107,1.3241764307022095,0.2093706578016281,0.04339771717786789,0.0398908331990242,0.032877061516046524,0.007231678960462112,0.013616187769422706,0.00957601796835661,1.3057947158813477
902684575,XY-Warm-Same-State S2 p2=20,0,spsa,sequential,0,deterministic_linear_ramp,50,120,5,40,1.4034252166748047,117,7.031637191772461,1.1117994785308838,1.1588419675827026,1.1866540908813477,1.1248492002487183,0.006874735664509029,0.013472060523173781,0.04834064468741417,1.4270610809326172
902684575,XY-Warm-Same-State S2 p2=20,0,spsa,sequential,0,deterministic_linear_ramp,55,120,5,40,1.4034252166748047,127,4.326388835906982,0.6840621829032898,0.4574123024940491,0.4258262515068054,0.46794095635414124,0.006561131920570169,0.01334299625175472,0.028386006131768227,1.5479300022125244
902684575,XY-Warm-Same-State S2 p2=20,0,spsa,sequential,0,deterministic_linear_ramp,60,120,5,40,1.4034252166748047,137,7.381499290466309,1.1671175956726074,1.3485417366027832,1.3621633052825928,1.3076767921447754,0.006282921568188602,0.013226249755755135,0.046377383172512054,1.669323205947876
902684575,XY-Warm-Same-State S2 p2=20,0,spsa,sequential,0,deterministic_linear_ramp,65,120,5,40,1.3965075016021729,147,13.749018669128418,2.1739108562469482,4.71407413482666,4.536852836608887,4.678629398345947,0.006034042775896467,0.01311975565249048,0.08296217024326324,1.7923784255981445
902684575,XY-Warm-Same-State S2 p2=20,0,spsa,sequential,0,deterministic_linear_ramp,70,120,5,40,1.3458364009857178,157,11.69201946258545,1.8486706018447876,3.409038543701172,3.3834068775177,3.4175822734832764,0.005809782338789306,0.013021922119457682,0.06792808324098587,1.9167454242706299
902684575,XY-Warm-Same-State S2 p2=20,0,spsa,sequential,0,deterministic_linear_ramp,75,120,5,40,1.3458364009857178,167,17.824583053588867,2.81831431388855,7.446463108062744,7.863465309143066,6.672032356262207,0.0056064145994320904,0.01293149713891721,0.09993200749158859,2.0463666915893555
902684575,XY-Warm-Same-State S2 p2=20,0,spsa,sequential,0,deterministic_linear_ramp,80,120,5,40,1.3456532955169678,177,9.164058685302734,1.4489648342132568,2.015519142150879,2.015519142150879,2.015519142150879,0.005420951591500353,0.012847478719003411,0.04967791587114334,2.1685450077056885
902684575,XY-Warm-Same-State S2 p2=20,0,spsa,sequential,0,deterministic_linear_ramp,85,120,5,40,1.3456532955169678,187,2.9488136768341064,0.46624842286109924,0.20380082726478577,0.2086920291185379,0.1978226751089096,0.005250966131669414,0.012769052840860788,0.01548412162810564,2.2903807163238525
902684575,XY-Warm-Same-State S2 p2=20,0,spsa,sequential,0,deterministic_linear_ramp,90,120,5,40,1.3456532955169678,197,6.2528767585754395,0.9886666536331177,0.9774616360664368,0.8894901275634766,0.8894901275634766,0.005094464001282569,0.01269554947299621,0.03185505419969559,2.412877321243286
902684575,XY-Warm-Same-State S2 p2=20,0,spsa,sequential,0,deterministic_linear_ramp,95,120,5,40,1.3456532955169678,207,11.83935832977295,1.8719669580459595,3.1888766288757324,2.628194808959961,3.469217300415039,0.004949789920940029,0.012626410699612943,0.058602336794137955,2.533690929412842
902684575,XY-Warm-Same-State S2 p2=20,0,spsa,sequential,0,deterministic_linear_ramp,100,120,5,40,1.3202556371688843,217,2.9694058895111084,0.4695042669773102,0.2182299643754959,0.21822993457317352,0.21822991967201233,0.0048155572627679565,0.012561167176266359,0.014299343340098858,2.6516432762145996
902684575,XY-Warm-Same-State S2 p2=20,0,spsa,sequential,0,deterministic_linear_ramp,105,120,5,40,1.3202556371688843,227,21.582609176635742,3.412510395050049,11.645224571228027,11.17941665649414,11.17941665649414,0.004690594741926328,0.01249942043693397,0.1012352779507637,2.7719883918762207
902684575,XY-Warm-Same-State S2 p2=20,0,spsa,sequential,0,deterministic_linear_ramp,110,120,5,40,1.3202556371688843,237,10.80373477935791,1.708220362663269,2.8523616790771484,2.8888368606567383,2.8012962341308594,0.004573905453112634,0.012440829393713411,0.04941525682806969,2.89424729347229
902684575,XY-Warm-Same-State S2 p2=20,0,spsa,sequential,0,deterministic_linear_ramp,115,120,5,40,1.3202556371688843,247,18.972524642944336,2.99981951713562,8.638960838317871,8.908928871154785,8.18901538848877,0.004464635016507271,0.012385099893453082,0.0847053974866867,3.0137271881103516
902684575,XY-Warm-Same-State S2 p2=20,0,spsa,sequential,0,deterministic_linear_ramp,120,120,5,40,1.2679251432418823,257,24.509428024291992,3.8752808570861816,14.679901123046875,11.263350486755371,14.417088508605957,0.004362046536836236,0.012331976538504544,0.10691127926111221,3.134244918823242
902684575,XY-Warm-Same-State S2 p2=20,0,spsa,sequential,1,random_shared_stream,1,120,5,40,1.9108381271362305,19,0.26787692308425903,0.04235506057739258,0.0017221930902451277,0.001776011660695076,0.0016324955504387617,3.555624880788386,0.02,0.25,3.384977102279663
902684575,XY-Warm-Same-State S2 p2=20,0,spsa,sequential,1,random_shared_stream,5,120,5,40,1.909206509590149,27,0.09391381591558456,0.014849078841507435,0.00020671421953011304,0.00018521593301557004,0.0002182901807827875,3.025377578599243,0.016999416915812672,0.25,3.4842140674591064
902684575,XY-Warm-Same-State S2 p2=20,0,spsa,sequential,1,random_shared_stream,10,120,5,40,1.909206509590149,37,0.15766239166259766,0.024928614497184753,0.0006214358145371079,0.0006152215064503253,0.0006152214482426643,2.5904271354215918,0.015850026609609436,0.25,3.605727195739746
902684575,XY-Warm-Same-State S2 p2=20,0,spsa,sequential,1,random_shared_stream,15,120,5,40,1.909206509590149,47,0.18491780757904053,0.02923806942999363,0.0008463162230327725,0.0008206702768802643,0.0008548648911528289,2.2899650211726668,0.015214047873475552,0.25,3.728865623474121
902684575,XY-Warm-Same-State S2 p2=20,0,spsa,sequential,1,random_shared_stream,20,120,5,40,1.909206509590149,57,0.03150293976068497,0.004981052130460739,2.4562774342484772e-05,2.2577900381293148e-05,2.4562770704505965e-05,2.067328765961118,0.014778350620464044,0.0651269257068634,3.8502748012542725
902684575,XY-Warm-Same-State S2 p2=20,0,spsa,sequential,1,random_shared_stream,25,120,5,40,1.909206509590149,67,0.27232614159584045,0.043058544397354126,0.001849403022788465,0.0017798766493797302,0.0018354977946728468,1.8943158660092607,0.014449008773880907,0.25,3.9702532291412354
902684575,XY-Warm-Same-State S2 p2=20,0,spsa,sequential,1,random_shared_stream,30,120,5,40,1.909206509590149,77,0.011347421444952488,0.0017941849073395133,3.21105153489043e-06,2.929380343630328e-06,3.090335667366162e-06,1.7551480739511898,0.014185372641231635,0.01991640403866768,4.091526508331299
902684575,XY-Warm-Same-State S2 p2=20,0,spsa,sequential,1,random_shared_stream,35,120,5,40,1.909206509590149,87,0.13771188259124756,0.021774163469672203,0.00046344654401764274,0.0004693729861173779,0.0004551495367195457,1.6402382078171798,0.013966227856027484,0.22588030993938446,4.212042331695557
902684575,XY-Warm-Same-State S2 p2=20,0,spsa,sequential,1,random_shared_stream,40,120,5,40,1.909206509590149,97,0.13413745164871216,0.0212089940905571,0.00043970049591735005,0.0004093375173397362,0.00044982144027017057,1.5433904966357803,0.013779134410346052,0.20702648162841797,4.332100868225098
902684575,XY-Warm-Same-State S2 p2=20,0,spsa,sequential,1,random_shared_stream,45,120,5,40,1.909206509590149,107,0.49161389470100403,0.07773098349571228,0.006042105611413717,0.005498316138982773,0.005498316138982773,1.4604045303887327,0.013616187769422706,0.25,4.452086925506592
902684575,XY-Warm-Same-State S2 p2=20,0,spsa,sequential,1,random_shared_stream,50,120,5,40,1.909206509590149,117,0.15717391669750214,0.024851378053426743,0.0005928873433731496,0.00061141507467255,0.0005620077718049288,1.3883214623554612,0.013472060523173781,0.21820791065692902,4.5728819370269775
902684575,XY-Warm-Same-State S2 p2=20,0,spsa,sequential,1,random_shared_stream,55,120,5,40,1.909206509590149,127,0.09549342095851898,0.015098835341632366,0.00022569508291780949,0.00020745708025060594,0.00022569508291780949,1.3249906188681955,0.01334299625175472,0.12652787566184998,4.694891929626465
902684575,XY-Warm-Same-State S2 p2=20,0,spsa,sequential,1,random_shared_stream,60,120,5,40,1.909206509590149,137,0.16516833007335663,0.026115406304597855,0.0006751943146809936,0.0006751943146809936,0.0006751942564733326,1.2688073091222216,0.013226249755755135,0.20956678688526154,4.814600467681885
902684575,XY-Warm-Same-State S2 p2=20,0,spsa,sequential,1,random_shared_stream,65,120,5,40,1.909206509590149,147,0.18512816727161407,0.029271332547068596,0.0008482428384013474,0.0008482428384013474,0.0008482428384013474,1.2185473739441965,0.01311975565249048,0.22558742761611938,4.934010982513428
902684575,XY-Warm-Same-State S2 p2=20,0,spsa,sequential,1,random_shared_stream,70,120,5,40,1.909206509590149,157,0.03149661794304848,0.004980052355676889,2.4800921892165206e-05,2.4800921892165206e-05,2.4800921892165206e-05,1.1732590031344772,0.013021922119457682,0.03695369139313698,5.054979085922241
902684575,XY-Warm-Same-State S2 p2=20,0,spsa,sequential,1,random_shared_stream,75,120,5,40,1.909206509590149,167,0.10179713368415833,0.016095539554953575,0.00024870375636965036,0.00021761577227152884,0.00025906640803441405,1.1321898171935663,0.01293149713891721,0.11525368690490723,5.176550626754761
902684575,XY-Warm-Same-State S2 p2=20,0,spsa,sequential,1,random_shared_stream,80,120,5,40,1.909206509590149,177,0.04592049494385719,0.007260667625814676,4.625942892744206e-05,3.953797204303555e-05,5.0608603487489745e-05,1.0947364099718326,0.012847478719003411,0.050270840525627136,5.2983338832855225
902684575,XY-Warm-Same-State S2 p2=20,0,spsa,sequential,1,random_shared_stream,85,120,5,40,1.909206509590149,187,0.29117923974990845,0.046039484441280365,0.0020984376315027475,0.002098437864333391,0.002098437864333391,1.0604086228846896,0.012769052840860788,0.25,5.41819429397583
902684575,XY-Warm-Same-State S2 p2=20,0,spsa,sequential,1,random_shared_stream,90,120,5,40,1.909206509590149,197,0.0008611059747636318,0.00013615282659884542,1.8120491773743197e-08,1.8537587465061733e-08,1.6869204699787588e-08,1.0288037325843833,0.01269554947299621,0.0008859090739861131,5.536694049835205
902684575,XY-Warm-Same-State S2 p2=20,0,spsa,sequential,1,random_shared_stream,95,120,5,40,1.909206509590149,207,0.04893382638692856,0.007737116422504187,5.9862981288461015e-05,5.926435187575407e-05,5.926435187575407e-05,0.999587462957756,0.012626410699612943,0.04891363903880119,5.656679391860962
902684575,XY-Warm-Same-State S2 p2=20,0,spsa,sequential,1,random_shared_stream,100,120,5,40,1.909206509590149,217,0.23717671632766724,0.037500932812690735,0.0013922567013651133,0.0013922567013651133,0.0013922567013651133,0.9724797908400644,0.012561167176266359,0.23064957559108734,5.7771897315979
902684575,XY-Warm-Same-State S2 p2=20,0,spsa,sequential,1,random_shared_stream,105,120,5,40,1.909206509590149,227,0.06426931917667389,0.010161872021853924,0.00010094021126860753,9.913309622788802e-05,0.00010223100252915174,0.9472441806085159,0.01249942043693397,0.06087873876094818,5.899969816207886
902684575,XY-Warm-Same-State S2 p2=20,0,spsa,sequential,1,random_shared_stream,110,120,5,40,1.909206509590149,237,0.1377798467874527,0.021784907206892967,0.0004639040562324226,0.00047458219341933727,0.0004318697901908308,0.923679311791321,0.012440829393713411,0.12726439535617828,6.0182812213897705
902684575,XY-Warm-Same-State S2 p2=20,0,spsa,sequential,1,random_shared_stream,115,120,5,40,1.909206509590149,247,0.018597381189465523,0.0029405043460428715,8.452016118098982e-06,8.560098649468273e-06,8.300701665575616e-06,0.9016126462868792,0.012385099893453082,0.016767634078860283,6.138592958450317
902684575,XY-Warm-Same-State S2 p2=20,0,spsa,sequential,1,random_shared_stream,120,120,5,40,1.909206509590149,257,0.14171664416790009,0.022407367825508118,0.0005008348962292075,0.00045690202387049794,0.0004820065514650196,0.8808953714608824,0.012331976538504544,0.12483754009008408,6.259931564331055
902684575,XY-Warm-Same-State S2 p2=20,0,spsa,sequential,2,random_shared_stream,1,120,5,40,1.9112627506256104,19,0.2591499984264374,0.040975213050842285,0.0016411911929026246,0.0015278609935194254,0.0016789681976661086,1.694411553804979,0.02,0.25,6.506515741348267
902684575,XY-Warm-Same-State S2 p2=20,0,spsa,sequential,2,random_shared_stream,5,120,5,40,1.911043643951416,27,0.25111690163612366,0.0397050678730011,0.0014779616612941027,0.0015607273671776056,0.0010089551797136664,1.4417254057082796,0.016999416915812672,0.25,6.599555492401123
902684575,XY-Warm-Same-State S2 p2=20,0,spsa,sequential,2,random_shared_stream,10,120,5,40,1.9105762243270874,37,0.08393280953168869,0.013270941562950611,0.00016907320241443813,0.00017435674089938402,0.00013208843301981688,1.2344523999885655,0.015850026609609436,0.103611059486866,6.721903085708618
902684575,XY-Warm-Same-State S2 p2=20,0,spsa,sequential,2,random_shared_stream,15,120,5,40,1.9103801250457764,47,0.0027255737222731113,0.00043095109867863357,1.8525452105677687e-07,1.8386162992101163e-07,1.7829005116709595e-07,1.091268994839492,0.015214047873475552,0.0029743346385657787,6.841992378234863
902684575,XY-Warm-Same-State S2 p2=20,0,spsa,sequential,2,random_shared_stream,20,120,5,40,1.9101943969726562,57,0.09716170281171799,0.015362614765763283,0.00017700744501780719,0.00015104634803719819,0.00019824833725579083,0.9851730325897629,0.014778350620464044,0.09572108834981918,6.962875604629517
902684575,XY-Warm-Same-State S2 p2=20,0,spsa,sequential,2,random_shared_stream,25,120,5,40,1.9099615812301636,67,0.18124638497829437,0.028657568618655205,0.0008192030945792794,0.0008130436763167381,0.000788406003266573,0.9027247804640406,0.014449008773880907,0.16361559927463531,7.083935022354126
902684575,XY-Warm-Same-State S2 p2=20,0,spsa,sequential,2,random_shared_stream,30,120,5,40,1.9099615812301636,77,0.03151766210794449,0.0049833799712359905,2.4585733626736328e-05,2.4585733626736328e-05,2.2599009753321297e-05,0.836405210012492,0.014185372641231635,0.026361536234617233,7.204607248306274
902684575,XY-Warm-Same-State S2 p2=20,0,spsa,sequential,2,random_shared_stream,35,120,5,40,1.9096217155456543,87,0.33326709270477295,0.05269415304064751,0.0027489070780575275,0.0027489070780575275,0.002526773139834404,0.7816456075933307,0.013966227856027484,0.25,7.3265602588653564
902684575,XY-Warm-Same-State S2 p2=20,0,spsa,sequential,2,random_shared_stream,40,120,5,40,1.9096217155456543,97,0.11985645443201065,0.018950968980789185,0.0003268167201895267,0.00034477369626984,0.0003016769769601524,0.7354934159850457,0.013779134410346052,0.08815363794565201,7.447474956512451
902684575,XY-Warm-Same-State S2 p2=20,0,spsa,sequential,2,random_shared_stream,45,120,5,40,1.9093137979507446,107,0.06029931828379631,0.009534159675240517,9.067294740816578e-05,8.726418309379369e-05,8.999119745567441e-05,0.6959469551723715,0.013616187769422706,0.04196512699127197,7.571566343307495
902684575,XY-Warm-Same-State S2 p2=20,0,spsa,sequential,2,random_shared_stream,50,120,5,40,1.9091929197311401,117,0.07241696864366531,0.011450128629803658,0.0001258612028323114,0.0001258612028323114,0.0001258612028323114,0.6615962046280104,0.013472060523173781,0.04791078716516495,7.693098783493042
902684575,XY-Warm-Same-State S2 p2=20,0,spsa,sequential,2,random_shared_stream,55,120,5,40,1.9091929197311401,127,0.19460314512252808,0.030769461765885353,0.0009443927556276321,0.0008615512633696198,0.0009088892256841063,0.6314162738099864,0.01334299625175472,0.12287559360265732,7.814393997192383
902684575,XY-Warm-Same-State S2 p2=20,0,spsa,sequential,2,random_shared_stream,60,120,5,40,1.9091929197311401,137,0.0300124678760767,0.004745387937873602,2.2462409106083214e-05,2.161795782740228e-05,2.2293521396932192e-05,0.6046424570108775,0.013226249755755135,0.018146812915802002,7.935942649841309
902684575,XY-Warm-Same-State S2 p2=20,0,spsa,sequential,2,random_shared_stream,65,120,5,40,1.9091929197311401,147,0.15648113191127777,0.02474183961749077,0.0006121586193330586,0.0005876722279936075,0.0005876722279936075,0.5806913885730134,0.01311975565249048,0.09086724370718002,8.056565761566162
902684575,XY-Warm-Same-State S2 p2=20,0,spsa,sequential,2,random_shared_stream,70,120,5,40,1.9091929197311401,157,0.04191829264163971,0.006627863738685846,4.381875987746753e-05,3.9975009713089094e-05,3.690000812639482e-05,0.5591094890966047,0.013021922119457682,0.023436913266777992,8.178636312484741
902684575,XY-Warm-Same-State S2 p2=20,0,spsa,sequential,2,random_shared_stream,75,120,5,40,1.9091929197311401,167,0.05244359374046326,0.0082920603454113,6.721120735164732e-05,6.2570019508712e-05,6.875825783936307e-05,0.5395382166770533,0.01293149713891721,0.028295321390032768,8.29989743232727
902684575,XY-Warm-Same-State S2 p2=20,0,spsa,sequential,2,random_shared_stream,80,120,5,40,1.9091227054595947,177,0.14999715983867645,0.023716634139418602,0.0005399796064011753,0.0005568539490923285,0.0005118556437082589,0.5216900217595407,0.012847478719003411,0.07825202494859695,8.422075033187866
902684575,XY-Warm-Same-State S2 p2=20,0,spsa,sequential,2,random_shared_stream,85,120,5,40,1.9091227054595947,187,0.33912360668182373,0.053620148450136185,0.0026954251807183027,0.0024151012767106295,0.0028463697526603937,0.5053313222321273,0.012769052840860788,0.1713697910308838,8.543566703796387
902684575,XY-Warm-Same-State S2 p2=20,0,spsa,sequential,2,random_shared_stream,90,120,5,40,1.9091227054595947,197,0.3503216803073883,0.055390723049640656,0.0029454068280756474,0.0030374503694474697,0.0027920000720769167,0.4902702027167008,0.01269554947299621,0.17175227403640747,8.667099714279175
902684575,XY-Warm-Same-State S2 p2=20,0,spsa,sequential,2,random_shared_stream,95,120,5,40,1.9090721607208252,207,0.04472414031624794,0.007071507629007101,4.8881083785090595e-05,4.9506161303725094e-05,4.8005967983044684e-05,0.47634736595123695,0.012626410699612943,0.02130422554910183,8.789323806762695
902684575,XY-Warm-Same-State S2 p2=20,0,spsa,sequential,2,random_shared_stream,100,120,5,40,1.9087259769439697,217,0.17493396997451782,0.02765948884189129,0.0006961930776014924,0.0006426397012546659,0.0007344454643316567,0.463429368588481,0.012561167176266359,0.08106953650712967,8.9111168384552
902684575,XY-Warm-Same-State S2 p2=20,0,spsa,sequential,2,random_shared_stream,105,120,5,40,1.9087259769439697,227,0.3023161292076111,0.04780037701129913,0.0022791638039052486,0.00226202723570168,0.00219348119571805,0.4514034910065427,0.01249942043693397,0.13646656274795532,9.031065702438354
902684575,XY-Warm-Same-State S2 p2=20,0,spsa,sequential,2,random_shared_stream,110,120,5,40,1.9087259769439697,237,0.012484120205044746,0.0019739128183573484,3.8865905480633955e-06,3.8573680285480805e-06,3.740478405234171e-06,0.44017379515097194,0.012440829393713411,0.005495183169841766,9.152872323989868
902684575,XY-Warm-Same-State S2 p2=20,0,spsa,sequential,2,random_shared_stream,115,120,5,40,1.9087259769439697,247,0.24590545892715454,0.03888107091188431,0.001511737471446395,0.001375681022182107,0.001375681022182107,0.4296580590319285,0.012385099893453082,0.1056552603840828,9.274102449417114
902684575,XY-Warm-Same-State S2 p2=20,0,spsa,sequential,2,random_shared_stream,120,120,5,40,1.9087259769439697,257,0.37318307161331177,0.05900542810559273,0.003472935874015093,0.0034816402476280928,0.0034468236844986677,0.4197853668876609,0.012331976538504544,0.15665680170059204,9.39460277557373
902684575,XY-Warm-Same-State S2 p2=20,0,spsa,sequential,3,random_shared_stream,1,120,5,40,1.9109487533569336,19,0.17653639614582062,0.02791285514831543,0.0007615970680490136,0.0005843456601724029,0.0007479623891413212,1.4695908025840358,0.02,0.25,9.652202367782593
902684575,XY-Warm-Same-State S2 p2=20,0,spsa,sequential,3,random_shared_stream,5,120,5,40,1.9096369743347168,27,0.05122571438550949,0.008099498227238655,6.412581569747999e-05,6.297778600128368e-05,6.494583794847131e-05,1.2504319811339564,0.016999416915812672,0.06405427306890488,9.751546144485474
902684575,XY-Warm-Same-State S2 p2=20,0,spsa,sequential,3,random_shared_stream,10,120,5,40,1.9096369743347168,37,0.15212078392505646,0.02405240759253502,0.0005770719726569951,0.0005785183166153729,0.0005727331154048443,1.0706607194557565,0.015850026609609436,0.16286973655223846,9.873052597045898
902684575,XY-Warm-Same-State S2 p2=20,0,spsa,sequential,3,random_shared_stream,15,120,5,40,1.9096369743347168,47,0.015510994009673595,0.0024525036569684744,6.014773134666029e-06,6.014773134666029e-06,6.014773134666029e-06,0.9464754146416932,0.015214047873475552,0.014680773951113224,9.994572639465332
902684575,XY-Warm-Same-State S2 p2=20,0,spsa,sequential,3,random_shared_stream,20,120,5,40,1.9096369743347168,57,0.037165816873311996,0.005876431707292795,3.444611866143532e-05,3.418712367420085e-05,3.453244789852761e-05,0.854456654522066,0.014778350620464044,0.031756579875946045,10.114940166473389
902684575,XY-Warm-Same-State S2 p2=20,0,spsa,sequential,3,random_shared_stream,25,120,5,40,1.9096369743347168,67,0.019932666793465614,0.003151631448417902,9.311982466897462e-06,9.833453077590093e-06,8.343536137545016e-06,0.7829479394516322,0.014449008773880907,0.015606241300702095,10.237383127212524
902684575,XY-Warm-Same-State S2 p2=20,0,spsa,sequential,3,random_shared_stream,30,120,5,40,1.9091882705688477,77,0.3334866464138031,0.05272886902093887,0.002752530388534069,0.002669120440259576,0.0027803336270153522,0.7254278933046043,0.014185372641231635,0.24192050099372864,10.356985807418823
902684575,XY-Warm-Same-State S2 p2=20,0,spsa,sequential,3,random_shared_stream,35,120,5,40,1.9091882705688477,87,0.15485164523124695,0.024484194815158844,0.0005994758103042841,0.000599475868511945,0.000599475868511945,0.6779339961533221,0.013966227856027484,0.10497919470071793,10.476425170898438
902684575,XY-Warm-Same-State S2 p2=20,0,spsa,sequential,3,random_shared_stream,40,120,5,40,1.9091882705688477,97,0.10018587857484818,0.01584077812731266,0.0002283465291839093,0.00021078142162878066,0.00024089303042273968,0.6379054469178521,0.013779134410346052,0.06390911340713501,10.596925020217896
902684575,XY-Warm-Same-State S2 p2=20,0,spsa,sequential,3,random_shared_stream,45,120,5,40,1.9091882705688477,107,0.058582816272974014,0.009262757375836372,8.38681953609921e-05,7.207087037386373e-05,8.494067151332274e-05,0.603606155842701,0.013616187769422706,0.035360947251319885,10.718532085418701
902684575,XY-Warm-Same-State S2 p2=20,0,spsa,sequential,3,random_shared_stream,50,120,5,40,1.9091882705688477,117,0.39854514598846436,0.06301552057266235,0.003961028531193733,0.003931246232241392,0.003970955964177847,0.5738131891053756,0.013472060523173781,0.2286904752254486,10.8393874168396
902684575,XY-Warm-Same-State S2 p2=20,0,spsa,sequential,3,random_shared_stream,55,120,5,40,1.9091882705688477,127,0.0010735945543274283,0.0001697502302704379,2.766252826802429e-08,2.766252826802429e-08,2.766252826802429e-08,0.5476376424070584,0.01334299625175472,0.0005879408563487232,10.96080231666565
902684575,XY-Warm-Same-State S2 p2=20,0,spsa,sequential,3,random_shared_stream,60,120,5,40,1.9091882705688477,137,0.39834216237068176,0.0629834234714508,0.003956994507461786,0.003609889652580023,0.0033322058152407408,0.5244162740035653,0.013226249755755135,0.20889708399772644,11.080847024917603
902684575,XY-Warm-Same-State S2 p2=20,0,spsa,sequential,3,random_shared_stream,65,120,5,40,1.9091882705688477,147,0.13800567388534546,0.021820612251758575,0.00047494881437160075,0.00047137768706306815,0.0004761391319334507,0.5036431213363137,0.01311975565249048,0.06950560212135315,11.201968431472778
902684575,XY-Warm-Same-State S2 p2=20,0,spsa,sequential,3,random_shared_stream,70,120,5,40,1.9091882705688477,157,0.13779769837856293,0.021787729114294052,0.00043198163621127605,0.0004557169449981302,0.00039875233778730035,0.4849247875869949,0.013021922119457682,0.06682152301073074,11.3236665725708
902684575,XY-Warm-Same-State S2 p2=20,0,spsa,sequential,3,random_shared_stream,75,120,5,40,1.9091882705688477,167,0.3380994200706482,0.053458210080862045,0.0028506361413747072,0.0028292026836425066,0.002857780549675226,0.4679503035084062,0.01293149713891721,0.15821371972560883,11.447248697280884
902684575,XY-Warm-Same-State S2 p2=20,0,spsa,sequential,3,random_shared_stream,80,120,5,40,1.9091882705688477,177,0.24483105540275574,0.03871119022369385,0.0014048964949324727,0.0012587872333824635,0.0014835706679150462,0.45247027267728823,0.012847478719003411,0.11077878624200821,11.568935632705688
902684575,XY-Warm-Same-State S2 p2=20,0,spsa,sequential,3,random_shared_stream,85,120,5,40,1.9087872505187988,187,0.5352113246917725,0.08462433516979218,0.007089665625244379,0.006516763474792242,0.007089666090905666,0.43828210551463115,0.012769052840860788,0.23457354307174683,11.689215660095215
902684575,XY-Warm-Same-State S2 p2=20,0,spsa,sequential,3,random_shared_stream,90,120,5,40,1.9087872505187988,197,0.29307296872138977,0.04633890464901924,0.002061402192339301,0.002125821076333523,0.001954037696123123,0.42521935067990035,0.01269554947299621,0.12462029606103897,11.810529947280884
902684575,XY-Warm-Same-State S2 p2=20,0,spsa,sequential,3,random_shared_stream,95,120,5,40,1.9087872505187988,207,0.34438782930374146,0.05445249751210213,0.0029576621018350124,0.0028464714996516705,0.002935423981398344,0.41314384705714857,0.012626410699612943,0.14228171110153198,11.931131601333618
902684575,XY-Warm-Same-State S2 p2=20,0,spsa,sequential,3,random_shared_stream,100,120,5,40,1.9087423086166382,217,0.01728632114827633,0.002733207307755947,7.45174611438415e-06,7.3957185122708324e-06,7.1716049205861054e-06,0.4019398570527839,0.012561167176266359,0.006948061287403107,12.053783893585205
902684575,XY-Warm-Same-State S2 p2=20,0,spsa,sequential,3,random_shared_stream,105,120,5,40,1.9081677198410034,227,0.49111291766166687,0.07765176892280579,0.006014722399413586,0.005969499237835407,0.005788605660200119,0.3915096170985466,0.01249942043693397,0.19227543473243713,12.176656007766724
902684575,XY-Warm-Same-State S2 p2=20,0,spsa,sequential,3,random_shared_stream,110,120,5,40,1.9081677198410034,237,0.05093643069267273,0.008053756318986416,5.6917273468570784e-05,5.448491356219165e-05,5.9025325754191726e-05,0.38176991855358355,0.012440829393713411,0.01944599486887455,12.29672622680664
902684575,XY-Warm-Same-State S2 p2=20,0,spsa,sequential,3,random_shared_stream,115,120,5,40,1.9081677198410034,247,0.16369347274303436,0.025882208719849586,0.0006682141101919115,0.0006631899159401655,0.0006430933135561645,0.37264944894379853,0.012385099893453082,0.061000287532806396,12.417733430862427
902684575,XY-Warm-Same-State S2 p2=20,0,spsa,sequential,3,random_shared_stream,120,120,5,40,1.9081677198410034,257,0.4205034673213959,0.06648744642734528,0.00442057941108942,0.004022727254778147,0.004022727254778147,0.3640867018712952,0.012331976538504544,0.15309971570968628,12.539170980453491
902684575,XY-Warm-Same-State S2 p2=20,0,spsa,sequential,4,continuation,1,120,5,40,0.01776486448943615,19,22.558753967285156,3.566851854324341,11.577414512634277,11.577414512634277,11.577414512634277,0.03356667712381477,0.02,0.25,12.790111541748047
902684575,XY-Warm-Same-State S2 p2=20,0,spsa,sequential,4,continuation,5,120,5,40,0.01776486448943615,27,58.055015563964844,9.179305076599121,82.36378479003906,83.41703033447266,80.88923645019531,0.028560907228197905,0.016999416915812672,0.25,12.887346267700195
902684575,XY-Warm-Same-State S2 p2=20,0,spsa,sequential,4,continuation,10,120,5,40,0.01776486448943615,37,122.8656997680664,19.426773071289062,368.90802001953125,362.30352783203125,373.62548828125,0.024454781981440393,0.015850026609609436,0.25,13.00871729850769
902684575,XY-Warm-Same-State S2 p2=20,0,spsa,sequential,4,continuation,15,120,5,40,0.01776486448943615,47,204.66952514648438,32.3610954284668,1036.76806640625,1036.7681884765625,952.9888916015625,0.021618286255632516,0.015214047873475552,0.25,13.129694938659668
902684575,XY-Warm-Same-State S2 p2=20,0,spsa,sequential,4,continuation,20,120,5,40,-0.025196967646479607,57,24.322429656982422,3.8457138538360596,14.1979341506958,12.423192024230957,14.789514541625977,0.019516501184007,0.014778350620464044,0.25,13.25100326538086
902684575,XY-Warm-Same-State S2 p2=20,0,spsa,sequential,4,continuation,25,120,5,40,-0.025196967646479607,67,68.06037902832031,10.761290550231934,115.515869140625,111.17317199707031,114.64732360839844,0.017883182612546452,0.014449008773880907,0.25,13.372973680496216
902684575,XY-Warm-Same-State S2 p2=20,0,spsa,sequential,4,continuation,30,120,5,40,-0.025196967646479607,77,15.606886863708496,2.467665433883667,5.708786964416504,5.541329383850098,5.845797538757324,0.016569376882564137,0.014185372641231635,0.25,13.493415594100952
902684575,XY-Warm-Same-State S2 p2=20,0,spsa,sequential,4,continuation,35,120,5,40,-0.025196967646479607,87,187.17298889160156,29.594648361206055,840.8093872070312,840.8094482421875,840.8094482421875,0.01548457674076576,0.013966227856027484,0.25,13.614539623260498
902684575,XY-Warm-Same-State S2 p2=20,0,spsa,sequential,4,continuation,40,120,5,40,-0.025196967646479607,97,165.1784210205078,26.11699867248535,654.8138427734375,654.8138427734375,654.8138427734375,0.014570291359039637,0.013779134410346052,0.25,13.736384391784668
902684575,XY-Warm-Same-State S2 p2=20,0,spsa,sequential,4,continuation,45,120,5,40,-0.025196967646479607,107,10.080424308776855,1.5938551425933838,2.534022808074951,2.514970064163208,2.5403738021850586,0.013786867002360932,0.013616187769422706,0.13897746801376343,13.856653690338135
902684575,XY-Warm-Same-State S2 p2=20,0,spsa,sequential,4,continuation,50,120,5,40,-0.025196967646479607,117,9.016975402832031,1.4257091283798218,2.012319564819336,2.0326461791992188,1.9513404369354248,0.0131063708443325,0.013472060523173781,0.11817982792854309,13.977924108505249
902684575,XY-Warm-Same-State S2 p2=20,0,spsa,sequential,4,continuation,55,120,5,40,-0.025196967646479607,127,104.00139617919922,16.44406509399414,270.40728759765625,267.7032165527344,267.70318603515625,0.012508499570902627,0.01334299625175472,0.25,14.100489377975464
902684575,XY-Warm-Same-State S2 p2=20,0,spsa,sequential,4,continuation,60,120,5,40,-0.025196967646479607,137,18.62152671813965,2.944321632385254,8.473978042602539,7.888818264007568,8.669031143188477,0.011978104188594404,0.013226249755755135,0.2230505645275116,14.221216440200806
902684575,XY-Warm-Same-State S2 p2=20,0,spsa,sequential,4,continuation,65,120,5,40,-0.025196967646479607,147,176.58102416992188,27.919912338256836,761.9822998046875,779.521484375,709.3645629882812,0.011503628091439141,0.01311975565249048,0.25,14.341117143630981
902684575,XY-Warm-Same-State S2 p2=20,0,spsa,sequential,4,continuation,70,120,5,40,-0.025196967646479607,157,16.876056671142578,2.6683387756347656,7.120031833648682,7.120031833648682,7.12003231048584,0.011076085768668472,0.013021922119457682,0.1869206577539444,14.459327697753906
902684575,XY-Warm-Same-State S2 p2=20,0,spsa,sequential,4,continuation,75,120,5,40,-0.025196967646479607,167,97.72702026367188,15.451998710632324,238.7642822265625,236.3766326904297,236.3766326904297,0.010688374423845504,0.01293149713891721,0.25,14.582305192947388
902684575,XY-Warm-Same-State S2 p2=20,0,spsa,sequential,4,continuation,80,120,5,40,-0.025196967646479607,177,8.338134765625,1.3183748722076416,1.7337669134140015,1.738112211227417,1.7207311391830444,0.010334797635081463,0.012847478719003411,0.0861729308962822,14.702948808670044
902684575,XY-Warm-Same-State S2 p2=20,0,spsa,sequential,4,continuation,85,120,5,40,-0.025196967646479607,187,54.778682708740234,8.661270141601562,74.26741027832031,74.26741790771484,68.26600646972656,0.010010728087769235,0.012769052840860788,0.25,14.823455810546875
902684575,XY-Warm-Same-State S2 p2=20,0,spsa,sequential,4,continuation,90,120,5,40,-0.025196967646479607,197,121.70904541015625,19.24388885498047,324.9621887207031,336.9978332519531,311.07489013671875,0.00971236389474763,0.01269554947299621,0.25,14.94543743133545
902684575,XY-Warm-Same-State S2 p2=20,0,spsa,sequential,4,continuation,95,120,5,40,-0.025196967646479607,207,47.86617660522461,7.568307399749756,54.98810577392578,48.114585876464844,57.27927780151367,0.00943654934113199,0.012626410699612943,0.25,15.068223714828491
902684575,XY-Warm-Same-State S2 p2=20,0,spsa,sequential,4,continuation,100,120,5,40,-0.025196967646479607,217,173.73776245117188,27.470352172851562,737.6412353515625,747.0740356445312,724.4354248046875,0.009180640883952155,0.012561167176266359,0.25,15.190293788909912
902684575,XY-Warm-Same-State S2 p2=20,0,spsa,sequential,4,continuation,105,120,5,40,-0.025196967646479607,227,16.520170211791992,2.6120686531066895,6.805844306945801,6.754672050476074,6.822900295257568,0.008942405521936968,0.01249942043693397,0.14773008227348328,15.312870740890503
902684575,XY-Warm-Same-State S2 p2=20,0,spsa,sequential,4,continuation,110,120,5,40,-0.025196967646479607,237,66.96713256835938,10.588434219360352,109.59233093261719,110.9937744140625,107.63031005859375,0.00871994270047183,0.012440829393713411,0.25,15.434442281723022
902684575,XY-Warm-Same-State S2 p2=20,0,spsa,sequential,4,continuation,115,120,5,40,-0.025196967646479607,247,35.26057434082031,5.575186252593994,28.285259246826172,31.08270263671875,19.892929077148438,0.008511623583292466,0.012385099893453082,0.25,15.55587100982666
902684575,XY-Warm-Same-State S2 p2=20,0,spsa,sequential,4,continuation,120,120,5,40,-0.025196967646479607,257,39.60702133178711,6.262419700622559,37.6491813659668,38.825721740722656,35.68828582763672,0.008316043313076959,0.012331976538504544,0.25,15.675096273422241
902684575,XY-Warm-Same-State S2 p2=26,0,spsa,sequential,0,deterministic_linear_ramp,1,120,5,52,2.2783470153808594,19,16.645584106445312,2.3083271980285645,5.320491313934326,5.296844482421875,5.202258586883545,0.06804385184646825,0.02,0.25,0.28800535202026367
902684575,XY-Warm-Same-State S2 p2=26,0,spsa,sequential,0,deterministic_linear_ramp,5,120,5,52,1.95168936252594,27,16.0867919921875,2.2308366298675537,4.9471845626831055,4.858841896057129,4.976632118225098,0.05789653032582811,0.016999416915812672,0.25,0.4086318016052246
902684575,XY-Warm-Same-State S2 p2=26,0,spsa,sequential,0,deterministic_linear_ramp,10,120,5,52,1.7903168201446533,37,8.49503231048584,1.178049087524414,1.3693230152130127,1.3795877695083618,1.3549524545669556,0.049572901003723246,0.015850026609609436,0.25,0.5589630603790283
902684575,XY-Warm-Same-State S2 p2=26,0,spsa,sequential,0,deterministic_linear_ramp,15,120,5,52,1.7783691883087158,47,1.4077292680740356,0.19521693885326385,0.038053277879953384,0.03810965269804001,0.037884149700403214,0.04382296948032326,0.015214047873475552,0.06169087812304497,0.7085952758789062
902684575,XY-Warm-Same-State S2 p2=26,0,spsa,sequential,0,deterministic_linear_ramp,20,120,5,52,1.7779312133789062,57,12.079504013061523,1.6751259565353394,2.768688201904297,2.739631414413452,2.789442777633667,0.039562388324217684,0.014778350620464044,0.25,0.8585686683654785
902684575,XY-Warm-Same-State S2 p2=26,0,spsa,sequential,0,deterministic_linear_ramp,25,120,5,52,1.7146192789077759,67,10.946731567382812,1.5180386304855347,2.2498979568481445,2.1817193031311035,2.2908053398132324,0.03625144734294024,0.014449008773880907,0.25,1.0087239742279053
902684575,XY-Warm-Same-State S2 p2=26,0,spsa,sequential,0,deterministic_linear_ramp,30,120,5,52,1.6297844648361206,77,54.951934814453125,7.620462417602539,56.69697952270508,58.071449279785156,52.57356262207031,0.03358819884454976,0.014185372641231635,0.25,1.1582813262939453
902684575,XY-Warm-Same-State S2 p2=26,0,spsa,sequential,0,deterministic_linear_ramp,35,120,5,52,1.5404052734375,87,5.660259246826172,0.784936785697937,0.6124799847602844,0.6124799847602844,0.5833142399787903,0.031389173309216464,0.013966227856027484,0.17767085134983063,1.308591365814209
902684575,XY-Warm-Same-State S2 p2=26,0,spsa,sequential,0,deterministic_linear_ramp,40,120,5,52,1.5404052734375,97,9.439216613769531,1.3089838027954102,1.703299880027771,1.6221904754638672,1.703299880027771,0.029535802514422293,0.013779134410346052,0.25,1.4580049514770508
902684575,XY-Warm-Same-State S2 p2=26,0,spsa,sequential,0,deterministic_linear_ramp,45,120,5,52,1.5404052734375,107,56.68220138549805,7.860407829284668,57.30742645263672,58.49562072753906,55.936439514160156,0.02794770338080444,0.013616187769422706,0.25,1.607720136642456
902684575,XY-Warm-Same-State S2 p2=26,0,spsa,sequential,0,deterministic_linear_ramp,50,120,5,52,1.5404052734375,117,19.275714874267578,2.673060655593872,7.1452531814575195,6.976134777069092,6.976134777069092,0.02656825257641945,0.013472060523173781,0.25,1.7578964233398438
902684575,XY-Warm-Same-State S2 p2=26,0,spsa,sequential,0,deterministic_linear_ramp,55,120,5,52,1.5404052734375,127,9.855956077575684,1.3667752742767334,1.8680742979049683,1.823859453201294,1.8238595724105835,0.025356292744873922,0.01334299625175472,0.24991048872470856,1.9076805114746094
902684575,XY-Warm-Same-State S2 p2=26,0,spsa,sequential,0,deterministic_linear_ramp,60,120,5,52,1.5404052734375,137,11.095983505249023,1.5387359857559204,2.2801451683044434,2.1435468196868896,2.353698492050171,0.02428111498209721,0.013226249755755135,0.25,2.0578534603118896
902684575,XY-Warm-Same-State S2 p2=26,0,spsa,sequential,0,deterministic_linear_ramp,65,120,5,52,1.5404052734375,147,32.111724853515625,4.453095436096191,19.712717056274414,18.774015426635742,19.712717056274414,0.023319292602704832,0.01311975565249048,0.25,2.2070367336273193
902684575,XY-Warm-Same-State S2 p2=26,0,spsa,sequential,0,deterministic_linear_ramp,70,120,5,52,1.5404052734375,157,41.292049407958984,5.726176738739014,31.576486587524414,32.789100646972656,27.938640594482422,0.022452610852783793,0.013021922119457682,0.25,2.353468418121338
902684575,XY-Warm-Same-State S2 p2=26,0,spsa,sequential,0,deterministic_linear_ramp,75,120,5,52,1.4451783895492554,167,29.390640258789062,4.075748443603516,16.5871524810791,15.039017677307129,15.727076530456543,0.021666671475793386,0.01293149713891721,0.25,2.498493194580078
902684575,XY-Warm-Same-State S2 p2=26,0,spsa,sequential,0,deterministic_linear_ramp,80,120,5,52,1.4451783895492554,177,18.76730728149414,2.602557420730591,6.733227252960205,6.612990379333496,6.7733049392700195,0.02094992711226086,0.012847478719003411,0.25,2.6452059745788574
902684575,XY-Warm-Same-State S2 p2=26,0,spsa,sequential,0,deterministic_linear_ramp,85,120,5,52,1.4451783895492554,187,14.439698219299316,2.0024259090423584,4.009709358215332,3.985983371734619,3.985983371734619,0.020292997616858988,0.012769052840860788,0.25,2.7991085052490234
902684575,XY-Warm-Same-State S2 p2=26,0,spsa,sequential,0,deterministic_linear_ramp,90,120,5,52,1.4451783895492554,197,5.900249004364014,0.818217396736145,0.6605664491653442,0.6338268518447876,0.6694796085357666,0.019688176088908296,0.01269554947299621,0.1161651462316513,2.952162265777588
902684575,XY-Warm-Same-State S2 p2=26,0,spsa,sequential,0,deterministic_linear_ramp,95,120,5,52,1.4451783895492554,207,12.458449363708496,1.7276761531829834,2.9804487228393555,2.8259072303771973,2.9142165184020996,0.01912906549973391,0.012626410699612943,0.23831847310066223,3.110536813735962
902684575,XY-Warm-Same-State S2 p2=26,0,spsa,sequential,0,deterministic_linear_ramp,100,120,5,52,1.4451783895492554,217,3.114262580871582,0.4318705201148987,0.1862362176179886,0.18540851771831512,0.18651214241981506,0.018610307057175746,0.012561167176266359,0.05795738473534584,3.262559175491333
902684575,XY-Warm-Same-State S2 p2=26,0,spsa,sequential,0,deterministic_linear_ramp,105,120,5,52,1.4451783895492554,227,14.123626708984375,1.958594799041748,3.6318044662475586,3.6318039894104004,3.6318042278289795,0.018127374188433427,0.01249942043693397,0.25,3.419196605682373
902684575,XY-Warm-Same-State S2 p2=26,0,spsa,sequential,0,deterministic_linear_ramp,110,120,5,52,1.4451783895492554,237,14.343297004699707,1.9890574216842651,3.4822897911071777,3.5817837715148926,3.3710901737213135,0.017676414231649926,0.012440829393713411,0.25,3.569244384765625
902684575,XY-Warm-Same-State S2 p2=26,0,spsa,sequential,0,deterministic_linear_ramp,115,120,5,52,1.4451783895492554,247,8.594637870788574,1.1918619871139526,1.3869125843048096,1.3869127035140991,1.3869125843048096,0.017254125332041122,0.012385099893453082,0.14829295873641968,3.723637819290161
902684575,XY-Warm-Same-State S2 p2=26,0,spsa,sequential,0,deterministic_linear_ramp,120,120,5,52,1.4451783895492554,257,5.259634971618652,0.7293801307678223,0.5249125361442566,0.5036642551422119,0.5319953560829163,0.016857659668146306,0.012331976538504544,0.08866513520479202,3.876375913619995
902684575,XY-Warm-Same-State S2 p2=26,0,spsa,sequential,1,random_shared_stream,1,120,5,52,1.9108892679214478,19,0.14024870097637177,0.01944899559020996,0.0003424515307415277,0.00035811919951811433,0.000322307285387069,2.535375873663531,0.02,0.25,4.1952502727508545
902684575,XY-Warm-Same-State S2 p2=26,0,spsa,sequential,1,random_shared_stream,5,120,5,52,1.9098091125488281,27,0.018659677356481552,0.002587632043287158,6.685933385597309e-06,6.537357421620982e-06,6.656217919953633e-06,2.1572774346776273,0.016999416915812672,0.040254101157188416,4.320091724395752
902684575,XY-Warm-Same-State S2 p2=26,0,spsa,sequential,1,random_shared_stream,10,120,5,52,1.9098091125488281,37,0.14114728569984436,0.019573606550693512,0.0003740579995792359,0.0003740579995792359,0.0003740579995792359,1.847131427479207,0.015850026609609436,0.25,4.4710915088653564
902684575,XY-Warm-Same-State S2 p2=26,0,spsa,sequential,1,random_shared_stream,15,120,5,52,1.9098091125488281,47,0.23194240033626556,0.032164622098207474,0.001028441241942346,0.001028441241942346,0.0009794678771868348,1.6328837436099937,0.015214047873475552,0.25,4.6274733543396
902684575,XY-Warm-Same-State S2 p2=26,0,spsa,sequential,1,random_shared_stream,20,120,5,52,1.9091500043869019,57,0.26771923899650574,0.03712598234415054,0.0013599875383079052,0.0013701824937015772,0.001345715019851923,1.474130610478301,0.014778350620464044,0.25,4.778377056121826
902684575,XY-Warm-Same-State S2 p2=26,0,spsa,sequential,1,random_shared_stream,25,120,5,52,1.9091500043869019,67,0.17961262166500092,0.02490779012441635,0.0006121381302364171,0.0006057139253243804,0.0005286230589263141,1.3507619349072042,0.014449008773880907,0.24261386692523956,4.936053514480591
902684575,XY-Warm-Same-State S2 p2=26,0,spsa,sequential,1,random_shared_stream,30,120,5,52,1.9091500043869019,77,0.2754562497138977,0.038198914378881454,0.0014569981722161174,0.0014591568615287542,0.0014505229191854596,1.2515268709718825,0.014185372641231635,0.25,5.088277101516724
902684575,XY-Warm-Same-State S2 p2=26,0,spsa,sequential,1,random_shared_stream,35,120,5,52,1.9091500043869019,87,0.00966345239430666,0.0013400798197835684,1.7931571392182377e-06,1.7851875782071147e-06,1.7958136595552787e-06,1.1695891773146494,0.013966227856027484,0.01130226906388998,5.242355108261108
902684575,XY-Warm-Same-State S2 p2=26,0,spsa,sequential,1,random_shared_stream,40,120,5,52,1.9091500043869019,97,0.07745269685983658,0.01074075698852539,0.00011519319377839565,0.00011468122829683125,0.00011263335181865841,1.1005308940082255,0.013779134410346052,0.08523908257484436,5.3942790031433105
902684575,XY-Warm-Same-State S2 p2=26,0,spsa,sequential,1,random_shared_stream,45,120,5,52,1.9091500043869019,107,0.2916111946105957,0.040439195930957794,0.0016256519593298435,0.0016256520757451653,0.0016256519593298435,1.041356874326833,0.013616187769422706,0.25,5.5483458042144775
902684575,XY-Warm-Same-State S2 p2=26,0,spsa,sequential,1,random_shared_stream,50,120,5,52,1.9091500043869019,117,0.21487471461296082,0.029797764495015144,0.0008865931304171681,0.0008879065862856805,0.0008826528210192919,0.9899572813667679,0.013472060523173781,0.21271678805351257,5.700751066207886
902684575,XY-Warm-Same-State S2 p2=26,0,spsa,sequential,1,random_shared_stream,55,120,5,52,1.9091500043869019,127,0.19656246900558472,0.027258312329649925,0.0007430156110785902,0.0007254293886944652,0.0007254292722791433,0.9447985545550767,0.01334299625175472,0.18571193516254425,5.857231378555298
902684575,XY-Warm-Same-State S2 p2=26,0,spsa,sequential,1,random_shared_stream,60,120,5,52,1.9091500043869019,137,0.36166054010391235,0.050153300166130066,0.002481864532455802,0.0025004693306982517,0.0022772131487727165,0.9047364521656585,0.013226249755755135,0.25,6.008548736572266
902684575,XY-Warm-Same-State S2 p2=26,0,spsa,sequential,1,random_shared_stream,65,120,5,52,1.9091500043869019,147,0.06752024590969086,0.009363374672830105,8.754307054914534e-05,8.715398871572688e-05,8.559766865801066e-05,0.8688980745711122,0.01311975565249048,0.058668214827775955,6.16299843788147
902684575,XY-Warm-Same-State S2 p2=26,0,spsa,sequential,1,random_shared_stream,70,120,5,52,1.9091500043869019,157,0.4999907612800598,0.06933625042438507,0.004779067821800709,0.004807514604181051,0.004693727474659681,0.8366047234561232,0.013021922119457682,0.25,6.316750526428223
902684575,XY-Warm-Same-State S2 p2=26,0,spsa,sequential,1,random_shared_stream,75,120,5,52,1.9091500043869019,167,0.4270731806755066,0.05922439694404602,0.003507528454065323,0.0035075286868959665,0.0035075286868959665,0.8073199066723855,0.01293149713891721,0.25,6.4696173667907715
902684575,XY-Warm-Same-State S2 p2=26,0,spsa,sequential,1,random_shared_stream,80,120,5,52,1.9091500043869019,177,0.18754996359348297,0.026008501648902893,0.000667436164803803,0.0006404184969142079,0.0006764420541003346,0.780613359092084,0.012847478719003411,0.14640399813652039,6.622895240783691
902684575,XY-Warm-Same-State S2 p2=26,0,spsa,sequential,1,random_shared_stream,85,120,5,52,1.9091500043869019,187,0.14033143222332,0.019460469484329224,0.0003764689899981022,0.00037646896089427173,0.0003764689899981022,0.7561355679597127,0.012769052840860788,0.10610958933830261,6.773475646972656
902684575,XY-Warm-Same-State S2 p2=26,0,spsa,sequential,1,random_shared_stream,90,120,5,52,1.9091500043869019,197,0.40525132417678833,0.056198250502347946,0.0031535709276795387,0.0031395552214235067,0.0031582429073750973,0.7335993671388286,0.01269554947299621,0.25,6.930179834365845
902684575,XY-Warm-Same-State S2 p2=26,0,spsa,sequential,1,random_shared_stream,95,120,5,52,1.9091500043869019,207,0.28642067313194275,0.03971940279006958,0.0015192865394055843,0.0013442535419017076,0.0015776308719068766,0.712766397516517,0.012626410699612943,0.20415104925632477,7.078514099121094
902684575,XY-Warm-Same-State S2 p2=26,0,spsa,sequential,1,random_shared_stream,100,120,5,52,1.9084869623184204,217,0.40178510546684265,0.055717576295137405,0.0028105357196182013,0.003030969761312008,0.002443145029246807,0.693436985617718,0.012561167176266359,0.25,7.235311985015869
902684575,XY-Warm-Same-State S2 p2=26,0,spsa,sequential,1,random_shared_stream,105,120,5,52,1.9084869623184204,227,0.32045072317123413,0.04443851858377457,0.0019017501035705209,0.0017878202488645911,0.0019630969036370516,0.6754424672184491,0.01249942043693397,0.21644601225852966,7.389455318450928
902684575,XY-Warm-Same-State S2 p2=26,0,spsa,sequential,1,random_shared_stream,110,120,5,52,1.9084869623184204,237,0.32151076197624207,0.044585518538951874,0.0019761058501899242,0.0019761058501899242,0.0018820055993273854,0.6586392886300727,0.012440829393713411,0.21175962686538696,7.5411152839660645
902684575,XY-Warm-Same-State S2 p2=26,0,spsa,sequential,1,random_shared_stream,115,120,5,52,1.9084869623184204,247,0.09637361019849777,0.013364615850150585,0.00017834872414823622,0.00017861292872112244,0.00017755605222191662,0.6429044197369965,0.012385099893453082,0.06195901706814766,7.690387964248657
902684575,XY-Warm-Same-State S2 p2=26,0,spsa,sequential,1,random_shared_stream,120,120,5,52,1.9084869623184204,257,0.14544455707073212,0.020169533789157867,0.0003971813421230763,0.00040681002428755164,0.00036829544114880264,0.6281317481186557,0.012331976538504544,0.09135834872722626,7.845688819885254
902684575,XY-Warm-Same-State S2 p2=26,0,spsa,sequential,2,random_shared_stream,1,120,5,52,1.911036491394043,19,0.6259183883666992,0.0867992639541626,0.007522967178374529,0.007534112315624952,0.007489531766623259,2.7900993243945535,0.02,0.25,8.165183544158936
902684575,XY-Warm-Same-State S2 p2=26,0,spsa,sequential,2,random_shared_stream,5,120,5,52,1.9110063314437866,27,0.11736887693405151,0.016276134178042412,0.00025511550484225154,0.0002508047909941524,0.0002586424525361508,2.3740141947191398,0.016999416915812672,0.25,8.28970718383789
902684575,XY-Warm-Same-State S2 p2=26,0,spsa,sequential,2,random_shared_stream,10,120,5,52,1.9105702638626099,37,0.5133096575737,0.07118324190378189,0.005067053250968456,0.005067053716629744,0.005067053716629744,2.0327085231866593,0.015850026609609436,0.25,8.441679000854492
902684575,XY-Warm-Same-State S2 p2=26,0,spsa,sequential,2,random_shared_stream,15,120,5,52,1.910197377204895,47,0.06853742152452469,0.009504429996013641,8.69934301590547e-05,8.178184361895546e-05,8.979966514743865e-05,1.7969358615367599,0.015214047873475552,0.12315735965967178,8.593221187591553
902684575,XY-Warm-Same-State S2 p2=26,0,spsa,sequential,2,random_shared_stream,20,120,5,52,1.908765196800232,57,0.5580077767372131,0.07738175988197327,0.0059790778905153275,0.005952504463493824,0.005846209358423948,1.6222331619894041,0.014778350620464044,0.25,8.749188423156738
902684575,XY-Warm-Same-State S2 p2=26,0,spsa,sequential,2,random_shared_stream,25,120,5,52,1.908765196800232,67,0.12505654990673065,0.01734222285449505,0.0002847362484317273,0.00027227908140048385,0.00029363430803641677,1.48646991601949,0.014449008773880907,0.18589279055595398,8.898499250411987
902684575,XY-Warm-Same-State S2 p2=26,0,spsa,sequential,2,random_shared_stream,30,120,5,52,1.908765196800232,77,0.4724661409854889,0.06551926583051682,0.004064164590090513,0.004191169980913401,0.0038863574154675007,1.3772649307870182,0.014185372641231635,0.25,9.05388617515564
902684575,XY-Warm-Same-State S2 p2=26,0,spsa,sequential,2,random_shared_stream,35,120,5,52,1.908765196800232,87,0.20157839357852936,0.027953894808888435,0.0007525215623900294,0.0007629249594174325,0.0007398060406558216,1.2870951433049145,0.013966227856027484,0.25,9.20621109008789
902684575,XY-Warm-Same-State S2 p2=26,0,spsa,sequential,2,random_shared_stream,40,120,5,52,1.908765196800232,97,0.005271649919450283,0.0007310463115572929,5.217794978307211e-07,5.059680461272364e-07,5.312664370649145e-07,1.211098731254702,0.013779134410346052,0.00638448866084218,9.360187768936157
902684575,XY-Warm-Same-State S2 p2=26,0,spsa,sequential,2,random_shared_stream,45,120,5,52,1.908765196800232,107,0.04892805218696594,0.006785100791603327,4.5424658310366794e-05,4.4947937567485496e-05,4.5765176764689386e-05,1.1459796323274896,0.013616187769422706,0.05607055500149727,9.514446258544922
902684575,XY-Warm-Same-State S2 p2=26,0,spsa,sequential,2,random_shared_stream,50,120,5,52,1.908765196800232,117,0.05292905494570732,0.007339939009398222,5.3795010899193585e-05,4.877413812209852e-05,5.10056343046017e-05,1.0894160391018386,0.013472060523173781,0.0576617568731308,9.670026779174805
902684575,XY-Warm-Same-State S2 p2=26,0,spsa,sequential,2,random_shared_stream,55,120,5,52,1.9085478782653809,127,0.4692115783691406,0.06506793946027756,0.004133627284318209,0.004133627284318209,0.004133627284318209,1.0397203176600487,0.01334299625175472,0.25,9.82172417640686
902684575,XY-Warm-Same-State S2 p2=26,0,spsa,sequential,2,random_shared_stream,60,120,5,52,1.9085478782653809,137,0.17857174575328827,0.0247634444385767,0.0006095996359363198,0.0005987138720229268,0.0006132281851023436,0.995633266910833,0.013226249755755135,0.17779196798801422,9.978477478027344
902684575,XY-Warm-Same-State S2 p2=26,0,spsa,sequential,2,random_shared_stream,65,120,5,52,1.9085478782653809,147,0.1459171175956726,0.02023506537079811,0.00040703496779315174,0.00039976651896722615,0.0004094578034710139,0.9561942889854597,0.01311975565249048,0.13952511548995972,10.129288911819458
902684575,XY-Warm-Same-State S2 p2=26,0,spsa,sequential,2,random_shared_stream,70,120,5,52,1.9085478782653809,157,0.551151692867279,0.07643099129199982,0.005418258719146252,0.0055305990390479565,0.0052886358462274075,0.9206564982916587,0.013021922119457682,0.25,10.287193298339844
902684575,XY-Warm-Same-State S2 p2=26,0,spsa,sequential,2,random_shared_stream,75,120,5,52,1.9085478782653809,167,0.06999891996383667,0.009707103483378887,9.367029269924387e-05,9.422785660717636e-05,9.199760825140402e-05,0.8884295025345128,0.01293149713891721,0.06218910589814186,10.439451456069946
902684575,XY-Warm-Same-State S2 p2=26,0,spsa,sequential,2,random_shared_stream,80,120,5,52,1.9085478782653809,177,0.09655176848173141,0.013389321975409985,0.0001768871588865295,0.000169726787135005,0.00017927393491845578,0.8590398088268733,0.012847478719003411,0.08294180780649185,10.595409870147705
902684575,XY-Warm-Same-State S2 p2=26,0,spsa,sequential,2,random_shared_stream,85,120,5,52,1.9085478782653809,187,0.3531680405139923,0.04897559806704521,0.0023844162933528423,0.002398609183728695,0.0023418371565639973,0.8321027896611841,0.012769052840860788,0.25,10.747961282730103
902684575,XY-Warm-Same-State S2 p2=26,0,spsa,sequential,2,random_shared_stream,90,120,5,52,1.9085478782653809,197,0.12066129595041275,0.01673271134495735,0.00027956944541074336,0.0002650732349138707,0.0002733567962422967,0.8073024279720465,0.01269554947299621,0.0974101573228836,10.903486490249634
902684575,XY-Warm-Same-State S2 p2=26,0,spsa,sequential,2,random_shared_stream,95,120,5,52,1.9085478782653809,207,0.12986628711223602,0.018009213730692863,0.00030705967219546437,0.00030705967219546437,0.00030705967219546437,0.7843764172482981,0.012626410699612943,0.1018640547990799,11.057610750198364
902684575,XY-Warm-Same-State S2 p2=26,0,spsa,sequential,2,random_shared_stream,100,120,5,52,1.9085478782653809,217,0.29724982380867004,0.04122113436460495,0.0016891275299713016,0.0016589646693319082,0.0016991819720715284,0.7631050232747272,0.012561167176266359,0.22683285176753998,11.209436416625977
902684575,XY-Warm-Same-State S2 p2=26,0,spsa,sequential,2,random_shared_stream,105,120,5,52,1.9085478782653809,227,0.03916658088564873,0.0054314276203513145,2.932584538939409e-05,2.9325847208383493e-05,2.7929376301472075e-05,0.7433026365161679,0.01249942043693397,0.029112622141838074,11.360426425933838
902684575,XY-Warm-Same-State S2 p2=26,0,spsa,sequential,2,random_shared_stream,110,120,5,52,1.9085478782653809,237,0.0976693406701088,0.013544300571084023,0.00018317670037504286,0.00017910612223204225,0.00018236259347759187,0.7248112807712044,0.012440829393713411,0.07079184055328369,11.511467218399048
902684575,XY-Warm-Same-State S2 p2=26,0,spsa,sequential,2,random_shared_stream,115,120,5,52,1.9085478782653809,247,0.097067691385746,0.013460868038237095,0.00016806098574306816,0.00017154550005216151,0.000164040393428877,0.707495565368197,0.012385099893453082,0.0686749592423439,11.663185834884644
902684575,XY-Warm-Same-State S2 p2=26,0,spsa,sequential,2,random_shared_stream,120,120,5,52,1.9085478782653809,257,0.24791449308395386,0.03437955304980278,0.0010962795931845903,0.0010700528509914875,0.0011190094519406557,0.6912387170128966,0.012331976538504544,0.1713680773973465,11.816258430480957
902684575,XY-Warm-Same-State S2 p2=26,0,spsa,sequential,3,random_shared_stream,1,120,5,52,1.9112303256988525,19,0.23403437435626984,0.032454729080200195,0.00104707689024508,0.00104707689024508,0.000997216091491282,2.206621093300452,0.02,0.25,12.135497570037842
902684575,XY-Warm-Same-State S2 p2=26,0,spsa,sequential,3,random_shared_stream,5,120,5,52,1.9094347953796387,27,0.20937775075435638,0.029035473242402077,0.0008231044630520046,0.0007632424240000546,0.0008430585730820894,1.877549573973929,0.016999416915812672,0.25,12.25984263420105
902684575,XY-Warm-Same-State S2 p2=26,0,spsa,sequential,3,random_shared_stream,10,120,5,52,1.9094347953796387,37,0.13832704722881317,0.019182510673999786,0.0003592594002839178,0.0003483727341517806,0.0003657914057839662,1.6076192931836293,0.015850026609609436,0.2223772406578064,12.412173986434937
902684575,XY-Warm-Same-State S2 p2=26,0,spsa,sequential,3,random_shared_stream,15,120,5,52,1.9094347953796387,47,0.5825963616371155,0.08079158514738083,0.006488656159490347,0.006372787058353424,0.006527279037982225,1.4211524803818467,0.015214047873475552,0.25,12.565786361694336
902684575,XY-Warm-Same-State S2 p2=26,0,spsa,sequential,3,random_shared_stream,20,120,5,52,1.9094347953796387,57,0.22990989685058594,0.031882770359516144,0.0010165107669308782,0.0010104960529133677,0.001010495936498046,1.2829844020961823,0.014778350620464044,0.25,12.717996597290039
902684575,XY-Warm-Same-State S2 p2=26,0,spsa,sequential,3,random_shared_stream,25,120,5,52,1.9094347953796387,67,0.15126368403434753,0.02097649872303009,0.00043740987894125283,0.0004400135367177427,0.0004295989638194442,1.175612582163873,0.014449008773880907,0.17782749235630035,12.868686437606812
902684575,XY-Warm-Same-State S2 p2=26,0,spsa,sequential,3,random_shared_stream,30,120,5,52,1.9094347953796387,77,0.015574142336845398,0.002159744966775179,4.4919947868038435e-06,4.55409553978825e-06,4.416092906467384e-06,1.0892450389726183,0.014185372641231635,0.016964057460427284,13.022561311721802
902684575,XY-Warm-Same-State S2 p2=26,0,spsa,sequential,3,random_shared_stream,35,120,5,52,1.9094347953796387,87,0.2871953547000885,0.039826828986406326,0.0015486336778849363,0.001436005812138319,0.0015861764550209045,1.0179319666039113,0.013966227856027484,0.25,13.173142910003662
902684575,XY-Warm-Same-State S2 p2=26,0,spsa,sequential,3,random_shared_stream,40,120,5,52,1.9094347953796387,97,0.05858081579208374,0.008123697713017464,6.589683471247554e-05,6.443246093112975e-05,6.560396286658943e-05,0.9578282690835583,0.013779134410346052,0.05611036345362663,13.326663494110107
902684575,XY-Warm-Same-State S2 p2=26,0,spsa,sequential,3,random_shared_stream,45,120,5,52,1.9094347953796387,107,0.33558329939842224,0.04653703421354294,0.001960658933967352,0.0020503622945398092,0.0018453261582180858,0.9063271716089418,0.013616187769422706,0.25,13.48344898223877
902684575,XY-Warm-Same-State S2 p2=26,0,spsa,sequential,3,random_shared_stream,50,120,5,52,1.9094347953796387,117,0.6255454421043396,0.08674755692481995,0.007246841210871935,0.007525136694312096,0.0064119515009224415,0.8615924136620461,0.013472060523173781,0.25,13.638349056243896
902684575,XY-Warm-Same-State S2 p2=26,0,spsa,sequential,3,random_shared_stream,55,120,5,52,1.9087401628494263,127,0.337429016828537,0.04679299145936966,0.0021863447036594152,0.0020729785319417715,0.0021377592347562313,0.822289286987861,0.01334299625175472,0.25,13.790409326553345
902684575,XY-Warm-Same-State S2 p2=26,0,spsa,sequential,3,random_shared_stream,60,120,5,52,1.9087401628494263,137,0.07919550687074661,0.01098244171589613,0.00012043557944707572,0.00012061400775564834,0.0001199003163492307,0.7874219203410706,0.013226249755755135,0.06236027553677559,13.94674277305603
902684575,XY-Warm-Same-State S2 p2=26,0,spsa,sequential,3,random_shared_stream,65,120,5,52,1.9087401628494263,147,0.3721640110015869,0.051609866321086884,0.002659637713804841,0.0026005348190665245,0.0026478171348571777,0.7562306004380688,0.01311975565249048,0.25,14.098305225372314
902684575,XY-Warm-Same-State S2 p2=26,0,spsa,sequential,3,random_shared_stream,70,120,5,52,1.9087401628494263,157,0.11981558054685593,0.016615431755781174,0.00027566414792090654,0.0002744389930739999,0.0002695383154787123,0.7281246337907151,0.013021922119457682,0.08724067360162735,14.25394606590271
902684575,XY-Warm-Same-State S2 p2=26,0,spsa,sequential,3,random_shared_stream,75,120,5,52,1.9087401628494263,167,0.1340150237083435,0.018584540113806725,0.00034487422090023756,0.00034334140946157277,0.00033721033832989633,0.7026370936197738,0.01293149713891721,0.0941639170050621,14.405328035354614
902684575,XY-Warm-Same-State S2 p2=26,0,spsa,sequential,3,random_shared_stream,80,120,5,52,1.9087401628494263,177,0.5104597806930542,0.07078804075717926,0.004981295205652714,0.0047440906055271626,0.004981295205652714,0.6793935060191818,0.012847478719003411,0.25,14.560587644577026
902684575,XY-Warm-Same-State S2 p2=26,0,spsa,sequential,3,random_shared_stream,85,120,5,52,1.9087401628494263,187,0.5538867712020874,0.07681027799844742,0.005681630689650774,0.005864908453077078,0.005341256037354469,0.6580896785310524,0.012769052840860788,0.25,14.71038293838501
902684575,XY-Warm-Same-State S2 p2=26,0,spsa,sequential,3,random_shared_stream,90,120,5,52,1.9087401628494263,197,0.19531285762786865,0.027085021138191223,0.0007325130864046514,0.0007162349647842348,0.0007292573573067784,0.6384756810126643,0.01269554947299621,0.12470249831676483,14.866894483566284
902684575,XY-Warm-Same-State S2 p2=26,0,spsa,sequential,3,random_shared_stream,95,120,5,52,1.9087401628494263,207,0.17371104657649994,0.024089390411973,0.0005725728115066886,0.0005665637436322868,0.0005768649862147868,0.6203440616807131,0.012626410699612943,0.10776061564683914,15.0172700881958
902684575,XY-Warm-Same-State S2 p2=26,0,spsa,sequential,3,random_shared_stream,100,120,5,52,1.9087401628494263,217,0.011736697517335415,0.0016275871312245727,2.6490392883715685e-06,2.649039515745244e-06,2.649039515745244e-06,0.6035210381361406,0.012561167176266359,0.007083343807607889,15.171724557876587
902684575,XY-Warm-Same-State S2 p2=26,0,spsa,sequential,3,random_shared_stream,105,120,5,52,1.9087401628494263,227,0.3116133213043213,0.04321299493312836,0.001690570847131312,0.0014695812715217471,0.0018231647554785013,0.5878598163519977,0.01249942043693397,0.1831849366426468,15.323558568954468
902684575,XY-Warm-Same-State S2 p2=26,0,spsa,sequential,3,random_shared_stream,110,120,5,52,1.9087401628494263,237,0.11587654054164886,0.016069184988737106,0.0002486692101228982,0.0002566907787695527,0.000233771963394247,0.5732354568269427,0.012440829393713411,0.06642454117536545,15.478723764419556
902684575,XY-Warm-Same-State S2 p2=26,0,spsa,sequential,3,random_shared_stream,115,120,5,52,1.9087401628494263,247,0.5941361784934998,0.08239187300205231,0.006778377573937178,0.006426905747503042,0.006627746857702732,0.559540882400939,0.012385099893453082,0.25,15.62938642501831
902684575,XY-Warm-Same-State S2 p2=26,0,spsa,sequential,3,random_shared_stream,120,120,5,52,1.9087401628494263,257,0.4222527742385864,0.058555927127599716,0.0033476410899311304,0.0034085074439644814,0.0032461972441524267,0.5466837399409025,0.012331976538504544,0.23083873093128204,15.782425880432129
902684575,XY-Warm-Same-State S2 p2=26,0,spsa,sequential,4,continuation,1,120,5,52,-0.02566317468881607,19,20.66023826599121,2.8650596141815186,7.771423816680908,7.431424140930176,8.014281272888184,0.021320474335496505,0.02,0.25,16.108404397964478
902684575,XY-Warm-Same-State S2 p2=26,0,spsa,sequential,4,continuation,5,120,5,52,-0.02566317468881607,27,9.762734413146973,1.3538477420806885,1.830191969871521,1.8220577239990234,1.8329033851623535,0.018140970204204902,0.016999416915812672,0.17710545659065247,16.23431921005249
902684575,XY-Warm-Same-State S2 p2=26,0,spsa,sequential,4,continuation,10,120,5,52,-0.02566317468881607,37,29.364748001098633,4.072157859802246,15.969212532043457,16.189985275268555,15.699380874633789,0.015532891435522823,0.015850026609609436,0.25,16.389503240585327
902684575,XY-Warm-Same-State S2 p2=26,0,spsa,sequential,4,continuation,15,120,5,52,-0.02566317468881607,47,6.749495029449463,0.9359866380691528,0.8644071817398071,0.8294161558151245,0.8760709166526794,0.013731240527339048,0.015214047873475552,0.09267893433570862,16.542011737823486
902684575,XY-Warm-Same-State S2 p2=26,0,spsa,sequential,4,continuation,20,120,5,52,-0.02566317468881607,57,48.0101318359375,6.65780782699585,44.26082992553711,41.965816497802734,43.27724838256836,0.012396254210015159,0.014778350620464044,0.25,16.69538402557373
902684575,XY-Warm-Same-State S2 p2=26,0,spsa,sequential,4,continuation,25,120,5,52,-0.02566317468881607,67,117.37406158447266,16.276853561401367,261.4087219238281,239.85328674316406,263.3683166503906,0.011358822755121217,0.014449008773880907,0.25,16.847456455230713
902684575,XY-Warm-Same-State S2 p2=26,0,spsa,sequential,4,continuation,30,120,5,52,-0.02566317468881607,77,116.89351654052734,16.210214614868164,262.38232421875,248.77732849121094,237.89332580566406,0.010524335586653681,0.014185372641231635,0.25,16.998042345046997
902684575,XY-Warm-Same-State S2 p2=26,0,spsa,sequential,4,continuation,35,120,5,52,-0.02566317468881607,87,249.09286499023438,34.542964935302734,1106.7259521484375,1186.156005859375,939.0401611328125,0.009835305406602102,0.013966227856027484,0.25,17.154818058013916
902684575,XY-Warm-Same-State S2 p2=26,0,spsa,sequential,4,continuation,40,120,5,52,-0.02566317468881607,97,76.21697998046875,10.569395065307617,111.71210479736328,111.05106353759766,111.05106353759766,0.009254580721090064,0.013779134410346052,0.25,17.306029319763184
902684575,XY-Warm-Same-State S2 p2=26,0,spsa,sequential,4,continuation,45,120,5,52,-0.02566317468881607,107,47.87212371826172,6.638669013977051,43.48516845703125,43.81114959716797,43.02880096435547,0.008756974752266873,0.013616187769422706,0.25,17.462519884109497
902684575,XY-Warm-Same-State S2 p2=26,0,spsa,sequential,4,continuation,50,120,5,52,-0.02566317468881607,117,1.8029059171676636,0.25001806020736694,0.06167680397629738,0.05918014422059059,0.06250903010368347,0.008324745466683053,0.013472060523173781,0.015008732676506042,17.613515615463257
902684575,XY-Warm-Same-State S2 p2=26,0,spsa,sequential,4,continuation,55,120,5,52,-0.02566317468881607,127,51.5011100769043,7.141918659210205,50.93155288696289,50.70518493652344,51.00700378417969,0.007944996851886488,0.01334299625175472,0.25,17.769131422042847
902684575,XY-Warm-Same-State S2 p2=26,0,spsa,sequential,4,continuation,60,120,5,52,-0.02566317468881607,137,298.2467346191406,41.35938262939453,1548.64794921875,1619.5013427734375,1457.551025390625,0.007608106754172724,0.013226249755755135,0.25,17.919854402542114
902684575,XY-Warm-Same-State S2 p2=26,0,spsa,sequential,4,continuation,65,120,5,52,-0.02566317468881607,147,57.45956802368164,7.9682087898254395,61.989566802978516,60.11109161376953,63.11664581298828,0.007306734788908154,0.01311975565249048,0.25,18.074421405792236
902684575,XY-Warm-Same-State S2 p2=26,0,spsa,sequential,4,continuation,70,120,5,52,-0.02566317468881607,157,143.90499877929688,19.956031799316406,369.37646484375,395.88671875,313.41033935546875,0.007035173648484652,0.013021922119457682,0.25,18.22609043121338
902684575,XY-Warm-Same-State S2 p2=26,0,spsa,sequential,4,continuation,75,120,5,52,-0.02566317468881607,167,7.776793479919434,1.0784472227096558,1.120036244392395,1.1011109352111816,1.135520577430725,0.006788911864919121,0.01293149713891721,0.05279596522450447,18.38221025466919
902684575,XY-Warm-Same-State S2 p2=26,0,spsa,sequential,4,continuation,80,120,5,52,-0.02566317468881607,177,185.9406280517578,25.78532600402832,616.6889038085938,660.9488525390625,523.251220703125,0.006564331254134663,0.012847478719003411,0.25,18.534727811813354
902684575,XY-Warm-Same-State S2 p2=26,0,spsa,sequential,4,continuation,85,120,5,52,-0.02566317468881607,187,158.44332885742188,21.972135543823242,471.3481140136719,457.06488037109375,479.9180908203125,0.006358492694634107,0.012769052840860788,0.25,18.690816402435303
902684575,XY-Warm-Same-State S2 p2=26,0,spsa,sequential,4,continuation,90,120,5,52,-0.02566317468881607,197,22.66587257385254,3.143190860748291,9.821189880371094,9.645812034606934,9.87964916229248,0.006168981349901234,0.01269554947299621,0.13982534408569336,18.842628002166748
902684575,XY-Warm-Same-State S2 p2=26,0,spsa,sequential,4,continuation,95,120,5,52,-0.02566317468881607,207,28.71120834350586,3.9815282821655273,15.266302108764648,15.477356910705566,15.008346557617188,0.005993792811279203,0.012626410699612943,0.17208902537822723,18.998507976531982
902684575,XY-Warm-Same-State S2 p2=26,0,spsa,sequential,4,continuation,100,120,5,52,-0.02566317468881607,217,0.5181939601898193,0.07186057418584824,0.0049729677848517895,0.004400045145303011,0.005163941998034716,0.005831247985247906,0.012561167176266359,0.0030217175371944904,19.147819757461548
902684575,XY-Warm-Same-State S2 p2=26,0,spsa,sequential,4,continuation,105,120,5,52,-0.02566317468881607,227,6.059953689575195,0.840364396572113,0.7020335793495178,0.7020335793495178,0.6686033606529236,0.005679928541177917,0.01249942043693397,0.03442010283470154,19.304487705230713
902684575,XY-Warm-Same-State S2 p2=26,0,spsa,sequential,4,continuation,110,120,5,52,-0.02566317468881607,237,31.494892120361328,4.367555618286133,19.075542449951172,18.962669372558594,18.962669372558594,0.005538627307869822,0.012440829393713411,0.1744384765625,19.454737424850464
902684575,XY-Warm-Same-State S2 p2=26,0,spsa,sequential,4,continuation,115,120,5,52,-0.02566317468881607,247,25.203798294067383,3.495137929916382,12.197919845581055,12.21599006652832,12.143705368041992,0.005406309700886174,0.012385099893453082,0.1362595409154892,19.60871934890747
902684575,XY-Warm-Same-State S2 p2=26,0,spsa,sequential,4,continuation,120,120,5,52,-0.02566317468881607,257,1.9414565563201904,0.2692316174507141,0.07237841933965683,0.07205674052238464,0.07248564809560776,0.005282083400014089,0.012331976538504544,0.01025493536144495,19.76171040534973
902684575,XY-Warm-Same-State S2 p2=30,0,spsa,sequential,0,deterministic_linear_ramp,1,120,5,60,2.2773897647857666,19,6.950457572937012,0.8973002433776855,0.8051477670669556,0.8015692234039307,0.8015692234039307,0.018868940726578815,0.02,0.13114775717258453,0.3390922546386719
902684575,XY-Warm-Same-State S2 p2=30,0,spsa,sequential,0,deterministic_linear_ramp,5,120,5,60,2.0213329792022705,27,12.456485748291016,1.6081255674362183,2.4826247692108154,2.4826247692108154,2.4826247692108154,0.016055031708927657,0.016999416915812672,0.19998928904533386,0.4774172306060791
902684575,XY-Warm-Same-State S2 p2=30,0,spsa,sequential,0,deterministic_linear_ramp,10,120,5,60,1.6702532768249512,37,12.979625701904297,1.6756625175476074,2.80472469329834,2.695530414581299,2.757927179336548,0.013746842738920633,0.015850026609609436,0.17842885851860046,0.6491398811340332
902684575,XY-Warm-Same-State S2 p2=30,0,spsa,sequential,0,deterministic_linear_ramp,15,120,5,60,1.3061926364898682,47,2.0016658306121826,0.25841397047042847,0.0667777732014656,0.0667777732014656,0.0667777732014656,0.012152354564710187,0.015214047873475552,0.024324949830770493,0.8175413608551025
902684575,XY-Warm-Same-State S2 p2=30,0,spsa,sequential,0,deterministic_linear_ramp,20,120,5,60,1.2886736392974854,57,73.63314056396484,9.505998611450195,89.96237182617188,83.93811798095703,88.75752258300781,0.01097087157816895,0.014778350620464044,0.25,0.987548828125
902684575,XY-Warm-Same-State S2 p2=30,0,spsa,sequential,0,deterministic_linear_ramp,25,120,5,60,1.2886736392974854,67,52.604156494140625,6.791167736053467,46.11995315551758,45.91497802734375,45.914974212646484,0.010052729124007346,0.014449008773880907,0.25,1.158409595489502
902684575,XY-Warm-Same-State S2 p2=30,0,spsa,sequential,0,deterministic_linear_ramp,30,120,5,60,1.2886736392974854,77,10.87232780456543,1.4036115407943726,1.9679360389709473,1.9351005554199219,1.9613687992095947,0.009314195418277866,0.014185372641231635,0.10126698017120361,1.3290367126464844
902684575,XY-Warm-Same-State S2 p2=30,0,spsa,sequential,0,deterministic_linear_ramp,35,120,5,60,1.2886736392974854,87,27.086702346801758,3.496878147125244,12.173810005187988,11.358598709106445,12.010767936706543,0.00870439333687805,0.013966227856027484,0.23577329516410828,1.499189853668213
902684575,XY-Warm-Same-State S2 p2=30,0,spsa,sequential,0,deterministic_linear_ramp,40,120,5,60,1.2886736392974854,97,2.1004114151000977,0.2711619436740875,0.07279351353645325,0.07320200651884079,0.07222162187099457,0.00819044324848136,0.013779134410346052,0.017203299328684807,1.668976068496704
902684575,XY-Warm-Same-State S2 p2=30,0,spsa,sequential,0,deterministic_linear_ramp,45,120,5,60,1.2886736392974854,107,14.871541023254395,1.9199076890945435,3.6491849422454834,3.6205153465270996,3.6696629524230957,0.007750054475550338,0.013616187769422706,0.11525524407625198,1.8393807411193848
902684575,XY-Warm-Same-State S2 p2=30,0,spsa,sequential,0,deterministic_linear_ramp,50,120,5,60,1.2886736392974854,117,5.9374494552612305,0.7665215134620667,0.5875550508499146,0.5849437117576599,0.5849437117576599,0.007367525051409239,0.013472060523173781,0.04374430701136589,2.008899688720703
902684575,XY-Warm-Same-State S2 p2=30,0,spsa,sequential,0,deterministic_linear_ramp,55,120,5,60,1.2886736392974854,127,49.63798522949219,6.408236026763916,41.06549072265625,40.88298034667969,40.88297653198242,0.007031441810912705,0.01334299625175472,0.25,2.179358720779419
902684575,XY-Warm-Same-State S2 p2=30,0,spsa,sequential,0,deterministic_linear_ramp,60,120,5,60,1.2886736392974854,137,28.828060150146484,3.721687078475952,13.850950241088867,13.60471248626709,13.604711532592773,0.006733289003188867,0.013226249755755135,0.19410766661167145,2.349940776824951
902684575,XY-Warm-Same-State S2 p2=30,0,spsa,sequential,0,deterministic_linear_ramp,65,120,5,60,1.2886736392974854,147,30.698755264282227,3.9631924629211426,15.6370849609375,15.6370849609375,15.6370849609375,0.006466570277341282,0.01311975565249048,0.19851566851139069,2.5207762718200684
902684575,XY-Warm-Same-State S2 p2=30,0,spsa,sequential,0,deterministic_linear_ramp,70,120,5,60,1.2886736392974854,157,19.990028381347656,2.5807018280029297,6.660020351409912,6.630421161651611,6.630421161651611,0.006226234580223975,0.013021922119457682,0.12446261197328568,2.6909377574920654
902684575,XY-Warm-Same-State S2 p2=30,0,spsa,sequential,0,deterministic_linear_ramp,75,120,5,60,1.2886736392974854,167,15.793160438537598,2.038888454437256,4.041591167449951,4.138589382171631,3.8614518642425537,0.006008289194760234,0.01293149713891721,0.09488988667726517,2.8606760501861572
902684575,XY-Warm-Same-State S2 p2=30,0,spsa,sequential,0,deterministic_linear_ramp,80,120,5,60,1.2886736392974854,177,0.6000345945358276,0.07746414095163345,0.005940685048699379,0.006000691559165716,0.005760664120316505,0.005809531973577044,0.012847478719003411,0.003485920373350382,3.031074285507202
902684575,XY-Warm-Same-State S2 p2=30,0,spsa,sequential,0,deterministic_linear_ramp,85,120,5,60,1.2886736392974854,187,24.363245010375977,3.1452815532684326,9.716923713684082,9.848828315734863,9.497084617614746,0.005627361749906459,0.012769052840860788,0.13710078597068787,3.2017195224761963
902684575,XY-Warm-Same-State S2 p2=30,0,spsa,sequential,0,deterministic_linear_ramp,90,120,5,60,1.2886736392974854,197,27.772069931030273,3.5853588581085205,12.84051513671875,12.340606689453125,12.62626838684082,0.005459641357080803,0.01269554947299621,0.15162555873394012,3.371746778488159
902684575,XY-Warm-Same-State S2 p2=30,0,spsa,sequential,0,deterministic_linear_ramp,95,120,5,60,1.2886736392974854,207,44.4425163269043,5.737504482269287,32.33372497558594,30.57805061340332,32.91895294189453,0.005304596863266163,0.012626410699612943,0.23574961721897125,3.5422635078430176
902684575,XY-Warm-Same-State S2 p2=30,0,spsa,sequential,0,deterministic_linear_ramp,100,120,5,60,1.2886736392974854,217,19.15634536743164,2.4730734825134277,5.8714494705200195,5.436526775360107,6.088910102844238,0.005160742245421649,0.012561167176266359,0.0988609567284584,3.7127432823181152
902684575,XY-Warm-Same-State S2 p2=30,0,spsa,sequential,0,deterministic_linear_ramp,105,120,5,60,1.2886736392974854,227,3.7970869541168213,0.490201860666275,0.24003081023693085,0.2402978241443634,0.23922985792160034,0.0050268222595899175,0.01249942043693397,0.019087282940745354,3.882370948791504
902684575,XY-Warm-Same-State S2 p2=30,0,spsa,sequential,0,deterministic_linear_ramp,110,120,5,60,1.2886736392974854,237,18.72930335998535,2.417943000793457,5.742509365081787,4.573220252990723,5.612588882446289,0.004901768541087794,0.012440829393713411,0.09180671721696854,4.052275896072388
902684575,XY-Warm-Same-State S2 p2=30,0,spsa,sequential,0,deterministic_linear_ramp,115,120,5,60,1.2886736392974854,247,8.289092063903809,1.0701172351837158,1.1247926950454712,1.0993448495864868,1.1400612592697144,0.0047846654671144144,0.012385099893453082,0.039660535752773285,4.222480535507202
902684575,XY-Warm-Same-State S2 p2=30,0,spsa,sequential,0,deterministic_linear_ramp,120,120,5,60,1.2886736392974854,257,22.749820709228516,2.9369895458221436,8.587569236755371,8.625905990600586,8.472556114196777,0.004674723320849171,0.012331976538504544,0.10634911805391312,4.392716646194458
902684575,XY-Warm-Same-State S2 p2=30,0,spsa,sequential,1,random_shared_stream,1,120,5,60,1.911002278327942,19,0.058912355452775955,0.007605553139001131,5.4695119615644217e-05,5.1417271606624126e-05,5.681608308805153e-05,1.5024763293284158,0.02,0.08851442486047745,4.760840654373169
902684575,XY-Warm-Same-State S2 p2=30,0,spsa,sequential,1,random_shared_stream,5,120,5,60,1.911002278327942,27,0.07936004549264908,0.010245339013636112,0.0001039172857417725,0.00010450043191667646,0.00010310087236575782,1.2784133173571444,0.016999416915812672,0.10145493596792221,4.893357515335083
902684575,XY-Warm-Same-State S2 p2=30,0,spsa,sequential,1,random_shared_stream,10,120,5,60,1.911002278327942,37,0.08144471049308777,0.01051446795463562,0.00010748307249741629,0.00010269239282933995,0.00011006266868207604,1.094619253805529,0.015850026609609436,0.08915095776319504,5.056923866271973
902684575,XY-Warm-Same-State S2 p2=30,0,spsa,sequential,1,random_shared_stream,15,120,5,60,1.9103803634643555,47,0.31782057881355286,0.041030459105968475,0.0016816280549392104,0.0016535696340724826,0.0016760163707658648,0.9676550127355086,0.015214047873475552,0.25,5.233882188796997
902684575,XY-Warm-Same-State S2 p2=30,0,spsa,sequential,1,random_shared_stream,20,120,5,60,1.9103803634643555,57,0.266113817691803,0.03435514494776726,0.0011802760418504477,0.0011802760418504477,0.0011802760418504477,0.8735771179291524,0.014778350620464044,0.23247092962265015,5.410107612609863
902684575,XY-Warm-Same-State S2 p2=30,0,spsa,sequential,1,random_shared_stream,25,120,5,60,1.9103803634643555,67,0.010896123945713043,0.001406683586537838,1.943580627994379e-06,1.8380469555268064e-06,1.9787587461905787e-06,0.8004682283354636,0.014449008773880907,0.008722000755369663,5.582536697387695
902684575,XY-Warm-Same-State S2 p2=30,0,spsa,sequential,1,random_shared_stream,30,120,5,60,1.9103803634643555,77,0.2746666669845581,0.03545931354165077,0.0012447892222553492,0.0012517744908109307,0.0012350099859759212,0.7416610368058025,0.014185372641231635,0.20370954275131226,5.760028600692749
902684575,XY-Warm-Same-State S2 p2=30,0,spsa,sequential,1,random_shared_stream,35,120,5,60,1.9103803634643555,87,0.8339211344718933,0.1076587662100792,0.011126791127026081,0.011590409092605114,0.00973594281822443,0.6931043527738342,0.013966227856027484,0.25,5.936936855316162
902684575,XY-Warm-Same-State S2 p2=30,0,spsa,sequential,1,random_shared_stream,40,120,5,60,1.9095865488052368,97,0.9009996652603149,0.11631856113672256,0.013469872996211052,0.012988805770874023,0.013469872064888477,0.6521800712541752,0.013779134410346052,0.25,6.111034870147705
902684575,XY-Warm-Same-State S2 p2=30,0,spsa,sequential,1,random_shared_stream,45,120,5,60,1.9095865488052368,107,0.4250009059906006,0.05486738681793213,0.002956910990178585,0.002997050294652581,0.0028900126926600933,0.6171132534280525,0.013616187769422706,0.25,6.286781072616577
902684575,XY-Warm-Same-State S2 p2=30,0,spsa,sequential,1,random_shared_stream,50,120,5,60,1.9095865488052368,117,0.2533625066280365,0.03270896524190903,0.0010591772152110934,0.0010270810453221202,0.0010698761325329542,0.5866535994722768,0.013472060523173781,0.14863604307174683,6.461526870727539
902684575,XY-Warm-Same-State S2 p2=30,0,spsa,sequential,1,random_shared_stream,55,120,5,60,1.9095865488052368,127,0.24522502720355988,0.031658418476581573,0.0009978007292374969,0.0009978007292374969,0.0009978007292374969,0.559892313778123,0.01334299625175472,0.13729959726333618,6.635835647583008
902684575,XY-Warm-Same-State S2 p2=30,0,spsa,sequential,1,random_shared_stream,60,120,5,60,1.9095865488052368,137,0.8343245983123779,0.10771085321903229,0.01158873550593853,0.01031255628913641,0.010776621289551258,0.536151313018241,0.013226249755755135,0.25,6.8067803382873535
902684575,XY-Warm-Same-State S2 p2=30,0,spsa,sequential,1,random_shared_stream,65,120,5,60,1.9095865488052368,147,0.27184945344924927,0.035095613449811935,0.0012193849543109536,0.0011441144160926342,0.0012262278469279408,0.5149133125400187,0.01311975565249048,0.13997890055179596,6.982104539871216
902684575,XY-Warm-Same-State S2 p2=30,0,spsa,sequential,1,random_shared_stream,70,120,5,60,1.9095865488052368,157,0.3645155131816864,0.047058749943971634,0.0021751567255705595,0.0020570484921336174,0.0022145260591059923,0.49577611235247704,0.013021922119457682,0.1807180941104889,7.15733003616333
902684575,XY-Warm-Same-State S2 p2=30,0,spsa,sequential,1,random_shared_stream,75,120,5,60,1.9095865488052368,167,0.5872458815574646,0.07581312209367752,0.0057220845483243465,0.00564544927328825,0.005338908638805151,0.47842178454517353,0.01293149713891721,0.25,7.330878496170044
902684575,XY-Warm-Same-State S2 p2=30,0,spsa,sequential,1,random_shared_stream,80,120,5,60,1.9095865488052368,177,0.4664579927921295,0.06021947041153908,0.0035901202354580164,0.0035619151312857866,0.003610266838222742,0.46259535186736095,0.012847478719003411,0.2157812863588333,7.508196830749512
902684575,XY-Warm-Same-State S2 p2=30,0,spsa,sequential,1,random_shared_stream,85,120,5,60,1.9095865488052368,187,0.18895851075649261,0.024394441395998,0.0005924439174123108,0.0005950886989012361,0.0005845093401148915,0.4480896913250087,0.012769052840860788,0.08467036485671997,7.6838109493255615
902684575,XY-Warm-Same-State S2 p2=30,0,spsa,sequential,1,random_shared_stream,90,120,5,60,1.9095865488052368,197,0.28987917304039,0.03742324560880661,0.0013942745281383395,0.0013756011612713337,0.001400499022565782,0.4347346268400559,0.01269554947299621,0.12602052092552185,7.85615873336792
902684575,XY-Warm-Same-State S2 p2=30,0,spsa,sequential,1,random_shared_stream,95,120,5,60,1.9095865488052368,207,0.06029710918664932,0.007784323301166296,5.99897321080789e-05,5.8171863202005625e-05,6.059568841010332e-05,0.42238890561888176,0.012626410699612943,0.02546883001923561,8.027148485183716
902684575,XY-Warm-Same-State S2 p2=30,0,spsa,sequential,1,random_shared_stream,100,120,5,60,1.9095865488052368,217,0.45459556579589844,0.05868804082274437,0.0033830541651695967,0.0033830536995083094,0.003383053932338953,0.41093420016890836,0.012561167176266359,0.18680886924266815,8.201108455657959
902684575,XY-Warm-Same-State S2 p2=30,0,spsa,sequential,1,random_shared_stream,105,120,5,60,1.9090088605880737,227,0.3834097981452942,0.049497995525598526,0.0024500517174601555,0.0024391624610871077,0.0024391624610871077,0.400270559233689,0.01249942043693397,0.15346765518188477,8.373656749725342
902684575,XY-Warm-Same-State S2 p2=30,0,spsa,sequential,1,random_shared_stream,110,120,5,60,1.9090088605880737,237,0.0824984684586525,0.010650506243109703,0.00011292914132354781,0.0001088959543267265,0.00011292914132354781,0.3903129121846802,0.012440829393713411,0.03220021724700928,8.547829866409302
902684575,XY-Warm-Same-State S2 p2=30,0,spsa,sequential,1,random_shared_stream,115,120,5,60,1.9090088605880737,247,0.09379222989082336,0.01210852526128292,0.0001464534580009058,0.00014661635213997215,0.00014596474647987634,0.3809883507646126,0.012385099893453082,0.035733744502067566,8.722160577774048
902684575,XY-Warm-Same-State S2 p2=30,0,spsa,sequential,1,random_shared_stream,120,120,5,60,1.9090088605880737,257,0.36297011375427246,0.046859242022037506,0.0020762397907674313,0.0019518117187544703,0.002156752161681652,0.3722339922262761,0.012331976538504544,0.1351098120212555,8.899986505508423
902684575,XY-Warm-Same-State S2 p2=30,0,spsa,sequential,2,random_shared_stream,1,120,5,60,1.9105138778686523,19,0.009003063663840294,0.001162290689535439,1.3449152902467176e-06,1.3449152902467176e-06,1.3449152902467176e-06,1.9097297769148294,0.02,0.017193419858813286,9.271472454071045
902684575,XY-Warm-Same-State S2 p2=30,0,spsa,sequential,2,random_shared_stream,5,120,5,60,1.9103425741195679,27,0.3214326500892639,0.04149677976965904,0.001721982378512621,0.001721982378512621,0.001721982378512621,1.624933406074148,0.016999416915812672,0.25,9.410183191299438
902684575,XY-Warm-Same-State S2 p2=30,0,spsa,sequential,2,random_shared_stream,10,120,5,60,1.9103326797485352,37,0.11450614035129547,0.014782680198550224,0.00021464265591930598,0.00021755635680165142,0.00020978650718461722,1.3913210761271022,0.015850026609609436,0.15931479632854462,9.583463191986084
902684575,XY-Warm-Same-State S2 p2=30,0,spsa,sequential,2,random_shared_stream,15,120,5,60,1.9103326797485352,47,0.23688603937625885,0.03058185800909996,0.0009258973877876997,0.0009186231764033437,0.0009310932946391404,1.2299425658359018,0.015214047873475552,0.25,9.759043455123901
902684575,XY-Warm-Same-State S2 p2=30,0,spsa,sequential,2,random_shared_stream,20,120,5,60,1.9094593524932861,57,0.07485426962375641,0.00966364424675703,9.172582940664142e-05,9.297097858507186e-05,8.965058805188164e-05,1.1103644044005958,0.014778350620464044,0.08311551809310913,9.935909509658813
902684575,XY-Warm-Same-State S2 p2=30,0,spsa,sequential,2,random_shared_stream,25,120,5,60,1.9094593524932861,67,0.02591424249112606,0.003345514414831996,1.1080542208219413e-05,1.1142722541990224e-05,1.0396556717751082e-05,1.0174389980638094,0.014449008773880907,0.026366161182522774,10.110418319702148
902684575,XY-Warm-Same-State S2 p2=30,0,spsa,sequential,2,random_shared_stream,30,120,5,60,1.9094593524932861,77,0.10346786677837372,0.013357643969357014,0.00017664238112047315,0.0001752546231728047,0.0001776336575858295,0.9426918339529936,0.014185372641231635,0.09753831475973129,10.28685450553894
902684575,XY-Warm-Same-State S2 p2=30,0,spsa,sequential,2,random_shared_stream,35,120,5,60,1.9093533754348755,87,0.798912763595581,0.10313919931650162,0.010625872761011124,0.010590414516627789,0.010637694038450718,0.8809736267812748,0.013966227856027484,0.25,10.459721326828003
902684575,XY-Warm-Same-State S2 p2=30,0,spsa,sequential,2,random_shared_stream,40,120,5,60,1.9093533754348755,97,0.05917312577366829,0.007639217656105757,5.8357647503726184e-05,5.809828144265339e-05,5.809828144265339e-05,0.8289566215936645,0.013779134410346052,0.049051955342292786,10.638912439346313
902684575,XY-Warm-Same-State S2 p2=30,0,spsa,sequential,2,random_shared_stream,45,120,5,60,1.9093533754348755,107,0.14546465873718262,0.01877940632402897,0.0003526661021169275,0.000346396496752277,0.000346396496752277,0.7843847738533888,0.013616187769422706,0.11410026252269745,10.8146653175354
902684575,XY-Warm-Same-State S2 p2=30,0,spsa,sequential,2,random_shared_stream,50,120,5,60,1.9087761640548706,117,0.3484291732311249,0.04498201608657837,0.0019424462225288153,0.0020143885631114244,0.0017985611921176314,0.7456688839465792,0.013472060523173781,0.25,10.988165140151978
902684575,XY-Warm-Same-State S2 p2=30,0,spsa,sequential,2,random_shared_stream,55,120,5,60,1.9087761640548706,127,0.15640145540237427,0.020191343501210213,0.0004036133468616754,0.00040044242632575333,0.00040587829425930977,0.7116538228364356,0.01334299625175472,0.11130369454622269,11.16552472114563
902684575,XY-Warm-Same-State S2 p2=30,0,spsa,sequential,2,random_shared_stream,60,120,5,60,1.9087761640548706,137,0.15980662405490875,0.02063094824552536,0.0004024624649900943,0.000357534212525934,0.00042374423355795443,0.6814777094429089,0.013226249755755135,0.1089046522974968,11.340802431106567
902684575,XY-Warm-Same-State S2 p2=30,0,spsa,sequential,2,random_shared_stream,65,120,5,60,1.9087761640548706,147,0.4347831904888153,0.056130267679691315,0.0031366045586764812,0.0030945963226258755,0.0029265640769153833,0.6544830466161595,0.01311975565249048,0.25,11.513176679611206
902684575,XY-Warm-Same-State S2 p2=30,0,spsa,sequential,2,random_shared_stream,70,120,5,60,1.9087761640548706,157,0.1952875554561615,0.02521151676774025,0.0006349142640829086,0.0006243205862119794,0.0006327955634333193,0.6301586161199637,0.013021922119457682,0.1230621337890625,11.691417455673218
902684575,XY-Warm-Same-State S2 p2=30,0,spsa,sequential,2,random_shared_stream,75,120,5,60,1.9087761640548706,167,0.6339457035064697,0.08184203505516052,0.0066906763240695,0.006579040549695492,0.006430193781852722,0.6081003141520634,0.01293149713891721,0.25,11.86574125289917
902684575,XY-Warm-Same-State S2 p2=30,0,spsa,sequential,2,random_shared_stream,80,120,5,60,1.9087761640548706,177,0.19955632090568542,0.025762615725398064,0.000657075026538223,0.0006637122132815421,0.0006371636409312487,0.5879840506494854,0.012847478719003411,0.11733593791723251,12.038788318634033
902684575,XY-Warm-Same-State S2 p2=30,0,spsa,sequential,2,random_shared_stream,85,120,5,60,1.9087761640548706,187,0.08124565333127975,0.01048876903951168,0.00010891412239288911,0.00010561371163930744,9.241198858944699e-05,0.5695465609328049,0.012769052840860788,0.046273183077573776,12.213301658630371
902684575,XY-Warm-Same-State S2 p2=30,0,spsa,sequential,2,random_shared_stream,90,120,5,60,1.9087761640548706,197,0.6973320245742798,0.09002518653869629,0.008068512193858624,0.008068513125181198,0.008068512193858624,0.5525715418781405,0.01269554947299621,0.25,12.388919115066528
902684575,XY-Warm-Same-State S2 p2=30,0,spsa,sequential,2,random_shared_stream,95,120,5,60,1.9087761640548706,207,0.31128519773483276,0.040186747908592224,0.0016077967593446374,0.0016077967593446374,0.0016077968757599592,0.536879453441643,0.012626410699612943,0.16712263226509094,12.562577962875366
902684575,XY-Warm-Same-State S2 p2=30,0,spsa,sequential,2,random_shared_stream,100,120,5,60,1.9087761640548706,217,0.29015016555786133,0.03745822608470917,0.0013968826970085502,0.0013033413561061025,0.001378174521960318,0.5223198948938017,0.012561167176266359,0.15155121684074402,12.73511552810669
902684575,XY-Warm-Same-State S2 p2=30,0,spsa,sequential,2,random_shared_stream,105,120,5,60,1.9087761640548706,227,0.3684132695198059,0.047561950981616974,0.0022621387615799904,0.0022520849015563726,0.0022520849015563726,0.508765822708572,0.01249942043693397,0.1874360740184784,12.91299057006836
902684575,XY-Warm-Same-State S2 p2=30,0,spsa,sequential,2,random_shared_stream,110,120,5,60,1.9087761640548706,237,0.34880930185317993,0.04503108933568001,0.0019917490426450968,0.001991748809814453,0.001991748809814453,0.4961091074536966,0.012440829393713411,0.17304746806621552,13.088797807693481
902684575,XY-Warm-Same-State S2 p2=30,0,spsa,sequential,2,random_shared_stream,115,120,5,60,1.9087761640548706,247,0.4757830500602722,0.06142332777380943,0.003768633119761944,0.003705752780660987,0.0037560572382062674,0.48425707873752116,0.012385099893453082,0.23040130734443665,13.261469602584839
902684575,XY-Warm-Same-State S2 p2=30,0,spsa,sequential,2,random_shared_stream,120,120,5,60,1.9087761640548706,257,0.09580613672733307,0.0123685197904706,0.00015298023936338723,0.00015026058827061206,0.0001502606028225273,0.4731298091412522,0.012331976538504544,0.045328740030527115,13.440555810928345
902684575,XY-Warm-Same-State S2 p2=30,0,spsa,sequential,3,random_shared_stream,1,120,5,60,1.9099814891815186,19,0.2206212431192398,0.02848208136856556,0.0007886947714723647,0.000807623437140137,0.0007535414770245552,1.7255183504629263,0.02,0.25,13.804749965667725
902684575,XY-Warm-Same-State S2 p2=30,0,spsa,sequential,3,random_shared_stream,5,120,5,60,1.9096466302871704,27,0.022596703842282295,0.002917221747338772,8.273788807855453e-06,8.358891136595048e-06,8.169776265276596e-06,1.4681932723438995,0.016999416915812672,0.03317632898688316,13.945461988449097
902684575,XY-Warm-Same-State S2 p2=30,0,spsa,sequential,3,random_shared_stream,10,120,5,60,1.9096466302871704,37,0.05930666625499725,0.0076564582996070385,5.542974395211786e-05,5.75791927985847e-05,5.210786548559554e-05,1.2571150522256376,0.015850026609609436,0.07455530762672424,14.118843078613281
902684575,XY-Warm-Same-State S2 p2=30,0,spsa,sequential,3,random_shared_stream,15,120,5,60,1.9096466302871704,47,0.25108829140663147,0.03241535648703575,0.0010495878523215652,0.00104608538094908,0.0010507553815841675,1.11130301942187,0.015214047873475552,0.25,14.295193195343018
902684575,XY-Warm-Same-State S2 p2=30,0,spsa,sequential,3,random_shared_stream,20,120,5,60,1.9096466302871704,57,0.13183848559856415,0.017020275816321373,0.0002896897785831243,0.00028840225422754884,0.00028840225422754884,1.0032592980716317,0.014778350620464044,0.13226817548274994,14.4694664478302
902684575,XY-Warm-Same-State S2 p2=30,0,spsa,sequential,3,random_shared_stream,25,120,5,60,1.9095629453659058,67,0.013324586674571037,0.0017201968003064394,2.9294858450157335e-06,2.9590767098852666e-06,2.840713705154485e-06,0.919297422524304,0.014449008773880907,0.012249257415533066,14.643194913864136
902684575,XY-Warm-Same-State S2 p2=30,0,spsa,sequential,3,random_shared_stream,30,120,5,60,1.9089668989181519,77,0.822763204574585,0.10621827840805054,0.011232176795601845,0.01083102822303772,0.01123217772692442,0.8517603265029812,0.014185372641231635,0.25,14.817489624023438
902684575,XY-Warm-Same-State S2 p2=30,0,spsa,sequential,3,random_shared_stream,35,120,5,60,1.9089668989181519,87,0.0648598000407219,0.008373363874852657,7.003531936788931e-05,6.980160833336413e-05,6.886676419526339e-05,0.7959954217924741,0.013966227856027484,0.051628097891807556,14.997198581695557
902684575,XY-Warm-Same-State S2 p2=30,0,spsa,sequential,3,random_shared_stream,40,120,5,60,1.9089668989181519,97,0.04275476187467575,0.005519615951925516,2.9924538466730155e-05,3.0330755180330016e-05,2.708103238546755e-05,0.7489959467503304,0.013779134410346052,0.032023146748542786,15.171802997589111
902684575,XY-Warm-Same-State S2 p2=30,0,spsa,sequential,3,random_shared_stream,45,120,5,60,1.9089668989181519,107,0.3251084089279175,0.041971318423748016,0.0017596338875591755,0.0017615912947803736,0.0017537620151415467,0.7087234735870683,0.013616187769422706,0.23041196167469025,15.346849918365479
902684575,XY-Warm-Same-State S2 p2=30,0,spsa,sequential,3,random_shared_stream,50,120,5,60,1.9089668989181519,117,0.27865421772003174,0.035974107682704926,0.0012883846648037434,0.001294136280193925,0.0012711293529719114,0.673742095961682,0.013472060523173781,0.18774110078811646,15.522704839706421
902684575,XY-Warm-Same-State S2 p2=30,0,spsa,sequential,3,random_shared_stream,55,120,5,60,1.9089668989181519,127,0.007301041390746832,0.0009425604366697371,8.874329751051846e-07,8.5288331774791e-07,8.726260034563893e-07,0.643008107914174,0.01334299625175472,0.004694628994911909,15.694384813308716
902684575,XY-Warm-Same-State S2 p2=30,0,spsa,sequential,3,random_shared_stream,60,120,5,60,1.9089668989181519,137,0.2462376356124878,0.0317891463637352,0.0009196000755764544,0.0007904743542894721,0.0009925842750817537,0.6157427649135014,0.013226249755755135,0.1516190469264984,15.869863271713257
902684575,XY-Warm-Same-State S2 p2=30,0,spsa,sequential,3,random_shared_stream,65,120,5,60,1.9089668989181519,147,0.04099735990166664,0.005292736925184727,2.8013058908982202e-05,2.6021018129540607e-05,2.6021016310551204e-05,0.5913519916034864,0.01311975565249048,0.024243870750069618,16.04544973373413
902684575,XY-Warm-Same-State S2 p2=30,0,spsa,sequential,3,random_shared_stream,70,120,5,60,1.9089668989181519,157,0.011274770833551884,0.0014555668458342552,2.0974875951651484e-06,2.118674501616624e-06,2.0339275579317473e-06,0.5693738815624144,0.013021922119457682,0.006419560872018337,16.219590425491333
902684575,XY-Warm-Same-State S2 p2=30,0,spsa,sequential,3,random_shared_stream,75,120,5,60,1.9089668989181519,167,0.2631324529647827,0.03397025540471077,0.00114243826828897,0.0010719173587858677,0.0011488492600619793,0.5494433106063739,0.01293149713891721,0.14457635581493378,16.396010160446167
902684575,XY-Warm-Same-State S2 p2=30,0,spsa,sequential,3,random_shared_stream,80,120,5,60,1.9089668989181519,177,0.39652523398399353,0.051191188395023346,0.0025739504490047693,0.0024341882672160864,0.0026205377653241158,0.5312674502118622,0.012847478719003411,0.21066096425056458,16.570876836776733
902684575,XY-Warm-Same-State S2 p2=30,0,spsa,sequential,3,random_shared_stream,85,120,5,60,1.9089668989181519,187,0.2800028324127197,0.03614820912480354,0.001283462974242866,0.001283462974242866,0.001283462974242866,0.5146084300577126,0.012769052840860788,0.14409181475639343,16.745291709899902
902684575,XY-Warm-Same-State S2 p2=30,0,spsa,sequential,3,random_shared_stream,90,120,5,60,1.9089668989181519,197,0.1163007989525795,0.015014369040727615,0.00022317694674711674,0.00022142358648125082,0.00022442932822741568,0.4992708114938965,0.01269554947299621,0.058065589517354965,16.918588399887085
902684575,XY-Warm-Same-State S2 p2=30,0,spsa,sequential,3,random_shared_stream,95,120,5,60,1.9089668989181519,207,0.15968312323093414,0.020615002140402794,0.0004230895428918302,0.0004230895428918302,0.0004230895428918302,0.48509237280504364,0.012626410699612943,0.07746106386184692,17.093207120895386
902684575,XY-Warm-Same-State S2 p2=30,0,spsa,sequential,3,random_shared_stream,100,120,5,60,1.9089668989181519,217,0.849940836429596,0.10972689837217331,0.01095639169216156,0.011183814145624638,0.010702213272452354,0.47193722082876494,0.012561167176266359,0.25,17.26603126525879
902684575,XY-Warm-Same-State S2 p2=30,0,spsa,sequential,3,random_shared_stream,105,120,5,60,1.9089668989181519,227,0.49340930581092834,0.06369886547327042,0.004057545680552721,0.003985411487519741,0.003985411487519741,0.4596905665838402,0.01249942043693397,0.2268155962228775,17.438929319381714
902684575,XY-Warm-Same-State S2 p2=30,0,spsa,sequential,3,random_shared_stream,110,120,5,60,1.9089668989181519,237,0.5327700972557068,0.0687803328037262,0.0046834261156618595,0.004394324962049723,0.004709707573056221,0.44825471074032236,0.012440829393713411,0.23881670832633972,17.610630989074707
902684575,XY-Warm-Same-State S2 p2=30,0,spsa,sequential,3,random_shared_stream,115,120,5,60,1.9089668989181519,247,0.13304628431797028,0.017176201567053795,0.0002789595746435225,0.00029371067648753524,0.00024781838874332607,0.43754592183877805,0.012385099893453082,0.05821385979652405,17.7852942943573
902684575,XY-Warm-Same-State S2 p2=30,0,spsa,sequential,3,random_shared_stream,120,120,5,60,1.9089668989181519,257,0.6406543850898743,0.08270813524723053,0.006833033636212349,0.006719022989273071,0.006810232065618038,0.4274919822128649,0.012331976538504544,0.25,17.962560415267944
902684575,XY-Warm-Same-State S2 p2=30,0,spsa,sequential,4,continuation,1,120,5,60,-0.025663189589977264,19,20.70670509338379,2.673224449157715,7.074666500091553,6.637959003448486,7.11436653137207,0.014606378617532988,0.02,0.25,18.331353902816772
902684575,XY-Warm-Same-State S2 p2=30,0,spsa,sequential,4,continuation,5,120,5,60,-0.025663189589977264,27,185.6710662841797,23.970033645629883,568.8167724609375,564.3479614257812,572.0087890625,0.012428141847240516,0.016999416915812672,0.25,18.469674348831177
902684575,XY-Warm-Same-State S2 p2=30,0,spsa,sequential,4,continuation,10,120,5,60,-0.025663189589977264,37,215.05690002441406,27.76372528076172,763.1162109375,767.3986206054688,757.1209716796875,0.010641381132620956,0.015850026609609436,0.25,18.647430181503296
902684575,XY-Warm-Same-State S2 p2=30,0,spsa,sequential,4,continuation,15,120,5,60,-0.025663189589977264,47,25.85323143005371,3.3376379013061523,10.694231986999512,10.694232940673828,10.694231986999512,0.009407093616899906,0.015214047873475552,0.2432037591934204,18.82266139984131
902684575,XY-Warm-Same-State S2 p2=30,0,spsa,sequential,4,continuation,20,120,5,60,-0.025663189589977264,57,62.432369232177734,8.059985160827637,64.89116668701172,63.80844497680664,64.67462921142578,0.008492511919831643,0.014778350620464044,0.25,18.99458646774292
902684575,XY-Warm-Same-State S2 p2=30,0,spsa,sequential,4,continuation,25,120,5,60,-0.025663189589977264,67,252.70046997070312,32.62349319458008,1053.649169921875,1059.56201171875,1045.3714599609375,0.0077817811742829585,0.014449008773880907,0.25,19.173006534576416
902684575,XY-Warm-Same-State S2 p2=30,0,spsa,sequential,4,continuation,30,120,5,60,-0.025663189589977264,77,265.10992431640625,34.225547790527344,1170.0863037109375,983.9658203125,1041.2337646484375,0.0072100849098233714,0.014185372641231635,0.25,19.347429513931274
902684575,XY-Warm-Same-State S2 p2=30,0,spsa,sequential,4,continuation,35,120,5,60,-0.025663189589977264,87,103.92878723144531,13.417149543762207,179.2198028564453,172.819091796875,179.2198028564453,0.006738039329112049,0.013966227856027484,0.25,19.520681381225586
902684575,XY-Warm-Same-State S2 p2=30,0,spsa,sequential,4,continuation,40,120,5,60,-0.025663189589977264,97,341.0726318359375,44.032291412353516,1930.2252197265625,1861.2886962890625,1723.41552734375,0.006340192428726047,0.013779134410346052,0.25,19.699084997177124
902684575,XY-Warm-Same-State S2 p2=30,0,spsa,sequential,4,continuation,45,120,5,60,-0.025663189589977264,107,94.09867095947266,12.148086547851562,147.5759735107422,147.5759735107422,147.57598876953125,0.0059992890759861415,0.013616187769422706,0.25,19.873901844024658
902684575,XY-Warm-Same-State S2 p2=30,0,spsa,sequential,4,continuation,50,120,5,60,-0.025663189589977264,117,44.38717269897461,5.73036003112793,30.501943588256836,32.69108200073242,21.01569366455078,0.005703174435407437,0.013472060523173781,0.25,20.047369718551636
902684575,XY-Warm-Same-State S2 p2=30,0,spsa,sequential,4,continuation,55,120,5,60,-0.025663189589977264,127,2.2248799800872803,0.2872307598590851,0.07920145243406296,0.081034816801548,0.07663474231958389,0.005443013617223033,0.01334299625175472,0.012110051698982716,20.224268913269043
902684575,XY-Warm-Same-State S2 p2=30,0,spsa,sequential,4,continuation,60,120,5,60,-0.025663189589977264,137,9.801507949829102,1.265369176864624,1.5940430164337158,1.5940430164337158,1.5940430164337158,0.00521221460955216,0.013226249755755135,0.05108756199479103,20.397502422332764
902684575,XY-Warm-Same-State S2 p2=30,0,spsa,sequential,4,continuation,65,120,5,60,-0.025663189589977264,147,45.503658294677734,5.874497413635254,32.630855560302734,34.35633850097656,28.988161087036133,0.005005748610714814,0.01311975565249048,0.22777985036373138,20.570454120635986
902684575,XY-Warm-Same-State S2 p2=30,0,spsa,sequential,4,continuation,70,120,5,60,-0.025663189589977264,157,4.668464660644531,0.6026961803436279,0.3616282641887665,0.3567850887775421,0.3632426857948303,0.004819705618780491,0.013021922119457682,0.022500624880194664,20.742198705673218
902684575,XY-Warm-Same-State S2 p2=30,0,spsa,sequential,4,continuation,75,120,5,60,-0.025663189589977264,167,9.34937858581543,1.2069995403289795,1.4503729343414307,1.3532499074935913,1.430948257446289,0.004650994885933498,0.01293149713891721,0.0434839092195034,20.91442584991455
902684575,XY-Warm-Same-State S2 p2=30,0,spsa,sequential,4,continuation,80,120,5,60,-0.025663189589977264,177,63.287391662597656,8.170368194580078,65.56814575195312,66.45821380615234,64.08470153808594,0.0044971376415,0.012847478719003411,0.25,21.08834457397461
902684575,XY-Warm-Same-State S2 p2=30,0,spsa,sequential,4,continuation,85,120,5,60,-0.025663189589977264,187,7.883141994476318,1.0177092552185059,1.0345813035964966,1.0311288833618164,1.0173190832138062,0.0043561203317140215,0.012769052840860788,0.034339915961027145,21.262309074401855
902684575,XY-Warm-Same-State S2 p2=30,0,spsa,sequential,4,continuation,90,120,5,60,-0.025663189589977264,197,3.0570600032806396,0.3946647644042969,0.1529911905527115,0.14468398690223694,0.155760258436203,0.00422628858360523,0.01269554947299621,0.012920018285512924,21.437406301498413
902684575,XY-Warm-Same-State S2 p2=30,0,spsa,sequential,4,continuation,95,120,5,60,-0.025663189589977264,207,1.7874857187271118,0.23076342046260834,0.05319258198142052,0.053015075623989105,0.05325175076723099,0.004106269202971403,0.012626410699612943,0.007339897565543652,21.609596252441406
902684575,XY-Warm-Same-State S2 p2=30,0,spsa,sequential,4,continuation,100,120,5,60,-0.025663189589977264,217,20.638595581054688,2.66443133354187,7.091305255889893,6.815224647521973,6.972984790802002,0.003994911864763343,0.012561167176266359,0.08244936913251877,21.78179621696472
902684575,XY-Warm-Same-State S2 p2=30,0,spsa,sequential,4,continuation,105,120,5,60,-0.025663189589977264,227,7.992469787597656,1.0318235158920288,1.0599277019500732,1.0457321405410767,1.0646594762802124,0.003891244889183861,0.01249942043693397,0.03110065869987011,21.9543673992157
902684575,XY-Warm-Same-State S2 p2=30,0,spsa,sequential,4,continuation,110,120,5,60,-0.025663189589977264,237,32.07464599609375,4.140819072723389,17.127330780029297,17.14638328552246,17.07017707824707,0.0037944412590044797,0.012440829393713411,0.12170536816120148,22.12583875656128
902684575,XY-Warm-Same-State S2 p2=30,0,spsa,sequential,4,continuation,115,120,5,60,-0.025663189589977264,247,43.048248291015625,5.557505130767822,30.8858585357666,29.65042495727539,29.65042495727539,0.0037037921939341327,0.012385099893453082,0.1594417542219162,22.301137685775757
902684575,XY-Warm-Same-State S2 p2=30,0,spsa,sequential,4,continuation,120,120,5,60,-0.025663189589977264,257,34.940223693847656,4.510763645172119,20.143518447875977,20.346988677978516,19.533109664916992,0.00361868637704467,0.012331976538504544,0.1264377236366272,22.475914001464844
902684575,XY-Warm-Same-State S2 p2=36,0,spsa,sequential,0,deterministic_linear_ramp,1,120,5,72,2.346331834793091,19,5.9636945724487305,0.7028282284736633,0.49244287610054016,0.49244287610054016,0.4802461862564087,0.031449589003009315,0.02,0.18755576014518738,0.40401768684387207
902684575,XY-Warm-Same-State S2 p2=36,0,spsa,sequential,0,deterministic_linear_ramp,5,120,5,72,2.211336374282837,27,29.37930679321289,3.4623844623565674,11.756855010986328,11.655102729797363,11.840105056762695,0.026759538650986396,0.016999416915812672,0.25,0.5702393054962158
902684575,XY-Warm-Same-State S2 p2=36,0,spsa,sequential,0,deterministic_linear_ramp,10,120,5,72,2.0851433277130127,37,0.2098989337682724,0.024736829102039337,0.0006043561734259129,0.000610021990723908,0.0005949130863882601,0.02291239134685884,0.015850026609609436,0.004809286445379257,0.779273271560669
902684575,XY-Warm-Same-State S2 p2=36,0,spsa,sequential,0,deterministic_linear_ramp,15,120,5,72,2.045846939086914,47,21.38595199584961,2.5203585624694824,6.273785591125488,6.332601547241211,5.862068176269531,0.020254796600247465,0.015214047873475552,0.25,0.9893932342529297
902684575,XY-Warm-Same-State S2 p2=36,0,spsa,sequential,0,deterministic_linear_ramp,20,120,5,72,1.9421613216400146,57,6.0832390785217285,0.7169166207313538,0.5135728716850281,0.5139694213867188,0.5123831033706665,0.018285573479607194,0.014778350620464044,0.11123552918434143,1.1937761306762695
902684575,XY-Warm-Same-State S2 p2=36,0,spsa,sequential,0,deterministic_linear_ramp,25,120,5,72,1.9387229681015015,67,15.976916313171387,1.8828977346420288,3.5015344619750977,3.5453035831451416,3.3702266216278076,0.01675527014949375,0.014449008773880907,0.25,1.397040843963623
902684575,XY-Warm-Same-State S2 p2=36,0,spsa,sequential,0,deterministic_linear_ramp,30,120,5,72,1.855936050415039,77,10.423311233520508,1.2283990383148193,1.4984853267669678,1.4344474077224731,1.5043070316314697,0.015524327626189058,0.014185372641231635,0.16181489825248718,1.600374698638916
902684575,XY-Warm-Same-State S2 p2=36,0,spsa,sequential,0,deterministic_linear_ramp,35,120,5,72,1.747237205505371,87,20.055391311645508,2.3635506629943848,5.478609561920166,5.155324459075928,5.586371898651123,0.014507947050771292,0.013966227856027484,0.25,1.805537223815918
902684575,XY-Warm-Same-State S2 p2=36,0,spsa,sequential,0,deterministic_linear_ramp,40,120,5,72,1.747237205505371,97,2.225640296936035,0.2622942328453064,0.06449837982654572,0.05839359015226364,0.06794890761375427,0.013651326677515882,0.013779134410346052,0.030382942408323288,2.0083515644073486
902684575,XY-Warm-Same-State S2 p2=36,0,spsa,sequential,0,deterministic_linear_ramp,45,120,5,72,1.7388794422149658,107,0.8651622533798218,0.10196035355329514,0.010195374488830566,0.010363827459514141,0.009882534854114056,0.012917313777114374,0.013616187769422706,0.01117557380348444,2.211627244949341
902684575,XY-Warm-Same-State S2 p2=36,0,spsa,sequential,0,deterministic_linear_ramp,50,120,5,72,1.6940481662750244,117,0.2767939269542694,0.03262047842144966,0.001064095413312316,0.0010509582934901118,0.0010509584099054337,0.012279737277981628,0.013472060523173781,0.003398956498131156,2.4161434173583984
902684575,XY-Warm-Same-State S2 p2=36,0,spsa,sequential,0,deterministic_linear_ramp,55,120,5,72,1.6940481662750244,127,0.126980721950531,0.014964822679758072,0.000221181137021631,0.00022118112246971577,0.000221181137021631,0.011719574418943812,0.01334299625175472,0.0014881599927321076,2.619706869125366
902684575,XY-Warm-Same-State S2 p2=36,0,spsa,sequential,0,deterministic_linear_ramp,60,120,5,72,1.6940481662750244,137,13.731110572814941,1.6182267665863037,2.600472927093506,2.586329460144043,2.4166014194488525,0.01122263167059971,0.013226249755755135,0.15409919619560242,2.8231189250946045
902684575,XY-Warm-Same-State S2 p2=36,0,spsa,sequential,0,deterministic_linear_ramp,65,120,5,72,1.6940481662750244,147,18.282604217529297,2.154625415802002,4.466887950897217,4.513454914093018,4.413156032562256,0.010778081315131308,0.01311975565249048,0.19705137610435486,3.0265092849731445
902684575,XY-Warm-Same-State S2 p2=36,0,spsa,sequential,0,deterministic_linear_ramp,70,120,5,72,1.6940481662750244,157,11.556396484375,1.3619344234466553,1.8491406440734863,1.8319658041000366,1.8548654317855835,0.010377504568051692,0.013021922119457682,0.1199265643954277,3.230827569961548
902684575,XY-Warm-Same-State S2 p2=36,0,spsa,sequential,0,deterministic_linear_ramp,75,120,5,72,1.661679983139038,167,43.768394470214844,5.1581549644470215,25.867488861083984,26.524444580078125,24.553586959838867,0.01001424661429268,0.01293149713891721,0.25,3.426142454147339
902684575,XY-Warm-Same-State S2 p2=36,0,spsa,sequential,0,deterministic_linear_ramp,80,120,5,72,1.5687048435211182,177,17.745817184448242,2.091364622116089,4.100442886352539,4.157815456390381,4.03632116317749,0.009682970311707945,0.012847478719003411,0.17183220386505127,3.6301403045654297
902684575,XY-Warm-Same-State S2 p2=36,0,spsa,sequential,0,deterministic_linear_ramp,85,120,5,72,1.496125340461731,187,22.765541076660156,2.6829447746276855,6.526139259338379,6.998242378234863,5.776327133178711,0.009379340195632798,0.012769052840860788,0.21352575719356537,3.8325209617614746
902684575,XY-Warm-Same-State S2 p2=36,0,spsa,sequential,0,deterministic_linear_ramp,90,120,5,72,1.496125340461731,197,13.767330169677734,1.6224952936172485,2.559366464614868,2.5999915599823,2.5024919509887695,0.009099794168210064,0.01269554947299621,0.12527987360954285,4.0358216762542725
902684575,XY-Warm-Same-State S2 p2=36,0,spsa,sequential,0,deterministic_linear_ramp,95,120,5,72,1.4107345342636108,207,49.31801986694336,5.812184810638428,33.75542068481445,33.36442947387695,33.677223205566406,0.008841375549046054,0.012626410699612943,0.25,4.239738464355469
902684575,XY-Warm-Same-State S2 p2=36,0,spsa,sequential,0,deterministic_linear_ramp,100,120,5,72,1.4107345342636108,217,3.1539957523345947,0.3717019557952881,0.13432449102401733,0.12750166654586792,0.13773591816425323,0.008601607526402252,0.012561167176266359,0.027129434049129486,4.4421916007995605
902684575,XY-Warm-Same-State S2 p2=36,0,spsa,sequential,0,deterministic_linear_ramp,105,120,5,72,1.4107345342636108,227,2.032489776611328,0.23953120410442352,0.05697675421833992,0.05666685849428177,0.05719810724258423,0.008378397936911933,0.01249942043693397,0.01702900603413582,4.646598815917969
902684575,XY-Warm-Same-State S2 p2=36,0,spsa,sequential,0,deterministic_linear_ramp,110,120,5,72,1.4107345342636108,237,37.281089782714844,4.393618583679199,17.5015926361084,18.35060691833496,16.384469985961914,0.008169966096079983,0.012440829393713411,0.25,4.849988698959351
902684575,XY-Warm-Same-State S2 p2=36,0,spsa,sequential,0,deterministic_linear_ramp,115,120,5,72,1.4107345342636108,247,6.085921764373779,0.7172328233718872,0.5128351449966431,0.4890192449092865,0.5080718994140625,0.007974785900179311,0.012385099893453082,0.04853392019867897,5.054200649261475
902684575,XY-Warm-Same-State S2 p2=36,0,spsa,sequential,0,deterministic_linear_ramp,120,120,5,72,1.4107345342636108,257,17.133935928344727,2.019253730773926,4.074239253997803,4.027047634124756,4.064801216125488,0.007791541097821104,0.012331976538504544,0.13349977135658264,5.258122444152832
902684575,XY-Warm-Same-State S2 p2=36,0,spsa,sequential,1,random_shared_stream,1,120,5,72,1.910596251487732,19,0.21563170850276947,0.025412440299987793,0.000637819292023778,0.0006378193502314389,0.0005740373744629323,3.9931491134118766,0.02,0.25,5.697128534317017
902684575,XY-Warm-Same-State S2 p2=36,0,spsa,sequential,1,random_shared_stream,5,120,5,72,1.9104902744293213,27,0.15938006341457367,0.018783118575811386,0.00034845000482164323,0.0003430054639466107,0.0003517167060635984,3.397654196030115,0.016999416915812672,0.25,5.860729455947876
902684575,XY-Warm-Same-State S2 p2=36,0,spsa,sequential,1,random_shared_stream,10,120,5,72,1.9100548028945923,37,0.2927672266960144,0.034502945840358734,0.0011895347852259874,0.0011573851807042956,0.001131665427237749,2.90918253920904,0.015850026609609436,0.25,6.062985420227051
902684575,XY-Warm-Same-State S2 p2=36,0,spsa,sequential,1,random_shared_stream,15,120,5,72,1.9100548028945923,47,0.06851402670145035,0.00807445589452982,6.514653796330094e-05,6.499562005046755e-05,6.519684393424541e-05,2.571748173843444,0.015214047873475552,0.17620083689689636,6.2656090259552
902684575,XY-Warm-Same-State S2 p2=36,0,spsa,sequential,1,random_shared_stream,20,120,5,72,1.9090632200241089,57,0.14698857069015503,0.01732276938855648,0.0002991521614603698,0.0002963736478704959,0.000300078303553164,2.3217162399589517,0.014778350620464044,0.25,6.469506502151489
902684575,XY-Warm-Same-State S2 p2=36,0,spsa,sequential,1,random_shared_stream,25,120,5,72,1.9090632200241089,67,0.028527643531560898,0.0033620153553783894,1.1163600902364124e-05,1.1303145583951846e-05,1.0744965038611554e-05,2.1274138792728063,0.014449008773880907,0.06069011241197586,6.672393798828125
902684575,XY-Warm-Same-State S2 p2=36,0,spsa,sequential,1,random_shared_stream,30,120,5,72,1.9090632200241089,77,0.1796950399875641,0.0211772657930851,0.00043982535135000944,0.00041387180681340396,0.00044847646495327353,1.9711213107077683,0.014185372641231635,0.25,6.875698804855347
902684575,XY-Warm-Same-State S2 p2=36,0,spsa,sequential,1,random_shared_stream,35,120,5,72,1.9090632200241089,87,0.025204407051205635,0.002970367670059204,8.761813660385087e-06,8.387376510654576e-06,8.795853318588343e-06,1.842071637173715,0.013966227856027484,0.046428319066762924,7.078948497772217
902684575,XY-Warm-Same-State S2 p2=36,0,spsa,sequential,1,random_shared_stream,40,120,5,72,1.9090632200241089,97,0.17148545384407043,0.02020975388586521,0.00040811902727000415,0.0003970887919422239,0.0003882645978592336,1.7333066900811447,0.013779134410346052,0.25,7.282275438308716
902684575,XY-Warm-Same-State S2 p2=36,0,spsa,sequential,1,random_shared_stream,45,120,5,72,1.9090632200241089,107,0.17156897485256195,0.020219597965478897,0.00039747566916048527,0.00040757027454674244,0.00037728642928414047,1.6401091935354601,0.013616187769422706,0.25,7.485910892486572
902684575,XY-Warm-Same-State S2 p2=36,0,spsa,sequential,1,random_shared_stream,50,120,5,72,1.9090632200241089,117,0.22851547598838806,0.026930805295705795,0.0007252683863043785,0.0007163144182413816,0.0007163144182413816,1.559156210906639,0.013472060523173781,0.25,7.6891028881073
902684575,XY-Warm-Same-State S2 p2=36,0,spsa,sequential,1,random_shared_stream,55,120,5,72,1.9090632200241089,127,0.3644157350063324,0.04294680431485176,0.001838735188357532,0.0018216571770608425,0.0017533451318740845,1.4880324253551303,0.01334299625175472,0.25,7.892865419387817
902684575,XY-Warm-Same-State S2 p2=36,0,spsa,sequential,1,random_shared_stream,60,120,5,72,1.9090632200241089,137,0.4356600046157837,0.05134302377700806,0.0025628809817135334,0.0025628807488828897,0.0025628809817135334,1.4249356868007146,0.013226249755755135,0.25,8.096185445785522
902684575,XY-Warm-Same-State S2 p2=36,0,spsa,sequential,1,random_shared_stream,65,120,5,72,1.9090632200241089,147,0.5571197867393494,0.06565719097852707,0.004307540133595467,0.0040979846380651,0.004191120620816946,1.3684912017031279,0.01311975565249048,0.25,8.299569606781006
902684575,XY-Warm-Same-State S2 p2=36,0,spsa,sequential,1,random_shared_stream,70,120,5,72,1.9090632200241089,157,0.1469290405511856,0.017315752804279327,0.0002989098720718175,0.00027669983683153987,0.00029150652699172497,1.317630038388678,0.013021922119457682,0.19359810650348663,8.503883838653564
902684575,XY-Warm-Same-State S2 p2=36,0,spsa,sequential,1,random_shared_stream,75,120,5,72,1.9090632200241089,167,0.29043740034103394,0.0342283733189106,0.0011679655872285366,0.0011137257097288966,0.0011571175418794155,1.2715072360889783,0.01293149713891721,0.25,8.698792457580566
902684575,XY-Warm-Same-State S2 p2=36,0,spsa,sequential,1,random_shared_stream,80,120,5,72,1.9090632200241089,177,0.22714558243751526,0.0267693642526865,0.0007116224151104689,0.0006966932560317218,0.0007165988208726048,1.229445138748564,0.012847478719003411,0.25,8.892344951629639
902684575,XY-Warm-Same-State S2 p2=36,0,spsa,sequential,1,random_shared_stream,85,120,5,72,1.9090632200241089,187,0.3266507685184479,0.03849616274237633,0.0014407890848815441,0.0014636586420238018,0.0014087716117501259,1.19089327313612,0.012769052840860788,0.25,9.082579851150513
902684575,XY-Warm-Same-State S2 p2=36,0,spsa,sequential,1,random_shared_stream,90,120,5,72,1.9090632200241089,197,0.06509488821029663,0.007671507075428963,5.880659955437295e-05,5.812544623040594e-05,5.8670371799962595e-05,1.155399360275952,0.01269554947299621,0.07521060109138489,9.271746635437012
902684575,XY-Warm-Same-State S2 p2=36,0,spsa,sequential,1,random_shared_stream,95,120,5,72,1.9090632200241089,207,0.10722963511943817,0.012637133710086346,0.0001566165592521429,0.000159204239025712,0.0001518108620075509,1.1225879909475598,0.012626410699612943,0.12037470936775208,9.460909128189087
902684575,XY-Warm-Same-State S2 p2=36,0,spsa,sequential,1,random_shared_stream,100,120,5,72,1.9090632200241089,217,0.19346827268600464,0.02280045486986637,0.00047132433974184096,0.000417172210291028,0.0005054202047176659,1.0921446847742102,0.012561167176266359,0.21129535138607025,9.6503164768219
902684575,XY-Warm-Same-State S2 p2=36,0,spsa,sequential,1,random_shared_stream,105,120,5,72,1.9090632200241089,227,0.04665366932749748,0.005498187616467476,3.020674193976447e-05,2.8737222237396054e-05,2.9390341296675615e-05,1.0638038001193104,0.01249942043693397,0.04963034763932228,9.838934421539307
902684575,XY-Warm-Same-State S2 p2=36,0,spsa,sequential,1,random_shared_stream,110,120,5,72,1.9085934162139893,237,1.3727844953536987,0.16178420186042786,0.026093343272805214,0.02617412991821766,0.025850990787148476,1.0373392437670708,0.012440829393713411,0.25,10.115663290023804
902684575,XY-Warm-Same-State S2 p2=36,0,spsa,sequential,1,random_shared_stream,115,120,5,72,1.9085934162139893,247,0.32109612226486206,0.03784154728055,0.0014275626745074987,0.0014319823822006583,0.00141430355142802,1.0125572465797072,0.012385099893453082,0.25,10.304203033447266
902684575,XY-Warm-Same-State S2 p2=36,0,spsa,sequential,1,random_shared_stream,120,120,5,72,1.908591866493225,257,0.5709726214408875,0.06728976964950562,0.004178537055850029,0.0045139379799366,0.0033959345892071724,0.9892906843361118,0.012331976538504544,0.25,10.492529392242432
902684575,XY-Warm-Same-State S2 p2=36,0,spsa,sequential,2,random_shared_stream,1,120,5,72,1.9095107316970825,19,0.4881616532802582,0.05753040313720703,0.003146302653476596,0.002288220450282097,0.003268886124715209,1.5222952545141095,0.02,0.25,10.906805276870728
902684575,XY-Warm-Same-State S2 p2=36,0,spsa,sequential,2,random_shared_stream,5,120,5,72,1.9095107316970825,27,0.6443929076194763,0.07594243437051773,0.00576280290260911,0.005696052685379982,0.005607052240520716,1.2952766631540267,0.016999416915812672,0.25,11.058826684951782
902684575,XY-Warm-Same-State S2 p2=36,0,spsa,sequential,2,random_shared_stream,10,120,5,72,1.9095107316970825,37,0.22176916897296906,0.026135748252272606,0.0006825502496212721,0.0006830773199908435,0.0006809689803048968,1.1090582014777952,0.015850026609609436,0.24595491588115692,11.248134851455688
902684575,XY-Warm-Same-State S2 p2=36,0,spsa,sequential,2,random_shared_stream,15,120,5,72,1.9095107316970825,47,0.06824808567762375,0.008043114095926285,6.38930214336142e-05,6.449202192015946e-05,6.289468728937209e-05,0.9804191953909109,0.015214047873475552,0.0669117346405983,11.438841342926025
902684575,XY-Warm-Same-State S2 p2=36,0,spsa,sequential,2,random_shared_stream,20,120,5,72,1.9086562395095825,57,0.5508220791816711,0.0649150088429451,0.004096904769539833,0.004096904303878546,0.004096904769539833,0.8851003341064818,0.014778350620464044,0.25,11.62899398803711
902684575,XY-Warm-Same-State S2 p2=36,0,spsa,sequential,2,random_shared_stream,25,120,5,72,1.9086562395095825,67,0.5293190479278564,0.062380850315093994,0.0038163054268807173,0.0038433289155364037,0.003783277003094554,0.8110270768319296,0.014449008773880907,0.25,11.823410511016846
902684575,XY-Warm-Same-State S2 p2=36,0,spsa,sequential,2,random_shared_stream,30,120,5,72,1.9086562395095825,77,0.5979852080345154,0.07047323137521744,0.004931986797600985,0.004828518722206354,0.004966476000845432,0.7514441690353587,0.014185372641231635,0.25,12.02528977394104
902684575,XY-Warm-Same-State S2 p2=36,0,spsa,sequential,2,random_shared_stream,35,120,5,72,1.9086562395095825,87,0.20536521077156067,0.02420252189040184,0.0005636152345687151,0.0005694909486919641,0.0005568356136791408,0.7022469815429964,0.013966227856027484,0.1442170888185501,12.217058181762695
902684575,XY-Warm-Same-State S2 p2=36,0,spsa,sequential,2,random_shared_stream,40,120,5,72,1.9086562395095825,97,0.4319803714752197,0.050909373909235,0.002573765814304352,0.0025197709910571575,0.002303790533915162,0.6607828743649332,0.013779134410346052,0.25,12.410398960113525
902684575,XY-Warm-Same-State S2 p2=36,0,spsa,sequential,2,random_shared_stream,45,120,5,72,1.9086562395095825,107,0.7052937746047974,0.08311966806650162,0.006887555588036776,0.006887555588036776,0.006716966163367033,0.6252534957480479,0.013616187769422706,0.25,12.606491327285767
902684575,XY-Warm-Same-State S2 p2=36,0,spsa,sequential,2,random_shared_stream,50,120,5,72,1.9086562395095825,117,0.05207013711333275,0.006136524956673384,3.7656936910934746e-05,3.719203596119769e-05,3.719203232321888e-05,0.5943920533639637,0.013472060523173781,0.03095007874071598,12.8020761013031
902684575,XY-Warm-Same-State S2 p2=36,0,spsa,sequential,2,random_shared_stream,55,120,5,72,1.9086562395095825,127,0.2898572087287903,0.03415999934077263,0.0011588020715862513,0.0011669056257233024,0.001134491409175098,0.5672777638262935,0.01334299625175472,0.16442956030368805,12.99692964553833
902684575,XY-Warm-Same-State S2 p2=36,0,spsa,sequential,2,random_shared_stream,60,120,5,72,1.9086562395095825,137,0.4440726637840271,0.052334465086460114,0.0025677154771983624,0.0021978795994073153,0.0027304431423544884,0.5432235993188642,0.013226249755755135,0.241230770945549,13.192939281463623
902684575,XY-Warm-Same-State S2 p2=36,0,spsa,sequential,2,random_shared_stream,65,120,5,72,1.9086562395095825,147,0.018696587532758713,0.0022034139838069677,4.851287030760432e-06,4.855033239437034e-06,4.8400488594779745e-06,0.5217054517698659,0.01311975565249048,0.009754111990332603,13.388447284698486
902684575,XY-Warm-Same-State S2 p2=36,0,spsa,sequential,2,random_shared_stream,70,120,5,72,1.9086562395095825,157,0.25482457876205444,0.030031362548470497,0.0008844854310154915,0.0008990992209874094,0.0008573453524149954,0.5023158158325044,0.013021922119457682,0.12800242006778717,13.58394980430603
902684575,XY-Warm-Same-State S2 p2=36,0,spsa,sequential,2,random_shared_stream,75,120,5,72,1.9086562395095825,167,0.3614235818386078,0.04259418323636055,0.0018016650574281812,0.001763868029229343,0.001814264222048223,0.48473256986007096,0.01293149713891721,0.17519378662109375,13.778682708740234
902684575,XY-Warm-Same-State S2 p2=36,0,spsa,sequential,2,random_shared_stream,80,120,5,72,1.9086562395095825,177,0.274385541677475,0.03233664482831955,0.0010254880180582404,0.0010166127467527986,0.0010327494237571955,0.4686973732376456,0.012847478719003411,0.12860378623008728,13.973973035812378
902684575,XY-Warm-Same-State S2 p2=36,0,spsa,sequential,2,random_shared_stream,85,120,5,72,1.9086562395095825,187,0.09628810733556747,0.011347661726176739,0.0001271796936634928,0.0001271796936634928,0.00012717967911157757,0.4540003708448787,0.012769052840860788,0.04371483623981476,14.173597812652588
902684575,XY-Warm-Same-State S2 p2=36,0,spsa,sequential,2,random_shared_stream,90,120,5,72,1.9086562395095825,197,0.06158916652202606,0.007258353289216757,5.122026050230488e-05,5.252108530839905e-05,4.471610009204596e-05,0.4404691418382554,0.01269554947299621,0.027128130197525024,14.366978406906128
902684575,XY-Warm-Same-State S2 p2=36,0,spsa,sequential,2,random_shared_stream,95,120,5,72,1.9086562395095825,207,0.37099769711494446,0.043722499161958694,0.0019057568861171603,0.0018880561692640185,0.0018172541167587042,0.42796057018112443,0.012626410699612943,0.15877237915992737,14.562095403671265
902684575,XY-Warm-Same-State S2 p2=36,0,spsa,sequential,2,random_shared_stream,100,120,5,72,1.9086562395095825,217,0.5670371651649475,0.0668259710073471,0.0044622644782066345,0.004451926797628403,0.004410578403621912,0.41635476754186046,0.012561167176266359,0.2360886186361313,14.758246183395386
902684575,XY-Warm-Same-State S2 p2=36,0,spsa,sequential,2,random_shared_stream,105,120,5,72,1.9086562395095825,227,0.8999748229980469,0.10606304556131363,0.011240688152611256,0.011110488325357437,0.011214649304747581,0.40555046422296365,0.01249942043693397,0.25,14.965171575546265
902684575,XY-Warm-Same-State S2 p2=36,0,spsa,sequential,2,random_shared_stream,110,120,5,72,1.9086562395095825,237,0.039921652525663376,0.0047048116102814674,2.1298348656273447e-05,2.0427285562618636e-05,2.186197707487736e-05,0.3954614674428226,0.012440829393713411,0.01578747294843197,15.173796892166138
902684575,XY-Warm-Same-State S2 p2=36,0,spsa,sequential,2,random_shared_stream,115,120,5,72,1.9086562395095825,247,0.4639008641242981,0.05467124283313751,0.00298663810826838,0.0029797193128615618,0.0029520438984036446,0.38601390722299606,0.012385099893453082,0.17907217144966125,15.382139921188354
902684575,XY-Warm-Same-State S2 p2=36,0,spsa,sequential,2,random_shared_stream,120,120,5,72,1.9086562395095825,257,0.13997483253479004,0.016496192663908005,0.00027128448709845543,0.0002687648229766637,0.00025868613738566637,0.37714407134000305,0.012331976538504544,0.05279067903757095,15.586207628250122
902684575,XY-Warm-Same-State S2 p2=36,0,spsa,sequential,3,random_shared_stream,1,120,5,72,1.9111216068267822,19,0.41232261061668396,0.04859268665313721,0.0023157005198299885,0.002332097850739956,0.0022956589236855507,2.9023814548914455,0.02,0.25,16.017452478408813
902684575,XY-Warm-Same-State S2 p2=36,0,spsa,sequential,3,random_shared_stream,5,120,5,72,1.90990149974823,27,0.21165387332439423,0.024943646043539047,0.00062170549063012,0.0006202652584761381,0.0006145043298602104,2.469551786976997,0.016999416915812672,0.25,16.182602405548096
902684575,XY-Warm-Same-State S2 p2=36,0,spsa,sequential,3,random_shared_stream,10,120,5,72,1.909240484237671,37,0.4028860032558441,0.04748057201504707,0.002169168321415782,0.002080453559756279,0.0022265722509473562,2.1145109313185335,0.015850026609609436,0.25,16.38649344444275
902684575,XY-Warm-Same-State S2 p2=36,0,spsa,sequential,3,random_shared_stream,15,120,5,72,1.909240484237671,47,0.279308557510376,0.0329168327152729,0.0010157977230846882,0.0010701409773901105,0.0009196524042636156,1.8692500566392578,0.015214047873475552,0.25,16.589417219161987
902684575,XY-Warm-Same-State S2 p2=36,0,spsa,sequential,3,random_shared_stream,20,120,5,72,1.9092330932617188,57,0.07720749825239182,0.009098989889025688,8.253610576502979e-05,8.279163739643991e-05,8.176951087079942e-05,1.6875167861236116,0.014778350620464044,0.1302889585494995,16.801603317260742
902684575,XY-Warm-Same-State S2 p2=36,0,spsa,sequential,3,random_shared_stream,25,120,5,72,1.9092330932617188,67,0.5599468946456909,0.0659903734922409,0.004324487876147032,0.003494535805657506,0.004018716048449278,1.5462900118959775,0.014449008773880907,0.25,17.00913143157959
902684575,XY-Warm-Same-State S2 p2=36,0,spsa,sequential,3,random_shared_stream,30,120,5,72,1.9092330932617188,77,0.09273547679185867,0.010928981006145477,0.0001194426222355105,0.00011907397856703028,0.00011907397856703028,1.4326902840478661,0.014185372641231635,0.1328612118959427,17.214675188064575
902684575,XY-Warm-Same-State S2 p2=36,0,spsa,sequential,3,random_shared_stream,35,120,5,72,1.9092330932617188,87,0.28742438554763794,0.033873289823532104,0.0011394317261874676,0.0011438584187999368,0.0011332343565300107,1.338891788527872,0.013966227856027484,0.25,17.418927669525146
902684575,XY-Warm-Same-State S2 p2=36,0,spsa,sequential,3,random_shared_stream,40,120,5,72,1.9092330932617188,97,0.4402022361755371,0.05187833309173584,0.0026830548886209726,0.0026581347920000553,0.002691361354663968,1.2598370484172527,0.013779134410346052,0.25,17.621398448944092
902684575,XY-Warm-Same-State S2 p2=36,0,spsa,sequential,3,random_shared_stream,45,120,5,72,1.9092330932617188,107,0.44974178075790405,0.053002577275037766,0.00280060269869864,0.002774591092020273,0.00280927331186831,1.1920973577786067,0.013616187769422706,0.25,17.833698987960815
902684575,XY-Warm-Same-State S2 p2=36,0,spsa,sequential,3,random_shared_stream,50,120,5,72,1.9092330932617188,117,0.637943685054779,0.07518238574266434,0.005634945817291737,0.005582608748227358,0.005373260471969843,1.1332574725584714,0.013472060523173781,0.25,18.043826580047607
902684575,XY-Warm-Same-State S2 p2=36,0,spsa,sequential,3,random_shared_stream,55,120,5,72,1.9092330932617188,127,0.1318325251340866,0.015536612831056118,0.00024120007583405823,0.00023468110885005444,0.00023840623907744884,1.0815618432885703,0.01334299625175472,0.14258502423763275,18.247648000717163
902684575,XY-Warm-Same-State S2 p2=36,0,spsa,sequential,3,random_shared_stream,60,120,5,72,1.9092330932617188,137,0.022178776562213898,0.0026137935929000378,6.7844748627976514e-06,6.810832928749733e-06,6.7475734795152675e-06,1.0357005947743627,0.013226249755755135,0.022970572113990784,18.450563669204712
902684575,XY-Warm-Same-State S2 p2=36,0,spsa,sequential,3,random_shared_stream,65,120,5,72,1.9092330932617188,147,0.14282651245594025,0.016832266002893448,0.00027545506600290537,0.0002754550368990749,0.0002754550368990749,0.9946744717508335,0.01311975565249048,0.1420658826828003,18.65309453010559
902684575,XY-Warm-Same-State S2 p2=36,0,spsa,sequential,3,random_shared_stream,70,120,5,72,1.9092330932617188,157,0.171863853931427,0.02025435119867325,0.00041023865924216807,0.00040897249709814787,0.00040897249709814787,0.9577065316650863,0.013021922119457682,0.16459514200687408,18.86476492881775
902684575,XY-Warm-Same-State S2 p2=36,0,spsa,sequential,3,random_shared_stream,75,120,5,72,1.9092330932617188,167,0.17255719006061554,0.020336057990789413,0.00041227892506867647,0.00040844970499165356,0.0003931328246835619,0.9241826230305065,0.01293149713891721,0.15947435796260834,19.070903778076172
902684575,XY-Warm-Same-State S2 p2=36,0,spsa,sequential,3,random_shared_stream,80,120,5,72,1.9092330932617188,177,0.6897825002670288,0.08129165321588516,0.006608331575989723,0.006587935611605644,0.006587935145944357,0.8936101981579608,0.012847478719003411,0.25,19.27358055114746
902684575,XY-Warm-Same-State S2 p2=36,0,spsa,sequential,3,random_shared_stream,85,120,5,72,1.9092330932617188,187,0.221015065908432,0.0260468777269125,0.0006700639496557415,0.0006260910886339843,0.0006763457786291838,0.8655891509525835,0.012769052840860788,0.19130824506282806,19.478283643722534
902684575,XY-Warm-Same-State S2 p2=36,0,spsa,sequential,3,random_shared_stream,90,120,5,72,1.9092330932617188,197,0.13931263983249664,0.016418153420090675,0.0002687237283680588,0.00024875663802959025,0.0002620680315885693,0.8397907468557068,0.01269554947299621,0.11699345707893372,19.696143865585327
902684575,XY-Warm-Same-State S2 p2=36,0,spsa,sequential,3,random_shared_stream,95,120,5,72,1.9092330932617188,207,0.18682068586349487,0.02201702818274498,0.0004843755450565368,0.0004847495583817363,0.0004832534468732774,0.8159421233398794,0.012626410699612943,0.15243487060070038,19.895293474197388
902684575,XY-Warm-Same-State S2 p2=36,0,spsa,sequential,3,random_shared_stream,100,120,5,72,1.9092330932617188,217,0.1928643137216568,0.02272927761077881,0.0005130324279889464,0.0005150255165062845,0.0005102420691400766,0.7938147034129996,0.012561167176266359,0.15309852361679077,20.103469848632812
902684575,XY-Warm-Same-State S2 p2=36,0,spsa,sequential,3,random_shared_stream,105,120,5,72,1.9092330932617188,227,0.40207940340042114,0.047385506331920624,0.0022436538711190224,0.0021830147597938776,0.0022176657803356647,0.7732154080445087,0.01249942043693397,0.25,20.30579710006714
902684575,XY-Warm-Same-State S2 p2=36,0,spsa,sequential,3,random_shared_stream,110,120,5,72,1.9092330932617188,237,0.28302907943725586,0.03335529565811157,0.0011125757591798902,0.001112575875595212,0.001112575875595212,0.7539799035874662,0.012440829393713411,0.21339823305606842,20.506571292877197
902684575,XY-Warm-Same-State S2 p2=36,0,spsa,sequential,3,random_shared_stream,115,120,5,72,1.9092330932617188,247,0.178291454911232,0.021011849865317345,0.0004292339726816863,0.0004360472084954381,0.0004196954832877964,0.7359673508355056,0.012385099893453082,0.13121668994426727,20.705085039138794
902684575,XY-Warm-Same-State S2 p2=36,0,spsa,sequential,3,random_shared_stream,120,120,5,72,1.9092330932617188,257,0.029528826475143433,0.003480005543678999,1.2110438547097147e-05,1.1512393029988743e-05,1.1512392120494042e-05,0.7190562771798589,0.012331976538504544,0.021232886239886284,20.904219150543213
902684575,XY-Warm-Same-State S2 p2=36,0,spsa,sequential,4,continuation,1,120,5,72,-0.025663213804364204,19,16.74565887451172,1.9734948873519897,3.78649640083313,3.702352285385132,3.846599578857422,0.01190563968504173,0.02,0.19936779141426086,21.3443386554718
902684575,XY-Warm-Same-State S2 p2=36,0,spsa,sequential,4,continuation,5,120,5,72,-0.025663213804364204,27,84.46412658691406,9.954191207885742,99.00949096679688,99.0859375,98.78012084960938,0.010130161805488359,0.016999416915812672,0.25,21.506053686141968
902684575,XY-Warm-Same-State S2 p2=36,0,spsa,sequential,4,continuation,10,120,5,72,-0.025663213804364204,37,37.266456604003906,4.3918938636779785,18.752933502197266,16.371606826782227,19.229198455810547,0.008673775535580679,0.015850026609609436,0.25,21.704612493515015
902684575,XY-Warm-Same-State S2 p2=36,0,spsa,sequential,4,continuation,15,120,5,72,-0.025663213804364204,47,60.0844612121582,7.081021785736084,49.986114501953125,50.140869140625,49.521846771240234,0.007667709431537563,0.015214047873475552,0.25,21.90362811088562
902684575,XY-Warm-Same-State S2 p2=36,0,spsa,sequential,4,continuation,20,120,5,72,-0.025663213804364204,57,94.27729797363281,11.110685348510742,120.01825714111328,123.06635284423828,113.92208862304688,0.006922235112888973,0.014778350620464044,0.25,22.10408592224121
902684575,XY-Warm-Same-State S2 p2=36,0,spsa,sequential,4,continuation,25,120,5,72,-0.025663213804364204,67,41.08271408081055,4.841644287109375,22.989330291748047,22.790367126464844,23.152116775512695,0.006342919432311818,0.014449008773880907,0.25,22.31347155570984
902684575,XY-Warm-Same-State S2 p2=36,0,spsa,sequential,4,continuation,30,120,5,72,-0.025663213804364204,77,17.13727569580078,2.0196471214294434,4.050648212432861,4.066385269165039,4.028616905212402,0.005876930571406214,0.014185372641231635,0.10071456432342529,22.524858236312866
902684575,XY-Warm-Same-State S2 p2=36,0,spsa,sequential,4,continuation,35,120,5,72,-0.025663213804364204,87,47.829341888427734,5.63674259185791,31.552215576171875,30.890281677246094,31.77286148071289,0.005492166849608723,0.013966227856027484,0.25,22.73267126083374
902684575,XY-Warm-Same-State S2 p2=36,0,spsa,sequential,4,continuation,40,120,5,72,-0.025663213804364204,97,14.5031099319458,1.7092080116271973,2.8109378814697266,2.777125358581543,2.8402419090270996,0.005167882372954068,0.013779134410346052,0.07495036721229553,22.94462275505066
902684575,XY-Warm-Same-State S2 p2=36,0,spsa,sequential,4,continuation,45,120,5,72,-0.025663213804364204,107,31.860944747924805,3.754848003387451,14.000978469848633,13.707249641418457,14.098885536193848,0.004890012505862433,0.013616187769422706,0.15580041706562042,23.14890742301941
902684575,XY-Warm-Same-State S2 p2=36,0,spsa,sequential,4,continuation,50,120,5,72,-0.025663213804364204,117,32.70519256591797,3.854343891143799,14.85596752166748,14.85596752166748,14.85596752166748,0.004648649858178914,0.013472060523173781,0.15203498303890228,23.348089933395386
902684575,XY-Warm-Same-State S2 p2=36,0,spsa,sequential,4,continuation,55,120,5,72,-0.025663213804364204,127,46.62834167480469,5.495203018188477,28.706037521362305,28.70603370666504,28.70603370666504,0.004436593123065176,0.01334299625175472,0.20687098801136017,23.54783797264099
902684575,XY-Warm-Same-State S2 p2=36,0,spsa,sequential,4,continuation,60,120,5,72,-0.025663213804364204,137,14.8280611038208,1.7475037574768066,3.044343948364258,3.016068458557129,3.053769111633301,0.00424846916044954,0.013226249755755135,0.06299655884504318,23.763643741607666
902684575,XY-Warm-Same-State S2 p2=36,0,spsa,sequential,4,continuation,65,120,5,72,-0.025663213804364204,147,148.7657012939453,17.53220558166504,278.68011474609375,298.8399658203125,246.66156005859375,0.004080179000805242,0.01311975565249048,0.25,23.966041326522827
902684575,XY-Warm-Same-State S2 p2=36,0,spsa,sequential,4,continuation,70,120,5,72,-0.025663213804364204,157,19.48213768005371,2.295991897583008,5.169889450073242,5.12514591217041,5.206497669219971,0.003928535606785699,0.013021922119457682,0.07653627544641495,24.16586470603943
902684575,XY-Warm-Same-State S2 p2=36,0,spsa,sequential,4,continuation,75,120,5,72,-0.025663213804364204,167,90.10969543457031,10.619529724121094,112.6874008178711,112.42634582519531,112.77442169189453,0.003791019713978117,0.01293149713891721,0.25,24.377975940704346
902684575,XY-Warm-Same-State S2 p2=36,0,spsa,sequential,4,continuation,80,120,5,72,-0.025663213804364204,177,39.928016662597656,4.705562114715576,22.125226974487305,22.142311096191406,22.073972702026367,0.0036656108797199233,0.012847478719003411,0.1463605761528015,24.586304426193237
902684575,XY-Warm-Same-State S2 p2=36,0,spsa,sequential,4,continuation,85,120,5,72,-0.025663213804364204,187,3.09187388420105,0.3643808364868164,0.1302121877670288,0.12252853810787201,0.13277341425418854,0.0035506678590282318,0.012769052840860788,0.010978217236697674,24.787296533584595
902684575,XY-Warm-Same-State S2 p2=36,0,spsa,sequential,4,continuation,90,120,5,72,-0.025663213804364204,197,11.804165840148926,1.391134262084961,1.9292817115783691,1.9113625288009644,1.9352545738220215,0.0034448421747065253,0.01269554947299621,0.04066348448395729,25.002745389938354
902684575,XY-Warm-Same-State S2 p2=36,0,spsa,sequential,4,continuation,95,120,5,72,-0.025663213804364204,207,56.7982177734375,6.693734645843506,43.561466217041016,42.59342956542969,44.25291442871094,0.0033470145379962866,0.012626410699612943,0.19010446965694427,25.20421862602234
902684575,XY-Warm-Same-State S2 p2=36,0,spsa,sequential,4,continuation,100,120,5,72,-0.025663213804364204,217,25.306333541870117,2.9823803901672363,8.064154624938965,7.137635231018066,8.6475191116333,0.0032562473204876922,0.012561167176266359,0.08240368962287903,25.404919385910034
902684575,XY-Warm-Same-State S2 p2=36,0,spsa,sequential,4,continuation,105,120,5,72,-0.025663213804364204,227,82.98854064941406,9.780293464660645,95.58033752441406,94.47322845458984,95.3589096069336,0.0031717485072770167,0.01249942043693397,0.25,25.61566400527954
902684575,XY-Warm-Same-State S2 p2=36,0,spsa,sequential,4,continuation,110,120,5,72,-0.025663213804364204,237,129.49343872070312,15.26094913482666,230.02130126953125,226.4272003173828,232.177734375,0.0030928439977269003,0.012440829393713411,0.25,25.824356079101562
902684575,XY-Warm-Same-State S2 p2=36,0,spsa,sequential,4,continuation,115,120,5,72,-0.025663213804364204,247,1.066196084022522,0.12565240263938904,0.015739796683192253,0.01500884722918272,0.01403424795717001,0.003018956065969608,0.012385099893453082,0.0032187991309911013,26.025001764297485
902684575,XY-Warm-Same-State S2 p2=36,0,spsa,sequential,4,continuation,120,120,5,72,-0.025663213804364204,257,64.80387878417969,7.637210369110107,57.60689163208008,53.82644271850586,58.14695739746094,0.002949586428394225,0.012331976538504544,0.1911446452140808,26.226658582687378
