seed,label,trial,optimizer,optimizer_execution,restart,initializer_role,step,max_steps,restart_count,parameter_count,energy_min,objective_calls,gradient_l2,gradient_abs_mean,gradient_variance,gamma_gradient_variance,beta_gradient_variance,spsa_a_k,spsa_c_k,spsa_update_l2,elapsed_sec
176430694,XY-Warm-Same-State S2 p2=20,0,spsa,sequential,0,deterministic_linear_ramp,1,120,5,40,3.8800110816955566,19,36.50688171386719,5.772244930267334,32.985626220703125,31.986059188842773,33.31881332397461,0.019042999281103968,0.01,0.25,0.26709699630737305
176430694,XY-Warm-Same-State S2 p2=20,0,spsa,sequential,0,deterministic_linear_ramp,5,120,5,40,3.2587764263153076,27,38.734981536865234,6.124538421630859,36.00957489013672,37.50996780395508,31.508377075195312,0.01620313305985167,0.008499708457906336,0.25,0.3698456287384033
176430694,XY-Warm-Same-State S2 p2=20,0,spsa,sequential,0,deterministic_linear_ramp,10,120,5,40,3.159776449203491,37,59.881168365478516,9.46804428100586,88.74742126464844,75.30084228515625,86.05811309814453,0.013873651954715703,0.007925013304804718,0.25,0.49625539779663086
176430694,XY-Warm-Same-State S2 p2=20,0,spsa,sequential,0,deterministic_linear_ramp,15,120,5,40,3.0637526512145996,47,41.553504943847656,6.570186138153076,43.05942916870117,41.440650939941406,42.73567581176758,0.012264455254423578,0.007607023936737776,0.25,0.6268117427825928
176430694,XY-Warm-Same-State S2 p2=20,0,spsa,sequential,0,deterministic_linear_ramp,20,120,5,40,2.9204912185668945,57,12.838302612304688,2.029913902282715,3.9557290077209473,4.120550632476807,3.4612629413604736,0.011072073552166745,0.007389175310232022,0.14214661717414856,0.754115104675293
176430694,XY-Warm-Same-State S2 p2=20,0,spsa,sequential,0,deterministic_linear_ramp,25,120,5,40,2.9204912185668945,67,1.4336909055709839,0.22668643295764923,0.050230544060468674,0.05087288096547127,0.04316486418247223,0.010145461595093701,0.007224504386940453,0.014545455574989319,0.8790404796600342
176430694,XY-Warm-Same-State S2 p2=20,0,spsa,sequential,0,deterministic_linear_ramp,30,120,5,40,2.920464038848877,77,22.95867919921875,3.6300857067108154,13.177523612976074,13.045747756958008,13.045747756958008,0.009400115206492931,0.007092686320615818,0.21581420302391052,1.0023112297058105
176430694,XY-Warm-Same-State S2 p2=20,0,spsa,sequential,0,deterministic_linear_ramp,35,120,5,40,2.899031639099121,87,20.28073501586914,3.2066657543182373,9.35726261138916,9.871397018432617,8.637472152709961,0.0087846879408089,0.006983113928013742,0.1781599372625351,1.1300325393676758
176430694,XY-Warm-Same-State S2 p2=20,0,spsa,sequential,0,deterministic_linear_ramp,40,120,5,40,2.8849692344665527,97,10.242706298828125,1.6195141077041626,2.622825860977173,2.596597909927368,2.59659743309021,0.008265996865052047,0.006889567205173026,0.0846661850810051,1.256873607635498
176430694,XY-Warm-Same-State S2 p2=20,0,spsa,sequential,0,deterministic_linear_ramp,45,120,5,40,2.8402600288391113,107,36.0235595703125,5.695825099945068,32.36131286621094,32.44241714477539,32.11799240112305,0.007821545678954529,0.006808093884711353,0.25,1.3827183246612549
176430694,XY-Warm-Same-State S2 p2=20,0,spsa,sequential,0,deterministic_linear_ramp,50,120,5,40,2.8402600288391113,117,46.19508361816406,7.304084300994873,52.1492805480957,48.548179626464844,53.349647521972656,0.007435487571375702,0.006736030261586891,0.25,1.5084681510925293
176430694,XY-Warm-Same-State S2 p2=20,0,spsa,sequential,0,deterministic_linear_ramp,55,120,5,40,2.745582342147827,127,12.825048446655273,2.027818441390991,4.101767063140869,3.741962432861328,3.9475646018981934,0.007096304095212069,0.00667149812587736,0.0910104513168335,1.6326563358306885
176430694,XY-Warm-Same-State S2 p2=20,0,spsa,sequential,0,deterministic_linear_ramp,60,120,5,40,2.745582342147827,137,8.281845092773438,1.3094748258590698,1.697576880455017,1.6975767612457275,1.5603989362716675,0.0067954009451403445,0.006613124877877567,0.05627845600247383,1.7617452144622803
176430694,XY-Warm-Same-State S2 p2=20,0,spsa,sequential,0,deterministic_linear_ramp,65,120,5,40,2.745582342147827,147,5.276109218597412,0.834226131439209,0.6524373292922974,0.6959332227706909,0.5219498872756958,0.006526221843982958,0.00655987782624524,0.03443305939435959,1.8857955932617188
176430694,XY-Warm-Same-State S2 p2=20,0,spsa,sequential,0,deterministic_linear_ramp,70,120,5,40,2.745582342147827,157,7.179607391357422,1.1351956129074097,1.285447359085083,1.2757823467254639,1.2371222972869873,0.006283669144615911,0.006510961059728841,0.04511427506804466,2.011688232421875
176430694,XY-Warm-Same-State S2 p2=20,0,spsa,sequential,0,deterministic_linear_ramp,75,120,5,40,2.745582342147827,167,40.79744338989258,6.4506425857543945,41.50675582885742,31.208087921142578,34.95305633544922,0.0060637132987183305,0.006465748569458605,0.2473839819431305,2.1397807598114014
176430694,XY-Warm-Same-State S2 p2=20,0,spsa,sequential,0,deterministic_linear_ramp,80,120,5,40,2.745582342147827,177,10.962117195129395,1.7332628965377808,2.97415828704834,3.0042004585266113,2.8840324878692627,0.005863122620367518,0.006423739359501706,0.06427223980426788,2.2684075832366943
176430694,XY-Warm-Same-State S2 p2=20,0,spsa,sequential,0,deterministic_linear_ramp,85,120,5,40,2.745582342147827,187,17.377111434936523,2.747562885284424,7.473609924316406,7.47360897064209,7.47360897064209,0.00567927194805548,0.006384526420430394,0.09868934750556946,2.3938138484954834
176430694,XY-Warm-Same-State S2 p2=20,0,spsa,sequential,0,deterministic_linear_ramp,90,120,5,40,2.745582342147827,197,21.005523681640625,3.3212647438049316,11.003223419189453,11.030799865722656,10.920492172241211,0.005510004400592865,0.006347774736498105,0.11574052274227142,2.5182511806488037
176430694,XY-Warm-Same-State S2 p2=20,0,spsa,sequential,0,deterministic_linear_ramp,95,120,5,40,2.634784698486328,207,22.33711051940918,3.5318076610565186,11.974717140197754,12.34892749786377,11.351034164428711,0.005353529682322518,0.006313205349806472,0.11958238482475281,2.651003837585449
176430694,XY-Warm-Same-State S2 p2=20,0,spsa,sequential,0,deterministic_linear_ramp,100,120,5,40,2.6209702491760254,217,93.25669860839844,14.745180130004883,208.7235107421875,217.42031860351562,182.633056640625,0.0052083480622256454,0.0062805835881331795,0.25,2.7752976417541504
176430694,XY-Warm-Same-State S2 p2=20,0,spsa,sequential,0,deterministic_linear_ramp,105,120,5,40,2.5865705013275146,227,19.711349487304688,3.116637945175171,7.746462345123291,8.159283638000488,7.285073757171631,0.005073192717213254,0.006249710218466985,0.09999946504831314,2.9054884910583496
176430694,XY-Warm-Same-State S2 p2=20,0,spsa,sequential,0,deterministic_linear_ramp,110,120,5,40,2.551926851272583,237,26.016664505004883,4.113595962524414,16.540931701660156,16.75245475769043,16.24480438232422,0.004946985427358299,0.006220414696856706,0.12870407104492188,3.0294272899627686
176430694,XY-Warm-Same-State S2 p2=20,0,spsa,sequential,0,deterministic_linear_ramp,115,120,5,40,2.440033197402954,247,33.86622619628906,5.354720592498779,26.880970001220703,26.092458724975586,27.526111602783203,0.004828802123599812,0.006192549946726541,0.1635333150625229,3.155252695083618
176430694,XY-Warm-Same-State S2 p2=20,0,spsa,sequential,0,deterministic_linear_ramp,120,120,5,40,2.290400743484497,257,20.385799407958984,3.2232778072357178,10.285624504089355,9.454463005065918,10.285623550415039,0.004717845804290219,0.006165988269252272,0.09617706388235092,3.2818186283111572
176430694,XY-Warm-Same-State S2 p2=20,0,spsa,sequential,1,random_shared_stream,1,120,5,40,2.916705369949341,19,1.0862849950790405,0.17175674438476562,0.029205376282334328,0.02478032000362873,0.028320366516709328,0.7418295012380616,0.01,0.25,3.53572678565979
176430694,XY-Warm-Same-State S2 p2=20,0,spsa,sequential,1,random_shared_stream,5,120,5,40,2.916705369949341,27,0.23887594044208527,0.03776960447430611,0.001412277459166944,0.0014122775755822659,0.0014122775755822659,0.6312011011947528,0.008499708457906336,0.15077875554561615,3.639263868331909
176430694,XY-Warm-Same-State S2 p2=20,0,spsa,sequential,1,random_shared_stream,10,120,5,40,2.916705369949341,37,0.020834553986787796,0.0032942325342446566,1.0851965271285735e-05,1.0851965271285735e-05,1.0851965271285735e-05,0.5404550070077282,0.007925013304804718,0.0112601388245821,3.7653019428253174
176430694,XY-Warm-Same-State S2 p2=20,0,spsa,sequential,1,random_shared_stream,15,120,5,40,2.9156739711761475,47,0.40467339754104614,0.06398448348045349,0.004053073935210705,0.0037255524657666683,0.004053073935210705,0.4777679497879037,0.007607023936737776,0.1933399885892868,3.8941402435302734
176430694,XY-Warm-Same-State S2 p2=20,0,spsa,sequential,1,random_shared_stream,20,120,5,40,2.9156739711761475,57,0.3408949673175812,0.053900230675935745,0.00264376332052052,0.00264376332052052,0.002643763553351164,0.4313181279707966,0.007389175310232022,0.1470341682434082,4.0217132568359375
176430694,XY-Warm-Same-State S2 p2=20,0,spsa,sequential,1,random_shared_stream,25,120,5,40,2.9156739711761475,67,0.137441486120224,0.021731406450271606,0.0004675315285567194,0.00042975120595656335,0.0004675315285567194,0.39522149866310124,0.007224504386940453,0.054319828748703,4.147375822067261
176430694,XY-Warm-Same-State S2 p2=20,0,spsa,sequential,1,random_shared_stream,30,120,5,40,2.914965867996216,77,0.05942115932703018,0.009395310655236244,8.805117977317423e-05,8.827185956761241e-05,8.738914038985968e-05,0.36618615966301243,0.007092686320615818,0.021759208291769028,4.273961544036865
176430694,XY-Warm-Same-State S2 p2=20,0,spsa,sequential,1,random_shared_stream,35,120,5,40,2.914965867996216,87,0.24260181188583374,0.03835871443152428,0.001438284758478403,0.0013389657251536846,0.0014713909476995468,0.34221188466507624,0.006983113928013742,0.08302121609449387,4.40008020401001
176430694,XY-Warm-Same-State S2 p2=20,0,spsa,sequential,1,random_shared_stream,40,120,5,40,2.9144885540008545,97,0.3933021128177643,0.06218652054667473,0.0037801521830260754,0.0037124764639884233,0.003828491549938917,0.32200601602298945,0.006889567205173026,0.12664563953876495,4.526278257369995
176430694,XY-Warm-Same-State S2 p2=20,0,spsa,sequential,1,random_shared_stream,45,120,5,40,2.9140031337738037,107,0.37774285674095154,0.05972639471292496,0.0033442892599850893,0.003424552036449313,0.0032461900264024734,0.3046921991793083,0.006808093884711353,0.11509530991315842,4.651545524597168
176430694,XY-Warm-Same-State S2 p2=20,0,spsa,sequential,1,random_shared_stream,50,120,5,40,2.9140031337738037,117,0.19531315565109253,0.030881721526384354,0.0009441438014619052,0.0009441438014619052,0.0008678493904881179,0.28965311373029023,0.006736030261586891,0.056573063135147095,4.774159908294678
176430694,XY-Warm-Same-State S2 p2=20,0,spsa,sequential,1,random_shared_stream,55,120,5,40,2.913724660873413,127,0.20115774869918823,0.03180583193898201,0.0009483853355050087,0.0009711465099826455,0.0009205659735016525,0.27644005284442785,0.00667149812587736,0.055608056485652924,4.899044990539551
176430694,XY-Warm-Same-State S2 p2=20,0,spsa,sequential,1,random_shared_stream,60,120,5,40,2.913724660873413,137,0.08732973039150238,0.013808043673634529,0.00019066203094553202,0.00018875542446039617,0.00018875542446039617,0.26471822108654064,0.006613124877877567,0.02311777137219906,5.023285388946533
176430694,XY-Warm-Same-State S2 p2=20,0,spsa,sequential,1,random_shared_stream,65,120,5,40,2.9134769439697266,147,0.640291154384613,0.1012389212846756,0.010146825574338436,0.009839346632361412,0.008609428070485592,0.2542322154207505,0.00655987782624524,0.16278263926506042,5.1482789516448975
176430694,XY-Warm-Same-State S2 p2=20,0,spsa,sequential,1,random_shared_stream,70,120,5,40,2.9129457473754883,157,0.7649509310722351,0.12094936519861221,0.01462874747812748,0.01462874747812748,0.01462874747812748,0.24478345446984573,0.006510961059728841,0.18724732100963593,5.275249004364014
176430694,XY-Warm-Same-State S2 p2=20,0,spsa,sequential,1,random_shared_stream,75,120,5,40,2.9129457473754883,167,0.05422183871269226,0.008573225699365139,7.331644155783579e-05,7.056018512230366e-05,7.276519318111241e-05,0.23621496517632837,0.006465748569458605,0.01280800998210907,5.400181531906128
176430694,XY-Warm-Same-State S2 p2=20,0,spsa,sequential,1,random_shared_stream,80,120,5,40,2.9129457473754883,177,0.009624231606721878,0.0015217246254906058,2.3156458155426662e-06,2.107237833115505e-06,2.1072376057418296e-06,0.2284008556089535,0.006423739359501706,0.0021981827449053526,5.5259435176849365
176430694,XY-Warm-Same-State S2 p2=20,0,spsa,sequential,1,random_shared_stream,85,120,5,40,2.9129457473754883,187,0.2946333885192871,0.046585630625486374,0.002170220948755741,0.0021702211815863848,0.002170220948755741,0.2212388612964896,0.006384526420430394,0.06518435478210449,5.651165008544922
176430694,XY-Warm-Same-State S2 p2=20,0,spsa,sequential,1,random_shared_stream,90,120,5,40,2.9129457473754883,197,0.17697212100028992,0.027981748804450035,0.000712510256562382,0.0006577017484232783,0.0007516591576859355,0.21464495986024995,0.006347774736498105,0.03798617050051689,5.776503801345825
176430694,XY-Warm-Same-State S2 p2=20,0,spsa,sequential,1,random_shared_stream,95,120,5,40,2.9129457473754883,207,0.1812850385904312,0.02866368368268013,0.0008195525733754039,0.0007887423853389919,0.0007476620376110077,0.20854940944314523,0.006313205349806472,0.03780688717961311,5.900834321975708
176430694,XY-Warm-Same-State S2 p2=20,0,spsa,sequential,1,random_shared_stream,100,120,5,40,2.912938117980957,217,0.04909795522689819,0.0077630686573684216,6.011456571286544e-05,5.966257958789356e-05,6.026522532920353e-05,0.20289378727798216,0.0062805835881331795,0.009961670264601707,6.02627420425415
176430694,XY-Warm-Same-State S2 p2=20,0,spsa,sequential,1,random_shared_stream,105,120,5,40,2.9124934673309326,227,0.26455676555633545,0.04183010011911392,0.0017497570952400565,0.001732259406708181,0.001732259406708181,0.19762874364172633,0.006249710218466985,0.05228401720523834,6.151147842407227
176430694,XY-Warm-Same-State S2 p2=20,0,spsa,sequential,1,random_shared_stream,110,120,5,40,2.9116106033325195,237,0.007029893342405558,0.0011115237139165401,1.1582671959331492e-06,1.2354850014162366e-06,9.266137794838869e-07,0.1927122759412517,0.006220414696856706,0.0013547467533499002,6.276991844177246
176430694,XY-Warm-Same-State S2 p2=20,0,spsa,sequential,1,random_shared_stream,115,120,5,40,2.9116106033325195,247,0.1826256662607193,0.028875654563307762,0.0008338034385815263,0.0008338034385815263,0.0008338034385815263,0.1881083866070322,0.006192549946726541,0.03435342013835907,6.404204607009888
176430694,XY-Warm-Same-State S2 p2=20,0,spsa,sequential,1,random_shared_stream,120,120,5,40,2.9116106033325195,257,0.6089291572570801,0.09628015011548996,0.008435579016804695,0.00917716883122921,0.00695240031927824,0.18378602804378202,0.006165988269252272,0.11191266775131226,6.529973983764648
176430694,XY-Warm-Same-State S2 p2=20,0,spsa,sequential,2,random_shared_stream,1,120,5,40,2.916795253753662,19,0.19285933673381805,0.030493736267089844,0.0009205692331306636,0.000929867965169251,0.0008926732698455453,1.0521929131389152,0.01,0.2029252052307129,6.787036895751953
176430694,XY-Warm-Same-State S2 p2=20,0,spsa,sequential,2,random_shared_stream,5,120,5,40,2.915156364440918,27,0.1386420726776123,0.02192123793065548,0.0004613190540112555,0.0004757352580782026,0.0004372920375317335,0.895280282509911,0.008499708457906336,0.12412352859973907,6.889981508255005
176430694,XY-Warm-Same-State S2 p2=20,0,spsa,sequential,2,random_shared_stream,10,120,5,40,2.915008783340454,37,0.622753381729126,0.09846595674753189,0.009671306237578392,0.009695544838905334,0.00959858950227499,0.7665682306984498,0.007925013304804718,0.25,7.016550779342651
176430694,XY-Warm-Same-State S2 p2=20,0,spsa,sequential,2,random_shared_stream,15,120,5,40,2.915008783340454,47,0.031517550349235535,0.0049833618104457855,2.384053914283868e-05,2.384053914283868e-05,2.3840537323849276e-05,0.677654434142567,0.007607023936737776,0.021358005702495575,7.140088081359863
176430694,XY-Warm-Same-State S2 p2=20,0,spsa,sequential,2,random_shared_stream,20,120,5,40,2.913766860961914,57,0.9235080480575562,0.14601944386959076,0.019989075139164925,0.020468812435865402,0.019402727484703064,0.6117711371707455,0.007389175310232022,0.25,7.266542673110962
176430694,XY-Warm-Same-State S2 p2=20,0,spsa,sequential,2,random_shared_stream,25,120,5,40,2.913766860961914,67,0.11072543263435364,0.01750722900032997,0.00030343799153342843,0.00027891778154298663,0.0003034380206372589,0.5605725565233426,0.007224504386940453,0.062069643288850784,7.385737657546997
176430694,XY-Warm-Same-State S2 p2=20,0,spsa,sequential,2,random_shared_stream,30,120,5,40,2.913766860961914,77,0.5037510991096497,0.07965004444122314,0.0055669741705060005,0.006090364884585142,0.004758096765726805,0.5193895382213038,0.007092686320615818,0.25,7.507696628570557
176430694,XY-Warm-Same-State S2 p2=20,0,spsa,sequential,2,random_shared_stream,35,120,5,40,2.9137465953826904,87,0.07384940981864929,0.011676618829369545,0.00013634338392876089,0.00013634338392876089,0.00013634338392876089,0.4853850099457739,0.006983113928013742,0.035845398902893066,7.634655237197876
176430694,XY-Warm-Same-State S2 p2=20,0,spsa,sequential,2,random_shared_stream,40,120,5,40,2.9137465953826904,97,0.3860795199871063,0.06104452535510063,0.003726434428244829,0.003577376948669553,0.0035773771815001965,0.4567254975463111,0.006889567205173026,0.17633236944675446,7.75920033454895
176430694,XY-Warm-Same-State S2 p2=20,0,spsa,sequential,2,random_shared_stream,45,120,5,40,2.9137465953826904,107,0.13765299320220947,0.02176485024392605,0.0004441019264049828,0.00047370875836350024,0.0003552815178409219,0.4321680010435394,0.006808093884711353,0.05948922410607338,7.885408401489258
176430694,XY-Warm-Same-State S2 p2=20,0,spsa,sequential,2,random_shared_stream,50,120,5,40,2.9137465953826904,117,0.31462764739990234,0.04974700137972832,0.0024685771204531193,0.00247476389631629,0.0024500160943716764,0.4108369281984474,0.006736030261586891,0.12926067411899567,8.0117666721344
176430694,XY-Warm-Same-State S2 p2=20,0,spsa,sequential,2,random_shared_stream,55,120,5,40,2.9137465953826904,127,0.051080502569675446,0.00807653646916151,5.935969966230914e-05,6.262123497435823e-05,5.479357059812173e-05,0.39209584415989845,0.00667149812587736,0.020028453320264816,8.138031482696533
176430694,XY-Warm-Same-State S2 p2=20,0,spsa,sequential,2,random_shared_stream,60,120,5,40,2.9137465953826904,137,0.3460127115249634,0.05470941215753555,0.002993119414895773,0.002723739016801119,0.002723739016801119,0.3754698832294263,0.006613124877877567,0.12991735339164734,8.264658451080322
176430694,XY-Warm-Same-State S2 p2=20,0,spsa,sequential,2,random_shared_stream,65,120,5,40,2.9137465953826904,147,0.5024865865707397,0.0794501081109047,0.00629653874784708,0.006059826351702213,0.005744210910052061,0.36059678795582895,0.00655987782624524,0.18119505047798157,8.388813495635986
176430694,XY-Warm-Same-State S2 p2=20,0,spsa,sequential,2,random_shared_stream,70,120,5,40,2.9137465953826904,157,0.6786825656890869,0.10730914026498795,0.011515251360833645,0.011400097981095314,0.011400097981095314,0.34719489534587844,0.006510961059728841,0.23563513159751892,8.515470266342163
176430694,XY-Warm-Same-State S2 p2=20,0,spsa,sequential,2,random_shared_stream,75,120,5,40,2.9137465953826904,167,0.02798546478152275,0.004424890503287315,1.9579656509449705e-05,1.9579656509449705e-05,1.9579656509449705e-05,0.33504155863454643,0.006465748569458605,0.00937629397958517,8.642694234848022
176430694,XY-Warm-Same-State S2 p2=20,0,spsa,sequential,2,random_shared_stream,80,120,5,40,2.9137465953826904,177,0.3481155037879944,0.05504189804196358,0.0029084256384521723,0.00275694509036839,0.002999313874170184,0.32395821576996503,0.006423739359501706,0.11277487874031067,8.768052339553833
176430694,XY-Warm-Same-State S2 p2=20,0,spsa,sequential,2,random_shared_stream,85,120,5,40,2.9136180877685547,187,0.3089222311973572,0.04884489253163338,0.0023619653657078743,0.0023619653657078743,0.002171099418774247,0.313799817314607,0.006384526420430394,0.09693974256515503,8.895145177841187
176430694,XY-Warm-Same-State S2 p2=20,0,spsa,sequential,2,random_shared_stream,90,120,5,40,2.9136180877685547,197,0.18611766397953033,0.02942778542637825,0.0008573347004130483,0.0007880550692789257,0.0008573345839977264,0.30444718797111403,0.006347774736498105,0.056662991642951965,9.018938064575195
176430694,XY-Warm-Same-State S2 p2=20,0,spsa,sequential,2,random_shared_stream,95,120,5,40,2.9136180877685547,207,0.020540859550237656,0.003247795393690467,9.598837095836643e-06,7.911130524007604e-06,1.0442691745993216e-05,0.2958014075864643,0.006313205349806472,0.006076015066355467,9.14563798904419
176430694,XY-Warm-Same-State S2 p2=20,0,spsa,sequential,2,random_shared_stream,100,120,5,40,2.9136180877685547,217,0.14453284442424774,0.02285264991223812,0.000501353875733912,0.000501353875733912,0.0003342358977533877,0.2877796107293098,0.0062805835881331795,0.041593603789806366,9.271811723709106
176430694,XY-Warm-Same-State S2 p2=20,0,spsa,sequential,2,random_shared_stream,105,120,5,40,2.9136180877685547,227,0.3730093538761139,0.05897795781493187,0.0034697032533586025,0.003339263377711177,0.003443615511059761,0.28031180095335734,0.006249710218466985,0.10455891489982605,9.397439002990723
176430694,XY-Warm-Same-State S2 p2=20,0,spsa,sequential,2,random_shared_stream,110,120,5,40,2.9136180877685547,237,0.06811724603176117,0.01077028177678585,0.00011135901149827987,0.00011483898560982198,0.00010555906919762492,0.2733384028025932,0.006220414696856706,0.018619058653712273,9.52377963066101
176430694,XY-Warm-Same-State S2 p2=20,0,spsa,sequential,2,random_shared_stream,115,120,5,40,2.9136180877685547,247,0.007426777388900518,0.0011742765782400966,1.3651363133249106e-06,1.3789255035590031e-06,1.3237684015621198e-06,0.2668083582003537,0.006192549946726541,0.00198152638040483,9.648279666900635
176430694,XY-Warm-Same-State S2 p2=20,0,spsa,sequential,2,random_shared_stream,120,120,5,40,2.9133520126342773,257,0.3921356797218323,0.06200210005044937,0.0038346494548022747,0.003690489800646901,0.003805817337706685,0.26067762999298677,0.006165988269252272,0.10222100466489792,9.775939226150513
176430694,XY-Warm-Same-State S2 p2=20,0,spsa,sequential,3,random_shared_stream,1,120,5,40,2.916700839996338,19,0.028574544936418533,0.004518032073974609,2.0361581846373156e-05,2.0208488422213122e-05,2.0412615413079038e-05,1.4934985534339253,0.01,0.042676035314798355,10.025700569152832
176430694,XY-Warm-Same-State S2 p2=20,0,spsa,sequential,3,random_shared_stream,5,120,5,40,2.915464401245117,27,0.42373207211494446,0.06699792295694351,0.00438772514462471,0.004443834535777569,0.0043091727420687675,1.2707743895153363,0.008499708457906336,0.25,10.126902103424072
176430694,XY-Warm-Same-State S2 p2=20,0,spsa,sequential,3,random_shared_stream,10,120,5,40,2.915238857269287,37,0.07192202657461166,0.011371870525181293,0.00012899612192995846,0.00012802625133190304,0.00012414666707627475,1.088078554189414,0.007925013304804718,0.07825680822134018,10.252024412155151
176430694,XY-Warm-Same-State S2 p2=20,0,spsa,sequential,3,random_shared_stream,15,120,5,40,2.915238857269287,47,0.17225627601146698,0.027236109599471092,0.000741805590223521,0.0007343874895013869,0.0007343874895013869,0.9618729650067415,0.007607023936737776,0.1656886488199234,10.377591609954834
176430694,XY-Warm-Same-State S2 p2=20,0,spsa,sequential,3,random_shared_stream,20,120,5,40,2.9149324893951416,57,0.20906729996204376,0.03305644541978836,0.001024432829581201,0.0009178918553516269,0.0010818010196089745,0.8683572156663139,0.007389175310232022,0.18154509365558624,10.501851797103882
176430694,XY-Warm-Same-State S2 p2=20,0,spsa,sequential,3,random_shared_stream,25,120,5,40,2.9148447513580322,67,0.5994410514831543,0.09477995336055756,0.008983239531517029,0.008623910136520863,0.008623910136520863,0.7956851750358034,0.007224504386940453,0.25,10.627982139587402
176430694,XY-Warm-Same-State S2 p2=20,0,spsa,sequential,3,random_shared_stream,30,120,5,40,2.913771867752075,77,0.026999954134225845,0.004269068129360676,1.708588024484925e-05,1.366870401398046e-05,1.822493868530728e-05,0.7372293752560368,0.007092686320615818,0.01990515924990177,10.75584626197815
176430694,XY-Warm-Same-State S2 p2=20,0,spsa,sequential,3,random_shared_stream,35,120,5,40,2.913771867752075,87,0.03638487309217453,0.005752953700721264,3.276551069575362e-05,3.276551069575362e-05,3.276551069575362e-05,0.68896283291809,0.006983113928013742,0.025067824870347977,10.881516218185425
176430694,XY-Warm-Same-State S2 p2=20,0,spsa,sequential,3,random_shared_stream,40,120,5,40,2.913771867752075,97,0.2987520098686218,0.047236841171979904,0.002209005644544959,0.002209005644544959,0.002209005644544959,0.6482830870499782,0.006889567205173026,0.19367584586143494,11.007528066635132
176430694,XY-Warm-Same-State S2 p2=20,0,spsa,sequential,3,random_shared_stream,45,120,5,40,2.913771867752075,107,0.11317889392375946,0.017895154654979706,0.0003202365478500724,0.0003202365478500724,0.0003202365478500724,0.61342580465921,0.006808093884711353,0.06942684948444366,11.13181471824646
176430694,XY-Warm-Same-State S2 p2=20,0,spsa,sequential,3,random_shared_stream,50,120,5,40,2.913771867752075,117,0.042196594178676605,0.0066718668676912785,4.273326339898631e-05,4.4513813918456435e-05,3.739160456461832e-05,0.5831481568633323,0.006736030261586891,0.024606866762042046,11.25761342048645
176430694,XY-Warm-Same-State S2 p2=20,0,spsa,sequential,3,random_shared_stream,55,120,5,40,2.913771867752075,127,0.21539700031280518,0.03405725583434105,0.001055506058037281,0.0011135009117424488,0.0009743132395669818,0.5565467783976126,0.00667149812587736,0.11987852305173874,11.383216142654419
176430694,XY-Warm-Same-State S2 p2=20,0,spsa,sequential,3,random_shared_stream,60,120,5,40,2.913771867752075,137,0.12050589919090271,0.019053656607866287,0.0003621342475526035,0.0003594114095903933,0.00036304182140156627,0.5329476376991323,0.006613124877877567,0.06422334164381027,11.508452415466309
176430694,XY-Warm-Same-State S2 p2=20,0,spsa,sequential,3,random_shared_stream,65,120,5,40,2.9137558937072754,147,0.20871815085411072,0.033001240342855453,0.001045518321916461,0.001045518321916461,0.0006970122340135276,0.5118365410562774,0.00655987782624524,0.10682957619428635,11.631219863891602
176430694,XY-Warm-Same-State S2 p2=20,0,spsa,sequential,3,random_shared_stream,70,120,5,40,2.9137558937072754,157,0.20333845913410187,0.03215063363313675,0.0010310790967196226,0.0010233267676085234,0.001033663284033537,0.49281369175146045,0.006510961059728841,0.10020797699689865,11.759859085083008
176430694,XY-Warm-Same-State S2 p2=20,0,spsa,sequential,3,random_shared_stream,75,120,5,40,2.9137558937072754,167,0.11054258048534393,0.01747831702232361,0.0002986180188599974,0.00030549155781045556,0.0002779973146971315,0.4755630615950365,0.006465748569458605,0.05256996676325798,11.888784170150757
176430694,XY-Warm-Same-State S2 p2=20,0,spsa,sequential,3,random_shared_stream,80,120,5,40,2.9137558937072754,177,1.0834301710128784,0.1713053584098816,0.029345523566007614,0.029052069410681725,0.029052069410681725,0.45983119690676033,0.006423739359501706,0.25,12.013991832733154
176430694,XY-Warm-Same-State S2 p2=20,0,spsa,sequential,3,random_shared_stream,85,120,5,40,2.9137558937072754,187,0.40965262055397034,0.06477176398038864,0.00418489333242178,0.004027566406875849,0.004153427667915821,0.445412212318637,0.006384526420430394,0.18246427178382874,12.139299392700195
176430694,XY-Warm-Same-State S2 p2=20,0,spsa,sequential,3,random_shared_stream,90,120,5,40,2.9137558937072754,197,0.0868232399225235,0.013727960176765919,0.00018657228793017566,0.00018657228793017566,0.00018657228793017566,0.4321369486090188,0.006347774736498105,0.037519533187150955,12.262894868850708
176430694,XY-Warm-Same-State S2 p2=20,0,spsa,sequential,3,random_shared_stream,95,120,5,40,2.913285493850708,207,0.18677853047847748,0.029532277956604958,0.0007326105260290205,0.0006541165639646351,0.0007936614565551281,0.4198649970148371,0.006313205349806472,0.07842175662517548,12.390493869781494
176430694,XY-Warm-Same-State S2 p2=20,0,spsa,sequential,3,random_shared_stream,100,120,5,40,2.913285493850708,217,0.15413635969161987,0.02437109872698784,0.0005880108801648021,0.000588010938372463,0.0005404948606155813,0.40847873708807086,0.0062805835881331795,0.06296142190694809,12.516762256622314
176430694,XY-Warm-Same-State S2 p2=20,0,spsa,sequential,3,random_shared_stream,105,120,5,40,2.9128992557525635,227,0.3480375111103058,0.05502955988049507,0.003028252860531211,0.003028252860531211,0.003028252860531211,0.3978788148129508,0.006249710218466985,0.13847675919532776,12.6433265209198
176430694,XY-Warm-Same-State S2 p2=20,0,spsa,sequential,3,random_shared_stream,110,120,5,40,2.912621259689331,237,0.07563196122646332,0.011958463117480278,0.00012012405932182446,0.00010725363245001063,0.00013013440184295177,0.38798066788510693,0.006220414696856706,0.02934373915195465,12.770878076553345
176430694,XY-Warm-Same-State S2 p2=20,0,spsa,sequential,3,random_shared_stream,115,120,5,40,2.912621259689331,247,0.11651517450809479,0.018422666937112808,0.000339394697220996,0.00033939466811716557,0.00033939466811716557,0.3787118236973908,0.006192549946726541,0.044125672429800034,12.893343687057495
176430694,XY-Warm-Same-State S2 p2=20,0,spsa,sequential,3,random_shared_stream,120,120,5,40,2.912621259689331,257,0.4916674792766571,0.07773945480585098,0.005076474975794554,0.0038677905686199665,0.005801686085760593,0.370009775247089,0.006165988269252272,0.18192176520824432,13.005167007446289
176430694,XY-Warm-Same-State S2 p2=20,0,spsa,sequential,4,continuation,1,120,5,40,0.07666855305433273,19,3.080191135406494,0.48702096939086914,0.2365964651107788,0.22770185768604279,0.23481754958629608,0.064616034260346,0.01,0.19902971386909485,13.237082958221436
176430694,XY-Warm-Same-State S2 p2=20,0,spsa,sequential,4,continuation,5,120,5,40,0.07666855305433273,27,268.0621643066406,42.38434982299805,1778.46875,1778.46875,1778.46875,0.05497990024918093,0.008499708457906336,0.25,13.321421384811401
176430694,XY-Warm-Same-State S2 p2=20,0,spsa,sequential,4,continuation,10,120,5,40,0.07666855305433273,37,318.0990295410156,50.295875549316406,2523.350830078125,2529.6748046875,2504.3779296875,0.047075587032740576,0.007925013304804718,0.25,13.426793575286865
176430694,XY-Warm-Same-State S2 p2=20,0,spsa,sequential,4,continuation,15,120,5,40,0.07666855305433273,47,101.1607437133789,15.994917869567871,245.60391235351562,245.6039276123047,245.60391235351562,0.04161531748261309,0.007607023936737776,0.25,13.53206181526184
176430694,XY-Warm-Same-State S2 p2=20,0,spsa,sequential,4,continuation,20,120,5,40,0.07666855305433273,57,104.72029113769531,16.55773162841797,271.4169006347656,274.15850830078125,263.192138671875,0.03756936989908881,0.007389175310232022,0.25,13.637307167053223
176430694,XY-Warm-Same-State S2 p2=20,0,spsa,sequential,4,continuation,25,120,5,40,0.07666855305433273,67,65.77420806884766,10.39981460571289,103.82991027832031,90.85116577148438,108.1561508178711,0.034425222851638675,0.007224504386940453,0.25,13.741720199584961
176430694,XY-Warm-Same-State S2 p2=20,0,spsa,sequential,4,continuation,30,120,5,40,0.07666855305433273,77,65.48355102539062,10.353858947753906,106.93440246582031,102.91429138183594,106.13037109375,0.03189613974499579,0.007092686320615818,0.25,13.846194982528687
176430694,XY-Warm-Same-State S2 p2=20,0,spsa,sequential,4,continuation,35,120,5,40,0.07666855305433273,87,107.98470306396484,17.073881149291992,265.28082275390625,279.856689453125,244.87460327148438,0.029807893629078017,0.006983113928013742,0.25,13.950613498687744
176430694,XY-Warm-Same-State S2 p2=20,0,spsa,sequential,4,continuation,40,120,5,40,0.07666855305433273,97,174.52642822265625,27.595050811767578,753.8719482421875,761.48681640625,731.0274047851562,0.02804788934472678,0.006889567205173026,0.25,14.055103540420532
176430694,XY-Warm-Same-State S2 p2=20,0,spsa,sequential,4,continuation,45,120,5,40,0.07666855305433273,107,126.22735595703125,19.958297729492188,389.37109375,394.35028076171875,382.40032958984375,0.026539793238436124,0.006808093884711353,0.25,14.160295963287354
176430694,XY-Warm-Same-State S2 p2=20,0,spsa,sequential,4,continuation,50,120,5,40,0.07666855305433273,117,91.98936462402344,14.544795036315918,211.02218627929688,211.5510711669922,209.435546875,0.025229834468939616,0.006736030261586891,0.25,14.363290786743164
176430694,XY-Warm-Same-State S2 p2=20,0,spsa,sequential,4,continuation,55,120,5,40,0.07666855305433273,127,82.49309539794922,13.043303489685059,168.42648315429688,154.81625366210938,168.42648315429688,0.024078929047329892,0.00667149812587736,0.25,14.470253944396973
176430694,XY-Warm-Same-State S2 p2=20,0,spsa,sequential,4,continuation,60,120,5,40,0.07666855305433273,137,169.297119140625,26.768224716186523,700.415771484375,716.537841796875,652.0494384765625,0.023057915079568333,0.006613124877877567,0.25,14.576925992965698
176430694,XY-Warm-Same-State S2 p2=20,0,spsa,sequential,4,continuation,65,120,5,40,0.07666855305433273,147,136.707275390625,21.615318298339844,448.53314208984375,467.2220153808594,392.46649169921875,0.022144546036918948,0.00655987782624524,0.25,14.684741020202637
176430694,XY-Warm-Same-State S2 p2=20,0,spsa,sequential,4,continuation,70,120,5,40,0.07666855305433273,157,49.801822662353516,7.87436056137085,60.61042022705078,56.425048828125,62.00554656982422,0.021321524762754833,0.006510961059728841,0.25,14.792047262191772
176430694,XY-Warm-Same-State S2 p2=20,0,spsa,sequential,4,continuation,75,120,5,40,0.07666855305433273,167,194.73207092285156,30.789844512939453,910.0939331054688,938.5343627929688,862.6931762695312,0.020575178335677853,0.006465748569458605,0.25,14.89893913269043
176430694,XY-Warm-Same-State S2 p2=20,0,spsa,sequential,4,continuation,80,120,5,40,0.07666855305433273,177,9.229286193847656,1.4592783451080322,2.12416934967041,1.9378387928009033,2.044313430786133,0.01989454111287002,0.006423739359501706,0.1836123913526535,15.005789995193481
176430694,XY-Warm-Same-State S2 p2=20,0,spsa,sequential,4,continuation,85,120,5,40,0.07666855305433273,187,155.51087951660156,24.588430404663086,598.544921875,550.1776123046875,598.544921875,0.019270705488788984,0.006384526420430394,0.25,15.113765239715576
176430694,XY-Warm-Same-State S2 p2=20,0,spsa,sequential,4,continuation,90,120,5,40,0.07666855305433273,197,271.3630065917969,42.9062614440918,1836.344482421875,1675.26171875,1546.3955078125,0.0186963528101717,0.006347774736498105,0.25,15.220755338668823
176430694,XY-Warm-Same-State S2 p2=20,0,spsa,sequential,4,continuation,95,120,5,40,0.07666855305433273,207,0.3597038984298706,0.05687418207526207,0.0032265856862068176,0.0032023258972913027,0.0032346725929528475,0.018165408308867877,0.006313205349806472,0.006534167565405369,15.327816724777222
176430694,XY-Warm-Same-State S2 p2=20,0,spsa,sequential,4,continuation,100,120,5,40,0.07666855305433273,217,37.84227752685547,5.983389377593994,35.44293975830078,35.44293975830078,32.57886505126953,0.017672783150421294,0.0062805835881331795,0.25,15.435384511947632
176430694,XY-Warm-Same-State S2 p2=20,0,spsa,sequential,4,continuation,105,120,5,40,0.07666855305433273,227,61.087158203125,9.65872859954834,91.19197082519531,89.55937957763672,92.35811614990234,0.017214178795357575,0.006249710218466985,0.25,15.541926860809326
176430694,XY-Warm-Same-State S2 p2=20,0,spsa,sequential,4,continuation,110,120,5,40,0.07666855305433273,237,50.862613677978516,8.042085647583008,64.5134506225586,58.85437774658203,62.088134765625,0.01678593666580683,0.006220414696856706,0.25,15.647618055343628
176430694,XY-Warm-Same-State S2 p2=20,0,spsa,sequential,4,continuation,115,120,5,40,0.07666855305433273,247,19.937488555908203,3.1523938179016113,9.316485404968262,8.347570419311523,9.83820915222168,0.016384921243187096,0.006192549946726541,0.25,15.759539127349854
176430694,XY-Warm-Same-State S2 p2=20,0,spsa,sequential,4,continuation,120,120,5,40,0.07666855305433273,257,29.36138916015625,4.6424431800842285,21.498395919799805,21.552278518676758,21.336755752563477,0.016008428169586825,0.006165988269252272,0.25,15.866474866867065
176430694,XY-Warm-Same-State S2 p2=26,0,spsa,sequential,0,deterministic_linear_ramp,1,120,5,52,3.8829903602600098,19,3.810311794281006,0.5283951759338379,0.27259311079978943,0.2725931406021118,0.2725931406021118,0.011271104648356813,0.01,0.04294642060995102,0.28073763847351074
176430694,XY-Warm-Same-State S2 p2=26,0,spsa,sequential,0,deterministic_linear_ramp,5,120,5,52,3.5433349609375,27,20.513813018798828,2.844754219055176,8.092625617980957,8.092625617980957,8.092626571655273,0.009590254436970747,0.008499708457906336,0.19673268496990204,0.39168405532836914
176430694,XY-Warm-Same-State S2 p2=26,0,spsa,sequential,0,deterministic_linear_ramp,10,120,5,52,3.083984851837158,37,38.409629821777344,5.326457500457764,28.203275680541992,28.20327377319336,28.20327377319336,0.008211489205465933,0.007925013304804718,0.25,0.5362741947174072
176430694,XY-Warm-Same-State S2 p2=26,0,spsa,sequential,0,deterministic_linear_ramp,15,120,5,52,2.9853134155273438,47,1.662639856338501,0.23056668043136597,0.05284642428159714,0.05032992735505104,0.04529693350195885,0.007259043419954589,0.007607023936737776,0.012069175019860268,0.6804087162017822
176430694,XY-Warm-Same-State S2 p2=26,0,spsa,sequential,0,deterministic_linear_ramp,20,120,5,52,2.8405306339263916,57,75.12252044677734,10.417619705200195,108.52677917480469,105.95809173583984,105.95809173583984,0.006553300655984717,0.007389175310232022,0.25,0.8239929676055908
176430694,XY-Warm-Same-State S2 p2=26,0,spsa,sequential,0,deterministic_linear_ramp,25,120,5,52,2.662308931350708,67,28.65579605102539,3.973844289779663,15.76807689666748,13.455425262451172,14.296390533447266,0.006004860770942431,0.007224504386940453,0.1720740795135498,0.970329999923706
176430694,XY-Warm-Same-State S2 p2=26,0,spsa,sequential,0,deterministic_linear_ramp,30,120,5,52,2.5384280681610107,77,41.57253646850586,5.765073776245117,33.1869010925293,33.039405822753906,32.44941711425781,0.005563707724555975,0.007092686320615818,0.23129741847515106,1.1149029731750488
176430694,XY-Warm-Same-State S2 p2=26,0,spsa,sequential,0,deterministic_linear_ramp,35,120,5,52,2.4727208614349365,87,23.45744514465332,3.252962589263916,10.01823902130127,10.519150733947754,9.016414642333984,0.005199450759957976,0.006983113928013742,0.12196582555770874,1.2587730884552002
176430694,XY-Warm-Same-State S2 p2=26,0,spsa,sequential,0,deterministic_linear_ramp,40,120,5,52,2.322844982147217,97,73.06120300292969,10.131766319274902,98.85635375976562,100.2230224609375,97.18595886230469,0.004892449677369828,0.006889567205173026,0.25,1.4015331268310547
176430694,XY-Warm-Same-State S2 p2=26,0,spsa,sequential,0,deterministic_linear_ramp,45,120,5,52,2.322844982147217,107,9.738008499145508,1.3504189252853394,1.8236310482025146,1.812840223312378,1.812840223312378,0.004629389444281324,0.006808093884711353,0.04508103430271149,1.5451233386993408
176430694,XY-Warm-Same-State S2 p2=26,0,spsa,sequential,0,deterministic_linear_ramp,50,120,5,52,2.322844982147217,117,1.941689133644104,0.2692638337612152,0.07207400351762772,0.0707869604229927,0.07250301539897919,0.004400890704842454,0.006736030261586891,0.00854516215622425,1.6884076595306396
176430694,XY-Warm-Same-State S2 p2=26,0,spsa,sequential,0,deterministic_linear_ramp,55,120,5,52,2.322844982147217,127,50.19578552246094,6.960902690887451,47.30732727050781,48.454166412353516,43.86678695678711,0.004200135960361251,0.00667149812587736,0.21082910895347595,1.8317792415618896
176430694,XY-Warm-Same-State S2 p2=26,0,spsa,sequential,0,deterministic_linear_ramp,60,120,5,52,2.322844982147217,137,10.706114768981934,1.4846711158752441,2.1749014854431152,2.2042479515075684,2.086862087249756,0.004022038443083921,0.006613124877877567,0.04306040704250336,1.9749367237091064
176430694,XY-Warm-Same-State S2 p2=26,0,spsa,sequential,0,deterministic_linear_ramp,65,120,5,52,2.322844982147217,147,24.16222381591797,3.3506975173950195,11.160740852355957,10.164246559143066,10.961441993713379,0.0038627176463170965,0.00655987782624524,0.09333184361457825,2.1173112392425537
176430694,XY-Warm-Same-State S2 p2=26,0,spsa,sequential,0,deterministic_linear_ramp,70,120,5,52,2.322844982147217,157,25.0169677734375,3.469228982925415,11.964333534240723,12.035551071166992,11.750685691833496,0.00371915639228606,0.006510961059728841,0.09304200857877731,2.2593071460723877
176430694,XY-Warm-Same-State S2 p2=26,0,spsa,sequential,0,deterministic_linear_ramp,75,120,5,52,2.322844982147217,167,34.122379302978516,4.7319231033325195,22.35797119140625,22.258602142333984,21.86112403869629,0.003588969685846939,0.006465748569458605,0.12246417999267578,2.402200937271118
176430694,XY-Warm-Same-State S2 p2=26,0,spsa,sequential,0,deterministic_linear_ramp,80,120,5,52,2.322844982147217,177,14.699019432067871,2.0383872985839844,4.148876667022705,4.155022621154785,4.130436897277832,0.0034702447678966286,0.006423739359501706,0.051009196788072586,2.545048475265503
176430694,XY-Warm-Same-State S2 p2=26,0,spsa,sequential,0,deterministic_linear_ramp,85,120,5,52,2.322844982147217,187,2.2094879150390625,0.306400865316391,0.09332598000764847,0.09332597255706787,0.09332597255706787,0.003361427866907931,0.006384526420430394,0.0074270348995924,2.688961982727051
176430694,XY-Warm-Same-State S2 p2=26,0,spsa,sequential,0,deterministic_linear_ramp,90,120,5,52,2.322844982147217,197,1.5834932327270508,0.21959100663661957,0.048148877918720245,0.048220209777355194,0.0479348823428154,0.003261242375491411,0.006347774736498105,0.005164155270904303,2.8311541080474854
176430694,XY-Warm-Same-State S2 p2=26,0,spsa,sequential,0,deterministic_linear_ramp,95,120,5,52,2.322844982147217,207,2.5711822509765625,0.3565588593482971,0.1203637421131134,0.11509782820940018,0.12412510812282562,0.0031686286596364055,0.006313205349806472,0.008147121407091618,2.9764232635498047
176430694,XY-Warm-Same-State S2 p2=26,0,spsa,sequential,0,deterministic_linear_ramp,100,120,5,52,2.322844982147217,217,44.52854919433594,6.174998760223389,37.90498733520508,37.90498352050781,37.90498352050781,0.003082699063726923,0.0062805835881331795,0.13726812601089478,3.1303203105926514
176430694,XY-Warm-Same-State S2 p2=26,0,spsa,sequential,0,deterministic_linear_ramp,105,120,5,52,2.322844982147217,227,14.244531631469727,1.9753612279891968,3.8962788581848145,3.532626152038574,3.6942496299743652,0.003002703784888099,0.006249710218466985,0.04277210682630539,3.2807233333587646
176430694,XY-Warm-Same-State S2 p2=26,0,spsa,sequential,0,deterministic_linear_ramp,110,120,5,52,2.322844982147217,237,14.54862117767334,2.017530918121338,4.070430278778076,3.6850638389587402,3.6850640773773193,0.0029280046500332123,0.006220414696856706,0.0425984263420105,3.4316673278808594
176430694,XY-Warm-Same-State S2 p2=26,0,spsa,sequential,0,deterministic_linear_ramp,115,120,5,52,2.322844982147217,247,21.018400192260742,2.9147279262542725,8.445367813110352,7.691317081451416,8.294557571411133,0.0028580547243577843,0.006192549946726541,0.060071736574172974,3.5818190574645996
176430694,XY-Warm-Same-State S2 p2=26,0,spsa,sequential,0,deterministic_linear_ramp,120,120,5,52,2.322844982147217,257,37.615386962890625,5.216315746307373,25.237627029418945,26.565921783447266,23.18480682373047,0.0027923822812791427,0.006165988269252272,0.10503652691841125,3.733222246170044
176430694,XY-Warm-Same-State S2 p2=26,0,spsa,sequential,1,random_shared_stream,1,120,5,52,2.9156758785247803,19,0.32554203271865845,0.04514455795288086,0.0020350164268165827,0.0020259718876332045,0.0020380313508212566,1.0806232327461274,0.01,0.25,4.046600818634033
176430694,XY-Warm-Same-State S2 p2=26,0,spsa,sequential,1,random_shared_stream,5,120,5,52,2.9143452644348145,27,0.6694222688674927,0.09283216297626495,0.008566818200051785,0.008566818200051785,0.008566818200051785,0.919470812831827,0.008499708457906336,0.25,4.165663957595825
176430694,XY-Warm-Same-State S2 p2=26,0,spsa,sequential,1,random_shared_stream,10,120,5,52,2.9141781330108643,37,0.010087759234011173,0.0013989206636324525,1.9569786218198715e-06,1.9569786218198715e-06,1.9569786218198715e-06,0.7872809531729594,0.007925013304804718,0.007941900752484798,4.3155810832977295
176430694,XY-Warm-Same-State S2 p2=26,0,spsa,sequential,1,random_shared_stream,15,120,5,52,2.9136102199554443,47,0.4586865305900574,0.06360838562250137,0.003752748481929302,0.004022084642201662,0.0031841504387557507,0.695964700164454,0.007607023936737776,0.25,4.466529846191406
176430694,XY-Warm-Same-State S2 p2=26,0,spsa,sequential,1,random_shared_stream,20,120,5,52,2.9136102199554443,57,0.31038564443588257,0.04304274544119835,0.001849937136285007,0.0018417153041809797,0.0018526779022067785,0.6283012323073355,0.007389175310232022,0.19501566886901855,4.615854740142822
176430694,XY-Warm-Same-State S2 p2=26,0,spsa,sequential,1,random_shared_stream,25,120,5,52,2.9136102199554443,67,0.05866115912795067,0.008134839124977589,6.460932490881532e-05,6.460932490881532e-05,6.460932490881532e-05,0.5757192627461079,0.007224504386940453,0.03377235680818558,4.7657482624053955
176430694,XY-Warm-Same-State S2 p2=26,0,spsa,sequential,1,random_shared_stream,30,120,5,52,2.9136102199554443,77,0.5840606093406677,0.0809946358203888,0.006404861342161894,0.006210774183273315,0.006521313451230526,0.5334234766634691,0.007092686320615818,0.25,4.9169886112213135
176430694,XY-Warm-Same-State S2 p2=26,0,spsa,sequential,1,random_shared_stream,35,120,5,52,2.9136102199554443,87,0.38296812772750854,0.05310812592506409,0.0027537161950021982,0.0026702703908085823,0.0028037838637828827,0.49850014386559943,0.006983113928013742,0.19090966880321503,5.064757823944092
176430694,XY-Warm-Same-State S2 p2=26,0,spsa,sequential,1,random_shared_stream,40,120,5,52,2.913339614868164,97,0.5078251957893372,0.0704226866364479,0.004952018149197102,0.004930009599775076,0.004841973539441824,0.46906624961359894,0.006889567205173026,0.23820365965366364,5.213558673858643
176430694,XY-Warm-Same-State S2 p2=26,0,spsa,sequential,1,random_shared_stream,45,120,5,52,2.913339614868164,107,0.305816113948822,0.04240906983613968,0.001702749403193593,0.001755960169248283,0.0016282540746033192,0.44384520798938754,0.006808093884711353,0.13573502004146576,5.365234375
176430694,XY-Warm-Same-State S2 p2=26,0,spsa,sequential,1,random_shared_stream,50,120,5,52,2.913339614868164,117,0.006380837876349688,0.0008848630823194981,7.540261890426336e-07,7.412851914523344e-07,7.64450362567004e-07,0.4219377681958226,0.006736030261586891,0.0026923164259642363,5.517084836959839
176430694,XY-Warm-Same-State S2 p2=26,0,spsa,sequential,1,random_shared_stream,55,120,5,52,2.913339614868164,127,0.10900810360908508,0.015116703696548939,0.00022310610802378505,0.0002271625562570989,0.00021634530276060104,0.4026902988715069,0.00667149812587736,0.04389650374650955,5.668529748916626
176430694,XY-Warm-Same-State S2 p2=26,0,spsa,sequential,1,random_shared_stream,60,120,5,52,2.913339614868164,137,0.19706261157989502,0.02732766605913639,0.000736858753953129,0.0007423824281431735,0.0007291256333701313,0.3856151034165214,0.006613124877877567,0.07599031180143356,5.821255445480347
176430694,XY-Warm-Same-State S2 p2=26,0,spsa,sequential,1,random_shared_stream,65,120,5,52,2.913339614868164,147,0.34687256813049316,0.048102572560310364,0.0022830513771623373,0.0022590914741158485,0.001971570774912834,0.3703401361602327,0.00655987782624524,0.1284608542919159,5.970729351043701
176430694,XY-Warm-Same-State S2 p2=26,0,spsa,sequential,1,random_shared_stream,70,120,5,52,2.913339614868164,157,0.6351876258850098,0.08808468282222748,0.007196503691375256,0.007024338468909264,0.007345713209360838,0.3565761235573754,0.006510961059728841,0.2264927327632904,6.117312669754028
176430694,XY-Warm-Same-State S2 p2=26,0,spsa,sequential,1,random_shared_stream,75,120,5,52,2.913339614868164,167,0.46546289324760437,0.06454809010028839,0.0041109854355454445,0.003944573923945427,0.004166455939412117,0.34409440291313276,0.006465748569458605,0.16016316413879395,6.270092248916626
176430694,XY-Warm-Same-State S2 p2=26,0,spsa,sequential,1,random_shared_stream,80,120,5,52,2.913339614868164,177,0.5419746041297913,0.07515835016965866,0.0056153531186282635,0.005648777820169926,0.0055150785483419895,0.33271158741760926,0.006423739359501706,0.18032121658325195,6.41999077796936
176430694,XY-Warm-Same-State S2 p2=26,0,spsa,sequential,1,random_shared_stream,85,120,5,52,2.913339614868164,187,0.6128939986228943,0.08499310910701752,0.006539914291352034,0.007052849046885967,0.0056850239634513855,0.32227870838822636,0.006384526420430394,0.19752268493175507,6.571415662765503
176430694,XY-Warm-Same-State S2 p2=26,0,spsa,sequential,1,random_shared_stream,90,120,5,52,2.913339614868164,197,0.26001086831092834,0.03605702146887779,0.0012827992904931307,0.0012924154289066792,0.0012693366734310985,0.31267337040349186,0.006347774736498105,0.08129846304655075,6.721354246139526
176430694,XY-Warm-Same-State S2 p2=26,0,spsa,sequential,1,random_shared_stream,95,120,5,52,2.913111448287964,207,0.6850404143333435,0.09499801695346832,0.009011272341012955,0.008170219138264656,0.008544021286070347,0.3037939804815415,0.006313205349806472,0.20811113715171814,6.872899532318115
176430694,XY-Warm-Same-State S2 p2=26,0,spsa,sequential,1,random_shared_stream,100,120,5,52,2.913111448287964,217,0.4318283200263977,0.05988381803035736,0.0035383279900997877,0.0035011940635740757,0.003564851824194193,0.2955554341617883,0.0062805835881331795,0.12762920558452606,7.023592710494995
176430694,XY-Warm-Same-State S2 p2=26,0,spsa,sequential,1,random_shared_stream,105,120,5,52,2.913111448287964,227,0.09435742348432541,0.013085019774734974,0.00016488574328832328,0.00014588968770112842,0.00017121776181738824,0.2878858436894968,0.006249710218466985,0.027164164930582047,7.174760818481445
176430694,XY-Warm-Same-State S2 p2=26,0,spsa,sequential,1,random_shared_stream,110,120,5,52,2.913111448287964,237,0.3865315020084381,0.053602274507284164,0.0028562024235725403,0.002805199008435011,0.002601184416562319,0.2807240238760329,0.006220414696856706,0.10850867629051208,7.32648491859436
176430694,XY-Warm-Same-State S2 p2=26,0,spsa,sequential,1,random_shared_stream,115,120,5,52,2.913111448287964,247,0.2637520432472229,0.03657583147287369,0.0013199802488088608,0.0013061275240033865,0.0013298753183335066,0.2740175370522457,0.006192549946726541,0.07227268815040588,7.47856068611145
176430694,XY-Warm-Same-State S2 p2=26,0,spsa,sequential,1,random_shared_stream,120,120,5,52,2.913111448287964,257,0.023003453388810158,0.003190005198121071,9.799796316656284e-06,1.0176130672334693e-05,8.670785973663442e-06,0.2677211561777833,0.006165988269252272,0.006158510688692331,7.629289627075195
176430694,XY-Warm-Same-State S2 p2=26,0,spsa,sequential,2,random_shared_stream,1,120,5,52,2.917262315750122,19,0.11536240577697754,0.015997886657714844,0.00025441800244152546,0.00025593239115551114,0.00024987480719573796,0.9838277587647513,0.01,0.11349673569202423,7.945409536361694
176430694,XY-Warm-Same-State S2 p2=26,0,spsa,sequential,2,random_shared_stream,5,120,5,52,2.915684461593628,27,0.28783437609672546,0.03991544991731644,0.0015908860368654132,0.0015932428650557995,0.0015838154358789325,0.8371103652279701,0.008499708457906336,0.2409491389989853,8.06765365600586
176430694,XY-Warm-Same-State S2 p2=26,0,spsa,sequential,2,random_shared_stream,10,120,5,52,2.9146783351898193,37,0.11844981461763382,0.01642603427171707,0.0002698145981412381,0.0002698145981412381,0.0002698145981412381,0.7167612468501274,0.007925013304804718,0.08490023761987686,8.218989372253418
176430694,XY-Warm-Same-State S2 p2=26,0,spsa,sequential,2,random_shared_stream,15,120,5,52,2.9139866828918457,47,0.24736754596233368,0.034303706139326096,0.0011488923337310553,0.0011140774004161358,0.0011697813170030713,0.6336245329486052,0.007607023936737776,0.15673814713954926,8.369187116622925
176430694,XY-Warm-Same-State S2 p2=26,0,spsa,sequential,2,random_shared_stream,20,120,5,52,2.9139866828918457,57,0.22103925049304962,0.03065262921154499,0.0009340240503661335,0.0009173449943773448,0.0008506290032528341,0.5720219355632509,0.007389175310232022,0.12643930315971375,8.51993465423584
176430694,XY-Warm-Same-State S2 p2=26,0,spsa,sequential,2,random_shared_stream,25,120,5,52,2.9139866828918457,67,0.23119397461414337,0.03206083923578262,0.0010263766162097454,0.0009305813582614064,0.0009731570025905967,0.524149930134128,0.007224504386940453,0.12118031084537506,8.671105861663818
176430694,XY-Warm-Same-State S2 p2=26,0,spsa,sequential,2,random_shared_stream,30,120,5,52,2.9139866828918457,77,1.00244140625,0.1390136331319809,0.01886739581823349,0.019210439175367355,0.016466090455651283,0.4856427361687251,0.007092686320615818,0.25,8.820906400680542
176430694,XY-Warm-Same-State S2 p2=26,0,spsa,sequential,2,random_shared_stream,35,120,5,52,2.9139866828918457,87,0.1684025675058365,0.02335323765873909,0.0005445667775347829,0.0005453735939227045,0.0005421465612016618,0.4538476172096313,0.006983113928013742,0.0764291062951088,8.970930099487305
176430694,XY-Warm-Same-State S2 p2=26,0,spsa,sequential,2,random_shared_stream,40,120,5,52,2.9139866828918457,97,0.19501984119415283,0.0270443893969059,0.000714087625965476,0.0006621539941988885,0.0007313988753594458,0.42705022720712754,0.006889567205173026,0.08328326791524887,9.118545055389404
176430694,XY-Warm-Same-State S2 p2=26,0,spsa,sequential,2,random_shared_stream,45,120,5,52,2.9129462242126465,107,0.6450927257537842,0.08945826441049576,0.007706820033490658,0.007576597388833761,0.007813366129994392,0.40408832882946255,0.006808093884711353,0.25,9.267095804214478
176430694,XY-Warm-Same-State S2 p2=26,0,spsa,sequential,2,random_shared_stream,50,120,5,52,2.9129462242126465,117,0.48941028118133545,0.06786899268627167,0.004435852635651827,0.004497177433222532,0.004360899794846773,0.3841432205444918,0.006736030261586891,0.18800364434719086,9.419481754302979
176430694,XY-Warm-Same-State S2 p2=26,0,spsa,sequential,2,random_shared_stream,55,120,5,52,2.9129462242126465,127,0.5004579424858093,0.06940104067325592,0.004809378646314144,0.0048165032640099525,0.004788003396242857,0.36661981920218184,0.00667149812587736,0.18347781896591187,9.572020292282104
176430694,XY-Warm-Same-State S2 p2=26,0,spsa,sequential,2,random_shared_stream,60,120,5,52,2.9129462242126465,137,0.44950032234191895,0.06233448162674904,0.0036786620039492846,0.0038625956512987614,0.003310796106234193,0.35107411301533814,0.006613124877877567,0.15780791640281677,9.723369121551514
176430694,XY-Warm-Same-State S2 p2=26,0,spsa,sequential,2,random_shared_stream,65,120,5,52,2.9129462242126465,147,0.13274723291397095,0.018408728763461113,0.00033086046460084617,0.00028875094722025096,0.0003368761099409312,0.3371673818387653,0.00655987782624524,0.044758036732673645,9.874908685684204
176430694,XY-Warm-Same-State S2 p2=26,0,spsa,sequential,2,random_shared_stream,70,120,5,52,2.9129462242126465,157,0.06799451261758804,0.009429143741726875,8.877721120370552e-05,8.838263602228835e-05,8.890872413758188e-05,0.3246362634430717,0.006510961059728841,0.02207348309457302,10.024682998657227
176430694,XY-Warm-Same-State S2 p2=26,0,spsa,sequential,2,random_shared_stream,75,120,5,52,2.9129462242126465,167,0.28863751888275146,0.040026821196079254,0.0015168250538408756,0.0011376187903806567,0.0015926663763821125,0.31327257730822267,0.006465748569458605,0.09042221307754517,10.175540924072266
176430694,XY-Warm-Same-State S2 p2=26,0,spsa,sequential,2,random_shared_stream,80,120,5,52,2.9129462242126465,177,0.2352571040391922,0.032624293118715286,0.001064344309270382,0.0010391527321189642,0.0010391527321189642,0.30290936326836265,0.006423739359501706,0.07126157730817795,10.326795101165771
176430694,XY-Warm-Same-State S2 p2=26,0,spsa,sequential,2,random_shared_stream,85,120,5,52,2.9129462242126465,187,0.4001583755016327,0.05549198016524315,0.0030064755119383335,0.0030793596524745226,0.002787822624668479,0.2934109963242634,0.006384526420430394,0.11741085350513458,10.476727724075317
176430694,XY-Warm-Same-State S2 p2=26,0,spsa,sequential,2,random_shared_stream,90,120,5,52,2.9129462242126465,197,0.14381851255893707,0.01994404010474682,0.0003954110434278846,0.00037658197106793523,0.0003954110434278846,0.2846660444711697,0.006347774736498105,0.04094024375081062,10.623695373535156
176430694,XY-Warm-Same-State S2 p2=26,0,spsa,sequential,2,random_shared_stream,95,120,5,52,2.9129462242126465,207,0.3495326340198517,0.04847145825624466,0.002335579600185156,0.0023494819179177284,0.002293872879818082,0.27658201479145333,0.006313205349806472,0.09667443484067917,10.771839380264282
176430694,XY-Warm-Same-State S2 p2=26,0,spsa,sequential,2,random_shared_stream,100,120,5,52,2.9129462242126465,217,0.08869247883558273,0.01229943335056305,0.00011345704842824489,0.00012889794015791267,9.398809197591618e-05,0.2690814259501004,0.0062805835881331795,0.02386549673974514,10.92280125617981
176430694,XY-Warm-Same-State S2 p2=26,0,spsa,sequential,2,random_shared_stream,105,120,5,52,2.9129462242126465,227,0.1883021891117096,0.026112817227840424,0.0006566616939380765,0.0006455660331994295,0.0006657399935647845,0.26209882944805873,0.006249710218466985,0.04935378208756447,11.074077844619751
176430694,XY-Warm-Same-State S2 p2=26,0,spsa,sequential,2,random_shared_stream,110,120,5,52,2.9129462242126465,237,0.45175957679748535,0.06264778226613998,0.0035531711764633656,0.003088704776018858,0.0038318512961268425,0.2555785206834104,0.006220414696856706,0.11546005308628082,11.223268985748291
176430694,XY-Warm-Same-State S2 p2=26,0,spsa,sequential,2,random_shared_stream,115,120,5,52,2.9129462242126465,247,0.5842801928520203,0.08102508634328842,0.006526218727231026,0.006409678142517805,0.006565064657479525,0.2494727590256079,0.006192549946726541,0.14576199650764465,11.375728130340576
176430694,XY-Warm-Same-State S2 p2=26,0,spsa,sequential,2,random_shared_stream,120,120,5,52,2.9129462242126465,257,0.17134088277816772,0.023760704323649406,0.0005512085044756532,0.0005612304084934294,0.0005345051758922637,0.2437403685898501,0.006165988269252272,0.041762690991163254,11.527829647064209
176430694,XY-Warm-Same-State S2 p2=26,0,spsa,sequential,3,random_shared_stream,1,120,5,52,2.917227029800415,19,0.6537489295005798,0.09065866470336914,0.008109568618237972,0.008218994364142418,0.007781296037137508,2.0012185841235763,0.01,0.25,11.8431396484375
176430694,XY-Warm-Same-State S2 p2=26,0,spsa,sequential,3,random_shared_stream,5,120,5,52,2.9143309593200684,27,0.3947356343269348,0.05473998188972473,0.002992033027112484,0.002978735137730837,0.00299646588973701,1.7027785655896142,0.008499708457906336,0.25,11.965245962142944
176430694,XY-Warm-Same-State S2 p2=26,0,spsa,sequential,3,random_shared_stream,10,120,5,52,2.9143309593200684,37,0.4208656847476959,0.05836356803774834,0.0032249053474515676,0.0029024144168943167,0.003386150114238262,1.4579746452539848,0.007925013304804718,0.25,12.114956378936768
176430694,XY-Warm-Same-State S2 p2=26,0,spsa,sequential,3,random_shared_stream,15,120,5,52,2.9143142700195312,47,0.36285844445228577,0.05031941831111908,0.0025170608423650265,0.0025170608423650265,0.0023972010239958763,1.2888650268268897,0.007607023936737776,0.25,12.265991449356079
176430694,XY-Warm-Same-State S2 p2=26,0,spsa,sequential,3,random_shared_stream,20,120,5,52,2.9141223430633545,57,0.1726432889699936,0.023941315710544586,0.0005697949673049152,0.0005426618736237288,0.0005697949090972543,1.163558273058691,0.007389175310232022,0.2008805125951767,12.41392731666565
176430694,XY-Warm-Same-State S2 p2=26,0,spsa,sequential,3,random_shared_stream,25,120,5,52,2.9141223430633545,67,0.0364103727042675,0.005049210507422686,2.5456811272306368e-05,2.5494526198599488e-05,2.534367195039522e-05,1.0661811193134965,0.007224504386940453,0.0388200543820858,12.56440019607544
176430694,XY-Warm-Same-State S2 p2=26,0,spsa,sequential,3,random_shared_stream,30,120,5,52,2.9140336513519287,77,0.5127952694892883,0.07111191004514694,0.004869888070970774,0.004937213379889727,0.004787601064890623,0.9878530669694865,0.007092686320615818,0.25,12.715035915374756
176430694,XY-Warm-Same-State S2 p2=26,0,spsa,sequential,3,random_shared_stream,35,120,5,52,2.9140336513519287,87,0.40364915132522583,0.05597607046365738,0.003059158567339182,0.0026698110159486532,0.0031147797126322985,0.9231781455937692,0.006983113928013742,0.25,12.86628007888794
176430694,XY-Warm-Same-State S2 p2=26,0,spsa,sequential,3,random_shared_stream,40,120,5,52,2.9130754470825195,97,0.59079909324646,0.08192910254001617,0.0063549126498401165,0.005719421431422234,0.006672658491879702,0.8686691785502392,0.006889567205173026,0.25,13.019349575042725
176430694,XY-Warm-Same-State S2 p2=26,0,spsa,sequential,3,random_shared_stream,45,120,5,52,2.9130754470825195,107,0.10101275146007538,0.014007949270308018,0.00018577287846710533,0.00019157830683980137,0.00017764534277375787,0.8219620417056404,0.006808093884711353,0.0830286517739296,13.170167207717896
176430694,XY-Warm-Same-State S2 p2=26,0,spsa,sequential,3,random_shared_stream,50,120,5,52,2.9130754470825195,117,0.1850443184375763,0.025661028921604156,0.0006545921205542982,0.0005961463321000338,0.0006429028580896556,0.781391402173823,0.006736030261586891,0.1445920169353485,13.32099962234497
176430694,XY-Warm-Same-State S2 p2=26,0,spsa,sequential,3,random_shared_stream,55,120,5,52,2.9130754470825195,127,0.03375900909304619,0.004681532271206379,2.1787058358313516e-05,2.1398005628725514e-05,1.9841787434415892e-05,0.7457467925245519,0.00667149812587736,0.0251756738871336,13.471448421478271
176430694,XY-Warm-Same-State S2 p2=26,0,spsa,sequential,3,random_shared_stream,60,120,5,52,2.9130184650421143,137,0.9273381233215332,0.1285986602306366,0.015656914561986923,0.01409122347831726,0.016439761966466904,0.7141250418194314,0.006613124877877567,0.25,13.622004985809326
176430694,XY-Warm-Same-State S2 p2=26,0,spsa,sequential,3,random_shared_stream,65,120,5,52,2.9130184650421143,147,0.30690425634384155,0.04255996644496918,0.001808671047911048,0.0018113504629582167,0.0018006322206929326,0.685837154405164,0.00655987782624524,0.21048633754253387,13.771085977554321
176430694,XY-Warm-Same-State S2 p2=26,0,spsa,sequential,3,random_shared_stream,70,120,5,52,2.9130184650421143,157,0.22141128778457642,0.03070422261953354,0.0009427492041140795,0.0009204355301335454,0.0009204355301335454,0.6603474212787059,0.006510961059728841,0.14620837569236755,13.921144008636475
176430694,XY-Warm-Same-State S2 p2=26,0,spsa,sequential,3,random_shared_stream,75,120,5,52,2.9130184650421143,167,0.478359192609787,0.066336490213871,0.004394019488245249,0.004400528967380524,0.0043744901195168495,0.6372323793675485,0.006465748569458605,0.25,14.071673393249512
176430694,XY-Warm-Same-State S2 p2=26,0,spsa,sequential,3,random_shared_stream,80,120,5,52,2.9130184650421143,177,0.6090188026428223,0.0844557136297226,0.007090561557561159,0.007090561557561159,0.007090561557561159,0.6161524125308155,0.006423739359501706,0.25,14.22070050239563
176430694,XY-Warm-Same-State S2 p2=26,0,spsa,sequential,3,random_shared_stream,85,120,5,52,2.9130184650421143,187,0.5800411701202393,0.08043724298477173,0.006460577715188265,0.006431863643229008,0.006470149382948875,0.5968316439531709,0.006384526420430394,0.25,14.369286060333252
176430694,XY-Warm-Same-State S2 p2=26,0,spsa,sequential,3,random_shared_stream,90,120,5,52,2.9130184650421143,197,0.09168090671300888,0.012713856063783169,0.00015949008229654282,0.00016068565309979022,0.00014633873070124537,0.5790434081468854,0.006347774736498105,0.053087227046489716,14.517114639282227
176430694,XY-Warm-Same-State S2 p2=26,0,spsa,sequential,3,random_shared_stream,95,120,5,52,2.9130184650421143,207,0.1382063329219818,0.0191657692193985,0.00034776495886035264,0.0003129884717054665,0.0003651532169897109,0.5625995639012552,0.006313205349806472,0.07775481045246124,14.668092727661133
176430694,XY-Warm-Same-State S2 p2=26,0,spsa,sequential,3,random_shared_stream,100,120,5,52,2.9130184650421143,217,0.30809685587882996,0.042725350707769394,0.0018254551105201244,0.0017822491936385632,0.0017822491936385632,0.5473425052876298,0.0062805835881331795,0.16863450407981873,14.817953109741211
176430694,XY-Warm-Same-State S2 p2=26,0,spsa,sequential,3,random_shared_stream,105,120,5,52,2.9130184650421143,227,0.15542839467525482,0.021554039791226387,0.00046388941700570285,0.0004535807529464364,0.0004618276725523174,0.5331391025468221,0.006249710218466985,0.08286495506763458,14.96720814704895
176430694,XY-Warm-Same-State S2 p2=26,0,spsa,sequential,3,random_shared_stream,110,120,5,52,2.9130184650421143,237,0.027639005333185196,0.0038328408263623714,1.0431243026687298e-05,1.2517491086327937e-05,7.649578947166447e-06,0.5198760461248105,0.006220414696856706,0.014368858188390732,15.118719100952148
176430694,XY-Warm-Same-State S2 p2=26,0,spsa,sequential,3,random_shared_stream,115,120,5,52,2.9130184650421143,247,0.011244166642427444,0.0015592853305861354,2.373823463130975e-06,2.4313708308909554e-06,2.2011820419720607e-06,0.5074562260994382,0.006192549946726541,0.0057059223763644695,15.26781678199768
176430694,XY-Warm-Same-State S2 p2=26,0,spsa,sequential,3,random_shared_stream,120,120,5,52,2.9130184650421143,257,0.05074701085686684,0.007037344854325056,4.945095497532748e-05,4.835204890696332e-05,4.9231173761654645e-05,0.49579588599489166,0.006165988269252272,0.025160159915685654,15.418786525726318
176430694,XY-Warm-Same-State S2 p2=26,0,spsa,sequential,4,continuation,1,120,5,52,0.07601922005414963,19,6.916468143463135,0.9591415524482727,0.8709609508514404,0.8328564763069153,0.8981785178184509,0.04047040297649143,0.01,0.25,15.735443830490112
176430694,XY-Warm-Same-State S2 p2=26,0,spsa,sequential,4,continuation,5,120,5,52,0.07601922005414963,27,150.04713439941406,20.80779457092285,422.7165832519531,422.7165222167969,422.7165222167969,0.034435086339818025,0.008499708457906336,0.25,15.86083173751831
176430694,XY-Warm-Same-State S2 p2=26,0,spsa,sequential,4,continuation,10,120,5,52,0.07601922005414963,37,306.9122619628906,42.561073303222656,1787.3282470703125,1800.7264404296875,1768.570556640625,0.02948444607252974,0.007925013304804718,0.25,16.011955976486206
176430694,XY-Warm-Same-State S2 p2=26,0,spsa,sequential,4,continuation,15,120,5,52,0.07601922005414963,47,97.10147857666016,13.465553283691406,178.9070587158203,177.02947998046875,180.24819946289062,0.026064562577922626,0.007607023936737776,0.25,16.162569761276245
176430694,XY-Warm-Same-State S2 p2=26,0,spsa,sequential,4,continuation,20,120,5,52,0.07601922005414963,57,29.446327209472656,4.083470821380615,16.650066375732422,16.576066970825195,16.674734115600586,0.023530499152314425,0.007389175310232022,0.25,16.31415033340454
176430694,XY-Warm-Same-State S2 p2=26,0,spsa,sequential,4,continuation,25,120,5,52,0.07601922005414963,67,9.998335838317871,1.3865199089050293,1.922437071800232,1.922437071800232,1.922437071800232,0.02156125267217658,0.007224504386940453,0.2155766487121582,16.46366047859192
176430694,XY-Warm-Same-State S2 p2=26,0,spsa,sequential,4,continuation,30,120,5,52,0.07601922005414963,77,28.49458885192871,3.951488733291626,15.244693756103516,14.782733917236328,15.521869659423828,0.01997723388088894,0.007092686320615818,0.25,16.612964153289795
176430694,XY-Warm-Same-State S2 p2=26,0,spsa,sequential,4,continuation,35,120,5,52,0.07601922005414963,87,114.33181762695312,15.854970932006836,251.00820922851562,245.4302520751953,249.89259338378906,0.018669320716723285,0.006983113928013742,0.25,16.76018524169922
176430694,XY-Warm-Same-State S2 p2=26,0,spsa,sequential,4,continuation,40,120,5,52,0.07601922005414963,97,14.379127502441406,1.9940263032913208,3.9526126384735107,3.952613353729248,3.95261287689209,0.0175669924255586,0.006889567205173026,0.25,16.91039276123047
176430694,XY-Warm-Same-State S2 p2=26,0,spsa,sequential,4,continuation,45,120,5,52,0.07601922005414963,107,12.86915111541748,1.7846301794052124,3.1801936626434326,3.1849048137664795,3.1660592555999756,0.016622439609102084,0.006808093884711353,0.21391667425632477,17.060980081558228
176430694,XY-Warm-Same-State S2 p2=26,0,spsa,sequential,4,continuation,50,120,5,52,0.07601922005414963,117,135.0885009765625,18.7334041595459,350.9404296875,348.86383056640625,348.8638916015625,0.01580198444049006,0.006736030261586891,0.25,17.211873292922974
176430694,XY-Warm-Same-State S2 p2=26,0,spsa,sequential,4,continuation,55,120,5,52,0.07601922005414963,127,66.41131591796875,9.209593772888184,84.81659698486328,84.31472778320312,84.31473541259766,0.01508114778232086,0.00667149812587736,0.25,17.363612174987793
176430694,XY-Warm-Same-State S2 p2=26,0,spsa,sequential,4,continuation,60,120,5,52,0.07601922005414963,137,204.76968383789062,28.396448135375977,806.3580932617188,787.2727661132812,787.2727661132812,0.014441664917225023,0.006613124877877567,0.25,17.514256715774536
176430694,XY-Warm-Same-State S2 p2=26,0,spsa,sequential,4,continuation,65,120,5,52,0.07601922005414963,147,4.241883277893066,0.5882434248924255,0.32760265469551086,0.31327003240585327,0.33784019947052,0.013869602368890059,0.00655987782624524,0.05883323401212692,17.664260387420654
176430694,XY-Warm-Same-State S2 p2=26,0,spsa,sequential,4,continuation,70,120,5,52,0.07601922005414963,157,57.51266860961914,7.975572109222412,60.22224807739258,57.587528228759766,62.10419464111328,0.013354126558513875,0.006510961059728841,0.25,17.81456708908081
176430694,XY-Warm-Same-State S2 p2=26,0,spsa,sequential,4,continuation,75,120,5,52,0.07601922005414963,167,59.24075698852539,8.215214729309082,65.89236450195312,65.89236450195312,65.89236450195312,0.012886673843261025,0.006465748569458605,0.25,17.965203285217285
176430694,XY-Warm-Same-State S2 p2=26,0,spsa,sequential,4,continuation,80,120,5,52,0.07601922005414963,177,45.878482818603516,6.36220121383667,39.51955032348633,40.23809051513672,34.48979187011719,0.0124603762067201,0.006423739359501706,0.25,18.11465358734131
176430694,XY-Warm-Same-State S2 p2=26,0,spsa,sequential,4,continuation,85,120,5,52,0.07601922005414963,187,69.6302490234375,9.655978202819824,82.06591796875,91.03109741210938,66.20443725585938,0.012069654625201681,0.006384526420430394,0.25,18.26357102394104
176430694,XY-Warm-Same-State S2 p2=26,0,spsa,sequential,4,continuation,90,120,5,52,0.07601922005414963,197,250.13479614257812,34.68745422363281,1116.00390625,1139.1427001953125,1089.30517578125,0.011709925269781716,0.006347774736498105,0.25,18.409781455993652
176430694,XY-Warm-Same-State S2 p2=26,0,spsa,sequential,4,continuation,95,120,5,52,0.07601922005414963,207,16.049362182617188,2.2256462574005127,4.92418909072876,4.953500747680664,4.836257457733154,0.011377383383361667,0.006313205349806472,0.182599738240242,18.558175802230835
176430694,XY-Warm-Same-State S2 p2=26,0,spsa,sequential,4,continuation,100,120,5,52,0.07601922005414963,217,34.52888488769531,4.788295269012451,21.70676040649414,18.043746948242188,22.927766799926758,0.011068841720183088,0.0062805835881331795,0.25,18.70888352394104
176430694,XY-Warm-Same-State S2 p2=26,0,spsa,sequential,4,continuation,105,120,5,52,0.07601922005414963,227,137.8455810546875,19.11574363708496,345.9518737792969,345.9518737792969,345.9518737792969,0.010781608013121733,0.006249710218466985,0.25,18.851831674575806
176430694,XY-Warm-Same-State S2 p2=26,0,spsa,sequential,4,continuation,110,120,5,52,0.07601922005414963,237,8.989033699035645,1.2465547323226929,1.5447041988372803,1.5447039604187012,1.4711464643478394,0.010513390816680984,0.006220414696856706,0.09450522065162659,18.997092962265015
176430694,XY-Warm-Same-State S2 p2=26,0,spsa,sequential,4,continuation,115,120,5,52,0.07601922005414963,247,0.19101200997829437,0.02648860029876232,0.0006974942516535521,0.0006974942516535521,0.0006642802036367357,0.010262226288573005,0.006192549946726541,0.0019602086395025253,19.150757551193237
176430694,XY-Warm-Same-State S2 p2=26,0,spsa,sequential,4,continuation,120,120,5,52,0.07601922005414963,257,68.70894622802734,9.528216361999512,90.65259552001953,90.24971008300781,90.78690338134766,0.010026420631650922,0.006165988269252272,0.25,19.3013756275177
176430694,XY-Warm-Same-State S2 p2=30,0,spsa,sequential,0,deterministic_linear_ramp,1,120,5,60,3.911167621612549,19,22.140520095825195,2.8583288192749023,8.160965919494629,7.8432416915893555,8.024798393249512,0.014475234510102318,0.01,0.25,0.33076906204223633
176430694,XY-Warm-Same-State S2 p2=30,0,spsa,sequential,0,deterministic_linear_ramp,5,120,5,60,3.551170825958252,27,65.1267318725586,8.40782642364502,69.984619140625,69.4347915649414,70.3773422241211,0.012316555148562058,0.008499708457906336,0.25,0.4636244773864746
176430694,XY-Warm-Same-State S2 p2=30,0,spsa,sequential,0,deterministic_linear_ramp,10,120,5,60,3.3716957569122314,37,40.88408279418945,5.278112411499023,27.73465347290039,24.763086318969727,26.744131088256836,0.010545836955175632,0.007925013304804718,0.25,0.6343855857849121
176430694,XY-Warm-Same-State S2 p2=30,0,spsa,sequential,0,deterministic_linear_ramp,15,120,5,60,3.0840859413146973,47,3.2960116863250732,0.42551329731941223,0.18086037039756775,0.1778426617383957,0.18025682866573334,0.009322631552194545,0.007607023936737776,0.030727500095963478,0.8058755397796631
176430694,XY-Warm-Same-State S2 p2=30,0,spsa,sequential,0,deterministic_linear_ramp,20,120,5,60,3.0245227813720703,57,7.606268882751465,0.9819651246070862,0.9599697589874268,0.9599698781967163,0.9599698185920715,0.008416261473041654,0.007389175310232022,0.06401634216308594,0.9756953716278076
176430694,XY-Warm-Same-State S2 p2=30,0,spsa,sequential,0,deterministic_linear_ramp,25,120,5,60,3.0052742958068848,67,22.602842330932617,2.9180147647857666,8.476964950561523,8.514808654785156,8.363433837890625,0.007711912059354148,0.007224504386940453,0.17431113123893738,1.149782419204712
176430694,XY-Warm-Same-State S2 p2=30,0,spsa,sequential,0,deterministic_linear_ramp,30,120,5,60,2.966766119003296,77,1.5932554006576538,0.20568838715553284,0.041555579751729965,0.0376068539917469,0.04211968183517456,0.0071453487986518375,0.007092686320615818,0.01138436608016491,1.3171231746673584
176430694,XY-Warm-Same-State S2 p2=30,0,spsa,sequential,0,deterministic_linear_ramp,35,120,5,60,2.9467036724090576,87,9.182455062866211,1.1854499578475952,1.3912384510040283,1.2491477727890015,1.3803083896636963,0.006677541503005553,0.006983113928013742,0.06131622567772865,1.490793228149414
176430694,XY-Warm-Same-State S2 p2=30,0,spsa,sequential,0,deterministic_linear_ramp,40,120,5,60,2.9397342205047607,97,0.042486708611249924,0.0054850103333592415,2.995162685692776e-05,2.995162685692776e-05,2.9951625037938356e-05,0.006283266691089349,0.006889567205173026,0.0002669552923180163,1.6576251983642578
176430694,XY-Warm-Same-State S2 p2=30,0,spsa,sequential,0,deterministic_linear_ramp,45,120,5,60,2.9278204441070557,107,2.4672701358795166,0.31852322816848755,0.09965335577726364,0.09739875793457031,0.07936195284128189,0.0059454241563034246,0.006808093884711353,0.014668967574834824,1.8306739330291748
176430694,XY-Warm-Same-State S2 p2=30,0,spsa,sequential,0,deterministic_linear_ramp,50,120,5,60,2.924999237060547,117,10.164111137390137,1.3121811151504517,1.6739909648895264,1.691209316253662,1.6529464721679688,0.005651968195966599,0.006736030261586891,0.05744723230600357,1.9995055198669434
176430694,XY-Warm-Same-State S2 p2=30,0,spsa,sequential,0,deterministic_linear_ramp,55,120,5,60,2.9205386638641357,127,0.8631146550178528,0.11142762750387192,0.012291952036321163,0.01219538226723671,0.011036545969545841,0.005394143244815539,0.00667149812587736,0.004655763506889343,2.1738665103912354
176430694,XY-Warm-Same-State S2 p2=30,0,spsa,sequential,0,deterministic_linear_ramp,60,120,5,60,2.9205386638641357,137,12.626328468322754,1.6300519704818726,2.6304986476898193,2.5507867336273193,2.231938362121582,0.005165416477680766,0.006613124877877567,0.06522025167942047,2.3382251262664795
176430694,XY-Warm-Same-State S2 p2=30,0,spsa,sequential,0,deterministic_linear_ramp,65,120,5,60,2.9205386638641357,147,25.624441146850586,3.3081014156341553,10.89489459991455,10.505791664123535,10.89489459991455,0.004960804244231906,0.00655987782624524,0.1271178424358368,2.5062975883483887
176430694,XY-Warm-Same-State S2 p2=30,0,spsa,sequential,0,deterministic_linear_ramp,70,120,5,60,2.9205386638641357,157,5.399410247802734,0.6970609426498413,0.4853539764881134,0.47725576162338257,0.46645811200141907,0.00477643164868808,0.006510961059728841,0.025789914652705193,2.679274559020996
176430694,XY-Warm-Same-State S2 p2=30,0,spsa,sequential,0,deterministic_linear_ramp,75,120,5,60,2.914055585861206,167,12.834722518920898,1.6569557189941406,2.596024513244629,2.6356818675994873,2.5502660274505615,0.004609235693668812,0.006465748569458605,0.059158261865377426,2.8437464237213135
176430694,XY-Warm-Same-State S2 p2=30,0,spsa,sequential,0,deterministic_linear_ramp,80,120,5,60,2.9114692211151123,177,5.144118785858154,0.6641029715538025,0.43319210410118103,0.43907254934310913,0.3920290172100067,0.004456759864267836,0.006423739359501706,0.022926105186343193,3.014827013015747
176430694,XY-Warm-Same-State S2 p2=30,0,spsa,sequential,0,deterministic_linear_ramp,85,120,5,60,2.9041659832000732,187,0.858810305595398,0.11087194085121155,0.011951123364269733,0.010926742106676102,0.012292584404349327,0.004317008685513266,0.006384526420430394,0.0037074917927384377,3.1862680912017822
176430694,XY-Warm-Same-State S2 p2=30,0,spsa,sequential,0,deterministic_linear_ramp,90,120,5,60,2.897706985473633,197,3.734281301498413,0.4820936322212219,0.23009012639522552,0.22828246653079987,0.23138132691383362,0.00418834263830596,0.006347774736498105,0.01564044877886772,3.3524768352508545
176430694,XY-Warm-Same-State S2 p2=30,0,spsa,sequential,0,deterministic_linear_ramp,95,120,5,60,2.897706985473633,207,5.672389507293701,0.7323023676872253,0.533883273601532,0.5148160457611084,0.5338832139968872,0.004069400857737129,0.006313205349806472,0.02308322675526142,3.5255160331726074
176430694,XY-Warm-Same-State S2 p2=30,0,spsa,sequential,0,deterministic_linear_ramp,100,120,5,60,2.897706985473633,217,4.843236446380615,0.6252591609954834,0.39094898104667664,0.39094898104667664,0.3909490406513214,0.003959043347009072,0.0062805835881331795,0.01917458325624466,3.696866750717163
176430694,XY-Warm-Same-State S2 p2=30,0,spsa,sequential,0,deterministic_linear_ramp,105,120,5,60,2.897706985473633,227,11.421623229980469,1.4745253324508667,2.1138296127319336,1.932644009590149,2.174224615097046,0.003856307150600691,0.006249710218466985,0.04404528811573982,3.864727020263672
176430694,XY-Warm-Same-State S2 p2=30,0,spsa,sequential,0,deterministic_linear_ramp,110,120,5,60,2.897706985473633,237,1.6970264911651611,0.2190852016210556,0.04794498160481453,0.04714501276612282,0.04778498783707619,0.0037603726766994227,0.006220414696856706,0.0063814520835876465,4.034449338912964
176430694,XY-Warm-Same-State S2 p2=30,0,spsa,sequential,0,deterministic_linear_ramp,115,120,5,60,2.897706985473633,247,4.904781818389893,0.6332046389579773,0.38981059193611145,0.38491013646125793,0.3938201069831848,0.003670537508833808,0.006192549946726541,0.018003184348344803,4.205899238586426
176430694,XY-Warm-Same-State S2 p2=30,0,spsa,sequential,0,deterministic_linear_ramp,120,120,5,60,2.892155408859253,257,11.745630264282227,1.5163544416427612,2.2967758178710938,2.2891111373901367,2.299330711364746,0.0035861958188155834,0.006165988269252272,0.04212212935090065,4.373059272766113
176430694,XY-Warm-Same-State S2 p2=30,0,spsa,sequential,1,random_shared_stream,1,120,5,60,2.9158666133880615,19,1.1024367809295654,0.14232397079467773,0.0198960043489933,0.018815677613019943,0.02025611139833927,1.0504141426860958,0.01,0.25,4.732027530670166
176430694,XY-Warm-Same-State S2 p2=30,0,spsa,sequential,1,random_shared_stream,5,120,5,60,2.9151840209960938,27,0.3170056641101837,0.04092525690793991,0.0016730151837691665,0.0016451007686555386,0.0016674324870109558,0.8937667785757611,0.008499708457906336,0.25,4.865411281585693
176430694,XY-Warm-Same-State S2 p2=30,0,spsa,sequential,1,random_shared_stream,10,120,5,60,2.914379358291626,37,0.892512857913971,0.11522292345762253,0.013276319019496441,0.01304029580205679,0.01304029580205679,0.7652723191770838,0.007925013304804718,0.25,5.036989688873291
176430694,XY-Warm-Same-State S2 p2=30,0,spsa,sequential,1,random_shared_stream,15,120,5,60,2.914379358291626,47,0.2027156949043274,0.026170484721660614,0.0006848943303339183,0.0006574986036866903,0.0006574985454790294,0.6765088346335579,0.007607023936737776,0.1371389776468277,5.202211141586304
176430694,XY-Warm-Same-State S2 p2=30,0,spsa,sequential,1,random_shared_stream,20,120,5,60,2.914379358291626,57,2.272620677947998,0.2933940589427948,0.08608006685972214,0.08608007431030273,0.08608007431030273,0.6107369157755066,0.007389175310232022,0.25,5.363850355148315
176430694,XY-Warm-Same-State S2 p2=30,0,spsa,sequential,1,random_shared_stream,25,120,5,60,2.9140806198120117,67,1.21653151512146,0.15705354511737823,0.02455618977546692,0.02455618791282177,0.02455618791282177,0.5596248881939385,0.007224504386940453,0.25,5.526732444763184
176430694,XY-Warm-Same-State S2 p2=30,0,spsa,sequential,1,random_shared_stream,30,120,5,60,2.9136545658111572,77,0.5263549089431763,0.06795212626457214,0.004535401705652475,0.0046174912713468075,0.004289135802537203,0.5185114912847061,0.007092686320615818,0.25,5.691457271575928
176430694,XY-Warm-Same-State S2 p2=30,0,spsa,sequential,1,random_shared_stream,35,120,5,60,2.9135007858276367,87,0.2394721657037735,0.030915725976228714,0.0009547200170345604,0.0009515340789221227,0.0009557820740155876,0.48456444890306805,0.006983113928013742,0.1160396933555603,5.863748073577881
176430694,XY-Warm-Same-State S2 p2=30,0,spsa,sequential,1,random_shared_stream,40,120,5,60,2.9135007858276367,97,0.4107941687107086,0.05303330346941948,0.002762530231848359,0.002800030866637826,0.0027000296395272017,0.4559533864534308,0.006889567205173026,0.18730297684669495,6.030392408370972
176430694,XY-Warm-Same-State S2 p2=30,0,spsa,sequential,1,random_shared_stream,45,120,5,60,2.9135007858276367,107,0.2830626964569092,0.036543235182762146,0.0013354080729186535,0.0012404456501826644,0.0012404456501826644,0.431437405293168,0.006808093884711353,0.1221238225698471,6.1908955574035645
176430694,XY-Warm-Same-State S2 p2=30,0,spsa,sequential,1,random_shared_stream,50,120,5,60,2.9135007858276367,117,0.017957793548703194,0.002318341052159667,5.1597171477624215e-06,4.777516096510226e-06,5.350817446014844e-06,0.4101423934038475,0.006736030261586891,0.007365252356976271,6.351396560668945
176430694,XY-Warm-Same-State S2 p2=30,0,spsa,sequential,1,random_shared_stream,55,120,5,60,2.9135007858276367,127,0.03598617762327194,0.004645796027034521,2.0983879949199036e-05,2.0048597434652038e-05,2.1487490812432952e-05,0.3914329918506349,0.00667149812587736,0.014086177572607994,6.512058973312378
176430694,XY-Warm-Same-State S2 p2=30,0,spsa,sequential,1,random_shared_stream,60,120,5,60,2.9135007858276367,137,0.18207761645317078,0.023506121709942818,0.0005371894221752882,0.0005304362275637686,0.00054271484259516,0.3748351377128275,0.006613124877877567,0.06824909150600433,6.672985792160034
176430694,XY-Warm-Same-State S2 p2=30,0,spsa,sequential,1,random_shared_stream,65,120,5,60,2.9135007858276367,147,0.23915714025497437,0.030875056982040405,0.000952209928072989,0.0009490323718637228,0.0009532690746709704,0.359987185948642,0.00655987782624524,0.08609351515769958,6.833142518997192
176430694,XY-Warm-Same-State S2 p2=30,0,spsa,sequential,1,random_shared_stream,70,120,5,60,2.9135007858276367,157,0.1402609944343567,0.018107617273926735,0.0003100342000834644,0.00032205667230300605,0.000291454023681581,0.3466079497264021,0.006510961059728841,0.048615578562021255,6.993645429611206
176430694,XY-Warm-Same-State S2 p2=30,0,spsa,sequential,1,random_shared_stream,75,120,5,60,2.9135007858276367,167,0.4947033226490021,0.06386592984199524,0.004074323922395706,0.004006343428045511,0.0039157019928097725,0.3344751586735471,0.006465748569458605,0.16546596586704254,7.154083013534546
176430694,XY-Warm-Same-State S2 p2=30,0,spsa,sequential,1,random_shared_stream,80,120,5,60,2.9135007858276367,177,1.002776861190796,0.12945793569087982,0.01674073562026024,0.015567581169307232,0.016088981181383133,0.3234105526038631,0.006423739359501706,0.25,7.314100503921509
176430694,XY-Warm-Same-State S2 p2=30,0,spsa,sequential,1,random_shared_stream,85,120,5,60,2.9135007858276367,187,0.2526678144931793,0.032619278877973557,0.0010628348682075739,0.0010214564390480518,0.000988353625871241,0.3132693272911814,0.006384526420430394,0.07915307581424713,7.474590539932251
176430694,XY-Warm-Same-State S2 p2=30,0,spsa,sequential,1,random_shared_stream,90,120,5,60,2.9135007858276367,197,0.2173275649547577,0.02805686928331852,0.000783689261879772,0.0007871879497542977,0.0007731934892944992,0.3039325089083256,0.006347774736498105,0.06605292111635208,7.646796941757202
176430694,XY-Warm-Same-State S2 p2=30,0,spsa,sequential,1,random_shared_stream,95,120,5,60,2.9135007858276367,207,0.0769345760345459,0.00993221066892147,9.853921073954552e-05,9.82103738351725e-05,9.689505532151088e-05,0.2953013445303964,0.006313205349806472,0.02271888218820095,7.819623947143555
176430694,XY-Warm-Same-State S2 p2=30,0,spsa,sequential,1,random_shared_stream,100,120,5,60,2.9135007858276367,217,0.05704498291015625,0.007364476099610329,5.3994455811334774e-05,5.327131293597631e-05,5.423550101113506e-05,0.2872931088130765,0.0062805835881331795,0.016388630494475365,7.985791444778442
176430694,XY-Warm-Same-State S2 p2=30,0,spsa,sequential,1,random_shared_stream,105,120,5,60,2.9135007858276367,227,0.057031288743019104,0.007362707983702421,5.420945672085509e-05,5.396852793637663e-05,5.396853157435544e-05,0.2798379236416152,0.006249710218466985,0.015959519892930984,8.154805183410645
176430694,XY-Warm-Same-State S2 p2=30,0,spsa,sequential,1,random_shared_stream,110,120,5,60,2.9135007858276367,237,0.24849741160869598,0.03208087757229805,0.0010291828075423837,0.00095599633641541,0.00095599633641541,0.27287631427447756,0.006220414696856706,0.06780906021595001,8.327800989151001
176430694,XY-Warm-Same-State S2 p2=30,0,spsa,sequential,1,random_shared_stream,115,120,5,60,2.9135007858276367,247,1.1991686820983887,0.1548120230436325,0.023727091029286385,0.02354068122804165,0.02386024035513401,0.26635730895053866,0.006192549946726541,0.25,8.490498065948486
176430694,XY-Warm-Same-State S2 p2=30,0,spsa,sequential,1,random_shared_stream,120,120,5,60,2.9135007858276367,257,1.1674946546554565,0.1507229208946228,0.022717393934726715,0.02231352962553501,0.02231352962553501,0.26023694496255906,0.006165988269252272,0.25,8.65786623954773
176430694,XY-Warm-Same-State S2 p2=30,0,spsa,sequential,2,random_shared_stream,1,120,5,60,2.9170970916748047,19,0.15651480853557587,0.02020597644150257,0.0004010231059510261,0.00040646683191880584,0.0003919501614291221,1.0713077271393214,0.01,0.16767553985118866,9.017537593841553
176430694,XY-Warm-Same-State S2 p2=30,0,spsa,sequential,2,random_shared_stream,5,120,5,60,2.9133830070495605,27,0.25127968192100525,0.03244006633758545,0.001052357954904437,0.0010102635715156794,0.0010102635715156794,0.9115445206213006,0.008499708457906336,0.2290526032447815,9.153984069824219
176430694,XY-Warm-Same-State S2 p2=30,0,spsa,sequential,2,random_shared_stream,10,120,5,60,2.9133830070495605,37,0.6969989538192749,0.08998218923807144,0.00806080736219883,0.007952849380671978,0.0075210207141935825,0.7804942027948679,0.007925013304804718,0.25,9.326186418533325
176430694,XY-Warm-Same-State S2 p2=30,0,spsa,sequential,2,random_shared_stream,15,120,5,60,2.9133830070495605,47,0.045762766152620316,0.00590794812887907,3.474871482467279e-05,3.49038491549436e-05,3.428333002375439e-05,0.6899651409563426,0.007607023936737776,0.031574711203575134,9.49612283706665
176430694,XY-Warm-Same-State S2 p2=30,0,spsa,sequential,2,random_shared_stream,20,120,5,60,2.9133830070495605,57,1.3609980344772339,0.17570410668849945,0.0303230918943882,0.030323093757033348,0.030323093757033348,0.6228849655873906,0.007389175310232022,0.25,9.666981220245361
176430694,XY-Warm-Same-State S2 p2=30,0,spsa,sequential,2,random_shared_stream,25,120,5,60,2.9133830070495605,67,0.6383020281791687,0.08240444213151932,0.006790490821003914,0.006760310847312212,0.006760310847312212,0.5707562785555601,0.007224504386940453,0.25,9.834467649459839
176430694,XY-Warm-Same-State S2 p2=30,0,spsa,sequential,2,random_shared_stream,30,120,5,60,2.9133830070495605,77,0.18903470039367676,0.02440427616238594,0.0005949069163762033,0.0005849807639606297,0.0005929216858930886,0.5288251030239973,0.007092686320615818,0.09996629506349564,10.002476453781128
176430694,XY-Warm-Same-State S2 p2=30,0,spsa,sequential,2,random_shared_stream,35,120,5,60,2.9122092723846436,87,0.9235082864761353,0.1192244216799736,0.01419866643846035,0.013961759395897388,0.014151285402476788,0.49420282659122194,0.006983113928013742,0.25,10.176377534866333
176430694,XY-Warm-Same-State S2 p2=30,0,spsa,sequential,2,random_shared_stream,40,120,5,60,2.9122092723846436,97,0.35758528113365173,0.04616406187415123,0.002131120301783085,0.0020932338666170835,0.002093234099447727,0.4650226670347432,0.006889567205173026,0.16628524661064148,10.341840505599976
176430694,XY-Warm-Same-State S2 p2=30,0,spsa,sequential,2,random_shared_stream,45,120,5,60,2.9122092723846436,107,0.34233358502388,0.044195082038640976,0.0019445238867774606,0.0019445238867774606,0.0018750765593722463,0.44001904323715285,0.006808093884711353,0.150633305311203,10.520011901855469
176430694,XY-Warm-Same-State S2 p2=30,0,spsa,sequential,2,random_shared_stream,50,120,5,60,2.9122092723846436,117,0.5890430808067322,0.07604513317346573,0.0056800562888383865,0.005757160950452089,0.00555154774338007,0.41830045638700386,0.006736030261586891,0.2463969886302948,10.683058261871338
176430694,XY-Warm-Same-State S2 p2=30,0,spsa,sequential,2,random_shared_stream,55,120,5,60,2.9122092723846436,127,0.25024235248565674,0.03230614960193634,0.0010436871089041233,0.0010019396431744099,0.0010019396431744099,0.3992189097478333,0.00667149812587736,0.0999014675617218,10.848917007446289
176430694,XY-Warm-Same-State S2 p2=30,0,spsa,sequential,2,random_shared_stream,60,120,5,60,2.9122092723846436,137,0.8648686408996582,0.11165406554937363,0.012411222793161869,0.012411222793161869,0.012411221861839294,0.3822909109051157,0.006613124877877567,0.25,11.021593570709229
176430694,XY-Warm-Same-State S2 p2=30,0,spsa,sequential,2,random_shared_stream,65,120,5,60,2.9122092723846436,147,0.15554364025592804,0.020080599933862686,0.0004032304568681866,0.0004032304568681866,0.0004032304568681866,0.36714762140552126,0.00655987782624524,0.05710747838020325,11.187479734420776
176430694,XY-Warm-Same-State S2 p2=30,0,spsa,sequential,2,random_shared_stream,70,120,5,60,2.9122092723846436,157,0.9597029089927673,0.12389711290597916,0.01507759653031826,0.015282269567251205,0.014736474491655827,0.35350226138451546,0.006510961059728841,0.25,11.357900619506836
176430694,XY-Warm-Same-State S2 p2=30,0,spsa,sequential,2,random_shared_stream,75,120,5,60,2.9122092723846436,167,0.212219700217247,0.02739744819700718,0.0007472839206457138,0.0007472839788533747,0.0007472839788533747,0.3411281393325672,0.006465748569458605,0.07239411771297455,11.526453495025635
176430694,XY-Warm-Same-State S2 p2=30,0,spsa,sequential,2,random_shared_stream,80,120,5,60,2.9122092723846436,177,0.37575384974479675,0.048509616404771805,0.002225064905360341,0.0023113482166081667,0.002091717906296253,0.3298434493245925,0.006423739359501706,0.12393994629383087,11.6966073513031
176430694,XY-Warm-Same-State S2 p2=30,0,spsa,sequential,2,random_shared_stream,85,120,5,60,2.9122092723846436,187,0.6042622923851013,0.07800992578268051,0.005977360997349024,0.005652798339724541,0.006085548084229231,0.3195005068615801,0.006384526420430394,0.19306211173534393,11.865493297576904
176430694,XY-Warm-Same-State S2 p2=30,0,spsa,sequential,2,random_shared_stream,90,120,5,60,2.9122092723846436,197,0.41967201232910156,0.05417943000793457,0.002883224980905652,0.002935410011559725,0.0027266698889434338,0.3099779716309791,0.006347774736498105,0.13008908927440643,12.037177085876465
176430694,XY-Warm-Same-State S2 p2=30,0,spsa,sequential,2,random_shared_stream,95,120,5,60,2.9122092723846436,207,0.03159290552139282,0.00407862663269043,1.661671012698207e-05,1.6339456124114804e-05,1.5969786545610987e-05,0.30117512643257016,0.006313205349806472,0.009514996781945229,12.203816890716553
176430694,XY-Warm-Same-State S2 p2=30,0,spsa,sequential,2,random_shared_stream,100,120,5,60,2.9122092723846436,217,0.361970990896225,0.04673025757074356,0.0021618795581161976,0.002144895028322935,0.0021740111988037825,0.29300760044821966,0.0062805835881331795,0.10606025159358978,12.371586322784424
176430694,XY-Warm-Same-State S2 p2=30,0,spsa,sequential,2,random_shared_stream,105,120,5,60,2.9122092723846436,227,0.5803598761558533,0.07492414116859436,0.005588676314800978,0.005613625980913639,0.005513827782124281,0.28540412563111817,0.006249710218466985,0.1656370908021927,12.544919490814209
176430694,XY-Warm-Same-State S2 p2=30,0,spsa,sequential,2,random_shared_stream,110,120,5,60,2.9122092723846436,237,0.18466591835021973,0.023840269073843956,0.0005582541925832629,0.0005582541925832629,0.0005582541925832629,0.2783040442391554,0.006220414696856706,0.05139327421784401,12.708983421325684
176430694,XY-Warm-Same-State S2 p2=30,0,spsa,sequential,2,random_shared_stream,115,120,5,60,2.9122092723846436,247,0.006113642826676369,0.0007892679423093796,6.118691544543253e-07,5.980260198157339e-07,4.872804879596515e-07,0.2716553706417692,0.006192549946726541,0.001660803915001452,12.87614917755127
176430694,XY-Warm-Same-State S2 p2=30,0,spsa,sequential,2,random_shared_stream,120,120,5,60,2.9122092723846436,257,0.024110648781061172,0.0031126714311540127,9.677958587417379e-06,9.688722457212862e-06,9.645662430557422e-06,0.26541326767801726,0.006165988269252272,0.006399285513907671,13.050251722335815
176430694,XY-Warm-Same-State S2 p2=30,0,spsa,sequential,3,random_shared_stream,1,120,5,60,2.917264938354492,19,0.51663738489151,0.06669759750366211,0.004428797867149115,0.004270626697689295,0.003954283893108368,1.1905911018529698,0.01,0.25,13.397953271865845
176430694,XY-Warm-Same-State S2 p2=30,0,spsa,sequential,3,random_shared_stream,5,120,5,60,2.9137415885925293,27,0.3605695068836212,0.046549323946237564,0.002048867056146264,0.0019260793924331665,0.0021283177193254232,1.0130392675244968,0.008499708457906336,0.25,13.532873153686523
176430694,XY-Warm-Same-State S2 p2=30,0,spsa,sequential,3,random_shared_stream,10,120,5,60,2.9132022857666016,37,0.7041064500808716,0.090899758040905,0.008253583684563637,0.008262764662504196,0.008226040750741959,0.8673973213809836,0.007925013304804718,0.25,13.70463514328003
176430694,XY-Warm-Same-State S2 p2=30,0,spsa,sequential,3,random_shared_stream,15,120,5,60,2.9132022857666016,47,0.22468668222427368,0.029006928205490112,0.0008376621990464628,0.0008376622572541237,0.0008376621990464628,0.7667884181185614,0.007607023936737776,0.17228715121746063,13.870125770568848
176430694,XY-Warm-Same-State S2 p2=30,0,spsa,sequential,3,random_shared_stream,20,120,5,60,2.9132022857666016,57,0.5623442530632019,0.07259833067655563,0.0052178120240569115,0.005270517431199551,0.005059696733951569,0.6922392872929374,0.007389175310232022,0.25,14.036527872085571
176430694,XY-Warm-Same-State S2 p2=30,0,spsa,sequential,3,random_shared_stream,25,120,5,60,2.9132022857666016,67,0.13676074147224426,0.017655737698078156,0.0002770888968370855,0.0002618489961605519,0.0002895579091273248,0.6343063989555192,0.007224504386940453,0.08674820512533188,14.207589387893677
176430694,XY-Warm-Same-State S2 p2=30,0,spsa,sequential,3,random_shared_stream,30,120,5,60,2.9132022857666016,77,0.5979589819908142,0.07719617336988449,0.005899656098335981,0.005932763684540987,0.005853306967765093,0.587706450860847,0.007092686320615818,0.25,14.372596740722656
176430694,XY-Warm-Same-State S2 p2=30,0,spsa,sequential,3,random_shared_stream,35,120,5,60,2.9132022857666016,87,0.6995072960853577,0.09030601382255554,0.008073623292148113,0.006379158701747656,0.007575251627713442,0.5492292017917796,0.006983113928013742,0.25,14.543485641479492
176430694,XY-Warm-Same-State S2 p2=30,0,spsa,sequential,3,random_shared_stream,40,120,5,60,2.9132022857666016,97,0.6602192521095276,0.08523394912481308,0.0072648245841264725,0.0072325365617871284,0.0072325365617871284,0.5168000150712068,0.006889567205173026,0.25,14.712916851043701
176430694,XY-Warm-Same-State S2 p2=30,0,spsa,sequential,3,random_shared_stream,45,120,5,60,2.9132022857666016,107,0.5525622367858887,0.07133547961711884,0.004947396460920572,0.004885200876742601,0.004998284392058849,0.4890123950873748,0.006808093884711353,0.25,14.879297256469727
176430694,XY-Warm-Same-State S2 p2=30,0,spsa,sequential,3,random_shared_stream,50,120,5,60,2.9132022857666016,117,0.073613241314888,0.00950342882424593,8.02801368990913e-05,7.586473657283932e-05,8.389275171793997e-05,0.46487558024552167,0.006736030261586891,0.03422100096940994,15.051407814025879
176430694,XY-Warm-Same-State S2 p2=30,0,spsa,sequential,3,random_shared_stream,55,120,5,60,2.9132022857666016,127,0.5786854028701782,0.07470797002315521,0.005525466986000538,0.005581279750913382,0.005358028691262007,0.44366942344979604,0.00667149812587736,0.25,15.215585947036743
176430694,XY-Warm-Same-State S2 p2=30,0,spsa,sequential,3,random_shared_stream,60,120,5,60,2.9132022857666016,137,0.44430288672447205,0.05735925957560539,0.003286428516730666,0.0032900841906666756,0.0032754617277532816,0.42485659844746515,0.006613124877877567,0.1887650191783905,15.379495859146118
176430694,XY-Warm-Same-State S2 p2=30,0,spsa,sequential,3,random_shared_stream,65,120,5,60,2.9132022857666016,147,0.5394056439399719,0.06963697820901871,0.004714605398476124,0.0048277550376951694,0.004504467826336622,0.4080271989441645,0.00655987782624524,0.22009217739105225,15.549144506454468
176430694,XY-Warm-Same-State S2 p2=30,0,spsa,sequential,3,random_shared_stream,70,120,5,60,2.9132022857666016,157,0.4224848449230194,0.05454256013035774,0.0028922550845891237,0.002855895319953561,0.002922004321590066,0.39286251394187194,0.006510961059728841,0.16597847640514374,15.717575073242188
176430694,XY-Warm-Same-State S2 p2=30,0,spsa,sequential,3,random_shared_stream,75,120,5,60,2.9132022857666016,167,0.13624334335327148,0.017588939517736435,0.00030902709113433957,0.00030937083647586405,0.00030799582600593567,0.3791106112578206,0.006465748569458605,0.05165129527449608,15.889532566070557
176430694,XY-Warm-Same-State S2 p2=30,0,spsa,sequential,3,random_shared_stream,80,120,5,60,2.9132022857666016,177,0.4193090796470642,0.054132577031850815,0.0029173113871365786,0.002721955766901374,0.0028782403096556664,0.3665694420210971,0.006423739359501706,0.153705894947052,16.049617052078247
176430694,XY-Warm-Same-State S2 p2=30,0,spsa,sequential,3,random_shared_stream,85,120,5,60,2.9132022857666016,187,0.2374817281961441,0.03065876103937626,0.0009389151236973703,0.0009357818635180593,0.0009232491138391197,0.35507487799296106,0.006384526420430394,0.08432379364967346,16.209938526153564
176430694,XY-Warm-Same-State S2 p2=30,0,spsa,sequential,3,random_shared_stream,90,120,5,60,2.9132022857666016,197,0.5271720886230469,0.06805762648582458,0.004446566570550203,0.004611254669725895,0.004117191769182682,0.3444920683805363,0.006347774736498105,0.18160662055015564,16.373299837112427
176430694,XY-Warm-Same-State S2 p2=30,0,spsa,sequential,3,random_shared_stream,95,120,5,60,2.9132022857666016,207,0.22378309071063995,0.028890272602438927,0.0007892058929428458,0.0008198096766136587,0.000741909199859947,0.33470908175707487,0.006313205349806472,0.07490222901105881,16.543335437774658
176430694,XY-Warm-Same-State S2 p2=30,0,spsa,sequential,3,random_shared_stream,100,120,5,60,2.9132022857666016,217,0.0957120805978775,0.012356375344097614,0.00014996570826042444,0.00015268003335222602,0.00014182277664076537,0.325632153144708,0.0062805835881331795,0.03116692788898945,16.714550971984863
176430694,XY-Warm-Same-State S2 p2=30,0,spsa,sequential,3,random_shared_stream,105,120,5,60,2.9132022857666016,227,0.6419714093208313,0.08287815004587173,0.006594036240130663,0.006380340550094843,0.006746675353497267,0.3171820792480349,0.006249710218466985,0.20362181961536407,16.88227343559265
176430694,XY-Warm-Same-State S2 p2=30,0,spsa,sequential,3,random_shared_stream,110,120,5,60,2.9132022857666016,237,0.5799757242202759,0.07487455010414124,0.00559996860101819,0.005506531335413456,0.005581281613558531,0.30929144846702183,0.006220414696856706,0.17938153445720673,17.055797338485718
176430694,XY-Warm-Same-State S2 p2=30,0,spsa,sequential,3,random_shared_stream,115,120,5,60,2.9132022857666016,247,0.42348161339759827,0.05467124283313751,0.002975660376250744,0.0027763976249843836,0.0029358076862990856,0.30190248689823873,0.006192549946726541,0.12785014510154724,17.223125457763672
176430694,XY-Warm-Same-State S2 p2=30,0,spsa,sequential,3,random_shared_stream,120,120,5,60,2.9132022857666016,257,0.8967364430427551,0.1157681867480278,0.013387380167841911,0.013402270153164864,0.013342705555260181,0.2949653650449894,0.006165988269252272,0.25,17.396226167678833
176430694,XY-Warm-Same-State S2 p2=30,0,spsa,sequential,4,continuation,1,120,5,60,0.07601923495531082,19,16.378482818603516,2.1144533157348633,4.426202297210693,3.9741439819335938,4.3914289474487305,0.044635616619123714,0.01,0.25,17.748236179351807
176430694,XY-Warm-Same-State S2 p2=30,0,spsa,sequential,4,continuation,5,120,5,60,0.07601923495531082,27,440.03143310546875,56.80781936645508,3212.78515625,3212.784912109375,3098.042724609375,0.03797914522875833,0.008499708457906336,0.25,17.8839271068573
176430694,XY-Warm-Same-State S2 p2=30,0,spsa,sequential,4,continuation,10,120,5,60,0.07601923495531082,37,226.87562561035156,29.289518356323242,854.0629272460938,854.0631103515625,854.0630493164062,0.032518985093505,0.007925013304804718,0.25,18.055782318115234
176430694,XY-Warm-Same-State S2 p2=30,0,spsa,sequential,4,continuation,15,120,5,60,0.07601923495531082,47,280.4513244628906,36.206111907958984,1165.2288818359375,1025.4014892578125,1258.447265625,0.028747127209213037,0.007607023936737776,0.25,18.217899322509766
176430694,XY-Warm-Same-State S2 p2=30,0,spsa,sequential,4,continuation,20,120,5,60,0.07601923495531082,57,88.03156280517578,11.364826202392578,114.8082275390625,108.49376678466797,119.97459411621094,0.0259522579903497,0.007389175310232022,0.25,18.38164472579956
176430694,XY-Warm-Same-State S2 p2=30,0,spsa,sequential,4,continuation,25,120,5,60,0.07601923495531082,67,298.0859069824219,38.482723236083984,1466.11083984375,1480.9200439453125,1421.683349609375,0.023780336673750745,0.007224504386940453,0.25,18.550416707992554
176430694,XY-Warm-Same-State S2 p2=30,0,spsa,sequential,4,continuation,30,120,5,60,0.07601923495531082,77,95.00218200683594,12.264729499816895,150.25643920898438,150.42356872558594,149.75503540039062,0.022033290677532878,0.007092686320615818,0.25,18.720587253570557
176430694,XY-Warm-Same-State S2 p2=30,0,spsa,sequential,4,continuation,35,120,5,60,0.07601923495531082,87,12.173808097839355,1.571631908416748,2.4590487480163574,2.4261152744293213,2.470026731491089,0.020590767097999587,0.006983113928013742,0.25,18.88725709915161
176430694,XY-Warm-Same-State S2 p2=30,0,spsa,sequential,4,continuation,40,120,5,60,0.07601923495531082,97,170.84213256835938,22.05562400817871,466.9925537109375,466.9925537109375,466.9925231933594,0.019374987185419478,0.006889567205173026,0.25,19.059819221496582
176430694,XY-Warm-Same-State S2 p2=30,0,spsa,sequential,4,continuation,45,120,5,60,0.07601923495531082,107,466.0700988769531,60.169395446777344,3616.333251953125,3475.541748046875,3362.907958984375,0.018333220998501175,0.006808093884711353,0.25,19.22471594810486
176430694,XY-Warm-Same-State S2 p2=30,0,spsa,sequential,4,continuation,50,120,5,60,0.07601923495531082,117,86.9459457397461,11.2246732711792,124.73336791992188,125.43331909179688,117.03377532958984,0.017428324588633016,0.006736030261586891,0.25,19.39269757270813
176430694,XY-Warm-Same-State S2 p2=30,0,spsa,sequential,4,continuation,55,120,5,60,0.07601923495531082,127,26.40001106262207,3.4082272052764893,11.499850273132324,11.151369094848633,11.616010665893555,0.016633299425732103,0.00667149812587736,0.25,19.566150903701782
176430694,XY-Warm-Same-State S2 p2=30,0,spsa,sequential,4,continuation,60,120,5,60,0.07601923495531082,137,59.97795867919922,7.74312162399292,59.356361389160156,58.890037536621094,59.689453125,0.01592800098782188,0.006613124877877567,0.25,19.729906797409058
176430694,XY-Warm-Same-State S2 p2=30,0,spsa,sequential,4,continuation,65,120,5,60,0.07601923495531082,147,64.83002471923828,8.36952018737793,68.80355834960938,65.06761169433594,50.12385559082031,0.015297061765287554,0.00655987782624524,0.25,19.892794609069824
176430694,XY-Warm-Same-State S2 p2=30,0,spsa,sequential,4,continuation,70,120,5,60,0.07601923495531082,157,79.277099609375,10.23462963104248,102.88546752929688,104.74764251708984,97.2989273071289,0.014728533187458747,0.006510961059728841,0.25,20.062560081481934
176430694,XY-Warm-Same-State S2 p2=30,0,spsa,sequential,4,continuation,75,120,5,60,0.07601923495531082,167,66.85520935058594,8.63097095489502,74.41087341308594,73.1693115234375,71.51390075683594,0.014212970241428414,0.006465748569458605,0.25,20.232879638671875
176430694,XY-Warm-Same-State S2 p2=30,0,spsa,sequential,4,continuation,80,120,5,60,0.07601923495531082,177,34.220481872558594,4.417844772338867,19.51735496520996,18.73666000366211,18.73666000366211,0.01374279805457541,0.006423739359501706,0.25,20.404006242752075
176430694,XY-Warm-Same-State S2 p2=30,0,spsa,sequential,4,continuation,85,120,5,60,0.07601923495531082,187,88.95599365234375,11.484169960021973,131.29998779296875,131.8861541748047,129.54150390625,0.013311863410124145,0.006384526420430394,0.25,20.574853658676147
176430694,XY-Warm-Same-State S2 p2=30,0,spsa,sequential,4,continuation,90,120,5,60,0.07601923495531082,197,32.815589904785156,4.236474990844727,17.947715759277344,17.947715759277344,17.947715759277344,0.012915110711503941,0.006347774736498105,0.25,20.745748043060303
176430694,XY-Warm-Same-State S2 p2=30,0,spsa,sequential,4,continuation,95,120,5,60,0.07601923495531082,207,262.21044921875,33.85122299194336,1140.812255859375,1140.812255859375,1100.0689697265625,0.012548343616037468,0.006313205349806472,0.25,20.916706562042236
176430694,XY-Warm-Same-State S2 p2=30,0,spsa,sequential,4,continuation,100,120,5,60,0.07601923495531082,217,37.606170654296875,4.854936122894287,23.334693908691406,21.894283294677734,23.465641021728516,0.012208046846651067,0.0062805835881331795,0.25,21.087302684783936
176430694,XY-Warm-Same-State S2 p2=30,0,spsa,sequential,4,continuation,105,120,5,60,0.07601923495531082,227,111.18338775634766,14.353713989257812,205.11338806152344,191.3781280517578,202.36636352539062,0.011891251048103476,0.006249710218466985,0.25,21.25826907157898
176430694,XY-Warm-Same-State S2 p2=30,0,spsa,sequential,4,continuation,110,120,5,60,0.07601923495531082,237,80.07316589355469,10.337401390075684,103.89347076416016,102.58739471435547,104.96210479736328,0.01159542893934069,0.006220414696856706,0.25,21.429163455963135
176430694,XY-Warm-Same-State S2 p2=30,0,spsa,sequential,4,continuation,115,120,5,60,0.07601923495531082,247,189.88780212402344,24.5144100189209,594.9466552734375,534.183349609375,590.2726440429688,0.011318414559437849,0.006192549946726541,0.25,21.599908113479614
176430694,XY-Warm-Same-State S2 p2=30,0,spsa,sequential,4,continuation,120,120,5,60,0.07601923495531082,257,15.386937141418457,1.9864451885223389,3.928426504135132,3.8758134841918945,3.9459643363952637,0.011058339785655421,0.006165988269252272,0.17015399038791656,21.771084308624268
176430694,XY-Warm-Same-State S2 p2=36,0,spsa,sequential,0,deterministic_linear_ramp,1,120,5,72,3.787717580795288,19,86.94941711425781,10.247087478637695,103.70646667480469,104.67871856689453,102.08605194091797,0.010416095072933208,0.01,0.25,0.3836665153503418
176430694,XY-Warm-Same-State S2 p2=36,0,spsa,sequential,0,deterministic_linear_ramp,5,120,5,72,3.5203697681427,27,11.97317123413086,1.4110517501831055,1.9849218130111694,1.9910670518875122,1.9664859771728516,0.008862751709404988,0.008499708457906336,0.10611524432897568,0.548316478729248
176430694,XY-Warm-Same-State S2 p2=36,0,spsa,sequential,0,deterministic_linear_ramp,10,120,5,72,3.3003346920013428,37,44.01049041748047,5.186686038970947,26.818681716918945,24.825963973999023,26.154441833496094,0.007588577599354237,0.007925013304804718,0.25,0.7526402473449707
176430694,XY-Warm-Same-State S2 p2=36,0,spsa,sequential,0,deterministic_linear_ramp,15,120,5,72,3.1286847591400146,47,2.979379653930664,0.35112327337265015,0.11986289918422699,0.11986289918422699,0.11986289918422699,0.006708382963316763,0.007607023936737776,0.019986821338534355,0.9506452083587646
176430694,XY-Warm-Same-State S2 p2=36,0,spsa,sequential,0,deterministic_linear_ramp,20,120,5,72,2.9049575328826904,57,19.017274856567383,2.2412075996398926,4.833097457885742,4.960998058319092,3.7672576904296875,0.006056176817079221,0.007389175310232022,0.11517198383808136,1.1539626121520996
176430694,XY-Warm-Same-State S2 p2=36,0,spsa,sequential,0,deterministic_linear_ramp,25,120,5,72,2.75948429107666,67,5.677666187286377,0.6691193580627441,0.4477207362651825,0.4477207362651825,0.4477206766605377,0.005549340782580878,0.007224504386940453,0.031507305800914764,1.3594067096710205
176430694,XY-Warm-Same-State S2 p2=36,0,spsa,sequential,0,deterministic_linear_ramp,30,120,5,72,2.75948429107666,77,1.3840798139572144,0.16311536729335785,0.026278145611286163,0.025292716920375824,0.026606624945998192,0.005141652963486292,0.007092686320615818,0.007116457913070917,1.559669017791748
176430694,XY-Warm-Same-State S2 p2=36,0,spsa,sequential,0,deterministic_linear_ramp,35,120,5,72,2.727750301361084,87,21.25006675720215,2.5043444633483887,6.266902446746826,5.962026119232178,6.097526550292969,0.004805028001461478,0.006983113928013742,0.10210716724395752,1.7601728439331055
176430694,XY-Warm-Same-State S2 p2=36,0,spsa,sequential,0,deterministic_linear_ramp,40,120,5,72,2.727750301361084,97,6.1549763679504395,0.7253709435462952,0.5257570147514343,0.5245389938354492,0.5196671485900879,0.004521315573665168,0.006889567205173026,0.02782859094440937,1.9630510807037354
176430694,XY-Warm-Same-State S2 p2=36,0,spsa,sequential,0,deterministic_linear_ramp,45,120,5,72,2.711644172668457,107,4.024646759033203,0.47430917620658875,0.22340689599514008,0.22427481412887573,0.21385957300662994,0.004278210706551961,0.006808093884711353,0.01721828617155552,2.1581859588623047
176430694,XY-Warm-Same-State S2 p2=36,0,spsa,sequential,0,deterministic_linear_ramp,50,120,5,72,2.711644172668457,117,11.045778274536133,1.3017574548721313,1.6736518144607544,1.5638184547424316,1.6893422603607178,0.004067045548539908,0.006736030261586891,0.04492368549108505,2.359064817428589
176430694,XY-Warm-Same-State S2 p2=36,0,spsa,sequential,0,deterministic_linear_ramp,55,120,5,72,2.711644172668457,127,0.7132146954536438,0.0840531587600708,0.007059482391923666,0.007043128367513418,0.007064934354275465,0.00388151976645399,0.00667149812587736,0.002768356818705797,2.562448740005493
176430694,XY-Warm-Same-State S2 p2=36,0,spsa,sequential,0,deterministic_linear_ramp,60,120,5,72,2.711644172668457,137,21.727554321289062,2.5606167316436768,6.4758100509643555,5.8282294273376465,6.4758100509643555,0.0037169324673302535,0.006613124877877567,0.08075984567403793,2.7654004096984863
176430694,XY-Warm-Same-State S2 p2=36,0,spsa,sequential,0,deterministic_linear_ramp,65,120,5,72,2.711644172668457,147,1.8217029571533203,0.21468976140022278,0.046056117862463,0.04594942927360535,0.045522648841142654,0.0035696975140587796,0.00655987782624524,0.0065029277466237545,2.963823080062866
176430694,XY-Warm-Same-State S2 p2=36,0,spsa,sequential,0,deterministic_linear_ramp,70,120,5,72,2.711644172668457,157,4.899343013763428,0.577393114566803,0.3323538601398468,0.32412219047546387,0.3323538601398468,0.0034370266075744896,0.006510961059728841,0.016839172691106796,3.1654934883117676
176430694,XY-Warm-Same-State S2 p2=36,0,spsa,sequential,0,deterministic_linear_ramp,75,120,5,72,2.711644172668457,167,11.981069564819336,1.411982536315918,1.9552361965179443,1.9690812826156616,1.9383141994476318,0.0033167156749899338,0.006465748569458605,0.039737798273563385,3.3681344985961914
176430694,XY-Warm-Same-State S2 p2=36,0,spsa,sequential,0,deterministic_linear_ramp,80,120,5,72,2.711644172668457,177,3.9657962322235107,0.4673735797405243,0.21826952695846558,0.21574127674102783,0.21776385605335236,0.003206997056320475,0.006423739359501706,0.012718296609818935,3.561124563217163
176430694,XY-Warm-Same-State S2 p2=36,0,spsa,sequential,0,deterministic_linear_ramp,85,120,5,72,2.711644172668457,187,18.59473419189453,2.191410541534424,4.668883323669434,4.742992401123047,4.565130233764648,0.0031064348468829574,0.006384526420430394,0.05776333063840866,3.75985050201416
176430694,XY-Warm-Same-State S2 p2=36,0,spsa,sequential,0,deterministic_linear_ramp,90,120,5,72,2.711644172668457,197,2.343416213989258,0.27617424726486206,0.07603680342435837,0.07603680342435837,0.07415353506803513,0.003013849280864356,0.006347774736498105,0.007062702905386686,3.961062431335449
176430694,XY-Warm-Same-State S2 p2=36,0,spsa,sequential,0,deterministic_linear_ramp,95,120,5,72,2.711644172668457,207,4.60963249206543,0.5432503819465637,0.29307153820991516,0.2805471122264862,0.2942101061344147,0.0029282611065460564,0.006313205349806472,0.013498208485543728,4.165589809417725
176430694,XY-Warm-Same-State S2 p2=36,0,spsa,sequential,0,deterministic_linear_ramp,100,120,5,72,2.711644172668457,217,1.3287103176116943,0.15659001469612122,0.02435014769434929,0.023839307948946953,0.024520430713891983,0.0028488500045736878,0.0062805835881331795,0.003785296343266964,4.367233037948608
176430694,XY-Warm-Same-State S2 p2=36,0,spsa,sequential,0,deterministic_linear_ramp,105,120,5,72,2.711644172668457,227,27.81659507751465,3.27821683883667,10.672077178955078,10.713537216186523,10.216005325317383,0.00277492305102593,0.006249710218466985,0.07718890905380249,4.563997030258179
176430694,XY-Warm-Same-State S2 p2=36,0,spsa,sequential,0,deterministic_linear_ramp,110,120,5,72,2.711644172668457,237,0.6498041152954102,0.07658015191555023,0.005846419837325811,0.005792118143290281,0.005864520091563463,0.0027058904836965336,0.006220414696856706,0.0017582988366484642,4.766290903091431
176430694,XY-Warm-Same-State S2 p2=36,0,spsa,sequential,0,deterministic_linear_ramp,115,120,5,72,2.711644172668457,247,71.1563491821289,8.385855674743652,70.26831817626953,69.45439910888672,68.36917114257812,0.002641246857458347,0.006192549946726541,0.18794146180152893,4.96067476272583
176430694,XY-Warm-Same-State S2 p2=36,0,spsa,sequential,0,deterministic_linear_ramp,120,120,5,72,2.7029592990875244,257,4.180297374725342,0.4926528036594391,0.2410212904214859,0.23971039056777954,0.2419576644897461,0.002580556230219902,0.006165988269252272,0.010787492617964745,5.162706613540649
176430694,XY-Warm-Same-State S2 p2=36,0,spsa,sequential,1,random_shared_stream,1,120,5,72,2.9153313636779785,19,0.061197225004434586,0.007212162017822266,5.1654067647177726e-05,5.185474219615571e-05,5.1373117457842454e-05,0.860127451231704,0.01,0.05263741314411163,5.581167221069336
176430694,XY-Warm-Same-State S2 p2=36,0,spsa,sequential,1,random_shared_stream,5,120,5,72,2.9153313636779785,27,1.1286619901657104,0.13301408290863037,0.01763813942670822,0.017692748457193375,0.01747431606054306,0.7318573789249457,0.008499708457906336,0.25,5.741348505020142
176430694,XY-Warm-Same-State S2 p2=36,0,spsa,sequential,1,random_shared_stream,10,120,5,72,2.914199113845825,37,0.40933161973953247,0.04824019968509674,0.0022121972870081663,0.0022983867675065994,0.0020685482304543257,0.6266402008913784,0.007925013304804718,0.25,5.943446636199951
176430694,XY-Warm-Same-State S2 p2=36,0,spsa,sequential,1,random_shared_stream,15,120,5,72,2.914199113845825,47,0.18921972811222076,0.022299760952591896,0.0004968956345692277,0.000495744461659342,0.000491140061058104,0.5539565739100885,0.007607023936737776,0.10481951385736465,6.138010740280151
176430694,XY-Warm-Same-State S2 p2=36,0,spsa,sequential,1,random_shared_stream,20,120,5,72,2.914199113845825,57,0.08254631608724594,0.009728176519274712,9.456439147470519e-05,8.733515278436244e-05,8.996397082228214e-05,0.5000994992277837,0.007389175310232022,0.04128136858344078,6.338610410690308
176430694,XY-Warm-Same-State S2 p2=36,0,spsa,sequential,1,random_shared_stream,25,120,5,72,2.914199113845825,67,0.09268859028816223,0.010923455469310284,0.00011849325528601184,0.00011895360512426123,0.00011784878006437793,0.45824661832635394,0.007224504386940453,0.04247423633933067,6.536792039871216
176430694,XY-Warm-Same-State S2 p2=36,0,spsa,sequential,1,random_shared_stream,30,120,5,72,2.9134230613708496,77,1.343719720840454,0.1583588868379593,0.025000138208270073,0.024380940943956375,0.025000136345624924,0.424581076462469,0.007092686320615818,0.25,6.74167275428772
176430694,XY-Warm-Same-State S2 p2=36,0,spsa,sequential,1,random_shared_stream,35,120,5,72,2.9134230613708496,87,0.4291991889476776,0.05058160796761513,0.002540731569752097,0.002550602424889803,0.0024321535602211952,0.39678367555742555,0.006983113928013742,0.170299232006073,6.940476179122925
176430694,XY-Warm-Same-State S2 p2=36,0,spsa,sequential,1,random_shared_stream,40,120,5,72,2.9134230613708496,97,0.9434635639190674,0.11118825525045395,0.012324669398367405,0.01232467032968998,0.01232467032968998,0.3733556206390982,0.006889567205173026,0.25,7.13900089263916
176430694,XY-Warm-Same-State S2 p2=36,0,spsa,sequential,1,random_shared_stream,45,120,5,72,2.9134230613708496,107,0.5971298813819885,0.07037243992090225,0.0049178884364664555,0.004891139920800924,0.004936994984745979,0.3532808067795871,0.006808093884711353,0.21095451712608337,7.341667652130127
176430694,XY-Warm-Same-State S2 p2=36,0,spsa,sequential,1,random_shared_stream,50,120,5,72,2.9134230613708496,117,0.0982087180018425,0.011574008502066135,0.00013395767018664628,0.00013354423572309315,0.0001335442066192627,0.33584347082229343,0.006736030261586891,0.032982759177684784,7.54306697845459
176430694,XY-Warm-Same-State S2 p2=36,0,spsa,sequential,1,random_shared_stream,55,120,5,72,2.9134230613708496,127,1.0243364572525024,0.12071922421455383,0.014022137969732285,0.014393212273716927,0.013448658399283886,0.32052335162541745,0.00667149812587736,0.25,7.740792751312256
176430694,XY-Warm-Same-State S2 p2=36,0,spsa,sequential,1,random_shared_stream,60,120,5,72,2.9134230613708496,137,0.355013370513916,0.04183872416615486,0.0017504789866507053,0.0017288682283833623,0.0017288682283833623,0.30693226464808404,0.006613124877877567,0.10896506160497665,7.9432172775268555
176430694,XY-Warm-Same-State S2 p2=36,0,spsa,sequential,1,random_shared_stream,65,120,5,72,2.9134230613708496,147,1.1242624521255493,0.13249559700489044,0.0170674417167902,0.01620052382349968,0.017500899732112885,0.29477407828334024,0.00655987782624524,0.25,8.136794090270996
176430694,XY-Warm-Same-State S2 p2=36,0,spsa,sequential,1,random_shared_stream,70,120,5,72,2.9134230613708496,157,0.1827000081539154,0.021531403064727783,0.0004632436321116984,0.00046217048657126725,0.00046360131818801165,0.283818543810209,0.006510961059728841,0.05185364931821823,8.339324712753296
176430694,XY-Warm-Same-State S2 p2=36,0,spsa,sequential,1,random_shared_stream,75,120,5,72,2.9134230613708496,167,0.6118505001068115,0.07210727781057358,0.004942696075886488,0.004942696075886488,0.004942696541547775,0.2738836560163976,0.006465748569458605,0.1675758808851242,8.535881519317627
176430694,XY-Warm-Same-State S2 p2=36,0,spsa,sequential,1,random_shared_stream,80,120,5,72,2.913243293762207,177,0.35162293910980225,0.04143916442990303,0.0016522789373993874,0.0016960040666162968,0.001584703684784472,0.2648234472560095,0.006423739359501706,0.09311798959970474,8.739332437515259
176430694,XY-Warm-Same-State S2 p2=36,0,spsa,sequential,1,random_shared_stream,85,120,5,72,2.913243293762207,187,0.11153735220432281,0.01314480323344469,0.00016945278912317008,0.00017065269639715552,0.00016798624710645527,0.2565193451632313,0.006384526420430394,0.02861149050295353,8.936923027038574
176430694,XY-Warm-Same-State S2 p2=36,0,spsa,sequential,1,random_shared_stream,90,120,5,72,2.913243293762207,197,0.5628277659416199,0.06632988899946213,0.0043453373946249485,0.0043860748410224915,0.004277441650629044,0.2488739284919337,0.006347774736498105,0.14007315039634705,9.135409116744995
176430694,XY-Warm-Same-State S2 p2=36,0,spsa,sequential,1,random_shared_stream,95,120,5,72,2.913243293762207,207,0.8894011378288269,0.10481693595647812,0.010681405663490295,0.010952678509056568,0.0101388581097126,0.241806333801552,0.006313205349806472,0.21506282687187195,9.333389043807983
176430694,XY-Warm-Same-State S2 p2=36,0,spsa,sequential,1,random_shared_stream,100,120,5,72,2.913243293762207,217,0.4570763409137726,0.05386696383357048,0.0028814994730055332,0.0028658269438892603,0.002892694203183055,0.23524882177226136,0.0062805835881331795,0.10752666741609573,9.533538818359375
176430694,XY-Warm-Same-State S2 p2=36,0,spsa,sequential,1,random_shared_stream,105,120,5,72,2.913243293762207,227,0.2050657570362091,0.02416723035275936,0.000584054971113801,0.0005552127840928733,0.0005552127840928733,0.22914417298717196,0.006249710218466985,0.046989623457193375,9.734328508377075
176430694,XY-Warm-Same-State S2 p2=36,0,spsa,sequential,1,random_shared_stream,110,120,5,72,2.913243293762207,237,0.3499446213245392,0.0412413664162159,0.0016536045586690307,0.0016798521392047405,0.0016168577130883932,0.22344368679025653,0.006220414696856706,0.07819291204214096,9.930909633636475
176430694,XY-Warm-Same-State S2 p2=36,0,spsa,sequential,1,random_shared_stream,115,120,5,72,2.913243293762207,247,1.1349235773086548,0.1337520331144333,0.017668746411800385,0.017889605835080147,0.017006168141961098,0.21810562515724488,0.006192549946726541,0.24753323197364807,10.134206295013428
176430694,XY-Warm-Same-State S2 p2=36,0,spsa,sequential,1,random_shared_stream,120,120,5,72,2.913243293762207,257,0.9639521241188049,0.11360285431146622,0.01241766382008791,0.012547118589282036,0.012268293648958206,0.21309398939981924,0.006165988269252272,0.20541240274906158,10.32925009727478
176430694,XY-Warm-Same-State S2 p2=36,0,spsa,sequential,2,random_shared_stream,1,120,5,72,2.914888620376587,19,1.0529968738555908,0.12409687042236328,0.015352504327893257,0.014639537781476974,0.013688918203115463,1.7499051890482402,0.01,0.25,10.75640058517456
176430694,XY-Warm-Same-State S2 p2=36,0,spsa,sequential,2,random_shared_stream,5,120,5,72,2.9136133193969727,27,0.8553029298782349,0.10079842060804367,0.010152481496334076,0.010160322301089764,0.010128962807357311,1.488943322515831,0.008499708457906336,0.25,10.920215845108032
176430694,XY-Warm-Same-State S2 p2=36,0,spsa,sequential,2,random_shared_stream,10,120,5,72,2.9136133193969727,37,0.9012444019317627,0.10621266812086105,0.011246312409639359,0.010967765934765339,0.0104106729850173,1.274881923179847,0.007925013304804718,0.25,11.120748043060303
176430694,XY-Warm-Same-State S2 p2=36,0,spsa,sequential,2,random_shared_stream,15,120,5,72,2.9136133193969727,47,0.41753336787223816,0.04920678213238716,0.0024194391444325447,0.0023017365019768476,0.0023540486581623554,1.1270091215022926,0.007607023936737776,0.25,11.321298837661743
176430694,XY-Warm-Same-State S2 p2=36,0,spsa,sequential,2,random_shared_stream,20,120,5,72,2.9136133193969727,57,0.36618801951408386,0.04315567761659622,0.0018106786301359534,0.001839419361203909,0.001770441303960979,1.0174384127444627,0.007389175310232022,0.25,11.524516344070435
176430694,XY-Warm-Same-State S2 p2=36,0,spsa,sequential,2,random_shared_stream,25,120,5,72,2.9136133193969727,67,0.3560529947280884,0.041961245238780975,0.0017267814837396145,0.0016248864121735096,0.0017607467016205192,0.9322898997407768,0.007224504386940453,0.25,11.722505807876587
176430694,XY-Warm-Same-State S2 p2=36,0,spsa,sequential,2,random_shared_stream,30,120,5,72,2.9136133193969727,77,0.31945785880088806,0.03764846920967102,0.0014163135783746839,0.0013999083312228322,0.0014130325289443135,0.863798298507295,0.007092686320615818,0.25,11.928792238235474
176430694,XY-Warm-Same-State S2 p2=36,0,spsa,sequential,2,random_shared_stream,35,120,5,72,2.9136133193969727,87,0.022741906344890594,0.002680159406736493,7.094572083587991e-06,6.09689823249937e-06,6.98371968610445e-06,0.8072452655630107,0.006983113928013742,0.018358295783400536,12.126672983169556
176430694,XY-Warm-Same-State S2 p2=36,0,spsa,sequential,2,random_shared_stream,40,120,5,72,2.9136133193969727,97,0.11965807527303696,0.014101839624345303,0.00019870843971148133,0.00019886187510564923,0.0001982481189770624,0.7595815445502926,0.006889567205173026,0.090890072286129,12.324840545654297
176430694,XY-Warm-Same-State S2 p2=36,0,spsa,sequential,2,random_shared_stream,45,120,5,72,2.9136133193969727,107,0.1273302584886551,0.015006016008555889,0.00022518049809150398,0.00022518049809150398,0.00022518049809150398,0.7187398984760611,0.006808093884711353,0.09151734411716461,12.526089668273926
176430694,XY-Warm-Same-State S2 p2=36,0,spsa,sequential,2,random_shared_stream,50,120,5,72,2.9136133193969727,117,0.022224603220820427,0.0026191945653408766,6.854886578366859e-06,6.8390072556212544e-06,6.77548632666003e-06,0.6832641272619812,0.006736030261586891,0.015185274183750153,12.721116542816162
176430694,XY-Warm-Same-State S2 p2=36,0,spsa,sequential,2,random_shared_stream,55,120,5,72,2.9136133193969727,127,0.8915184140205383,0.1050664484500885,0.011030440218746662,0.011004888452589512,0.01103895902633667,0.6520957741986525,0.00667149812587736,0.25,12.92188024520874
176430694,XY-Warm-Same-State S2 p2=36,0,spsa,sequential,2,random_shared_stream,60,120,5,72,2.9136133193969727,137,0.10018689185380936,0.011807139031589031,0.00013897824101150036,0.0001394085120409727,0.00013768741337116808,0.6244450887189782,0.006613124877877567,0.06256120651960373,13.119585752487183
176430694,XY-Warm-Same-State S2 p2=36,0,spsa,sequential,2,random_shared_stream,65,120,5,72,2.9136133193969727,147,1.7959518432617188,0.21165496110916138,0.043553438037633896,0.0435534343123436,0.0435534343123436,0.5997095993695638,0.00655987782624524,0.25,13.320292949676514
176430694,XY-Warm-Same-State S2 p2=36,0,spsa,sequential,2,random_shared_stream,70,120,5,72,2.9125277996063232,157,0.7329750061035156,0.0863819420337677,0.007410020567476749,0.007438807748258114,0.007369717117398977,0.5774208715817504,0.006510961059728841,0.25,13.516765117645264
176430694,XY-Warm-Same-State S2 p2=36,0,spsa,sequential,2,random_shared_stream,75,120,5,72,2.9125277996063232,167,0.03613844886422157,0.004258957225829363,1.7914780983119272e-05,1.808273373171687e-05,1.7634863979765214e-05,0.5572086208529693,0.006465748569458605,0.020136654376983643,13.720280647277832
176430694,XY-Warm-Same-State S2 p2=36,0,spsa,sequential,2,random_shared_stream,80,120,5,72,2.9125277996063232,177,0.21620164811611176,0.02547960914671421,0.0006472066743299365,0.0006411955109797418,0.0006492104730568826,0.5387758800993057,0.006423739359501706,0.11648423224687576,13.918166637420654
176430694,XY-Warm-Same-State S2 p2=36,0,spsa,sequential,2,random_shared_stream,85,120,5,72,2.9125277996063232,187,0.5418434143066406,0.06385685503482819,0.0040745516307652,0.0038763300981372595,0.003964428789913654,0.5218814171662486,0.006384526420430394,0.25,14.11811089515686
176430694,XY-Warm-Same-State S2 p2=36,0,spsa,sequential,2,random_shared_stream,90,120,5,72,2.9125277996063232,197,0.6243372559547424,0.0735788643360138,0.005409670993685722,0.005347010213881731,0.005397138651460409,0.5063270312593913,0.006347774736498105,0.25,14.318564653396606
176430694,XY-Warm-Same-State S2 p2=36,0,spsa,sequential,2,random_shared_stream,95,120,5,72,2.9125277996063232,207,0.2884024381637573,0.033988554030656815,0.001132937497459352,0.0011231323005631566,0.0011409599101170897,0.49194820797561123,0.006313205349806472,0.14187906682491302,14.514745950698853
176430694,XY-Warm-Same-State S2 p2=36,0,spsa,sequential,2,random_shared_stream,100,120,5,72,2.9125277996063232,217,0.4499898850917816,0.05303181707859039,0.002810203703120351,0.002803693525493145,0.0028123739175498486,0.4786071335675457,0.0062805835881331795,0.2153683751821518,14.716784715652466
176430694,XY-Warm-Same-State S2 p2=36,0,spsa,sequential,2,random_shared_stream,105,120,5,72,2.9125277996063232,227,0.27191033959388733,0.03204493969678879,0.000988053623586893,0.0009127807570621371,0.001023709075525403,0.4661873967354663,0.006249710218466985,0.12676118314266205,14.909260272979736
176430694,XY-Warm-Same-State S2 p2=36,0,spsa,sequential,2,random_shared_stream,110,120,5,72,2.9125277996063232,237,0.12358637899160385,0.01456479448825121,0.00021147850202396512,0.00020624062744900584,0.0001957649365067482,0.4545899173598278,0.006220414696856706,0.05618112161755562,15.112180233001709
176430694,XY-Warm-Same-State S2 p2=36,0,spsa,sequential,2,random_shared_stream,115,120,5,72,2.9125277996063232,247,0.8309378623962402,0.09792695939540863,0.009560092352330685,0.00956009328365326,0.009560092352330685,0.4437297806002232,0.006192549946726541,0.25,15.304802894592285
176430694,XY-Warm-Same-State S2 p2=36,0,spsa,sequential,2,random_shared_stream,120,120,5,72,2.9125277996063232,257,0.009842942468822002,0.0011600018478929996,1.3445660442812368e-06,1.3414510249276645e-06,1.3456042324833106e-06,0.4335337481343598,0.006165988269252272,0.00426724785938859,15.503890991210938
176430694,XY-Warm-Same-State S2 p2=36,0,spsa,sequential,3,random_shared_stream,1,120,5,72,2.91524338722229,19,0.4242333173751831,0.049996376037597656,0.0024302033707499504,0.0024302033707499504,0.0024302033707499504,0.7213834974416306,0.01,0.25,15.925144672393799
176430694,XY-Warm-Same-State S2 p2=36,0,spsa,sequential,3,random_shared_stream,5,120,5,72,2.9148035049438477,27,0.47174355387687683,0.055595509707927704,0.00308847613632679,0.0030813212506473064,0.0030527024064213037,0.6138041924848661,0.008499708457906336,0.25,16.088374614715576
176430694,XY-Warm-Same-State S2 p2=36,0,spsa,sequential,3,random_shared_stream,10,120,5,72,2.9143178462982178,37,0.9280481338500977,0.10937152057886124,0.011629847809672356,0.011814448982477188,0.01137140765786171,0.5255592053354595,0.007925013304804718,0.25,16.28639793395996
176430694,XY-Warm-Same-State S2 p2=36,0,spsa,sequential,3,random_shared_stream,15,120,5,72,2.9143178462982178,47,0.12047300487756729,0.0141978794708848,0.00019909114053007215,0.00018602579075377434,0.00020095761283300817,0.4645999033582676,0.007607023936737776,0.055971741676330566,16.491268396377563
176430694,XY-Warm-Same-State S2 p2=36,0,spsa,sequential,3,random_shared_stream,20,120,5,72,2.9143178462982178,57,0.8550319671630859,0.10076648741960526,0.00987183302640915,0.009025675244629383,0.010153884999454021,0.419430312688117,0.007389175310232022,0.25,16.69188904762268
176430694,XY-Warm-Same-State S2 p2=36,0,spsa,sequential,3,random_shared_stream,25,120,5,72,2.9140303134918213,67,1.1909505128860474,0.14035484194755554,0.019456280395388603,0.019456282258033752,0.019456282258033752,0.38432856403511617,0.007224504386940453,0.25,16.895951509475708
176430694,XY-Warm-Same-State S2 p2=36,0,spsa,sequential,3,random_shared_stream,30,120,5,72,2.9119222164154053,77,0.9170152544975281,0.10807128250598907,0.010949439369142056,0.011535211466252804,0.009913072921335697,0.35609348527061485,0.007092686320615818,0.25,17.100512504577637
176430694,XY-Warm-Same-State S2 p2=36,0,spsa,sequential,3,random_shared_stream,35,120,5,72,2.9119222164154053,87,0.29506537318229675,0.03477378934621811,0.0011942877899855375,0.001175626995973289,0.0012054842663928866,0.3327799795152154,0.006983113928013742,0.09819184988737106,17.310983657836914
176430694,XY-Warm-Same-State S2 p2=36,0,spsa,sequential,3,random_shared_stream,40,120,5,72,2.9119222164154053,97,0.009690102189779282,0.0011419893708080053,1.3031338994551334e-06,1.3001149454794358e-06,1.3041401416558074e-06,0.31313101682830674,0.006889567205173026,0.0030342712998390198,17.512579202651978
176430694,XY-Warm-Same-State S2 p2=36,0,spsa,sequential,3,random_shared_stream,45,120,5,72,2.9119222164154053,107,0.6345711946487427,0.07478493452072144,0.005553947761654854,0.005592786706984043,0.005437431391328573,0.2962943963812717,0.006808093884711353,0.18801988661289215,17.71049451828003
176430694,XY-Warm-Same-State S2 p2=36,0,spsa,sequential,3,random_shared_stream,50,120,5,72,2.9119222164154053,117,0.5595194101333618,0.0659400001168251,0.004294402431696653,0.004294402431696653,0.004294402431696653,0.28166981210492514,0.006736030261586891,0.15759973227977753,17.915327548980713
176430694,XY-Warm-Same-State S2 p2=36,0,spsa,sequential,3,random_shared_stream,55,120,5,72,2.9119222164154053,127,0.5421887040138245,0.06389755755662918,0.0037678591907024384,0.003969484008848667,0.003465422661975026,0.26882092424343557,0.00667149812587736,0.14575167000293732,18.117377996444702
176430694,XY-Warm-Same-State S2 p2=36,0,spsa,sequential,3,random_shared_stream,60,120,5,72,2.9119222164154053,137,0.09055059403181076,0.010671489872038364,0.00011388069833628833,0.00011071734479628503,0.00011071733752032742,0.2574221648576,0.006613124877877567,0.023309731855988503,18.313785791397095
176430694,XY-Warm-Same-State S2 p2=36,0,spsa,sequential,3,random_shared_stream,65,120,5,72,2.9119222164154053,147,0.4322188198566437,0.050937481224536896,0.002562593901529908,0.002594626508653164,0.002466496778652072,0.24722517022641324,0.00655987782624524,0.1068553701043129,18.516474962234497
176430694,XY-Warm-Same-State S2 p2=36,0,spsa,sequential,3,random_shared_stream,70,120,5,72,2.9119222164154053,157,0.4775678813457489,0.056281913071870804,0.003106550080701709,0.003079663962125778,0.003128547454252839,0.23803683219202956,0.006510961059728841,0.11367875337600708,18.71205973625183
176430694,XY-Warm-Same-State S2 p2=36,0,spsa,sequential,3,random_shared_stream,75,120,5,72,2.9119222164154053,167,0.4172348380088806,0.04917159676551819,0.0023879960644990206,0.0023879960644990206,0.002387995831668377,0.22970450412468688,0.006465748569458605,0.09584071487188339,18.91454815864563
176430694,XY-Warm-Same-State S2 p2=36,0,spsa,sequential,3,random_shared_stream,80,120,5,72,2.9119222164154053,177,0.1341615468263626,0.015811089426279068,0.0002499905531294644,0.00024690423742868006,0.00024690423742868006,0.22210576387548234,0.006423739359501706,0.029798053205013275,19.113905668258667
176430694,XY-Warm-Same-State S2 p2=36,0,spsa,sequential,3,random_shared_stream,85,120,5,72,2.9119222164154053,187,0.31845182180404663,0.03752990812063217,0.0014041467802599072,0.0012998138554394245,0.0013693690998479724,0.21514116554505777,0.006384526420430394,0.06851208955049515,19.311968326568604
176430694,XY-Warm-Same-State S2 p2=36,0,spsa,sequential,3,random_shared_stream,90,120,5,72,2.9119222164154053,197,0.48139941692352295,0.05673346295952797,0.0031292783096432686,0.002970330882817507,0.003208751790225506,0.20872900254544494,0.006347774736498105,0.1004820168018341,19.512324333190918
176430694,XY-Warm-Same-State S2 p2=36,0,spsa,sequential,3,random_shared_stream,95,120,5,72,2.9119222164154053,207,0.3377512991428375,0.0398043729364872,0.001553824869915843,0.001564827747642994,0.0015403772704303265,0.2028014552163294,0.006313205349806472,0.0684964582324028,19.708656787872314
176430694,XY-Warm-Same-State S2 p2=36,0,spsa,sequential,3,random_shared_stream,100,120,5,72,2.9119222164154053,217,0.03430488333106041,0.00404286989942193,1.633218016650062e-05,1.6344793039024808e-05,1.629434700589627e-05,0.19730171101512853,0.0062805835881331795,0.006768412422388792,19.909378051757812
176430694,XY-Warm-Same-State S2 p2=36,0,spsa,sequential,3,random_shared_stream,105,120,5,72,2.9119222164154053,227,0.36594605445861816,0.043127160519361496,0.00180828629527241,0.0017681022873148322,0.0018369893077760935,0.19218178037585598,0.006249710218466985,0.07032816857099533,20.106378316879272
176430694,XY-Warm-Same-State S2 p2=36,0,spsa,sequential,3,random_shared_stream,110,120,5,72,2.9119222164154053,237,0.22294332087039948,0.026274122297763824,0.0006881988956592977,0.0006881989538669586,0.0006881988374516368,0.18740081836381944,0.006220414696856706,0.041779763996601105,20.307282209396362
176430694,XY-Warm-Same-State S2 p2=36,0,spsa,sequential,3,random_shared_stream,115,120,5,72,2.9119222164154053,247,0.6978114247322083,0.08223786950111389,0.006757847499102354,0.006742192432284355,0.006679571699351072,0.18292381955990197,0.006192549946726541,0.1276463270187378,20.50897479057312
176430694,XY-Warm-Same-State S2 p2=36,0,spsa,sequential,3,random_shared_stream,120,120,5,72,2.9119222164154053,257,0.818276584148407,0.0964348167181015,0.008582106791436672,0.008840430527925491,0.008266378194093704,0.1787205920900449,0.006165988269252272,0.1462428718805313,20.70980143547058
176430694,XY-Warm-Same-State S2 p2=36,0,spsa,sequential,4,continuation,1,120,5,72,0.06897971034049988,19,17.603153228759766,2.074551582336426,4.091232776641846,4.250631332397461,3.825568199157715,0.04035198930797891,0.01,0.25,21.12343955039978
176430694,XY-Warm-Same-State S2 p2=36,0,spsa,sequential,4,continuation,5,120,5,72,0.06309134513139725,27,405.04937744140625,47.73552703857422,2278.6806640625,2215.3837890625,2215.384033203125,0.03433433160057286,0.008499708457906336,0.25,21.282719373703003
176430694,XY-Warm-Same-State S2 p2=36,0,spsa,sequential,4,continuation,10,120,5,72,0.06309134513139725,37,1113.267822265625,131.1998748779297,16562.591796875,16735.2578125,16363.36328125,0.02939817657267979,0.007925013304804718,0.25,21.49328088760376
176430694,XY-Warm-Same-State S2 p2=36,0,spsa,sequential,4,continuation,15,120,5,72,0.06309134513139725,47,0.8483307361602783,0.09997674077749252,0.009925934486091137,0.009995346888899803,0.009717699140310287,0.025988299426433405,0.007607023936737776,0.02204667404294014,21.70120143890381
176430694,XY-Warm-Same-State S2 p2=36,0,spsa,sequential,4,continuation,20,120,5,72,0.06309134513139725,57,286.0478210449219,33.7110595703125,1135.5587158203125,1122.405517578125,1132.927978515625,0.023461650499431604,0.007389175310232022,0.25,21.905615091323853
176430694,XY-Warm-Same-State S2 p2=36,0,spsa,sequential,4,continuation,25,120,5,72,0.06309134513139725,67,142.2099151611328,16.759599685668945,280.0172424316406,280.0172424316406,280.0172424316406,0.02149816590162673,0.007224504386940453,0.25,22.11028790473938
176430694,XY-Warm-Same-State S2 p2=36,0,spsa,sequential,4,continuation,30,120,5,72,0.06309134513139725,77,144.27694702148438,17.00320053100586,288.8857421875,285.5395812988281,288.2165222167969,0.019918781842446356,0.007092686320615818,0.25,22.316255569458008
176430694,XY-Warm-Same-State S2 p2=36,0,spsa,sequential,4,continuation,35,120,5,72,0.06309134513139725,87,234.7305145263672,27.663257598876953,727.4654541015625,727.4653930664062,727.4653930664062,0.018614695543952255,0.006983113928013742,0.25,22.521677255630493
176430694,XY-Warm-Same-State S2 p2=36,0,spsa,sequential,4,continuation,40,120,5,72,0.06309134513139725,97,370.9700622558594,43.71924591064453,1816.9835205078125,1698.99755859375,1887.77490234375,0.017515592590991832,0.006889567205173026,0.25,22.726902723312378
176430694,XY-Warm-Same-State S2 p2=36,0,spsa,sequential,4,continuation,45,120,5,72,0.06309134513139725,107,203.00633239746094,23.92452621459961,556.4833984375,570.6163330078125,528.217529296875,0.01657380347234592,0.006808093884711353,0.25,22.931938648223877
176430694,XY-Warm-Same-State S2 p2=36,0,spsa,sequential,4,continuation,50,120,5,72,0.06309134513139725,117,237.51869201660156,27.991846084594727,761.7783813476562,761.7783813476562,761.7783813476562,0.015755748900199956,0.006736030261586891,0.25,23.13678479194641
176430694,XY-Warm-Same-State S2 p2=36,0,spsa,sequential,4,continuation,55,120,5,72,0.06309134513139725,127,154.14019775390625,18.16559600830078,327.6972961425781,325.9149475097656,328.97039794921875,0.015037021361456668,0.00667149812587736,0.25,23.341580867767334
176430694,XY-Warm-Same-State S2 p2=36,0,spsa,sequential,4,continuation,60,120,5,72,0.06309134513139725,137,48.756065368652344,5.745957374572754,31.38560676574707,32.60841751098633,29.347578048706055,0.014399409580077268,0.006613124877877567,0.25,23.54655647277832
176430694,XY-Warm-Same-State S2 p2=36,0,spsa,sequential,4,continuation,65,120,5,72,0.06309134513139725,147,50.06537628173828,5.900260925292969,34.38328552246094,33.09391784667969,34.813079833984375,0.013829020848160843,0.00655987782624524,0.25,23.751909494400024
176430694,XY-Warm-Same-State S2 p2=36,0,spsa,sequential,4,continuation,70,120,5,72,0.06309134513139725,157,226.80374145507812,26.729076385498047,700.6618041992188,694.597900390625,705.6231689453125,0.01331505328522592,0.006510961059728841,0.25,23.9562566280365
176430694,XY-Warm-Same-State S2 p2=36,0,spsa,sequential,4,continuation,75,120,5,72,0.06309134513139725,167,100.25479125976562,11.815139770507812,134.3195343017578,135.71981811523438,132.7038116455078,0.012848968305078187,0.006465748569458605,0.25,24.160824060440063
176430694,XY-Warm-Same-State S2 p2=36,0,spsa,sequential,4,continuation,80,120,5,72,0.06309134513139725,177,24.987274169921875,2.9447784423828125,8.665027618408203,8.6449556350708,8.671720504760742,0.012423917986658864,0.006423739359501706,0.25,24.36581015586853
176430694,XY-Warm-Same-State S2 p2=36,0,spsa,sequential,4,continuation,85,120,5,72,0.06309134513139725,187,106.375732421875,12.536500930786133,156.6787872314453,156.67877197265625,152.79818725585938,0.012034339630125417,0.006384526420430394,0.25,24.570552587509155
176430694,XY-Warm-Same-State S2 p2=36,0,spsa,sequential,4,continuation,90,120,5,72,0.06309134513139725,197,127.08976745605469,14.977673530578613,224.1575927734375,224.33067321777344,223.63829040527344,0.011675662818527948,0.006347774736498105,0.25,24.775118350982666
176430694,XY-Warm-Same-State S2 p2=36,0,spsa,sequential,4,continuation,95,120,5,72,0.06309134513139725,207,244.7189178466797,28.840402603149414,831.7688598632812,808.6641235351562,808.6641235351562,0.011344093927230483,0.006313205349806472,0.25,24.97999620437622
176430694,XY-Warm-Same-State S2 p2=36,0,spsa,sequential,4,continuation,100,120,5,72,0.06309134513139725,217,71.60749816894531,8.439023971557617,70.9973373413086,70.3379135131836,67.70023345947266,0.011036455036140612,0.0062805835881331795,0.25,25.1842360496521
176430694,XY-Warm-Same-State S2 p2=36,0,spsa,sequential,4,continuation,105,120,5,72,0.06309134513139725,227,33.572837829589844,3.956597328186035,15.654661178588867,15.606345176696777,15.606345176696777,0.010750061755526044,0.006249710218466985,0.25,25.388872623443604
176430694,XY-Warm-Same-State S2 p2=36,0,spsa,sequential,4,continuation,110,120,5,72,0.06309134513139725,237,94.53821563720703,11.141435623168945,123.74845123291016,123.74846649169922,123.74845123291016,0.010482629344505077,0.006220414696856706,0.25,25.594428300857544
176430694,XY-Warm-Same-State S2 p2=36,0,spsa,sequential,4,continuation,115,120,5,72,0.06309134513139725,247,16.54590606689453,1.9499536752700806,3.775914192199707,3.790583610534668,3.6145503520965576,0.010232199706859908,0.006192549946726541,0.16930101811885834,25.80033254623413
176430694,XY-Warm-Same-State S2 p2=36,0,spsa,sequential,4,continuation,120,120,5,72,0.06309134513139725,257,141.68931579589844,16.698246002197266,278.6163024902344,278.8314208984375,277.9708251953125,0.00999708400137983,0.006165988269252272,0.25,26.005503177642822
