seed,label,trial,optimizer,optimizer_execution,restart,initializer_role,step,max_steps,restart_count,parameter_count,energy_min,objective_calls,gradient_l2,gradient_abs_mean,gradient_variance,gamma_gradient_variance,beta_gradient_variance,spsa_a_k,spsa_c_k,spsa_update_l2,elapsed_sec
441679940,Std-XY p=2,0,spsa,sequential,0,deterministic_linear_ramp,1,120,5,4,8.853374481201172,19,49.942684173583984,24.971342086791992,623.5679321289062,623.5679321289062,623.5679321289062,0.0012706846653182833,0.02,0.06346140056848526,0.13165616989135742
441679940,Std-XY p=2,0,spsa,sequential,0,deterministic_linear_ramp,5,120,5,4,2.4823503494262695,27,41.77471160888672,20.88735580444336,436.2816467285156,0.0,0.0,0.001081188546265157,0.016999416915812672,0.045166339725255966,0.15213847160339355
441679940,Std-XY p=2,0,spsa,sequential,0,deterministic_linear_ramp,10,120,5,4,2.344886541366577,37,10.043091773986816,5.021545886993408,18.911941528320312,0.0,25.215923309326172,0.0009257489605806609,0.015850026609609436,0.009297382086515427,0.17710638046264648
441679940,Std-XY p=2,0,spsa,sequential,0,deterministic_linear_ramp,15,120,5,4,2.254040241241455,47,12.8372802734375,6.41864013671875,30.89920425415039,0.0,41.19894027709961,0.0008183718851337808,0.015214047873475552,0.010505669750273228,0.19990944862365723
441679940,Std-XY p=2,0,spsa,sequential,0,deterministic_linear_ramp,20,120,5,4,2.087914228439331,57,12.438594818115234,6.219297409057617,38.67966079711914,38.67966079711914,38.67966079711914,0.0007388076777367183,0.014778350620464044,0.009189729578793049,0.22308731079101562
441679940,Std-XY p=2,0,spsa,sequential,0,deterministic_linear_ramp,25,120,5,4,2.0259053707122803,67,9.986431121826172,4.993215560913086,18.69915008544922,0.0,24.932201385498047,0.0006769775223513938,0.014449008773880907,0.006760589312762022,0.24612164497375488
441679940,Std-XY p=2,0,spsa,sequential,0,deterministic_linear_ramp,30,120,5,4,1.983311653137207,77,6.025486469268799,3.0127432346343994,9.076622009277344,9.076622009277344,9.076622009277344,0.0006272426978962381,0.014185372641231635,0.0037794422823935747,0.26995134353637695
441679940,Std-XY p=2,0,spsa,sequential,0,deterministic_linear_ramp,35,120,5,4,1.931546926498413,87,12.168777465820312,6.084388732910156,27.76483917236328,0.0,37.0197868347168,0.0005861770034864591,0.013966227856027484,0.007133057340979576,0.29183340072631836
441679940,Std-XY p=2,0,spsa,sequential,0,deterministic_linear_ramp,40,120,5,4,1.9230475425720215,97,7.172827243804932,3.586413621902466,12.8623628616333,12.8623628616333,12.8623628616333,0.0005515662372792848,0.013779134410346052,0.003956289496272802,0.31400585174560547
441679940,Std-XY p=2,0,spsa,sequential,0,deterministic_linear_ramp,45,120,5,4,1.86846125125885,107,10.841968536376953,5.420984268188477,22.040302276611328,0.0,29.387069702148438,0.0005219092857497514,0.013616187769422706,0.005658524110913277,0.3361673355102539
441679940,Std-XY p=2,0,spsa,sequential,0,deterministic_linear_ramp,50,120,5,4,1.86846125125885,117,5.195517539978027,2.5977587699890137,6.748350620269775,0.0,0.0,0.0004961487366901827,0.013472060523173781,0.002577749313786626,0.358065128326416
441679940,Std-XY p=2,0,spsa,sequential,0,deterministic_linear_ramp,55,120,5,4,1.8250328302383423,127,8.502440452575684,4.251220226287842,13.554655075073242,0.0,18.072874069213867,0.0004735159971973997,0.01334299625175472,0.004026041831821203,0.3809225559234619
441679940,Std-XY p=2,0,spsa,sequential,0,deterministic_linear_ramp,60,120,5,4,1.812243103981018,137,0.8014613389968872,0.4007306694984436,0.16058507561683655,0.16058507561683655,0.16058507561683655,0.0004534375939533526,0.013226249755755135,0.0003634126915130764,0.4028177261352539
441679940,Std-XY p=2,0,spsa,sequential,0,deterministic_linear_ramp,65,120,5,4,1.76047682762146,147,6.6398539543151855,3.3199269771575928,0.0,0.0,0.0,0.00043547604540651976,0.01311975565249048,0.002891497453674674,0.4259459972381592
441679940,Std-XY p=2,0,spsa,sequential,0,deterministic_linear_ramp,70,120,5,4,1.7492105960845947,157,0.6552064418792725,0.32760322093963623,0.10732387006282806,0.10732387006282806,0.10732387006282806,0.00041929120020080203,0.013021922119457682,0.00027472228975966573,0.4477846622467041
441679940,Std-XY p=2,0,spsa,sequential,0,deterministic_linear_ramp,75,120,5,4,1.7476747035980225,167,0.5466583371162415,0.2733291685581207,0.05603162571787834,0.07470883429050446,0.0,0.0004046141781464818,0.01293149713891721,0.0002211857063230127,0.4732248783111572
441679940,Std-XY p=2,0,spsa,sequential,0,deterministic_linear_ramp,80,120,5,4,1.7228351831436157,177,8.969109535217285,4.484554767608643,15.083423614501953,0.0,20.111230850219727,0.00039122933812083053,0.012847478719003411,0.003508978756144643,0.4969315528869629
441679940,Std-XY p=2,0,spsa,sequential,0,deterministic_linear_ramp,85,120,5,4,1.7113879919052124,187,8.032958984375,4.0164794921875,12.099080085754395,0.0,16.13210678100586,0.0003789615106338455,0.012769052840860788,0.003044182201847434,0.5203640460968018
441679940,Std-XY p=2,0,spsa,sequential,0,deterministic_linear_ramp,90,120,5,4,1.70082688331604,197,2.272465467453003,1.1362327337265015,1.2910248041152954,1.2910248041152954,1.2910248041152954,0.0003676667731966496,0.01269554947299621,0.0008355100289918482,0.5428597927093506
441679940,Std-XY p=2,0,spsa,sequential,0,deterministic_linear_ramp,95,120,5,4,1.70082688331604,207,2.2359087467193604,1.1179543733596802,1.2498220205307007,1.2498220205307007,1.2498220205307007,0.00035722566452038004,0.012626410699612943,0.0007987239514477551,0.564342737197876
441679940,Std-XY p=2,0,spsa,sequential,0,deterministic_linear_ramp,100,120,5,4,1.698743462562561,217,0.1553088128566742,0.0776544064283371,0.00603020703420043,0.00603020703420043,0.00603020703420043,0.00034753811186021607,0.012561167176266359,5.397573477239348e-05,0.5868773460388184
441679940,Std-XY p=2,0,spsa,sequential,0,deterministic_linear_ramp,105,120,5,4,1.698743462562561,227,0.17294733226299286,0.08647366613149643,0.007477695122361183,0.007477695122361183,0.007477695122361183,0.00033851958374876137,0.01249942043693397,5.8546058426145464e-05,0.6091675758361816
441679940,Std-XY p=2,0,spsa,sequential,0,deterministic_linear_ramp,110,120,5,4,1.6773048639297485,237,5.036630630493164,2.518315315246582,6.341911792755127,6.341911792755127,6.341911792755127,0.0003300981336660948,0.012440829393713411,0.001662582391873002,0.6325321197509766
441679940,Std-XY p=2,0,spsa,sequential,0,deterministic_linear_ramp,115,120,5,4,1.6642464399337769,247,0.6632834076881409,0.33164170384407043,0.08248966932296753,0.10998622328042984,0.0,0.0003222121011369871,0.012385099893453082,0.00021371792536228895,0.6557259559631348
441679940,Std-XY p=2,0,spsa,sequential,0,deterministic_linear_ramp,120,120,5,4,1.6642464399337769,257,2.8533337116241455,1.4266668558120728,1.526533603668213,0.0,2.0353782176971436,0.0003148083045298653,0.012331976538504544,0.0008982531726360321,0.6782455444335938
441679940,Std-XY p=2,0,spsa,sequential,1,random_shared_stream,1,120,5,4,7.539760589599609,19,2.022075653076172,1.011037826538086,0.7666481137275696,0.0,1.0221974849700928,0.04604716890818373,0.02,0.09311085939407349,0.7212421894073486
441679940,Std-XY p=2,0,spsa,sequential,1,random_shared_stream,5,120,5,4,7.458609580993652,27,1.9689282178878784,0.9844641089439392,0.969169557094574,0.969169557094574,0.969169557094574,0.039180193930328816,0.016999416915812672,0.07714299112558365,0.7421119213104248
441679940,Std-XY p=2,0,spsa,sequential,1,random_shared_stream,10,120,5,4,7.33927583694458,37,0.9844489693641663,0.49222448468208313,0.18171370029449463,0.0,0.24228493869304657,0.03354736223542577,0.015850026609609436,0.03302566334605217,0.7662134170532227
441679940,Std-XY p=2,0,spsa,sequential,1,random_shared_stream,15,120,5,4,7.282033443450928,47,3.143435478210449,1.5717177391052246,2.470296621322632,2.470296621322632,2.470296621322632,0.02965622349351706,0.015214047873475552,0.09322242438793182,0.7896518707275391
441679940,Std-XY p=2,0,spsa,sequential,1,random_shared_stream,20,120,5,4,7.230284690856934,57,1.0764235258102417,0.5382117629051208,0.2172539234161377,0.0,0.2896718978881836,0.026772969609170694,0.014778350620464044,0.02881905436515808,0.8151397705078125
441679940,Std-XY p=2,0,spsa,sequential,1,random_shared_stream,25,120,5,4,7.219374179840088,67,0.16028767824172974,0.08014383912086487,0.0,0.0,0.0,0.024532363669431796,0.014449008773880907,0.003932235296815634,0.837770938873291
441679940,Std-XY p=2,0,spsa,sequential,1,random_shared_stream,30,120,5,4,7.211097240447998,77,0.5379697680473328,0.2689848840236664,0.07235287129878998,0.07235287129878998,0.07235287129878998,0.022730069264838677,0.014185372641231635,0.012228090316057205,0.8603241443634033
441679940,Std-XY p=2,0,spsa,sequential,1,random_shared_stream,35,120,5,4,7.210962295532227,87,0.013315442018210888,0.006657721009105444,3.324393765069544e-05,0.0,4.432525020092726e-05,0.02124192746346949,0.013966227856027484,0.00028284566360525787,0.8829946517944336
441679940,Std-XY p=2,0,spsa,sequential,1,random_shared_stream,40,120,5,4,7.210962295532227,97,0.049070943146944046,0.024535471573472023,0.00045149202924221754,0.0,0.0006019893917255104,0.019987699848167145,0.013779134410346052,0.0009808152681216598,0.904421329498291
441679940,Std-XY p=2,0,spsa,sequential,1,random_shared_stream,45,120,5,4,7.209742069244385,107,0.004622622858732939,0.0023113114293664694,4.006620201835176e-06,5.342160420696018e-06,0.0,0.018912988951234916,0.013616187769422706,8.742761565372348e-05,0.9271268844604492
441679940,Std-XY p=2,0,spsa,sequential,1,random_shared_stream,50,120,5,4,7.209742069244385,117,0.08020398765802383,0.04010199382901192,0.0016081698704510927,0.0016081698704510927,0.0016081698704510927,0.0179794761875341,0.013472060523173781,0.0014420257648453116,0.9496560096740723
441679940,Std-XY p=2,0,spsa,sequential,1,random_shared_stream,55,120,5,4,7.209742069244385,127,0.0023586347233504057,0.0011793173616752028,1.0430920838189195e-06,1.39078940719628e-06,0.0,0.01715930922815866,0.01334299625175472,4.047254333272576e-05,0.9720942974090576
441679940,Std-XY p=2,0,spsa,sequential,1,random_shared_stream,60,120,5,4,7.209742069244385,137,0.04701223969459534,0.02350611984729767,0.0004144032718613744,0.0,0.0005525376764126122,0.01643170650277779,0.013226249755755135,0.0007724913302809,0.9946668148040771
441679940,Std-XY p=2,0,spsa,sequential,1,random_shared_stream,65,120,5,4,7.209742069244385,147,0.04168768227100372,0.02084384113550186,0.0003258492797613144,0.0,0.0004344657063484192,0.015780814521185026,0.01311975565249048,0.0006578655447810888,1.0156426429748535
441679940,Std-XY p=2,0,spsa,sequential,1,random_shared_stream,70,120,5,4,7.209742069244385,157,0.02493687905371189,0.012468439526855946,0.00011659648589557037,0.00015546198119409382,0.0,0.015194306852302586,0.013021922119457682,0.0003788986068684608,1.0378668308258057
441679940,Std-XY p=2,0,spsa,sequential,1,random_shared_stream,75,120,5,4,7.209742069244385,167,0.044396400451660156,0.022198200225830078,0.0004927600966766477,0.0004927600966766477,0.0004927600966766477,0.014662439795077073,0.01293149713891721,0.0006509595550596714,1.0600183010101318
441679940,Std-XY p=2,0,spsa,sequential,1,random_shared_stream,80,120,5,4,7.209742069244385,177,0.039379265159368515,0.019689632579684258,0.0003876816190313548,0.0003876816190313548,0.0003876816190313548,0.01417739892987091,0.012847478719003411,0.0005582955200225115,1.0823495388031006
441679940,Std-XY p=2,0,spsa,sequential,1,random_shared_stream,85,120,5,4,7.209742069244385,187,0.000896236568223685,0.0004481182841118425,1.5060749092299375e-07,2.0080999263427657e-07,0.0,0.013732836451194769,0.012769052840860788,1.2307870747463312e-05,1.1045522689819336
441679940,Std-XY p=2,0,spsa,sequential,1,random_shared_stream,90,120,5,4,7.209742069244385,197,0.06298710405826569,0.03149355202913284,0.0007438829052262008,0.0,0.0009918438736349344,0.013323536884796152,0.01269554947299621,0.0008392109884880483,1.1255724430084229
441679940,Std-XY p=2,0,spsa,sequential,1,random_shared_stream,95,120,5,4,7.209742069244385,207,0.030363108962774277,0.015181554481387138,0.00017285969806835055,0.000230479592573829,0.0,0.012945171183275343,0.012626410699612943,0.00039305564132519066,1.1482443809509277
441679940,Std-XY p=2,0,spsa,sequential,1,random_shared_stream,100,120,5,4,7.209742069244385,217,0.04460442438721657,0.022302212193608284,0.0003730414900928736,0.0,0.0004973886534571648,0.012594112902787035,0.012561167176266359,0.0005617531714960933,1.1707196235656738
441679940,Std-XY p=2,0,spsa,sequential,1,random_shared_stream,105,120,5,4,7.209742069244385,227,0.04848705232143402,0.02424352616071701,0.0004408113891258836,0.0,0.0005877485382370651,0.012267298785495916,0.01249942043693397,0.0005948051693849266,1.193458080291748
441679940,Std-XY p=2,0,spsa,sequential,1,random_shared_stream,110,120,5,4,7.209742069244385,237,0.014334823936223984,0.007167411968111992,3.85288440156728e-05,5.137179323355667e-05,0.0,0.01196212162786393,0.012440829393713411,0.0001714749087113887,1.215970754623413
441679940,Std-XY p=2,0,spsa,sequential,1,random_shared_stream,115,120,5,4,7.209742069244385,247,0.06703002005815506,0.03351501002907753,0.0011232559336349368,0.0011232559336349368,0.0011232559336349368,0.01167634697283392,0.012385099893453082,0.0007826657383702695,1.2369887828826904
441679940,Std-XY p=2,0,spsa,sequential,1,random_shared_stream,120,120,5,4,7.209742069244385,257,0.00850667990744114,0.00425333995372057,1.8090900994138792e-05,0.0,0.0,0.011408047620339116,0.012331976538504544,9.704461263027042e-05,1.2599272727966309
441679940,Std-XY p=2,0,spsa,sequential,2,random_shared_stream,1,120,5,4,5.626535415649414,19,27.159500122070312,13.579750061035156,138.3072052001953,184.40960693359375,0.0,0.004769037061805697,0.02,0.12952466309070587,1.3017158508300781
441679940,Std-XY p=2,0,spsa,sequential,2,random_shared_stream,5,120,5,4,5.626535415649414,27,35.43992233276367,17.719961166381836,235.4977569580078,313.99700927734375,0.0,0.004057834637240087,0.016999416915812672,0.14380934834480286,1.3202009201049805
441679940,Std-XY p=2,0,spsa,sequential,2,random_shared_stream,10,120,5,4,5.562547206878662,37,24.537397384643555,12.268698692321777,112.8907241821289,150.52096557617188,0.0,0.0034744506040225278,0.015850026609609436,0.08525397628545761,1.3436458110809326
441679940,Std-XY p=2,0,spsa,sequential,2,random_shared_stream,15,120,5,4,5.562547206878662,47,3.3422372341156006,1.6711186170578003,2.094478130340576,0.0,2.792637348175049,0.003071451129509935,0.015214047873475552,0.010265517979860306,1.365847110748291
441679940,Std-XY p=2,0,spsa,sequential,2,random_shared_stream,20,120,5,4,5.495336532592773,57,58.564815521240234,29.282407760620117,643.0945434570312,857.4594116210938,0.0,0.0027728367964450574,0.014778350620464044,0.16239066421985626,1.389634370803833
441679940,Std-XY p=2,0,spsa,sequential,2,random_shared_stream,25,120,5,4,5.495336532592773,67,18.09201431274414,9.04600715637207,61.372684478759766,81.83024597167969,0.0,0.002540780558876504,0.014449008773880907,0.04596783593297005,1.4121818542480469
441679940,Std-XY p=2,0,spsa,sequential,2,random_shared_stream,30,120,5,4,5.495336532592773,77,11.688035011291504,5.844017505645752,25.61440658569336,0.0,34.15254211425781,0.0023541195976146266,0.014185372641231635,0.02751503325998783,1.43453049659729
441679940,Std-XY p=2,0,spsa,sequential,2,random_shared_stream,35,120,5,4,5.495336532592773,87,20.258146286010742,10.129073143005371,102.5981216430664,102.5981216430664,102.5981216430664,0.0021999949560301876,0.013966227856027484,0.04456781595945358,1.4562177658081055
441679940,Std-XY p=2,0,spsa,sequential,2,random_shared_stream,40,120,5,4,5.495336532592773,97,38.52238464355469,19.261192321777344,278.2451477050781,0.0,370.9935302734375,0.0020700964601369034,0.013779134410346052,0.07974505424499512,1.4789516925811768
441679940,Std-XY p=2,0,spsa,sequential,2,random_shared_stream,45,120,5,4,5.495336532592773,107,33.39354705810547,16.696773529052734,278.7822570800781,278.7822570800781,278.7822570800781,0.0019587902447989755,0.013616187769422706,0.06541095674037933,1.501577377319336
441679940,Std-XY p=2,0,spsa,sequential,2,random_shared_stream,50,120,5,4,5.495336532592773,117,0.7882006168365479,0.3941003084182739,0.15531505644321442,0.0,0.0,0.0018621077109251798,0.013472060523173781,0.0014677144354209304,1.5241045951843262
441679940,Std-XY p=2,0,spsa,sequential,2,random_shared_stream,55,120,5,4,5.495336532592773,127,6.747838973999023,3.3739194869995117,11.383332252502441,0.0,0.0,0.0017771642340758396,0.01334299625175472,0.011992018669843674,1.546515941619873
441679940,Std-XY p=2,0,spsa,sequential,2,random_shared_stream,60,120,5,4,5.495336532592773,137,10.107126235961914,5.053563117980957,0.0,0.0,0.0,0.001701807497801104,0.013226249755755135,0.01720038242638111,1.5689899921417236
441679940,Std-XY p=2,0,spsa,sequential,2,random_shared_stream,65,120,5,4,5.495336532592773,147,9.351125717163086,4.675562858581543,21.86088752746582,0.0,0.0,0.0016343955796083148,0.01311975565249048,0.015283438377082348,1.5905518531799316
441679940,Std-XY p=2,0,spsa,sequential,2,random_shared_stream,70,120,5,4,5.495336532592773,157,28.9931697845459,14.49658489227295,157.61322021484375,0.0,210.15097045898438,0.001573651849293192,0.013021922119457682,0.04562515392899513,1.6129989624023438
441679940,Std-XY p=2,0,spsa,sequential,2,random_shared_stream,75,120,5,4,5.495336532592773,167,24.52034568786621,12.260172843933105,0.0,0.0,0.0,0.0015185671661735918,0.01293149713891721,0.037235792726278305,1.6354451179504395
441679940,Std-XY p=2,0,spsa,sequential,2,random_shared_stream,80,120,5,4,5.4700093269348145,177,20.138280868530273,10.069140434265137,76.04069519042969,0.0,101.38758850097656,0.001468332202385245,0.012847478719003411,0.029569687321782112,1.658496618270874
441679940,Std-XY p=2,0,spsa,sequential,2,random_shared_stream,85,120,5,4,5.327976703643799,187,19.150297164916992,9.575148582458496,91.6834716796875,91.6834716796875,91.6834716796875,0.0014222895251183281,0.012769052840860788,0.027237266302108765,1.6825883388519287
441679940,Std-XY p=2,0,spsa,sequential,2,random_shared_stream,90,120,5,4,5.327976703643799,197,6.334129333496094,3.167064666748047,10.030298233032227,0.0,0.0,0.0013798989754315895,0.01269554947299621,0.008740458637475967,1.7044353485107422
441679940,Std-XY p=2,0,spsa,sequential,2,random_shared_stream,95,120,5,4,5.327976703643799,207,4.834381103515625,2.4171905517578125,4.382107734680176,0.0,5.842810153961182,0.001340712200299619,0.012626410699612943,0.006481513846665621,1.7271084785461426
441679940,Std-XY p=2,0,spsa,sequential,2,random_shared_stream,100,120,5,4,5.24158239364624,217,18.68291473388672,9.34145736694336,65.4471206665039,87.26282501220703,0.0,0.0013043536143061822,0.012561167176266359,0.024369126185774803,1.7500262260437012
441679940,Std-XY p=2,0,spsa,sequential,2,random_shared_stream,105,120,5,4,5.24158239364624,227,7.015592098236084,3.507796049118042,12.304633140563965,12.304633140563965,12.304633140563965,0.0012705059603756999,0.01249942043693397,0.008913351222872734,1.7725377082824707
441679940,Std-XY p=2,0,spsa,sequential,2,random_shared_stream,110,120,5,4,5.234955787658691,237,7.1636176109313965,3.5818088054656982,9.622015953063965,0.0,12.829354286193848,0.0012388992143004857,0.012440829393713411,0.008875000290572643,1.7950217723846436
441679940,Std-XY p=2,0,spsa,sequential,2,random_shared_stream,115,120,5,4,5.231820583343506,247,7.576432704925537,3.7882163524627686,14.35058307647705,14.35058307647705,14.35058307647705,0.00120930195667363,0.012385099893453082,0.009162195026874542,1.8165719509124756
441679940,Std-XY p=2,0,spsa,sequential,2,random_shared_stream,120,120,5,4,5.216406345367432,257,8.790454864501953,4.395227432250977,19.318023681640625,19.318023681640625,19.318023681640625,0.0011815145902394956,0.012331976538504544,0.010386050678789616,1.8386075496673584
441679940,Std-XY p=2,0,spsa,sequential,3,random_shared_stream,1,120,5,4,7.311395168304443,19,2.9195070266723633,1.4597535133361816,2.130880355834961,2.130880355834961,2.130880355834961,0.007104181142743787,0.02,0.020740706473588943,1.8801038265228271
441679940,Std-XY p=2,0,spsa,sequential,3,random_shared_stream,5,120,5,4,7.17503023147583,27,1.8198975324630737,0.9099487662315369,0.6210050582885742,0.0,0.8280067443847656,0.006044740675455903,0.016999416915812672,0.011000809259712696,1.9004316329956055
441679940,Std-XY p=2,0,spsa,sequential,3,random_shared_stream,10,120,5,4,6.844821929931641,37,12.907885551452637,6.453942775726318,31.240032196044922,41.653377532958984,0.0,0.005175704475055149,0.015850026609609436,0.06680740416049957,1.9245128631591797
441679940,Std-XY p=2,0,spsa,sequential,3,random_shared_stream,15,120,5,4,6.470622539520264,47,22.66780662536621,11.333903312683105,96.34302520751953,128.45736694335938,0.0,0.00457537756833071,0.015214047873475552,0.10371378064155579,1.9489076137542725
441679940,Std-XY p=2,0,spsa,sequential,3,random_shared_stream,20,120,5,4,6.19568395614624,57,7.24776554107666,3.62388277053833,13.132526397705078,13.132526397705078,13.132526397705078,0.00413054766107281,0.014778350620464044,0.029937243089079857,1.9732298851013184
441679940,Std-XY p=2,0,spsa,sequential,3,random_shared_stream,25,120,5,4,6.034324645996094,67,12.793940544128418,6.396970272064209,0.0,0.0,0.0,0.003784865812593656,0.014449008773880907,0.04842334985733032,1.9968619346618652
441679940,Std-XY p=2,0,spsa,sequential,3,random_shared_stream,30,120,5,4,6.030832767486572,77,8.786480903625488,4.393240451812744,14.475421905517578,19.300561904907227,0.0,0.003506806895479481,0.014185372641231635,0.030812492594122887,2.019087553024292
441679940,Std-XY p=2,0,spsa,sequential,3,random_shared_stream,35,120,5,4,5.999684810638428,87,1.8271175622940063,0.9135587811470032,0.8345896601676941,0.8345896601676941,0.8345896601676941,0.003277215605207196,0.013966227856027484,0.005987858399748802,2.040412664413452
441679940,Std-XY p=2,0,spsa,sequential,3,random_shared_stream,40,120,5,4,5.989821910858154,97,1.0844401121139526,0.5422200560569763,0.29400259256362915,0.29400259256362915,0.29400259256362915,0.003083712717090314,0.013779134410346052,0.0033441015984863043,2.0574615001678467
441679940,Std-XY p=2,0,spsa,sequential,3,random_shared_stream,45,120,5,4,5.989821910858154,107,0.24289782345294952,0.12144891172647476,0.014749838039278984,0.0,0.0,0.002917905761550638,0.013616187769422706,0.0007087529520504177,2.080918073654175
441679940,Std-XY p=2,0,spsa,sequential,3,random_shared_stream,50,120,5,4,5.972257137298584,117,2.3965630531311035,1.1982815265655518,1.0769089460372925,0.0,1.4358786344528198,0.0027738829273647268,0.013472060523173781,0.006647785194218159,2.103816270828247
441679940,Std-XY p=2,0,spsa,sequential,3,random_shared_stream,55,120,5,4,5.972257137298584,127,1.8805108070373535,0.9402554035186768,0.8840802311897278,0.0,0.0,0.0026473471427584123,0.01334299625175472,0.004978364799171686,2.1259095668792725
441679940,Std-XY p=2,0,spsa,sequential,3,random_shared_stream,60,120,5,4,5.972257137298584,137,0.07909881323575974,0.03954940661787987,0.0011731167323887348,0.0,0.0015641555655747652,0.002535092216264091,0.013226249755755135,0.00020052278705406934,2.148451089859009
441679940,Std-XY p=2,0,spsa,sequential,3,random_shared_stream,65,120,5,4,5.9652934074401855,147,0.07312608510255814,0.03656304255127907,0.0,0.0,0.0,0.0024346722631761034,0.01311975565249048,0.0001780380553100258,2.170651912689209
441679940,Std-XY p=2,0,spsa,sequential,3,random_shared_stream,70,120,5,4,5.9652934074401855,157,0.0012816311791539192,0.0006408155895769596,3.0798346983829106e-07,0.0,4.106446169771516e-07,0.0023441855553036303,0.013021922119457682,3.004381142091006e-06,2.1924710273742676
441679940,Std-XY p=2,0,spsa,sequential,3,random_shared_stream,75,120,5,4,5.9652934074401855,167,1.748126745223999,0.8740633726119995,0.5729900598526001,0.7639867663383484,0.0,0.0022621288293858594,0.01293149713891721,0.003954487852752209,2.2146809101104736
441679940,Std-XY p=2,0,spsa,sequential,3,random_shared_stream,80,120,5,4,5.964931488037109,177,0.7299082279205322,0.3649541139602661,0.13319151103496552,0.0,0.0,0.0021872964727011612,0.012847478719003411,0.001596525777131319,2.237185001373291
441679940,Std-XY p=2,0,spsa,sequential,3,random_shared_stream,85,120,5,4,5.9614577293396,187,1.1396394968032837,0.5698197484016418,0.32469454407691956,0.0,0.0,0.0021187091425206696,0.012769052840860788,0.0024145646020770073,2.259570360183716
441679940,Std-XY p=2,0,spsa,sequential,3,random_shared_stream,90,120,5,4,5.9614577293396,197,0.762793779373169,0.3813968896865845,0.14546358585357666,0.14546358585357666,0.14546358585357666,0.0020555621927670336,0.01269554947299621,0.0015679700300097466,2.2801010608673096
441679940,Std-XY p=2,0,spsa,sequential,3,random_shared_stream,95,120,5,4,5.9592156410217285,207,1.3826544284820557,0.6913272142410278,0.4779333174228668,0.4779333174228668,0.4779333174228668,0.0019971877357582895,0.012626410699612943,0.0027614205610007048,2.3011934757232666
441679940,Std-XY p=2,0,spsa,sequential,3,random_shared_stream,100,120,5,4,5.9592156410217285,217,0.26143887639045715,0.13071943819522858,0.012815678492188454,0.0,0.017087571322917938,0.0019430262818538812,0.012561167176266359,0.0005079826223663986,2.322007417678833
441679940,Std-XY p=2,0,spsa,sequential,3,random_shared_stream,105,120,5,4,5.9592156410217285,227,0.0026704121846705675,0.0013352060923352838,1.3370814713198342e-06,0.0,1.7827752571974997e-06,0.0018926052300434755,0.01249942043693397,5.054036137153162e-06,2.3444347381591797
441679940,Std-XY p=2,0,spsa,sequential,3,random_shared_stream,110,120,5,4,5.957977771759033,237,0.03794512152671814,0.01897256076335907,0.0002699685574043542,0.0,0.00035995806683786213,0.0018455223396106615,0.012440829393713411,7.002856727922335e-05,2.3680260181427
441679940,Std-XY p=2,0,spsa,sequential,3,random_shared_stream,115,120,5,4,5.957977771759033,247,0.040695421397686005,0.020347710698843002,0.00031052198028191924,0.0,0.0004140293167438358,0.0018014328773597588,0.012385099893453082,7.331007509492338e-05,2.3907899856567383
441679940,Std-XY p=2,0,spsa,sequential,3,random_shared_stream,120,120,5,4,5.9563422203063965,257,0.4321780204772949,0.21608901023864746,0.035020846873521805,0.04669446125626564,0.0,0.0017600395138631987,0.012331976538504544,0.000760650378651917,2.414226531982422
441679940,Std-XY p=2,0,spsa,sequential,4,continuation,1,120,5,4,7.348362922668457,19,4.76837158203125e-05,2.384185791015625e-05,4.263256414560601e-10,5.684341886080801e-10,0.0,2581.110153846154,0.02,0.1230769231915474,2.455826997756958
441679940,Std-XY p=2,0,spsa,sequential,4,continuation,5,120,5,4,7.224700450897217,27,96.01081085205078,48.00540542602539,2304.51904296875,0.0,0.0,2196.1914007108508,0.016999416915812672,0.25,2.475127935409546
441679940,Std-XY p=2,0,spsa,sequential,4,continuation,10,120,5,4,3.4091532230377197,37,9.941030502319336,4.970515251159668,18.529516220092773,0.0,24.706022262573242,1880.4508366902742,0.015850026609609436,0.25,2.4982473850250244
441679940,Std-XY p=2,0,spsa,sequential,4,continuation,15,120,5,4,2.996936321258545,47,12.825793266296387,6.412896633148193,30.84393310546875,41.125244140625,0.0,1662.3384542158815,0.015214047873475552,0.25,2.519317626953125
441679940,Std-XY p=2,0,spsa,sequential,4,continuation,20,120,5,4,1.9583221673965454,57,109.6806869506836,54.8403434753418,0.0,0.0,0.0,1500.7216587980824,0.014778350620464044,0.25,2.5425262451171875
441679940,Std-XY p=2,0,spsa,sequential,4,continuation,25,120,5,4,1.9583221673965454,67,23.89586639404297,11.947933197021484,0.0,0.0,0.0,1375.1276021176457,0.014449008773880907,0.25,2.5650031566619873
441679940,Std-XY p=2,0,spsa,sequential,4,continuation,30,120,5,4,1.9583221673965454,77,69.81497192382812,34.90748596191406,913.8994140625,1218.5325927734375,0.0,1274.10249029826,0.014185372641231635,0.25,2.5881121158599854
441679940,Std-XY p=2,0,spsa,sequential,4,continuation,35,120,5,4,1.9583221673965454,87,57.68095779418945,28.840478897094727,0.0,0.0,0.0,1190.6867667054405,0.013966227856027484,0.25,2.6091437339782715
441679940,Std-XY p=2,0,spsa,sequential,4,continuation,40,120,5,4,1.9583221673965454,97,90.55744934082031,45.278724670410156,0.0,0.0,0.0,1120.3827782116814,0.013779134410346052,0.25,2.632070779800415
441679940,Std-XY p=2,0,spsa,sequential,4,continuation,45,120,5,4,1.9583221673965454,107,65.87245178222656,32.93622589111328,813.59619140625,1084.794921875,0.0,1060.1413502521903,0.013616187769422706,0.25,2.6557886600494385
441679940,Std-XY p=2,0,spsa,sequential,4,continuation,50,120,5,4,1.9583221673965454,117,15.09714412689209,7.548572063446045,42.7357063293457,0.0,56.98094177246094,1007.8145877114222,0.013472060523173781,0.25,2.6780378818511963
441679940,Std-XY p=2,0,spsa,sequential,4,continuation,55,120,5,4,1.9583221673965454,127,25.298429489135742,12.649214744567871,120.00198364257812,160.0026397705078,0.0,961.8412669430124,0.01334299625175472,0.25,2.700268268585205
441679940,Std-XY p=2,0,spsa,sequential,4,continuation,60,120,5,4,1.9583221673965454,137,46.596805572509766,23.298402786254883,542.8155517578125,0.0,0.0,921.0565058604927,0.013226249755755135,0.25,2.7212913036346436
441679940,Std-XY p=2,0,spsa,sequential,4,continuation,65,120,5,4,1.9583221673965454,147,201.14024353027344,100.57012176513672,7585.76220703125,0.0,10114.349609375,884.5716590701065,0.01311975565249048,0.25,2.7474186420440674
441679940,Std-XY p=2,0,spsa,sequential,4,continuation,70,120,5,4,1.9583221673965454,157,114.06088256835938,57.03044128417969,3252.47119140625,3252.47119140625,3252.47119140625,851.6957855830817,0.013021922119457682,0.25,2.7712042331695557
441679940,Std-XY p=2,0,spsa,sequential,4,continuation,75,120,5,4,1.9583221673965454,167,6.235813617706299,3.1179068088531494,7.291007041931152,9.721343040466309,0.0,821.8827157581296,0.01293149713891721,0.25,2.7954838275909424
441679940,Std-XY p=2,0,spsa,sequential,4,continuation,80,120,5,4,1.9583221673965454,177,9.863670349121094,4.931835174560547,18.24224853515625,0.0,24.322998046875,794.6944231464757,0.012847478719003411,0.25,2.8183207511901855
441679940,Std-XY p=2,0,spsa,sequential,4,continuation,85,120,5,4,1.9583221673965454,187,36.485191345214844,18.242595672607422,249.59422302246094,332.79229736328125,0.0,769.7750903202167,0.012769052840860788,0.25,2.8410470485687256
441679940,Std-XY p=2,0,spsa,sequential,4,continuation,90,120,5,4,1.9583221673965454,197,26.911043167114258,13.455521583557129,181.05105590820312,0.0,0.0,746.8323711076021,0.01269554947299621,0.25,2.8641834259033203
441679940,Std-XY p=2,0,spsa,sequential,4,continuation,95,120,5,4,1.9583221673965454,207,44.1141242980957,22.05706214904785,364.885498046875,0.0,486.51397705078125,725.6236067640266,0.012626410699612943,0.25,2.8882994651794434
441679940,Std-XY p=2,0,spsa,sequential,4,continuation,100,120,5,4,1.9583221673965454,217,34.271724700927734,17.135862350463867,293.6377868652344,0.0,0.0,705.9455220121299,0.012561167176266359,0.25,2.9109065532684326
441679940,Std-XY p=2,0,spsa,sequential,4,continuation,105,120,5,4,1.9583221673965454,227,58.41671371459961,29.208356857299805,639.8460693359375,853.1281127929688,0.0,687.6264101848127,0.01249942043693397,0.25,2.934067726135254
441679940,Std-XY p=2,0,spsa,sequential,4,continuation,110,120,5,4,1.9583221673965454,237,120.40451049804688,60.20225524902344,2718.233642578125,0.0,3624.3115234375,670.5201281057459,0.012440829393713411,0.25,2.956876754760742
441679940,Std-XY p=2,0,spsa,sequential,4,continuation,115,120,5,4,1.9583221673965454,247,31.994186401367188,15.997093200683594,255.90699768066406,255.90699768066406,255.90699768066406,654.5014263853293,0.012385099893453082,0.25,2.9805219173431396
441679940,Std-XY p=2,0,spsa,sequential,4,continuation,120,120,5,4,1.9583221673965454,257,82.91580963134766,41.45790481567383,1289.068359375,1718.7578125,0.0,639.4622784981807,0.012331976538504544,0.25,3.0040745735168457
441679940,Std-XY p=20,0,spsa,sequential,0,deterministic_linear_ramp,1,120,5,40,13.655517578125,19,8.58337116241455,1.3571500778198242,1.7681820392608643,1.6760890483856201,1.8234379291534424,0.0011270554884279728,0.02,0.009673935361206532,0.23385953903198242
441679940,Std-XY p=20,0,spsa,sequential,0,deterministic_linear_ramp,5,120,5,40,10.918742179870605,27,47.53622817993164,7.516137599945068,56.351097106933594,54.232627868652344,55.927406311035156,0.0009589786658741016,0.016999416915812672,0.045586228370666504,0.3297438621520996
441679940,Std-XY p=20,0,spsa,sequential,0,deterministic_linear_ramp,10,120,5,40,8.21317195892334,37,105.37394714355469,16.66108512878418,276.8977355957031,266.488037109375,252.6084442138672,0.0008211088678461227,0.015850026609609436,0.08652348071336746,0.44936585426330566
441679940,Std-XY p=20,0,spsa,sequential,0,deterministic_linear_ramp,15,120,5,40,8.068927764892578,47,63.22994613647461,9.99753189086914,97.70176696777344,90.95508575439453,99.95064544677734,0.0007258689349840719,0.015214047873475552,0.04589664936065674,0.5681426525115967
441679940,Std-XY p=20,0,spsa,sequential,0,deterministic_linear_ramp,20,120,5,40,7.904486656188965,57,55.83382034301758,8.828102111816406,74.81797790527344,70.92121124267578,77.1560287475586,0.0006552981009472739,0.014778350620464044,0.03658779710531235,0.6874563694000244
441679940,Std-XY p=20,0,spsa,sequential,0,deterministic_linear_ramp,25,120,5,40,7.781180381774902,67,32.36866760253906,5.117936134338379,25.931331634521484,25.931331634521484,23.835872650146484,0.0006004567875361852,0.014449008773880907,0.019435985013842583,0.80511474609375
441679940,Std-XY p=20,0,spsa,sequential,0,deterministic_linear_ramp,30,120,5,40,7.781180381774902,77,27.24784278869629,4.308262825012207,17.818679809570312,17.818679809570312,17.818679809570312,0.0005563436346839435,0.014185372641231635,0.015159164555370808,0.9230308532714844
441679940,Std-XY p=20,0,spsa,sequential,0,deterministic_linear_ramp,35,120,5,40,7.781180381774902,87,41.721466064453125,6.596743106842041,43.408226013183594,41.776336669921875,43.08184814453125,0.0005199197149390284,0.013966227856027484,0.021691814064979553,1.040513515472412
441679940,Std-XY p=20,0,spsa,sequential,0,deterministic_linear_ramp,40,120,5,40,7.7231292724609375,97,17.29237937927246,2.7341651916503906,7.400903224945068,7.400903224945068,6.802850246429443,0.0004892211041214325,0.013779134410346052,0.008459797129034996,1.1584084033966064
441679940,Std-XY p=20,0,spsa,sequential,0,deterministic_linear_ramp,45,120,5,40,7.6298065185546875,107,23.801898956298828,3.7634105682373047,13.278055191040039,14.021626472473145,11.897137641906738,0.0004629163639260902,0.013616187769422706,0.01101828832179308,1.2767348289489746
441679940,Std-XY p=20,0,spsa,sequential,0,deterministic_linear_ramp,50,120,5,40,7.6298065185546875,117,2.923764944076538,0.4622878134250641,0.2051616609096527,0.21157296001911163,0.1944761425256729,0.0004400676045171359,0.013472060523173781,0.0012866543838754296,1.3946375846862793
441679940,Std-XY p=20,0,spsa,sequential,0,deterministic_linear_ramp,55,120,5,40,7.600713729858398,127,39.17558288574219,6.194203853607178,38.272239685058594,37.984474182128906,38.36815643310547,0.0004199931092786873,0.01334299625175472,0.016453472897410393,1.5123975276947021
441679940,Std-XY p=20,0,spsa,sequential,0,deterministic_linear_ramp,60,120,5,40,7.600713729858398,137,36.18095779418945,5.720712184906006,32.72654342651367,32.3992805480957,32.39927673339844,0.00040218422624679434,0.013226249755755135,0.01455141045153141,1.6297247409820557
441679940,Std-XY p=20,0,spsa,sequential,0,deterministic_linear_ramp,65,120,5,40,7.600713729858398,147,5.214160442352295,0.8244312405586243,0.6728899478912354,0.6728899478912354,0.6728898882865906,0.000386252923679841,0.01311975565249048,0.0020139848347753286,1.7477755546569824
441679940,Std-XY p=20,0,spsa,sequential,0,deterministic_linear_ramp,70,120,5,40,7.600713729858398,157,28.520416259765625,4.50947380065918,19.877809524536133,18.505172729492188,20.33535385131836,0.00037189749851706687,0.013021922119457682,0.010606671683490276,1.8655810356140137
441679940,Std-XY p=20,0,spsa,sequential,0,deterministic_linear_ramp,75,120,5,40,7.546422958374023,167,44.55927276611328,7.04543924331665,48.521358489990234,49.141841888427734,47.65269470214844,0.000358879462877236,0.01293149713891721,0.01599140837788582,1.9828486442565918
441679940,Std-XY p=20,0,spsa,sequential,0,deterministic_linear_ramp,80,120,5,40,7.50278902053833,177,38.37568283081055,6.067728519439697,36.81732940673828,36.81732940673828,36.81732940673828,0.00034700755017979103,0.012847478719003411,0.013316651806235313,2.1008658409118652
441679940,Std-XY p=20,0,spsa,sequential,0,deterministic_linear_ramp,85,120,5,40,7.48975133895874,187,2.940547466278076,0.4649414122104645,0.19671516120433807,0.2075236737728119,0.1815831959247589,0.0003361263908507527,0.012769052840860788,0.0009883956518024206,2.211057424545288
441679940,Std-XY p=20,0,spsa,sequential,0,deterministic_linear_ramp,90,120,5,40,7.430322647094727,197,18.6099853515625,2.9424970149993896,8.571706771850586,7.879042625427246,8.571706771850586,0.0003261083303780107,0.01269554947299621,0.0060688708908855915,2.321442127227783
441679940,Std-XY p=20,0,spsa,sequential,0,deterministic_linear_ramp,95,120,5,40,7.430322647094727,207,10.997361183166504,1.7388355731964111,2.955519199371338,2.993313789367676,2.539781332015991,0.0003168474105290134,0.012626410699612943,0.0034844852052628994,2.4332730770111084
441679940,Std-XY p=20,0,spsa,sequential,0,deterministic_linear_ramp,100,120,5,40,7.405686378479004,217,0.6434352993965149,0.10173604637384415,0.01024672295898199,0.009936215355992317,0.010350224561989307,0.0003082548700718277,0.012561167176266359,0.00019834208069369197,2.5546419620513916
441679940,Std-XY p=20,0,spsa,sequential,0,deterministic_linear_ramp,105,120,5,40,7.405686378479004,227,0.6945067644119263,0.10981116443872452,0.011937906965613365,0.012058490887284279,0.011576150543987751,0.0003002557323762366,0.01249942043693397,0.00020852962916251272,2.676701307296753
441679940,Std-XY p=20,0,spsa,sequential,0,deterministic_linear_ramp,110,120,5,40,7.405686378479004,237,21.287487030029297,3.36584734916687,11.300605773925781,11.215639114379883,10.875771522521973,0.0002927861832463476,0.012440829393713411,0.00623268261551857,2.7973783016204834
441679940,Std-XY p=20,0,spsa,sequential,0,deterministic_linear_ramp,115,120,5,40,7.268722057342529,247,29.23617935180664,4.622645854949951,21.36885643005371,21.155166625976562,21.155166625976562,0.00028579153186946473,0.012385099893453082,0.008355451747775078,2.9190003871917725
441679940,Std-XY p=20,0,spsa,sequential,0,deterministic_linear_ramp,120,120,5,40,7.23098087310791,257,53.010704040527344,8.381728172302246,70.25337219238281,67.44322967529297,67.4432373046875,0.0002792246078882339,0.012331976538504544,0.014801893383264542,3.0410075187683105
441679940,Std-XY p=20,0,spsa,sequential,1,random_shared_stream,1,120,5,40,7.60872220993042,19,0.06287907809019089,0.009942054748535156,9.859733836492524e-05,8.994845120469108e-05,9.489066724199802e-05,0.5762791879916188,0.02,0.03623590245842934,3.287923812866211
441679940,Std-XY p=20,0,spsa,sequential,1,random_shared_stream,5,120,5,40,7.607053279876709,27,0.7083784937858582,0.11200448125600815,0.012513640336692333,0.012043202295899391,0.012419553473591805,0.49033916479306594,0.016999416915812672,0.25,3.3858449459075928
441679940,Std-XY p=20,0,spsa,sequential,1,random_shared_stream,10,120,5,40,7.607053279876709,37,0.445992648601532,0.0705176293849945,0.00497273588553071,0.004773826338350773,0.004773826338350773,0.4198444144707444,0.015850026609609436,0.18724752962589264,3.5039539337158203
441679940,Std-XY p=20,0,spsa,sequential,1,random_shared_stream,15,120,5,40,7.6056132316589355,47,0.8166810870170593,0.1291286200284958,0.01629902981221676,0.016007233411073685,0.016507457941770554,0.37114690868008204,0.015214047873475552,0.25,3.6245172023773193
441679940,Std-XY p=20,0,spsa,sequential,1,random_shared_stream,20,120,5,40,7.6056132316589355,57,0.09142229706048965,0.01445513404905796,0.00020686138304881752,0.00020895090710837394,0.00020059288362972438,0.33506305712868945,0.014778350620464044,0.03063223510980606,3.742518424987793
441679940,Std-XY p=20,0,spsa,sequential,1,random_shared_stream,25,120,5,40,7.6056132316589355,67,0.14453792572021484,0.02285345457494259,0.0005209745140746236,0.0005170574877411127,0.0005013890913687646,0.307021928820963,0.014449008773880907,0.04437630996108055,3.861908435821533
441679940,Std-XY p=20,0,spsa,sequential,1,random_shared_stream,30,120,5,40,7.6056132316589355,77,0.6242942214012146,0.0987095832824707,0.009353838860988617,0.008866658434271812,0.00964614562690258,0.2844662586108848,0.014185372641231635,0.17759065330028534,3.981710433959961
441679940,Std-XY p=20,0,spsa,sequential,1,random_shared_stream,35,120,5,40,7.6056132316589355,87,0.855638325214386,0.1352882981300354,0.016655659303069115,0.01757080666720867,0.01537445466965437,0.265842200514731,0.013966227856027484,0.22746476531028748,4.102184534072876
441679940,Std-XY p=20,0,spsa,sequential,1,random_shared_stream,40,120,5,40,7.6056132316589355,97,0.23560917377471924,0.03725308179855347,0.0013739141868427396,0.0013739141868427396,0.0013739140704274178,0.25014557271239407,0.013779134410346052,0.05893659591674805,4.222632646560669
441679940,Std-XY p=20,0,spsa,sequential,1,random_shared_stream,45,120,5,40,7.6056132316589355,107,0.2361031174659729,0.03733118250966072,0.0013901331694796681,0.0012681916123256087,0.0013378724688664079,0.23669559223162284,0.013616187769422706,0.05588456988334656,4.343063116073608
441679940,Std-XY p=20,0,spsa,sequential,1,random_shared_stream,50,120,5,40,7.6056132316589355,117,1.6851775646209717,0.2664499878883362,0.0693981796503067,0.06815575063228607,0.0702856257557869,0.22501270292049064,0.013472060523173781,0.25,4.46390962600708
441679940,Std-XY p=20,0,spsa,sequential,1,random_shared_stream,55,120,5,40,7.6056132316589355,127,0.32060927152633667,0.05069277435541153,0.0025633329059928656,0.002544059883803129,0.002569757401943207,0.21474833356677706,0.01334299625175472,0.06885030120611191,4.583544731140137
441679940,Std-XY p=20,0,spsa,sequential,1,random_shared_stream,60,120,5,40,7.6056132316589355,137,0.5625128746032715,0.08894109725952148,0.007831414230167866,0.007831413298845291,0.007831414230167866,0.2056424033281765,0.013226249755755135,0.11567650735378265,4.701895475387573
441679940,Std-XY p=20,0,spsa,sequential,1,random_shared_stream,65,120,5,40,7.6053080558776855,147,0.9891124367713928,0.1563924103975296,0.02445858344435692,0.0242139995098114,0.0242139995098114,0.19749650616410855,0.01311975565249048,0.19534623622894287,4.8199779987335205
441679940,Std-XY p=20,0,spsa,sequential,1,random_shared_stream,70,120,5,40,7.60343599319458,157,1.276423454284668,0.2018202841281891,0.04073142632842064,0.04073142260313034,0.04073142632842064,0.1901563770923653,0.013021922119457682,0.24272006750106812,4.939935922622681
441679940,Std-XY p=20,0,spsa,sequential,1,random_shared_stream,75,120,5,40,7.60343599319458,167,2.858715295791626,0.4520025849342346,0.19970941543579102,0.1961340457201004,0.2022632360458374,0.18350007393356377,0.01293149713891721,0.25,5.057824373245239
441679940,Std-XY p=20,0,spsa,sequential,1,random_shared_stream,80,120,5,40,7.60343599319458,177,1.579899787902832,0.2498040646314621,0.054757822304964066,0.056785888969898224,0.05241774767637253,0.17742979941785772,0.012847478719003411,0.25,5.178979396820068
441679940,Std-XY p=20,0,spsa,sequential,1,random_shared_stream,85,120,5,40,7.60343599319458,187,1.290364384651184,0.2040245085954666,0.04162600263953209,0.04162600636482239,0.041626010090112686,0.17186611091544698,0.012769052840860788,0.22176989912986755,5.299523830413818
441679940,Std-XY p=20,0,spsa,sequential,1,random_shared_stream,90,120,5,40,7.60343599319458,197,0.6158392429351807,0.09737273305654526,0.008319971151649952,0.009102189913392067,0.007111086510121822,0.1667437368941508,0.01269554947299621,0.10268734395503998,5.417790174484253
441679940,Std-XY p=20,0,spsa,sequential,1,random_shared_stream,95,120,5,40,7.60343599319458,207,1.4857491254806519,0.2349175661802292,0.053944576531648636,0.050219498574733734,0.05518626049160957,0.16200849943208093,0.012626410699612943,0.2407039850950241,5.537982225418091
441679940,Std-XY p=20,0,spsa,sequential,1,random_shared_stream,100,120,5,40,7.60343599319458,217,1.050984263420105,0.1661752313375473,0.02754516527056694,0.027614200487732887,0.02733805775642395,0.1576150136735769,0.012561167176266359,0.16565090417861938,5.658183574676514
441679940,Std-XY p=20,0,spsa,sequential,1,random_shared_stream,105,120,5,40,7.60343599319458,227,1.4638084173202515,0.2314484417438507,0.05142563581466675,0.048747219145298004,0.05303268879652023,0.1535249430220617,0.01249942043693397,0.22473110258579254,5.77839207649231
441679940,Std-XY p=20,0,spsa,sequential,1,random_shared_stream,110,120,5,40,7.599605560302734,237,0.3957345187664032,0.06257112324237823,0.0038759943563491106,0.0037585392128676176,0.0032887221314013004,0.14970565838928823,0.012440829393713411,0.05924370139837265,5.899332046508789
441679940,Std-XY p=20,0,spsa,sequential,1,random_shared_stream,115,120,5,40,7.599605560302734,247,0.8008744120597839,0.12662938237190247,0.015994908288121223,0.01459184568375349,0.015393597073853016,0.14612919560006318,0.012385099893453082,0.11703113466501236,6.0204102993011475
441679940,Std-XY p=20,0,spsa,sequential,1,random_shared_stream,120,120,5,40,7.599605560302734,257,0.1984522044658661,0.03137804940342903,0.000895969569683075,0.000974736176431179,0.0007384364726021886,0.142771435792882,0.012331976538504544,0.028333308175206184,6.140464782714844
441679940,Std-XY p=20,0,spsa,sequential,2,random_shared_stream,1,120,5,40,7.607406139373779,19,0.4752120077610016,0.07513761520385742,0.0052928077057003975,0.005137551575899124,0.005419834516942501,0.3091292275093279,0.02,0.1469019204378128,6.383100748062134
441679940,Std-XY p=20,0,spsa,sequential,2,random_shared_stream,5,120,5,40,7.607406139373779,27,0.76612389087677,0.12113483250141144,0.014526909217238426,0.014526909217238426,0.014526909217238426,0.26302904978802394,0.016999416915812672,0.20151282846927643,6.484501361846924
441679940,Std-XY p=20,0,spsa,sequential,2,random_shared_stream,10,120,5,40,7.607406139373779,37,0.14936186373233795,0.023616185411810875,0.0005354151944629848,0.0005354152526706457,0.0005354152526706457,0.22521406676469263,0.015850026609609436,0.03363839536905289,6.605116605758667
441679940,Std-XY p=20,0,spsa,sequential,2,random_shared_stream,15,120,5,40,7.6069111824035645,47,1.3166999816894531,0.20818856358528137,0.04063356667757034,0.0416087731719017,0.03944164887070656,0.19909162010969145,0.015214047873475552,0.25,6.726297855377197
441679940,Std-XY p=20,0,spsa,sequential,2,random_shared_stream,20,120,5,40,7.6069111824035645,57,0.1467246264219284,0.02319920063018799,0.0005166748305782676,0.0004897646722383797,0.0005328208790160716,0.17973542368948428,0.014778350620464044,0.026371611282229424,6.845663547515869
441679940,Std-XY p=20,0,spsa,sequential,2,random_shared_stream,25,120,5,40,7.6069111824035645,67,1.191994309425354,0.18847087025642395,0.03410041332244873,0.02983785793185234,0.035521261394023895,0.16469352644091753,0.014449008773880907,0.1963137537240982,6.966531276702881
441679940,Std-XY p=20,0,spsa,sequential,2,random_shared_stream,30,120,5,40,7.6069111824035645,77,0.838593065738678,0.13259321451187134,0.016482150182127953,0.01687772199511528,0.01599867269396782,0.15259415333619583,0.014185372641231635,0.12796440720558167,7.08512806892395
441679940,Std-XY p=20,0,spsa,sequential,2,random_shared_stream,35,120,5,40,7.6034746170043945,87,2.6499416828155518,0.4189926087856293,0.16458262503147125,0.15975485742092133,0.1685325801372528,0.14260378614556846,0.013966227856027484,0.25,7.207185745239258
441679940,Std-XY p=20,0,spsa,sequential,2,random_shared_stream,40,120,5,40,7.6034746170043945,97,0.6466394066810608,0.10224266350269318,0.009800214320421219,0.010035419836640358,0.009512742049992085,0.13418375896404125,0.013779134410346052,0.0867685079574585,7.327368974685669
441679940,Std-XY p=20,0,spsa,sequential,2,random_shared_stream,45,120,5,40,7.6034746170043945,107,0.4321174621582031,0.0683237686753273,0.004248005338013172,0.004248005338013172,0.004248005338013172,0.12696888436389028,0.013616187769422706,0.05486547574400902,7.448281526565552
441679940,Std-XY p=20,0,spsa,sequential,2,random_shared_stream,50,120,5,40,7.6034746170043945,117,0.3354461193084717,0.053038693964481354,0.0027498078998178244,0.0027005786541849375,0.0027849716134369373,0.12070191754800763,0.013472060523173781,0.040488988161087036,7.569171667098999
441679940,Std-XY p=20,0,spsa,sequential,2,random_shared_stream,55,120,5,40,7.6034746170043945,127,1.7417094707489014,0.2753884494304657,0.07413242757320404,0.07508040964603424,0.0728052407503128,0.1151958770119228,0.01334299625175472,0.20063775777816772,7.689422130584717
441679940,Std-XY p=20,0,spsa,sequential,2,random_shared_stream,60,120,5,40,7.6034746170043945,137,1.5257620811462402,0.24124418199062347,0.05688927322626114,0.055870793759822845,0.05761675909161568,0.11031124949271183,0.013226249755755135,0.16830871999263763,7.808853626251221
441679940,Std-XY p=20,0,spsa,sequential,2,random_shared_stream,65,120,5,40,7.6034746170043945,147,2.024542808532715,0.3201083838939667,0.10016379505395889,0.10144466161727905,0.09837057441473007,0.10594160548999386,0.01311975565249048,0.2144833356142044,7.929350137710571
441679940,Std-XY p=20,0,spsa,sequential,2,random_shared_stream,70,120,5,40,7.6034746170043945,157,0.5802556872367859,0.09174647927284241,0.008080719970166683,0.008080719038844109,0.008080719038844109,0.10200419376829943,0.013021922119457682,0.05918851122260094,8.050031423568726
441679940,Std-XY p=20,0,spsa,sequential,2,random_shared_stream,75,120,5,40,7.6034746170043945,167,0.30177658796310425,0.047715067863464355,0.0022255009971559048,0.0021856585517525673,0.0022539603523910046,0.09843360177673485,0.01293149713891721,0.029704954475164413,8.17053771018982
441679940,Std-XY p=20,0,spsa,sequential,2,random_shared_stream,80,120,5,40,7.6034746170043945,177,0.3415428400039673,0.05400266870856285,0.002916287863627076,0.00291628809645772,0.00291628809645772,0.09517736884153286,0.012847478719003411,0.03250714763998985,8.290902614593506
441679940,Std-XY p=20,0,spsa,sequential,2,random_shared_stream,85,120,5,40,7.6034746170043945,187,0.6440603137016296,0.10183487087488174,0.010266638360917568,0.009955528192222118,0.010370342060923576,0.09219288013416387,0.012769052840860788,0.059377774596214294,8.410331726074219
441679940,Std-XY p=20,0,spsa,sequential,2,random_shared_stream,90,120,5,40,7.6034746170043945,197,0.35596340894699097,0.056282754987478256,0.00316774845123291,0.0031360711436718702,0.0031360711436718702,0.08944512252428785,0.01269554947299621,0.031839191913604736,8.530070781707764
441679940,Std-XY p=20,0,spsa,sequential,2,random_shared_stream,95,120,5,40,7.6034746170043945,207,0.46264705061912537,0.07315092533826828,0.00513701606541872,0.005137015599757433,0.005137015599757433,0.08690503374574918,0.012626410699612943,0.04020635783672333,8.650527477264404
441679940,Std-XY p=20,0,spsa,sequential,2,random_shared_stream,100,120,5,40,7.6034746170043945,217,0.29722869396209717,0.04699598252773285,0.0022031008265912533,0.002120277611538768,0.0020098465029150248,0.08454826833255966,0.012561167176266359,0.025130169466137886,8.771230459213257
441679940,Std-XY p=20,0,spsa,sequential,2,random_shared_stream,105,120,5,40,7.6034746170043945,227,1.2627066373825073,0.19965144991874695,0.038963839411735535,0.039462096989154816,0.03826627507805824,0.08235426166477097,0.01249942043693397,0.10398927330970764,8.891966581344604
441679940,Std-XY p=20,0,spsa,sequential,2,random_shared_stream,110,120,5,40,7.602634906768799,237,0.6888083815574646,0.10891016572713852,0.011831771582365036,0.01138696726411581,0.0107938963919878,0.08030551075935968,0.012440829393713411,0.055315110832452774,9.014219999313354
441679940,Std-XY p=20,0,spsa,sequential,2,random_shared_stream,115,120,5,40,7.602634906768799,247,1.1678303480148315,0.18465018272399902,0.034010447561740875,0.03409568965435028,0.033754732459783554,0.07838701499847325,0.012385099893453082,0.09154273569583893,9.135281562805176
441679940,Std-XY p=20,0,spsa,sequential,2,random_shared_stream,120,120,5,40,7.602634906768799,257,0.5164893269538879,0.08166413754224777,0.006518977228552103,0.005001772660762072,0.006402269005775452,0.07658583647774055,0.012331976538504544,0.03955576568841934,9.252357721328735
441679940,Std-XY p=20,0,spsa,sequential,3,random_shared_stream,1,120,5,40,7.609171390533447,19,0.5816691517829895,0.09196996688842773,0.008120136335492134,0.007697212044149637,0.00837389100342989,0.4251809726551611,0.02,0.2473146617412567,9.497406482696533
441679940,Std-XY p=20,0,spsa,sequential,3,random_shared_stream,5,120,5,40,7.6070475578308105,27,0.47988077998161316,0.07587581127882004,0.005742745939642191,0.0056995670311152935,0.005757139064371586,0.36177409728124205,0.016999416915812672,0.1736084222793579,9.598006248474121
441679940,Std-XY p=20,0,spsa,sequential,3,random_shared_stream,10,120,5,40,7.6070475578308105,37,1.445480465888977,0.22855053842067719,0.0517129972577095,0.05014593154191971,0.05223534256219864,0.3097628028709998,0.015850026609609436,0.25,9.7184739112854
441679940,Std-XY p=20,0,spsa,sequential,3,random_shared_stream,15,120,5,40,7.605793476104736,47,1.335332989692688,0.21113470196723938,0.043574851006269455,0.04413207620382309,0.042794741690158844,0.2738335982260886,0.015214047873475552,0.25,9.836971998214722
441679940,Std-XY p=20,0,spsa,sequential,3,random_shared_stream,20,120,5,40,7.605607032775879,57,0.5236375331878662,0.08279436081647873,0.006700670812278986,0.006786356680095196,0.005758121144026518,0.247210795564701,0.014778350620464044,0.12944884598255157,9.957776069641113
441679940,Std-XY p=20,0,spsa,sequential,3,random_shared_stream,25,120,5,40,7.605107307434082,67,0.40094926953315735,0.06339564174413681,0.004008959978818893,0.003657296998426318,0.0038582473061978817,0.2265219446454471,0.014449008773880907,0.09082379937171936,10.077876091003418
441679940,Std-XY p=20,0,spsa,sequential,3,random_shared_stream,30,120,5,40,7.602020740509033,77,0.7707743048667908,0.12187011539936066,0.014703802764415741,0.014852325432002544,0.014258232899010181,0.2098802855353326,0.014185372641231635,0.16177032887935638,10.197672367095947
441679940,Std-XY p=20,0,spsa,sequential,3,random_shared_stream,35,120,5,40,7.602020740509033,87,0.9506493806838989,0.15031085908412933,0.02236742153763771,0.02236742153763771,0.02236742153763771,0.1961393847686298,0.013966227856027484,0.18645977973937988,10.31325650215149
441679940,Std-XY p=20,0,spsa,sequential,3,random_shared_stream,40,120,5,40,7.601190567016602,97,0.6596618890762329,0.10430171340703964,0.010443693026900291,0.010770058259367943,0.009899749420583248,0.18455835318624217,0.013779134410346052,0.12174610793590546,10.43531060218811
441679940,Std-XY p=20,0,spsa,sequential,3,random_shared_stream,45,120,5,40,7.601190567016602,107,1.619056224822998,0.2559952735900879,0.06536974012851715,0.06487824767827988,0.0655335783958435,0.17463490652675526,0.013616187769422706,0.25,10.556544780731201
441679940,Std-XY p=20,0,spsa,sequential,3,random_shared_stream,50,120,5,40,7.601190567016602,117,0.14841561019420624,0.0234665684401989,0.0005493031931109726,0.0005286526866257191,0.0005451730685308576,0.16601522644071678,0.013472060523173781,0.024639250710606575,10.676251888275146
441679940,Std-XY p=20,0,spsa,sequential,3,random_shared_stream,55,120,5,40,7.601190567016602,127,0.6553447246551514,0.10361911356449127,0.010710076428949833,0.010629549622535706,0.010307442396879196,0.15844213576445373,0.01334299625175472,0.10383422672748566,10.796396255493164
441679940,Std-XY p=20,0,spsa,sequential,3,random_shared_stream,60,120,5,40,7.601190567016602,137,0.8747794032096863,0.13831476867198944,0.017935289070010185,0.01893966645002365,0.016070019453763962,0.1517237458651563,0.013226249755755135,0.1327248066663742,10.91756796836853
441679940,Std-XY p=20,0,spsa,sequential,3,random_shared_stream,65,120,5,40,7.601190567016602,147,0.9201527833938599,0.1454889327287674,0.020955359563231468,0.017780305817723274,0.02032035030424595,0.1457136720128663,0.01311975565249048,0.13407884538173676,11.035871028900146
441679940,Std-XY p=20,0,spsa,sequential,3,random_shared_stream,70,120,5,40,7.601190567016602,157,1.271791696548462,0.20108790695667267,0.04033526033163071,0.03679708018898964,0.03881889954209328,0.14029809691806763,0.013021922119457682,0.17842994630336761,11.156713962554932
441679940,Std-XY p=20,0,spsa,sequential,3,random_shared_stream,75,120,5,40,7.601190567016602,167,0.7579396963119507,0.11984079331159592,0.013787341304123402,0.014218196272850037,0.01306925155222416,0.13538705117787683,0.01293149713891721,0.10261522233486176,11.27893614768982
441679940,Std-XY p=20,0,spsa,sequential,3,random_shared_stream,80,120,5,40,7.601190567016602,177,0.35163652896881104,0.05559862405061722,0.003060294548049569,0.003060294548049569,0.003060294548049569,0.13090837959532914,0.012847478719003411,0.046032171696424484,11.400506496429443
441679940,Std-XY p=20,0,spsa,sequential,3,random_shared_stream,85,120,5,40,7.601190567016602,187,0.6792510151863098,0.10739900916814804,0.011419202201068401,0.009689019992947578,0.007382110692560673,0.12680346909656626,0.012769052840860788,0.08613138645887375,11.522546768188477
441679940,Std-XY p=20,0,spsa,sequential,3,random_shared_stream,90,120,5,40,7.601190567016602,197,1.0005457401275635,0.15820017457008362,0.024964729323983192,0.024026203900575638,0.024777023121714592,0.12302416209735201,0.01269554947299621,0.12309130281209946,11.641302108764648
441679940,Std-XY p=20,0,spsa,sequential,3,random_shared_stream,95,120,5,40,7.601190567016602,207,1.1591254472732544,0.18327383697032928,0.028215009719133377,0.028215009719133377,0.028215009719133377,0.11953048592123906,0.012626410699612943,0.13855083286762238,11.761975288391113
441679940,Std-XY p=20,0,spsa,sequential,3,random_shared_stream,100,120,5,40,7.601190567016602,217,1.716627836227417,0.27142268419265747,0.07367027550935745,0.07072346657514572,0.07072346657514572,0.11628895544942457,0.012561167176266359,0.19962485134601593,11.88154411315918
441679940,Std-XY p=20,0,spsa,sequential,3,random_shared_stream,105,120,5,40,7.601190567016602,227,0.046927765011787415,0.007419930305331945,5.491773481480777e-05,5.4504820582224056e-05,5.2853167289868e-05,0.11327128579541505,0.01249942043693397,0.005315568298101425,12.003448009490967
441679940,Std-XY p=20,0,spsa,sequential,3,random_shared_stream,110,120,5,40,7.601190567016602,237,0.485911101102829,0.07682929188013077,0.005843712482601404,0.00566663034260273,0.0059027401730418205,0.11045340309403047,0.012440829393713411,0.05367053300142288,12.12330961227417
441679940,Std-XY p=20,0,spsa,sequential,3,random_shared_stream,115,120,5,40,7.601190567016602,247,1.6993926763534546,0.268697589635849,0.07057392597198486,0.06931045651435852,0.07147640734910965,0.10781467527065156,0.012385099893453082,0.18321949243545532,12.240148544311523
441679940,Std-XY p=20,0,spsa,sequential,3,random_shared_stream,120,120,5,40,7.601190567016602,257,1.9156813621520996,0.30289584398269653,0.07706653326749802,0.08807604014873505,0.058717358857393265,0.1053373073376967,0.012331976538504544,0.20179271697998047,12.360027313232422
441679940,Std-XY p=20,0,spsa,sequential,4,continuation,1,120,5,40,1.6511831283569336,19,3.7687108516693115,0.5958855152130127,0.3541918694972992,0.3550795614719391,0.3515287935733795,0.007838449784370418,0.02,0.02954084984958172,12.60366439819336
441679940,Std-XY p=20,0,spsa,sequential,4,continuation,5,120,5,40,1.6511831283569336,27,137.9659881591797,21.81433868408203,465.15838623046875,433.0375061035156,475.86541748046875,0.006669508461576574,0.016999416915812672,0.25,12.700608015060425
441679940,Std-XY p=20,0,spsa,sequential,4,continuation,10,120,5,40,1.6511831283569336,37,365.9330749511719,57.859100341796875,3314.19873046875,3314.19873046875,3314.19873046875,0.005710651067491254,0.015850026609609436,0.25,12.819879293441772
441679940,Std-XY p=20,0,spsa,sequential,4,continuation,15,120,5,40,1.6511831283569336,47,816.6066284179688,129.11685180664062,16629.48046875,15170.7548828125,16004.3125,0.00504827602130141,0.015214047873475552,0.25,12.939772605895996
441679940,Std-XY p=20,0,spsa,sequential,4,continuation,20,120,5,40,1.6511831283569336,57,148.0769500732422,23.41301918029785,535.8356323242188,526.2427368164062,542.687744140625,0.004557469717159152,0.014778350620464044,0.25,13.060657978057861
441679940,Std-XY p=20,0,spsa,sequential,4,continuation,25,120,5,40,1.6511831283569336,67,311.2062072753906,49.206024169921875,2397.020751953125,2397.020751953125,2397.0205078125,0.004176059142706135,0.014449008773880907,0.25,13.179530143737793
441679940,Std-XY p=20,0,spsa,sequential,4,continuation,30,120,5,40,1.6511831283569336,77,12.414665222167969,1.9629309177398682,3.5063183307647705,3.6989734172821045,3.2366020679473877,0.003869260819985709,0.014185372641231635,0.048035573214292526,13.30025315284729
441679940,Std-XY p=20,0,spsa,sequential,4,continuation,35,120,5,40,1.6511831283569336,87,64.30664825439453,10.167774200439453,101.0574951171875,102.34979248046875,99.24828338623047,0.0036159396048353505,0.013966227856027484,0.232528954744339,13.420505285263062
441679940,Std-XY p=20,0,spsa,sequential,4,continuation,40,120,5,40,1.6511831283569336,97,150.486083984375,23.7939395904541,560.4900512695312,543.5054931640625,566.1515502929688,0.0034024367899213406,0.013779134410346052,0.25,13.543898344039917
441679940,Std-XY p=20,0,spsa,sequential,4,continuation,45,120,5,40,1.6511831283569336,107,640.833740234375,101.32470703125,10164.029296875,9342.693359375,10164.0302734375,0.0032194924830712015,0.013616187769422706,0.25,13.666298866271973
441679940,Std-XY p=20,0,spsa,sequential,4,continuation,50,120,5,40,1.6511831283569336,117,14.780000686645508,2.336923360824585,5.4475579261779785,5.242762088775635,5.406599044799805,0.0030605838444982612,0.013472060523173781,0.04523543268442154,13.78520154953003
441679940,Std-XY p=20,0,spsa,sequential,4,continuation,55,120,5,40,1.6511831283569336,127,102.85014343261719,16.26203727722168,264.45379638671875,264.45379638671875,264.45379638671875,0.0029209696688975197,0.01334299625175472,0.25,13.906404495239258
441679940,Std-XY p=20,0,spsa,sequential,4,continuation,60,120,5,40,1.6511831283569336,137,488.6453857421875,77.2616195678711,5238.111328125,5909.66455078125,3820.38916015625,0.002797112381661444,0.013226249755755135,0.25,14.028031349182129
441679940,Std-XY p=20,0,spsa,sequential,4,continuation,65,120,5,40,1.6511831283569336,147,744.1410522460938,117.6590347290039,13843.646484375,13705.2109375,13705.212890625,0.002686313298162144,0.01311975565249048,0.25,14.148640394210815
441679940,Std-XY p=20,0,spsa,sequential,4,continuation,70,120,5,40,1.6511831283569336,157,474.79791259765625,75.0721435546875,5579.46875,5579.46875,5128.6025390625,0.002586474132808677,0.013021922119457682,0.25,14.267796039581299
441679940,Std-XY p=20,0,spsa,sequential,4,continuation,75,120,5,40,1.6511831283569336,167,580.974853515625,91.86019134521484,8353.912109375,7678.8486328125,8353.912109375,0.0024959362491803498,0.01293149713891721,0.25,14.390338897705078
441679940,Std-XY p=20,0,spsa,sequential,4,continuation,80,120,5,40,1.6511831283569336,177,288.80169677734375,45.66355895996094,1897.496337890625,2064.30908203125,1063.431884765625,0.0024133694257374785,0.012847478719003411,0.25,14.511636972427368
441679940,Std-XY p=20,0,spsa,sequential,4,continuation,85,120,5,40,1.6511831283569336,187,58.11445999145508,9.188702583312988,84.43225860595703,84.43226623535156,84.43225860595703,0.0023376930975778365,0.012769052840860788,0.13585376739501953,14.631870031356812
441679940,Std-XY p=20,0,spsa,sequential,4,continuation,90,120,5,40,1.6511831283569336,197,24.14873695373535,3.8182506561279297,14.251009941101074,14.433248519897461,13.995877265930176,0.0022680194526165727,0.01269554947299621,0.05476980283856392,14.751885414123535
441679940,Std-XY p=20,0,spsa,sequential,4,continuation,95,120,5,40,1.6511831283569336,207,1.22325599193573,0.19341377913951874,0.03740888088941574,0.03703479468822479,0.037034790962934494,0.0022036115721361755,0.012626410699612943,0.0026955814100801945,14.873710870742798
441679940,Std-XY p=20,0,spsa,sequential,4,continuation,100,120,5,40,1.6511831283569336,217,69.81645202636719,11.03895092010498,106.93074798583984,110.89115905761719,102.36106872558594,0.002143852139184241,0.012561167176266359,0.1496761441230774,14.994529962539673
441679940,Std-XY p=20,0,spsa,sequential,4,continuation,105,120,5,40,1.6511831283569336,227,59.93375015258789,9.476358413696289,89.80136108398438,88.9033432006836,88.9033432006836,0.0020882197060086475,0.01249942043693397,0.12515483796596527,15.115656614303589
441679940,Std-XY p=20,0,spsa,sequential,4,continuation,110,120,5,40,1.6511831283569336,237,167.65895080566406,26.50921058654785,695.7107543945312,695.7107543945312,695.7107543945312,0.0020362704573978372,0.012440829393713411,0.25,15.234708547592163
441679940,Std-XY p=20,0,spsa,sequential,4,continuation,115,120,5,40,1.6511831283569336,247,30.676362991333008,4.850358963012695,22.055606842041016,21.408641815185547,22.584941864013672,0.001987624029480302,0.012385099893453082,0.06097307428717613,15.3556489944458
441679940,Std-XY p=20,0,spsa,sequential,4,continuation,120,120,5,40,1.6511831283569336,257,8.142165184020996,1.2873893976211548,1.5537856817245483,1.392192006111145,1.6407976150512695,0.0019419523616758599,0.012331976538504544,0.015811696648597717,15.477350234985352
441679940,Std-XY p=26,0,spsa,sequential,0,deterministic_linear_ramp,1,120,5,52,12.314679145812988,19,838.4149169921875,116.2672348022461,13498.0712890625,13198.1142578125,13438.0791015625,0.0016597816180122878,0.02,0.25,0.29348039627075195
441679940,Std-XY p=26,0,spsa,sequential,0,deterministic_linear_ramp,5,120,5,52,9.509235382080078,27,22.231412887573242,3.082942247390747,9.279572486877441,8.09853744506836,9.448293685913086,0.0014122598026685377,0.016999416915812672,0.0313965305685997,0.41756486892700195
441679940,Std-XY p=26,0,spsa,sequential,0,deterministic_linear_ramp,10,120,5,52,8.193049430847168,37,12.559803009033203,1.7417312860488892,3.0156774520874023,2.8720736503601074,3.0156774520874023,0.0012092229878928203,0.015850026609609436,0.015187602490186691,0.5686149597167969
441679940,Std-XY p=26,0,spsa,sequential,0,deterministic_linear_ramp,15,120,5,52,7.942397594451904,47,33.88664245605469,4.6992316246032715,22.082775115966797,21.56010627746582,21.56010627746582,0.001068965927359231,0.015214047873475552,0.03622366487979889,0.7194442749023438
441679940,Std-XY p=26,0,spsa,sequential,0,deterministic_linear_ramp,20,120,5,52,7.850291728973389,57,54.28351974487305,7.527770042419434,55.91286849975586,55.326072692871094,56.33200454711914,0.0009650383263628946,0.014778350620464044,0.05238567665219307,0.8705298900604248
441679940,Std-XY p=26,0,spsa,sequential,0,deterministic_linear_ramp,25,120,5,52,7.766665458679199,67,6.823018550872803,0.9461824297904968,0.8899637460708618,0.8899637460708618,0.8475844860076904,0.0008842751298371072,0.014449008773880907,0.006033425685018301,1.0211436748504639
441679940,Std-XY p=26,0,spsa,sequential,0,deterministic_linear_ramp,30,120,5,52,7.680441379547119,77,41.70682144165039,5.783696174621582,33.00578308105469,31.669715881347656,33.45113754272461,0.0008193109812494964,0.014185372641231635,0.03417085483670235,1.1718714237213135
441679940,Std-XY p=26,0,spsa,sequential,0,deterministic_linear_ramp,35,120,5,52,7.638782024383545,87,1.4954346418380737,0.20737949013710022,0.041415777057409286,0.04071597382426262,0.041988350450992584,0.0007656705411209549,0.013966227856027484,0.0011450102319940925,1.3219482898712158
441679940,Std-XY p=26,0,spsa,sequential,0,deterministic_linear_ramp,40,120,5,52,7.523352146148682,97,20.484071731567383,2.8406295776367188,8.05724048614502,8.021430015563965,8.06917667388916,0.0007204615958146074,0.013779134410346052,0.01475798711180687,1.4728209972381592
441679940,Std-XY p=26,0,spsa,sequential,0,deterministic_linear_ramp,45,120,5,52,7.523115158081055,107,39.5172004699707,5.480050086975098,27.854143142700195,25.58849334716797,29.320152282714844,0.0006817233751226381,0.013616187769422706,0.026939798146486282,1.623434066772461
441679940,Std-XY p=26,0,spsa,sequential,0,deterministic_linear_ramp,50,120,5,52,7.486545562744141,117,5.647934913635254,0.7832277417182922,0.6125380992889404,0.6098157167434692,0.6134456396102905,0.0006480746761448581,0.013472060523173781,0.00366028374992311,1.7737205028533936
441679940,Std-XY p=26,0,spsa,sequential,0,deterministic_linear_ramp,55,120,5,52,7.371395587921143,127,57.354366302490234,7.953619480133057,62.41783905029297,57.270938873291016,62.8857421875,0.0006185115547814847,0.01334299625175472,0.03547433763742447,1.924964189529419
441679940,Std-XY p=26,0,spsa,sequential,0,deterministic_linear_ramp,60,120,5,52,7.3334455490112305,137,72.43779754638672,10.045315742492676,100.75907135009766,98.51997375488281,95.53453063964844,0.0005922849341783627,0.013226249755755135,0.04290381446480751,2.0753815174102783
441679940,Std-XY p=26,0,spsa,sequential,0,deterministic_linear_ramp,65,120,5,52,7.27488899230957,147,2.8089208602905273,0.38952726125717163,0.1436510980129242,0.1517314612865448,0.1194099634885788,0.0005688233713510495,0.01311975565249048,0.0015977798029780388,2.2267959117889404
441679940,Std-XY p=26,0,spsa,sequential,0,deterministic_linear_ramp,70,120,5,52,7.270552158355713,157,53.083255767822266,7.36132287979126,54.10891342163086,54.18907928466797,53.868431091308594,0.0005476825570357245,0.013021922119457682,0.029072774574160576,2.373945713043213
441679940,Std-XY p=26,0,spsa,sequential,0,deterministic_linear_ramp,75,120,5,52,7.187896728515625,167,5.01346492767334,0.6952425241470337,0.4833620488643646,0.47192156314849854,0.47192156314849854,0.0005285112771125347,0.01293149713891721,0.0026496725622564554,2.521987199783325
441679940,Std-XY p=26,0,spsa,sequential,0,deterministic_linear_ramp,80,120,5,52,7.126797676086426,177,117.03224182128906,16.22945213317871,263.3951416015625,249.36814880371094,249.36814880371094,0.0005110278588885126,0.012847478719003411,0.059806738048791885,2.6699469089508057
441679940,Std-XY p=26,0,spsa,sequential,0,deterministic_linear_ramp,85,120,5,52,7.096951007843018,187,44.750144958496094,6.205728530883789,37.59955978393555,38.51106262207031,34.865047454833984,0.0004950034941412262,0.012769052840860788,0.02215147763490677,2.821817398071289
441679940,Std-XY p=26,0,spsa,sequential,0,deterministic_linear_ramp,90,120,5,52,7.096951007843018,197,8.441685676574707,1.1706513166427612,1.3197429180145264,1.3379881381988525,1.297443151473999,0.00048025018980837094,0.01269554947299621,0.00405412120744586,2.972339630126953
441679940,Std-XY p=26,0,spsa,sequential,0,deterministic_linear_ramp,95,120,5,52,7.096951007843018,207,31.321638107299805,4.34352970123291,18.838340759277344,17.080097198486328,16.07538604736328,0.0004666119043032886,0.012626410699612943,0.01461504865437746,3.1240196228027344
441679940,Std-XY p=26,0,spsa,sequential,0,deterministic_linear_ramp,100,120,5,52,6.8982720375061035,217,95.88697052001953,13.297130584716797,170.27467346191406,160.0738983154297,175.76742553710938,0.0004539579215586092,0.012561167176266359,0.04352864250540733,3.2750401496887207
441679940,Std-XY p=26,0,spsa,sequential,0,deterministic_linear_ramp,105,120,5,52,6.8982720375061035,227,1.7700955867767334,0.2454681098461151,0.05704576149582863,0.059898052364587784,0.05134117975831032,0.0004421778256863023,0.01249942043693397,0.0007826969958841801,3.4255220890045166
441679940,Std-XY p=26,0,spsa,sequential,0,deterministic_linear_ramp,110,120,5,52,6.8982720375061035,237,17.93149757385254,2.4866511821746826,6.101109981536865,6.037080764770508,6.146845817565918,0.0004311776393885344,0.012440829393713411,0.007731660269200802,3.575977087020874
441679940,Std-XY p=26,0,spsa,sequential,0,deterministic_linear_ramp,115,120,5,52,6.871778964996338,247,65.9450912475586,9.144938468933105,83.13504791259766,83.13504791259766,83.13504791259766,0.00042087682110677647,0.012385099893453082,0.027754757553339005,3.7272543907165527
441679940,Std-XY p=26,0,spsa,sequential,0,deterministic_linear_ramp,120,120,5,52,6.811721324920654,257,73.44876861572266,10.185511589050293,102.36344146728516,101.28915405273438,103.13076782226562,0.00041120590443688475,0.012331976538504544,0.03020256571471691,3.8793773651123047
441679940,Std-XY p=26,0,spsa,sequential,1,random_shared_stream,1,120,5,52,7.602738380432129,19,0.8883420825004578,0.12319088727235794,0.014367804862558842,0.013739213347434998,0.014816799201071262,0.3336259374967997,0.02,0.25,4.201937675476074
441679940,Std-XY p=26,0,spsa,sequential,1,random_shared_stream,5,120,5,52,7.602738380432129,27,1.8970167636871338,0.26306888461112976,0.06828386336565018,0.06920523941516876,0.06551975011825562,0.28387258633373297,0.016999416915812672,0.25,4.326889991760254
441679940,Std-XY p=26,0,spsa,sequential,1,random_shared_stream,10,120,5,52,7.602738380432129,37,1.7990922927856445,0.2494892030954361,0.061416156589984894,0.06077161058783531,0.06187655031681061,0.24306098380674845,0.015850026609609436,0.25,4.478939533233643
441679940,Std-XY p=26,0,spsa,sequential,1,random_shared_stream,15,120,5,52,7.602738380432129,47,1.018964409828186,0.14130495488643646,0.01970125362277031,0.01890375092625618,0.019967086613178253,0.2148684837794842,0.015214047873475552,0.21894334256649017,4.629120349884033
441679940,Std-XY p=26,0,spsa,sequential,1,random_shared_stream,20,120,5,52,7.602738380432129,57,0.923595130443573,0.1280796080827713,0.015530776232481003,0.01485130563378334,0.016016114503145218,0.19397842032901685,0.014778350620464044,0.17915751039981842,4.779837608337402
441679940,Std-XY p=26,0,spsa,sequential,1,random_shared_stream,25,120,5,52,7.602738380432129,67,0.024035606533288956,0.003333139233291149,1.0961903171846643e-05,1.1109816114185378e-05,1.0518168892303947e-05,0.17774453939929405,0.014449008773880907,0.004272197838872671,4.9311769008636475
441679940,Std-XY p=26,0,spsa,sequential,1,random_shared_stream,30,120,5,52,7.602738380432129,77,0.2828797399997711,0.03922836109995842,0.001536587835289538,0.0015297586796805263,0.0015024413587525487,0.16468636069613493,0.014185372641231635,0.04658643528819084,5.081397294998169
441679940,Std-XY p=26,0,spsa,sequential,1,random_shared_stream,35,120,5,52,7.599925518035889,87,1.6984286308288574,0.23552969098091125,0.054161231964826584,0.055145978927612305,0.047267988324165344,0.15390431447305575,0.013966227856027484,0.25,5.232452630996704
441679940,Std-XY p=26,0,spsa,sequential,1,random_shared_stream,40,120,5,52,7.599925518035889,97,0.13063709437847137,0.01811610534787178,0.00032382382778450847,0.0002971217327285558,0.0003262513200752437,0.1448170486560415,0.013779134410346052,0.01891847886145115,5.3841376304626465
441679940,Std-XY p=26,0,spsa,sequential,1,random_shared_stream,45,120,5,52,7.599925518035889,107,1.5352675914764404,0.21290332078933716,0.04472434148192406,0.04103642702102661,0.045059602707624435,0.13703043681803734,0.013616187769422706,0.21037837862968445,5.535285711288452
441679940,Std-XY p=26,0,spsa,sequential,1,random_shared_stream,50,120,5,52,7.599925518035889,117,0.5617690086364746,0.07790334522724152,0.006068930961191654,0.006033020559698343,0.006033020094037056,0.130266848994084,0.013472060523173781,0.07317987084388733,5.685740947723389
441679940,Std-XY p=26,0,spsa,sequential,1,random_shared_stream,55,120,5,52,7.599925518035889,127,1.4302481412887573,0.19833974540233612,0.03928045555949211,0.03910587355494499,0.039338648319244385,0.12432448647292366,0.01334299625175472,0.17781487107276917,5.836649656295776
441679940,Std-XY p=26,0,spsa,sequential,1,random_shared_stream,60,120,5,52,7.599925518035889,137,0.6782801151275635,0.09406052529811859,0.00884738378226757,0.008637976832687855,0.00863797776401043,0.11905278036946161,0.013226249755755135,0.08075113594532013,5.987074136734009
441679940,Std-XY p=26,0,spsa,sequential,1,random_shared_stream,65,120,5,52,7.599925518035889,147,0.16210100054740906,0.022479364648461342,0.0005053217755630612,0.0004933615564368665,0.0004933615564368665,0.11433686725868966,0.01311975565249048,0.01853412203490734,6.137688875198364
441679940,Std-XY p=26,0,spsa,sequential,1,random_shared_stream,70,120,5,52,7.599925518035889,157,0.6949964165687561,0.09637866169214249,0.009275105781853199,0.009068991988897324,0.00879417359828949,0.11008743834656405,0.013021922119457682,0.07651037722826004,6.284789800643921
441679940,Std-XY p=26,0,spsa,sequential,1,random_shared_stream,75,120,5,52,7.599925518035889,167,1.2803221940994263,0.17754875123500824,0.030357740819454193,0.028539074584841728,0.03133702650666237,0.10623389751445896,0.01293149713891721,0.13601361215114594,6.425648212432861
441679940,Std-XY p=26,0,spsa,sequential,1,random_shared_stream,80,120,5,52,7.599925518035889,177,0.8761253356933594,0.12149672955274582,0.014215540140867233,0.01441206969320774,0.01397534180432558,0.10271962688250476,0.012847478719003411,0.08999526500701904,6.570423603057861
441679940,Std-XY p=26,0,spsa,sequential,1,random_shared_stream,85,120,5,52,7.599925518035889,187,1.776611566543579,0.24637171626091003,0.06060922518372536,0.060339853167533875,0.060699012130498886,0.09949863464256993,0.012769052840860788,0.1767704337835312,6.725456476211548
441679940,Std-XY p=26,0,spsa,sequential,1,random_shared_stream,90,120,5,52,7.599925518035889,197,2.1991231441497803,0.30496349930763245,0.09286515414714813,0.09080148488283157,0.08804992586374283,0.09653313307549088,0.01269554947299621,0.2122882455587387,6.878739833831787
441679940,Std-XY p=26,0,spsa,sequential,1,random_shared_stream,95,120,5,52,7.599925518035889,207,0.03199851140379906,0.004437395371496677,1.8962276953971013e-05,1.864186742750462e-05,1.9224426068831235e-05,0.09379175689798434,0.012626410699612943,0.003001196775585413,7.033366680145264
441679940,Std-XY p=26,0,spsa,sequential,1,random_shared_stream,100,120,5,52,7.599925518035889,217,0.9352403283119202,0.12969449162483215,0.016721131280064583,0.016721131280064583,0.016721131280064583,0.09124823140616828,0.012561167176266359,0.0853390172123909,7.184882640838623
441679940,Std-XY p=26,0,spsa,sequential,1,random_shared_stream,105,120,5,52,7.599925518035889,227,0.21842503547668457,0.03029010444879532,0.0009161331108771265,0.0008957745740190148,0.0008686299552209675,0.08888036235246276,0.01249942043693397,0.019413694739341736,7.335025787353516
441679940,Std-XY p=26,0,spsa,sequential,1,random_shared_stream,110,120,5,52,7.599925518035889,237,0.20604878664016724,0.02857382595539093,0.0007572820177301764,0.0007729832432232797,0.0007391651743091643,0.08666925974329703,0.012440829393713411,0.017858097329735756,7.492915153503418
441679940,Std-XY p=26,0,spsa,sequential,1,random_shared_stream,115,120,5,52,7.599925518035889,247,1.5755714178085327,0.21849246323108673,0.04766833409667015,0.04745647683739662,0.04660903662443161,0.0845987342482917,0.012385099893453082,0.1332913488149643,7.645088195800781
441679940,Std-XY p=26,0,spsa,sequential,1,random_shared_stream,120,120,5,52,7.599925518035889,257,2.428746461868286,0.3368065357208252,0.11276741325855255,0.11276740580797195,0.11276740580797195,0.08265482270870615,0.012331976538504544,0.20074762403964996,7.800962924957275
441679940,Std-XY p=26,0,spsa,sequential,2,random_shared_stream,1,120,5,52,7.605437755584717,19,0.9799786806106567,0.13589859008789062,0.018441107124090195,0.018359147012233734,0.018468428403139114,0.5852551235762998,0.02,0.25,8.123316287994385
441679940,Std-XY p=26,0,spsa,sequential,2,random_shared_stream,5,120,5,52,7.605437755584717,27,0.05785005912184715,0.008022359572350979,6.42630475340411e-05,6.28349807811901e-05,6.397742981789634e-05,0.49797652676889503,0.016999416915812672,0.028807971626520157,8.248546838760376
441679940,Std-XY p=26,0,spsa,sequential,2,random_shared_stream,10,120,5,52,7.605437755584717,37,0.519899308681488,0.0720970556139946,0.005167228169739246,0.005197986029088497,0.005074956454336643,0.42638377334124433,0.015850026609609436,0.22167660295963287,8.39887809753418
441679940,Std-XY p=26,0,spsa,sequential,2,random_shared_stream,15,120,5,52,7.605437755584717,47,0.6898943781852722,0.095671147108078,0.009031107649207115,0.008286412805318832,0.009098807349801064,0.37692777117552645,0.015214047873475552,0.25,8.55665135383606
441679940,Std-XY p=26,0,spsa,sequential,2,random_shared_stream,20,120,5,52,7.605437755584717,57,0.1601952761411667,0.022215090692043304,0.0004927801201120019,0.00042050567572005093,0.00044678730773739517,0.3402818893896198,0.014778350620464044,0.054511554539203644,8.705024242401123
441679940,Std-XY p=26,0,spsa,sequential,2,random_shared_stream,25,120,5,52,7.604777812957764,67,0.10066398233175278,0.013959582895040512,0.00018766320135910064,0.00015335918578784913,0.00019371685630176216,0.31180400166622,0.014449008773880907,0.03138742968440056,8.864180326461792
441679940,Std-XY p=26,0,spsa,sequential,2,random_shared_stream,30,120,5,52,7.604777812957764,77,0.21428079903125763,0.02971540205180645,0.0008621055167168379,0.0007994069019332528,0.0008830049773678184,0.28889701173630156,0.014185372641231635,0.06190508231520653,9.015426874160767
441679940,Std-XY p=26,0,spsa,sequential,2,random_shared_stream,35,120,5,52,7.604777812957764,87,0.2301994413137436,0.03192291781306267,0.0010055050952360034,0.0009648025734350085,0.0010190727189183235,0.2699828714208349,0.013966227856027484,0.06214990094304085,9.171400547027588
441679940,Std-XY p=26,0,spsa,sequential,2,random_shared_stream,40,120,5,52,7.601415157318115,97,2.4172232151031494,0.335208535194397,0.11086878180503845,0.10638083517551422,0.112364761531353,0.2540417580931027,0.013779134410346052,0.25,9.324203729629517
441679940,Std-XY p=26,0,spsa,sequential,2,random_shared_stream,45,120,5,52,7.597809791564941,107,2.200310230255127,0.30512815713882446,0.09186363965272903,0.09255226701498032,0.09089954197406769,0.2403822851286078,0.013616187769422706,0.25,9.48466181755066
441679940,Std-XY p=26,0,spsa,sequential,2,random_shared_stream,50,120,5,52,7.597809791564941,117,0.19040422141551971,0.02640431560575962,0.0006879057036712766,0.000680686323903501,0.0006930623785592616,0.22851742696611876,0.013472060523173781,0.04351068288087845,9.635906457901001
441679940,Std-XY p=26,0,spsa,sequential,2,random_shared_stream,55,120,5,52,7.597809791564941,127,0.15990430116653442,0.022174740210175514,0.0004655327647924423,0.0004800806927960366,0.0004451657005120069,0.21809318316256188,0.01334299625175472,0.03487404063344002,9.79465937614441
441679940,Std-XY p=26,0,spsa,sequential,2,random_shared_stream,60,120,5,52,7.597809791564941,137,1.142599105834961,0.15844999253749847,0.0251064021140337,0.024512168020009995,0.024512164294719696,0.2088454219417509,0.013226249755755135,0.2386265993118286,9.948226928710938
441679940,Std-XY p=26,0,spsa,sequential,2,random_shared_stream,65,120,5,52,7.597809791564941,147,0.5338718295097351,0.07403470575809479,0.005448704585433006,0.005351406522095203,0.004962213337421417,0.20057264695570412,0.01311975565249048,0.10708008706569672,10.104255437850952
441679940,Std-XY p=26,0,spsa,sequential,2,random_shared_stream,70,120,5,52,7.597809791564941,157,1.0766898393630981,0.14931002259254456,0.02229348197579384,0.021765826269984245,0.021765828132629395,0.19311819044145714,0.013021922119457682,0.2079283893108368,10.254555463790894
441679940,Std-XY p=26,0,spsa,sequential,2,random_shared_stream,75,120,5,52,7.597809791564941,167,0.2535383403301239,0.03515944629907608,0.0012361864792183042,0.0012361862463876605,0.0012361864792183042,0.18635821088824384,0.01293149713891721,0.0472489558160305,10.413844347000122
441679940,Std-XY p=26,0,spsa,sequential,2,random_shared_stream,80,120,5,52,7.597809791564941,177,1.396019458770752,0.1935930699110031,0.03747827187180519,0.03659121319651604,0.036591216921806335,0.18019338776802513,0.012847478719003411,0.25,10.574776411056519
441679940,Std-XY p=26,0,spsa,sequential,2,random_shared_stream,85,120,5,52,7.597809791564941,187,2.942483425140381,0.4080490469932556,0.16650401055812836,0.16551877558231354,0.16551877558231354,0.17454304107866003,0.012769052840860788,0.25,10.727195978164673
441679940,Std-XY p=26,0,spsa,sequential,2,random_shared_stream,90,120,5,52,7.597809791564941,197,1.089608073234558,0.15110145509243011,0.02269655279815197,0.02269655279815197,0.02269655279815197,0.16934088263999486,0.01269554947299621,0.18451519310474396,10.882764339447021
441679940,Std-XY p=26,0,spsa,sequential,2,random_shared_stream,95,120,5,52,7.597809791564941,207,0.6411956548690796,0.08891783654689789,0.007613986264914274,0.0071578482165932655,0.007859598845243454,0.16453189067260293,0.012626410699612943,0.10549712926149368,11.030969619750977
441679940,Std-XY p=26,0,spsa,sequential,2,random_shared_stream,100,120,5,52,7.597809791564941,217,0.391998827457428,0.05436046048998833,0.0028851169627159834,0.002955059288069606,0.0026752902194857597,0.1600699734212005,0.012561167176266359,0.06274724006652832,11.18453574180603
441679940,Std-XY p=26,0,spsa,sequential,2,random_shared_stream,105,120,5,52,7.597809791564941,227,1.2401260137557983,0.1719745546579361,0.029400240629911423,0.02957524172961712,0.028875235468149185,0.15591619717095853,0.01249942043693397,0.1933557391166687,11.338972330093384
441679940,Std-XY p=26,0,spsa,sequential,2,random_shared_stream,110,120,5,52,7.597809791564941,237,0.0357925109565258,0.004963528830558062,2.460017094563227e-05,2.4636614398332313e-05,2.4490835130563937e-05,0.15203742461365524,0.012440829393713411,0.005441801156848669,11.490272521972656
441679940,Std-XY p=26,0,spsa,sequential,2,random_shared_stream,115,120,5,52,7.597809791564941,247,0.007079659961163998,0.0009817722020670772,9.125459996539576e-07,8.21291337160801e-07,9.581733593222452e-07,0.1484052560132782,0.012385099893453082,0.0010506587568670511,11.64027190208435
441679940,Std-XY p=26,0,spsa,sequential,2,random_shared_stream,120,120,5,52,7.597809791564941,257,0.8617233037948608,0.11949951946735382,0.013942143879830837,0.014280134811997414,0.012928171083331108,0.14499519684084816,0.012331976538504544,0.1249457374215126,11.799762725830078
441679940,Std-XY p=26,0,spsa,sequential,3,random_shared_stream,1,120,5,52,7.60931396484375,19,0.22780205309391022,0.03159046173095703,0.0009920522570610046,0.0009034761460497975,0.0007853746647015214,0.7906508635924504,0.02,0.18011188507080078,12.116013526916504
441679940,Std-XY p=26,0,spsa,sequential,3,random_shared_stream,5,120,5,52,7.609066963195801,27,1.2293137311935425,0.17047515511512756,0.02888980694115162,0.027514107525348663,0.024762693792581558,0.672741775471643,0.016999416915812672,0.25,12.243464708328247
441679940,Std-XY p=26,0,spsa,sequential,3,random_shared_stream,10,120,5,52,7.609066963195801,37,0.6139432191848755,0.08513861149549484,0.007237858604639769,0.007205690257251263,0.007248581387102604,0.5760234896433366,0.015850026609609436,0.25,12.395862817764282
441679940,Std-XY p=26,0,spsa,sequential,3,random_shared_stream,15,120,5,52,7.608118057250977,47,1.3943663835525513,0.19336384534835815,0.03733426332473755,0.03650461137294769,0.03716833144426346,0.5092108651195,0.015214047873475552,0.25,12.55079960823059
441679940,Std-XY p=26,0,spsa,sequential,3,random_shared_stream,20,120,5,52,7.604419231414795,57,0.44533592462539673,0.061756979674100876,0.003813924500718713,0.0034528428222984076,0.0034528428222984076,0.45970408266865553,0.014778350620464044,0.20472271740436554,12.701301336288452
441679940,Std-XY p=26,0,spsa,sequential,3,random_shared_stream,25,120,5,52,7.603331089019775,67,0.47666651010513306,0.06610175222158432,0.004207849968224764,0.004266022704541683,0.00413674907758832,0.4212318581382548,0.014449008773880907,0.20078712701797485,12.858404636383057
441679940,Std-XY p=26,0,spsa,sequential,3,random_shared_stream,30,120,5,52,7.603331089019775,77,0.2368239164352417,0.03284157067537308,0.0010530403815209866,0.0010211300104856491,0.0010721863945946097,0.39028564230724994,0.014185372641231635,0.09242897480726242,13.008829593658447
441679940,Std-XY p=26,0,spsa,sequential,3,random_shared_stream,35,120,5,52,7.603331089019775,87,0.951326847076416,0.1319252997636795,0.017172571271657944,0.016992349177598953,0.017301302403211594,0.36473356976297105,0.013966227856027484,0.25,13.166210412979126
441679940,Std-XY p=26,0,spsa,sequential,3,random_shared_stream,40,120,5,52,7.603331089019775,97,0.35298219323158264,0.04894982650876045,0.002268482930958271,0.002381906844675541,0.0020416344050318003,0.3431979103360555,0.013779134410346052,0.12114275991916656,13.31572437286377
441679940,Std-XY p=26,0,spsa,sequential,3,random_shared_stream,45,120,5,52,7.602056980133057,107,0.4424358904361725,0.06135481968522072,0.00367531506344676,0.0037644135300070047,0.003408019430935383,0.3247446347293403,0.013616187769422706,0.143678680062294,13.474613428115845
441679940,Std-XY p=26,0,spsa,sequential,3,random_shared_stream,50,120,5,52,7.602056980133057,117,1.20559561252594,0.16718602180480957,0.027909819036722183,0.027785776183009148,0.027289599180221558,0.3087157953827491,0.013472060523173781,0.25,13.624550580978394
441679940,Std-XY p=26,0,spsa,sequential,3,random_shared_stream,55,120,5,52,7.600945472717285,127,0.9140703082084656,0.12675873935222626,0.016067776829004288,0.016067776829004288,0.016067776829004288,0.2946331551228625,0.01334299625175472,0.25,13.77910828590393
441679940,Std-XY p=26,0,spsa,sequential,3,random_shared_stream,60,120,5,52,7.600945472717285,137,2.0080626010894775,0.27846819162368774,0.07570915669202805,0.07754453271627426,0.07020303606987,0.28213988492156755,0.013226249755755135,0.25,13.931751012802124
441679940,Std-XY p=26,0,spsa,sequential,3,random_shared_stream,65,120,5,52,7.600831985473633,147,0.7236231565475464,0.10034848004579544,0.010069816373288631,0.010010231286287308,0.010010231286287308,0.2709637731311149,0.01311975565249048,0.1960756480693817,14.089753866195679
441679940,Std-XY p=26,0,spsa,sequential,3,random_shared_stream,70,120,5,52,7.600831985473633,157,2.162489891052246,0.2998833656311035,0.08780152350664139,0.08780152350664139,0.0878015086054802,0.2608931693154896,0.013021922119457682,0.25,14.239671468734741
441679940,Std-XY p=26,0,spsa,sequential,3,random_shared_stream,75,120,5,52,7.600831985473633,167,0.9310587048530579,0.12911461293697357,0.01644863560795784,0.016276013106107712,0.01657194085419178,0.25176076968957056,0.01293149713891721,0.2344040721654892,14.394229412078857
441679940,Std-XY p=26,0,spsa,sequential,3,random_shared_stream,80,120,5,52,7.600831985473633,177,0.18065819144248962,0.025052784010767937,0.0005682202172465622,0.0005682202172465622,0.0005682202172465622,0.24343239710889006,0.012847478719003411,0.04397805780172348,14.545600414276123
441679940,Std-XY p=26,0,spsa,sequential,3,random_shared_stream,85,120,5,52,7.600831985473633,187,1.5531045198440552,0.2153768688440323,0.046387188136577606,0.046112701296806335,0.046112701296806335,0.23579905686191516,0.012769052840860788,0.25,14.706946849822998
441679940,Std-XY p=26,0,spsa,sequential,3,random_shared_stream,90,120,5,52,7.600831985473633,197,0.8159195184707642,0.11314768344163895,0.012783458456397057,0.01272664312273264,0.012802396900951862,0.22877119688020045,0.01269554947299621,0.18665887415409088,14.864089727401733
441679940,Std-XY p=26,0,spsa,sequential,3,random_shared_stream,95,120,5,52,7.600831985473633,207,1.290152668952942,0.1789119839668274,0.029689282178878784,0.028979012742638588,0.03030484914779663,0.22227448544811013,0.012626410699612943,0.25,15.01552152633667
441679940,Std-XY p=26,0,spsa,sequential,3,random_shared_stream,100,120,5,52,7.600831985473633,217,0.03668145462870598,0.005086802877485752,2.5531066057737917e-05,2.5722452846821398e-05,2.52631234616274e-05,0.21624665487305753,0.012561167176266359,0.007932242006063461,15.17591667175293
441679940,Std-XY p=26,0,spsa,sequential,3,random_shared_stream,105,120,5,52,7.600831985473633,227,0.3061801791191101,0.042459554970264435,0.0016321329167112708,0.0017601435538381338,0.0014187822816893458,0.210635107622766,0.01249942043693397,0.06449229270219803,15.328866004943848
441679940,Std-XY p=26,0,spsa,sequential,3,random_shared_stream,110,120,5,52,7.600831985473633,237,0.7614546418190002,0.10559476912021637,0.011001803912222385,0.009500808082520962,0.010886342264711857,0.2053950768249652,0.012440829393713411,0.15639904141426086,15.476524114608765
441679940,Std-XY p=26,0,spsa,sequential,3,random_shared_stream,115,120,5,52,7.600831985473633,247,0.7911173701286316,0.10970824211835861,0.011964678764343262,0.011751024052500725,0.012035896070301533,0.20048819583423927,0.012385099893453082,0.15860968828201294,15.632610082626343
441679940,Std-XY p=26,0,spsa,sequential,3,random_shared_stream,120,120,5,52,7.600831985473633,257,1.4518665075302124,0.20133765041828156,0.03837808221578598,0.03669904172420502,0.03957739844918251,0.195881373747646,0.012331976538504544,0.25,15.785797357559204
441679940,Std-XY p=26,0,spsa,sequential,4,continuation,1,120,5,52,1.65118408203125,19,10.312578201293945,1.430097222328186,2.0421526432037354,2.045178174972534,2.033076524734497,0.009385644236379003,0.02,0.09679018706083298,16.10439682006836
441679940,Std-XY p=26,0,spsa,sequential,4,continuation,5,120,5,52,1.65118408203125,27,264.60302734375,36.693843841552734,1328.51171875,1314.5694580078125,1338.470703125,0.007985971126165092,0.016999416915812672,0.25,16.229342222213745
441679940,Std-XY p=26,0,spsa,sequential,4,continuation,10,120,5,52,1.65118408203125,37,302.7632751464844,41.985713958740234,1760.192626953125,1721.0770263671875,1752.3692626953125,0.006837849415638741,0.015850026609609436,0.25,16.377342224121094
441679940,Std-XY p=26,0,spsa,sequential,4,continuation,15,120,5,52,1.65118408203125,47,103.45692443847656,14.346895217895508,204.61541748046875,194.871826171875,204.61541748046875,0.006044731298458341,0.015214047873475552,0.25,16.53685235977173
441679940,Std-XY p=26,0,spsa,sequential,4,continuation,20,120,5,52,1.65118408203125,57,60.55591583251953,8.397595405578613,70.41527557373047,66.76411437988281,68.85049438476562,0.005457047064155211,0.014778350620464044,0.25,16.687979698181152
441679940,Std-XY p=26,0,spsa,sequential,4,continuation,25,120,5,52,1.65118408203125,67,186.62661743164062,25.880456924438477,665.834716796875,653.9447631835938,606.3851318359375,0.005000351664135309,0.014449008773880907,0.25,16.84097957611084
441679940,Std-XY p=26,0,spsa,sequential,4,continuation,30,120,5,52,1.65118408203125,77,419.6472473144531,58.19460678100586,3306.45556640625,3366.572509765625,3206.260009765625,0.004632995874587058,0.014185372641231635,0.25,16.9938485622406
441679940,Std-XY p=26,0,spsa,sequential,4,continuation,35,120,5,52,1.65118408203125,87,381.54620361328125,52.91093826293945,2203.209716796875,1739.376220703125,2534.51953125,0.004329672785413316,0.013966227856027484,0.25,17.15177035331726
441679940,Std-XY p=26,0,spsa,sequential,4,continuation,40,120,5,52,1.65118408203125,97,102.56047821044922,14.222579002380371,202.28173828125,202.28175354003906,202.28175354003906,0.004074027661776242,0.013779134410346052,0.25,17.30392837524414
441679940,Std-XY p=26,0,spsa,sequential,4,continuation,45,120,5,52,1.65118408203125,107,485.52777099609375,67.3305892944336,4506.58349609375,4291.984375,3862.78564453125,0.0038549728452753956,0.013616187769422706,0.25,17.464280366897583
441679940,Std-XY p=26,0,spsa,sequential,4,continuation,50,120,5,52,1.65118408203125,117,367.24505615234375,50.92772674560547,2405.63330078125,2455.51123046875,2348.082275390625,0.0036646979836941086,0.013472060523173781,0.25,17.61901593208313
441679940,Std-XY p=26,0,spsa,sequential,4,continuation,55,120,5,52,1.65118408203125,127,93.77015686035156,13.003582000732422,168.09255981445312,168.09255981445312,160.08816528320312,0.0034975260276835294,0.01334299625175472,0.25,17.77300000190735
441679940,Std-XY p=26,0,spsa,sequential,4,continuation,60,120,5,52,1.65118408203125,137,179.34556579589844,24.87075424194336,610.3192138671875,603.9140014648438,527.0523071289062,0.0033492211375509475,0.013226249755755135,0.25,17.927088260650635
441679940,Std-XY p=26,0,spsa,sequential,4,continuation,65,120,5,52,1.65118408203125,147,211.50120544433594,29.329938888549805,778.802001953125,814.433349609375,732.9901123046875,0.0032165519481003953,0.01311975565249048,0.25,18.081968784332275
441679940,Std-XY p=26,0,spsa,sequential,4,continuation,70,120,5,52,1.65118408203125,157,36.59346389770508,5.0746002197265625,24.79921531677246,23.313549041748047,25.59918975830078,0.003097006003093117,0.013021922119457682,0.1133301705121994,18.236729383468628
441679940,Std-XY p=26,0,spsa,sequential,4,continuation,75,120,5,52,1.65118408203125,167,127.35974884033203,17.661619186401367,307.77984619140625,304.5497741699219,310.0870361328125,0.002988597275726573,0.01293149713891721,0.25,18.391430616378784
441679940,Std-XY p=26,0,spsa,sequential,4,continuation,80,120,5,52,1.65118408203125,177,147.96507263183594,20.51906394958496,421.0319519042969,421.0320129394531,421.0320129394531,0.002889732978336046,0.012847478719003411,0.25,18.54729175567627
441679940,Std-XY p=26,0,spsa,sequential,4,continuation,85,120,5,52,1.65118408203125,187,232.0323486328125,32.177101135253906,1010.8599243164062,1010.8599853515625,1010.8599243164062,0.0027991192584346796,0.012769052840860788,0.25,18.699454307556152
441679940,Std-XY p=26,0,spsa,sequential,4,continuation,90,120,5,52,1.65118408203125,197,48.728878021240234,6.757480144500732,44.582740783691406,38.908573150634766,45.393333435058594,0.0027156930629180457,0.01269554947299621,0.1323326826095581,18.85433006286621
441679940,Std-XY p=26,0,spsa,sequential,4,continuation,95,120,5,52,1.65118408203125,207,50.64628219604492,7.023375988006592,49.03593063354492,48.16028594970703,49.32781219482422,0.002638572016175666,0.012626410699612943,0.13363386690616608,19.006301403045654
441679940,Std-XY p=26,0,spsa,sequential,4,continuation,100,120,5,52,1.65118408203125,217,21.472476959228516,2.977696657180786,8.53876781463623,7.555038928985596,8.866677284240723,0.002567016951987722,0.012561167176266359,0.055120211094617844,19.161619663238525
441679940,Std-XY p=26,0,spsa,sequential,4,continuation,105,120,5,52,1.65118408203125,227,30.27855110168457,4.198880195617676,16.691682815551758,15.022515296936035,17.526268005371094,0.0025004034965017416,0.01249942043693397,0.07570859789848328,19.311863899230957
441679940,Std-XY p=26,0,spsa,sequential,4,continuation,110,120,5,52,1.65118408203125,237,14.234088897705078,1.9739129543304443,3.890568256378174,3.688835382461548,3.527448892593384,0.0024382002319250544,0.012440829393713411,0.03470555692911148,19.471615076065063
441679940,Std-XY p=26,0,spsa,sequential,4,continuation,115,120,5,52,1.65118408203125,247,77.69219207763672,10.773968696594238,115.39154815673828,116.07839965820312,113.33097839355469,0.0023799517161643183,0.012385099893453082,0.18490366637706757,19.62131667137146
441679940,Std-XY p=26,0,spsa,sequential,4,continuation,120,120,5,52,1.65118408203125,257,15.663956642150879,2.1721999645233154,4.690532684326172,4.6067728996276855,4.718452453613281,0.0023252651343162968,0.012331976538504544,0.03642285242676735,19.780003786087036
441679940,Std-XY p=30,0,spsa,sequential,0,deterministic_linear_ramp,1,120,5,60,12.201861381530762,19,261.23419189453125,33.725189208984375,1075.4639892578125,889.6904907226562,1137.388427734375,0.0012820669573631943,0.02,0.25,0.3277897834777832
441679940,Std-XY p=30,0,spsa,sequential,0,deterministic_linear_ramp,5,120,5,60,8.811982154846191,27,128.0394287109375,16.529821395874023,270.5025634765625,272.0205383300781,253.80490112304688,0.001090873406817181,0.016999416915812672,0.13967479765415192,0.4657316207885742
441679940,Std-XY p=30,0,spsa,sequential,0,deterministic_linear_ramp,10,120,5,60,7.956098556518555,37,26.089340209960938,3.368119478225708,11.293807029724121,11.344226837158203,11.142552375793457,0.0009340414546330406,0.015850026609609436,0.0243685245513916,0.6385557651519775
441679940,Std-XY p=30,0,spsa,sequential,0,deterministic_linear_ramp,15,120,5,60,7.931823253631592,47,52.29749298095703,6.751577377319336,44.77341842651367,45.583797454833984,42.34227752685547,0.0008257025376962745,0.015214047873475552,0.04318217560648918,0.8111629486083984
441679940,Std-XY p=30,0,spsa,sequential,0,deterministic_linear_ramp,20,120,5,60,7.834108829498291,57,19.722164154052734,2.5461204051971436,6.475525856018066,6.223419666290283,6.367480278015137,0.0007454256255112869,0.014778350620464044,0.014701406471431255,0.983004093170166
441679940,Std-XY p=30,0,spsa,sequential,0,deterministic_linear_ramp,25,120,5,60,7.790998458862305,67,15.631241798400879,2.0179848670959473,4.072261810302734,4.054163455963135,4.054162979125977,0.0006830416199812442,0.014449008773880907,0.010676789097487926,1.1562366485595703
441679940,Std-XY p=30,0,spsa,sequential,0,deterministic_linear_ramp,30,120,5,60,7.714723587036133,77,9.386640548706055,1.2118101119995117,1.4537988901138306,1.3640581369400024,1.4619572162628174,0.0006328612905851682,0.014185372641231635,0.005940441507846117,1.3270204067230225
441679940,Std-XY p=30,0,spsa,sequential,0,deterministic_linear_ramp,35,120,5,60,7.714723587036133,87,20.424819946289062,2.6368331909179688,6.180344581604004,5.438704013824463,6.674772262573242,0.0005914277458821126,0.013966227856027484,0.012079805135726929,1.4990863800048828
441679940,Std-XY p=30,0,spsa,sequential,0,deterministic_linear_ramp,40,120,5,60,7.629825115203857,97,33.829872131347656,4.36741828918457,19.053142547607422,18.989564895629883,19.074338912963867,0.00055650695008253,0.013779134410346052,0.01882655918598175,1.6712710857391357
441679940,Std-XY p=30,0,spsa,sequential,0,deterministic_linear_ramp,45,120,5,60,7.629825115203857,107,19.61826515197754,2.532707452774048,6.414605140686035,6.414605617523193,6.414605617523193,0.0005265843432785732,0.013616187769422706,0.010330671444535255,1.8430736064910889
441679940,Std-XY p=30,0,spsa,sequential,0,deterministic_linear_ramp,50,120,5,60,7.470207691192627,117,18.66527557373047,2.4096767902374268,5.800090312957764,5.393632888793945,5.574280738830566,0.0005005930413810768,0.013472060523173781,0.009343707002699375,2.015976667404175
441679940,Std-XY p=30,0,spsa,sequential,0,deterministic_linear_ramp,55,120,5,60,7.470207691192627,127,1.7784092426300049,0.22959165275096893,0.052712321281433105,0.052478041499853134,0.052478041499853134,0.0004777575667347861,0.01334299625175472,0.0008496484369970858,2.1872305870056152
441679940,Std-XY p=30,0,spsa,sequential,0,deterministic_linear_ramp,60,120,5,60,7.470207691192627,137,63.80940246582031,8.23775863647461,66.65425872802734,65.146240234375,67.5590591430664,0.0004574993090738589,0.013226249755755135,0.029192758724093437,2.3598029613494873
441679940,Std-XY p=30,0,spsa,sequential,0,deterministic_linear_ramp,65,120,5,60,7.470207691192627,147,6.146718502044678,0.7935380339622498,0.6234055757522583,0.6045144200325012,0.6297025084495544,0.00043937686805958797,0.01311975565249048,0.0027007260359823704,2.5310583114624023
441679940,Std-XY p=30,0,spsa,sequential,0,deterministic_linear_ramp,70,120,5,60,7.470207691192627,157,3.14105224609375,0.4055081307888031,0.1637059897184372,0.15785932540893555,0.1637059897184372,0.0004230470453941894,0.013021922119457682,0.001328812912106514,2.7027177810668945
441679940,Std-XY p=30,0,spsa,sequential,0,deterministic_linear_ramp,75,120,5,60,7.442142486572266,167,7.815140724182129,1.0089304447174072,1.0134161710739136,1.0134161710739136,0.977222740650177,0.0004082385523652588,0.01293149713891721,0.003190441522747278,2.8756840229034424
441679940,Std-XY p=30,0,spsa,sequential,0,deterministic_linear_ramp,80,120,5,60,7.442142486572266,177,6.185420036315918,0.7985343337059021,0.6263208985328674,0.6263208985328674,0.6263208985328674,0.0003947338162219439,0.012847478719003411,0.0024415943771600723,3.0476415157318115
441679940,Std-XY p=30,0,spsa,sequential,0,deterministic_linear_ramp,85,120,5,60,7.442142486572266,187,32.944732666015625,4.253146648406982,18.00885772705078,17.365686416625977,18.00885772705078,0.0003823560983750414,0.012769052840860788,0.012596619315445423,3.219379425048828
441679940,Std-XY p=30,0,spsa,sequential,0,deterministic_linear_ramp,90,120,5,60,7.442142486572266,197,3.2308201789855957,0.4170971214771271,0.16159877181053162,0.16701120138168335,0.15463997423648834,0.00037096018713478514,0.01269554947299621,0.0011985056335106492,3.3919901847839355
441679940,Std-XY p=30,0,spsa,sequential,0,deterministic_linear_ramp,95,120,5,60,7.4319748878479,207,10.493525505065918,1.3547084331512451,1.833195447921753,1.8026082515716553,1.8270779848098755,0.0003604255511252049,0.012626410699612943,0.003782134735956788,3.5639638900756836
441679940,Std-XY p=30,0,spsa,sequential,0,deterministic_linear_ramp,100,120,5,60,7.4319748878479,217,11.298287391662598,1.458602786064148,2.1251578330993652,2.0424208641052246,1.9762314558029175,0.0003506512211893029,0.012561167176266359,0.003961758688092232,3.7375288009643555
441679940,Std-XY p=30,0,spsa,sequential,0,deterministic_linear_ramp,105,120,5,60,7.4145612716674805,227,23.30289649963379,3.0083909034729004,8.799015998840332,8.688399314880371,8.889519691467285,0.0003415519086601389,0.01249942043693397,0.007959148846566677,3.9085299968719482
441679940,Std-XY p=30,0,spsa,sequential,0,deterministic_linear_ramp,110,120,5,60,7.369719505310059,237,3.8944618701934814,0.5027729272842407,0.25249969959259033,0.251657098531723,0.25278058648109436,0.0003330550225492438,0.012440829393713411,0.0012970700627192855,4.081806182861328
441679940,Std-XY p=30,0,spsa,sequential,0,deterministic_linear_ramp,115,120,5,60,7.369719505310059,247,8.328570365905762,1.0752137899398804,1.1548001766204834,1.1509464979171753,1.135532021522522,0.0003250983500511714,0.012385099893453082,0.002707604318857193,4.250380277633667
441679940,Std-XY p=30,0,spsa,sequential,0,deterministic_linear_ramp,120,120,5,60,7.369719505310059,257,3.605515480041504,0.4654700756072998,0.2106439620256424,0.20799587666988373,0.21281059086322784,0.0003176282331542693,0.012331976538504544,0.0011452134931460023,4.420212745666504
441679940,Std-XY p=30,0,spsa,sequential,1,random_shared_stream,1,120,5,60,7.605285167694092,19,1.2003161907196045,0.15496017038822174,0.023052146658301353,0.023052146658301353,0.023052142933011055,0.5201995566097701,0.02,0.25,4.789416551589966
441679940,Std-XY p=30,0,spsa,sequential,1,random_shared_stream,5,120,5,60,7.605285167694092,27,0.10766024887561798,0.013898879289627075,0.00019317882834002376,0.0001897445326903835,0.0001897445326903835,0.4426226409506699,0.016999416915812672,0.04765285924077034,4.93157958984375
441679940,Std-XY p=30,0,spsa,sequential,1,random_shared_stream,10,120,5,60,7.605285167694092,37,0.7886971235275269,0.10182036459445953,0.010183076374232769,0.010367385111749172,0.00963014829903841,0.37898796764450593,0.015850026609609436,0.25,5.1048407554626465
441679940,Std-XY p=30,0,spsa,sequential,1,random_shared_stream,15,120,5,60,7.605285167694092,47,0.011531731113791466,0.001488740206696093,2.1547818960243603e-06,2.1769451450381894e-06,2.1276930510794045e-06,0.3350293770027202,0.015214047873475552,0.0038634687662124634,5.2771289348602295
441679940,Std-XY p=30,0,spsa,sequential,1,random_shared_stream,20,120,5,60,7.604701995849609,57,3.0625267028808594,0.3953705430030823,0.15562310814857483,0.15353886783123016,0.15631785988807678,0.3024569642400365,0.014778350620464044,0.25,5.449576377868652
441679940,Std-XY p=30,0,spsa,sequential,1,random_shared_stream,25,120,5,60,7.604701995849609,67,0.3104596734046936,0.040080174803733826,0.0016064202645793557,0.0015421634307131171,0.0015421633142977953,0.27714461075499425,0.014449008773880907,0.08604222536087036,5.622251510620117
441679940,Std-XY p=30,0,spsa,sequential,1,random_shared_stream,30,120,5,60,7.604701995849609,77,0.942439615726471,0.12166843563318253,0.01454003807157278,0.014803205616772175,0.013750534504652023,0.25678390732023904,0.014185372641231635,0.24200330674648285,5.794489145278931
441679940,Std-XY p=30,0,spsa,sequential,1,random_shared_stream,35,120,5,60,7.604701995849609,87,1.0451617240905762,0.134929820895195,0.018185824155807495,0.017477810382843018,0.017882388085126877,0.23997221783747621,0.013966227856027484,0.25,5.966804265975952
441679940,Std-XY p=30,0,spsa,sequential,1,random_shared_stream,40,120,5,60,7.602755069732666,97,1.9380371570587158,0.2501995265483856,0.060095809400081635,0.062321584671735764,0.05564426630735397,0.22580308073658373,0.013779134410346052,0.25,6.138638257980347
441679940,Std-XY p=30,0,spsa,sequential,1,random_shared_stream,45,120,5,60,7.602755069732666,107,0.5300474166870117,0.06842883676290512,0.004661693703383207,0.0046825045719742775,0.004599259700626135,0.21366196228514134,0.013616187769422706,0.1132509782910347,6.312289476394653
441679940,Std-XY p=30,0,spsa,sequential,1,random_shared_stream,50,120,5,60,7.602755069732666,117,0.14421068131923676,0.018617520108819008,0.00034622690873220563,0.00034507145755924284,0.0003404500021133572,0.2031159735244638,0.013472060523173781,0.029291490092873573,6.485032081604004
441679940,Std-XY p=30,0,spsa,sequential,1,random_shared_stream,55,120,5,60,7.602755069732666,127,2.0952260494232178,0.2704924941062927,0.07284101098775864,0.07284101843833923,0.07023954391479492,0.1938504638584122,0.01334299625175472,0.25,6.657495737075806
441679940,Std-XY p=30,0,spsa,sequential,1,random_shared_stream,60,120,5,60,7.602249622344971,137,1.9284309148788452,0.24895937740802765,0.058606259524822235,0.06087888404726982,0.05509401485323906,0.18563066177055962,0.013226249755755135,0.25,6.831019639968872
441679940,Std-XY p=30,0,spsa,sequential,1,random_shared_stream,65,120,5,60,7.6021294593811035,147,0.18623007833957672,0.024042202159762383,0.0005773851298727095,0.000554906262550503,0.0005677512963302433,0.17827746876752065,0.01311975565249048,0.03320062905550003,7.003225326538086
441679940,Std-XY p=30,0,spsa,sequential,1,random_shared_stream,70,120,5,60,7.6021294593811035,157,2.036266326904297,0.2628808915615082,0.0690295621752739,0.06634209305047989,0.06787779182195663,0.17165163190208305,0.013021922119457682,0.25,7.175575256347656
441679940,Std-XY p=30,0,spsa,sequential,1,random_shared_stream,75,120,5,60,7.6021294593811035,167,0.17108964920043945,0.0220875795930624,0.00048731901915743947,0.0004683466686401516,0.00047918802010826766,0.16564307559114594,0.01293149713891721,0.028339814394712448,7.348963499069214
441679940,Std-XY p=30,0,spsa,sequential,1,random_shared_stream,80,120,5,60,7.6021294593811035,177,0.6668408513069153,0.08608879148960114,0.007205409929156303,0.006884254515171051,0.007378340233117342,0.1601635195402413,0.012847478719003411,0.10680358111858368,7.521061420440674
441679940,Std-XY p=30,0,spsa,sequential,1,random_shared_stream,85,120,5,60,7.6021294593811035,187,1.8840892314910889,0.24323488771915436,0.058111414313316345,0.04969709366559982,0.058111414313316345,0.15514125194429432,0.012769052840860788,0.25,7.694307804107666
441679940,Std-XY p=30,0,spsa,sequential,1,random_shared_stream,90,120,5,60,7.6021294593811035,197,0.8826932311058044,0.11395521461963654,0.012625071220099926,0.01246635802090168,0.012754930183291435,0.15051735305952943,0.01269554947299621,0.13286064565181732,7.86699914932251
441679940,Std-XY p=30,0,spsa,sequential,1,random_shared_stream,95,120,5,60,7.6021294593811035,207,0.3062756657600403,0.03954002261161804,0.0015199849149212241,0.001500876503996551,0.001535619143396616,0.14624291719660087,0.012626410699612943,0.04479064792394638,8.039716720581055
441679940,Std-XY p=30,0,spsa,sequential,1,random_shared_stream,100,120,5,60,7.6021294593811035,217,0.6224960088729858,0.08036389946937561,0.006429650820791721,0.006343540269881487,0.006458355113863945,0.14227697605007036,0.012561167176266359,0.0885668471455574,8.212707757949829
441679940,Std-XY p=30,0,spsa,sequential,1,random_shared_stream,105,120,5,60,7.6021294593811035,227,0.8888607025146484,0.1147514209151268,0.013109366409480572,0.013167889788746834,0.012933793477714062,0.1385849236842095,0.01249942043693397,0.12318269163370132,8.385713815689087
441679940,Std-XY p=30,0,spsa,sequential,1,random_shared_stream,110,120,5,60,7.6021294593811035,237,1.4650064706802368,0.18913152813911438,0.035611748695373535,0.03433990105986595,0.035611748695373535,0.13513730625513073,0.012440829393713411,0.19797702133655548,8.558170318603516
441679940,Std-XY p=30,0,spsa,sequential,1,random_shared_stream,115,120,5,60,7.6021294593811035,247,1.5837316513061523,0.20445887744426727,0.04175698012113571,0.03883074223995209,0.04013129323720932,0.13190888087390168,0.012385099893453082,0.20890825986862183,8.727291584014893
441679940,Std-XY p=30,0,spsa,sequential,1,random_shared_stream,120,120,5,60,7.6021294593811035,257,0.7561160326004028,0.09761416167020798,0.0092638423666358,0.009486173279583454,0.008850938640534878,0.1288778757651016,0.012331976538504544,0.09744662791490555,8.8885817527771
441679940,Std-XY p=30,0,spsa,sequential,2,random_shared_stream,1,120,5,60,7.6037421226501465,19,0.07645679265260696,0.009870530106127262,9.699433576315641e-05,9.699433576315641e-05,9.353025234304368e-05,0.6744608769386055,0.02,0.05156711861491203,9.24962830543518
441679940,Std-XY p=30,0,spsa,sequential,2,random_shared_stream,5,120,5,60,7.6037421226501465,27,0.24345773458480835,0.031430263072252274,0.0009834707016125321,0.0009702992392703891,0.000917613273486495,0.5738791023084533,0.016999416915812672,0.139715313911438,9.385559797286987
441679940,Std-XY p=30,0,spsa,sequential,2,random_shared_stream,10,120,5,60,7.6037421226501465,37,0.8054754137992859,0.10398642718791962,0.010765118524432182,0.01062094233930111,0.01081317663192749,0.49137403859504264,0.015850026609609436,0.25,9.56447458267212
441679940,Std-XY p=30,0,spsa,sequential,2,random_shared_stream,15,120,5,60,7.6037421226501465,47,0.7606086730957031,0.09819415956735611,0.009374257177114487,0.008956433273851871,0.009599238634109497,0.4343798539277827,0.015214047873475552,0.25,9.742759466171265
441679940,Std-XY p=30,0,spsa,sequential,2,random_shared_stream,20,120,5,60,7.6037421226501465,57,0.7920306324958801,0.10225072503089905,0.009885979816317558,0.009293517097830772,0.010269338265061378,0.392148333741375,0.014778350620464044,0.25,9.91661810874939
441679940,Std-XY p=30,0,spsa,sequential,2,random_shared_stream,25,120,5,60,7.6037421226501465,67,0.17778897285461426,0.022952457889914513,0.0005262299091555178,0.0005057426751591265,0.0005174496327526867,0.35932978956543615,0.014449008773880907,0.06388486921787262,10.094786405563354
441679940,Std-XY p=30,0,spsa,sequential,2,random_shared_stream,30,120,5,60,7.6037421226501465,77,1.2127124071121216,0.1565604954957962,0.02426607720553875,0.024075431749224663,0.024402249604463577,0.3329312705371061,0.014185372641231635,0.25,10.271053314208984
441679940,Std-XY p=30,0,spsa,sequential,2,random_shared_stream,35,120,5,60,7.601762294769287,87,0.6242673397064209,0.0805925726890564,0.006466293707489967,0.006033283192664385,0.0063796923495829105,0.3111341992261253,0.013966227856027484,0.19423089921474457,10.446081399917603
441679940,Std-XY p=30,0,spsa,sequential,2,random_shared_stream,40,120,5,60,7.601762294769287,97,1.4444140195846558,0.1864730566740036,0.03461765497922897,0.034772198647260666,0.034154023975133896,0.29276330960673996,0.013779134410346052,0.25,10.6208655834198
441679940,Std-XY p=30,0,spsa,sequential,2,random_shared_stream,45,120,5,60,7.601762294769287,107,0.07730988413095474,0.00998066458851099,9.950296953320503e-05,9.784274152480066e-05,9.562910418026149e-05,0.2770218325260163,0.013616187769422706,0.021416526287794113,10.795275449752808
441679940,Std-XY p=30,0,spsa,sequential,2,random_shared_stream,50,120,5,60,7.601762294769287,117,0.8146806359291077,0.10517481714487076,0.01061927154660225,0.011061741970479488,0.009291863068938255,0.26334850901519485,0.013472060523173781,0.21454493701457977,10.970372676849365
441679940,Std-XY p=30,0,spsa,sequential,2,random_shared_stream,55,120,5,60,7.601762294769287,127,0.4498272240161896,0.058072447776794434,0.0033386845607310534,0.003312454791739583,0.0033574204426258802,0.2513353811775328,0.01334299625175472,0.11305750161409378,11.144775867462158
441679940,Std-XY p=30,0,spsa,sequential,2,random_shared_stream,60,120,5,60,7.601762294769287,137,1.8781641721725464,0.24246996641159058,0.05872635543346405,0.05853038653731346,0.05879168212413788,0.24067805774464557,0.013226249755755135,0.25,11.320772171020508
441679940,Std-XY p=30,0,spsa,sequential,2,random_shared_stream,65,120,5,60,7.601762294769287,147,0.6293534636497498,0.0812491923570633,0.006484070792794228,0.006131995003670454,0.006601430010050535,0.23114432989326103,0.01311975565249048,0.1454714834690094,11.496607065200806
441679940,Std-XY p=30,0,spsa,sequential,2,random_shared_stream,70,120,5,60,7.601762294769287,157,1.4994736909866333,0.1935812383890152,0.037098947912454605,0.035974740982055664,0.03747368976473808,0.2225536502474736,0.013021922119457682,0.25,11.670938491821289
441679940,Std-XY p=30,0,spsa,sequential,2,random_shared_stream,75,120,5,60,7.601762294769287,167,3.169442892074585,0.4091733396053314,0.1674228012561798,0.1644463986158371,0.1644463986158371,0.21476330112641567,0.01293149713891721,0.25,11.842299699783325
441679940,Std-XY p=30,0,spsa,sequential,2,random_shared_stream,80,120,5,60,7.601762294769287,177,0.02141825668513775,0.002765085082501173,7.637199814780615e-06,7.102001291059423e-06,7.339867352129659e-06,0.2076588233690466,0.012847478719003411,0.004447690211236477,12.013456583023071
441679940,Std-XY p=30,0,spsa,sequential,2,random_shared_stream,85,120,5,60,7.601762294769287,187,2.371924638748169,0.3062141537666321,0.09116245806217194,0.08709921687841415,0.0933503732085228,0.2011472395663642,0.012769052840860788,0.25,12.188107013702393
441679940,Std-XY p=30,0,spsa,sequential,2,random_shared_stream,90,120,5,60,7.601762294769287,197,1.3777170181274414,0.1778625249862671,0.031599923968315125,0.03149447217583656,0.031072670593857765,0.1951521577615686,0.01269554947299621,0.25,12.361509084701538
441679940,Std-XY p=30,0,spsa,sequential,2,random_shared_stream,95,120,5,60,7.601136207580566,207,2.043739080429077,0.26384562253952026,0.06961449980735779,0.06837690621614456,0.06837690621614456,0.18961016964585925,0.012626410699612943,0.25,12.53673267364502
441679940,Std-XY p=30,0,spsa,sequential,2,random_shared_stream,100,120,5,60,7.601136207580566,217,0.019554078578948975,0.002524420851841569,6.372699317580555e-06,6.372698862833204e-06,6.372699317580555e-06,0.18446815806667133,0.012561167176266359,0.0036071049980819225,12.71032190322876
441679940,Std-XY p=30,0,spsa,sequential,2,random_shared_stream,105,120,5,60,7.601136207580566,227,0.2494010627269745,0.03219754248857498,0.0010355296544730663,0.000995214213617146,0.0010182516416534781,0.1796812549546993,0.01249942043693397,0.04481269791722298,12.884806632995605
441679940,Std-XY p=30,0,spsa,sequential,2,random_shared_stream,110,120,5,60,7.601136207580566,237,2.1799187660217285,0.2814263105392456,0.07911276072263718,0.07884875684976578,0.07920075953006744,0.17521127214710225,0.012440829393713411,0.25,13.059014081954956
441679940,Std-XY p=30,0,spsa,sequential,2,random_shared_stream,115,120,5,60,7.601136207580566,247,0.055171899497509,0.007122661918401718,5.06759351992514e-05,5.073230204288848e-05,5.050682739238255e-05,0.17102548116345476,0.012385099893453082,0.009435800835490227,13.232528686523438
441679940,Std-XY p=30,0,spsa,sequential,2,random_shared_stream,120,120,5,60,7.601136207580566,257,0.18764375150203705,0.02422470413148403,0.0005868363659828901,0.0005842281971126795,0.0005842281971126795,0.16709565396981063,0.012331976538504544,0.03135445713996887,13.406927585601807
441679940,Std-XY p=30,0,spsa,sequential,3,random_shared_stream,1,120,5,60,7.6044230461120605,19,1.682695746421814,0.21723510324954987,0.04635213315486908,0.04635213315486908,0.04635213315486908,0.4372083859955438,0.02,0.25,13.77527403831482
441679940,Std-XY p=30,0,spsa,sequential,3,random_shared_stream,5,120,5,60,7.6044230461120605,27,0.38924992084503174,0.05025195702910423,0.002522452734410763,0.002514034975320101,0.0024803646374493837,0.3720078727408375,0.016999416915812672,0.14480404555797577,13.916893243789673
441679940,Std-XY p=30,0,spsa,sequential,3,random_shared_stream,10,120,5,60,7.6044230461120605,37,0.06746278703212738,0.008709409274160862,7.450528937624767e-05,7.450528937624767e-05,7.450528937624767e-05,0.3185252958027488,0.015850026609609436,0.021488605067133904,14.093194484710693
441679940,Std-XY p=30,0,spsa,sequential,3,random_shared_stream,15,120,5,60,7.6044230461120605,47,0.5852050185203552,0.0755496397614479,0.005479438696056604,0.005301863886415958,0.005606276914477348,0.28157973477538484,0.015214047873475552,0.1647818684577942,14.266047716140747
441679940,Std-XY p=30,0,spsa,sequential,3,random_shared_stream,20,120,5,60,7.6044230461120605,57,1.1782985925674438,0.15211769938468933,0.023139795288443565,0.021494299173355103,0.021494299173355103,0.2542038329104079,0.014778350620464044,0.25,14.434329271316528
441679940,Std-XY p=30,0,spsa,sequential,3,random_shared_stream,25,120,5,60,7.6044230461120605,67,0.06876380741596222,0.00887737050652504,7.801960600772873e-05,7.32035914552398e-05,7.84574294812046e-05,0.23292974093488206,0.014449008773880907,0.016017137095332146,14.612820625305176
441679940,Std-XY p=30,0,spsa,sequential,3,random_shared_stream,30,120,5,60,7.6044230461120605,77,0.5555172562599182,0.07171697914600372,0.0050518871285021305,0.004777576308697462,0.005143323913216591,0.2158173267212709,0.014185372641231635,0.1198902577161789,14.787657737731934
441679940,Std-XY p=30,0,spsa,sequential,3,random_shared_stream,35,120,5,60,7.6044230461120605,87,0.6013911962509155,0.07763926684856415,0.005967577453702688,0.00592069374397397,0.005358094349503517,0.20168772677981847,0.013966227856027484,0.12129321694374084,14.96720266342163
441679940,Std-XY p=30,0,spsa,sequential,3,random_shared_stream,40,120,5,60,7.6044230461120605,97,0.193937748670578,0.025037257000803947,0.0006205954705365002,0.0006017896230332553,0.0006268641445785761,0.189779093863628,0.013779134410346052,0.036805327981710434,15.141068935394287
441679940,Std-XY p=30,0,spsa,sequential,3,random_shared_stream,45,120,5,60,7.6044230461120605,107,0.3889907896518707,0.05021849647164345,0.0025190950836986303,0.0025106891989707947,0.002477063797414303,0.1795749352193372,0.013616187769422706,0.06985300034284592,15.31571626663208
441679940,Std-XY p=30,0,spsa,sequential,3,random_shared_stream,50,120,5,60,7.6044230461120605,117,1.820180058479309,0.23498424887657166,0.05521759018301964,0.05497217923402786,0.05497217923402786,0.17071142377224502,0.013472060523173781,0.25,15.485239028930664
441679940,Std-XY p=30,0,spsa,sequential,3,random_shared_stream,55,120,5,60,7.6044230461120605,127,0.8226993680000305,0.10621003061532974,0.01123043429106474,0.01123043429106474,0.010829347185790539,0.1629241073951967,0.01334299625175472,0.1340375691652298,15.664059400558472
441679940,Std-XY p=30,0,spsa,sequential,3,random_shared_stream,60,120,5,60,7.6044230461120605,137,0.14661157131195068,0.018927475437521935,0.000358249235432595,0.00035665702307596803,0.0003566570521797985,0.15601566935758276,0.013226249755755135,0.02287370339035988,15.837846279144287
441679940,Std-XY p=30,0,spsa,sequential,3,random_shared_stream,65,120,5,60,7.6044230461120605,147,0.16342639923095703,0.02109825797379017,0.0004372228868305683,0.0004451364220585674,0.0004134822520427406,0.14983558403470343,0.01311975565249048,0.0244870875030756,16.012476921081543
441679940,Std-XY p=30,0,spsa,sequential,3,random_shared_stream,70,120,5,60,7.6044230461120605,157,0.07715064287185669,0.009960105642676353,9.920368029270321e-05,9.876277908915654e-05,9.876278636511415e-05,0.14426681450193574,0.013021922119457682,0.011130277067422867,16.190356969833374
441679940,Std-XY p=30,0,spsa,sequential,3,random_shared_stream,75,120,5,60,7.6044230461120605,167,0.37174153327941895,0.04799162968993187,0.002177800051867962,0.0021394130308181047,0.0022110682912170887,0.13921684632436038,0.01293149713891721,0.05175267904996872,16.36587119102478
441679940,Std-XY p=30,0,spsa,sequential,3,random_shared_stream,80,120,5,60,7.601750373840332,177,1.2963075637817383,0.1673525869846344,0.027882413938641548,0.024895014241337776,0.021907610818743706,0.13461148319679186,0.012847478719003411,0.17449790239334106,16.540239572525024
441679940,Std-XY p=30,0,spsa,sequential,3,random_shared_stream,85,120,5,60,7.601750373840332,187,0.912467896938324,0.11779909580945969,0.013814954087138176,0.013814953155815601,0.013814954087138176,0.13039045401335317,0.012769052840860788,0.11897709965705872,16.716710805892944
441679940,Std-XY p=30,0,spsa,sequential,3,random_shared_stream,90,120,5,60,7.601750373840332,197,1.7680048942565918,0.2282484471797943,0.05157638341188431,0.05186580866575241,0.05117117986083031,0.1265042389200728,0.01269554947299621,0.22366011142730713,16.894243240356445
441679940,Std-XY p=30,0,spsa,sequential,3,random_shared_stream,95,120,5,60,7.601750373840332,207,0.1383652240037918,0.017862873151898384,0.00029639192507602274,0.0002680290781427175,0.00031340966233983636,0.12291173450339876,0.012626410699612943,0.017006708309054375,17.068986892700195
441679940,Std-XY p=30,0,spsa,sequential,3,random_shared_stream,100,120,5,60,7.601750373840332,217,0.9472701549530029,0.12229205667972565,0.014938728883862495,0.014955345541238785,0.014888877049088478,0.11957850842583669,0.012561167176266359,0.11327315866947174,17.242088556289673
441679940,Std-XY p=30,0,spsa,sequential,3,random_shared_stream,105,120,5,60,7.601750373840332,227,0.46674051880836487,0.06025594472885132,0.0036146417260169983,0.0036146417260169983,0.0036146414931863546,0.11647547568507649,0.01249942043693397,0.05436382070183754,17.417450189590454
441679940,Std-XY p=30,0,spsa,sequential,3,random_shared_stream,110,120,5,60,7.601750373840332,237,1.6265149116516113,0.20998218655586243,0.041691917926073074,0.042328815907239914,0.040957048535346985,0.11357788142044245,0.012440829393713411,0.18473610281944275,17.59311819076538
441679940,Std-XY p=30,0,spsa,sequential,3,random_shared_stream,115,120,5,60,7.601651668548584,247,0.9127220511436462,0.11783192306756973,0.013498683460056782,0.010860654525458813,0.013637527823448181,0.11086450992233286,0.012385099893453082,0.10118848830461502,17.767871856689453
441679940,Std-XY p=30,0,spsa,sequential,3,random_shared_stream,120,120,5,60,7.599242210388184,257,1.8670028448104858,0.2410290539264679,0.056481245905160904,0.05706219747662544,0.05577119439840317,0.10831706282299436,0.012331976538504544,0.20222827792167664,17.941551446914673
441679940,Std-XY p=30,0,spsa,sequential,4,continuation,1,120,5,60,1.5381697416305542,19,21.908748626708984,2.8284075260162354,7.919888973236084,7.964332580566406,7.857667922973633,0.005085917893382636,0.02,0.11142610758543015,18.30387282371521
441679940,Std-XY p=30,0,spsa,sequential,4,continuation,5,120,5,60,1.5381697416305542,27,17.448348999023438,2.2525722980499268,5.051529407501221,5.074080944061279,4.983874797821045,0.004327459301000508,0.016999416915812672,0.0755070224404335,18.446592330932617
441679940,Std-XY p=30,0,spsa,sequential,4,continuation,10,120,5,60,1.5381697416305542,37,9.489648818969727,1.2251083850860596,1.459199070930481,1.2607481479644775,1.4942201375961304,0.0037053120509786125,0.015850026609609436,0.03516210988163948,18.620915174484253
441679940,Std-XY p=30,0,spsa,sequential,4,continuation,15,120,5,60,1.5381697416305542,47,149.85108947753906,19.345691680908203,374.25579833984375,372.5924072265625,372.5924072265625,0.003275535093516397,0.015214047873475552,0.25,18.793051719665527
441679940,Std-XY p=30,0,spsa,sequential,4,continuation,20,120,5,60,1.5381697416305542,57,170.12713623046875,21.963319778442383,477.5634765625,480.2433776855469,473.8115539550781,0.0029570791955913457,0.014778350620464044,0.25,18.967235565185547
441679940,Std-XY p=30,0,spsa,sequential,4,continuation,25,120,5,60,1.5381697416305542,67,439.7158203125,56.767066955566406,3222.5,3208.177490234375,3208.177490234375,0.0027096038760193704,0.014449008773880907,0.25,19.147245168685913
441679940,Std-XY p=30,0,spsa,sequential,4,continuation,30,120,5,60,1.5381697416305542,77,350.1041259765625,45.1982536315918,2022.4530029296875,2006.56396484375,2033.8023681640625,0.002510540142486896,0.014185372641231635,0.25,19.322469234466553
441679940,Std-XY p=30,0,spsa,sequential,4,continuation,35,120,5,60,1.5381697416305542,87,65.56736755371094,8.464712142944336,71.57172393798828,71.3328857421875,71.6513442993164,0.002346174619156555,0.013966227856027484,0.15383249521255493,19.495580673217773
441679940,Std-XY p=30,0,spsa,sequential,4,continuation,40,120,5,60,1.5381697416305542,97,607.9463500976562,78.48553466796875,5913.580078125,6050.46826171875,5721.93603515625,0.002207644958760709,0.013779134410346052,0.25,19.667299270629883
441679940,Std-XY p=30,0,spsa,sequential,4,continuation,45,120,5,60,1.5381697416305542,107,342.4471130371094,44.20973587036133,1934.9552001953125,1815.5135498046875,1945.8138427734375,0.002088942951438181,0.013616187769422706,0.25,19.84354043006897
441679940,Std-XY p=30,0,spsa,sequential,4,continuation,50,120,5,60,1.5381697416305542,117,85.48635864257812,11.036242485046387,120.58064270019531,121.2573013305664,119.6333236694336,0.0019858363027303325,0.013472060523173781,0.16976192593574524,20.021066427230835
441679940,Std-XY p=30,0,spsa,sequential,4,continuation,55,120,5,60,1.5381697416305542,127,28.77191734313965,3.7144386768341064,13.65908432006836,11.589524269104004,13.245171546936035,0.0018952487180176612,0.01334299625175472,0.05452993884682655,20.19621253013611
441679940,Std-XY p=30,0,spsa,sequential,4,continuation,60,120,5,60,1.5381697416305542,137,271.2384033203125,35.01673126220703,1192.11083984375,1177.1243896484375,1204.37255859375,0.0018148848692071675,0.013226249755755135,0.25,20.371715545654297
441679940,Std-XY p=30,0,spsa,sequential,4,continuation,65,120,5,60,1.5381697416305542,147,174.2875518798828,22.500429153442383,504.01910400390625,504.01910400390625,486.0184326171875,0.0017429937355211273,0.01311975565249048,0.25,20.549346685409546
441679940,Std-XY p=30,0,spsa,sequential,4,continuation,70,120,5,60,1.5381697416305542,157,62.00032424926758,8.004207611083984,63.42666244506836,63.7825927734375,62.92836380004883,0.0016782138604820517,0.013021922119457682,0.10404980182647705,20.725390911102295
441679940,Std-XY p=30,0,spsa,sequential,4,continuation,75,120,5,60,1.5381697416305542,167,18.879127502441406,2.4372849464416504,5.913956165313721,5.9403581619262695,5.834752082824707,0.001619469050597263,0.01293149713891721,0.030574165284633636,20.900041341781616
441679940,Std-XY p=30,0,spsa,sequential,4,continuation,80,120,5,60,1.5381697416305542,177,161.39892578125,20.836511611938477,426.4418029785156,432.2305908203125,416.7938232421875,0.0015658962018453087,0.012847478719003411,0.25,21.075137615203857
441679940,Std-XY p=30,0,spsa,sequential,4,continuation,85,120,5,60,1.5381697416305542,187,4.117313861846924,0.5315430164337158,0.28222396969795227,0.28253790736198425,0.2812822163105011,0.0015167941979949988,0.012769052840860788,0.006245118100196123,21.249902486801147
441679940,Std-XY p=30,0,spsa,sequential,4,continuation,90,120,5,60,1.5381697416305542,197,144.6037139892578,18.668258666992188,345.01885986328125,346.9549560546875,342.3082580566406,0.0014715869889991267,0.01269554947299621,0.21279694139957428,21.424299240112305
441679940,Std-XY p=30,0,spsa,sequential,4,continuation,95,120,5,60,1.5381697416305542,207,118.8985824584961,15.349742889404297,234.5673828125,231.4258270263672,235.61453247070312,0.0014297964308120639,0.012626410699612943,0.17000077664852142,21.597280263900757
441679940,Std-XY p=30,0,spsa,sequential,4,continuation,100,120,5,60,1.5381697416305542,217,23.55678367614746,3.041167974472046,8.878753662109375,9.084280014038086,8.591015815734863,0.0013910219820741677,0.012561167176266359,0.03276800364255905,21.773602724075317
441679940,Std-XY p=30,0,spsa,sequential,4,continuation,105,120,5,60,1.5381697416305542,227,199.52366638183594,25.75839614868164,656.8599243164062,651.6994018554688,660.5460205078125,0.0013549253054195133,0.01249942043693397,0.25,21.951784372329712
441679940,Std-XY p=30,0,spsa,sequential,4,continuation,110,120,5,60,1.5381697416305542,237,48.120765686035156,6.212364196777344,37.90735626220703,37.90735626220703,37.90735626220703,0.001321218434759408,0.012440829393713411,0.0635780394077301,22.125312328338623
441679940,Std-XY p=30,0,spsa,sequential,4,continuation,115,120,5,60,1.5381697416305542,247,76.44215393066406,9.868640899658203,96.41615295410156,96.95720672607422,95.6586685180664,0.001289654573919441,0.012385099893453082,0.09858396649360657,22.297106742858887
441679940,Std-XY p=30,0,spsa,sequential,4,continuation,120,120,5,60,1.5381697416305542,257,137.60606384277344,17.764869689941406,306.8240966796875,302.9668884277344,309.9800109863281,0.001260020863313754,0.012331976538504544,0.17338652908802032,22.475355625152588
441679940,Std-XY p=36,0,spsa,sequential,0,deterministic_linear_ramp,1,120,5,72,12.3499116897583,19,94.60868072509766,11.149739265441895,123.93301391601562,123.93301391601562,123.93301391601562,0.0017663987752508492,0.02,0.1671166568994522,0.39577770233154297
441679940,Std-XY p=36,0,spsa,sequential,0,deterministic_linear_ramp,5,120,5,72,10.05405330657959,27,97.35840606689453,11.473797798156738,131.2417449951172,131.64804077148438,130.0227508544922,0.0015029772342925434,0.016999416915812672,0.14632746577262878,0.5573384761810303
441679940,Std-XY p=36,0,spsa,sequential,0,deterministic_linear_ramp,10,120,5,72,8.501564979553223,37,40.605648040771484,4.785421848297119,22.882587432861328,22.617538452148438,22.829578399658203,0.0012868982169937716,0.015850026609609436,0.052255336195230484,0.7614281177520752
441679940,Std-XY p=36,0,spsa,sequential,0,deterministic_linear_ramp,15,120,5,72,7.932572841644287,47,26.013391494750977,3.0657076835632324,9.369556427001953,9.398563385009766,9.28253173828125,0.0011376316524902342,0.015214047873475552,0.029593657702207565,0.9653339385986328
441679940,Std-XY p=36,0,spsa,sequential,0,deterministic_linear_ramp,20,120,5,72,7.932572841644287,57,9.225201606750488,1.087200403213501,1.182004690170288,1.178356409072876,1.1783565282821655,0.001027028194106031,0.014778350620464044,0.009474541991949081,1.1697731018066406
441679940,Std-XY p=36,0,spsa,sequential,0,deterministic_linear_ramp,25,120,5,72,7.779489994049072,67,56.88559341430664,6.704031467437744,44.077064514160156,42.724578857421875,44.80532455444336,0.0009410771208562017,0.014449008773880907,0.053533729165792465,1.375075101852417
441679940,Std-XY p=36,0,spsa,sequential,0,deterministic_linear_ramp,30,120,5,72,7.681095600128174,77,43.10770034790039,5.080290794372559,24.833541870117188,22.941654205322266,25.729698181152344,0.0008719399577167554,0.014185372641231635,0.037587326020002365,1.5791003704071045
441679940,Std-XY p=36,0,spsa,sequential,0,deterministic_linear_ramp,35,120,5,72,7.5575947761535645,87,62.71030044555664,7.390480041503906,53.94488525390625,53.101993560791016,54.450618743896484,0.0008148538888515976,0.013966227856027484,0.051099736243486404,1.7830426692962646
441679940,Std-XY p=36,0,spsa,sequential,0,deterministic_linear_ramp,40,120,5,72,7.5575947761535645,97,45.51675796508789,5.36420202255249,28.419414520263672,28.774658203125,27.353687286376953,0.0007667409173902378,0.013779134410346052,0.03489956259727478,1.9884204864501953
441679940,Std-XY p=36,0,spsa,sequential,0,deterministic_linear_ramp,45,120,5,72,7.524685382843018,107,21.393117904663086,2.52120304107666,6.277990341186523,6.179896354675293,6.336846351623535,0.000725514321768798,0.013616187769422706,0.015521012246608734,2.187941789627075
441679940,Std-XY p=36,0,spsa,sequential,0,deterministic_linear_ramp,50,120,5,72,7.473844051361084,117,37.73872756958008,4.447551727294922,19.643348693847656,19.719663619995117,19.536508560180664,0.0006897041766158981,0.013472060523173781,0.026028558611869812,2.3922119140625
441679940,Std-XY p=36,0,spsa,sequential,0,deterministic_linear_ramp,55,120,5,72,7.473844051361084,127,41.10430145263672,4.844188690185547,23.01349639892578,23.17646026611328,22.8143253326416,0.0006582420488262238,0.01334299625175472,0.027056580409407616,2.5949456691741943
441679940,Std-XY p=36,0,spsa,sequential,0,deterministic_linear_ramp,60,120,5,72,7.473844051361084,137,56.729949951171875,6.685688495635986,40.52519607543945,37.93848419189453,42.4911003112793,0.0006303307441042188,0.013226249755755135,0.03575862944126129,2.799938678741455
441679940,Std-XY p=36,0,spsa,sequential,0,deterministic_linear_ramp,65,120,5,72,7.431545257568359,147,70.22330474853516,8.275896072387695,68.01482391357422,68.27906799316406,67.64488983154297,0.0006053621124517804,0.01311975565249048,0.04251052811741829,3.0040595531463623
441679940,Std-XY p=36,0,spsa,sequential,0,deterministic_linear_ramp,70,120,5,72,7.3345489501953125,157,68.3816909790039,8.058859825134277,64.1434326171875,57.72908401489258,64.14342498779297,0.0005828633041090801,0.013021922119457682,0.039857178926467896,3.21049165725708
441679940,Std-XY p=36,0,spsa,sequential,0,deterministic_linear_ramp,75,120,5,72,7.3345489501953125,167,21.337644577026367,2.514665365219116,6.304024696350098,6.304025173187256,6.304024696350098,0.0005624605444876857,0.01293149713891721,0.0120015824213624,3.414010524749756
441679940,Std-XY p=36,0,spsa,sequential,0,deterministic_linear_ramp,80,120,5,72,7.3345489501953125,177,10.205410957336426,1.2027192115783691,1.4286751747131348,1.3349182605743408,1.4420688152313232,0.0005438540674650667,0.012847478719003411,0.005550254136323929,3.6187045574188232
441679940,Std-XY p=36,0,spsa,sequential,0,deterministic_linear_ramp,85,120,5,72,7.3345489501953125,187,44.428306579589844,5.235926151275635,26.886085510253906,27.414920806884766,25.299571990966797,0.0005268003671730504,0.012769052840860788,0.023404845967888832,3.825840473175049
441679940,Std-XY p=36,0,spsa,sequential,0,deterministic_linear_ramp,90,120,5,72,7.3345489501953125,197,88.06470489501953,10.378524780273438,107.71377563476562,107.71377563476562,107.71377563476562,0.0005110993746920831,0.01269554947299621,0.045009810477495193,4.0305328369140625
441679940,Std-XY p=36,0,spsa,sequential,0,deterministic_linear_ramp,95,120,5,72,7.3345489501953125,207,5.187238693237305,0.6113219261169434,0.3552594482898712,0.34487852454185486,0.3633335530757904,0.0004965850250021828,0.012626410699612943,0.0025759050622582436,4.235152244567871
441679940,Std-XY p=36,0,spsa,sequential,0,deterministic_linear_ramp,100,120,5,72,7.3345489501953125,217,18.78168296813965,2.21344256401062,4.895547866821289,4.838842391967773,4.884206771850586,0.00048311820540394244,0.012561167176266359,0.009073772467672825,4.4399120807647705
441679940,Std-XY p=36,0,spsa,sequential,0,deterministic_linear_ramp,105,120,5,72,7.3345489501953125,227,12.295205116271973,1.44900381565094,2.073690891265869,2.0931315422058105,2.0412893295288086,0.0004705814073725845,0.01249942043693397,0.005785894580185413,4.6461827754974365
441679940,Std-XY p=36,0,spsa,sequential,0,deterministic_linear_ramp,110,120,5,72,7.3345489501953125,237,15.431710243225098,1.818644642829895,3.3049156665802,3.3074679374694824,3.297259569168091,0.00045887461691711593,0.012440829393713411,0.007081220392137766,4.850240468978882
441679940,Std-XY p=36,0,spsa,sequential,0,deterministic_linear_ramp,115,120,5,72,7.321004867553711,247,61.196685791015625,7.212099075317383,46.23499298095703,46.234989166259766,46.234989166259766,0.00044791211883934534,0.012385099893453082,0.027410738170146942,5.05424427986145
441679940,Std-XY p=36,0,spsa,sequential,0,deterministic_linear_ramp,120,120,5,72,7.321004867553711,257,44.03125,5.1891326904296875,26.179122924804688,26.59466552734375,25.597366333007812,0.0004376199845152482,0.012331976538504544,0.019268954172730446,5.2580955028533936
441679940,Std-XY p=36,0,spsa,sequential,1,random_shared_stream,1,120,5,72,7.606724739074707,19,0.8406778573989868,0.0990748405456543,0.009694640524685383,0.009785529226064682,0.00954316183924675,0.7514317194428272,0.02,0.25,5.698144435882568
441679940,Std-XY p=36,0,spsa,sequential,1,random_shared_stream,5,120,5,72,7.606724739074707,27,0.927183210849762,0.10926959663629532,0.011902991682291031,0.01193984318524599,0.011792438104748726,0.6393713487983397,0.016999416915812672,0.25,5.863315582275391
441679940,Std-XY p=36,0,spsa,sequential,1,random_shared_stream,10,120,5,72,7.606724739074707,37,1.2979398965835571,0.15296369791030884,0.02337983436882496,0.02332567237317562,0.023397888988256454,0.5474506399644726,0.015850026609609436,0.25,6.067770481109619
441679940,Std-XY p=36,0,spsa,sequential,1,random_shared_stream,15,120,5,72,7.603022575378418,47,1.0330625772476196,0.12174759805202484,0.014639485627412796,0.012580806389451027,0.014410744421184063,0.48395216340767816,0.015214047873475552,0.25,6.273069381713867
441679940,Std-XY p=36,0,spsa,sequential,1,random_shared_stream,20,120,5,72,7.603022575378418,57,0.35455217957496643,0.0417843721807003,0.0017338092438876629,0.001659714849665761,0.001740545267239213,0.43690109652830816,0.014778350620464044,0.15490421652793884,6.477806568145752
441679940,Std-XY p=36,0,spsa,sequential,1,random_shared_stream,25,120,5,72,7.603022575378418,67,2.7634363174438477,0.3256741166114807,0.106063611805439,0.10475417971611023,0.10475417971611023,0.4003372335631611,0.014449008773880907,0.25,6.682756662368774
441679940,Std-XY p=36,0,spsa,sequential,1,random_shared_stream,30,120,5,72,7.603022575378418,77,2.767446517944336,0.3261467218399048,0.10604335367679596,0.10604336112737656,0.10604334622621536,0.37092606202977063,0.014185372641231635,0.25,6.888219833374023
441679940,Std-XY p=36,0,spsa,sequential,1,random_shared_stream,35,120,5,72,7.602616310119629,87,0.858108639717102,0.10112907737493515,0.01019552443176508,0.009722047485411167,0.009090744890272617,0.34664146475502144,0.013966227856027484,0.25,7.092510461807251
441679940,Std-XY p=36,0,spsa,sequential,1,random_shared_stream,40,120,5,72,7.602616310119629,97,0.8895807862281799,0.10483809560537338,0.010448259301483631,0.01014295406639576,0.010685720480978489,0.3261740519718695,0.013779134410346052,0.25,7.297137975692749
441679940,Std-XY p=36,0,spsa,sequential,1,random_shared_stream,45,120,5,72,7.602616310119629,107,0.8243037462234497,0.09714511781930923,0.00943717546761036,0.009437176398932934,0.00943717546761036,0.3086361256164839,0.013616187769422706,0.25,7.495596170425415
441679940,Std-XY p=36,0,spsa,sequential,1,random_shared_stream,50,120,5,72,7.602616310119629,117,0.16533303260803223,0.019484683871269226,0.0003609046107158065,0.00036910700146108866,0.00035035869223065674,0.29340237470883884,0.013472060523173781,0.04850910231471062,7.700114727020264
441679940,Std-XY p=36,0,spsa,sequential,1,random_shared_stream,55,120,5,72,7.602616310119629,127,0.2601778209209442,0.030662251636385918,0.0009401735733263195,0.0009285665000788867,0.0009285665000788867,0.28001828437002646,0.01334299625175472,0.07285454869270325,7.901556015014648
441679940,Std-XY p=36,0,spsa,sequential,1,random_shared_stream,60,120,5,72,7.602616310119629,137,0.5110296010971069,0.06022541597485542,0.00358232157304883,0.0036271007265895605,0.0034479843452572823,0.26814472558306995,0.013226249755755135,0.13702988624572754,8.106434106826782
441679940,Std-XY p=36,0,spsa,sequential,1,random_shared_stream,65,120,5,72,7.602616310119629,147,0.34879738092422485,0.04110616445541382,0.0016845015343278646,0.0016688560135662556,0.0016897167079150677,0.257522989383065,0.01311975565249048,0.08982335031032562,8.310707330703735
441679940,Std-XY p=36,0,spsa,sequential,1,random_shared_stream,70,120,5,72,7.602616310119629,157,1.988416075706482,0.23433709144592285,0.05487149581313133,0.05491386726498604,0.05474438518285751,0.2479519239615726,0.013021922119457682,0.25,8.51503038406372
441679940,Std-XY p=36,0,spsa,sequential,1,random_shared_stream,75,120,5,72,7.602616310119629,167,1.3031744956970215,0.15358057618141174,0.023514192551374435,0.022931797429919243,0.021767009049654007,0.23927252440667543,0.01293149713891721,0.25,8.718848943710327
441679940,Std-XY p=36,0,spsa,sequential,1,random_shared_stream,80,120,5,72,7.602616310119629,177,2.286100387573242,0.26941949129104614,0.07258686423301697,0.07057055830955505,0.07057055830955505,0.23135726924584998,0.012847478719003411,0.25,8.923532724380493
441679940,Std-XY p=36,0,spsa,sequential,1,random_shared_stream,85,120,5,72,7.602616310119629,187,2.0886318683624268,0.24614763259887695,0.05890564247965813,0.05759662389755249,0.05984065309166908,0.2241025702997003,0.012769052840860788,0.25,9.128615617752075
441679940,Std-XY p=36,0,spsa,sequential,1,random_shared_stream,90,120,5,72,7.602616310119629,197,0.7441692352294922,0.08770118653774261,0.007596541661769152,0.007477844599634409,0.00766775943338871,0.21742331760645914,0.01269554947299621,0.16179975867271423,9.33279037475586
441679940,Std-XY p=36,0,spsa,sequential,1,random_shared_stream,95,120,5,72,7.602616310119629,207,0.09773638099431992,0.011518342420458794,0.00013256985403131694,0.00013226275041233748,0.0001310343068325892,0.211248866572588,0.012626410699612943,0.020646698772907257,9.537137269973755
441679940,Std-XY p=36,0,spsa,sequential,1,random_shared_stream,100,120,5,72,7.602616310119629,217,2.3298330307006836,0.2745734453201294,0.07539056986570358,0.07539056986570358,0.07539057731628418,0.2055200382083954,0.012561167176266359,0.25,9.741273403167725
441679940,Std-XY p=36,0,spsa,sequential,1,random_shared_stream,105,120,5,72,7.602616310119629,227,1.1994808912277222,0.14136017858982086,0.019597230479121208,0.018995901569724083,0.01992102526128292,0.20018684400955267,0.01249942043693397,0.2401202917098999,9.945945978164673
441679940,Std-XY p=36,0,spsa,sequential,1,random_shared_stream,110,120,5,72,7.602616310119629,237,0.2829477787017822,0.03334571421146393,0.0010982089443132281,0.0011119366390630603,0.0010570262093096972,0.19520673770266264,0.012440829393713411,0.05523331090807915,10.150847673416138
441679940,Std-XY p=36,0,spsa,sequential,1,random_shared_stream,115,120,5,72,7.602616310119629,247,0.31885015964508057,0.03757684677839279,0.001407661591656506,0.0013727969489991665,0.001407661591656506,0.19054325576676848,0.012385099893453082,0.060754746198654175,10.355653285980225
441679940,Std-XY p=36,0,spsa,sequential,1,random_shared_stream,120,120,5,72,7.602616310119629,257,2.7319085597991943,0.3219584822654724,0.09397939592599869,0.0956590324640274,0.09213981032371521,0.18616494872746783,0.012331976538504544,0.25,10.559969902038574
441679940,Std-XY p=36,0,spsa,sequential,2,random_shared_stream,1,120,5,72,7.608903884887695,19,0.770983874797821,0.09086132049560547,0.007943641394376755,0.008153856731951237,0.007618760224431753,0.5342211749721383,0.02,0.25,10.999274730682373
441679940,Std-XY p=36,0,spsa,sequential,2,random_shared_stream,5,120,5,72,7.606334209442139,27,0.7753303050994873,0.09137354791164398,0.008342684246599674,0.008323357440531254,0.008246050216257572,0.45455322734024933,0.016999416915812672,0.25,11.167516231536865
441679940,Std-XY p=36,0,spsa,sequential,2,random_shared_stream,10,120,5,72,7.602417945861816,37,0.007658215705305338,0.00090252939844504,8.139307965393527e-07,7.743341257082648e-07,7.919326776573143e-07,0.38920332553691395,0.015850026609609436,0.002980603137984872,11.37246036529541
441679940,Std-XY p=36,0,spsa,sequential,2,random_shared_stream,15,120,5,72,7.602417945861816,47,0.2636842727661133,0.0310754906386137,0.0009537641308270395,0.0009179979097098112,0.0009656862239353359,0.3440598615635482,0.015214047873475552,0.0907231792807579,11.576585292816162
441679940,Std-XY p=36,0,spsa,sequential,2,random_shared_stream,20,120,5,72,7.602417945861816,57,0.6069823503494263,0.07153354585170746,0.005113100633025169,0.00510125607252121,0.005053875967860222,0.31060948199928473,0.014778350620464044,0.1885344684123993,11.78140139579773
441679940,Std-XY p=36,0,spsa,sequential,2,random_shared_stream,25,120,5,72,7.60185432434082,67,2.492371082305908,0.2937287390232086,0.08567742258310318,0.08601027727127075,0.08521142601966858,0.2846148515766501,0.014449008773880907,0.25,11.986517429351807
441679940,Std-XY p=36,0,spsa,sequential,2,random_shared_stream,30,120,5,72,7.60185432434082,77,0.16329431533813477,0.019244419410824776,0.0003703476977534592,0.0003657754568848759,0.00036577548598870635,0.26370533949812736,0.014185372641231635,0.04306158423423767,12.19088864326477
441679940,Std-XY p=36,0,spsa,sequential,2,random_shared_stream,35,120,5,72,7.60185432434082,87,2.072700262069702,0.24427005648612976,0.058931224048137665,0.059667859226465225,0.05672131106257439,0.2464405025819253,0.013966227856027484,0.25,12.39558720588684
441679940,Std-XY p=36,0,spsa,sequential,2,random_shared_stream,40,120,5,72,7.60185432434082,97,1.2669074535369873,0.1493064910173416,0.02222362346947193,0.022223621606826782,0.022223619744181633,0.2318894462148043,0.013779134410346052,0.25,12.599342107772827
441679940,Std-XY p=36,0,spsa,sequential,2,random_shared_stream,45,120,5,72,7.60185432434082,107,1.2964805364608765,0.15279169380664825,0.023273246362805367,0.020751379430294037,0.018733881413936615,0.2194210723336805,0.013616187769422706,0.25,12.7958345413208
441679940,Std-XY p=36,0,spsa,sequential,2,random_shared_stream,50,120,5,72,7.60185432434082,117,2.0700416564941406,0.2439567595720291,0.053958334028720856,0.050514187663793564,0.05657588690519333,0.20859082375813548,0.013472060523173781,0.25,12.988036870956421
441679940,Std-XY p=36,0,spsa,sequential,2,random_shared_stream,55,120,5,72,7.601424694061279,127,0.6889556646347046,0.081194207072258,0.00659249909222126,0.00659249909222126,0.006592499557882547,0.19907556870337784,0.01334299625175472,0.1371542513370514,13.174782991409302
441679940,Std-XY p=36,0,spsa,sequential,2,random_shared_stream,60,120,5,72,7.601424694061279,137,0.7572904825210571,0.08924754709005356,0.007743870373815298,0.007743870373815298,0.007743870373815298,0.19063420754953678,0.013226249755755135,0.14436545968055725,13.360849857330322
441679940,Std-XY p=36,0,spsa,sequential,2,random_shared_stream,65,120,5,72,7.601424694061279,147,0.6488679647445679,0.07646982371807098,0.005829585716128349,0.005558861885219812,0.005775440949946642,0.18308281432751766,0.01311975565249048,0.11879657208919525,13.546517372131348
441679940,Std-XY p=36,0,spsa,sequential,2,random_shared_stream,70,120,5,72,7.601424694061279,157,1.5372589826583862,0.18116770684719086,0.03191002085804939,0.030289195477962494,0.03272043168544769,0.1762783826234686,0.013021922119457682,0.25,13.731781005859375
441679940,Std-XY p=36,0,spsa,sequential,2,random_shared_stream,75,120,5,72,7.601424694061279,167,0.3260282874107361,0.03842280060052872,0.0014751724665984511,0.0014717549784108996,0.0014763115905225277,0.17010786984326837,0.01293149713891721,0.05545997992157936,13.917278289794922
441679940,Std-XY p=36,0,spsa,sequential,2,random_shared_stream,80,120,5,72,7.601424694061279,177,0.7311174273490906,0.08616302162408829,0.007424064911901951,0.007217841222882271,0.007217841222882271,0.16448061615832169,0.012847478719003411,0.12025463581085205,14.209789037704468
441679940,Std-XY p=36,0,spsa,sequential,2,random_shared_stream,85,120,5,72,7.601424694061279,187,1.9683806896209717,0.23197589814662933,0.05364672839641571,0.05364672839641571,0.052318017929792404,0.1593229768215701,0.012769052840860788,0.25,14.39506196975708
441679940,Std-XY p=36,0,spsa,sequential,2,random_shared_stream,90,120,5,72,7.601424694061279,197,2.864015817642212,0.3375275135040283,0.11313368380069733,0.10829891264438629,0.11357320845127106,0.15457444394839717,0.01269554947299621,0.25,14.580487251281738
441679940,Std-XY p=36,0,spsa,sequential,2,random_shared_stream,95,120,5,72,7.601424694061279,207,0.01265766378492117,0.0014917200896888971,2.2097756300354376e-06,2.2183603505254723e-06,2.1153402940399246e-06,0.15018479363051018,0.012626410699612943,0.001900988630950451,14.76584529876709
441679940,Std-XY p=36,0,spsa,sequential,2,random_shared_stream,100,120,5,72,7.601424694061279,217,1.0963068008422852,0.1292009949684143,0.01637088879942894,0.01586855575442314,0.016641374677419662,0.1461119532902036,0.012561167176266359,0.16018353402614594,14.950796604156494
441679940,Std-XY p=36,0,spsa,sequential,2,random_shared_stream,105,120,5,72,7.601424694061279,227,0.6563075184822083,0.07734657824039459,0.0059086354449391365,0.0059086354449391365,0.0059086354449391365,0.14232038421274582,0.01249942043693397,0.09340593218803406,15.141415357589722
441679940,Std-XY p=36,0,spsa,sequential,2,random_shared_stream,110,120,5,72,7.601424694061279,237,1.3662798404693604,0.16101762652397156,0.025906670838594437,0.025206489488482475,0.025606591254472733,0.13877983864630947,0.012440829393713411,0.18961209058761597,15.326852798461914
441679940,Std-XY p=36,0,spsa,sequential,2,random_shared_stream,115,120,5,72,7.601424694061279,247,1.3841886520385742,0.16312819719314575,0.026426011696457863,0.026528678834438324,0.026282280683517456,0.1354643932973934,0.012385099893453082,0.18750828504562378,15.511838436126709
441679940,Std-XY p=36,0,spsa,sequential,2,random_shared_stream,120,120,5,72,7.601424694061279,257,2.6464390754699707,0.3118858337402344,0.09539636969566345,0.09246917814016342,0.09697254747152328,0.13235168954746615,0.012331976538504544,0.25,15.69705080986023
441679940,Std-XY p=36,0,spsa,sequential,3,random_shared_stream,1,120,5,72,7.60737943649292,19,0.9578124284744263,0.11287927627563477,0.012731899507343769,0.012387793511152267,0.012584425508975983,0.7254541759453441,0.02,0.25,16.106224060058594
441679940,Std-XY p=36,0,spsa,sequential,3,random_shared_stream,5,120,5,72,7.60737943649292,27,0.45615366101264954,0.05375822260975838,0.00280967028811574,0.0027472332585603,0.0028542682994157076,0.6172678141794274,0.016999416915812672,0.25,16.254633903503418
441679940,Std-XY p=36,0,spsa,sequential,3,random_shared_stream,10,120,5,72,7.60737943649292,37,3.2209179401397705,0.3795888125896454,0.14408767223358154,0.14364296197891235,0.14364296197891235,0.5285248714023645,0.015850026609609436,0.25,16.44131898880005
441679940,Std-XY p=36,0,spsa,sequential,3,random_shared_stream,15,120,5,72,7.604889869689941,47,0.4912000596523285,0.05788848176598549,0.0032864336390048265,0.0033510762732475996,0.0030925057362765074,0.4672215835687731,0.015214047873475552,0.22949926555156708,16.645811080932617
441679940,Std-XY p=36,0,spsa,sequential,3,random_shared_stream,20,120,5,72,7.604889869689941,57,1.6880242824554443,0.19893556833267212,0.03908677399158478,0.038476042449474335,0.03945321589708328,0.4217971064444484,0.014778350620464044,0.25,16.84569215774536
441679940,Std-XY p=36,0,spsa,sequential,3,random_shared_stream,25,120,5,72,7.604889869689941,67,0.6105965971946716,0.0719594955444336,0.004854533821344376,0.005034330766648054,0.004602816887199879,0.38649728293363445,0.014449008773880907,0.2359939068555832,17.046382904052734
441679940,Std-XY p=36,0,spsa,sequential,3,random_shared_stream,30,120,5,72,7.604889869689941,77,0.2375967800617218,0.028001049533486366,0.000778613961301744,0.0007235603989101946,0.0007743790047243237,0.3581028770864026,0.014185372641231635,0.08508409559726715,17.24606490135193
441679940,Std-XY p=36,0,spsa,sequential,3,random_shared_stream,35,120,5,72,7.604889869689941,87,1.347711443901062,0.15882931649684906,0.02452600747346878,0.02141159400343895,0.025148890912532806,0.3346578160804862,0.013966227856027484,0.25,17.44604229927063
441679940,Std-XY p=36,0,spsa,sequential,3,random_shared_stream,40,120,5,72,7.604889869689941,97,1.4173976182937622,0.16704191267490387,0.02790299989283085,0.027816878631711006,0.027816878631711006,0.314897976709659,0.013779134410346052,0.25,17.64534616470337
441679940,Std-XY p=36,0,spsa,sequential,3,random_shared_stream,45,120,5,72,7.603872299194336,107,0.18497802317142487,0.02179986983537674,0.0004748676728922874,0.0004737675772048533,0.00047523429384455085,0.2979663492806623,0.013616187769422706,0.055117230862379074,17.847636699676514
441679940,Std-XY p=36,0,spsa,sequential,3,random_shared_stream,50,120,5,72,7.603872299194336,117,0.5404483079910278,0.06369243562221527,0.004056727513670921,0.004056727513670921,0.004056727513670921,0.2832592402708687,0.013472060523173781,0.15308697521686554,18.05006456375122
441679940,Std-XY p=36,0,spsa,sequential,3,random_shared_stream,55,120,5,72,7.60261344909668,127,2.252751588821411,0.2654893398284912,0.06961441040039062,0.06504596769809723,0.07026705145835876,0.27033784771277886,0.01334299625175472,0.25,18.251294136047363
441679940,Std-XY p=36,0,spsa,sequential,3,random_shared_stream,60,120,5,72,7.60261344909668,137,2.1779556274414062,0.25667455792427063,0.06339092552661896,0.058561623096466064,0.06567849218845367,0.2588747665272827,0.013226249755755135,0.25,18.450613737106323
441679940,Std-XY p=36,0,spsa,sequential,3,random_shared_stream,65,120,5,72,7.60261344909668,147,1.7740556001663208,0.2090744525194168,0.04357721284031868,0.04357721284031868,0.0424979031085968,0.24862023150739163,0.01311975565249048,0.25,18.65233826637268
441679940,Std-XY p=36,0,spsa,sequential,3,random_shared_stream,70,120,5,72,7.60261344909668,157,1.288843035697937,0.15189160406589508,0.023053258657455444,0.02193174697458744,0.021290887147188187,0.23938004480963532,0.013021922119457682,0.25,18.85384249687195
441679940,Std-XY p=36,0,spsa,sequential,3,random_shared_stream,75,120,5,72,7.60261344909668,167,1.4115897417068481,0.16635744273662567,0.02714095078408718,0.026906054466962814,0.027333132922649384,0.2310006984380621,0.01293149713891721,0.25,19.05301308631897
441679940,Std-XY p=36,0,spsa,sequential,3,random_shared_stream,80,120,5,72,7.60261344909668,177,0.043303314596414566,0.005103344563394785,2.554173261160031e-05,2.5320678105344996e-05,2.572259290900547e-05,0.2233590794306139,0.012847478719003411,0.009672188200056553,19.257221937179565
441679940,Std-XY p=36,0,spsa,sequential,3,random_shared_stream,85,120,5,72,7.60261344909668,187,0.7210319638252258,0.08497443795204163,0.007020080462098122,0.0072206538170576096,0.006418359000235796,0.21635518072693266,0.012769052840860788,0.15599898993968964,19.456298351287842
441679940,Std-XY p=36,0,spsa,sequential,3,random_shared_stream,90,120,5,72,7.60261344909668,197,1.0757787227630615,0.12678173184394836,0.015961982309818268,0.016023995354771614,0.01587516814470291,0.20990683467880628,0.01269554947299621,0.22581328451633453,19.657376050949097
441679940,Std-XY p=36,0,spsa,sequential,3,random_shared_stream,95,120,5,72,7.60261344909668,207,0.47506290674209595,0.05598670244216919,0.0030740457586944103,0.0029797202441841364,0.0031248365994542837,0.20394583892790402,0.012626410699612943,0.09688710421323776,19.854885578155518
441679940,Std-XY p=36,0,spsa,sequential,3,random_shared_stream,100,120,5,72,7.60261344909668,217,1.1644333600997925,0.137229785323143,0.01859952136874199,0.018773891031742096,0.01830890215933323,0.19841506034544112,0.012561167176266359,0.23104111850261688,20.057929277420044
441679940,Std-XY p=36,0,spsa,sequential,3,random_shared_stream,105,120,5,72,7.60261344909668,227,2.301041841506958,0.2711803615093231,0.07331182062625885,0.07353879511356354,0.07263090461492538,0.19326623856620254,0.01249942043693397,0.25,20.25885248184204
441679940,Std-XY p=36,0,spsa,sequential,3,random_shared_stream,110,120,5,72,7.60261344909668,237,0.6662281155586243,0.07851574569940567,0.006164720747619867,0.006164720747619867,0.006164720747619867,0.18845829817254442,0.012440829393713411,0.12555621564388275,20.459893226623535
441679940,Std-XY p=36,0,spsa,sequential,3,random_shared_stream,115,120,5,72,7.60261344909668,247,3.0292398929595947,0.35699933767318726,0.12499003857374191,0.12115478515625,0.12705515325069427,0.18395603621406786,0.012385099893453082,0.25,20.661207914352417
441679940,Std-XY p=36,0,spsa,sequential,3,random_shared_stream,120,120,5,72,7.60261344909668,257,1.2574357986450195,0.1481902301311493,0.02194339781999588,0.02168922871351242,0.021350335329771042,0.1797290904476758,0.012331976538504544,0.22599779069423676,20.862517595291138
441679940,Std-XY p=36,0,spsa,sequential,4,continuation,1,120,5,72,1.5381704568862915,19,142.87367248535156,16.83782386779785,282.63726806640625,269.5116882324219,280.01214599609375,0.002555613030678392,0.02,0.25,21.2854642868042
441679940,Std-XY p=36,0,spsa,sequential,4,continuation,5,120,5,72,1.5381704568862915,27,912.2994384765625,107.5155258178711,11479.3125,11523.9091796875,11416.876953125,0.0021744966417481374,0.016999416915812672,0.25,21.448575258255005
441679940,Std-XY p=36,0,spsa,sequential,4,continuation,10,120,5,72,1.5381704568862915,37,158.64210510253906,18.696151733398438,347.1186828613281,322.57489013671875,345.2306823730469,0.0018618750752015334,0.015850026609609436,0.25,21.6523220539093
441679940,Std-XY p=36,0,spsa,sequential,4,continuation,15,120,5,72,1.5381704568862915,47,592.2599487304688,69.79850006103516,4868.07177734375,4736.501953125,4631.24658203125,0.0016459172843365213,0.015214047873475552,0.25,21.85330033302307
441679940,Std-XY p=36,0,spsa,sequential,4,continuation,20,120,5,72,1.5381704568862915,57,131.66384887695312,15.516732215881348,240.58322143554688,234.08094787597656,237.79652404785156,0.0014858969970462836,0.014778350620464044,0.19563889503479004,22.054057359695435
441679940,Std-XY p=36,0,spsa,sequential,4,continuation,25,120,5,72,1.5381704568862915,67,44.72378158569336,5.270748615264893,27.00910186767578,27.69504737854004,25.637210845947266,0.0013615436030812867,0.014449008773880907,0.060893379151821136,22.25421690940857
441679940,Std-XY p=36,0,spsa,sequential,4,continuation,30,120,5,72,1.5381704568862915,77,74.16827392578125,8.740816116333008,74.92804718017578,76.1660385131836,72.62891387939453,0.0012615164532106605,0.014185372641231635,0.09356450289487839,22.4541597366333
441679940,Std-XY p=36,0,spsa,sequential,4,continuation,35,120,5,72,1.5381704568862915,87,200.22119140625,23.59629249572754,555.066650390625,541.31884765625,555.066650390625,0.001178924739773086,0.013966227856027484,0.236045703291893,22.654175281524658
441679940,Std-XY p=36,0,spsa,sequential,4,continuation,40,120,5,72,1.5381704568862915,97,177.2851104736328,20.893253326416016,435.1806640625,436.5279541015625,431.1387634277344,0.0011093152390566651,0.013779134410346052,0.19666507840156555,22.853349447250366
441679940,Std-XY p=36,0,spsa,sequential,4,continuation,45,120,5,72,1.5381704568862915,107,83.55866241455078,9.847482681274414,96.29949188232422,96.67361450195312,95.77572631835938,0.0010496688973263284,0.013616187769422706,0.08770892769098282,23.052102088928223
441679940,Std-XY p=36,0,spsa,sequential,4,continuation,50,120,5,72,1.5381704568862915,117,188.01171875,22.157394409179688,481.4796447753906,490.9500732421875,453.0681457519531,0.0009978590371376294,0.013472060523173781,0.1876092106103897,23.251852989196777
441679940,Std-XY p=36,0,spsa,sequential,4,continuation,55,120,5,72,1.5381704568862915,127,49.54007339477539,5.838353633880615,33.66554641723633,33.981163024902344,33.1395263671875,0.0009523398571660843,0.01334299625175472,0.047178979963064194,23.456026077270508
441679940,Std-XY p=36,0,spsa,sequential,4,continuation,60,120,5,72,1.5381704568862915,137,201.60018920898438,23.75881004333496,560.56103515625,562.7388916015625,557.51220703125,0.0009119579824443576,0.013226249755755135,0.18385091423988342,23.661360025405884
441679940,Std-XY p=36,0,spsa,sequential,4,continuation,65,120,5,72,1.5381704568862915,147,208.56341552734375,24.57943344116211,592.4944458007812,602.283935546875,574.3140869140625,0.0008758335459336276,0.01311975565249048,0.1826668381690979,23.860669374465942
441679940,Std-XY p=36,0,spsa,sequential,4,continuation,70,120,5,72,1.5381704568862915,157,340.80712890625,40.16450500488281,1552.195068359375,1593.2716064453125,1488.713134765625,0.0008432824320057008,0.013021922119457682,0.25,24.062501668930054
441679940,Std-XY p=36,0,spsa,sequential,4,continuation,75,120,5,72,1.5381704568862915,167,1660.264404296875,195.66403198242188,38254.875,38284.41796875,38166.25390625,0.0008137638662770591,0.01293149713891721,0.25,24.261146783828735
441679940,Std-XY p=36,0,spsa,sequential,4,continuation,80,120,5,72,1.5381704568862915,177,571.0870971679688,67.30326080322266,4515.748046875,4306.03857421875,4473.806640625,0.0007868441492798196,0.012847478719003411,0.25,24.462624549865723
441679940,Std-XY p=36,0,spsa,sequential,4,continuation,85,120,5,72,1.5381704568862915,187,714.723876953125,84.23101806640625,7089.390625,7007.27392578125,7072.966796875,0.0007621709784770538,0.012769052840860788,0.25,24.66148352622986
441679940,Std-XY p=36,0,spsa,sequential,4,continuation,90,120,5,72,1.5381704568862915,197,432.04095458984375,50.91651153564453,2520.4775390625,2592.4912109375,2304.4365234375,0.0007394548955963661,0.01269554947299621,0.25,24.865577697753906
441679940,Std-XY p=36,0,spsa,sequential,4,continuation,95,120,5,72,1.5381704568862915,207,284.7567443847656,33.55890655517578,1126.199951171875,1094.91650390625,1094.91650390625,0.0007184556389624474,0.012626410699612943,0.20458509027957916,25.066867351531982
441679940,Std-XY p=36,0,spsa,sequential,4,continuation,100,120,5,72,1.5381704568862915,217,19.70936393737793,2.322770833969116,5.357796669006348,5.395264148712158,5.245395660400391,0.0006989719413233507,0.012561167176266359,0.013776293024420738,25.265931129455566
441679940,Std-XY p=36,0,spsa,sequential,4,continuation,105,120,5,72,1.5381704568862915,227,511.9662780761719,60.3358039855957,3629.173828125,3629.173583984375,3629.173828125,0.0006808337921914416,0.01249942043693397,0.25,25.470125675201416
441679940,Std-XY p=36,0,spsa,sequential,4,continuation,110,120,5,72,1.5381704568862915,237,79.33937072753906,9.35023307800293,86.81974792480469,87.15704345703125,86.34752655029297,0.0006638964920446114,0.012440829393713411,0.05267312750220299,25.669174194335938
441679940,Std-XY p=36,0,spsa,sequential,4,continuation,115,120,5,72,1.5381704568862915,247,28.239147186279297,3.3280153274536133,11.067140579223633,10.768027305603027,10.938949584960938,0.0006480360287512315,0.012385099893453082,0.01829998381435871,25.869726419448853
441679940,Std-XY p=36,0,spsa,sequential,4,continuation,120,120,5,72,1.5381704568862915,257,293.617919921875,34.60320281982422,1182.59912109375,1197.3814697265625,1138.25146484375,0.0006331454429103192,0.012331976538504544,0.18590284883975983,26.074093341827393
