seed,label,trial,optimizer,optimizer_execution,restart,initializer_role,step,max_steps,restart_count,parameter_count,energy_min,objective_calls,gradient_l2,gradient_abs_mean,gradient_variance,gamma_gradient_variance,beta_gradient_variance,spsa_a_k,spsa_c_k,spsa_update_l2,elapsed_sec
226309162,d-XY p=20,0,spsa,sequential,0,deterministic_linear_ramp,1,120,5,60,12.978760719299316,19,56.18133544921875,7.252979755401611,52.37190246582031,51.42207717895508,52.07965087890625,0.001870438405406736,0.01,0.10508372634649277,0.3348989486694336
226309162,d-XY p=20,0,spsa,sequential,0,deterministic_linear_ramp,5,120,5,60,12.978760719299316,27,130.2473907470703,16.814865112304688,282.7397155761719,257.2930908203125,180.95339965820312,0.0015915015232466658,0.008499708457906336,0.207288920879364,0.4418628215789795
226309162,d-XY p=20,0,spsa,sequential,0,deterministic_linear_ramp,10,120,5,60,9.327052116394043,37,45.47015380859375,5.870172023773193,33.846309661865234,33.08055877685547,34.45891571044922,0.0013626956056809825,0.007925013304804718,0.061961978673934937,0.5729541778564453
226309162,d-XY p=20,0,spsa,sequential,0,deterministic_linear_ramp,15,120,5,60,8.285724639892578,47,70.03475189208984,9.041448593139648,81.38444519042969,80.93029022216797,81.74777221679688,0.001204637346808555,0.007607023936737776,0.08436647802591324,0.7008814811706543
226309162,d-XY p=20,0,spsa,sequential,0,deterministic_linear_ramp,20,120,5,60,8.248520851135254,57,72.89481353759766,9.410679817199707,88.4625015258789,88.33949279785156,85.0184555053711,0.0010875194234770918,0.007389175310232022,0.07927452772855759,0.8295164108276367
226309162,d-XY p=20,0,spsa,sequential,0,deterministic_linear_ramp,25,120,5,60,8.126709938049316,67,2.061380386352539,0.26612311601638794,0.07050672918558121,0.07082150131464005,0.06798864156007767,0.0009965058932114939,0.007224504386940453,0.002054177690297365,0.9575936794281006
226309162,d-XY p=20,0,spsa,sequential,0,deterministic_linear_ramp,30,120,5,60,7.939052581787109,77,129.27474975585938,16.689298629760742,270.7956848144531,267.391357421875,275.74737548828125,0.0009232966003899864,0.007092686320615818,0.11935893446207047,1.0863680839538574
226309162,d-XY p=20,0,spsa,sequential,0,deterministic_linear_ramp,35,120,5,60,7.788168907165527,87,107.84261322021484,13.922423362731934,192.9723358154297,193.8338165283203,186.08045959472656,0.0008628482027149362,0.006983113928013742,0.09305180609226227,1.2147271633148193
226309162,d-XY p=20,0,spsa,sequential,0,deterministic_linear_ramp,40,120,5,60,7.674651145935059,97,4.337128639221191,0.5599209070205688,0.3079379200935364,0.30645743012428284,0.3103763163089752,0.0008119014114917678,0.006889567205173026,0.003521320875734091,1.3437261581420898
226309162,d-XY p=20,0,spsa,sequential,0,deterministic_linear_ramp,45,120,5,60,7.641271114349365,107,81.87605285644531,10.570154190063477,101.672607421875,101.672607421875,101.672607421875,0.0007682465987422721,0.006808093884711353,0.06290100514888763,1.472499132156372
226309162,d-XY p=20,0,spsa,sequential,0,deterministic_linear_ramp,50,120,5,60,7.641271114349365,117,70.96179962158203,9.161128997802734,68.16679382324219,66.93120574951172,70.49807739257812,0.0007303272615373073,0.006736030261586891,0.05182533711194992,1.5989720821380615
226309162,d-XY p=20,0,spsa,sequential,0,deterministic_linear_ramp,55,120,5,60,7.640858173370361,127,8.47474479675293,1.0940849781036377,1.1917016506195068,1.170088768005371,1.1850515604019165,0.0006970120368223988,0.00667149812587736,0.005906999111175537,1.7276580333709717
226309162,d-XY p=20,0,spsa,sequential,0,deterministic_linear_ramp,60,120,5,60,7.636669635772705,137,2.177391290664673,0.2811000347137451,0.07901720702648163,0.07901720702648163,0.07901720702648163,0.000667456776125598,0.006613124877877567,0.0014533146750181913,1.853182077407837
226309162,d-XY p=20,0,spsa,sequential,0,deterministic_linear_ramp,65,120,5,60,7.636669635772705,147,141.0686492919922,18.211883544921875,318.4057922363281,301.8221435546875,331.6727294921875,0.0006410175098469273,0.00655987782624524,0.0904274731874466,1.9798779487609863
226309162,d-XY p=20,0,spsa,sequential,0,deterministic_linear_ramp,70,120,5,60,7.542972564697266,157,138.99964904785156,17.94477653503418,318.79486083984375,321.2099914550781,309.1344299316406,0.0006171935377123814,0.006510961059728841,0.08578968048095703,2.1085145473480225
226309162,d-XY p=20,0,spsa,sequential,0,deterministic_linear_ramp,75,120,5,60,7.482085704803467,167,16.024444580078125,2.0687472820281982,3.97537899017334,3.8945395946502686,4.108525276184082,0.0005955890700764035,0.006465748569458605,0.009543984197080135,2.2332165241241455
226309162,d-XY p=20,0,spsa,sequential,0,deterministic_linear_ramp,80,120,5,60,7.428753852844238,177,59.2147216796875,7.644587516784668,58.43971633911133,58.43971633911133,58.43971633911133,0.0005758866848052847,0.006423739359501706,0.0341009683907032,2.3589131832122803
226309162,d-XY p=20,0,spsa,sequential,0,deterministic_linear_ramp,85,120,5,60,7.421747207641602,187,25.53087615966797,3.2960221767425537,10.091225624084473,8.663848876953125,10.755123138427734,0.0005578285337085974,0.006384526420430394,0.014241850934922695,2.487889289855957
226309162,d-XY p=20,0,spsa,sequential,0,deterministic_linear_ramp,90,120,5,60,7.407419204711914,197,16.7062931060791,2.156773328781128,4.651669979095459,4.640040874481201,4.6051530838012695,0.0005412027639498786,0.006347774736498105,0.009041492827236652,2.617720365524292
226309162,d-XY p=20,0,spsa,sequential,0,deterministic_linear_ramp,95,120,5,60,7.342657566070557,207,66.8189926147461,8.62629508972168,72.34593200683594,71.43643951416016,73.66883087158203,0.0005258335293977103,0.006313205349806472,0.0351356640458107,2.7450132369995117
226309162,d-XY p=20,0,spsa,sequential,0,deterministic_linear_ramp,100,120,5,60,7.314304351806641,217,30.815757751464844,3.978297472000122,15.545482635498047,15.193774223327637,15.826848983764648,0.0005115735237137414,0.0062805835881331795,0.015764525160193443,2.871932029724121
226309162,d-XY p=20,0,spsa,sequential,0,deterministic_linear_ramp,105,120,5,60,7.294221878051758,227,59.64142990112305,7.699676036834717,51.3144645690918,52.02259063720703,49.799400329589844,0.0004982983172047529,0.006249710218466985,0.029719224199652672,3.0001614093780518
226309162,d-XY p=20,0,spsa,sequential,0,deterministic_linear_ramp,110,120,5,60,7.241131782531738,237,30.782207489013672,3.973966121673584,15.160709381103516,14.371088981628418,15.79240608215332,0.0004859020051268939,0.006220414696856706,0.01495713647454977,3.1285760402679443
226309162,d-XY p=20,0,spsa,sequential,0,deterministic_linear_ramp,115,120,5,60,7.241131782531738,247,48.65355682373047,6.281147480010986,39.058284759521484,39.45281219482422,35.90205764770508,0.00047429382371783025,0.006192549946726541,0.02307608537375927,3.255955457687378
226309162,d-XY p=20,0,spsa,sequential,0,deterministic_linear_ramp,120,120,5,60,7.170497417449951,257,43.12841033935547,5.567853927612305,30.69098663330078,30.690988540649414,30.690988540649414,0.0004633954900102209,0.006165988269252272,0.019985511898994446,3.3834662437438965
226309162,d-XY p=20,0,spsa,sequential,1,random_shared_stream,1,120,5,60,7.725727081298828,19,0.4441511631011963,0.05733967199921608,0.003284184029325843,0.0032138607930392027,0.0031563241500407457,0.21414258455169477,0.01,0.09511168301105499,3.6511833667755127
226309162,d-XY p=20,0,spsa,sequential,1,random_shared_stream,5,120,5,60,7.725727081298828,27,0.40348148345947266,0.05208924040198326,0.002469092607498169,0.0026522395201027393,0.001736504607833922,0.18220768378196858,0.008499708457906336,0.07351742684841156,3.7536137104034424
226309162,d-XY p=20,0,spsa,sequential,1,random_shared_stream,10,120,5,60,7.722086429595947,37,0.7489650845527649,0.09669098258018494,0.008840138092637062,0.008764824829995632,0.008975179865956306,0.15601217239458198,0.007925013304804718,0.1168476790189743,3.8798270225524902
226309162,d-XY p=20,0,spsa,sequential,1,random_shared_stream,15,120,5,60,7.722086429595947,47,1.0626187324523926,0.13718350231647491,0.018798401579260826,0.018631117418408394,0.018631117418408394,0.13791641261610252,0.007607023936737776,0.14655257761478424,4.00640082359314
226309162,d-XY p=20,0,spsa,sequential,1,random_shared_stream,20,120,5,60,7.722086429595947,57,3.1808691024780273,0.4106484353542328,0.16394789516925812,0.1534552425146103,0.16694580018520355,0.12450782630444955,0.007389175310232022,0.25,4.135343551635742
226309162,d-XY p=20,0,spsa,sequential,1,random_shared_stream,25,120,5,60,7.719869136810303,67,0.539885401725769,0.06969890743494034,0.004836346488445997,0.00480935862287879,0.004857937805354595,0.11408787740695518,0.007224504386940453,0.06159438565373421,4.264692306518555
226309162,d-XY p=20,0,spsa,sequential,1,random_shared_stream,30,120,5,60,7.719869136810303,77,1.9476302862167358,0.2514379918575287,0.0629400834441185,0.061798594892024994,0.06258885562419891,0.1057062984505552,0.007092686320615818,0.20587678253650665,4.3926708698272705
226309162,d-XY p=20,0,spsa,sequential,1,random_shared_stream,35,120,5,60,7.719869136810303,87,1.5230484008789062,0.19662469625473022,0.0384894460439682,0.036244940012693405,0.03518175706267357,0.09878568771420271,0.006983113928013742,0.15045538544654846,4.521122455596924
226309162,d-XY p=20,0,spsa,sequential,1,random_shared_stream,40,120,5,60,7.719869136810303,97,0.3146964907646179,0.040627140551805496,0.0016340590082108974,0.001584542216733098,0.0016340591246262193,0.09295289604589194,0.006889567205173026,0.0292519498616457,4.647695302963257
226309162,d-XY p=20,0,spsa,sequential,1,random_shared_stream,45,120,5,60,7.719869136810303,107,1.270594835281372,0.16403310000896454,0.02687695436179638,0.026637783274054527,0.026637783274054527,0.08795494775565438,0.006808093884711353,0.11175510287284851,4.7765724658966064
226309162,d-XY p=20,0,spsa,sequential,1,random_shared_stream,50,120,5,60,7.719869136810303,117,0.6728003621101379,0.08685816079378128,0.007242565508931875,0.007242565043270588,0.007242565043270588,0.08361364207561374,0.006736030261586891,0.0562552884221077,4.902369976043701
226309162,d-XY p=20,0,spsa,sequential,1,random_shared_stream,55,120,5,60,7.719869136810303,127,1.199723720550537,0.15488368272781372,0.023322589695453644,0.021050306037068367,0.023029394447803497,0.0797994516137687,0.00667149812587736,0.09573729336261749,5.031503200531006
226309162,d-XY p=20,0,spsa,sequential,1,random_shared_stream,60,120,5,60,7.719869136810303,137,0.19743691384792328,0.025488998740911484,0.0006468014908023179,0.0006431920919567347,0.0006496889400295913,0.0764157315755054,0.006613124877877567,0.015087286941707134,5.15653657913208
226309162,d-XY p=20,0,spsa,sequential,1,random_shared_stream,65,120,5,60,7.719869136810303,147,2.4549148082733154,0.3169281780719757,0.1003318578004837,0.09818347543478012,0.09642571210861206,0.07338875522696649,0.00655987782624524,0.18016314506530762,5.283885955810547
226309162,d-XY p=20,0,spsa,sequential,1,random_shared_stream,70,120,5,60,7.719869136810303,157,0.008792904205620289,0.0011351590510457754,1.2871543049186585e-06,1.2595929774761316e-06,1.2370426247798605e-06,0.07066119844004849,0.006510961059728841,0.0006213171873241663,5.411087274551392
226309162,d-XY p=20,0,spsa,sequential,1,random_shared_stream,75,120,5,60,7.719869136810303,167,0.9491333365440369,0.12253259867429733,0.014747316017746925,0.014864092692732811,0.014413666911423206,0.06818774808527688,0.006465748569458605,0.06471926718950272,5.539593935012817
226309162,d-XY p=20,0,spsa,sequential,1,random_shared_stream,80,120,5,60,7.719869136810303,177,1.2658333778381348,0.16341839730739594,0.026586877182126045,0.025637347251176834,0.01709156483411789,0.06593206316585118,0.006423739359501706,0.08345901221036911,5.667723655700684
226309162,d-XY p=20,0,spsa,sequential,1,random_shared_stream,85,120,5,60,7.719869136810303,187,2.2776265144348145,0.294040322303772,0.08300130069255829,0.08559510111808777,0.07262615114450455,0.06386462318125102,0.006384526420430394,0.14545975625514984,5.794964075088501
226309162,d-XY p=20,0,spsa,sequential,1,random_shared_stream,90,120,5,60,7.719869136810303,197,1.279236078262329,0.16514867544174194,0.026516467332839966,0.027001339942216873,0.02481941506266594,0.06196117354291917,0.006347774736498105,0.07926297187805176,5.922044515609741
226309162,d-XY p=20,0,spsa,sequential,1,random_shared_stream,95,120,5,60,7.719869136810303,207,0.8521308898925781,0.11000962555408478,0.011981097050011158,0.011981096118688583,0.011981096118688583,0.0602015819947191,0.006313205349806472,0.051299627870321274,6.048315525054932
226309162,d-XY p=20,0,spsa,sequential,1,random_shared_stream,100,120,5,60,7.719229698181152,217,2.507920742034912,0.3237711787223816,0.10063467174768448,0.10377950966358185,0.0880553349852562,0.058568983741785485,0.0062805835881331795,0.14688637852668762,6.176546096801758
226309162,d-XY p=20,0,spsa,sequential,1,random_shared_stream,105,120,5,60,7.719229698181152,227,1.2907391786575317,0.1666337102651596,0.02748912386596203,0.02714204229414463,0.027766793966293335,0.05704913308855101,0.006249710218466985,0.07363554835319519,6.3046534061431885
226309162,d-XY p=20,0,spsa,sequential,1,random_shared_stream,110,120,5,60,7.719229698181152,237,2.2156941890716553,0.2860448956489563,0.0803670734167099,0.07854881137609482,0.08182168006896973,0.05562990522219159,0.006220414696856706,0.12325885891914368,6.433276414871216
226309162,d-XY p=20,0,spsa,sequential,1,random_shared_stream,115,120,5,60,7.719229698181152,247,1.2707430124282837,0.16405221819877625,0.026913132518529892,0.026845848187804222,0.02664400078356266,0.05430090878921829,0.006192549946726541,0.06900250166654587,6.560911417007446
226309162,d-XY p=20,0,spsa,sequential,1,random_shared_stream,120,120,5,60,7.7186598777771,257,1.179774522781372,0.15230825543403625,0.023197799921035767,0.02313980646431446,0.022965822368860245,0.05305318133628095,0.006165988269252272,0.06259079277515411,6.688104152679443
226309162,d-XY p=20,0,spsa,sequential,2,random_shared_stream,1,120,5,60,7.738661289215088,19,0.7616130709648132,0.09832382947206497,0.009399030357599258,0.009570898488163948,0.008797491900622845,0.8155364077668429,0.01,0.25,6.954407215118408
226309162,d-XY p=20,0,spsa,sequential,2,random_shared_stream,5,120,5,60,7.726369380950928,27,0.8727975487709045,0.1126776933670044,0.01234358549118042,0.011553596705198288,0.012569298967719078,0.6939161596940177,0.008499708457906336,0.25,7.057266473770142
226309162,d-XY p=20,0,spsa,sequential,2,random_shared_stream,10,120,5,60,7.726369380950928,37,1.7151161432266235,0.221420556306839,0.04554068669676781,0.04461462050676346,0.04706597328186035,0.5941536892764276,0.007925013304804718,0.25,7.1857380867004395
226309162,d-XY p=20,0,spsa,sequential,2,random_shared_stream,15,120,5,60,7.726369380950928,47,1.635320782661438,0.21111902594566345,0.038578882813453674,0.03743984177708626,0.04055982455611229,0.525238153599822,0.007607023936737776,0.25,7.3122735023498535
226309162,d-XY p=20,0,spsa,sequential,2,random_shared_stream,20,120,5,60,7.726369380950928,57,1.0069711208343506,0.12999942898750305,0.016899848356842995,0.01673085056245327,0.016223855316638947,0.47417315717825637,0.007389175310232022,0.25,7.441108703613281
226309162,d-XY p=20,0,spsa,sequential,2,random_shared_stream,25,120,5,60,7.726369380950928,67,1.8328496217727661,0.23661985993385315,0.054433707147836685,0.05584897845983505,0.03583293408155441,0.4344900287114603,0.007224504386940453,0.25,7.561456203460693
226309162,d-XY p=20,0,spsa,sequential,2,random_shared_stream,30,120,5,60,7.726369380950928,77,0.45462068915367126,0.05869128182530403,0.003440838772803545,0.0034360545687377453,0.0033068794291466475,0.40256978824258477,0.007092686320615818,0.1830165535211563,7.674834251403809
226309162,d-XY p=20,0,spsa,sequential,2,random_shared_stream,35,120,5,60,7.726369380950928,87,0.35914215445518494,0.046365056186914444,0.0021282208617776632,0.002015360863879323,0.002063729567453265,0.37621347041213915,0.006983113928013742,0.13511411845684052,7.7883460521698
226309162,d-XY p=20,0,spsa,sequential,2,random_shared_stream,40,120,5,60,7.726369380950928,97,1.5737504959106445,0.20317032933235168,0.041094716638326645,0.04034941643476486,0.040865395218133926,0.35399998132782196,0.006889567205173026,0.25,7.897484540939331
226309162,d-XY p=20,0,spsa,sequential,2,random_shared_stream,45,120,5,60,7.726369380950928,107,0.07296968996524811,0.009420345537364483,8.627783972769976e-05,8.674619311932474e-05,8.51931981742382e-05,0.33496589334687293,0.006808093884711353,0.02444235421717167,8.005457162857056
226309162,d-XY p=20,0,spsa,sequential,2,random_shared_stream,50,120,5,60,7.726369380950928,117,0.007950779050588608,0.0010264411102980375,9.962197964341613e-07,1.01143825759209e-06,9.58759073910187e-07,0.31843255016933486,0.006736030261586891,0.0025317866820842028,8.113489627838135
226309162,d-XY p=20,0,spsa,sequential,2,random_shared_stream,55,120,5,60,7.726369380950928,127,0.10352946072816849,0.01336559746414423,0.00017685275815892965,0.0001746197958709672,0.0001786391658242792,0.3039066622227422,0.00667149812587736,0.031463295221328735,8.221467733383179
226309162,d-XY p=20,0,spsa,sequential,2,random_shared_stream,60,120,5,60,7.726369380950928,137,1.052810788154602,0.1359172910451889,0.018473509699106216,0.018427325412631035,0.01828877441585064,0.29102016937186426,0.006613124877877567,0.25,8.329328060150146
226309162,d-XY p=20,0,spsa,sequential,2,random_shared_stream,65,120,5,60,7.725403785705566,147,0.4042727053165436,0.05219138413667679,0.002720913616940379,0.0026626517064869404,0.0026149824261665344,0.2794922921733583,0.00655987782624524,0.112991102039814,8.43886661529541
226309162,d-XY p=20,0,spsa,sequential,2,random_shared_stream,70,120,5,60,7.725403785705566,157,2.40329909324646,0.31026461720466614,0.09455275535583496,0.09409816563129425,0.09530147910118103,0.26910471854506773,0.006510961059728841,0.25,8.547985315322876
226309162,d-XY p=20,0,spsa,sequential,2,random_shared_stream,75,120,5,60,7.725403785705566,167,0.8945788741111755,0.1154896467924118,0.012967361137270927,0.013204479590058327,0.012137449346482754,0.259684878855811,0.006465748569458605,0.23230862617492676,8.656932830810547
226309162,d-XY p=20,0,spsa,sequential,2,random_shared_stream,80,120,5,60,7.725403785705566,177,1.0927622318267822,0.1410750150680542,0.019703131169080734,0.019852397963404655,0.019106067717075348,0.25109437276804036,0.006423739359501706,0.25,8.765955686569214
226309162,d-XY p=20,0,spsa,sequential,2,random_shared_stream,85,120,5,60,7.725403785705566,187,0.2805813252925873,0.036222897469997406,0.0012756509240716696,0.0012989770621061325,0.0011940092081204057,0.24322077498811198,0.006384526420430394,0.06824321299791336,8.975289821624756
226309162,d-XY p=20,0,spsa,sequential,2,random_shared_stream,90,120,5,60,7.725403785705566,197,0.0154194924980402,0.0019906479865312576,3.892231688951142e-06,3.8041719108150573e-06,3.96267932956107e-06,0.23597171481794524,0.006347774736498105,0.0036385643761605024,9.087642431259155
226309162,d-XY p=20,0,spsa,sequential,2,random_shared_stream,95,120,5,60,7.723498821258545,207,0.8521308898925781,0.11000962555408478,0.011981096118688583,0.011618032120168209,0.011981096118688583,0.22927052096918246,0.006313205349806472,0.19536849856376648,9.196602582931519
226309162,d-XY p=20,0,spsa,sequential,2,random_shared_stream,100,120,5,60,7.723498821258545,217,3.6932215690612793,0.4767928719520569,0.22707882523536682,0.22221645712852478,0.21823816001415253,0.22305296588871462,0.0062805835881331795,0.25,9.305568218231201
226309162,d-XY p=20,0,spsa,sequential,2,random_shared_stream,105,120,5,60,7.723498821258545,227,2.031259536743164,0.26223450899124146,0.06876692175865173,0.06807924807071686,0.06601624935865402,0.21726479654969313,0.006249710218466985,0.25,9.414684534072876
226309162,d-XY p=20,0,spsa,sequential,2,random_shared_stream,110,120,5,60,7.722513675689697,237,0.21049539744853973,0.02717483974993229,0.0007089330465532839,0.0006923173787072301,0.0007310871733352542,0.21185983705340036,0.006220414696856706,0.04459552466869354,9.52344298362732
226309162,d-XY p=20,0,spsa,sequential,2,random_shared_stream,115,120,5,60,7.722513675689697,247,1.6864707469940186,0.21772244572639465,0.04608630761504173,0.046929024159908295,0.04313678294420242,0.2067985131735611,0.006192549946726541,0.25,9.632227420806885
226309162,d-XY p=20,0,spsa,sequential,2,random_shared_stream,120,120,5,60,7.722513675689697,257,0.4666384160518646,0.06024276837706566,0.003625157754868269,0.003547533182427287,0.003484022570773959,0.2020466924790885,0.006165988269252272,0.09428275376558304,9.740991830825806
226309162,d-XY p=20,0,spsa,sequential,3,random_shared_stream,1,120,5,60,7.725994110107422,19,0.3976122736930847,0.051331523805856705,0.002608575625345111,0.0026283375918865204,0.002213336993008852,0.4324358821277494,0.01,0.17194180190563202,9.97776174545288
226309162,d-XY p=20,0,spsa,sequential,3,random_shared_stream,5,120,5,60,7.725994110107422,27,0.8554155230522156,0.1104336753487587,0.012195595540106297,0.012165105901658535,0.0120736388489604,0.3679470882994254,0.008499708457906336,0.25,10.06483793258667
226309162,d-XY p=20,0,spsa,sequential,3,random_shared_stream,10,120,5,60,7.722890853881836,37,1.5256611108779907,0.19696201384067535,0.03862161189317703,0.038697049021720886,0.03530256822705269,0.3150483194800109,0.007925013304804718,0.25,10.173584222793579
226309162,d-XY p=20,0,spsa,sequential,3,random_shared_stream,15,120,5,60,7.722890853881836,47,3.139787197113037,0.40534478425979614,0.1641218364238739,0.15773220360279083,0.1495169997215271,0.27850605088378233,0.007607023936737776,0.25,10.282517433166504
226309162,d-XY p=20,0,spsa,sequential,3,random_shared_stream,20,120,5,60,7.722011089324951,57,3.07889723777771,0.3974839746952057,0.14939162135124207,0.15443861484527588,0.13271452486515045,0.2514289804267104,0.007389175310232022,0.25,10.391493797302246
226309162,d-XY p=20,0,spsa,sequential,3,random_shared_stream,25,120,5,60,7.722011089324951,67,0.37756189703941345,0.04874303564429283,0.002365323482081294,0.002369943540543318,0.002352124312892556,0.23038711337982096,0.007224504386940453,0.08698539435863495,10.49979043006897
226309162,d-XY p=20,0,spsa,sequential,3,random_shared_stream,30,120,5,60,7.722011089324951,77,0.667610228061676,0.08618811517953873,0.007354105822741985,0.007428390439599752,0.0067598349414765835,0.21346149581887644,0.007092686320615818,0.14250905811786652,10.607471704483032
226309162,d-XY p=20,0,spsa,sequential,3,random_shared_stream,35,120,5,60,7.722011089324951,87,0.3488280475139618,0.04503350704908371,0.0020077365916222334,0.0020229467190802097,0.0017035342752933502,0.19948613255844608,0.006983113928013742,0.0695863589644432,10.71528673171997
226309162,d-XY p=20,0,spsa,sequential,3,random_shared_stream,40,120,5,60,7.722011089324951,97,0.008309702388942242,0.001072778133675456,1.149574018199928e-06,1.1479756949484e-06,1.1508525403769454e-06,0.1877074925666211,0.006889567205173026,0.00155979348346591,10.837990283966064
226309162,d-XY p=20,0,spsa,sequential,3,random_shared_stream,45,120,5,60,7.722011089324951,107,0.2704489529132843,0.03491481393575668,0.0012136258883401752,0.0012190439738333225,0.0011702821357175708,0.1776147210506594,0.006808093884711353,0.04803571477532387,10.9570951461792
226309162,d-XY p=20,0,spsa,sequential,3,random_shared_stream,50,120,5,60,7.722011089324951,117,0.9694467186927795,0.12515504658222198,0.015663782134652138,0.01531134732067585,0.014254042878746986,0.16884796241988653,0.006736030261586891,0.16368910670280457,11.065240621566772
226309162,d-XY p=20,0,spsa,sequential,3,random_shared_stream,55,120,5,60,7.722011089324951,127,0.7211076617240906,0.093094602227211,0.0081947548314929,0.008579937741160393,0.006499952170997858,0.16114565126853758,0.00667149812587736,0.11620336025953293,11.17318081855774
226309162,d-XY p=20,0,spsa,sequential,3,random_shared_stream,60,120,5,60,7.722011089324951,137,0.33734625577926636,0.04355121776461601,0.0018208398250862956,0.0018540325108915567,0.0017260045278817415,0.1543126247470588,0.006613124877877567,0.05205678939819336,11.283443927764893
226309162,d-XY p=20,0,spsa,sequential,3,random_shared_stream,65,120,5,60,7.722011089324951,147,2.024460554122925,0.2613567113876343,0.06830733269453049,0.06830733269453049,0.06830732524394989,0.14820000034682299,0.00655987782624524,0.25,11.41029953956604
226309162,d-XY p=20,0,spsa,sequential,3,random_shared_stream,70,120,5,60,7.722011089324951,157,0.15203213691711426,0.019627265632152557,0.00038522956310771406,0.00038137726369313896,0.0003698203363455832,0.14269201870144557,0.006510961059728841,0.021693773567676544,11.533338785171509
226309162,d-XY p=20,0,spsa,sequential,3,random_shared_stream,75,120,5,60,7.722011089324951,167,1.591219425201416,0.20542556047439575,0.04201209917664528,0.04219965264201164,0.04051167145371437,0.1376971752502746,0.006465748569458605,0.21910642087459564,11.660105228424072
226309162,d-XY p=20,0,spsa,sequential,3,random_shared_stream,80,120,5,60,7.722011089324951,177,1.4745534658432007,0.1903640478849411,0.036198198795318604,0.03614787012338638,0.03478892892599106,0.13314208360432206,0.006423739359501706,0.1963251233100891,11.790477752685547
226309162,d-XY p=20,0,spsa,sequential,3,random_shared_stream,85,120,5,60,7.720012664794922,187,1.3681955337524414,0.1766332983970642,0.031060652807354927,0.03112131915986538,0.03088732436299324,0.12896713056843523,0.006384526420430394,0.17645224928855896,11.919324398040771
226309162,d-XY p=20,0,spsa,sequential,3,random_shared_stream,90,120,5,60,7.71733283996582,197,0.24380254745483398,0.031474776566028595,0.0009730495512485504,0.0009510349482297897,0.0009906612103804946,0.1251233368402472,0.006347774736498105,0.030505388975143433,12.047735214233398
226309162,d-XY p=20,0,spsa,sequential,3,random_shared_stream,95,120,5,60,7.71733283996582,207,0.9129765033721924,0.11786476522684097,0.013753180392086506,0.013892101123929024,0.012641812674701214,0.12157004768515743,0.006313205349806472,0.11099059879779816,12.174545288085938
226309162,d-XY p=20,0,spsa,sequential,3,random_shared_stream,100,120,5,60,7.71733283996582,217,0.675130307674408,0.08715895563364029,0.007461629807949066,0.007292814552783966,0.007596681825816631,0.11827320662411597,0.0062805835881331795,0.07984982430934906,12.30219316482544
226309162,d-XY p=20,0,spsa,sequential,3,random_shared_stream,105,120,5,60,7.71733283996582,227,1.150081753730774,0.14847491681575775,0.022044800221920013,0.022044798359274864,0.022044800221920013,0.11520404614251532,0.006249710218466985,0.13249406218528748,12.429052114486694
226309162,d-XY p=20,0,spsa,sequential,3,random_shared_stream,110,120,5,60,7.71733283996582,237,1.036741852760315,0.13384279608726501,0.017197340726852417,0.01719733700156212,0.017197338864207268,0.112338081600179,0.006220414696856706,0.11646559089422226,12.55636715888977
226309162,d-XY p=20,0,spsa,sequential,3,random_shared_stream,115,120,5,60,7.71733283996582,247,2.6321468353271484,0.33980873227119446,0.1153416559100151,0.11518128216266632,0.11546995490789413,0.10965432887514029,0.006192549946726541,0.25,12.682795763015747
226309162,d-XY p=20,0,spsa,sequential,3,random_shared_stream,120,120,5,60,7.71733283996582,257,0.4633437991142273,0.05981742963194847,0.0035423426888883114,0.003578124102205038,0.0032560930121690035,0.10713468934199682,0.006165988269252272,0.049640193581581116,12.812272787094116
226309162,d-XY p=20,0,spsa,sequential,4,continuation,1,120,5,60,7.730497360229492,19,0.0,0.0,0.0,0.0,0.0,1864.1349846913665,0.01,0.0,13.073668003082275
226309162,d-XY p=20,0,spsa,sequential,4,continuation,5,120,5,60,3.1708877086639404,27,73.41190338134766,9.477437019348145,84.9314956665039,88.92356872558594,67.36634826660156,1586.1381262798495,0.008499708457906336,0.25,13.177392482757568
226309162,d-XY p=20,0,spsa,sequential,4,continuation,10,120,5,60,3.1708877086639404,37,629.7073364257812,81.29487609863281,6344.50048828125,6195.8017578125,6542.7666015625,1358.103289951813,0.007925013304804718,0.25,13.30527114868164
226309162,d-XY p=20,0,spsa,sequential,4,continuation,15,120,5,60,2.765260934829712,47,372.6353759765625,48.107025146484375,2273.142822265625,2262.21435546875,2291.142333984375,1200.577691069862,0.007607023936737776,0.25,13.433584690093994
226309162,d-XY p=20,0,spsa,sequential,4,continuation,20,120,5,60,2.765260934829712,57,371.5913391113281,47.97224044799805,2291.107177734375,2249.555419921875,2278.322265625,1083.854457850586,0.007389175310232022,0.25,13.562843322753906
226309162,d-XY p=20,0,spsa,sequential,4,continuation,25,120,5,60,2.765260934829712,67,566.9149780273438,73.18841552734375,5142.28076171875,5302.97705078125,4499.49609375,993.1476452883866,0.007224504386940453,0.25,13.69096326828003
226309162,d-XY p=20,0,spsa,sequential,4,continuation,30,120,5,60,2.765260934829712,77,358.8904724121094,46.33256149291992,2060.838134765625,2060.838134765625,2060.83837890625,920.1850694780327,0.007092686320615818,0.25,13.819396495819092
226309162,d-XY p=20,0,spsa,sequential,4,continuation,35,120,5,60,2.765260934829712,87,127.77262115478516,16.49537467956543,272.0973815917969,269.37640380859375,261.2135009765625,859.9403843021562,0.006983113928013742,0.25,13.947326898574829
226309162,d-XY p=20,0,spsa,sequential,4,continuation,40,120,5,60,2.765260934829712,97,352.75897216796875,45.540985107421875,2053.24169921875,2068.79638671875,1991.022216796875,809.1652849445148,0.006889567205173026,0.25,14.075844526290894
226309162,d-XY p=20,0,spsa,sequential,4,continuation,45,120,5,60,2.765260934829712,107,113.14640808105469,14.607139587402344,201.7517547607422,204.833740234375,194.1653289794922,765.6575899243254,0.006808093884711353,0.25,14.203782320022583
226309162,d-XY p=20,0,spsa,sequential,4,continuation,50,120,5,60,2.765260934829712,117,89.70260620117188,11.580556869506836,132.76820373535156,132.76821899414062,132.76821899414062,727.8660417633408,0.006736030261586891,0.25,14.331997632980347
226309162,d-XY p=20,0,spsa,sequential,4,continuation,55,120,5,60,2.765260934829712,127,107.77970886230469,13.914300918579102,192.7472686767578,193.12371826171875,191.67166137695312,694.6630901267641,0.00667149812587736,0.25,14.459499597549438
226309162,d-XY p=20,0,spsa,sequential,4,continuation,60,120,5,60,2.765260934829712,137,197.90077209472656,25.54888153076172,606.3278198242188,548.3060302734375,652.7452392578125,665.2074313425342,0.006613124877877567,0.25,14.588158130645752
226309162,d-XY p=20,0,spsa,sequential,4,continuation,65,120,5,60,2.765260934829712,147,169.2275390625,21.84718132019043,451.3130187988281,447.4681091308594,458.20733642578125,638.8572660031291,0.00655987782624524,0.25,14.71126937866211
226309162,d-XY p=20,0,spsa,sequential,4,continuation,70,120,5,60,2.765260934829712,157,133.04287719726562,17.175762176513672,289.7621765136719,295.00677490234375,247.80569458007812,615.1135812060551,0.006510961059728841,0.25,14.836798429489136
226309162,d-XY p=20,0,spsa,sequential,4,continuation,75,120,5,60,2.765260934829712,167,127.06562805175781,16.404104232788086,258.330810546875,266.40362548828125,226.03945922851562,593.581921126021,0.006465748569458605,0.25,14.965411901473999
226309162,d-XY p=20,0,spsa,sequential,4,continuation,80,120,5,60,2.765260934829712,177,53.627288818359375,6.923253536224365,47.87818145751953,47.452125549316406,43.61760711669922,573.945933349255,0.006423739359501706,0.25,15.09420657157898
226309162,d-XY p=20,0,spsa,sequential,4,continuation,85,120,5,60,2.765260934829712,187,30.946096420288086,3.995124101638794,15.943281173706055,15.3225736618042,14.524523735046387,555.9486386396986,0.006384526420430394,0.25,15.222859144210815
226309162,d-XY p=20,0,spsa,sequential,4,continuation,90,120,5,60,2.765260934829712,197,12.250060081481934,1.581475853919983,2.4566028118133545,2.4447922706604004,2.476055145263672,539.3788981098511,0.006347774736498105,0.25,15.350524425506592
226309162,d-XY p=20,0,spsa,sequential,4,continuation,95,120,5,60,2.765260934829712,207,18.76911163330078,2.423082113265991,5.55166482925415,5.152088642120361,5.871325492858887,524.0614582338269,0.006313205349806472,0.25,15.479414939880371
226309162,d-XY p=20,0,spsa,sequential,4,continuation,100,120,5,60,2.765260934829712,217,197.69790649414062,25.522689819335938,639.8271484375,610.6947021484375,644.8936157226562,509.8495090990444,0.0062805835881331795,0.25,15.607670783996582
226309162,d-XY p=20,0,spsa,sequential,4,continuation,105,120,5,60,2.765260934829712,227,376.6074523925781,48.619815826416016,2235.185791015625,2216.143310546875,2269.330810546875,496.61904034323055,0.006249710218466985,0.25,15.736049890518188
226309162,d-XY p=20,0,spsa,sequential,4,continuation,110,120,5,60,2.765260934829712,237,248.0093231201172,32.01786422729492,996.6674194335938,1022.5808715820312,656.0919189453125,484.26450412397236,0.006220414696856706,0.25,15.864230632781982
226309162,d-XY p=20,0,spsa,sequential,4,continuation,115,120,5,60,2.765260934829712,247,12.629294395446777,1.6304349899291992,2.631734609603882,2.419069290161133,2.419069290161133,472.6954425549153,0.006192549946726541,0.25,15.99167251586914
226309162,d-XY p=20,0,spsa,sequential,4,continuation,120,120,5,60,2.765260934829712,257,46.73213195800781,6.033092498779297,35.751121520996094,35.57924270629883,36.034217834472656,461.83383648413,0.006165988269252272,0.25,16.120346069335938
226309162,d-XY p=26,0,spsa,sequential,0,deterministic_linear_ramp,1,120,5,78,12.74964714050293,19,184.98019409179688,20.944883346557617,438.6881103515625,436.0922546386719,428.3049011230469,0.002598949728628342,0.01,0.25,0.29686903953552246
226309162,d-XY p=26,0,spsa,sequential,0,deterministic_linear_ramp,5,120,5,78,10.528776168823242,27,206.55113220214844,23.38730812072754,541.2124633789062,517.8378295898438,534.020263671875,0.00221137057493966,0.008499708457906336,0.25,0.4260084629058838
226309162,d-XY p=26,0,spsa,sequential,0,deterministic_linear_ramp,10,120,5,78,10.017827987670898,37,106.78327941894531,12.090825080871582,145.80360412597656,144.24176025390625,145.32302856445312,0.0018934477416365336,0.007925013304804718,0.20218855142593384,0.5847334861755371
226309162,d-XY p=26,0,spsa,sequential,0,deterministic_linear_ramp,15,120,5,78,9.70670223236084,47,34.153202056884766,3.867088556289673,14.865886688232422,14.401328086853027,14.600423812866211,0.0016738278558297958,0.007607023936737776,0.05716657638549805,0.7434251308441162
226309162,d-XY p=26,0,spsa,sequential,0,deterministic_linear_ramp,20,120,5,78,9.091054916381836,57,41.386600494384766,4.68610954284668,21.9451847076416,21.959623336791992,21.829683303833008,0.001511094031406622,0.007389175310232022,0.06253904104232788,0.9040224552154541
226309162,d-XY p=26,0,spsa,sequential,0,deterministic_linear_ramp,25,120,5,78,8.729241371154785,67,178.7467498779297,20.239086151123047,396.42431640625,409.01458740234375,322.36407470703125,0.001384631920116811,0.007224504386940453,0.24749845266342163,1.0605690479278564
226309162,d-XY p=26,0,spsa,sequential,0,deterministic_linear_ramp,30,120,5,78,8.66024112701416,77,25.353893280029297,2.870763063430786,8.235862731933594,8.22908878326416,8.046220779418945,0.0012829085641583692,0.007092686320615818,0.03252672404050827,1.2202427387237549
226309162,d-XY p=26,0,spsa,sequential,0,deterministic_linear_ramp,35,120,5,78,8.434581756591797,87,64.67933654785156,7.323492527008057,52.36412048339844,50.77732467651367,53.633544921875,0.0011989163052957062,0.006983113928013742,0.07754512131214142,1.3796522617340088
226309162,d-XY p=26,0,spsa,sequential,0,deterministic_linear_ramp,40,120,5,78,8.077164649963379,97,34.610111236572266,3.918823719024658,14.993693351745605,14.78923511505127,15.26630687713623,0.0011281264044675386,0.006889567205173026,0.0390445813536644,1.5407912731170654
226309162,d-XY p=26,0,spsa,sequential,0,deterministic_linear_ramp,45,120,5,78,8.024208068847656,107,21.110084533691406,2.3902463912963867,5.61937141418457,5.40902042388916,5.679471492767334,0.0010674686124650529,0.006808093884711353,0.022534353658556938,1.6984961032867432
226309162,d-XY p=26,0,spsa,sequential,0,deterministic_linear_ramp,50,120,5,78,7.979030132293701,117,22.784805297851562,2.57987117767334,6.30128812789917,6.409591197967529,6.025606632232666,0.001014780188802591,0.006736030261586891,0.02312156744301319,1.8637127876281738
226309162,d-XY p=26,0,spsa,sequential,0,deterministic_linear_ramp,55,120,5,78,7.966391086578369,127,27.309303283691406,3.092170238494873,9.335206985473633,9.335206985473633,9.335206985473633,0.0009684891192962548,0.00667149812587736,0.026448765769600868,2.0157783031463623
226309162,d-XY p=26,0,spsa,sequential,0,deterministic_linear_ramp,60,120,5,78,7.889287948608398,137,40.32224655151367,4.565594673156738,20.78984260559082,20.813825607299805,20.721317291259766,0.0009274224706723526,0.006613124877877567,0.03739576041698456,2.174577474594116
226309162,d-XY p=26,0,spsa,sequential,0,deterministic_linear_ramp,65,120,5,78,7.882451057434082,147,11.405099868774414,1.2913732528686523,1.6139205694198608,1.628173828125,1.578835368156433,0.0008906854555846297,0.00655987782624524,0.010158357210457325,2.333230495452881
226309162,d-XY p=26,0,spsa,sequential,0,deterministic_linear_ramp,70,120,5,78,7.865922927856445,157,5.298290252685547,0.5999132394790649,0.34475231170654297,0.3258228600025177,0.35989585518836975,0.0008575823575435783,0.006510961059728841,0.004543720744550228,2.4906413555145264
226309162,d-XY p=26,0,spsa,sequential,0,deterministic_linear_ramp,75,120,5,78,7.8361639976501465,167,32.478057861328125,3.6774158477783203,13.487822532653809,13.023262977600098,12.803206443786621,0.0008275632320073515,0.006465748569458605,0.026877645403146744,2.6439082622528076
226309162,d-XY p=26,0,spsa,sequential,0,deterministic_linear_ramp,80,120,5,78,7.80144739151001,177,13.622743606567383,1.5424721240997314,2.372962713241577,2.3651413917541504,2.3792197704315186,0.0008001870250680109,0.006423739359501706,0.010900743305683136,2.8018245697021484
226309162,d-XY p=26,0,spsa,sequential,0,deterministic_linear_ramp,85,120,5,78,7.74672269821167,187,85.39505004882812,9.669085502624512,91.95453643798828,93.3529052734375,84.63996887207031,0.0007750954600335239,0.006384526420430394,0.06618931889533997,2.9578723907470703
226309162,d-XY p=26,0,spsa,sequential,0,deterministic_linear_ramp,90,120,5,78,7.733381271362305,197,29.415210723876953,3.3306169509887695,10.976316452026367,10.28892993927002,10.502256393432617,0.0007519941701553023,0.006347774736498105,0.022120067849755287,3.1179661750793457
226309162,d-XY p=26,0,spsa,sequential,0,deterministic_linear_ramp,95,120,5,78,7.733381271362305,207,15.15502643585205,1.7159688472747803,2.942613124847412,2.944549083709717,2.9271254539489746,0.0007306388195310208,0.006313205349806472,0.011072849854826927,3.268782615661621
226309162,d-XY p=26,0,spsa,sequential,0,deterministic_linear_ramp,100,120,5,78,7.731411933898926,217,24.063936233520508,2.7247040271759033,7.301987648010254,7.1494550704956055,7.424012184143066,0.0007108247279279719,0.0062805835881331795,0.017105240374803543,3.4274508953094482
226309162,d-XY p=26,0,spsa,sequential,0,deterministic_linear_ramp,105,120,5,78,7.731411933898926,227,5.176111221313477,0.5860792398452759,0.33784303069114685,0.3414563536643982,0.3251965343952179,0.000692379001912996,0.006249710218466985,0.0035838307812809944,3.584144353866577
226309162,d-XY p=26,0,spsa,sequential,0,deterministic_linear_ramp,110,120,5,78,7.729462623596191,237,11.525835990905762,1.3050439357757568,1.7020196914672852,1.6930619478225708,1.6124399900436401,0.0006751544882280678,0.006220414696856706,0.007781720254570246,3.7414679527282715
226309162,d-XY p=26,0,spsa,sequential,0,deterministic_linear_ramp,115,120,5,78,7.729462623596191,247,6.294644832611084,0.7127281427383423,0.4959581792354584,0.5072299242019653,0.43283626437187195,0.0006590250718111748,0.006192549946726541,0.004148328676819801,3.9024720191955566
226309162,d-XY p=26,0,spsa,sequential,0,deterministic_linear_ramp,120,120,5,78,7.72634220123291,257,3.016427755355835,0.34154319763183594,0.11657506972551346,0.11596151441335678,0.11043953895568848,0.000643881979501897,0.006165988269252272,0.0019422235200181603,4.063518524169922
226309162,d-XY p=26,0,spsa,sequential,1,random_shared_stream,1,120,5,78,7.7305097579956055,19,1.4059463739395142,0.15919208526611328,0.024275783449411392,0.02399253658950329,0.024742305278778076,0.4825892361146817,0.01,0.25,4.3978259563446045
226309162,d-XY p=26,0,spsa,sequential,1,random_shared_stream,5,120,5,78,7.724565505981445,27,1.001583456993103,0.11340699344873428,0.012785045430064201,0.012785043567419052,0.012785045430064201,0.41062111543413604,0.008499708457906336,0.25,4.52535605430603
226309162,d-XY p=26,0,spsa,sequential,1,random_shared_stream,10,120,5,78,7.722787857055664,37,0.36480259895324707,0.04130576178431511,0.0017050441820174456,0.001703642075881362,0.00170616596005857,0.35158721586419506,0.007925013304804718,0.12825992703437805,4.685115098953247
226309162,d-XY p=26,0,spsa,sequential,1,random_shared_stream,15,120,5,78,7.722787857055664,47,0.7097257971763611,0.08036062121391296,0.006440845783799887,0.0063049811869859695,0.006304981652647257,0.31080682224611456,0.007607023936737776,0.2205876111984253,4.843291521072388
226309162,d-XY p=26,0,spsa,sequential,1,random_shared_stream,20,120,5,78,7.722787857055664,57,1.9055604934692383,0.21576224267482758,0.045053593814373016,0.045451488345861435,0.0440741702914238,0.28058938819830476,0.007389175310232022,0.25,4.999568939208984
226309162,d-XY p=26,0,spsa,sequential,1,random_shared_stream,25,120,5,78,7.722787857055664,67,0.11512680351734161,0.013035543262958527,0.00016277533723041415,0.0001676630781730637,0.00014478850062005222,0.2571071126419363,0.007224504386940453,0.02959991991519928,5.159550666809082
226309162,d-XY p=26,0,spsa,sequential,1,random_shared_stream,30,120,5,78,7.722787857055664,77,0.9880067110061646,0.11186973750591278,0.012481925077736378,0.012496323324739933,0.011848368681967258,0.2382184838599879,0.007092686320615818,0.2353614866733551,5.325439214706421
226309162,d-XY p=26,0,spsa,sequential,1,random_shared_stream,35,120,5,78,7.722787857055664,87,0.8364591598510742,0.0947103500366211,0.008946459740400314,0.008956780657172203,0.008916972205042839,0.2226222760543556,0.006983113928013742,0.18621443212032318,5.481297492980957
226309162,d-XY p=26,0,spsa,sequential,1,random_shared_stream,40,120,5,78,7.722787857055664,97,0.354530394077301,0.040142662823200226,0.0016071954742074013,0.001601898344233632,0.0016114333411678672,0.2094775646392066,0.006889567205173026,0.07426615804433823,5.639827728271484
226309162,d-XY p=26,0,spsa,sequential,1,random_shared_stream,45,120,5,78,7.721540927886963,107,1.4134421348571777,0.16004081070423126,0.025343626737594604,0.025461504235863686,0.025006834417581558,0.19821424654404196,0.006808093884711353,0.25,5.799098014831543
226309162,d-XY p=26,0,spsa,sequential,1,random_shared_stream,50,120,5,78,7.721540927886963,117,0.13441626727581024,0.015219644643366337,0.00023026694543659687,0.00022855364659335464,0.00023163760488387197,0.1884307305924757,0.006736030261586891,0.025328153744339943,5.958066940307617
226309162,d-XY p=26,0,spsa,sequential,1,random_shared_stream,55,120,5,78,7.721540927886963,127,0.20515276491641998,0.023228976875543594,0.0005392305902205408,0.0005395854241214693,0.0005363925592973828,0.17983511536147825,0.00667149812587736,0.03689366951584816,6.114859342575073
226309162,d-XY p=26,0,spsa,sequential,1,random_shared_stream,60,120,5,78,7.721540927886963,137,1.1357526779174805,0.1285986602306366,0.015450329519808292,0.015656914561986923,0.01497192494571209,0.17220960326676812,0.006613124877877567,0.19558751583099365,6.273998498916626
226309162,d-XY p=26,0,spsa,sequential,1,random_shared_stream,65,120,5,78,7.721540927886963,147,1.4386776685714722,0.16289816796779633,0.025907745584845543,0.026182522997260094,0.025122663006186485,0.1653880445990387,0.00655987782624524,0.23794008791446686,6.424283266067505
226309162,d-XY p=26,0,spsa,sequential,1,random_shared_stream,70,120,5,78,7.721540927886963,157,1.5387452840805054,0.17422859370708466,0.030335644260048866,0.030355604365468025,0.030175982043147087,0.15924125437039824,0.006510961059728841,0.24503174424171448,6.583156108856201
226309162,d-XY p=26,0,spsa,sequential,1,random_shared_stream,75,120,5,78,7.72113037109375,167,1.9901273250579834,0.22533755004405975,0.050643473863601685,0.050701893866062164,0.0504765510559082,0.15366711543966788,0.006465748569458605,0.25,6.744068384170532
226309162,d-XY p=26,0,spsa,sequential,1,random_shared_stream,80,120,5,78,7.720027446746826,177,0.5231574177742004,0.059235915541648865,0.003361247945576906,0.003379126777872443,0.0033220292534679174,0.14858373015943524,0.006423739359501706,0.07773268222808838,6.905756711959839
226309162,d-XY p=26,0,spsa,sequential,1,random_shared_stream,85,120,5,78,7.720027446746826,187,2.4557363986968994,0.27805739641189575,0.0771125927567482,0.07720153778791428,0.07685842365026474,0.14392457147332027,0.006384526420430394,0.25,7.063904285430908
226309162,d-XY p=26,0,spsa,sequential,1,random_shared_stream,90,120,5,78,7.720027446746826,197,0.5748631358146667,0.06509043276309967,0.004225622396916151,0.0042304969392716885,0.0042116944678127766,0.1396349795228524,0.006347774736498105,0.08027100563049316,7.222601890563965
226309162,d-XY p=26,0,spsa,sequential,1,random_shared_stream,95,120,5,78,7.720027446746826,207,1.2530796527862549,0.14188334345817566,0.020011762157082558,0.02001176029443741,0.02001176029443741,0.13566958448992408,0.006313205349806472,0.17000479996204376,7.378967761993408
226309162,d-XY p=26,0,spsa,sequential,1,random_shared_stream,100,120,5,78,7.720027446746826,217,0.09722666442394257,0.011008751578629017,0.00011920063116122037,0.00011473856284283102,0.00012047549535054713,0.13199038006911817,0.0062805835881331795,0.012832984328269958,7.5405333042144775
226309162,d-XY p=26,0,spsa,sequential,1,random_shared_stream,105,120,5,78,7.720027446746826,227,0.938660740852356,0.10628240555524826,0.011266241781413555,0.011145560070872307,0.011229108087718487,0.12856526232671153,0.006249710218466985,0.12067916989326477,7.69974422454834
226309162,d-XY p=26,0,spsa,sequential,1,random_shared_stream,110,120,5,78,7.720027446746826,237,0.21529065072536469,0.024376865476369858,0.0005926688900217414,0.0005942315328866243,0.0005801668739877641,0.12536690692564592,0.006220414696856706,0.02699032425880432,7.854822874069214
226309162,d-XY p=26,0,spsa,sequential,1,random_shared_stream,115,120,5,78,7.720027446746826,247,1.6392871141433716,0.1856127232313156,0.03218698129057884,0.033993396908044815,0.02446301095187664,0.1223718960326449,0.006192549946726541,0.2006026655435562,8.015113830566406
226309162,d-XY p=26,0,spsa,sequential,1,random_shared_stream,120,120,5,78,7.7197723388671875,257,3.636241912841797,0.4117233157157898,0.16851304471492767,0.16851304471492767,0.16851304471492767,0.11956003196715358,0.006165988269252272,0.25,8.173885107040405
226309162,d-XY p=26,0,spsa,sequential,2,random_shared_stream,1,120,5,78,7.726770877838135,19,3.289666175842285,0.3724813461303711,0.12962058186531067,0.1286855936050415,0.1313537061214447,0.4043286978642275,0.01,0.25,8.503549337387085
226309162,d-XY p=26,0,spsa,sequential,2,random_shared_stream,5,120,5,78,7.726516246795654,27,0.3287413716316223,0.03722263127565384,0.0013272245414555073,0.0013670778134837747,0.0011805648682639003,0.34403150442333275,0.008499708457906336,0.11309738457202911,8.631119966506958
226309162,d-XY p=26,0,spsa,sequential,2,random_shared_stream,10,120,5,78,7.726516246795654,37,5.406412124633789,0.6121556162834167,0.37251710891723633,0.3697454035282135,0.29490938782691956,0.29457101513614603,0.007925013304804718,0.25,8.78950810432434
226309162,d-XY p=26,0,spsa,sequential,2,random_shared_stream,15,120,5,78,7.723233222961426,47,1.042721152305603,0.11806493252515793,0.013196995481848717,0.013609400950372219,0.01187729462981224,0.26040389698253935,0.007607023936737776,0.25,8.940097332000732
226309162,d-XY p=26,0,spsa,sequential,2,random_shared_stream,20,120,5,78,7.7216715812683105,57,0.5764840841293335,0.06527397036552429,0.004249486606568098,0.004254388622939587,0.004033790901303291,0.2350867642182153,0.007389175310232022,0.13552379608154297,9.09809136390686
226309162,d-XY p=26,0,spsa,sequential,2,random_shared_stream,25,120,5,78,7.720370769500732,67,2.655494451522827,0.30067557096481323,0.08987084776163101,0.08706238865852356,0.08826600760221481,0.2154125626652839,0.007224504386940453,0.25,9.25742220878601
226309162,d-XY p=26,0,spsa,sequential,2,random_shared_stream,30,120,5,78,7.720370769500732,77,0.6578795313835144,0.07449019700288773,0.00551595538854599,0.0054749129340052605,0.005548788234591484,0.19958706530994905,0.007092686320615818,0.13130423426628113,9.416801452636719
226309162,d-XY p=26,0,spsa,sequential,2,random_shared_stream,35,120,5,78,7.720370769500732,87,0.7634876370429993,0.08644794672727585,0.007468334399163723,0.007462192792445421,0.007296365685760975,0.18652006355823023,0.006983113928013742,0.14240574836730957,9.573976278305054
226309162,d-XY p=26,0,spsa,sequential,2,random_shared_stream,40,120,5,78,7.720370769500732,97,2.7644200325012207,0.3130089342594147,0.09481827169656754,0.09275701642036438,0.09739486128091812,0.1755070038947419,0.006889567205173026,0.25,9.73160982131958
226309162,d-XY p=26,0,spsa,sequential,2,random_shared_stream,45,120,5,78,7.720370769500732,107,0.9897187948226929,0.11206357926130295,0.012426142580807209,0.012391051277518272,0.012483938597142696,0.16607023573200094,0.006808093884711353,0.1643628478050232,9.887416362762451
226309162,d-XY p=26,0,spsa,sequential,2,random_shared_stream,50,120,5,78,7.720370769500732,117,0.5783025026321411,0.06547986716032028,0.0042847939766943455,0.0042876130901277065,0.004262242466211319,0.15787329313734544,0.006736030261586891,0.09129852801561356,10.045405864715576
226309162,d-XY p=26,0,spsa,sequential,2,random_shared_stream,55,120,5,78,7.720370769500732,127,1.2372291088104248,0.14008860290050507,0.019418375566601753,0.01857970841228962,0.019160324707627296,0.15067161176195476,0.00667149812587736,0.18641528487205505,10.204120874404907
226309162,d-XY p=26,0,spsa,sequential,2,random_shared_stream,60,120,5,78,7.720370769500732,137,2.7099497318267822,0.3068414032459259,0.09260410815477371,0.09289813786745071,0.09192319959402084,0.14428271382335803,0.006613124877877567,0.25,10.365939378738403
226309162,d-XY p=26,0,spsa,sequential,2,random_shared_stream,65,120,5,78,7.720370769500732,147,0.6223998069763184,0.07047290354967117,0.004966430366039276,0.004937042947858572,0.004848881624639034,0.1385673937807203,0.00655987782624524,0.08624431490898132,10.524086475372314
226309162,d-XY p=26,0,spsa,sequential,2,random_shared_stream,70,120,5,78,7.720370769500732,157,2.1751997470855713,0.24629290401935577,0.06062030792236328,0.06030125170946121,0.05742976441979408,0.1334174163191423,0.006510961059728841,0.25,10.680942296981812
226309162,d-XY p=26,0,spsa,sequential,2,random_shared_stream,75,120,5,78,7.720370769500732,167,0.20060847699642181,0.022714437916874886,0.0005037338705733418,0.0004884693189524114,0.0005159456632100046,0.1287472244314788,0.006465748569458605,0.025827784091234207,10.838605880737305
226309162,d-XY p=26,0,spsa,sequential,2,random_shared_stream,80,120,5,78,7.720370769500732,177,3.169429302215576,0.35886719822883606,0.1280236393213272,0.1257374882698059,0.12802362442016602,0.12448820164919237,0.006423739359501706,0.25,10.999932527542114
226309162,d-XY p=26,0,spsa,sequential,2,random_shared_stream,85,120,5,78,7.720370769500732,187,1.9606974124908447,0.22200526297092438,0.04915672168135643,0.04921342805027962,0.048994697630405426,0.12058460947654805,0.006384526420430394,0.23642991483211517,11.158489227294922
226309162,d-XY p=26,0,spsa,sequential,2,random_shared_stream,90,120,5,78,7.720370769500732,197,0.12207133322954178,0.013821858912706375,0.00019054129370488226,0.00019076111493632197,0.00018086981435772032,0.11699065213579753,0.006347774736498105,0.014281205832958221,11.315715312957764
226309162,d-XY p=26,0,spsa,sequential,2,random_shared_stream,95,120,5,78,7.718826770782471,207,0.5896846055984497,0.06676863133907318,0.004455119371414185,0.004398697521537542,0.00435253418982029,0.11366831734215499,0.006313205349806472,0.0670284554362297,11.47527551651001
226309162,d-XY p=26,0,spsa,sequential,2,random_shared_stream,100,120,5,78,7.718826770782471,217,1.6397780179977417,0.18566828966140747,0.034450046718120575,0.03442171588540077,0.03365679457783699,0.1105857621972921,0.0062805835881331795,0.18133608996868134,11.634597539901733
226309162,d-XY p=26,0,spsa,sequential,2,random_shared_stream,105,120,5,78,7.718826770782471,227,2.890441656112671,0.32727810740470886,0.10682924836874008,0.10647714883089066,0.09697025269269943,0.10771608899867595,0.006249710218466985,0.25,11.793358564376831
226309162,d-XY p=26,0,spsa,sequential,2,random_shared_stream,110,120,5,78,7.718826770782471,237,1.4907861948013306,0.1687982976436615,0.028324265033006668,0.026975493878126144,0.026975493878126144,0.10503640454273719,0.006220414696856706,0.15658682584762573,11.95205307006836
226309162,d-XY p=26,0,spsa,sequential,2,random_shared_stream,115,120,5,78,7.718826770782471,247,0.11527033895254135,0.013051795773208141,0.00016631744801998138,0.00016631743346806616,0.00016631744801998138,0.10252708861972619,0.006192549946726541,0.01181833166629076,12.092163324356079
226309162,d-XY p=26,0,spsa,sequential,2,random_shared_stream,120,120,5,78,7.718826770782471,257,0.0017074764473363757,0.00019333363161422312,3.7156723919906653e-08,3.7156723919906653e-08,3.7156723919906653e-08,0.10017121896684163,0.006165988269252272,0.0001710399956209585,12.239618062973022
226309162,d-XY p=26,0,spsa,sequential,3,random_shared_stream,1,120,5,78,7.729951858520508,19,2.578165054321289,0.2919197082519531,0.08516108989715576,0.08509106189012527,0.08521711826324463,0.41587469732999716,0.01,0.25,12.583695411682129
226309162,d-XY p=26,0,spsa,sequential,3,random_shared_stream,5,120,5,78,7.728958606719971,27,3.2705676555633545,0.3703188896179199,0.13704590499401093,0.13531029224395752,0.13389024138450623,0.35385565884833864,0.008499708457906336,0.25,12.714933156967163
226309162,d-XY p=26,0,spsa,sequential,3,random_shared_stream,10,120,5,78,7.722713947296143,37,2.040024995803833,0.23098735511302948,0.05051375925540924,0.046962007880210876,0.05335515737533569,0.302982777153927,0.007925013304804718,0.25,12.877664566040039
226309162,d-XY p=26,0,spsa,sequential,3,random_shared_stream,15,120,5,78,7.722713947296143,47,3.801351308822632,0.4304182529449463,0.1852598935365677,0.1852598935365677,0.1852598935365677,0.2678399836895342,0.007607023936737776,0.25,13.04089879989624
226309162,d-XY p=26,0,spsa,sequential,3,random_shared_stream,20,120,5,78,7.722713947296143,57,3.2514498233795166,0.3681541979312897,0.1354484111070633,0.13473552465438843,0.12831956148147583,0.24179989556014267,0.007389175310232022,0.25,13.20366883277893
226309162,d-XY p=26,0,spsa,sequential,3,random_shared_stream,25,120,5,78,7.722713947296143,67,1.4940252304077148,0.16916504502296448,0.028541555628180504,0.028235821053385735,0.028447480872273445,0.22156387803466343,0.007224504386940453,0.25,13.365976333618164
226309162,d-XY p=26,0,spsa,sequential,3,random_shared_stream,30,120,5,78,7.722713947296143,77,3.0652554035186768,0.3470718264579773,0.11760774999856949,0.11974608898162842,0.07484129816293716,0.20528646820075505,0.007092686320615818,0.25,13.528744459152222
226309162,d-XY p=26,0,spsa,sequential,3,random_shared_stream,35,120,5,78,7.722018241882324,87,2.357403516769409,0.2669233977794647,0.07120125740766525,0.06745381653308868,0.06070844084024429,0.19184632549702985,0.006983113928013742,0.25,13.690691232681274
226309162,d-XY p=26,0,spsa,sequential,3,random_shared_stream,40,120,5,78,7.720943927764893,97,0.22341527044773102,0.02529679797589779,0.0006294097984209657,0.0006361413979902864,0.0006058489670976996,0.18051877719678927,0.006889567205173026,0.04033065214753151,13.853700160980225
226309162,d-XY p=26,0,spsa,sequential,3,random_shared_stream,45,120,5,78,7.720943927764893,107,2.007582664489746,0.22731398046016693,0.0516376756131649,0.051595207303762436,0.051671646535396576,0.17081253293516852,0.006808093884711353,0.25,14.016197681427002
226309162,d-XY p=26,0,spsa,sequential,3,random_shared_stream,50,120,5,78,7.720943927764893,117,0.6098746657371521,0.06905470788478851,0.004690174013376236,0.004655687604099512,0.0047403359785676,0.1623815186673452,0.006736030261586891,0.09903236478567123,14.178705930709839
226309162,d-XY p=26,0,spsa,sequential,3,random_shared_stream,55,120,5,78,7.720943927764893,127,1.525705337524414,0.17275211215019226,0.029843293130397797,0.029445968568325043,0.028254004195332527,0.15497418627150478,0.00667149812587736,0.23644495010375977,14.34073781967163
226309162,d-XY p=26,0,spsa,sequential,3,random_shared_stream,60,120,5,78,7.720943927764893,137,0.18531203269958496,0.02098245546221733,0.0004391056136228144,0.00043440191075205803,0.00043765833834186196,0.14840284713450796,0.006613124877877567,0.027500832453370094,14.503481388092041
226309162,d-XY p=26,0,spsa,sequential,3,random_shared_stream,65,120,5,78,7.720943927764893,147,1.4598630666732788,0.16529694199562073,0.027161402627825737,0.026959309354424477,0.027323076501488686,0.14252432056582454,0.00655987782624524,0.20806598663330078,14.665698528289795
226309162,d-XY p=26,0,spsa,sequential,3,random_shared_stream,70,120,5,78,7.720943927764893,157,1.636412501335144,0.1852872371673584,0.032074201852083206,0.03306170925498009,0.029252756386995316,0.1372272804858022,0.006510961059728841,0.2245604544878006,14.828110456466675
226309162,d-XY p=26,0,spsa,sequential,3,random_shared_stream,75,120,5,78,7.720943927764893,167,1.0411449670791626,0.11788646131753922,0.013888079673051834,0.013814986683428288,0.013157129287719727,0.13242372672369143,0.006465748569458605,0.13787230849266052,14.990378141403198
226309162,d-XY p=26,0,spsa,sequential,3,random_shared_stream,80,120,5,78,7.719959735870361,177,0.6696808338165283,0.07582642138004303,0.005689163226634264,0.005741140805184841,0.005443451460450888,0.1280430834009172,0.006423739359501706,0.08574800193309784,15.154075860977173
226309162,d-XY p=26,0,spsa,sequential,3,random_shared_stream,85,120,5,78,7.719959735870361,187,0.689954400062561,0.07812196016311646,0.006086989305913448,0.0058773355558514595,0.0057780253700912,0.12402802035475334,0.006384526420430394,0.08557368069887161,15.316709518432617
226309162,d-XY p=26,0,spsa,sequential,3,random_shared_stream,90,120,5,78,7.719959735870361,197,1.2227036952972412,0.13844391703605652,0.018549256026744843,0.018146010115742683,0.01905331201851368,0.12033143406444892,0.006347774736498105,0.14712969958782196,15.479246616363525
226309162,d-XY p=26,0,spsa,sequential,3,random_shared_stream,95,120,5,78,7.719959735870361,207,1.293770670890808,0.1464906930923462,0.02133253961801529,0.021459518000483513,0.020316701382398605,0.11691422676743195,0.006313205349806472,0.15126019716262817,15.64177393913269
226309162,d-XY p=26,0,spsa,sequential,3,random_shared_stream,100,120,5,78,7.719959735870361,217,2.3069541454315186,0.261211097240448,0.06805182248353958,0.06813032180070877,0.06782751530408859,0.11374364626042238,0.0062805835881331795,0.25,15.804104566574097
226309162,d-XY p=26,0,spsa,sequential,3,random_shared_stream,105,120,5,78,7.719959735870361,227,0.6293676495552063,0.07126185297966003,0.004994782619178295,0.004958055913448334,0.005048202816396952,0.11079202675081427,0.006249710218466985,0.06972891837358475,15.966193914413452
226309162,d-XY p=26,0,spsa,sequential,3,random_shared_stream,110,120,5,78,7.719959735870361,237,0.5324720144271851,0.06029058247804642,0.003632564563304186,0.0036295773461461067,0.0035489199217408895,0.10803582129733037,0.006220414696856706,0.05752604827284813,16.128857612609863
226309162,d-XY p=26,0,spsa,sequential,3,random_shared_stream,115,120,5,78,7.719959735870361,247,0.3182685375213623,0.036036815494298935,0.0012909676879644394,0.0012909678043797612,0.0012909676879644394,0.10545484941603697,0.006192549946726541,0.03356296196579933,16.291881322860718
226309162,d-XY p=26,0,spsa,sequential,3,random_shared_stream,120,120,5,78,7.719959735870361,257,1.0951753854751587,0.12400419265031815,0.01473001018166542,0.015172316692769527,0.013102329336106777,0.10303170561244951,0.006165988269252272,0.1128377765417099,16.455244064331055
226309162,d-XY p=26,0,spsa,sequential,4,continuation,1,120,5,78,2.3651113510131836,19,325.8714904785156,36.897682189941406,1339.0616455078125,1353.383056640625,1288.936279296875,0.0007932080111636863,0.01,0.25,16.799139499664307
226309162,d-XY p=26,0,spsa,sequential,4,continuation,5,120,5,78,2.3651113510131836,27,2049.781005859375,232.0919952392578,52131.34765625,53547.95703125,45898.25,0.0006749175778092257,0.008499708457906336,0.25,16.92980146408081
226309162,d-XY p=26,0,spsa,sequential,4,continuation,10,120,5,78,2.3651113510131836,37,11.652161598205566,1.3193475008010864,1.7395334243774414,1.7381027936935425,1.699478268623352,0.0005778864826979746,0.007925013304804718,0.006733626127243042,17.092292070388794
226309162,d-XY p=26,0,spsa,sequential,4,continuation,15,120,5,78,2.3651113510131836,47,506.9550476074219,57.4013557434082,3188.767333984375,3216.92919921875,3119.4462890625,0.0005108577707094982,0.007607023936737776,0.25,17.255338668823242
226309162,d-XY p=26,0,spsa,sequential,4,continuation,20,120,5,78,2.3651113510131836,57,194.2380828857422,21.993131637573242,468.11517333984375,448.6368713378906,483.69781494140625,0.0004611908718857597,0.007389175310232022,0.08958082646131516,17.41774082183838
226309162,d-XY p=26,0,spsa,sequential,4,continuation,25,120,5,78,2.3651113510131836,67,299.7441101074219,33.93933868408203,1145.062744140625,1124.615234375,1145.062744140625,0.00042259421929229335,0.007224504386940453,0.12667013704776764,17.580626726150513
226309162,d-XY p=26,0,spsa,sequential,4,continuation,30,120,5,78,2.317004919052124,77,139.4585723876953,15.790574073791504,248.6865234375,249.34225463867188,243.440673828125,0.00039154791624922673,0.007092686320615818,0.05460472032427788,17.74351930618286
226309162,d-XY p=26,0,spsa,sequential,4,continuation,35,120,5,78,2.317004919052124,87,37.74122619628906,4.273352146148682,17.961383819580078,18.018413543701172,17.829313278198242,0.00036591320239858194,0.006983113928013742,0.013810011558234692,17.90704655647278
226309162,d-XY p=26,0,spsa,sequential,4,continuation,40,120,5,78,2.317004919052124,97,274.17547607421875,31.04425811767578,963.1123046875,958.0432739257812,958.0433349609375,0.0003443078916733066,0.006889567205173026,0.09440077841281891,18.07195210456848
226309162,d-XY p=26,0,spsa,sequential,4,continuation,45,120,5,78,2.317004919052124,107,262.164306640625,29.684261322021484,852.7684326171875,860.2996826171875,834.2299194335938,0.000325794933909685,0.006808093884711353,0.08541180193424225,18.234803676605225
226309162,d-XY p=26,0,spsa,sequential,4,continuation,50,120,5,78,2.0990726947784424,117,1575.656494140625,178.407958984375,31076.041015625,28815.966796875,31076.041015625,0.00030971425359321413,0.006736030261586891,0.25,18.39779758453369
226309162,d-XY p=26,0,spsa,sequential,4,continuation,55,120,5,78,2.0990726947784424,127,336.7352294921875,38.12775802612305,1438.4337158203125,1445.1241455078125,1419.3182373046875,0.0002955860668209598,0.00667149812587736,0.09953425079584122,18.56021475791931
226309162,d-XY p=26,0,spsa,sequential,4,continuation,60,120,5,78,2.0990726947784424,137,921.3447265625,104.3217544555664,10704.146484375,9578.9951171875,9852.681640625,0.00028305239049728755,0.006613124877877567,0.25,18.72279143333435
226309162,d-XY p=26,0,spsa,sequential,4,continuation,65,120,5,78,2.0990726947784424,147,62.076114654541016,7.028736591339111,49.37065505981445,49.33004379272461,49.40312957763672,0.0002718401325790852,0.00655987782624524,0.016874779015779495,18.88563561439514
226309162,d-XY p=26,0,spsa,sequential,4,continuation,70,120,5,78,2.0990726947784424,157,229.58998107910156,25.995946884155273,675.344970703125,659.7942504882812,639.8004150390625,0.0002617369581039263,0.006510961059728841,0.06009218096733093,19.047889471054077
226309162,d-XY p=26,0,spsa,sequential,4,continuation,75,120,5,78,2.0990726947784424,167,156.02748107910156,17.66663360595703,312.10992431640625,310.2631530761719,304.72271728515625,0.0002525750221875935,0.006465748569458605,0.039408646523952484,19.21143126487732
226309162,d-XY p=26,0,spsa,sequential,4,continuation,80,120,5,78,2.0990726947784424,177,200.03854370117188,22.6499080657959,512.680908203125,512.2593383789062,513.0182495117188,0.00024421971372573243,0.006423739359501706,0.048853352665901184,19.373324632644653
226309162,d-XY p=26,0,spsa,sequential,4,continuation,85,120,5,78,2.0990726947784424,187,1148.063720703125,129.99261474609375,15553.7900390625,15298.263671875,15998.18359375,0.00023656168549273008,0.006384526420430394,0.25,19.535872220993042
226309162,d-XY p=26,0,spsa,sequential,4,continuation,90,120,5,78,2.0990726947784424,197,81.99346160888672,9.283931732177734,86.13471984863281,86.06388854980469,86.19139099121094,0.0002295110957880608,0.006347774736498105,0.018818408250808716,19.69910979270935
226309162,d-XY p=26,0,spsa,sequential,4,continuation,95,120,5,78,2.0990726947784424,207,310.16607666015625,35.11939239501953,1230.128173828125,1231.5472412109375,1226.07373046875,0.0002229933724901463,0.006313205349806472,0.06916497647762299,19.86151099205017
226309162,d-XY p=26,0,spsa,sequential,4,continuation,100,120,5,78,2.0990726947784424,217,716.5424194335938,81.13245391845703,6305.5009765625,6231.92919921875,6426.67724609375,0.00021694604651829522,0.0062805835881331795,0.15545104444026947,20.024370670318604
226309162,d-XY p=26,0,spsa,sequential,4,continuation,105,120,5,78,2.0990726947784424,227,169.87838745117188,19.234939575195312,369.0099182128906,365.05712890625,367.7936706542969,0.0002113163502276589,0.006249710218466985,0.035898081958293915,20.186848878860474
226309162,d-XY p=26,0,spsa,sequential,4,continuation,110,120,5,78,2.0990726947784424,237,119.50459289550781,13.531230926513672,182.61268615722656,182.0108184814453,183.09420776367188,0.00020605937195955886,0.006220414696856706,0.024625040590763092,20.34917974472046
226309162,d-XY p=26,0,spsa,sequential,4,continuation,115,120,5,78,2.0990726947784424,247,183.81861877441406,20.8133602142334,432.9111633300781,433.19598388671875,430.63262939453125,0.00020113662098198343,0.006192549946726541,0.03697265684604645,20.512471675872803
226309162,d-XY p=26,0,spsa,sequential,4,continuation,120,120,5,78,2.0990726947784424,257,32.45981216430664,3.675349473953247,13.28616714477539,13.488213539123535,10.63071060180664,0.00019651489936836465,0.006165988269252272,0.006378836464136839,20.674842834472656
226309162,d-XY p=30,0,spsa,sequential,0,deterministic_linear_ramp,1,120,5,90,12.765048027038574,19,134.50015258789062,14.177560806274414,196.1394805908203,198.99319458007812,186.70968627929688,0.00274491563811561,0.01,0.25,0.34487009048461914
226309162,d-XY p=30,0,spsa,sequential,0,deterministic_linear_ramp,5,120,5,90,10.919655799865723,27,83.18099212646484,8.768046379089355,76.84068298339844,76.793212890625,76.8786392211914,0.0023355687129909134,0.008499708457906336,0.1942749172449112,0.4858105182647705
226309162,d-XY p=30,0,spsa,sequential,0,deterministic_linear_ramp,10,120,5,90,8.527356147766113,37,42.80730056762695,4.5122857093811035,20.3607234954834,20.338098526000977,20.27022933959961,0.001999790245545009,0.007925013304804718,0.08560562878847122,0.665280818939209
226309162,d-XY p=30,0,spsa,sequential,0,deterministic_linear_ramp,15,120,5,90,8.0390625,47,50.9727897644043,5.3730034828186035,28.51276397705078,28.58047866821289,28.355939865112305,0.0017678357554863492,0.007607023936737776,0.09011153131723404,0.8425989151000977
226309162,d-XY p=30,0,spsa,sequential,0,deterministic_linear_ramp,20,120,5,90,7.892258644104004,57,39.500858306884766,4.163756847381592,17.122833251953125,17.25981330871582,16.643390655517578,0.0015959622426634287,0.007389175310232022,0.06304188072681427,1.0267646312713623
226309162,d-XY p=30,0,spsa,sequential,0,deterministic_linear_ramp,25,120,5,90,7.644322872161865,67,26.123271942138672,2.7536346912384033,7.54880428314209,7.5740790367126465,7.4477033615112305,0.0014623975864929823,0.007224504386940453,0.03820261359214783,1.2083032131195068
226309162,d-XY p=30,0,spsa,sequential,0,deterministic_linear_ramp,30,120,5,90,7.506587028503418,77,0.19548393785953522,0.020605815574526787,0.0004237608809489757,0.00041705116746015847,0.0004170512256678194,0.001354961098800974,0.007092686320615818,0.0002648731169756502,1.3843493461608887
226309162,d-XY p=30,0,spsa,sequential,0,deterministic_linear_ramp,35,120,5,90,7.468254566192627,87,27.648509979248047,2.9144086837768555,8.47700023651123,8.45602798461914,8.493778228759766,0.001266251547287464,0.006983113928013742,0.035009969025850296,1.561291217803955
226309162,d-XY p=30,0,spsa,sequential,0,deterministic_linear_ramp,40,120,5,90,7.3517255783081055,97,2.5413618087768555,0.2678830623626709,0.07048558443784714,0.07048557698726654,0.07048558443784714,0.0011914858434096736,0.006889567205173026,0.003027996513992548,1.736835241317749
226309162,d-XY p=30,0,spsa,sequential,0,deterministic_linear_ramp,45,120,5,90,7.142189979553223,107,74.12198638916016,7.813143730163574,61.01506805419922,61.04521179199219,60.77389907836914,0.0011274213022578672,0.006808093884711353,0.08356671035289764,1.9137639999389648
226309162,d-XY p=30,0,spsa,sequential,0,deterministic_linear_ramp,50,120,5,90,7.089012145996094,117,26.961273193359375,2.841967821121216,8.012964248657227,7.99601411819458,8.040884017944336,0.0010717737164405447,0.006736030261586891,0.028896383941173553,2.089918375015259
226309162,d-XY p=30,0,spsa,sequential,0,deterministic_linear_ramp,55,120,5,90,6.990103244781494,127,72.44424438476562,7.636294364929199,58.19779586791992,56.69318389892578,55.98046875,0.0010228827820783397,0.00667149812587736,0.07410196959972382,2.2693915367126465
226309162,d-XY p=30,0,spsa,sequential,0,deterministic_linear_ramp,60,120,5,90,6.990103244781494,137,22.546802520751953,2.3766419887542725,5.623322010040283,5.591942310333252,5.648426532745361,0.0009795096899515286,0.006613124877877567,0.022084813565015793,2.445704221725464
226309162,d-XY p=30,0,spsa,sequential,0,deterministic_linear_ramp,65,120,5,90,6.990103244781494,147,53.16554641723633,5.604140281677246,31.34435272216797,31.371492385864258,30.150135040283203,0.000940709398394831,0.00655987782624524,0.05001332610845566,2.6222639083862305
226309162,d-XY p=30,0,spsa,sequential,0,deterministic_linear_ramp,70,120,5,90,6.990103244781494,157,80.02074432373047,8.434926986694336,71.00745391845703,70.83177185058594,66.08857727050781,0.0009057471171001817,0.006510961059728841,0.07247856259346008,2.799760103225708
226309162,d-XY p=30,0,spsa,sequential,0,deterministic_linear_ramp,75,120,5,90,6.831783294677734,167,13.702033996582031,1.4443212747573853,2.085033416748047,2.0837459564208984,2.0860636234283447,0.0008740420147585397,0.006465748569458605,0.011976153589785099,2.98531174659729
226309162,d-XY p=30,0,spsa,sequential,0,deterministic_linear_ramp,80,120,5,90,6.712514877319336,177,21.806631088256836,2.2986207008361816,5.155805587768555,5.189725399017334,5.072310924530029,0.0008451282663653589,0.006423739359501706,0.018429400399327278,3.1642072200775146
226309162,d-XY p=30,0,spsa,sequential,0,deterministic_linear_ramp,85,120,5,90,6.712514877319336,187,77.67587280273438,8.187755584716797,65.41716003417969,65.84754180908203,64.35777282714844,0.0008186274731836809,0.006384526420430394,0.06358759850263596,3.3458197116851807
226309162,d-XY p=30,0,spsa,sequential,0,deterministic_linear_ramp,90,120,5,90,6.417675495147705,197,114.4566650390625,12.06479263305664,143.76217651367188,144.10360717773438,142.9714813232422,0.0007942287358210929,0.006347774736498105,0.09090477228164673,3.5346262454986572
226309162,d-XY p=30,0,spsa,sequential,0,deterministic_linear_ramp,95,120,5,90,6.417675495147705,207,231.34228515625,24.385618209838867,594.658447265625,592.0154418945312,584.086669921875,0.0007716739956349601,0.006313205349806472,0.1785208284854889,3.7119998931884766
226309162,d-XY p=30,0,spsa,sequential,0,deterministic_linear_ramp,100,120,5,90,6.096694469451904,217,332.4559326171875,35.0439338684082,1228.077392578125,1222.6192626953125,1206.2447509765625,0.0007507470768503599,0.0062805835881331795,0.24959033727645874,3.8893699645996094
226309162,d-XY p=30,0,spsa,sequential,0,deterministic_linear_ramp,105,120,5,90,6.096694469451904,227,67.22203063964844,7.085824489593506,50.10972213745117,49.98575210571289,50.20890426635742,0.0007312653757473434,0.006249710218466985,0.04915713891386986,4.0666375160217285
226309162,d-XY p=30,0,spsa,sequential,0,deterministic_linear_ramp,110,120,5,90,5.910696029663086,237,109.5572509765625,11.548348426818848,133.29849243164062,133.21615600585938,130.99342346191406,0.0007130734744374058,0.006220414696856706,0.07812237739562988,4.242790937423706
226309162,d-XY p=30,0,spsa,sequential,0,deterministic_linear_ramp,115,120,5,90,5.696599006652832,247,163.4832000732422,17.232643127441406,296.9639892578125,296.6340026855469,295.6441345214844,0.0006960381748051291,0.006192549946726541,0.11379055678844452,4.438847780227661
226309162,d-XY p=30,0,spsa,sequential,0,deterministic_linear_ramp,120,120,5,90,5.677663326263428,257,435.90850830078125,45.94879150390625,2110.2490234375,2111.29150390625,2101.907958984375,0.0006800445946172189,0.006165988269252272,0.25,4.617819309234619
226309162,d-XY p=30,0,spsa,sequential,1,random_shared_stream,1,120,5,90,7.725898265838623,19,1.3898988962173462,0.14650821685791016,0.02136925794184208,0.02136925794184208,0.019079694524407387,0.2551085835930967,0.01,0.25,4.994597434997559
226309162,d-XY p=30,0,spsa,sequential,1,random_shared_stream,5,120,5,90,7.724501132965088,27,1.7754701375961304,0.1871509999036789,0.03391851484775543,0.03311854973435402,0.03486982733011246,0.21706445836874524,0.008499708457906336,0.25,5.136254549026489
226309162,d-XY p=30,0,spsa,sequential,1,random_shared_stream,10,120,5,90,7.722027778625488,37,0.2348881959915161,0.024759389460086823,0.0006103028426878154,0.0006123462226241827,0.0006021290901117027,0.1858576817225999,0.007925013304804718,0.043655771762132645,5.312951326370239
226309162,d-XY p=30,0,spsa,sequential,1,random_shared_stream,15,120,5,90,7.72092342376709,47,2.317134141921997,0.2442474067211151,0.059627335518598557,0.059391651302576065,0.05727052316069603,0.16430015893565317,0.007607023936737776,0.25,5.489533424377441
226309162,d-XY p=30,0,spsa,sequential,1,random_shared_stream,20,120,5,90,7.72092342376709,57,1.9651713371276855,0.2071472406387329,0.04034597426652908,0.041718028485774994,0.03604438155889511,0.1483264773388206,0.007389175310232022,0.25,5.668346881866455
226309162,d-XY p=30,0,spsa,sequential,1,random_shared_stream,25,120,5,90,7.72092342376709,67,1.554434895515442,0.16385182738304138,0.026728101074695587,0.02681759186089039,0.026370134204626083,0.13591316678726828,0.007224504386940453,0.21126817166805267,5.8528900146484375
226309162,d-XY p=30,0,spsa,sequential,1,random_shared_stream,30,120,5,90,7.72092342376709,77,1.9621739387512207,0.20683130621910095,0.042694687843322754,0.04273165389895439,0.04106802120804787,0.12592817132119957,0.007092686320615818,0.24709299206733704,6.033581733703613
226309162,d-XY p=30,0,spsa,sequential,1,random_shared_stream,35,120,5,90,7.72092342376709,87,2.077176570892334,0.2189536690711975,0.04708842188119888,0.04660901054739952,0.04772763326764107,0.1176836308611779,0.006983113928013742,0.2444497048854828,6.209404706954956
226309162,d-XY p=30,0,spsa,sequential,1,random_shared_stream,40,120,5,90,7.720645427703857,97,0.3450421392917633,0.03637063503265381,0.0013169440208002925,0.00130959483794868,0.0013228231109678745,0.11073501191174531,0.006889567205173026,0.0382082462310791,6.385754823684692
226309162,d-XY p=30,0,spsa,sequential,1,random_shared_stream,45,120,5,90,7.720645427703857,107,1.8146275281906128,0.19127854704856873,0.03593703359365463,0.03658747673034668,0.030733482912182808,0.10478094391605317,0.006808093884711353,0.19013836979866028,6.562817573547363
226309162,d-XY p=30,0,spsa,sequential,1,random_shared_stream,50,120,5,90,7.719505310058594,117,0.8092343807220459,0.08530079573392868,0.0071863955818116665,0.007243887055665255,0.00698517682030797,0.09960913586443008,0.006736030261586891,0.08060714602470398,6.738219499588013
226309162,d-XY p=30,0,spsa,sequential,1,random_shared_stream,55,120,5,90,7.719505310058594,127,1.3506951332092285,0.14237576723098755,0.020260849967598915,0.020248334854841232,0.020270857959985733,0.09506528145867225,0.00667149812587736,0.12840420007705688,6.917680501937866
226309162,d-XY p=30,0,spsa,sequential,1,random_shared_stream,60,120,5,90,7.719505310058594,137,2.582611322402954,0.27223116159439087,0.07231651991605759,0.07336869090795517,0.06883976608514786,0.0910342475190938,0.006613124877877567,0.23510608077049255,7.103773593902588
226309162,d-XY p=30,0,spsa,sequential,1,random_shared_stream,65,120,5,90,7.719505310058594,147,2.3498029708862305,0.24769100546836853,0.061320532113313675,0.061350829899311066,0.061078157275915146,0.0874282032077198,0.00655987782624524,0.20543907582759857,7.282929420471191
226309162,d-XY p=30,0,spsa,sequential,1,random_shared_stream,70,120,5,90,7.719505310058594,157,2.697476625442505,0.2843390107154846,0.08020986616611481,0.08075884729623795,0.07761473208665848,0.0841788581508406,0.006510961059728841,0.22707049548625946,7.457654714584351
226309162,d-XY p=30,0,spsa,sequential,1,random_shared_stream,75,120,5,90,7.719505310058594,167,1.9418413639068604,0.20468805730342865,0.04137995094060898,0.04073338955640793,0.04189720004796982,0.08123223070672611,0.006465748569458605,0.15774010121822357,7.63566780090332
226309162,d-XY p=30,0,spsa,sequential,1,random_shared_stream,80,120,5,90,7.719505310058594,177,1.643983006477356,0.17329102754592896,0.02997046336531639,0.0300297774374485,0.02949591726064682,0.07854502775719749,0.006423739359501706,0.12912669777870178,7.823362588882446
226309162,d-XY p=30,0,spsa,sequential,1,random_shared_stream,85,120,5,90,7.719505310058594,187,1.4691518545150757,0.1548622101545334,0.02387571521103382,0.023555953055620193,0.02387571521103382,0.07608208145793977,0.006384526420430394,0.11177613586187363,8.00560188293457
226309162,d-XY p=30,0,spsa,sequential,1,random_shared_stream,90,120,5,90,7.719505310058594,197,0.12435558438301086,0.01310823019593954,0.00017046803259290755,0.0001716347469482571,0.00016495263844262809,0.07381449725841122,0.006347774736498105,0.009179244749248028,8.183296203613281
226309162,d-XY p=30,0,spsa,sequential,1,random_shared_stream,95,120,5,90,7.719505310058594,207,0.7158251404762268,0.07545460015535355,0.005592179950326681,0.005465660709887743,0.005693396087735891,0.07171829155274345,0.006313205349806472,0.05133775621652603,8.35915231704712
226309162,d-XY p=30,0,spsa,sequential,1,random_shared_stream,100,120,5,90,7.719505310058594,217,2.4236865043640137,0.25547897815704346,0.06446371227502823,0.06410916149616241,0.0649794191122055,0.06977337326965474,0.0062805835881331795,0.1691087931394577,8.541266441345215
226309162,d-XY p=30,0,spsa,sequential,1,random_shared_stream,105,120,5,90,7.719505310058594,227,0.8881290555000305,0.0936170145869255,0.008608340285718441,0.008754408918321133,0.007790352683514357,0.06796277147724904,0.006249710218466985,0.06035971641540527,8.722530126571655
226309162,d-XY p=30,0,spsa,sequential,1,random_shared_stream,110,120,5,90,7.71948766708374,237,1.2370189428329468,0.13039323687553406,0.01659097895026207,0.016926828771829605,0.015113240107893944,0.06627204185641829,0.006220414696856706,0.08197976648807526,8.91843581199646
226309162,d-XY p=30,0,spsa,sequential,1,random_shared_stream,115,120,5,90,7.71948766708374,247,0.2202465534210205,0.02321602590382099,0.0005387177225202322,0.0005389837897382677,0.0005365883116610348,0.06468880516239094,0.006192549946726541,0.014247486367821693,9.101861953735352
226309162,d-XY p=30,0,spsa,sequential,1,random_shared_stream,120,120,5,90,7.7185187339782715,257,0.8891832828521729,0.09372815489768982,0.0087155532091856,0.008697115816175938,0.008745920844376087,0.06320238440261802,0.006165988269252272,0.05619850009679794,9.278465270996094
226309162,d-XY p=30,0,spsa,sequential,2,random_shared_stream,1,120,5,90,7.72464656829834,19,2.139698028564453,0.22554397583007812,0.050844959914684296,0.05081355944275856,0.04996572434902191,0.24307407890352214,0.01,0.25,9.65682578086853
226309162,d-XY p=30,0,spsa,sequential,2,random_shared_stream,5,120,5,90,7.72464656829834,27,1.3230870962142944,0.13946563005447388,0.019296977669000626,0.01910487189888954,0.019450660794973373,0.20682464908680734,0.008499708457906336,0.25,9.80396842956543
226309162,d-XY p=30,0,spsa,sequential,2,random_shared_stream,10,120,5,90,7.724189281463623,37,1.033450961112976,0.10893529653549194,0.011023030616343021,0.010798878036439419,0.011392222717404366,0.17709002243500938,0.007925013304804718,0.18301385641098022,9.985513687133789
226309162,d-XY p=30,0,spsa,sequential,2,random_shared_stream,15,120,5,90,7.724189281463623,47,1.277947187423706,0.1347074806690216,0.01782350242137909,0.01764204353094101,0.018065452575683594,0.15654945527307965,0.007607023936737776,0.20006194710731506,10.15994644165039
226309162,d-XY p=30,0,spsa,sequential,2,random_shared_stream,20,120,5,90,7.724189281463623,57,2.6251258850097656,0.2767125964164734,0.0765320286154747,0.0762295350432396,0.0762295350432396,0.14132931690626818,0.007389175310232022,0.25,10.335822105407715
226309162,d-XY p=30,0,spsa,sequential,2,random_shared_stream,25,120,5,90,7.7236762046813965,67,2.5080721378326416,0.2643740177154541,0.06709787994623184,0.06492341309785843,0.0695829764008522,0.12950159246844725,0.007224504386940453,0.25,10.511610746383667
226309162,d-XY p=30,0,spsa,sequential,2,random_shared_stream,30,120,5,90,7.719629287719727,77,1.2331751585006714,0.12998807430267334,0.016763392835855484,0.01682179979979992,0.016596509143710136,0.11998762966254747,0.007092686320615818,0.14796575903892517,10.690534114837646
226309162,d-XY p=30,0,spsa,sequential,2,random_shared_stream,35,120,5,90,7.718724250793457,87,0.150613933801651,0.015876103192567825,0.0002440846001263708,0.00024953013053163886,0.0002240450121462345,0.11213201755386569,0.006983113928013742,0.01688864454627037,10.879080057144165
226309162,d-XY p=30,0,spsa,sequential,2,random_shared_stream,40,120,5,90,7.718724250793457,97,0.6414960622787476,0.06761962175369263,0.004570155404508114,0.004572413861751556,0.004552091006189585,0.10551119309160878,0.006889567205173026,0.06768501549959183,11.057165384292603
226309162,d-XY p=30,0,spsa,sequential,2,random_shared_stream,45,120,5,90,7.718724250793457,107,1.0255868434906006,0.1081063374876976,0.011542697437107563,0.011635039933025837,0.011219503358006477,0.09983800258818673,0.006808093884711353,0.10239254683256149,11.240595579147339
226309162,d-XY p=30,0,spsa,sequential,2,random_shared_stream,50,120,5,90,7.718724250793457,117,0.6856666803359985,0.07227561622858047,0.005223765037953854,0.005078659858554602,0.004643346183001995,0.09491016966030982,0.006736030261586891,0.06507674604654312,11.426353931427002
226309162,d-XY p=30,0,spsa,sequential,2,random_shared_stream,55,120,5,90,7.718724250793457,127,1.6914201974868774,0.17829135060310364,0.031646523624658585,0.031222684308886528,0.03164652734994888,0.09058066726256618,0.00667149812587736,0.15320996940135956,11.603612661361694
226309162,d-XY p=30,0,spsa,sequential,2,random_shared_stream,60,120,5,90,7.718724250793457,137,0.7367162704467773,0.07765671610832214,0.006018653977662325,0.006030566059052944,0.005923355929553509,0.08673979351346986,0.006613124877877567,0.06390261650085449,11.779844045639038
226309162,d-XY p=30,0,spsa,sequential,2,random_shared_stream,65,120,5,90,7.718724250793457,147,0.9537131786346436,0.10053019225597382,0.01006140373647213,0.00992665160447359,0.010061402805149555,0.08330386091125444,0.00655987782624524,0.07944799214601517,11.961386680603027
226309162,d-XY p=30,0,spsa,sequential,2,random_shared_stream,70,120,5,90,7.718724250793457,157,0.9271816611289978,0.0977335199713707,0.009382032789289951,0.00928651262074709,0.009509390220046043,0.0802078006156102,0.006510961059728841,0.07436719536781311,12.148253202438354
226309162,d-XY p=30,0,spsa,sequential,2,random_shared_stream,75,120,5,90,7.718724250793457,167,0.9529051184654236,0.10044500976800919,0.00996464304625988,0.009988309815526009,0.009909838438034058,0.07740017751739098,0.006465748569458605,0.07375502586364746,12.326965093612671
226309162,d-XY p=30,0,spsa,sequential,2,random_shared_stream,80,120,5,90,7.718724250793457,177,2.7164978981018066,0.2863440215587616,0.08195241540670395,0.0816284790635109,0.08162848651409149,0.07483974081007363,0.006423739359501706,0.20330201089382172,12.511642217636108
226309162,d-XY p=30,0,spsa,sequential,2,random_shared_stream,85,120,5,90,7.718724250793457,187,0.8513074517250061,0.08973568677902222,0.007988868281245232,0.007909337989985943,0.008052493445575237,0.0724929816589358,0.006384526420430394,0.0617138110101223,12.694983720779419
226309162,d-XY p=30,0,spsa,sequential,2,random_shared_stream,90,120,5,90,7.718724250793457,197,0.5102498531341553,0.0537850596010685,0.0028799751307815313,0.002841403940692544,0.0028799748979508877,0.07033236858636376,0.006347774736498105,0.03588707745075226,12.871609210968018
226309162,d-XY p=30,0,spsa,sequential,2,random_shared_stream,95,120,5,90,7.718724250793457,207,3.2670717239379883,0.34437960386276245,0.11713314801454544,0.11846553534269333,0.09962175041437149,0.06833504939027503,0.006313205349806472,0.22325550019741058,13.049094676971436
226309162,d-XY p=30,0,spsa,sequential,2,random_shared_stream,100,120,5,90,7.718724250793457,217,0.24777060747146606,0.026117315515875816,0.0006736930226907134,0.0006790825282223523,0.0006548296078108251,0.0664818807765585,0.0062805835881331795,0.016472257673740387,13.218772888183594
226309162,d-XY p=30,0,spsa,sequential,2,random_shared_stream,105,120,5,90,7.718724250793457,227,1.4907104969024658,0.15713468194007874,0.024386480450630188,0.024252351373434067,0.02458156831562519,0.06475669240088208,0.006249710218466985,0.09653348475694656,13.387603521347046
226309162,d-XY p=30,0,spsa,sequential,2,random_shared_stream,110,120,5,90,7.718724250793457,237,0.39924946427345276,0.04208458960056305,0.0017676141578704119,0.001771112671121955,0.0017396262846887112,0.0631457213411476,0.006220414696856706,0.025210894644260406,13.57485294342041
226309162,d-XY p=30,0,spsa,sequential,2,random_shared_stream,115,120,5,90,7.718546390533447,247,3.855593204498291,0.4064152240753174,0.16517330706119537,0.16223689913749695,0.15342766046524048,0.06163717233167645,0.006192549946726541,0.23764784634113312,13.761425256729126
226309162,d-XY p=30,0,spsa,sequential,2,random_shared_stream,120,120,5,90,7.718546390533447,257,0.6613850593566895,0.06971611827611923,0.004850735422223806,0.004773929715156555,0.004773929715156555,0.06022087205688376,0.006165988269252272,0.03982918709516525,13.950636863708496
226309162,d-XY p=30,0,spsa,sequential,3,random_shared_stream,1,120,5,90,7.727019309997559,19,0.4643551707267761,0.04894733428955078,0.0023958415258675814,0.0023931795731186867,0.0023851932492107153,0.35266256069619323,0.01,0.1637606918811798,14.3531494140625
226309162,d-XY p=30,0,spsa,sequential,3,random_shared_stream,5,120,5,90,7.720517158508301,27,2.1062419414520264,0.22201737761497498,0.0477338582277298,0.04792250692844391,0.04732005298137665,0.30007029417149494,0.008499708457906336,0.25,14.505176305770874
226309162,d-XY p=30,0,spsa,sequential,3,random_shared_stream,10,120,5,90,7.720517158508301,37,0.16924507915973663,0.017839999869465828,0.0003181083593517542,0.0003168509865645319,0.0003168509865645319,0.25692999050904464,0.007925013304804718,0.04348414018750191,14.691957950592041
226309162,d-XY p=30,0,spsa,sequential,3,random_shared_stream,15,120,5,90,7.720517158508301,47,1.0210496187210083,0.10762808471918106,0.011583802290260792,0.011467966251075268,0.011120450682938099,0.2271288325815742,0.007607023936737776,0.23190979659557343,14.879990816116333
226309162,d-XY p=30,0,spsa,sequential,3,random_shared_stream,20,120,5,90,7.720517158508301,57,0.8628999590873718,0.0909576416015625,0.007354038301855326,0.007528696674853563,0.006949565839022398,0.20504678666864684,0.007389175310232022,0.1769348680973053,15.069648504257202
226309162,d-XY p=30,0,spsa,sequential,3,random_shared_stream,25,120,5,90,7.720517158508301,67,0.15215617418289185,0.016038669273257256,0.00025266577722504735,0.00025009337696246803,0.00025609563454054296,0.18788660403516064,0.007224504386940453,0.028588108718395233,15.257651090621948
226309162,d-XY p=30,0,spsa,sequential,3,random_shared_stream,30,120,5,90,7.718945026397705,77,3.6172497272491455,0.38129162788391113,0.145096093416214,0.1452217400074005,0.13956795632839203,0.17408332850437622,0.007092686320615818,0.25,15.445711374282837
226309162,d-XY p=30,0,spsa,sequential,3,random_shared_stream,35,120,5,90,7.718945026397705,87,1.5113219022750854,0.1593073308467865,0.025328688323497772,0.025266025215387344,0.025378819555044174,0.16268606107635347,0.006983113928013742,0.24587102234363556,15.63402247428894
226309162,d-XY p=30,0,spsa,sequential,3,random_shared_stream,40,120,5,90,7.718945026397705,97,0.05975039675831795,0.006298245396465063,3.9667887904215604e-05,3.9667887904215604e-05,3.9667887904215604e-05,0.1530802778545799,0.006889567205173026,0.009146608412265778,15.821407079696655
226309162,d-XY p=30,0,spsa,sequential,3,random_shared_stream,45,120,5,90,7.718945026397705,107,1.7561554908752441,0.1851150542497635,0.0339968167245388,0.034115277230739594,0.033658381551504135,0.14484936364406775,0.006808093884711353,0.25,16.009674072265625
226309162,d-XY p=30,0,spsa,sequential,3,random_shared_stream,50,120,5,90,7.718945026397705,117,0.4875553250312805,0.05139284208416939,0.002594269346445799,0.002403514226898551,0.002535575535148382,0.13769984697463358,0.006736030261586891,0.06713629513978958,16.198000192642212
226309162,d-XY p=30,0,spsa,sequential,3,random_shared_stream,55,120,5,90,7.718945026397705,127,0.13730710744857788,0.014473441056907177,0.00020689429948106408,0.00020110124023631215,0.00020854943431913853,0.1314184145445858,0.00667149812587736,0.01804468408226967,16.38518524169922
226309162,d-XY p=30,0,spsa,sequential,3,random_shared_stream,60,120,5,90,7.718111515045166,137,0.5964871048927307,0.06287526339292526,0.003951346036046743,0.003948905970901251,0.0039532980881631374,0.125845906041099,0.006613124877877567,0.07506546378135681,16.57325029373169
226309162,d-XY p=30,0,spsa,sequential,3,random_shared_stream,65,120,5,90,7.718111515045166,147,0.9061309695243835,0.09551459550857544,0.00911853276193142,0.009112900123000145,0.009123037569224834,0.12086090395719615,0.00655987782624524,0.10951580852270126,16.76080298423767
226309162,d-XY p=30,0,spsa,sequential,3,random_shared_stream,70,120,5,90,7.718111515045166,157,3.0802998542785645,0.32469210028648376,0.10495640337467194,0.1035507470369339,0.10495640337467194,0.11636900355853175,0.006510961059728841,0.25,16.948747873306274
226309162,d-XY p=30,0,spsa,sequential,3,random_shared_stream,75,120,5,90,7.718111515045166,167,1.7165584564208984,0.1809411346912384,0.031122924759984016,0.03183026239275932,0.029101954773068428,0.11229558052735464,0.006465748569458605,0.19276192784309387,17.137307167053223
226309162,d-XY p=30,0,spsa,sequential,3,random_shared_stream,80,120,5,90,7.718111515045166,177,0.44294941425323486,0.04669096693396568,0.0021800464019179344,0.0021703571546822786,0.0021412898786365986,0.10858078637992333,0.006423739359501706,0.04809579625725746,17.32526206970215
226309162,d-XY p=30,0,spsa,sequential,3,random_shared_stream,85,120,5,90,7.718111515045166,187,1.6639997959136963,0.175400972366333,0.030750306323170662,0.030628766864538193,0.030628765001893044,0.1051760050255693,0.006384526420430394,0.17501284182071686,17.513132333755493
226309162,d-XY p=30,0,spsa,sequential,3,random_shared_stream,90,120,5,90,7.718111515045166,197,1.0767980813980103,0.11350449919700623,0.012826009653508663,0.012826011516153812,0.012826010584831238,0.10204129258611845,0.006347774736498105,0.10987786948680878,17.700886726379395
226309162,d-XY p=30,0,spsa,sequential,3,random_shared_stream,95,120,5,90,7.718111515045166,207,0.23825009167194366,0.025113768875598907,0.0006294553168118,0.000627898087259382,0.0006307011935859919,0.09914349408206698,0.006313205349806472,0.02362094633281231,17.88916039466858
226309162,d-XY p=30,0,spsa,sequential,3,random_shared_stream,100,120,5,90,7.718111515045166,217,1.1077650785446167,0.11676870286464691,0.013527195900678635,0.013574328273534775,0.01339252945035696,0.09645483558066223,0.0062805835881331795,0.106849305331707,18.07731866836548
226309162,d-XY p=30,0,spsa,sequential,3,random_shared_stream,105,120,5,90,7.718111515045166,227,0.15525972843170166,0.016365811228752136,0.00026664938195608556,0.00026664938195608556,0.00023807982506696135,0.09395185643539997,0.006249710218466985,0.014586939476430416,18.256956338882446
226309162,d-XY p=30,0,spsa,sequential,3,random_shared_stream,110,120,5,90,7.718111515045166,237,2.012246608734131,0.21210941672325134,0.04463491961359978,0.043740663677453995,0.044790443032979965,0.09161458879379791,0.006220414696856706,0.1843511313199997,18.44659996032715
226309162,d-XY p=30,0,spsa,sequential,3,random_shared_stream,115,120,5,90,7.718111515045166,247,0.5942639708518982,0.06264092028141022,0.0038541266694664955,0.003919525537639856,0.003487897804006934,0.08942591956581758,0.006192549946726541,0.05314259976148605,18.63053250312805
226309162,d-XY p=30,0,spsa,sequential,3,random_shared_stream,120,120,5,90,7.718111515045166,257,0.46293288469314575,0.04879740625619888,0.0023800113704055548,0.002378541510552168,0.0023388550616800785,0.08737108885792727,0.006165988269252272,0.04044695198535919,18.818368434906006
226309162,d-XY p=30,0,spsa,sequential,4,continuation,1,120,5,90,2.0741238594055176,19,346.69122314453125,36.544464111328125,1319.01025390625,1322.1427001953125,1311.755615234375,0.003231853402782478,0.01,0.25,19.219258069992065
226309162,d-XY p=30,0,spsa,sequential,4,continuation,5,120,5,90,2.0741238594055176,27,448.949951171875,47.3234748840332,2185.321044921875,2117.582763671875,2239.511474609375,0.0027498898646276214,0.008499708457906336,0.25,19.370914220809937
226309162,d-XY p=30,0,spsa,sequential,4,continuation,10,120,5,90,2.0741238594055176,37,158.77928161621094,16.736806869506836,279.9822998046875,279.8094177246094,280.1206359863281,0.0023545455533025878,0.007925013304804718,0.25,19.55864429473877
226309162,d-XY p=30,0,spsa,sequential,4,continuation,15,120,5,90,2.0741238594055176,47,516.998046875,54.496376037597656,2963.98876953125,2956.65625,2969.85546875,0.0020814432045173316,0.007607023936737776,0.25,19.747475624084473
226309162,d-XY p=30,0,spsa,sequential,4,continuation,20,120,5,90,2.0741238594055176,57,567.14501953125,59.7823371887207,3572.162841796875,3538.1884765625,3510.391357421875,0.001879079973548869,0.007389175310232022,0.25,19.93576169013977
226309162,d-XY p=30,0,spsa,sequential,4,continuation,25,120,5,90,2.0741238594055176,67,82.27202606201172,8.672233581542969,75.17049407958984,75.20763397216797,74.87338256835938,0.001721821447078356,0.007224504386940453,0.141657754778862,20.12355399131775
226309162,d-XY p=30,0,spsa,sequential,4,continuation,30,120,5,90,2.0741238594055176,77,22.272411346435547,2.3477184772491455,5.509058952331543,5.456663131713867,5.413793563842773,0.0015953261284212107,0.007092686320615818,0.03553175553679466,20.311815977096558
226309162,d-XY p=30,0,spsa,sequential,4,continuation,35,120,5,90,2.0741238594055176,87,530.071044921875,55.874393463134766,3083.4052734375,3118.479248046875,2899.942626953125,0.0014908798343576664,0.006983113928013742,0.25,20.500009298324585
226309162,d-XY p=30,0,spsa,sequential,4,continuation,40,120,5,90,2.0741238594055176,97,373.1858825683594,39.33724594116211,1546.6549072265625,1545.6995849609375,1519.9093017578125,0.0014028509743323927,0.006889567205173026,0.25,20.689025402069092
226309162,d-XY p=30,0,spsa,sequential,4,continuation,45,120,5,90,2.0741238594055176,107,183.80528259277344,19.374778747558594,372.4160461425781,375.38201904296875,348.6882019042969,0.0013274216232645026,0.006808093884711353,0.24398711323738098,20.876744270324707
226309162,d-XY p=30,0,spsa,sequential,4,continuation,50,120,5,90,2.0741238594055176,117,550.7713623046875,58.056396484375,3328.933349609375,3235.723388671875,3355.5654296875,0.0012619023639171344,0.006736030261586891,0.25,21.06505560874939
226309162,d-XY p=30,0,spsa,sequential,4,continuation,55,120,5,90,2.0741238594055176,127,37.26040267944336,3.927591323852539,15.418356895446777,15.408833503723145,15.42597484588623,0.0012043383607144057,0.00667149812587736,0.04487413540482521,21.251912355422974
226309162,d-XY p=30,0,spsa,sequential,4,continuation,60,120,5,90,2.0741238594055176,137,222.4274444580078,23.445913314819336,536.4090576171875,539.9381103515625,527.7222900390625,0.0011532710443157626,0.006613124877877567,0.25,21.439225912094116
226309162,d-XY p=30,0,spsa,sequential,4,continuation,65,120,5,90,2.0741238594055176,147,61.05902099609375,6.436185836791992,40.115272521972656,39.76750946044922,40.688053131103516,0.0011075877262001828,0.00655987782624524,0.06762821972370148,21.62656044960022
226309162,d-XY p=30,0,spsa,sequential,4,continuation,70,120,5,90,2.0741238594055176,157,344.4919128417969,36.31263732910156,1318.607666015625,1317.142578125,1312.7471923828125,0.0010664232670080161,0.006510961059728841,0.25,21.813777923583984
226309162,d-XY p=30,0,spsa,sequential,4,continuation,75,120,5,90,2.0741238594055176,167,249.02236938476562,26.2492618560791,683.57958984375,688.2581176757812,612.465576171875,0.0010290937981290579,0.006465748569458605,0.25,22.002156734466553
226309162,d-XY p=30,0,spsa,sequential,4,continuation,80,120,5,90,2.0741238594055176,177,44.52732849121094,4.693592548370361,21.931901931762695,22.005334854125977,20.463247299194336,0.0009950508589457437,0.006423739359501706,0.044306956231594086,22.190370559692383
226309162,d-XY p=30,0,spsa,sequential,4,continuation,85,120,5,90,2.0741238594055176,187,485.87725830078125,51.21596145629883,2602.349365234375,2623.07470703125,2436.545166015625,0.0009638489242008794,0.006384526420430394,0.25,22.378525495529175
226309162,d-XY p=30,0,spsa,sequential,4,continuation,90,120,5,90,2.0741238594055176,197,75.31315612792969,7.938704490661621,62.99190139770508,62.95299530029297,63.02301788330078,0.000935121942113004,0.006347774736498105,0.07042698562145233,22.56546688079834
226309162,d-XY p=30,0,spsa,sequential,4,continuation,95,120,5,90,2.0741238594055176,207,92.72407531738281,9.773975372314453,95.4834213256836,94.57528686523438,93.83228302001953,0.0009085660754017526,0.006313205349806472,0.0842459425330162,22.753755807876587
226309162,d-XY p=30,0,spsa,sequential,4,continuation,100,120,5,90,2.0741238594055176,217,68.49164581298828,7.219653606414795,52.097660064697266,51.8917350769043,51.89173889160156,0.000883926799518508,0.0062805835881331795,0.060541603714227676,22.941935300827026
226309162,d-XY p=30,0,spsa,sequential,4,continuation,105,120,5,90,2.0741238594055176,227,104.63672637939453,11.029679298400879,120.69261932373047,120.43728637695312,121.11314392089844,0.0008609891175265768,0.006249710218466985,0.09009107947349548,23.120933294296265
226309162,d-XY p=30,0,spsa,sequential,4,continuation,110,120,5,90,2.0741238594055176,237,183.5187530517578,19.34457778930664,371.255859375,363.81781005859375,372.5494384765625,0.0008395700409854971,0.006220414696856706,0.15407684445381165,23.309041023254395
226309162,d-XY p=30,0,spsa,sequential,4,continuation,115,120,5,90,2.0741238594055176,247,361.7084045410156,38.12741470336914,1435.7528076171875,1447.23876953125,1395.5516357421875,0.000819512742932509,0.006192549946726541,0.25,23.49578070640564
226309162,d-XY p=30,0,spsa,sequential,4,continuation,120,120,5,90,2.0741238594055176,257,0.3914020359516144,0.04125740006566048,0.0016946075484156609,0.0016548901330679655,0.0016719120321795344,0.0008006819614559401,0.006165988269252272,0.00031338853295892477,23.68362855911255
226309162,d-XY p=36,0,spsa,sequential,0,deterministic_linear_ramp,1,120,5,108,12.784441947937012,19,114.40518951416016,11.008644104003906,120.81620788574219,120.34866333007812,121.19023895263672,0.0021090064723000216,0.01,0.24128127098083496,0.41686224937438965
226309162,d-XY p=36,0,spsa,sequential,0,deterministic_linear_ramp,5,120,5,108,10.823359489440918,27,15.850946426391602,1.5252580642700195,2.32322096824646,2.3264122009277344,2.2976908683776855,0.0017944921380464687,0.008499708457906336,0.028444400057196617,0.5956449508666992
226309162,d-XY p=36,0,spsa,sequential,0,deterministic_linear_ramp,10,120,5,108,9.284504890441895,37,184.91221618652344,17.79318618774414,316.16314697265625,310.4902648925781,307.8031005859375,0.0015365028026844002,0.007925013304804718,0.25,0.8212766647338867
226309162,d-XY p=36,0,spsa,sequential,0,deterministic_linear_ramp,15,120,5,108,7.987545490264893,47,127.11433410644531,12.231583595275879,149.560302734375,149.14984130859375,149.14984130859375,0.001358284749633926,0.007607023936737776,0.17265745997428894,1.0474207401275635
226309162,d-XY p=36,0,spsa,sequential,0,deterministic_linear_ramp,20,120,5,108,7.338164329528809,57,100.98181915283203,9.71697998046875,94.12828826904297,93.7640151977539,94.4197006225586,0.0012262288328956886,0.007389175310232022,0.12382680922746658,1.2600035667419434
226309162,d-XY p=36,0,spsa,sequential,0,deterministic_linear_ramp,25,120,5,108,7.195569038391113,67,57.25277328491211,5.50915002822876,30.309104919433594,30.139970779418945,30.257062911987305,0.0011236068359124305,0.007224504386940453,0.0643296018242836,1.4800095558166504
226309162,d-XY p=36,0,spsa,sequential,0,deterministic_linear_ramp,30,120,5,108,7.1865057945251465,77,46.47438430786133,4.471999645233154,19.751882553100586,19.443260192871094,19.998783111572266,0.0010410599463988506,0.007092686320615818,0.04838262125849724,1.69777250289917
226309162,d-XY p=36,0,spsa,sequential,0,deterministic_linear_ramp,35,120,5,108,7.1865057945251465,87,119.9543228149414,11.542610168457031,132.50079345703125,128.19451904296875,129.5309600830078,0.0009729015608736539,0.006983113928013742,0.11670374870300293,1.914111614227295
226309162,d-XY p=36,0,spsa,sequential,0,deterministic_linear_ramp,40,120,5,108,6.866217613220215,97,148.0035400390625,14.241647720336914,201.71160888671875,202.66799926757812,197.19049072265625,0.0009154566794373067,0.006889567205173026,0.13549081981182098,2.1356680393218994
226309162,d-XY p=36,0,spsa,sequential,0,deterministic_linear_ramp,45,120,5,108,6.866217613220215,107,30.39566993713379,2.9248247146606445,8.551666259765625,8.554600715637207,8.528197288513184,0.0008662338435665306,0.006808093884711353,0.026329757645726204,2.3517513275146484
226309162,d-XY p=36,0,spsa,sequential,0,deterministic_linear_ramp,50,120,5,108,6.866217613220215,117,81.46125030517578,7.838613033294678,60.685279846191406,61.44384765625,54.61675262451172,0.0008234780236692123,0.006736030261586891,0.06708154827356339,2.5673601627349854
226309162,d-XY p=36,0,spsa,sequential,0,deterministic_linear_ramp,55,120,5,108,6.811110973358154,127,29.815820693969727,2.8690288066864014,8.129704475402832,8.23132610321045,7.316733360290527,0.0007859135551752108,0.00667149812587736,0.023432657122612,2.7851221561431885
226309162,d-XY p=36,0,spsa,sequential,0,deterministic_linear_ramp,60,120,5,108,6.745482444763184,137,185.5349884033203,17.853113174438477,318.2964172363281,316.52020263671875,294.1400146484375,0.0007525886213415767,0.006613124877877567,0.13963152468204498,2.996905565261841
226309162,d-XY p=36,0,spsa,sequential,0,deterministic_linear_ramp,65,120,5,108,6.649526596069336,147,5.296221733093262,0.5096291899681091,0.25936561822891235,0.25972190499305725,0.2565154433250427,0.0007227771164326756,0.00655987782624524,0.00382798770442605,3.2168819904327393
226309162,d-XY p=36,0,spsa,sequential,0,deterministic_linear_ramp,70,120,5,108,6.649526596069336,157,2.285938262939453,0.21996451914310455,0.04823505878448486,0.048235055059194565,0.048235055059194565,0.0006959144775548524,0.006510961059728841,0.0015908177010715008,3.4317214488983154
226309162,d-XY p=36,0,spsa,sequential,0,deterministic_linear_ramp,75,120,5,108,6.5876970291137695,167,31.9602108001709,3.0753726959228516,9.428727149963379,9.428726196289062,8.728139877319336,0.0006715544334372993,0.006465748569458605,0.021463021636009216,3.645664691925049
226309162,d-XY p=36,0,spsa,sequential,0,deterministic_linear_ramp,80,120,5,108,6.5876970291137695,177,285.44329833984375,27.466794967651367,723.1196899414062,733.4685668945312,696.2130126953125,0.0006493390758310688,0.006423739359501706,0.1853494942188263,3.861494779586792
226309162,d-XY p=36,0,spsa,sequential,0,deterministic_linear_ramp,85,120,5,108,6.2300543785095215,187,109.64048767089844,10.55016040802002,111.26771545410156,110.53292846679688,109.9317398071289,0.0006289776688846564,0.006384526420430394,0.06896141171455383,4.074573278427124
226309162,d-XY p=36,0,spsa,sequential,0,deterministic_linear_ramp,90,120,5,108,6.2300543785095215,197,26.587629318237305,2.5583958625793457,6.545389652252197,6.54033899307251,6.525187015533447,0.0006102313386517274,0.006347774736498105,0.016224605962634087,4.300793647766113
226309162,d-XY p=36,0,spsa,sequential,0,deterministic_linear_ramp,95,120,5,108,6.132269382476807,207,345.15228271484375,33.21229553222656,1097.0040283203125,1095.396484375,1099.6519775390625,0.0005929018104239473,0.006313205349806472,0.2046414464712143,4.515945911407471
226309162,d-XY p=36,0,spsa,sequential,0,deterministic_linear_ramp,100,120,5,108,6.132269382476807,217,269.61859130859375,25.944061279296875,672.8634033203125,672.5748901367188,664.784423828125,0.0005768229894397376,0.0062805835881331795,0.1555221974849701,4.728718042373657
226309162,d-XY p=36,0,spsa,sequential,0,deterministic_linear_ramp,105,120,5,108,5.8665385246276855,227,26.960811614990234,2.5943055152893066,6.647327899932861,6.543463230133057,6.730419635772705,0.000561854575421053,0.006249710218466985,0.01514805480837822,4.949320554733276
226309162,d-XY p=36,0,spsa,sequential,0,deterministic_linear_ramp,110,120,5,108,5.8665385246276855,237,326.9832763671875,31.463979721069336,984.550048828125,989.2180786132812,962.4825439453125,0.0005478771558336005,0.006220414696856706,0.1791466623544693,5.1656880378723145
226309162,d-XY p=36,0,spsa,sequential,0,deterministic_linear_ramp,115,120,5,108,5.8665385246276855,247,4.2447967529296875,0.4084557890892029,0.1654057502746582,0.16477639973163605,0.16632118821144104,0.0005347883903053797,0.006192549946726541,0.0022700680419802666,5.385271310806274
226309162,d-XY p=36,0,spsa,sequential,0,deterministic_linear_ramp,120,120,5,108,5.8665385246276855,257,9.245451927185059,0.8896439671516418,0.784680962562561,0.7303965091705322,0.7303965091705322,0.0005225000111424018,0.006165988269252272,0.004830748774111271,5.597576141357422
226309162,d-XY p=36,0,spsa,sequential,1,random_shared_stream,1,120,5,108,7.723994255065918,19,1.650160551071167,0.15878677368164062,0.024789560586214066,0.02472687140107155,0.024901965633034706,0.4201972599994991,0.01,0.25,6.057678699493408
226309162,d-XY p=36,0,spsa,sequential,1,random_shared_stream,5,120,5,108,7.720712661743164,27,5.134300708770752,0.4940482974052429,0.24274446070194244,0.23937532305717468,0.24333040416240692,0.35753360143813784,0.008499708457906336,0.25,6.240532875061035
226309162,d-XY p=36,0,spsa,sequential,1,random_shared_stream,10,120,5,108,7.720712661743164,37,0.9551315307617188,0.09190758317708969,0.008400654420256615,0.008284058421850204,0.008420932106673717,0.30613195177415736,0.007925013304804718,0.25,6.454444885253906
226309162,d-XY p=36,0,spsa,sequential,1,random_shared_stream,15,120,5,108,7.720712661743164,47,4.790283679962158,0.4609452784061432,0.21130475401878357,0.20837198197841644,0.2118147611618042,0.27062388740459414,0.007607023936737776,0.25,6.672558546066284
226309162,d-XY p=36,0,spsa,sequential,1,random_shared_stream,20,120,5,108,7.720712661743164,57,5.309079647064209,0.5108664035797119,0.2587469518184662,0.26017898321151733,0.25373491644859314,0.24431314103708107,0.007389175310232022,0.25,6.883038282394409
226309162,d-XY p=36,0,spsa,sequential,1,random_shared_stream,25,120,5,108,7.720712661743164,67,0.01920578069984913,0.0018480770522728562,3.4048471206915565e-06,3.3916710435732966e-06,3.4153886190324556e-06,0.22386679223995534,0.007224504386940453,0.004299536347389221,7.098719835281372
226309162,d-XY p=36,0,spsa,sequential,1,random_shared_stream,30,120,5,108,7.720712661743164,77,0.19807253777980804,0.01905953884124756,0.00036326603731140494,0.00036214484134688973,0.0003587812534533441,0.2074201965321384,0.007092686320615818,0.04108424857258797,7.31218409538269
226309162,d-XY p=36,0,spsa,sequential,1,random_shared_stream,35,120,5,108,7.720712661743164,87,0.4839686155319214,0.04656990244984627,0.002150162123143673,0.002126920036971569,0.0021687555126845837,0.19384035824342835,0.006983113928013742,0.09381265193223953,7.530465364456177
226309162,d-XY p=36,0,spsa,sequential,1,random_shared_stream,40,120,5,108,7.720712661743164,97,3.2780585289001465,0.3154313266277313,0.09936043620109558,0.09826856106519699,0.09826856851577759,0.18239507246664988,0.006889567205173026,0.25,7.746614456176758
226309162,d-XY p=36,0,spsa,sequential,1,random_shared_stream,45,120,5,108,7.720712661743164,107,0.6470803022384644,0.06226533651351929,0.0038437331095337868,0.003769278060644865,0.00386500614695251,0.17258794241088077,0.006808093884711353,0.11167826503515244,7.961583614349365
226309162,d-XY p=36,0,spsa,sequential,1,random_shared_stream,50,120,5,108,7.720712661743164,117,3.3605010509490967,0.3233643174171448,0.10366803407669067,0.10254743695259094,0.10456450283527374,0.1640692969700765,0.006736030261586891,0.25,8.18262791633606
226309162,d-XY p=36,0,spsa,sequential,1,random_shared_stream,55,120,5,108,7.720712661743164,127,1.6103410720825195,0.1549551635980606,0.023978162556886673,0.023936988785862923,0.024011097848415375,0.15658497345479452,0.00667149812587736,0.25,8.398660898208618
226309162,d-XY p=36,0,spsa,sequential,1,random_shared_stream,60,120,5,108,7.720712661743164,137,0.21093741059303284,0.020297463983297348,0.0004084548563696444,0.0003964102943427861,0.00040690068271942437,0.14994533243402217,0.006613124877877567,0.031629081815481186,8.617058515548706
226309162,d-XY p=36,0,spsa,sequential,1,random_shared_stream,65,120,5,108,7.720712661743164,147,0.8449327945709229,0.08130370080471039,0.006601223722100258,0.0065898895263671875,0.0066102915443480015,0.14400570501053653,0.00655987782624524,0.12167514860630035,8.835245847702026
226309162,d-XY p=36,0,spsa,sequential,1,random_shared_stream,70,120,5,108,7.720712661743164,157,0.6830796003341675,0.06572936475276947,0.004225526936352253,0.0043070148676633835,0.0029869084246456623,0.13865360799183588,0.006510961059728841,0.09471145272254944,9.045094013214111
226309162,d-XY p=36,0,spsa,sequential,1,random_shared_stream,75,120,5,108,7.720712661743164,167,1.8355603218078613,0.17662687599658966,0.03115425817668438,0.031100763007998466,0.03119705431163311,0.13380012654163453,0.006465748569458605,0.2455982118844986,9.26829743385315
226309162,d-XY p=36,0,spsa,sequential,1,random_shared_stream,80,120,5,108,7.720712661743164,177,0.24029910564422607,0.023122791200876236,0.0005317298346199095,0.0005330133717507124,0.000528062810190022,0.12937395122228298,0.006423739359501706,0.031088443472981453,9.48793911933899
226309162,d-XY p=36,0,spsa,sequential,1,random_shared_stream,85,120,5,108,7.720712661743164,187,2.1418235301971436,0.2060970813035965,0.04247600585222244,0.04234490543603897,0.04195161163806915,0.12531715598671095,0.006384526420430394,0.25,9.709731101989746
226309162,d-XY p=36,0,spsa,sequential,1,random_shared_stream,90,120,5,108,7.720712661743164,197,0.43638747930526733,0.041991401463747025,0.0017632782692089677,0.0017619176069274545,0.0017578359693288803,0.12158214772458269,0.006347774736498105,0.053056925535202026,9.93095064163208
226309162,d-XY p=36,0,spsa,sequential,1,random_shared_stream,95,120,5,108,7.720712661743164,207,2.178971290588379,0.20967161655426025,0.042997315526008606,0.042300038039684296,0.04382650554180145,0.1181294222948424,0.006313205349806472,0.25,10.148240566253662
226309162,d-XY p=36,0,spsa,sequential,1,random_shared_stream,100,120,5,108,7.720712661743164,217,2.030514717102051,0.1953863799571991,0.03812346234917641,0.03814637288451195,0.038058001548051834,0.11492588707087545,0.0062805835881331795,0.233358696103096,10.363513231277466
226309162,d-XY p=36,0,spsa,sequential,1,random_shared_stream,105,120,5,108,7.720712661743164,227,2.104374408721924,0.20249353349208832,0.040652088820934296,0.0408770777285099,0.039864640682935715,0.11194358870441763,0.006249710218466985,0.2355712354183197,10.584438800811768
226309162,d-XY p=36,0,spsa,sequential,1,random_shared_stream,110,120,5,108,7.720712661743164,237,1.5892987251281738,0.1529303342103958,0.023098953068256378,0.022936535999178886,0.02331550233066082,0.10915873550948853,0.006220414696856706,0.17348583042621613,10.807649850845337
226309162,d-XY p=36,0,spsa,sequential,1,random_shared_stream,115,120,5,108,7.720712661743164,247,2.8524041175842285,0.274472713470459,0.07533527165651321,0.07533527910709381,0.07533527165651321,0.10655093724809377,0.006192549946726541,0.25,11.020642518997192
226309162,d-XY p=36,0,spsa,sequential,1,random_shared_stream,120,120,5,108,7.720712661743164,257,3.2339794635772705,0.31118983030319214,0.09680590033531189,0.09497106820344925,0.09205693006515503,0.10410260751466863,0.006165988269252272,0.25,11.24341368675232
226309162,d-XY p=36,0,spsa,sequential,2,random_shared_stream,1,120,5,108,7.725552082061768,19,0.23786097764968872,0.02288818359375,0.0005238689482212067,0.0005234647542238235,0.0005222520558163524,0.22790484086770085,0.01,0.054209668189287186,11.693269729614258
226309162,d-XY p=36,0,spsa,sequential,2,random_shared_stream,5,120,5,108,7.725552082061768,27,1.643512487411499,0.15814706683158875,0.02493330091238022,0.025010494515299797,0.024315757676959038,0.19391758656568087,0.008499708457906336,0.25,11.869621276855469
226309162,d-XY p=36,0,spsa,sequential,2,random_shared_stream,10,120,5,108,7.725552082061768,37,1.253707766532898,0.12063809484243393,0.014533585868775845,0.014542319811880589,0.014149283058941364,0.16603857377292552,0.007925013304804718,0.20816385746002197,12.085825204849243
226309162,d-XY p=36,0,spsa,sequential,2,random_shared_stream,15,120,5,108,7.725552082061768,47,0.23712018132209778,0.02281690016388893,0.0005204323679208755,0.0005206109490245581,0.0005190041265450418,0.146779857617387,0.007607023936737776,0.03480446711182594,12.30803394317627
226309162,d-XY p=36,0,spsa,sequential,2,random_shared_stream,20,120,5,108,7.720573902130127,57,1.3868725299835205,0.13345186412334442,0.016929922625422478,0.017136050388216972,0.01643521897494793,0.13250954451728336,0.007389175310232022,0.18377383053302765,12.5299654006958
226309162,d-XY p=36,0,spsa,sequential,2,random_shared_stream,25,120,5,108,7.720573902130127,67,0.13272565603256226,0.01277153193950653,0.00016171361494343728,0.00016109830175992101,0.00016260860138572752,0.12141993896169262,0.007224504386940453,0.016115540638566017,12.742990255355835
226309162,d-XY p=36,0,spsa,sequential,2,random_shared_stream,30,120,5,108,7.720573902130127,77,0.5575374960899353,0.05364907160401344,0.002853546990081668,0.0028693396598100662,0.0027982722967863083,0.11249970283828263,0.007092686320615818,0.06272280961275101,12.964539289474487
226309162,d-XY p=36,0,spsa,sequential,2,random_shared_stream,35,120,5,108,7.720573902130127,87,0.9207468032836914,0.08859890699386597,0.007677479647099972,0.007795252837240696,0.007244073785841465,0.10513432667138126,0.006983113928013742,0.09680209308862686,13.185157299041748
226309162,d-XY p=36,0,spsa,sequential,2,random_shared_stream,40,120,5,108,7.720573902130127,97,3.8239822387695312,0.36796286702156067,0.13539667427539825,0.134978786110878,0.133725106716156,0.09892668021113263,0.006889567205173026,0.25,13.396267890930176
226309162,d-XY p=36,0,spsa,sequential,2,random_shared_stream,45,120,5,108,7.720573902130127,107,2.8649134635925293,0.2756763994693756,0.07558050006628036,0.0738864466547966,0.07505925744771957,0.09360752983225684,0.006808093884711353,0.25,13.615219354629517
226309162,d-XY p=36,0,spsa,sequential,2,random_shared_stream,50,120,5,108,7.720573902130127,117,2.5968844890594482,0.24988532066345215,0.06235701963305473,0.06224994361400604,0.06244267523288727,0.08898722237571327,0.006736030261586891,0.2310895323753357,13.82833194732666
226309162,d-XY p=36,0,spsa,sequential,2,random_shared_stream,55,120,5,108,7.720573902130127,127,3.4780547618865967,0.33467596769332886,0.10647673904895782,0.10647674649953842,0.10647674649953842,0.08492790613991781,0.00667149812587736,0.25,14.044336557388306
226309162,d-XY p=36,0,spsa,sequential,2,random_shared_stream,60,120,5,108,7.720573902130127,137,0.49868151545524597,0.04798565059900284,0.0022955157328397036,0.0022955157328397036,0.002124951221048832,0.08132672527962476,0.006613124877877567,0.040556132793426514,14.245996952056885
226309162,d-XY p=36,0,spsa,sequential,2,random_shared_stream,65,120,5,108,7.720573902130127,147,0.060055576264858246,0.005778850056231022,3.334930806886405e-05,3.329204264446162e-05,3.174597441102378e-05,0.07810521488052188,0.00655987782624524,0.004690653644502163,14.457478761672974
226309162,d-XY p=36,0,spsa,sequential,2,random_shared_stream,70,120,5,108,7.720573902130127,157,0.9273899793624878,0.08923815190792084,0.007865131832659245,0.007742239162325859,0.007963445037603378,0.07520236677685523,0.006510961059728841,0.06974192708730698,14.682868957519531
226309162,d-XY p=36,0,spsa,sequential,2,random_shared_stream,75,120,5,108,7.720573902130127,167,3.0671868324279785,0.29514020681381226,0.08519592136144638,0.08280613273382187,0.08710774779319763,0.07256995570981545,0.006465748569458605,0.22258563339710236,14.907382488250732
226309162,d-XY p=36,0,spsa,sequential,2,random_shared_stream,80,120,5,108,7.720573902130127,177,2.044663667678833,0.19674785435199738,0.03865661844611168,0.038590241223573685,0.03870971500873566,0.07016930516342548,0.006423739359501706,0.14347262680530548,15.130789756774902
226309162,d-XY p=36,0,spsa,sequential,2,random_shared_stream,85,120,5,108,7.720573902130127,187,0.20995226502418518,0.020202668383717537,0.0004031088901683688,0.00040027452632784843,0.00040688799344934523,0.06796899744938424,0.006384526420430394,0.014270244166254997,15.34868574142456
226309162,d-XY p=36,0,spsa,sequential,2,random_shared_stream,90,120,5,108,7.720573902130127,197,2.6741418838500977,0.2573194205760956,0.06346575170755386,0.06493602693080902,0.05885625630617142,0.06594321921460732,0.006347774736498105,0.17634150385856628,15.566892385482788
226309162,d-XY p=36,0,spsa,sequential,2,random_shared_stream,95,120,5,108,7.7198166847229,207,0.31750503182411194,0.030551934614777565,0.0009254181059077382,0.0009305397397838533,0.0009074924164451659,0.06407054436749916,0.006313205349806472,0.020342720672488213,15.78999924659729
226309162,d-XY p=36,0,spsa,sequential,2,random_shared_stream,100,120,5,108,7.7198166847229,217,1.8084087371826172,0.17401421070098877,0.030187485739588737,0.02990710735321045,0.02570142038166523,0.06233302426697987,0.0062805835881331795,0.11272358149290085,16.01365351676941
226309162,d-XY p=36,0,spsa,sequential,2,random_shared_stream,105,120,5,108,7.7198166847229,227,0.6252069473266602,0.0601605661213398,0.00361929414793849,0.003574611386284232,0.003440563566982746,0.06071549769236968,0.006249710218466985,0.0379597507417202,16.237472534179688
226309162,d-XY p=36,0,spsa,sequential,2,random_shared_stream,110,120,5,108,7.7198166847229,237,2.831660509109497,0.2724766433238983,0.07383615523576736,0.07418623566627502,0.07218120992183685,0.05920506060805605,0.006220414696856706,0.16764861345291138,16.461703062057495
226309162,d-XY p=36,0,spsa,sequential,2,random_shared_stream,115,120,5,108,7.7198166847229,247,4.552883148193359,0.4381014108657837,0.1916695535182953,0.1846761256456375,0.17712321877479553,0.057790653841626995,0.006192549946726541,0.25,16.684905529022217
226309162,d-XY p=36,0,spsa,sequential,2,random_shared_stream,120,120,5,108,7.7198166847229,257,1.1074612140655518,0.10656549036502838,0.011321156285703182,0.011321156285703182,0.01047995500266552,0.05646273895163322,0.006165988269252272,0.06253029406070709,16.907931089401245
226309162,d-XY p=36,0,spsa,sequential,3,random_shared_stream,1,120,5,108,7.727602481842041,19,0.45292696356773376,0.043582916259765625,0.001898819231428206,0.0018994704587385058,0.0018936078995466232,0.2388079654675915,0.01,0.10816255211830139,17.386369943618774
226309162,d-XY p=36,0,spsa,sequential,3,random_shared_stream,5,120,5,108,7.727602481842041,27,1.477062463760376,0.14213040471076965,0.020138705149292946,0.019951656460762024,0.020138703286647797,0.2031947375045811,0.008499708457906336,0.25,17.565502643585205
226309162,d-XY p=36,0,spsa,sequential,3,random_shared_stream,10,120,5,108,7.724053859710693,37,0.2976383864879608,0.028640266507864,0.0008191396482288837,0.0008177332347258925,0.0007797579746693373,0.173981973532851,0.007925013304804718,0.051783714443445206,17.788840770721436
226309162,d-XY p=36,0,spsa,sequential,3,random_shared_stream,15,120,5,108,7.724053859710693,47,0.6139719486236572,0.059079479426145554,0.0034903844352811575,0.0034472933039069176,0.003318019909784198,0.15380190712832997,0.007607023936737776,0.09443005919456482,18.013230085372925
226309162,d-XY p=36,0,spsa,sequential,3,random_shared_stream,20,120,5,108,7.724053859710693,57,0.4516724646091461,0.043462201952934265,0.0018475042888894677,0.001852524932473898,0.0018364917486906052,0.1388488924181267,0.007389175310232022,0.06271421909332275,18.23638653755188
226309162,d-XY p=36,0,spsa,sequential,3,random_shared_stream,25,120,5,108,7.724053859710693,67,0.3580506145954132,0.034453436732292175,0.0011833755997940898,0.0011723845964297652,0.001183375483378768,0.12722875249268276,0.007224504386940453,0.04555433243513107,18.460728883743286
226309162,d-XY p=36,0,spsa,sequential,3,random_shared_stream,30,120,5,108,7.722985744476318,77,1.256555438041687,0.1209120899438858,0.014574612490832806,0.014608453959226608,0.014439243823289871,0.11788176612762061,0.007092686320615818,0.14812496304512024,18.683828353881836
226309162,d-XY p=36,0,spsa,sequential,3,random_shared_stream,35,120,5,108,7.722985744476318,87,0.18485897779464722,0.01778806373476982,0.00031109823612496257,0.0003103115304838866,0.00031250886968337,0.11016402529059181,0.006983113928013742,0.020364809781312943,18.908944845199585
226309162,d-XY p=36,0,spsa,sequential,3,random_shared_stream,40,120,5,108,7.722985744476318,97,1.8352093696594238,0.1765931099653244,0.031142346560955048,0.031088871881365776,0.031185127794742584,0.10365940074698843,0.006889567205173026,0.19023671746253967,19.132317781448364
226309162,d-XY p=36,0,spsa,sequential,3,random_shared_stream,45,120,5,108,7.722985744476318,107,0.7562614679336548,0.07277129590511322,0.005266604479402304,0.005193507298827171,0.005279317032545805,0.09808577854941132,0.006808093884711353,0.07417849451303482,19.35589909553528
226309162,d-XY p=36,0,spsa,sequential,3,random_shared_stream,50,120,5,108,7.722985744476318,117,1.1101129055023193,0.10682066529989243,0.011312825605273247,0.01137543749064207,0.011093691922724247,0.09324443240103171,0.006736030261586891,0.10351184755563736,19.57915449142456
226309162,d-XY p=36,0,spsa,sequential,3,random_shared_stream,55,120,5,108,7.720749378204346,127,0.43043941259384155,0.041419051587581635,0.001714949612505734,0.0017036243807524443,0.0016943584196269512,0.08899091567989013,0.00667149812587736,0.03830519691109657,19.802582025527954
226309162,d-XY p=36,0,spsa,sequential,3,random_shared_stream,60,120,5,108,7.720749378204346,137,0.6646589636802673,0.0639568343758583,0.004089074209332466,0.00406207051128149,0.004039977211505175,0.08521745184624283,0.006613124877877567,0.056640539318323135,20.025157928466797
226309162,d-XY p=36,0,spsa,sequential,3,random_shared_stream,65,120,5,108,7.720749378204346,147,1.4058293104171753,0.13527600467205048,0.01807367242872715,0.018285471946001053,0.015532061457633972,0.08184182217021922,0.00655987782624524,0.1150556355714798,20.238672971725464
226309162,d-XY p=36,0,spsa,sequential,3,random_shared_stream,70,120,5,108,7.720749378204346,157,1.8292834758758545,0.17602288722991943,0.03030402399599552,0.030601538717746735,0.029453979805111885,0.07880009981338475,0.006510961059728841,0.14414770901203156,20.46129846572876
226309162,d-XY p=36,0,spsa,sequential,3,random_shared_stream,75,120,5,108,7.720749378204346,167,1.9551209211349487,0.18813161551952362,0.03461668640375137,0.034956540912389755,0.03364567458629608,0.07604175238732429,0.006465748569458605,0.14867082238197327,20.685287714004517
226309162,d-XY p=36,0,spsa,sequential,3,random_shared_stream,80,120,5,108,7.720749378204346,177,0.2518704831600189,0.024236250668764114,0.000584172725211829,0.0005833165487274528,0.0005855828057974577,0.07352625306489063,0.006423739359501706,0.018519094213843346,20.909128665924072
226309162,d-XY p=36,0,spsa,sequential,3,random_shared_stream,85,120,5,108,7.720749378204346,187,0.23129676282405853,0.02225654199719429,0.0004938247730024159,0.00048159377183765173,0.00048159383004531264,0.07122068111392948,0.006384526420430394,0.016473114490509033,21.13165259361267
226309162,d-XY p=36,0,spsa,sequential,3,random_shared_stream,90,120,5,108,7.720749378204346,197,2.8849194049835205,0.2776014804840088,0.07706259191036224,0.07414895296096802,0.06540806591510773,0.069097988252761,0.006347774736498105,0.19934211671352386,21.354936599731445
226309162,d-XY p=36,0,spsa,sequential,3,random_shared_stream,95,120,5,108,7.720749378204346,207,3.6012680530548096,0.3465321958065033,0.1167488694190979,0.1108187735080719,0.1197139322757721,0.06713572335080643,0.006313205349806472,0.24177375435829163,21.57739782333374
226309162,d-XY p=36,0,spsa,sequential,3,random_shared_stream,100,120,5,108,7.720749378204346,217,2.4498729705810547,0.23573914170265198,0.05526801943778992,0.05488685891032219,0.05557294189929962,0.06531507909163106,0.0062805835881331795,0.16001366078853607,21.800143241882324
226309162,d-XY p=36,0,spsa,sequential,3,random_shared_stream,105,120,5,108,7.720749378204346,227,1.3459593057632446,0.12951499223709106,0.016682093963027,0.016722360625863075,0.016567043960094452,0.06362016893131263,0.006249710218466985,0.08563016355037689,22.02189302444458
226309162,d-XY p=36,0,spsa,sequential,3,random_shared_stream,110,120,5,108,7.720749378204346,237,2.3393361568450928,0.2251027226448059,0.049559108912944794,0.04926370456814766,0.050045665353536606,0.06203747149628478,0.006220414696856706,0.14512649178504944,22.24425435066223
226309162,d-XY p=36,0,spsa,sequential,3,random_shared_stream,115,120,5,108,7.720749378204346,247,0.8810483813285828,0.08477892726659775,0.007066688500344753,0.007048817817121744,0.007098731119185686,0.060555398535708245,0.006192549946726541,0.0533522330224514,22.467020750045776
226309162,d-XY p=36,0,spsa,sequential,3,random_shared_stream,120,120,5,108,7.720749378204346,257,0.8535005450248718,0.0821281298995018,0.00646514305844903,0.0065576680935919285,0.006224580109119415,0.05916395528252338,0.006165988269252272,0.05049647018313408,22.690492153167725
226309162,d-XY p=36,0,spsa,sequential,4,continuation,1,120,5,108,2.074125051498413,19,326.4438781738281,31.412078857421875,945.7745361328125,949.412109375,937.9916381835938,0.0035342490593714177,0.01,0.25,23.168312549591064
226309162,d-XY p=36,0,spsa,sequential,4,continuation,5,120,5,108,2.074125051498413,27,1129.096923828125,108.64740753173828,11545.1806640625,11476.36328125,11658.52734375,0.0030071895151765633,0.008499708457906336,0.25,23.347734451293945
226309162,d-XY p=36,0,spsa,sequential,4,continuation,10,120,5,108,2.074125051498413,37,328.8857116699219,31.647043228149414,996.0399780273438,989.1705932617188,1001.5352783203125,0.0025748539212336647,0.007925013304804718,0.25,23.5714750289917
226309162,d-XY p=36,0,spsa,sequential,4,continuation,15,120,5,108,2.074125051498413,47,741.834716796875,71.3830795288086,5095.54345703125,5095.5439453125,5095.54443359375,0.0022761981349051713,0.007607023936737776,0.25,23.79495143890381
226309162,d-XY p=36,0,spsa,sequential,4,continuation,20,120,5,108,2.074125051498413,57,196.6904296875,18.926546096801758,358.0912780761719,357.937744140625,358.2141418457031,0.002054900331580957,0.007389175310232022,0.25,24.01801896095276
226309162,d-XY p=36,0,spsa,sequential,4,continuation,25,120,5,108,2.074125051498413,67,37.977027893066406,3.654341220855713,13.335890769958496,13.343905448913574,12.983259201049805,0.001882927556213722,0.007224504386940453,0.07150799036026001,24.24174976348877
226309162,d-XY p=36,0,spsa,sequential,4,continuation,30,120,5,108,2.074125051498413,77,416.4417419433594,40.07212448120117,1600.8192138671875,1561.1702880859375,1561.17041015625,0.0017445964176187596,0.007092686320615818,0.25,24.46452021598816
226309162,d-XY p=36,0,spsa,sequential,4,continuation,35,120,5,108,2.074125051498413,87,1524.3564453125,146.6812744140625,21485.884765625,21365.984375,21448.9921875,0.0016303773703590355,0.006983113928013742,0.25,24.687875509262085
226309162,d-XY p=36,0,spsa,sequential,4,continuation,40,120,5,108,2.074125051498413,97,571.7937622070312,55.02088165283203,2989.923095703125,2912.839599609375,3017.9541015625,0.0015341118914007372,0.006889567205173026,0.25,24.911160469055176
226309162,d-XY p=36,0,spsa,sequential,4,continuation,45,120,5,108,2.074125051498413,107,906.7047119140625,87.2477035522461,7609.55126953125,7236.251953125,5709.12109375,0.0014516248228873048,0.006808093884711353,0.25,25.134571313858032
226309162,d-XY p=36,0,spsa,sequential,4,continuation,50,120,5,108,2.074125051498413,117,833.8754272460938,80.23970031738281,6297.10009765625,6358.923828125,6120.46337890625,0.001379975106189207,0.006736030261586891,0.25,25.357577800750732
226309162,d-XY p=36,0,spsa,sequential,4,continuation,55,120,5,108,2.074125051498413,127,318.0657653808594,30.605892181396484,933.82958984375,936.720703125,910.7006225585938,0.0013170249971286476,0.00667149812587736,0.25,25.579662322998047
226309162,d-XY p=36,0,spsa,sequential,4,continuation,60,120,5,108,2.074125051498413,137,25.76096534729004,2.4788501262664795,6.068836688995361,5.841256141662598,6.068837642669678,0.0012611794520333355,0.006613124877877567,0.03248920291662216,25.802762031555176
226309162,d-XY p=36,0,spsa,sequential,4,continuation,65,120,5,108,2.074125051498413,147,708.6611328125,68.19094848632812,4650.005859375,4617.71337890625,4520.837890625,0.0012112216711699009,0.00655987782624524,0.25,26.016364812850952
226309162,d-XY p=36,0,spsa,sequential,4,continuation,70,120,5,108,2.074125051498413,157,719.924072265625,69.27472686767578,4797.341796875,4795.28466796875,4798.9873046875,0.0011662055664622454,0.006510961059728841,0.25,26.236817836761475
226309162,d-XY p=36,0,spsa,sequential,4,continuation,75,120,5,108,2.074125051498413,167,76.38651275634766,7.3502960205078125,54.008323669433594,53.98516082763672,54.02684783935547,0.0011253832815904421,0.006465748569458605,0.08596410602331161,26.460503339767456
226309162,d-XY p=36,0,spsa,sequential,4,continuation,80,120,5,108,2.074125051498413,177,242.18984985351562,23.30472755432129,516.2901611328125,516.2901000976562,516.2901611328125,0.0010881550379815955,0.006423739359501706,0.25,26.68426251411438
226309162,d-XY p=36,0,spsa,sequential,4,continuation,85,120,5,108,2.074125051498413,187,132.58619689941406,12.758112907409668,160.0343017578125,160.7599639892578,158.24810791015625,0.001054033623802455,0.006384526420430394,0.13975031673908234,26.90827465057373
226309162,d-XY p=36,0,spsa,sequential,4,continuation,90,120,5,108,2.074125051498413,197,58.17731857299805,5.598114967346191,31.29590606689453,31.121267318725586,31.242170333862305,0.0010226187368106003,0.006347774736498105,0.05949321761727333,27.130713939666748
226309162,d-XY p=36,0,spsa,sequential,4,continuation,95,120,5,108,2.074125051498413,207,84.2291030883789,8.104948997497559,65.4874496459961,65.23401641845703,65.69020080566406,0.0009935781105048934,0.006313205349806472,0.08368819206953049,27.35298180580139
226309162,d-XY p=36,0,spsa,sequential,4,continuation,100,120,5,108,2.074125051498413,217,121.92320251464844,11.73206615447998,136.4613037109375,136.6855010986328,135.94207763671875,0.0009666334051729692,0.0062805835881331795,0.11785503476858139,27.57731342315674
226309162,d-XY p=36,0,spsa,sequential,4,continuation,105,120,5,108,2.074125051498413,227,3.7361764907836914,0.3595137298107147,0.1292058229446411,0.1291504204273224,0.12765446305274963,0.0009415495072045935,0.006249710218466985,0.0035177951212972403,27.800620079040527
226309162,d-XY p=36,0,spsa,sequential,4,continuation,110,120,5,108,2.074125051498413,237,283.6264953613281,27.29197120666504,732.3352661132812,739.6790771484375,708.06884765625,0.0009181263064329432,0.006220414696856706,0.25,28.024018049240112
226309162,d-XY p=36,0,spsa,sequential,4,continuation,115,120,5,108,2.074125051498413,247,157.20352172851562,15.126914978027344,219.32847595214844,220.17205810546875,217.52362060546875,0.000896192302026594,0.006192549946726541,0.14088457822799683,28.24790382385254
226309162,d-XY p=36,0,spsa,sequential,4,continuation,120,120,5,108,2.074125051498413,257,120.73577117919922,11.617804527282715,134.78823852539062,134.03607177734375,124.55876922607422,0.0008755995759878777,0.006165988269252272,0.10571618378162384,28.471781015396118
