N,problem_seed,method,depth,angle_index,parameter_count,common_objective_gradient_rms_normalized,training_loss_gradient_rms_normalized,log_unique_probability_gradient_rms,training_descent_alignment_unique,alignment_defined,unique_probability_unclipped,feasible_probability
30,101,learned_projector,26,0,52,0.6786811074909501,0.6786811074909501,1.1442663407059588,-0.3412347137928009,True,0.0005089657031615387,0.9573690760555257
30,101,learned_projector,26,1,52,0.6789963818345061,0.6789963818345061,0.874468889267531,0.34049203991889954,True,0.0012144927006006963,0.9573026496780417
30,101,learned_projector,26,2,52,0.5554037068861875,0.5554037068861875,0.7926166007001952,0.6698683500289917,True,0.0013175659508988381,0.945906903684028
30,101,learned_projector,26,3,52,0.16473693113091187,0.16473693113091187,0.4126177375293979,-0.38077259063720703,True,0.0009377100060239837,0.9489868378305941
30,101,learned_projector,26,4,52,0.5015297560024423,0.5015297560024423,0.5186587364440626,0.17418238520622253,True,0.0031287977343981517,0.9566928762523758
30,101,learned_projector,26,5,52,1.9089005133551131,1.9089005133551131,1.156121834344573,0.4566631615161896,True,0.003291730245882198,0.9591833882768145
30,101,learned_projector,26,6,52,0.8747078613976621,0.8747078613976621,2.2563716594358176,0.15723247826099396,True,0.00026278646333528603,0.9495195572262822
30,101,learned_projector,26,7,52,0.156388618785163,0.156388618785163,0.8376713514763251,-0.458759605884552,True,0.00021414776542446498,0.9482207517895973
30,101,learned_projector,26,8,52,0.7996557710969705,0.7996557710969705,2.213978919543906,0.5077969431877136,True,0.00015225571940533973,0.9569988715390049
30,101,learned_projector,26,9,52,1.0185135112684276,1.0185135112684276,7.4656240393185485,-0.7185382843017578,True,5.8966100104361545e-05,0.9492820576882389
30,101,learned_projector,26,10,52,0.4256587074042425,0.4256587074042425,1.0374462851990887,-0.5955330729484558,True,0.0013257179291461217,0.9548743281319514
30,101,learned_projector,26,11,52,0.9096398175425543,0.9096398175425543,0.3951272012267536,0.26360899209976196,True,0.0030697471641226676,0.946603229130515
30,101,learned_projector,29,0,58,0.48776422265693503,0.48776422265693503,0.47882592104889277,0.10644661635160446,True,0.002133682213915459,0.9617804186947098
30,101,learned_projector,29,1,58,0.6163032143697875,0.6163032143697875,0.7770623573949073,0.3515072464942932,True,0.0024102462609814613,0.9520025722927318
30,101,learned_projector,29,2,58,0.755069425141782,0.755069425141782,1.0268902094111059,0.0441986583173275,True,0.00339331113178455,0.9504271295139815
30,101,learned_projector,29,3,58,0.1422066132706202,0.1422066132706202,1.8122392993344216,-0.6720050573348999,True,0.00011060078038112691,0.9473486177762216
30,101,learned_projector,29,4,58,0.43705424308124063,0.43705424308124063,0.7358132742988727,-0.11999087035655975,True,0.0013735193768506515,0.9432807628247638
30,101,learned_projector,29,5,58,0.6787616180118813,0.6787616180118813,4.003915039735705,0.4859177768230438,True,4.604976382517756e-05,0.9474618625651159
30,101,learned_projector,29,6,58,0.5692884332075827,0.5692884332075827,0.47718899850790164,0.0017396899638697505,True,0.0011382055876751147,0.95478449257316
30,101,learned_projector,29,7,58,0.29635219783041167,0.29635219783041167,0.526542206857605,-0.6196783781051636,True,0.0012268484169810617,0.9575052945414562
30,101,learned_projector,29,8,58,0.17004609666831538,0.17004609666831538,1.9961899725611687,0.0009995563887059689,True,0.00024028349068004381,0.9471291509722203
30,101,learned_projector,29,9,58,0.6838014304033252,0.6838014304033252,0.6686246916453966,-0.08418852835893631,True,0.002136814381371356,0.9551869997296369
30,101,learned_projector,29,10,58,0.6518502616415766,0.6518502616415766,2.134614113287318,0.11090529710054398,True,0.0009529267440726919,0.9511573746393132
30,101,learned_projector,29,11,58,0.05069606354393333,0.05069606354393333,0.5245309597522275,0.48544684052467346,True,0.00016971190995539485,0.9411903300983193
30,101,learned_projector,32,0,64,0.2811581350606965,0.2811581350606965,0.5848978161811829,-0.4584015905857086,True,0.0012627169705341204,0.9447800049007328
30,101,learned_projector,32,1,64,0.946512698840126,0.946512698840126,1.8904646635055542,0.641310453414917,True,0.0018813017903893889,0.948401010880987
30,101,learned_projector,32,2,64,0.8021808710427405,0.8021808710427405,1.0595953464508057,-0.4507642686367035,True,0.00128943165093434,0.9517601720554257
30,101,learned_projector,32,3,64,0.8610687223067293,0.8610687223067293,0.8580483794212341,-0.26365700364112854,True,0.0018827709165985629,0.9593484481119376
30,101,learned_projector,32,4,64,0.6163357469325678,0.6163357469325678,0.8209854960441589,-0.001121340086683631,True,0.001625343772937172,0.954301406015816
30,101,learned_projector,32,5,64,0.12729058645579355,0.12729058645579355,1.1486133337020874,-0.11723953485488892,True,0.00046751517348967385,0.944507703691095
30,101,learned_projector,32,6,64,0.29399114870794235,0.29399114870794235,1.315535306930542,0.3688623011112213,True,0.0010907463388973744,0.9475639324505313
30,101,learned_projector,32,7,64,0.5063965845798667,0.5063965845798667,0.5526501536369324,-0.5338221192359924,True,0.001181966290028043,0.9416492180650088
30,101,learned_projector,32,8,64,0.8169596095768233,0.8169596095768233,0.4185709059238434,-0.030144350603222847,True,0.006251340392477451,0.9525346096106279
30,101,learned_projector,32,9,64,0.6397667225748267,0.6397667225748267,1.0483933687210083,0.032074056565761566,True,0.0009116541665686886,0.9542950637024257
30,101,learned_projector,32,10,64,0.39597056566548083,0.39597056566548083,0.6008018851280212,0.24729764461517334,True,0.001358363512914197,0.949507152736809
30,101,learned_projector,32,11,64,0.15013511863287718,0.15013511863287718,0.4076020121574402,0.6492276191711426,True,0.00024253844694852855,0.9425147546530147
30,101,ordinary_native_direct,26,0,52,0.0070216386344307755,0.00779694509602875,16.97801274845049,-0.0698058158159256,True,1.9787205474307654e-07,0.008652279102189426
30,101,ordinary_native_direct,26,1,52,0.006346810825830159,0.00820691159382865,9.322168633563685,-0.018275121226906776,True,6.96030463288132e-07,0.008658024713077412
30,101,ordinary_native_direct,26,2,52,0.006796295072626876,0.008327802992922215,23.174497491650595,0.09689014405012131,True,1.4596779647491994e-07,0.008670659257445703
30,101,ordinary_native_direct,26,3,52,0.008384647841090142,0.007635262956248009,21.234288904682177,0.36675387620925903,True,1.8872016963727259e-07,0.008668887964476405
30,101,ordinary_native_direct,26,4,52,0.009555310749607882,0.006548527845502696,7.646462240821354,-0.2621406614780426,True,1.7485763044277935e-06,0.008681728112741656
30,101,ordinary_native_direct,26,5,52,0.006559427752150185,0.009214489027202956,19.097159885962082,-0.06200886890292168,True,1.6117928006322852e-07,0.00854931781023297
30,101,ordinary_native_direct,26,6,52,0.008337529532682004,0.006607247968849128,111.00079421954084,-0.0030578842852264643,True,5.381297723918394e-09,0.008714752749736336
30,101,ordinary_native_direct,26,7,52,0.007026623117348769,0.016441669690068456,7.711006466172341,0.1696024388074875,True,8.79425698660203e-07,0.008737236257024399
30,101,ordinary_native_direct,26,8,52,0.00882476953102175,0.007074208574381767,37.7378787703092,-0.06973187625408173,True,5.0363893462216975e-08,0.00832696132524987
30,101,ordinary_native_direct,26,9,52,0.009023966593679173,0.006785786883317377,9.746142584775882,0.09693765640258789,True,1.0669010764033548e-06,0.008641744008025939
30,101,ordinary_native_direct,26,10,52,0.009276300987994463,0.0085741539322295,9.986164091878939,-0.23230837285518646,True,5.475048558669611e-07,0.008751822256064625
30,101,ordinary_native_direct,26,11,52,0.008773705256479624,0.009475490007386147,7.907613198949066,-0.4242440462112427,True,1.2780863184871975e-06,0.008659349696240895
30,101,ordinary_native_direct,29,0,58,0.007573806561238629,0.00882647402218594,17.75313422336377,-0.13368041813373566,True,2.44866064181582e-07,0.008670590184938301
30,101,ordinary_native_direct,29,1,58,0.008097453733651167,0.008218372100095985,6.76167370750147,-0.011286227032542229,True,8.402622983474472e-07,0.008537062694890414
30,101,ordinary_native_direct,29,2,58,0.010946516501326744,0.009921699553059861,8.864864217481237,0.261832594871521,True,9.541482845069218e-07,0.008718990704480114
30,101,ordinary_native_direct,29,3,58,0.008205835749954949,0.0056749516811638425,6.196586808433426,0.06476027518510818,True,9.421706571609099e-07,0.008596073531298928
30,101,ordinary_native_direct,29,4,58,0.007024055533793725,0.006632821342237714,9.829582613616044,-0.07234831899404526,True,5.692942442142127e-07,0.008536029055559096
30,101,ordinary_native_direct,29,5,58,0.009051611822978542,0.005380434843713643,5.6761115584445845,-0.16616539657115936,True,2.2581255055622348e-06,0.008453183153179425
30,101,ordinary_native_direct,29,6,58,0.008822460413613948,0.007124186731080538,5.176470004675892,0.2557918429374695,True,2.5104679376802754e-06,0.008684911182249308
30,101,ordinary_native_direct,29,7,58,0.007864717891863262,0.009012317661115904,5.347144725183024,0.23504285514354706,True,2.390071529150586e-06,0.008803017005138592
30,101,ordinary_native_direct,29,8,58,0.005170999354998344,0.0073831304490356445,10.103691003299915,-0.14580194652080536,True,8.860497396023937e-07,0.008776758380148927
30,101,ordinary_native_direct,29,9,58,0.009454838507166993,0.007974757871546334,5.676919500934982,0.1679943948984146,True,1.2109613012343474e-06,0.008751328740369494
30,101,ordinary_native_direct,29,10,58,0.008770412095327147,0.009971876128983195,4.077638164078023,-0.19468730688095093,True,6.219268613150608e-06,0.00857976571425058
30,101,ordinary_native_direct,29,11,58,0.007846785689319754,0.008926341210412329,9.440051149020682,0.3881831467151642,True,7.119866154777096e-07,0.008670702126958361
30,101,ordinary_native_direct,32,0,64,0.009593056277790012,0.010576454425491056,98.50906372070312,0.269202321767807,True,6.488913204075168e-09,0.008607684800418068
30,101,ordinary_native_direct,32,1,64,0.007433212140842102,0.008940038361817323,6.936143398284912,0.16880419850349426,True,1.3945169472916706e-06,0.008736191608771841
30,101,ordinary_native_direct,32,2,64,0.007608875161196734,0.00643856055775461,4.554429054260254,-0.052749358117580414,True,3.797829274968165e-06,0.008804556711553049
30,101,ordinary_native_direct,32,3,64,0.008534457362528884,0.007635598288463872,15.385710716247559,-0.0782426968216896,True,3.497822535854233e-07,0.008761182016869038
30,101,ordinary_native_direct,32,4,64,0.007501044308741752,0.007944980186566971,6.468661308288574,-0.022321755066514015,True,1.1235940067164516e-06,0.008522860173646698
30,101,ordinary_native_direct,32,5,64,0.006521456475653586,0.008133835966492536,4.189266681671143,0.24828475713729858,True,3.3965547344562015e-06,0.008614607547314716
30,101,ordinary_native_direct,32,6,64,0.0063144951238391445,0.008096279486862196,9.796730995178223,0.03812925145030022,True,1.0912019424409625e-06,0.008653767133171227
30,101,ordinary_native_direct,32,7,64,0.007196828254651066,0.007130507602519535,7.101583957672119,-0.10308269411325455,True,1.7250724747264977e-06,0.008549768903907117
30,101,ordinary_native_direct,32,8,64,0.0073700778290769755,0.007351602859517354,15.84494686126709,0.09832601994276047,True,2.819698405934117e-07,0.008665837491194423
30,101,ordinary_native_direct,32,9,64,0.007946418872445217,0.007028563267566824,4.998387813568115,-0.22248254716396332,True,3.7636434607343474e-06,0.008681628509335371
30,101,ordinary_native_direct,32,10,64,0.008107705760058585,0.005761775129566038,4.52400016784668,0.09978489577770233,True,3.518887311694144e-06,0.008663109795921104
30,101,ordinary_native_direct,32,11,64,0.0075540624587848515,0.006055765683628265,18.042728424072266,-0.09059496968984604,True,2.2308072273489016e-07,0.008518679369798521
30,101,decoupled_native_direct,26,0,78,0.00619904691711175,0.006498934854041561,4.9852489183687485,0.14364439249038696,True,1.380396440121353e-06,0.008379800096932987
30,101,decoupled_native_direct,26,1,78,0.006411893659271081,0.006719855456600493,3.7694285295537373,0.1132839173078537,True,4.460889067893593e-06,0.008748196376340712
30,101,decoupled_native_direct,26,2,78,0.007154645131232697,0.005990424727878616,7.6672014280343985,0.10784712433815002,True,8.39456284905386e-07,0.008656392282249221
30,101,decoupled_native_direct,26,3,78,0.006320649430827078,0.00864519901129412,3.501876551058391,-0.017293911427259445,True,4.697931251402452e-06,0.008876994346410235
30,101,decoupled_native_direct,26,4,78,0.006864245746204477,0.006435536512447044,11.412881182804668,0.24941222369670868,True,3.6951655806775655e-07,0.008591964909204856
30,101,decoupled_native_direct,26,5,78,0.007918119587985419,0.006434078830347555,6.540690651521421,0.09752006828784943,True,1.0940819552996742e-06,0.008538511624698089
30,101,decoupled_native_direct,26,6,78,0.007699246318731389,0.005549341062603689,3.611972766245942,0.14145956933498383,True,2.9741336838199113e-06,0.00876276700732834
30,101,decoupled_native_direct,26,7,78,0.007960034173214933,0.008168946870165682,32.57382173903657,0.18727102875709534,True,6.710623189428617e-08,0.008956597183903086
30,101,decoupled_native_direct,26,8,78,0.006176496006620196,0.010740622985663667,21.780992502336307,-0.4264596700668335,True,3.464755668746383e-07,0.00853392806067886
30,101,decoupled_native_direct,26,9,78,0.007689851819594184,0.0047019961979290455,8.704333051610233,0.17622627317905426,True,5.645313831701695e-07,0.008533730645882571
30,101,decoupled_native_direct,26,10,78,0.005489590424552997,0.008967777237179194,49.635396278762904,0.06982205808162689,True,1.3708093961231378e-08,0.008728463884213361
30,101,decoupled_native_direct,26,11,78,0.006945676643512416,0.010052629523904434,3.753637622231315,-0.101531982421875,True,4.092064962806959e-06,0.008678456024415193
30,101,decoupled_native_direct,29,0,87,0.009147449315402876,0.007411525322185303,19.708448614564606,0.250922828912735,True,1.1571473981883228e-07,0.008684482702915443
30,101,decoupled_native_direct,29,1,87,0.006589117216728461,0.005790637988708671,5.431110234278815,0.2760986387729645,True,8.880194119778454e-07,0.008576516957840861
30,101,decoupled_native_direct,29,2,87,0.007523725225102741,0.008373908029761986,3.8032270335886973,0.03686295077204704,True,2.437119998970981e-06,0.008623003889123147
30,101,decoupled_native_direct,29,3,87,0.008321677101205386,0.007375872707110593,8.40565035756646,-0.14757415652275085,True,8.824638890996559e-07,0.008538469179553382
30,101,decoupled_native_direct,29,4,87,0.0074968071765521595,0.007330760512989785,9.991747409456892,-0.04162716493010521,True,4.859982871382965e-07,0.008836852175558763
30,101,decoupled_native_direct,29,5,87,0.006623348370710793,0.006274410602697965,3.975688348969053,0.08622391521930695,True,3.6850581750062296e-06,0.008656644947786528
30,101,decoupled_native_direct,29,6,87,0.007371338717306674,0.006182982361253086,3.766077473765855,0.06359865516424179,True,5.100278902462596e-06,0.008570152472270129
30,101,decoupled_native_direct,29,7,87,0.010309127889643527,0.005943527858237606,14.023261729311372,-0.044874027371406555,True,3.0149905159413214e-07,0.008506750872304812
30,101,decoupled_native_direct,29,8,87,0.00857920006728409,0.00832618611979594,11.685612743514747,-0.16523078083992004,True,3.7074515992183805e-07,0.008860316075186747
30,101,decoupled_native_direct,29,9,87,0.007519966453895054,0.008368327134481943,9.445571378640006,0.006374985445290804,True,4.1426124400791215e-07,0.008615181446674508
30,101,decoupled_native_direct,29,10,87,0.007677593004376647,0.0066308352360114065,10.06447441584272,0.2078322023153305,True,6.60129340225844e-07,0.008714613820771192
30,101,decoupled_native_direct,29,11,87,0.007210503684640983,0.005948759595071555,3.221035540261554,-0.0317593514919281,True,4.343819891827174e-06,0.008568518890064323
30,101,decoupled_native_direct,32,0,96,0.007203428690742647,0.008887996248824862,10.721244941287516,-0.2345268726348877,True,5.626872195471179e-07,0.008511317154088706
30,101,decoupled_native_direct,32,1,96,0.008713689414737085,0.007563867075981776,9.552245185394103,-0.3383595645427704,True,3.024836600308931e-07,0.008472082727544402
30,101,decoupled_native_direct,32,2,96,0.006906128156862661,0.00613374390291908,4.370213432376456,0.10974343866109848,True,2.181072708660449e-06,0.008508381788176556
30,101,decoupled_native_direct,32,3,96,0.006667156017549792,0.005706129683034292,5.627218287879398,-0.10261784493923187,True,1.6907341905529619e-06,0.008542057431755432
30,101,decoupled_native_direct,32,4,96,0.011109509820649097,0.0061267578781487786,7.144914292217047,0.05115201324224472,True,8.358762583317678e-07,0.008666470908384698
30,101,decoupled_native_direct,32,5,96,0.007246048127720234,0.007282363907104033,5.512968833293607,-0.08595187962055206,True,1.557245333219184e-06,0.00862276895694862
30,101,decoupled_native_direct,32,6,96,0.00843345089838432,0.0071956958099641454,3.9341564352526355,-0.22962547838687897,True,2.963397606070864e-06,0.008700654741654625
30,101,decoupled_native_direct,32,7,96,0.0070195525277535285,0.006937666328592732,4.411703013554436,-0.16808709502220154,True,1.7907934481699688e-06,0.008787251443526465
30,101,decoupled_native_direct,32,8,96,0.00685022249074202,0.006140530787180313,9.618081108990351,-0.08653285354375839,True,4.6190821599857023e-07,0.008590496675413783
30,101,decoupled_native_direct,32,9,96,0.006461709913477516,0.006574141674453343,6.511858386337982,0.19924671947956085,True,9.435104191217282e-07,0.008609927319191222
30,101,decoupled_native_direct,32,10,96,0.005648100437547376,0.006573358290833115,41.71986869631906,-0.09046369045972824,True,3.4948977279136254e-08,0.008417224359261493
30,101,decoupled_native_direct,32,11,96,0.006762277984676396,0.008246652525225478,3.724652057089643,0.07315323501825333,True,2.9652182973003594e-06,0.0088419301531796
30,101,same_stage1_state_direct,26,0,52,0.008604582765067459,0.00810960789988498,5.598155526299712,0.12128468602895737,True,1.031012347076221e-06,0.008592440573094226
30,101,same_stage1_state_direct,26,1,52,0.007220084810351583,0.011403872656728375,5.973801320252397,-0.14929991960525513,True,1.1986966080229407e-06,0.008521173650952887
30,101,same_stage1_state_direct,26,2,52,0.006116897657628233,0.007989945585816217,5.368163922341901,-0.057206179946660995,True,1.6267125053359214e-06,0.00882652082134937
30,101,same_stage1_state_direct,26,3,52,0.008931818277045664,0.00826958435493294,25.108690252745184,-0.45556893944740295,True,1.1152646218645332e-07,0.008554509872812949
30,101,same_stage1_state_direct,26,4,52,0.0077823100945939175,0.0075906521022216416,17.29037546099197,0.28641602396965027,True,1.6385291818706699e-07,0.008650242405978222
30,101,same_stage1_state_direct,26,5,52,0.008761528696892827,0.008512465591616312,9.53099375626371,0.10114286839962006,True,6.110148821999372e-07,0.00855716077340157
30,101,same_stage1_state_direct,26,6,52,0.008399060492335667,0.0075725296110984285,8.862951951473878,-0.03471674397587776,True,1.0201427638979667e-06,0.008666855513705125
30,101,same_stage1_state_direct,26,7,52,0.00449005382532337,0.007815042689822164,9.758424984102165,-0.007545170374214649,True,7.101362437429556e-07,0.008676960383996797
30,101,same_stage1_state_direct,26,8,52,0.006693589275221711,0.00822759830395356,6.621181841965019,-0.11041653156280518,True,1.5524600344848504e-06,0.008577311116532167
30,101,same_stage1_state_direct,26,9,52,0.007838124904112268,0.007479910863482145,21.843415079556962,0.39577364921569824,True,1.1010055879676874e-07,0.008631591859723084
30,101,same_stage1_state_direct,26,10,52,0.006406311143858942,0.010333834213029464,24.191235544726894,0.028757499530911446,True,1.1104763580421772e-07,0.008760489708574312
30,101,same_stage1_state_direct,26,11,52,0.009858794912189063,0.006813064493514603,2.3584134923604387,0.006148826330900192,True,5.52509158348896e-06,0.008751247736640759
30,101,same_stage1_state_direct,29,0,58,0.00780696849364548,0.007146540285238175,7.617667488070159,-0.2370125651359558,True,7.359780316219025e-07,0.008643431311332616
30,101,same_stage1_state_direct,29,1,58,0.00791716029690809,0.008260144039396991,6.298977615697575,-0.3633228838443756,True,2.9908398694117464e-06,0.00868681782057855
30,101,same_stage1_state_direct,29,2,58,0.007497616036336001,0.004819520109632045,17.640098410640274,0.0486079640686512,True,5.181439211642623e-07,0.008899959402950908
30,101,same_stage1_state_direct,29,3,58,0.009551614417436264,0.00599892087873149,2.9759361991962248,-0.012234149500727654,True,4.437039618385115e-06,0.008702846329889772
30,101,same_stage1_state_direct,29,4,58,0.004983527012981691,0.0064187566762375445,5.728330289111924,-0.3198544383049011,True,2.0059723682391226e-06,0.008754475104936252
30,101,same_stage1_state_direct,29,5,58,0.007219186211471107,0.007140848423092316,9.287965617418465,0.39095813035964966,True,7.706437865533177e-07,0.008500777595444249
30,101,same_stage1_state_direct,29,6,58,0.006268374721953522,0.0041264229596010525,6.164709895793073,-0.12309590727090836,True,1.668835885250847e-06,0.008485369574524235
30,101,same_stage1_state_direct,29,7,58,0.008819080554889868,0.00851531200235025,7.212025259518728,-0.21653637290000916,True,1.169690126682914e-06,0.008697534615895246
30,101,same_stage1_state_direct,29,8,58,0.007116363454067554,0.006648945687489596,3.910212995279788,-0.24034753441810608,True,2.4694301187775727e-06,0.00864390357969616
30,101,same_stage1_state_direct,29,9,58,0.007336014109424984,0.00824539588809168,7.132323961820618,0.07420405000448227,True,9.155467343498159e-07,0.008679397353871994
30,101,same_stage1_state_direct,29,10,58,0.010713381552567338,0.005628104335076058,12.717280272828768,0.12392812222242355,True,6.460382815520391e-07,0.008645553910655905
30,101,same_stage1_state_direct,29,11,58,0.009780929611265577,0.008830901332661942,7.148580486015192,-0.28656187653541565,True,1.093844644644775e-06,0.008667455348754528
30,101,same_stage1_state_direct,32,0,64,0.007332551731823371,0.008089060888587048,8.036091804504395,-0.13587354123592377,True,1.210319988566133e-06,0.008610734663301577
30,101,same_stage1_state_direct,32,1,64,0.007767483362784263,0.007565223158556484,24.155235290527344,0.2863006293773651,True,1.2706269012647035e-07,0.008554809983188695
30,101,same_stage1_state_direct,32,2,64,0.005823455654136303,0.00799623259510595,7.674051284790039,0.14405477046966553,True,1.149710417253593e-06,0.00856120490354115
30,101,same_stage1_state_direct,32,3,64,0.0074190809370193464,0.008412864267748444,4.929577350616455,0.08401210606098175,True,2.0444023639021194e-06,0.008630649336491663
30,101,same_stage1_state_direct,32,4,64,0.009241712315452564,0.009387408742541731,3.228053092956543,-0.10196651518344879,True,4.0258657825806415e-06,0.008719435070262535
30,101,same_stage1_state_direct,32,5,64,0.00753511690824438,0.008066169113718545,6.0774245262146,-0.10314791649580002,True,1.3363605880369825e-06,0.008679269844656152
30,101,same_stage1_state_direct,32,6,64,0.00922961282687822,0.009363188794141324,22.95172119140625,0.23341551423072815,True,9.779052966264418e-08,0.008526834982987917
30,101,same_stage1_state_direct,32,7,64,0.008436346603813072,0.006480363406387835,10.712605476379395,-0.26359882950782776,True,5.726939341273329e-07,0.008671672686651557
30,101,same_stage1_state_direct,32,8,64,0.007517367327691359,0.007133813367120039,4.1435370445251465,0.4653334319591522,True,2.9274880827956647e-06,0.008701145901361403
30,101,same_stage1_state_direct,32,9,64,0.007651830317014752,0.007905157186234578,7.428016185760498,-0.7275521755218506,True,9.358610104944284e-07,0.008646146629336776
30,101,same_stage1_state_direct,32,10,64,0.009512101893734342,0.008252683495276992,9.813281059265137,0.12471254169940948,True,6.743829972921791e-07,0.008683663915556724
30,101,same_stage1_state_direct,32,11,64,0.0075249565398395005,0.006033168900457759,13.017904281616211,0.0962180346250534,True,4.715426060571823e-07,0.008603816562519179
30,102,learned_projector,26,0,52,0.9512031288877335,0.9512031288877335,0.2171517839034242,0.13854114711284637,True,0.0029916662842667066,0.9600692224317429
30,102,learned_projector,26,1,52,0.5514766308567335,0.5514766308567335,2.142541384044716,0.629052996635437,True,0.0004435345266324792,0.948898932604625
30,102,learned_projector,26,2,52,0.7833905827308237,0.7833905827308237,1.0004090427737746,-0.5104641318321228,True,0.001207343842829238,0.9533096157970962
30,102,learned_projector,26,3,52,0.440901707058677,0.440901707058677,0.48381712234176266,0.9839364290237427,True,0.00032727301929117683,0.9419215727536266
30,102,learned_projector,26,4,52,1.1627939639405374,1.1627939639405374,1.0733229604428214,0.6196689605712891,True,0.0016517871845210892,0.9573152855240571
30,102,learned_projector,26,5,52,0.3137536967181084,0.3137536967181084,1.043144378447566,-0.10413948446512222,True,9.685888101392575e-05,0.946528915656825
30,102,learned_projector,26,6,52,0.6475998603048253,0.6475998603048253,1.371729705496738,0.3149200677871704,True,0.0009996982717248115,0.9490456286194013
30,102,learned_projector,26,7,52,0.7954998116543955,0.7954998116543955,1.444876450756597,-0.3657509982585907,True,0.0007170710590048615,0.9547637183331801
30,102,learned_projector,26,8,52,0.5240186456893721,0.5240186456893721,0.7709249513861098,-0.5957754850387573,True,0.0011467957099477112,0.9651595294265558
30,102,learned_projector,26,9,52,0.019002196002440772,0.019002196002440772,0.5597568068101252,-0.5211682319641113,True,8.228240108016169e-05,0.9434011628845408
30,102,learned_projector,26,10,52,0.3854215615767418,0.3854215615767418,1.2374960361520184,0.2673947811126709,True,0.0007730110510419658,0.9371523501584862
30,102,learned_projector,26,11,52,0.8420229158572258,0.8420229158572258,0.9730697539038529,0.27750614285469055,True,0.0005876439648422897,0.9632077675136834
30,102,learned_projector,29,0,58,0.718019907832794,0.718019907832794,1.0486273310957563,-0.21927501261234283,True,0.000704655200789024,0.9588377724560354
30,102,learned_projector,29,1,58,0.6121030869478051,0.6121030869478051,0.6749069704472412,0.36263900995254517,True,0.0006557359067629194,0.9419190824092482
30,102,learned_projector,29,2,58,0.24503882528416426,0.24503882528416426,0.22825186176358733,-0.6868914365768433,True,0.00027715645974983,0.9446836814361772
30,102,learned_projector,29,3,58,1.3238707311392655,1.3238707311392655,1.4405600829192415,0.9515672326087952,True,0.0005954482033271124,0.9522768426413445
30,102,learned_projector,29,4,58,0.3058143486225063,0.3058143486225063,0.5237604904159299,-0.42467182874679565,True,0.0008237692567269839,0.9552421173657182
30,102,learned_projector,29,5,58,0.5868841015387148,0.5868841015387148,2.887131398217441,0.35334059596061707,True,0.00016847744110401832,0.9573997233556851
30,102,learned_projector,29,6,58,0.6131148979985495,0.6131148979985495,1.080029020278103,-0.23904670774936676,True,0.0005232017812049966,0.9506021211840301
30,102,learned_projector,29,7,58,0.9698452745842984,0.9698452745842984,3.563621194622311,0.594548761844635,True,0.0001637998961807085,0.9585493986548176
30,102,learned_projector,29,8,58,0.5403430500920261,0.5403430500920261,1.0682464838852836,0.4800362288951874,True,0.001154809581676672,0.9523101761572385
30,102,learned_projector,29,9,58,0.4734397143401326,0.4734397143401326,0.555365229621243,0.4249017834663391,True,0.0005950397016747534,0.9571470148542114
30,102,learned_projector,29,10,58,0.6670715983172671,0.6670715983172671,0.631739712666162,0.11365777999162674,True,0.0014479646520880092,0.9600424232306394
30,102,learned_projector,29,11,58,0.37517386315587087,0.37517386315587087,0.8261317778232121,-0.4186907112598419,True,0.0011002943477852072,0.9608891572293686
30,102,learned_projector,32,0,64,1.555638717987034,1.555638717987034,12.03625202178955,-0.7767460346221924,True,7.631990190910655e-06,0.9480616750883302
30,102,learned_projector,32,1,64,0.09254382036563184,0.09254382036563184,0.39690011739730835,-0.8260867595672607,True,0.00010449530298920199,0.9457096961668241
30,102,learned_projector,32,2,64,0.7811014121530726,0.7811014121530726,1.434028148651123,0.5506049990653992,True,0.0007375812564062183,0.9483940404126241
30,102,learned_projector,32,3,64,1.4099543226539257,1.4099543226539257,0.7051727771759033,-0.4432380795478821,True,0.0027044113035278967,0.9623153825492622
30,102,learned_projector,32,4,64,0.23860846058294674,0.23860846058294674,0.3350546360015869,-0.08926701545715332,True,0.0004891020132203753,0.956242039724707
30,102,learned_projector,32,5,64,0.5068363901124953,0.5068363901124953,0.6068942546844482,0.36760520935058594,True,0.001758054734394372,0.9670808490448257
30,102,learned_projector,32,6,64,0.9972700341524975,0.9972700341524975,0.6343797445297241,0.04503672942519188,True,0.002916850615003546,0.9560281959168707
30,102,learned_projector,32,7,64,0.47531377844759265,0.47531377844759265,1.221057653427124,-0.07392380386590958,True,0.00035990662279087915,0.956864532368118
30,102,learned_projector,32,8,64,0.4804850858532382,0.4804850858532382,0.5887787938117981,0.3301907777786255,True,0.0022113242864563285,0.9406606877115127
30,102,learned_projector,32,9,64,0.5762211255174259,0.5762211255174259,1.570797085762024,0.49384984374046326,True,0.00040960906862035046,0.9620608132257014
30,102,learned_projector,32,10,64,1.3203267169761157,1.3203267169761157,1.603910207748413,0.574993371963501,True,0.001011551441961547,0.9450613616836608
30,102,learned_projector,32,11,64,0.3290028672271778,0.3290028672271778,0.1750406175851822,-0.29905635118484497,True,0.0018438110243461751,0.9522903401750327
30,102,ordinary_native_direct,26,0,52,0.010346818041305236,0.007198993874434781,8.884723083538363,-0.2530885338783264,True,8.840609649790648e-07,0.008536845151467753
30,102,ordinary_native_direct,26,1,52,0.00691330231023962,0.007551210779857043,5.736958594161987,-0.03540783002972603,True,1.5544436221035652e-06,0.008635507470853954
30,102,ordinary_native_direct,26,2,52,0.007351504366861454,0.007980063418089394,7.565975971104061,0.005293862894177437,True,1.0959715612607483e-06,0.008843987492076186
30,102,ordinary_native_direct,26,3,52,0.00869086169955915,0.008019346854949606,8.929417516921044,-0.21540707349777222,True,2.0202564845003505e-06,0.008682080140366415
30,102,ordinary_native_direct,26,4,52,0.008035726344837096,0.007233187725260241,29.858270478670594,-0.30586180090904236,True,3.7661490399766166e-08,0.008746179874808368
30,102,ordinary_native_direct,26,5,52,0.007967304014029548,0.010112836783885108,5.254664141781495,0.3241885006427765,True,2.047399466187966e-06,0.008805156229432697
30,102,ordinary_native_direct,26,6,52,0.007308543472199498,0.011673309771546181,14.01680022554906,0.24704676866531372,True,3.0023811358483044e-07,0.008799874621581496
30,102,ordinary_native_direct,26,7,52,0.00575439629729024,0.006699459009281706,12.263841889451779,-0.17735694348812103,True,3.921733072970053e-07,0.008611595042942791
30,102,ordinary_native_direct,26,8,52,0.008380051950054897,0.008199849215507307,6.252449063534595,0.11536341905593872,True,2.358531270731546e-06,0.008509617874409089
30,102,ordinary_native_direct,26,9,52,0.007367021976619456,0.00626946417991947,3.2423124611219074,-0.05411811172962189,True,3.968512968700578e-06,0.008747253473405625
30,102,ordinary_native_direct,26,10,52,0.010907401253905642,0.007875762404912078,2.699608473421191,-0.2238314151763916,True,4.473722641414465e-06,0.008610869380088912
30,102,ordinary_native_direct,26,11,52,0.007367988294151637,0.007573688572092667,3.777058651722732,0.2725068926811218,True,5.153855871428371e-06,0.008641528613323058
30,102,ordinary_native_direct,29,0,58,0.0078011049889223395,0.007342533723780026,4.2840597065130535,-0.13651485741138458,True,4.066949158155659e-06,0.008680488085846434
30,102,ordinary_native_direct,29,1,58,0.007846973835479977,0.006880237640879614,13.797590044356635,-0.4577036201953888,True,3.307692916121142e-07,0.008708668145475256
30,102,ordinary_native_direct,29,2,58,0.007084873160703738,0.005893119752087141,5.7172555163514245,0.40060389041900635,True,2.103583990424179e-06,0.008659918130734195
30,102,ordinary_native_direct,29,3,58,0.008337115152443089,0.009044185610090101,45.84235436499631,0.03494440019130707,True,3.54094359902133e-08,0.008564354556706153
30,102,ordinary_native_direct,29,4,58,0.006983258435995588,0.010280690680146413,50.49131856742346,-0.3326723277568817,True,1.8884204053215356e-08,0.008618368465677142
30,102,ordinary_native_direct,29,5,58,0.008772287655775013,0.006606646159216339,10.186632085268261,0.036610089242458344,True,7.562908094010011e-07,0.008699920786509168
30,102,ordinary_native_direct,29,6,58,0.00624144833896787,0.009097323580445155,4.990147847431298,-0.02876616269350052,True,2.3886795824117486e-06,0.00858142264006508
30,102,ordinary_native_direct,29,7,58,0.0092606292560475,0.00686340925288,76.16576139590259,0.3058834969997406,True,1.9502088281516863e-08,0.008728820738382161
30,102,ordinary_native_direct,29,8,58,0.008683792979089658,0.007298784341196577,7.82034083853021,-0.14207448065280914,True,9.573118575510517e-07,0.008594024710231662
30,102,ordinary_native_direct,29,9,58,0.007094877394106096,0.008914088278382203,39.808894301008145,0.13946935534477234,True,2.7043950874549674e-08,0.008735591269711638
30,102,ordinary_native_direct,29,10,58,0.006280285192423971,0.008319781987035691,13.03349884550564,0.05097847059369087,True,4.233156663260171e-07,0.00874943371505903
30,102,ordinary_native_direct,29,11,58,0.007536292231781671,0.007274283985436437,15.60233321018824,-0.003581754397600889,True,1.4163910260933736e-07,0.008818457055073425
30,102,ordinary_native_direct,32,0,64,0.008331164429844091,0.007420959047916921,22.20318031311035,0.09563032537698746,True,1.2943841823203396e-07,0.00874034156088406
30,102,ordinary_native_direct,32,1,64,0.00841945945675538,0.008139926248989772,4.171769142150879,0.05340065434575081,True,2.740070969970022e-06,0.008886620271661297
30,102,ordinary_native_direct,32,2,64,0.009829578196668036,0.006047107225704581,6.608548641204834,0.13650627434253693,True,1.34665821847577e-06,0.008703463385300196
30,102,ordinary_native_direct,32,3,64,0.007718150957423363,0.007273214016224198,6.1051554679870605,0.2420153170824051,True,1.8511884072786454e-06,0.008768733641394275
30,102,ordinary_native_direct,32,4,64,0.008166510980763602,0.008837989066848686,4.602602958679199,0.2507578730583191,True,3.3250582444541497e-06,0.008863294963940024
30,102,ordinary_native_direct,32,5,64,0.00996026579476988,0.00801881534455232,4.408511638641357,0.028407704085111618,True,3.1409764417618774e-06,0.008854554450438357
30,102,ordinary_native_direct,32,6,64,0.007894709239447462,0.006706867734204346,8.697408676147461,0.0008583914022892714,True,4.055768943582966e-07,0.00858200008496144
30,102,ordinary_native_direct,32,7,64,0.008539200771079072,0.007141800384850205,4.4310407638549805,0.2489142268896103,True,3.5006157523691966e-06,0.008564353567910118
30,102,ordinary_native_direct,32,8,64,0.00979675253362729,0.00946272197331638,10.081897735595703,-0.022217996418476105,True,5.660263834550385e-07,0.008735786228563006
30,102,ordinary_native_direct,32,9,64,0.009204727031708033,0.007703236593441546,10.278289794921875,-0.03613270819187164,True,7.86914138907794e-07,0.008762012317041148
30,102,ordinary_native_direct,32,10,64,0.009751627587767469,0.007184194289562307,12.412959098815918,-0.058486223220825195,True,3.7147487301431933e-07,0.008587429755222408
30,102,ordinary_native_direct,32,11,64,0.008367487388589204,0.007333616823673126,14.316709518432617,0.021133430302143097,True,2.9221275493111143e-07,0.008643938699129617
30,102,decoupled_native_direct,26,0,78,0.007626866762080137,0.006290643786703438,5.412072059484676,-0.09897983074188232,True,1.408951270758641e-06,0.008699289530640992
30,102,decoupled_native_direct,26,1,78,0.007299665718907475,0.0058361789728910525,4.107041834061482,-0.11647657305002213,True,3.108552012326463e-06,0.008627726946027078
30,102,decoupled_native_direct,26,2,78,0.006361757597325551,0.007118127957204525,4.658717194819566,-0.15604041516780853,True,1.0698645971414032e-06,0.008762523359831464
30,102,decoupled_native_direct,26,3,78,0.008189593932871182,0.005859601274000176,11.544949647109854,-0.0884692594408989,True,3.789155785632379e-07,0.008713608719910991
30,102,decoupled_native_direct,26,4,78,0.006021326634515837,0.0076752768825409014,4.442960679491411,0.16797594726085663,True,1.7094236499706365e-06,0.008554611279395347
30,102,decoupled_native_direct,26,5,78,0.006106744977501651,0.007716999316956616,8.63957646665422,-0.17670901119709015,True,1.015124991446746e-06,0.00871776858282376
30,102,decoupled_native_direct,26,6,78,0.010848489575481325,0.009215978219459365,7.000684243654412,-0.11685667932033539,True,8.28586341387555e-07,0.008691656263684773
30,102,decoupled_native_direct,26,7,78,0.006461566817434215,0.007653836602224971,13.165617904417283,0.31010642647743225,True,3.0625296600887594e-07,0.008653577320357562
30,102,decoupled_native_direct,26,8,78,0.008620418848321706,0.0076629684627645914,3.9095675948961373,0.5091220736503601,True,3.612601299113544e-06,0.008747894526113131
30,102,decoupled_native_direct,26,9,78,0.010867808820303483,0.00525513058322745,8.250193830708625,-0.007809513248503208,True,1.4385710136221218e-06,0.008619675539656887
30,102,decoupled_native_direct,26,10,78,0.006969586174503652,0.008096315815112472,3.0561374933342904,0.29808083176612854,True,3.174954171658087e-06,0.00886413315840952
30,102,decoupled_native_direct,26,11,78,0.00839838274260216,0.012924588574451461,6.8878219525213265,0.5409788489341736,True,2.1740364231154298e-06,0.00875011597388793
30,102,decoupled_native_direct,29,0,87,0.007886881471818805,0.005397870758086091,24.863877500921777,0.10446428507566452,True,7.943479852239875e-08,0.008788166328850783
30,102,decoupled_native_direct,29,1,87,0.009027095441585262,0.007359539942116636,6.643898277380422,0.0810590460896492,True,7.742743837325952e-07,0.008511463558159179
30,102,decoupled_native_direct,29,2,87,0.005841017901697956,0.0062300252805383635,12.98798997554741,0.11793152987957001,True,3.3324683425089915e-07,0.008396639704663682
30,102,decoupled_native_direct,29,3,87,0.007843214063768218,0.006879737064116392,6.393526153437164,-0.31440576910972595,True,6.942251452954825e-07,0.008446402181467753
30,102,decoupled_native_direct,29,4,87,0.005580509137958413,0.008368562151099521,5.863619286376017,-0.24368718266487122,True,1.274365116887342e-06,0.00863520354859608
30,102,decoupled_native_direct,29,5,87,0.007020071853467821,0.005411270129322552,8.723895322369732,-0.019465837627649307,True,5.545030081251685e-07,0.008488762200249298
30,102,decoupled_native_direct,29,6,87,0.006791963247337084,0.0073551880667548026,4.268352937064677,0.013461361639201641,True,2.5788750779458666e-06,0.008573599200412847
30,102,decoupled_native_direct,29,7,87,0.007053882859630622,0.004583752564288451,2.7983581262263466,0.2981082797050476,True,3.1220201660789782e-06,0.008635397259674082
30,102,decoupled_native_direct,29,8,87,0.006400360739386518,0.006383080896536466,9.268016645325662,0.13599519431591034,True,7.795195451796705e-07,0.008594867421929674
30,102,decoupled_native_direct,29,9,87,0.008068065995430657,0.006606406666479278,4.907895482012419,-0.22922688722610474,True,2.9549314120066025e-06,0.008641415914568696
30,102,decoupled_native_direct,29,10,87,0.006452950324899743,0.009038715964800383,8.305634671380782,-0.06868471950292587,True,1.0916887532924748e-06,0.008712822918764091
30,102,decoupled_native_direct,29,11,87,0.0060998741627944445,0.006634060655121217,6.891740460474183,0.16459718346595764,True,1.109642211734949e-06,0.00858479740990586
30,102,decoupled_native_direct,32,0,96,0.0075862533258135864,0.006328587759712018,6.142445963494091,0.11125078797340393,True,1.1648709350488617e-06,0.008788116346809158
30,102,decoupled_native_direct,32,1,96,0.006829207981369343,0.006554707583150155,19.427128366820842,-0.1342368721961975,True,8.710387335585859e-08,0.008803977616681188
30,102,decoupled_native_direct,32,2,96,0.006407383453349726,0.006963879003562112,6.470586054597409,-0.24111253023147583,True,1.0502597911562728e-06,0.008739140920053928
30,102,decoupled_native_direct,32,3,96,0.0061003576916495075,0.005799195943644679,27.097452247353438,-0.2767750024795532,True,8.064037501830868e-08,0.008597535637943916
30,102,decoupled_native_direct,32,4,96,0.008171163172105112,0.006766765092031554,6.538402919300339,0.10472323000431061,True,1.178139781711198e-06,0.008854169580836813
30,102,decoupled_native_direct,32,5,96,0.007550632620522829,0.0055357163920188805,36.088610659044434,-0.07778718322515488,True,9.725307707007071e-08,0.008533884253730344
30,102,decoupled_native_direct,32,6,96,0.007222859969984969,0.008511573248332426,2.8899701798408763,-0.03070032224059105,True,6.501797815997244e-06,0.008663281161070782
30,102,decoupled_native_direct,32,7,96,0.007437003182474673,0.006077112563211032,5.378503111615746,0.10634327679872513,True,2.436359461399087e-06,0.00863931043109316
30,102,decoupled_native_direct,32,8,96,0.008758494883731965,0.008574235933096572,5.7952319168566815,0.2511191964149475,True,1.3949575449271258e-06,0.008721439768367449
30,102,decoupled_native_direct,32,9,96,0.006141703651351615,0.006202279703532823,5.756080297814242,-0.025018490850925446,True,1.216208175344548e-06,0.008592423885782841
30,102,decoupled_native_direct,32,10,96,0.005879731045806575,0.007008240496605881,8.651231565268555,-0.010055000893771648,True,1.2768977621743193e-06,0.008510924532168332
30,102,decoupled_native_direct,32,11,96,0.006747280114468858,0.008316843552120883,18.377052043104754,0.3839760422706604,True,1.406239193589405e-07,0.008695616891027273
30,102,same_stage1_state_direct,26,0,52,0.008993468058313607,0.008041922284877113,18.69705773903957,-0.007713302504271269,True,1.7342837309196725e-07,0.00855222658603293
30,102,same_stage1_state_direct,26,1,52,0.009001404764045918,0.0060866154369795915,6.338698824537091,-0.1579320728778839,True,1.2072668273244883e-06,0.008745222026828352
30,102,same_stage1_state_direct,26,2,52,0.007693388573826925,0.009715385489909979,8.043978619464648,0.0263852309435606,True,5.79548137192588e-07,0.008641161013469132
30,102,same_stage1_state_direct,26,3,52,0.006748619989118654,0.011276054637413546,19.660085025969078,-0.48389050364494324,True,3.15832172083509e-07,0.008573445606362444
30,102,same_stage1_state_direct,26,4,52,0.008617225377387322,0.00512794856081566,6.172938804961974,0.21708980202674866,True,1.876344320810713e-06,0.008764641287091835
30,102,same_stage1_state_direct,26,5,52,0.007116297492139256,0.005838358783623893,10.299374267755793,0.4250860810279846,True,7.683334455650133e-07,0.008657960710290001
30,102,same_stage1_state_direct,26,6,52,0.007584611013939723,0.006645486606250096,6.1652650826505315,-0.28901028633117676,True,1.9129518240354126e-06,0.008561466104577725
30,102,same_stage1_state_direct,26,7,52,0.0054549153406297166,0.0068884140962582096,6.0570796695477815,-0.14700622856616974,True,1.472022524340712e-06,0.008542759843474695
30,102,same_stage1_state_direct,26,8,52,0.006788864154861849,0.006757775242690781,5.39180508117951,-0.22639234364032745,True,2.0436044431540867e-06,0.00858616146753995
30,102,same_stage1_state_direct,26,9,52,0.00599173199680288,0.0064369993480581245,15.144993990316925,0.07210634648799896,True,2.6469028807674755e-07,0.00859749499982215
30,102,same_stage1_state_direct,26,10,52,0.00898620172289956,0.007044984059626017,9.389327722377065,0.09689027816057205,True,8.677196630143635e-07,0.008502452946565273
30,102,same_stage1_state_direct,26,11,52,0.008492106875942504,0.007791871450205172,5.815514001723153,-0.39339274168014526,True,1.5925246335917678e-06,0.008679381912631571
30,102,same_stage1_state_direct,29,0,58,0.0054694252933399305,0.004367217925388997,13.504847385281714,-0.1586756557226181,True,2.2114597201416183e-07,0.00859863445081744
30,102,same_stage1_state_direct,29,1,58,0.008310790045287201,0.006142255234048381,9.407181463896778,-0.14683595299720764,True,6.214504378424593e-07,0.008652700462970555
30,102,same_stage1_state_direct,29,2,58,0.007630293109566682,0.006728933939927532,9.333223420132269,0.015086008235812187,True,8.275592308373379e-07,0.00867100389499279
30,102,same_stage1_state_direct,29,3,58,0.004979168109382042,0.0081300406083312,10.511336809012901,-0.19912588596343994,True,5.74168222647463e-07,0.008865885033856232
30,102,same_stage1_state_direct,29,4,58,0.007168981893809598,0.007137457256078429,25.510564241703996,0.12193860113620758,True,1.931010342931181e-07,0.008622937527509275
30,102,same_stage1_state_direct,29,5,58,0.007389284093021628,0.009211145268349277,9.884116978587851,0.33958569169044495,True,6.03689732552725e-07,0.008782501025188471
30,102,same_stage1_state_direct,29,6,58,0.006768983209647785,0.008175008880701462,17.99584756071464,0.08363465964794159,True,1.57675332946882e-07,0.008634191052198769
30,102,same_stage1_state_direct,29,7,58,0.012537706804161039,0.007172205174805076,17.043004366416376,-0.28321874141693115,True,2.0290540344334036e-07,0.008721525896468185
30,102,same_stage1_state_direct,29,8,58,0.00600110555764279,0.008262168704823375,6.078394288990377,0.3974858522415161,True,2.4216041351154655e-06,0.00863893049536025
30,102,same_stage1_state_direct,29,9,58,0.008663369532124297,0.007825159733103479,37.93029226848153,0.012938743457198143,True,6.998228963924699e-08,0.008647555882650097
30,102,same_stage1_state_direct,29,10,58,0.005852202615690974,0.005650146289197685,5.436169669202434,0.2505737841129303,True,4.258029806940651e-06,0.008477341047172383
30,102,same_stage1_state_direct,29,11,58,0.0058511850012151,0.008445891174693953,5.475970729516741,0.18820613622665405,True,2.1009603826251543e-06,0.008443489971214146
30,102,same_stage1_state_direct,32,0,64,0.006752201960258982,0.005754535862636561,32.285980224609375,0.007000485435128212,True,7.30606267625849e-08,0.008668905152662446
30,102,same_stage1_state_direct,32,1,64,0.006081245119961552,0.007788164339173595,7.459793567657471,-0.4023799002170563,True,9.444853868022638e-07,0.00857778572507308
30,102,same_stage1_state_direct,32,2,64,0.0069435305317688345,0.010047803470729144,17.015159606933594,0.5582937002182007,True,1.9679334522210958e-07,0.008634934771003773
30,102,same_stage1_state_direct,32,3,64,0.0070262427141661084,0.005044196257955651,4.117358684539795,0.4144141376018524,True,2.1361767065321455e-06,0.008623858401109205
30,102,same_stage1_state_direct,32,4,64,0.007366189568010461,0.00711394351621234,25.711191177368164,-0.1388251781463623,True,8.64537675001757e-08,0.008608763192734728
30,102,same_stage1_state_direct,32,5,64,0.011000452896155852,0.005852116375369008,7.457396030426025,-0.13837797939777374,True,9.513253728314465e-07,0.008870354803108028
30,102,same_stage1_state_direct,32,6,64,0.006886744136931117,0.007989949419825618,2.874971866607666,0.03617163747549057,True,5.196366424162903e-06,0.008743602046059278
30,102,same_stage1_state_direct,32,7,64,0.010289175845183808,0.007469486413324952,3.7889668941497803,-0.16076771914958954,True,3.384730267114204e-06,0.008782690469677095
30,102,same_stage1_state_direct,32,8,64,0.00720173993801456,0.007825381401921625,9.210821151733398,-0.02131340093910694,True,6.178372679143706e-07,0.008674449379858368
30,102,same_stage1_state_direct,32,9,64,0.006193375589879582,0.007048452208909073,10.403003692626953,0.0051912227645516396,True,8.563543566024064e-07,0.008594020184467593
30,102,same_stage1_state_direct,32,10,64,0.00996642233006022,0.004838454157826569,4.442959785461426,0.13056804239749908,True,2.658217967731532e-06,0.008543788078167533
30,102,same_stage1_state_direct,32,11,64,0.008309259273461976,0.007948048241954485,6.811985015869141,0.06853359937667847,True,1.223755390864953e-06,0.008736873924472498
30,103,learned_projector,26,0,52,0.2989324923594656,0.2989324923594656,0.7661595571346241,-0.11189557611942291,True,0.0004770369120947835,0.9467611661756555
30,103,learned_projector,26,1,52,0.7521408277648821,0.7521408277648821,1.3727525334361543,0.18714438378810883,True,0.0008916717530187613,0.9511847580252204
30,103,learned_projector,26,2,52,1.375346923226623,1.375346923226623,1.5024449736906642,0.7838173508644104,True,0.0024395605670220204,0.9622928386327059
30,103,learned_projector,26,3,52,0.5793578886806476,0.5793578886806476,1.4479186166591564,-0.09283624589443207,True,0.0003333901800536341,0.9676957697011607
30,103,learned_projector,26,4,52,0.90121488634973,0.90121488634973,4.201820817897292,0.20333167910575867,True,7.854623967603187e-05,0.9619795215797085
30,103,learned_projector,26,5,52,1.1404755852961603,1.1404755852961603,1.482913509476453,0.8606115579605103,True,0.0004900584903794045,0.9574272297681107
30,103,learned_projector,26,6,52,0.24887185161322062,0.24887185161322062,0.7321311534020516,0.14442813396453857,True,0.0002754732511317975,0.9627597403944669
30,103,learned_projector,26,7,52,0.0818503413682862,0.0818503413682862,1.8242660012788456,-0.6941850781440735,True,3.793209662912335e-05,0.946836630946649
30,103,learned_projector,26,8,52,0.6325285123439067,0.6325285123439067,0.7058626995237842,0.3300522565841675,True,0.0009256828143149673,0.9481292691473094
30,103,learned_projector,26,9,52,0.3878899317203853,0.3878899317203853,0.5146299132048059,0.08176533132791519,True,0.0003245371451613144,0.9444563751936189
30,103,learned_projector,26,10,52,0.9124032972254106,0.9124032972254106,1.7759317604810352,0.580191433429718,True,0.0006148557785856291,0.9538225993729657
30,103,learned_projector,26,11,52,0.7385336473697397,0.7385336473697397,0.8321763293813224,0.666165292263031,True,0.0005143276329430311,0.9531319715230822
30,103,learned_projector,29,0,58,0.9460239368037779,0.9460239368037779,5.401567390728075,-0.4975934326648712,True,0.00014485791962447195,0.9551092896038089
30,103,learned_projector,29,1,58,0.46051067653435784,0.46051067653435784,0.3934959489861095,-0.7349491715431213,True,0.0013872934476460447,0.9551425461682655
30,103,learned_projector,29,2,58,0.687250308967798,0.687250308967798,1.2874117788563908,-0.27566131949424744,True,0.0006125576406045711,0.9556822563295944
30,103,learned_projector,29,3,58,0.888164545292025,0.888164545292025,0.7339017990749621,-0.2106851488351822,True,0.0052720700351657455,0.960992625198835
30,103,learned_projector,29,4,58,0.8058702900924166,0.8058702900924166,2.1616022976534754,0.3861624300479889,True,0.003135570178402477,0.9542656308327088
30,103,learned_projector,29,5,58,0.4446775148611131,0.4446775148611131,0.5649175341861056,-0.30069780349731445,True,0.002019257354500051,0.9486227274804496
30,103,learned_projector,29,6,58,0.38710371104189706,0.38710371104189706,1.0495420892935792,0.31479671597480774,True,0.0006679688135648657,0.951010594537204
30,103,learned_projector,29,7,58,0.9228312269007387,0.9228312269007387,1.1116424625217116,0.0375862717628479,True,0.0017834750790649682,0.9549933590315964
30,103,learned_projector,29,8,58,0.5544264383308893,0.5544264383308893,1.5259541694511944,0.09309914708137512,True,0.00033518446826327677,0.9495667551016987
30,103,learned_projector,29,9,58,0.9998463686932261,0.9998463686932261,6.911582352517657,-0.8201761841773987,True,2.036259170349874e-05,0.9415856089186793
30,103,learned_projector,29,10,58,0.7879086402931396,0.7879086402931396,0.4646275714935274,-0.23236089944839478,True,0.0020845154798565524,0.961250878378787
30,103,learned_projector,29,11,58,0.8766658237244199,0.8766658237244199,0.6897711963498924,0.14841781556606293,True,0.00029580052445195206,0.9510549822391883
30,103,learned_projector,32,0,64,0.39227931027444946,0.39227931027444946,0.45160725712776184,0.24458789825439453,True,0.002612138932169384,0.9682337824664258
30,103,learned_projector,32,1,64,1.0529877788288737,1.0529877788288737,1.2980998754501343,0.3616776466369629,True,0.0007506622362675195,0.9515040447141007
30,103,learned_projector,32,2,64,1.1706120837903877,1.1706120837903877,1.347413420677185,0.745671272277832,True,0.0006513748308581331,0.9497000994037093
30,103,learned_projector,32,3,64,1.0643755485273088,1.0643755485273088,1.0569974184036255,-0.6613500118255615,True,0.0006069208189216972,0.9507974631735269
30,103,learned_projector,32,4,64,0.713800459365412,0.713800459365412,0.8109702467918396,-0.26479771733283997,True,0.00028651289009339433,0.9571137225480597
30,103,learned_projector,32,5,64,0.11878843122221719,0.11878843122221719,1.0011757612228394,-0.7060354948043823,True,5.840207888316345e-05,0.9442093943623886
30,103,learned_projector,32,6,64,0.4575232787527528,0.4575232787527528,4.778865814208984,0.6702053546905518,True,3.6630868004538213e-06,0.9474950856697865
30,103,learned_projector,32,7,64,0.5934345678777017,0.5934345678777017,0.2651967406272888,-0.23480218648910522,True,0.0034692449799299152,0.9567811889355934
30,103,learned_projector,32,8,64,1.2381011331069978,1.2381011331069978,1.389176845550537,-0.18670113384723663,True,0.0007396732724778228,0.9573907376362312
30,103,learned_projector,32,9,64,0.5310796344601308,0.5310796344601308,0.6570537090301514,0.25885218381881714,True,0.0013429957856713754,0.9659395764300468
30,103,learned_projector,32,10,64,0.3283240534625868,0.3283240534625868,1.0258862972259521,-0.7155317068099976,True,0.0018049245485392423,0.9394801020065466
30,103,learned_projector,32,11,64,0.4865812349316316,0.4865812349316316,2.022038698196411,0.003646228229627013,True,0.0004510586891675825,0.9512668522404503
30,103,ordinary_native_direct,26,0,52,0.008287798001037133,0.0077297192468491266,3.168127943578547,0.09776018559932709,True,4.889540626119933e-06,0.008767729994750341
30,103,ordinary_native_direct,26,1,52,0.008479080949837946,0.00914546537544825,4.489525362698382,-0.2115270346403122,True,2.4544270982414633e-06,0.008712118484632247
30,103,ordinary_native_direct,26,2,52,0.008048463585250106,0.004297152818793086,3.963350877562431,0.2072848528623581,True,3.6020500951553184e-06,0.008596586880043127
30,103,ordinary_native_direct,26,3,52,0.006445705756906227,0.006536885094342216,4.375838050457333,0.3430790305137634,True,4.569028270321719e-06,0.008670344631007923
30,103,ordinary_native_direct,26,4,52,0.007373162586732942,0.008523725637978381,5.502953441936086,0.22384300827980042,True,2.810085197752205e-06,0.008768361993375634
30,103,ordinary_native_direct,26,5,52,0.007298296075306097,0.007786687870321278,19.55523021783481,0.09110592305660248,True,1.13540999011801e-07,0.00857731248563479
30,103,ordinary_native_direct,26,6,52,0.008791015686222571,0.006630554112750257,29.217152298383787,0.061946045607328415,True,7.311139420563755e-08,0.00876389394443219
30,103,ordinary_native_direct,26,7,52,0.00816945351131341,0.008150761174518961,4.363198309381334,0.16445103287696838,True,2.5006733219455765e-06,0.008549170463924546
30,103,ordinary_native_direct,26,8,52,0.00783264438015381,0.008477596326340356,14.253819109748509,0.06229310855269432,True,3.6973235082579446e-07,0.008495207266130223
30,103,ordinary_native_direct,26,9,52,0.008685379236178249,0.009057108372876535,9.079541256054853,0.1772071272134781,True,1.1296641734767338e-06,0.008580150152325298
30,103,ordinary_native_direct,26,10,52,0.008860702048746867,0.009051923044542644,20.70246069645209,-0.13176769018173218,True,2.4665608485676403e-07,0.008473804480810114
30,103,ordinary_native_direct,26,11,52,0.00829367166533096,0.008006165551985623,3.2706657171254605,-0.168949693441391,True,5.945658609900326e-06,0.008526062298169499
30,103,ordinary_native_direct,29,0,58,0.008181285833155383,0.006647359978554879,11.38217859903159,-0.05229286476969719,True,6.558189235232655e-07,0.008535144017689112
30,103,ordinary_native_direct,29,1,58,0.007395712509075537,0.007944434666128469,20.28821833075996,-0.24113768339157104,True,1.4838290320148376e-07,0.008694013411825307
30,103,ordinary_native_direct,29,2,58,0.007357620924697959,0.008239440505727126,6.10656308119898,0.3312124013900757,True,1.797769985713491e-06,0.008764226468126317
30,103,ordinary_native_direct,29,3,58,0.006759699316062467,0.007985696963582442,6.515729101083298,0.12095247954130173,True,1.9910173193506614e-06,0.008450763223324281
30,103,ordinary_native_direct,29,4,58,0.0066823836201430785,0.007445702681526572,10.424726175473166,0.1791195422410965,True,5.778924931821176e-07,0.008662003796179952
30,103,ordinary_native_direct,29,5,58,0.007447990816766525,0.005678864509404489,2.454611432490884,0.05323111638426781,True,6.025567728258361e-06,0.0086658158540066
30,103,ordinary_native_direct,29,6,58,0.009213693578237677,0.007330160866756697,6.597325782776239,-0.13853275775909424,True,1.4408018544227516e-06,0.008762228736283614
30,103,ordinary_native_direct,29,7,58,0.007374138619940863,0.008825028078787454,11.41023869717918,0.17057551443576813,True,5.237316325090778e-07,0.008873322485693284
30,103,ordinary_native_direct,29,8,58,0.00900838536251942,0.010718860913819019,7.295359543505029,0.24226832389831543,True,1.194634090820282e-06,0.008640948795005793
30,103,ordinary_native_direct,29,9,58,0.008544209310785374,0.008167695160697883,34.458024925881794,0.30551204085350037,True,3.3635254449590727e-08,0.00861469237573799
30,103,ordinary_native_direct,29,10,58,0.007430341222146062,0.007640583130812228,13.011264147955274,-0.08929967135190964,True,3.013470086643525e-07,0.008707577315934885
30,103,ordinary_native_direct,29,11,58,0.0099463482522166,0.007879273471472607,8.725801937429132,-0.16796258091926575,True,8.604215135736565e-07,0.008527803185457556
30,103,ordinary_native_direct,32,0,64,0.008027989413628827,0.0079891360710623,9.60261344909668,0.16474056243896484,True,9.439832951631108e-07,0.008550539035111973
30,103,ordinary_native_direct,32,1,64,0.008007680577293669,0.00862216928605474,6.330110549926758,-0.014804375357925892,True,2.555300312401868e-06,0.008724762931964466
30,103,ordinary_native_direct,32,2,64,0.006622420361068399,0.007087321575867805,6.136152744293213,-0.10519736260175705,True,1.6135314164514789e-06,0.008430295512596784
30,103,ordinary_native_direct,32,3,64,0.006852569044601806,0.007192240034479749,9.379294395446777,0.11920329183340073,True,3.9311407917605535e-07,0.008549209821649816
30,103,ordinary_native_direct,32,4,64,0.010257737325532864,0.00746302011896471,15.164905548095703,-0.03454110026359558,True,3.7373442401632095e-07,0.008895375652627952
30,103,ordinary_native_direct,32,5,64,0.009846845257805544,0.00792634662513479,4.296367168426514,-0.1343528926372528,True,2.4867882872910393e-06,0.008701539697484884
30,103,ordinary_native_direct,32,6,64,0.008983753778762728,0.00902135757265215,8.518715858459473,0.044431619346141815,True,7.319921154670822e-07,0.008529411206765758
30,103,ordinary_native_direct,32,7,64,0.006285005737308426,0.007954817008792107,10.194968223571777,-0.15271984040737152,True,4.3414594899486966e-07,0.008748971589246568
30,103,ordinary_native_direct,32,8,64,0.008960194405059938,0.007831099568308826,5.601943016052246,0.2879146933555603,True,2.1524456047292087e-06,0.008752829257633201
30,103,ordinary_native_direct,32,9,64,0.008509657614622686,0.006990295319704119,7.198520660400391,0.06447301059961319,True,1.140451548703536e-06,0.00883409235193894
30,103,ordinary_native_direct,32,10,64,0.00972342344762876,0.008037623245832438,3.685307264328003,-0.05061086267232895,True,3.159251182028423e-06,0.008708656295992066
30,103,ordinary_native_direct,32,11,64,0.008096605095969827,0.007531231012066279,8.028392791748047,0.08039066195487976,True,1.0912216211083264e-06,0.008674240973102019
30,103,decoupled_native_direct,26,0,78,0.008174565570029716,0.005895109879629187,3.963682734962999,0.19979123771190643,True,3.1488817068048536e-06,0.0088155901046918
30,103,decoupled_native_direct,26,1,78,0.005886360694135364,0.008421647383712398,2.590828577874356,-0.23538237810134888,True,6.293825190100103e-06,0.008677555745722841
30,103,decoupled_native_direct,26,2,78,0.007365740905805025,0.005503278653208381,2.437669432378585,-0.14312690496444702,True,6.320019901130792e-06,0.008752616912405678
30,103,decoupled_native_direct,26,3,78,0.005354819703533568,0.00974518442563673,3.707747713930664,-0.27791813015937805,True,2.727078316712811e-06,0.008661664494863648
30,103,decoupled_native_direct,26,4,78,0.008060175978768347,0.006301663722786137,9.660104723686278,0.3393091559410095,True,5.053798004889818e-07,0.008691650204902245
30,103,decoupled_native_direct,26,5,78,0.007476256590680019,0.0062495832166789165,3.2707295269714467,0.02596641145646572,True,4.7825406859646854e-06,0.008523752718406382
30,103,decoupled_native_direct,26,6,78,0.00740270054956088,0.009950461483207834,10.048459367634623,-0.39989227056503296,True,6.253585920064886e-07,0.008494323036091045
30,103,decoupled_native_direct,26,7,78,0.007101764176408437,0.007775240988033144,6.942027365835005,0.08534511178731918,True,7.845742613728891e-07,0.008548932002324693
30,103,decoupled_native_direct,26,8,78,0.007717019114702028,0.007533295498448685,6.360145021746041,-0.26108548045158386,True,1.6394250389240353e-06,0.00869486245614081
30,103,decoupled_native_direct,26,9,78,0.007305124773063959,0.007053026490434541,3.606511234813507,0.02378762513399124,True,3.5308326795881003e-06,0.008716844485118535
30,103,decoupled_native_direct,26,10,78,0.0076179659918484246,0.004954872916392905,12.367750122412541,-0.024823063984513283,True,4.1493946866478874e-07,0.00865917590654266
30,103,decoupled_native_direct,26,11,78,0.005445259393671464,0.007826503752951238,4.843767416418179,-0.19983907043933868,True,2.0582150406669795e-06,0.008769130569074244
30,103,decoupled_native_direct,29,0,87,0.005964993328733083,0.007068998813550235,9.499202362047377,-0.17579425871372223,True,5.66219094377367e-07,0.008614891298949373
30,103,decoupled_native_direct,29,1,87,0.005397346213290732,0.008367828116397405,7.05405093009241,-0.4760759472846985,True,1.4698671291824498e-06,0.008635715297612088
30,103,decoupled_native_direct,29,2,87,0.007192508898720416,0.007900129671333526,5.708394777824455,-0.3382208049297333,True,1.1322309263740153e-06,0.008792152093395398
30,103,decoupled_native_direct,29,3,87,0.007486619794642733,0.006607030009765838,17.438717866238775,-0.2952820658683777,True,2.180980819020209e-07,0.008701143476538997
30,103,decoupled_native_direct,29,4,87,0.008326920969658723,0.008835229870970131,13.291793092423516,0.11405289173126221,True,2.621754358212866e-07,0.008760036611473876
30,103,decoupled_native_direct,29,5,87,0.005617639646179768,0.007237313810216378,5.121703294331288,0.30333417654037476,True,2.6896822741812012e-06,0.008721768133234026
30,103,decoupled_native_direct,29,6,87,0.008249952129896545,0.005375847172666162,8.976652199803683,-0.04465331882238388,True,4.883561606781064e-07,0.008743764508653318
30,103,decoupled_native_direct,29,7,87,0.005992966666765965,0.008057510021065303,5.2121067594070825,-0.3486928343772888,True,2.3269594902123466e-06,0.008627604721555018
30,103,decoupled_native_direct,29,8,87,0.0065187867911416135,0.007061016598820505,6.253778617334282,-0.17813582718372345,True,7.913545005819568e-07,0.00869201639721936
30,103,decoupled_native_direct,29,9,87,0.007121167737082272,0.0067322302957377594,5.964129427538585,0.0767611414194107,True,1.2891326563061655e-06,0.008658244546795443
30,103,decoupled_native_direct,29,10,87,0.00752574289627467,0.009147496096025496,7.764485803984849,0.24739980697631836,True,1.089551880367907e-06,0.008634173607908448
30,103,decoupled_native_direct,29,11,87,0.00783292677724803,0.005462311258659106,15.375262773648371,0.0670812577009201,True,2.1044252035589165e-07,0.008895887278338298
30,103,decoupled_native_direct,32,0,96,0.0073799840021706595,0.007513484348191469,4.25082007175657,-0.17320369184017181,True,2.8311952568478332e-06,0.00843973259446378
30,103,decoupled_native_direct,32,1,96,0.006351040631167526,0.0059535187905638155,10.91186613851199,-0.11639884114265442,True,5.400464436000775e-07,0.0085748263475813
30,103,decoupled_native_direct,32,2,96,0.0070761508463306096,0.005597727848965151,3.619945225641584,-0.0029469963628798723,True,4.1307289501915255e-06,0.008736131819221948
30,103,decoupled_native_direct,32,3,96,0.006806606645342835,0.007487107612636312,20.236755504964314,-0.11022931337356567,True,1.4389822247786493e-07,0.008815897261686807
30,103,decoupled_native_direct,32,4,96,0.007451742968908641,0.005650116705561029,24.998565720298405,-0.17082002758979797,True,5.780421294639391e-08,0.008621752718753267
30,103,decoupled_native_direct,32,5,96,0.007516941706967772,0.006419607837037722,6.423722080527009,-0.2069205939769745,True,1.0137604219590857e-06,0.008542527712617185
30,103,decoupled_native_direct,32,6,96,0.006689916162945849,0.007609803103059772,4.489403170315762,-0.11086782813072205,True,2.3650179248752675e-06,0.008953877484057836
30,103,decoupled_native_direct,32,7,96,0.005667984878086353,0.005895525892530801,29.95069578686315,0.08137567341327667,True,4.7094414803819356e-08,0.008647182844144277
30,103,decoupled_native_direct,32,8,96,0.008826384626628183,0.007029990248269991,3.4202602884478575,-0.18521791696548462,True,4.575024211847849e-06,0.008657935059638636
30,103,decoupled_native_direct,32,9,96,0.006780336452605965,0.005659036721644303,3.7551428988289897,0.10213352739810944,True,3.497206807126326e-06,0.00871614815769086
30,103,decoupled_native_direct,32,10,96,0.0073325350646316935,0.00700699394687702,9.403868491675805,-0.32728201150894165,True,5.620260842302761e-07,0.008684620911925525
30,103,decoupled_native_direct,32,11,96,0.0065656861020516235,0.008915273634299203,11.57882502603979,0.00582893006503582,True,3.4242679398163203e-07,0.008605473357959846
30,103,same_stage1_state_direct,26,0,52,0.009362869515595989,0.006442070436362476,12.648429426698986,-0.11643794178962708,True,1.6395782837821602e-07,0.008669737167987088
30,103,same_stage1_state_direct,26,1,52,0.007443630645859837,0.006014450115241754,33.606455864115944,0.05248314514756203,True,6.911924669686366e-08,0.008708421269036277
30,103,same_stage1_state_direct,26,2,52,0.008309409027976665,0.007021809255222874,2.4735513317335687,-0.15725722908973694,True,5.99380731499699e-06,0.008682743964469587
30,103,same_stage1_state_direct,26,3,52,0.006927555742254046,0.008867218730401498,5.591776275137869,-0.03548611328005791,True,1.95295532672671e-06,0.008558241640934628
30,103,same_stage1_state_direct,26,4,52,0.009241501007038974,0.013296243673380712,27.265358538478612,-0.4275864362716675,True,8.60327542790906e-08,0.00885294493975777
30,103,same_stage1_state_direct,26,5,52,0.006589392068126582,0.0076516219107869606,34.37580233568942,-0.22159205377101898,True,2.8293360385262718e-08,0.008761183462558692
30,103,same_stage1_state_direct,26,6,52,0.005833558418092829,0.006288337435808148,4.887649037165027,-0.2874966263771057,True,3.1316779959823553e-06,0.008700566325071105
30,103,same_stage1_state_direct,26,7,52,0.005955558781494862,0.007105145678768883,56.74958557428444,0.2588288187980652,True,1.4163112164452244e-08,0.008717124146611906
30,103,same_stage1_state_direct,26,8,52,0.006219688030061692,0.005398041874614199,8.68579243913099,0.03253338113427162,True,7.784718302046477e-07,0.008718786407168447
30,103,same_stage1_state_direct,26,9,52,0.007125786442283556,0.00944943524738905,4.714533226280065,0.08854205906391144,True,3.362009731939398e-06,0.008567288364622366
30,103,same_stage1_state_direct,26,10,52,0.006622284322965366,0.0055306097855692985,7.3634978303627205,0.010458268225193024,True,8.487609919000965e-07,0.008818004434347031
30,103,same_stage1_state_direct,26,11,52,0.008722248264742551,0.007938430784446771,8.939152236207901,0.08020373433828354,True,6.391911380901098e-07,0.008658707959016297
30,103,same_stage1_state_direct,29,0,58,0.006988149004246383,0.006303057248689871,6.421153747432088,0.22197818756103516,True,2.2585669598111894e-06,0.008587626995398313
30,103,same_stage1_state_direct,29,1,58,0.006284628654346082,0.0075466846966962785,3.5802942124193433,0.18283236026763916,True,3.428168055538068e-06,0.008742420515414184
30,103,same_stage1_state_direct,29,2,58,0.006337738151596631,0.0056701229802251915,3.8962708531539563,0.06987729668617249,True,2.864946269951435e-06,0.008668397728966734
30,103,same_stage1_state_direct,29,3,58,0.006376961635351767,0.008898196713127393,20.834359404188334,-0.20987127721309662,True,1.3880928060111254e-07,0.008641084885238433
30,103,same_stage1_state_direct,29,4,58,0.00747978130627302,0.005598339042959557,4.964543133095195,-0.30178847908973694,True,2.3860071174412893e-06,0.0085051225253933
30,103,same_stage1_state_direct,29,5,58,0.010684153288088754,0.014081878200197427,12.58345534347697,0.014008992351591587,True,2.200204555192999e-07,0.008889659453958094
30,103,same_stage1_state_direct,29,6,58,0.0072369979926934155,0.007562542243044798,11.062082102758529,0.09830527007579803,True,4.891727044800944e-07,0.008723631250802976
30,103,same_stage1_state_direct,29,7,58,0.00861729058557241,0.007259197685620429,8.299238356156735,0.1593678742647171,True,1.1728747889022036e-06,0.008707542361090025
30,103,same_stage1_state_direct,29,8,58,0.0066737308363821815,0.006941947664091226,15.624785295860635,0.004254437051713467,True,1.9650555920665795e-07,0.00877509267732365
30,103,same_stage1_state_direct,29,9,58,0.006464360213080904,0.0058063804155161795,8.186800611215965,-0.06097223982214928,True,4.920432870141411e-07,0.008736060577951149
30,103,same_stage1_state_direct,29,10,58,0.008969035065855648,0.006655825418727636,7.985704576876349,0.39200571179389954,True,7.689356126534947e-07,0.008744934353937986
30,103,same_stage1_state_direct,29,11,58,0.006503979830228853,0.007436601115277704,15.543445072044372,-0.33486589789390564,True,3.688978188981236e-07,0.008649559349105449
30,103,same_stage1_state_direct,32,0,64,0.007294920026926451,0.008197745042972798,9.495977401733398,-0.12768682837486267,True,7.256041083273487e-07,0.008717440980601631
30,103,same_stage1_state_direct,32,1,64,0.008051924102181196,0.009836037015727198,10.659440040588379,0.27663880586624146,True,3.4569049423181377e-07,0.008570322565067288
30,103,same_stage1_state_direct,32,2,64,0.005920276200809406,0.0069811797746333875,3.6123907566070557,0.1410958170890808,True,3.0020646629724963e-06,0.00869422445319616
30,103,same_stage1_state_direct,32,3,64,0.006538394059760345,0.007630238994839562,4.685253143310547,-0.005884836427867413,True,2.5859017294643197e-06,0.008530418487968238
30,103,same_stage1_state_direct,32,4,64,0.007487651971442984,0.007834335137934398,46.27546310424805,-0.11966706812381744,True,2.99457886000884e-08,0.00856151854014847
30,103,same_stage1_state_direct,32,5,64,0.008325112673488982,0.007439832194460415,5.9180731773376465,0.22388949990272522,True,8.209695483341522e-07,0.008547923268929503
30,103,same_stage1_state_direct,32,6,64,0.007082342413285632,0.007245681896866003,8.231746673583984,-0.056947801262140274,True,7.603671117071759e-07,0.008648515992692578
30,103,same_stage1_state_direct,32,7,64,0.007630722828792601,0.008404899027370084,6.905562400817871,-0.1306970715522766,True,1.1179304571953014e-06,0.008569707023543661
30,103,same_stage1_state_direct,32,8,64,0.006761418335137923,0.006846398535825385,59.82410430908203,0.13661128282546997,True,1.813636186184367e-08,0.008566474468305012
30,103,same_stage1_state_direct,32,9,64,0.00815566339761894,0.008495217704395546,6.141336917877197,0.05639108642935753,True,1.694982246808611e-06,0.00873727924175988
30,103,same_stage1_state_direct,32,10,64,0.006488931387450215,0.007079655762943743,6.573434829711914,0.005112071055918932,True,1.2036991002211388e-06,0.008455012794627322
30,103,same_stage1_state_direct,32,11,64,0.006495199982127381,0.006653499905400674,23.861106872558594,-0.033624641597270966,True,1.1573452067941975e-07,0.008719969817892779
30,104,learned_projector,26,0,52,0.11528255187631911,0.11528255187631911,1.7204858634103806,0.38830050826072693,True,0.00010260478704119647,0.9477797868703706
30,104,learned_projector,26,1,52,0.503483177104615,0.503483177104615,3.2955479177762954,-0.11065185815095901,True,8.872266926698995e-05,0.9566027907824489
30,104,learned_projector,26,2,52,0.4849571552251748,0.4849571552251748,0.8214509191073723,-0.01246687863022089,True,0.0009872658297074694,0.9438311882242243
30,104,learned_projector,26,3,52,0.5927102271703675,0.5927102271703675,1.3286869527625413,0.591552197933197,True,0.00076134112165399,0.9563634341240157
30,104,learned_projector,26,4,52,0.3630410554379206,0.3630410554379206,1.3691863897347885,0.16310064494609833,True,0.0002784109380309404,0.955186612696568
30,104,learned_projector,26,5,52,0.5611755063233568,0.5611755063233568,1.2679925491488715,0.05102198198437691,True,0.00019261304034090052,0.9402150941370957
30,104,learned_projector,26,6,52,0.2183075441902445,0.2183075441902445,0.9137808460137606,0.07536092400550842,True,0.0007521394536618999,0.9564675109470997
30,104,learned_projector,26,7,52,0.8164766239865001,0.8164766239865001,0.5756398673050863,-0.01578834466636181,True,0.0016647670239469821,0.9626849435365171
30,104,learned_projector,26,8,52,0.5186274668425095,0.5186274668425095,1.4719011148957362,0.8235860466957092,True,0.0004422547013932227,0.9419368236403873
30,104,learned_projector,26,9,52,0.8301231537443768,0.8301231537443768,26.611059711210427,-0.6329278945922852,True,5.742335503644434e-06,0.957948659760648
30,104,learned_projector,26,10,52,0.4160642926541019,0.4160642926541019,1.3507421596154754,-0.36218807101249695,True,0.000303652179305871,0.9635461532788482
30,104,learned_projector,26,11,52,0.997464732134952,0.997464732134952,4.875890880139215,-0.4153883755207062,True,0.0002191290760819678,0.9536193476574746
30,104,learned_projector,29,0,58,0.49234917388247557,0.49234917388247557,1.6052447338311855,0.55848628282547,True,0.00022766228251844465,0.9408687657294732
30,104,learned_projector,29,1,58,0.8348611463014303,0.8348611463014303,3.5793122091630356,0.624699056148529,True,0.0004224307379883965,0.9544522573552496
30,104,learned_projector,29,2,58,0.6469642243070636,0.6469642243070636,1.192275799270663,-0.0195807795971632,True,0.001813288072948302,0.9625422510277342
30,104,learned_projector,29,3,58,0.7333372342678446,0.7333372342678446,0.9435154155990695,0.5178545117378235,True,0.0011402460915613498,0.9530180873140731
30,104,learned_projector,29,4,58,0.6150223513871681,0.6150223513871681,6.367892154852159,0.18229515850543976,True,0.00018288673887095815,0.9504971888047103
30,104,learned_projector,29,5,58,1.4337550484061532,1.4337550484061532,4.429312539100076,-0.6642999649047852,True,0.0004062502069108217,0.9506019560474166
30,104,learned_projector,29,6,58,0.5606272835430058,0.5606272835430058,0.2001708356264277,0.47886690497398376,True,0.003167658106235364,0.9635589080242939
30,104,learned_projector,29,7,58,1.0033338061597743,1.0033338061597743,1.457949254327957,0.41262173652648926,True,0.00043684024856910353,0.944704546250725
30,104,learned_projector,29,8,58,0.9793823399906901,0.9793823399906901,0.9717476335471937,0.20700061321258545,True,0.0015386228005065284,0.9527668732928327
30,104,learned_projector,29,9,58,0.4251808918115861,0.4251808918115861,0.5987543835729644,0.3487599194049835,True,0.002766581602746124,0.943109973177971
30,104,learned_projector,29,10,58,1.1229755716187981,1.1229755716187981,3.640863852696047,0.6322649121284485,True,0.00012748052963979458,0.9581527581486817
30,104,learned_projector,29,11,58,0.8071854356006172,0.8071854356006172,7.479901522441581,-0.19588766992092133,True,7.928505795255772e-06,0.9546447374120337
30,104,learned_projector,32,0,64,1.6277292706870454,1.6277292706870454,1.2772936820983887,0.552833080291748,True,7.889992157063174e-05,0.9503901103453923
30,104,learned_projector,32,1,64,0.2846153516754819,0.2846153516754819,5.304380893707275,-0.35976338386535645,True,2.3154799925775374e-05,0.9416116174900245
30,104,learned_projector,32,2,64,0.2528141160397296,0.2528141160397296,1.106128215789795,0.37192052602767944,True,0.00012165427940158355,0.9473546896645458
30,104,learned_projector,32,3,64,0.7469503327940187,0.7469503327940187,1.5714412927627563,0.08880414068698883,True,0.0014286081358244412,0.9647756730873805
30,104,learned_projector,32,4,64,0.27527839257388287,0.27527839257388287,0.9438886046409607,-0.04572678729891777,True,0.0011928714994124134,0.9494517491713143
30,104,learned_projector,32,5,64,0.3146303477101174,0.3146303477101174,3.1271915435791016,0.09785553067922592,True,6.370996443856145e-05,0.9597134642988242
30,104,learned_projector,32,6,64,1.0140589147046002,1.0140589147046002,0.4662379324436188,0.32044723629951477,True,0.00274312082046851,0.9563205123667996
30,104,learned_projector,32,7,64,1.382905991129839,1.382905991129839,1.9350823163986206,-0.8681273460388184,True,0.003641635258363732,0.9460355507575257
30,104,learned_projector,32,8,64,0.3510015823679714,0.3510015823679714,0.6509193181991577,-0.6677922606468201,True,0.0002650271699034284,0.9599818177961023
30,104,learned_projector,32,9,64,1.1974503678402748,1.1974503678402748,2.3069612979888916,0.813481867313385,True,0.0014530199671021558,0.9597134224648693
30,104,learned_projector,32,10,64,0.887543450064867,0.887543450064867,0.903425931930542,-0.669585645198822,True,0.0011219331221213366,0.9533466435264047
30,104,learned_projector,32,11,64,0.5761960975289652,0.5761960975289652,1.1625072956085205,-0.7300426959991455,True,0.0005176118094355165,0.9593669090753617
30,104,ordinary_native_direct,26,0,52,0.007300293144532377,0.006082821649439741,7.168325754618164,-0.06846548616886139,True,1.4135140130228724e-06,0.008662995018529483
30,104,ordinary_native_direct,26,1,52,0.007745301590731241,0.006804433654827406,5.660190159851065,0.07006638497114182,True,2.1175976737091955e-06,0.008723635954985261
30,104,ordinary_native_direct,26,2,52,0.0075883501019186695,0.008514944847074542,15.761728291090177,-0.11680743098258972,True,3.261781744937997e-07,0.008649704011091545
30,104,ordinary_native_direct,26,3,52,0.0077202309247045185,0.008479021062202831,9.68040439890808,0.2140728086233139,True,1.1458100136157691e-06,0.008449611943602896
30,104,ordinary_native_direct,26,4,52,0.007085480435217261,0.00781741327807834,6.427602066245102,0.08996345102787018,True,1.2244868450928119e-06,0.008567658013020663
30,104,ordinary_native_direct,26,5,52,0.006878220665742163,0.00797251413147167,4.412615419996566,-0.09742642939090729,True,3.0207515664830174e-06,0.008714022618237078
30,104,ordinary_native_direct,26,6,52,0.007590696620708736,0.008989818304191766,37.11765410556167,-0.10841101408004761,True,5.5967463772340715e-08,0.008432549272346442
30,104,ordinary_native_direct,26,7,52,0.006382706635979135,0.010122507005095115,15.10049528816651,-0.21793237328529358,True,3.292894285701219e-07,0.008520754432621713
30,104,ordinary_native_direct,26,8,52,0.008286995717368646,0.006996670237985299,10.87406655784522,0.008982955478131771,True,7.240297211152819e-07,0.008657699051291875
30,104,ordinary_native_direct,26,9,52,0.006628111193187254,0.007662588086181825,4.577595424160942,-0.17346203327178955,True,3.3919777481367086e-06,0.008664106285717954
30,104,ordinary_native_direct,26,10,52,0.007165179589588897,0.007104094382020846,15.760291518044687,-0.23395049571990967,True,3.3393157134819826e-07,0.008535880717145526
30,104,ordinary_native_direct,26,11,52,0.009266454172297893,0.00833050623603598,3.75963090150287,-0.008119412697851658,True,4.4225081350984565e-06,0.00869147772808651
30,104,ordinary_native_direct,29,0,58,0.0076327420018809,0.00653829819723106,5.661650239386765,-0.00016543282254133373,True,2.4305910571801124e-06,0.008774611231485135
30,104,ordinary_native_direct,29,1,58,0.009448779320892648,0.00941737311020407,16.99006585065375,-0.23467491567134857,True,2.2485019279814487e-07,0.008806185721532491
30,104,ordinary_native_direct,29,2,58,0.007788274167615406,0.00707452567013816,9.611015386427662,0.20828507840633392,True,5.154642492547206e-07,0.008747492255823861
30,104,ordinary_native_direct,29,3,58,0.007456271107616246,0.006335451258274222,15.915387132738434,0.21753035485744476,True,2.178852671774174e-07,0.008740849107272047
30,104,ordinary_native_direct,29,4,58,0.008535618451557366,0.007464868766690435,6.164977874238431,0.30058079957962036,True,1.458619336444146e-06,0.008605178331714201
30,104,ordinary_native_direct,29,5,58,0.008713846319581471,0.007312947818383127,11.559589345955875,-0.21199245750904083,True,4.000152248270314e-07,0.00866462863772153
30,104,ordinary_native_direct,29,6,58,0.0074838597194045176,0.00758512555928114,10.975965350989117,-0.1608787328004837,True,4.750243607670379e-07,0.008576229327445983
30,104,ordinary_native_direct,29,7,58,0.0075986147235234,0.007841570972890156,6.94150177027117,0.14231379330158234,True,1.9604885470520194e-06,0.008554742405580254
30,104,ordinary_native_direct,29,8,58,0.009653799164309826,0.009928963855002151,11.224735502099373,0.20933330059051514,True,7.552841507404864e-07,0.008558667591452499
30,104,ordinary_native_direct,29,9,58,0.00819952099289331,0.006703385389431974,3.733163894033165,-0.005354010500013828,True,2.65906773952489e-06,0.008616819050822004
30,104,ordinary_native_direct,29,10,58,0.008054164529380153,0.007269158149712675,7.7546119870625,0.2606683075428009,True,1.510864001646868e-06,0.008586358888604635
30,104,ordinary_native_direct,29,11,58,0.0058656968839546466,0.008339260644600747,10.967275836839448,-0.45848485827445984,True,4.117142957210589e-07,0.008407110920736741
30,104,ordinary_native_direct,32,0,64,0.008802142760657076,0.00833356548568365,6.542628288269043,-0.019328292459249496,True,1.5350914765020389e-06,0.00874262411751818
30,104,ordinary_native_direct,32,1,64,0.008384411826512186,0.008741056605579757,13.485282897949219,0.2120554894208908,True,3.3937344785051347e-07,0.008599495084413331
30,104,ordinary_native_direct,32,2,64,0.008540327235933325,0.009864403103658062,124.39940643310547,0.09859903901815414,True,2.8299338532589034e-09,0.008671553198803333
30,104,ordinary_native_direct,32,3,64,0.0073310196763466465,0.006288703424264217,8.675442695617676,0.18277034163475037,True,4.440746672764018e-07,0.008547834370877977
30,104,ordinary_native_direct,32,4,64,0.00883194066270443,0.007983648439704633,6.573170185089111,0.06436144560575485,True,1.5795878033392881e-06,0.008741118133148153
30,104,ordinary_native_direct,32,5,64,0.007782146482666531,0.006434237097557027,4.4526519775390625,0.15773165225982666,True,3.828043510245297e-06,0.008659524883009405
30,104,ordinary_native_direct,32,6,64,0.00924579287917659,0.006863790919743602,6.045270919799805,0.3588012456893921,True,1.9099932513641976e-06,0.008761222771675322
30,104,ordinary_native_direct,32,7,64,0.007572513718278058,0.009091025879400857,8.202794075012207,-0.1333569884300232,True,1.0806054107500964e-06,0.008595773178538872
30,104,ordinary_native_direct,32,8,64,0.009880288873924293,0.0068649146096793085,22.758934020996094,-0.16210947930812836,True,1.4679626468095635e-07,0.008541693252024302
30,104,ordinary_native_direct,32,9,64,0.006727446358239017,0.008224842945087458,15.564962387084961,-0.0028036136645823717,True,2.4276730457119017e-07,0.008524103856331084
30,104,ordinary_native_direct,32,10,64,0.011009393640645869,0.008930770285288409,6.526554107666016,-0.02519572526216507,True,9.055935418293929e-07,0.008662076233605414
30,104,ordinary_native_direct,32,11,64,0.008393599765768539,0.009920382645729765,5.420865058898926,-0.1254749447107315,True,2.096994891319048e-06,0.008707209702021159
30,104,decoupled_native_direct,26,0,78,0.005781369196996499,0.006958706263615228,8.780225640630547,0.22480453550815582,True,1.1036405669368922e-06,0.00865265481234539
30,104,decoupled_native_direct,26,1,78,0.006198394209351997,0.007469083943913467,38.056184263085974,-0.013207906857132912,True,3.469252175302354e-08,0.008678056132638796
30,104,decoupled_native_direct,26,2,78,0.006351935951744883,0.008635127693909268,4.260666599461889,0.522743284702301,True,3.192641471638726e-06,0.00890925456583795
30,104,decoupled_native_direct,26,3,78,0.007253921019482426,0.006543962522362285,15.16619744955449,-0.45522740483283997,True,3.019977425316958e-07,0.0086280226384394
30,104,decoupled_native_direct,26,4,78,0.006756454114543518,0.00617997361009167,3.4627480657514003,-0.07106015831232071,True,4.366418641800991e-06,0.008714205109889007
30,104,decoupled_native_direct,26,5,78,0.006474040044338372,0.00812053189553587,14.10599302072279,0.10417875647544861,True,3.0967810380169186e-07,0.00863865650941095
30,104,decoupled_native_direct,26,6,78,0.008377083307380557,0.005361900527132757,9.938095356212497,0.03912684693932533,True,5.292770426284133e-07,0.008744373571238842
30,104,decoupled_native_direct,26,7,78,0.007355036147644902,0.005865870151948085,18.008712806743144,0.38261088728904724,True,1.9644432018223753e-07,0.008565990604023879
30,104,decoupled_native_direct,26,8,78,0.008936218091513445,0.010756355815493003,8.313243430633916,0.2873733341693878,True,7.455358804057121e-07,0.008721899862859308
30,104,decoupled_native_direct,26,9,78,0.006976332859391476,0.005753434069619697,8.097787538175544,0.09567815065383911,True,6.884667845777546e-07,0.008726718270058043
30,104,decoupled_native_direct,26,10,78,0.0059317595775206875,0.0084210586073393,5.106781328560971,-0.03825603798031807,True,1.3246588078935138e-06,0.008791949223374706
30,104,decoupled_native_direct,26,11,78,0.0067393691966333765,0.005729888455539266,14.085611135695013,-0.16991958022117615,True,3.2468356220944665e-07,0.008778753819619496
30,104,decoupled_native_direct,29,0,87,0.00735477731614607,0.005925011136823331,4.390756104999706,-0.3541213870048523,True,2.453024130826427e-06,0.008825267766160527
30,104,decoupled_native_direct,29,1,87,0.006944524928961551,0.007606051011191836,14.065160756170298,0.41465139389038086,True,2.644867933565038e-07,0.008544779502202312
30,104,decoupled_native_direct,29,2,87,0.007443302917436573,0.008439562393802542,28.87539522719473,-0.09048587083816528,True,5.0179610116329756e-08,0.00848733587990902
30,104,decoupled_native_direct,29,3,87,0.005836836647452001,0.007219624145709689,6.355842058746832,0.5028613805770874,True,1.4042642982526175e-06,0.008736212619867956
30,104,decoupled_native_direct,29,4,87,0.0069899228301846476,0.007325408139642058,12.829963146481662,-0.09841147810220718,True,1.8460621670477045e-07,0.008910329954802388
30,104,decoupled_native_direct,29,5,87,0.006322961708047588,0.006633027285917547,4.589335603783005,0.19850143790245056,True,2.1622359783391114e-06,0.008621893910513748
30,104,decoupled_native_direct,29,6,87,0.006858155763690174,0.006950040160630329,9.568684533208518,0.0745457336306572,True,4.034628968540466e-07,0.008489871501755435
30,104,decoupled_native_direct,29,7,87,0.007660253543025833,0.005953743034647488,23.13306914117121,0.254924476146698,True,1.0123966532632075e-07,0.00872524624777625
30,104,decoupled_native_direct,29,8,87,0.00585027266719076,0.006136570416500102,4.275088403577831,0.05135119706392288,True,1.8804164334664363e-06,0.008406943008962596
30,104,decoupled_native_direct,29,9,87,0.006552156625308258,0.006564983554136945,8.39491303667045,-0.26862168312072754,True,5.357956787483241e-07,0.008664691140637969
30,104,decoupled_native_direct,29,10,87,0.006942367472627297,0.007779949426901235,8.076592819827685,0.19476501643657684,True,7.007269827017436e-07,0.008720184142432186
30,104,decoupled_native_direct,29,11,87,0.005346702258568192,0.006459061765936173,16.911066924448537,0.44185101985931396,True,2.2385846094763012e-07,0.008712849460311468
30,104,decoupled_native_direct,32,0,96,0.007931904854823854,0.007435088042303899,3.299512428199405,-0.2853531539440155,True,3.604597080490169e-06,0.00872352212178093
30,104,decoupled_native_direct,32,1,96,0.006449186377050232,0.006471948721459009,7.271929681933929,-0.1111103966832161,True,8.172742958970511e-07,0.008590386937274095
30,104,decoupled_native_direct,32,2,96,0.0065169178400366875,0.006398428098830324,10.802658194616143,0.15529057383537292,True,2.5574955076211033e-07,0.008516695759947672
30,104,decoupled_native_direct,32,3,96,0.007080917378767668,0.0069656872940266025,4.701481448175349,-0.23075485229492188,True,1.9453684465645434e-06,0.008638546159595924
30,104,decoupled_native_direct,32,4,96,0.006046858650682392,0.007144876957488344,4.737081155716952,-0.04889975115656853,True,1.6409228775576913e-06,0.008840982214598244
30,104,decoupled_native_direct,32,5,96,0.006865317404922412,0.007276532546968538,7.017200433878823,-0.18792447447776794,True,9.402107984499114e-07,0.008692461132972727
30,104,decoupled_native_direct,32,6,96,0.0065393794083491085,0.006800165804181496,3.800316376381071,0.10909271240234375,True,3.1067507951420593e-06,0.008759164536398256
30,104,decoupled_native_direct,32,7,96,0.007982051702340986,0.006860655116254779,5.5742503054224875,-0.026728039607405663,True,8.672545758361268e-07,0.008679411688205399
30,104,decoupled_native_direct,32,8,96,0.005758503107381666,0.006403974561662235,3.2179995048779895,-0.2634872496128082,True,3.923854575640453e-06,0.008531893117624085
30,104,decoupled_native_direct,32,9,96,0.005127317982481164,0.007137964116174369,7.007578386215589,0.005635835696011782,True,8.141792338329362e-07,0.008764662425673987
30,104,decoupled_native_direct,32,10,96,0.00671361901454552,0.006323552801175523,4.793298146337239,0.1559782773256302,True,3.095498705608463e-06,0.008618028059739347
30,104,decoupled_native_direct,32,11,96,0.007023991265692198,0.006129541198398155,4.567081913602074,-0.3242686688899994,True,1.9434900585530272e-06,0.008611338779274004
30,104,same_stage1_state_direct,26,0,52,0.006078066996592171,0.005431273819486926,48.047912455173474,-0.21438820660114288,True,2.5995701737155894e-08,0.0086023853648629
30,104,same_stage1_state_direct,26,1,52,0.0058421514551886536,0.007969601567773307,8.538586682367919,0.18897399306297302,True,1.0264248062845849e-06,0.008698377629667738
30,104,same_stage1_state_direct,26,2,52,0.008814690576252596,0.008655611943595005,16.01738290461456,-0.47651368379592896,True,2.0684093621968008e-07,0.008759897853312323
30,104,same_stage1_state_direct,26,3,52,0.007399112863713066,0.0065593580402332355,4.77414661158797,0.06966231763362885,True,2.8130976769927114e-06,0.008626388853776925
30,104,same_stage1_state_direct,26,4,52,0.009903016021199867,0.00655077843211069,5.5534023735473514,0.3233223855495453,True,2.6611595529603247e-06,0.008523349010378897
30,104,same_stage1_state_direct,26,5,52,0.008001341368226063,0.009181463733479264,5.848981397423788,0.0325021855533123,True,2.586298146762613e-06,0.008738735018585825
30,104,same_stage1_state_direct,26,6,52,0.008454038028829616,0.0066482087232795865,13.407053000764332,0.2666124701499939,True,3.9378049398586753e-07,0.008655236448069823
30,104,same_stage1_state_direct,26,7,52,0.006821868581480587,0.00956878151198365,5.773861337490534,0.4939841628074646,True,2.1856074896821934e-06,0.008608031780065946
30,104,same_stage1_state_direct,26,8,52,0.008701170801085876,0.009081916675324793,7.402973645890556,0.056099291890859604,True,1.677235763895061e-06,0.00860485232803836
30,104,same_stage1_state_direct,26,9,52,0.007986570045640108,0.005194838702775889,10.823443055134906,0.24095748364925385,True,7.132719989322462e-07,0.00869379346259462
30,104,same_stage1_state_direct,26,10,52,0.008078788366064939,0.005615551831393237,4.343066029634569,-0.1307876855134964,True,3.2443458183955644e-06,0.008643824404025155
30,104,same_stage1_state_direct,26,11,52,0.0059265212113589665,0.006827636126968051,9.192844247376332,0.08030172437429428,True,7.642976156746675e-07,0.008700253082168279
30,104,same_stage1_state_direct,29,0,58,0.008898675335460703,0.009484943326795009,3.923113527728755,-0.06269343197345734,True,2.472284122197586e-06,0.008775146453022721
30,104,same_stage1_state_direct,29,1,58,0.006321845885343162,0.0073432520693985925,3.9644623514003636,0.16074971854686737,True,3.0218610451041616e-06,0.008580996064056025
30,104,same_stage1_state_direct,29,2,58,0.0073807799683685395,0.008198981263597197,9.473773356226829,-0.007566149812191725,True,5.503595059568014e-07,0.008595026261067158
30,104,same_stage1_state_direct,29,3,58,0.005778965986186745,0.0073166766583317114,8.388642477153969,0.05660237744450569,True,6.303145537895647e-07,0.008722040687702194
30,104,same_stage1_state_direct,29,4,58,0.008422813488371362,0.0054002749481293,12.856836434651198,-0.04933507367968559,True,3.4275360813517305e-07,0.008603160923678185
30,104,same_stage1_state_direct,29,5,58,0.0102249137317507,0.007814574894873466,6.718255188621974,0.1910291165113449,True,1.2350980381720158e-06,0.008677489979802272
30,104,same_stage1_state_direct,29,6,58,0.007691014548360829,0.007562903501134228,6.882595099038558,0.07498273253440857,True,1.6398223706445794e-06,0.008597415913859329
30,104,same_stage1_state_direct,29,7,58,0.006569255532364992,0.0073591044050683296,4.3153140075504535,0.09826699644327164,True,3.4900645597995124e-06,0.00874267104737505
30,104,same_stage1_state_direct,29,8,58,0.010471478631787186,0.007006370779515557,4.945923890532857,-0.09436028450727463,True,1.6697233161541123e-06,0.008568968849370421
30,104,same_stage1_state_direct,29,9,58,0.008685074937051151,0.008177318001256982,10.242512854092633,-0.15525473654270172,True,7.964521131540663e-07,0.0086487028119995
30,104,same_stage1_state_direct,29,10,58,0.00716777251736216,0.006697433820924657,3.4574060594510425,-0.3890933692455292,True,4.9830117147735345e-06,0.00867824270487246
30,104,same_stage1_state_direct,29,11,58,0.008543409243095991,0.008318781339310384,4.142296604447171,0.09154032915830612,True,2.9715013949926295e-06,0.008688394319267366
30,104,same_stage1_state_direct,32,0,64,0.0063377794721289045,0.008563407366141982,6.748785495758057,-0.21327349543571472,True,7.752133135436501e-07,0.008666734300973164
30,104,same_stage1_state_direct,32,1,64,0.008196817744413241,0.008815292134633857,18.519062042236328,0.0822056382894516,True,1.754883182182762e-07,0.00858441248822131
30,104,same_stage1_state_direct,32,2,64,0.00694281838759056,0.00553132789080525,8.097208023071289,-0.1416824907064438,True,1.388954067048929e-06,0.008652007127437234
30,104,same_stage1_state_direct,32,3,64,0.0075092741441383955,0.007559755015829657,10.891823768615723,-0.07862641662359238,True,7.528814441775244e-07,0.008579249965619049
30,104,same_stage1_state_direct,32,4,64,0.00902703225074798,0.007554303724431371,4.944600582122803,0.3260597884654999,True,1.4120684431577512e-06,0.008415373936444301
30,104,same_stage1_state_direct,32,5,64,0.007351822355672837,0.009027945689911056,6.736706256866455,0.3324797451496124,True,1.4465928266163256e-06,0.00865381475788412
30,104,same_stage1_state_direct,32,6,64,0.0068131873722743095,0.005345756782799629,13.477007865905762,0.21536056697368622,True,2.8940187144641394e-07,0.008655400669751014
30,104,same_stage1_state_direct,32,7,64,0.009152515102124708,0.00906142926329626,15.622379302978516,0.4158187508583069,True,3.6120079491313937e-07,0.008502426295232433
30,104,same_stage1_state_direct,32,8,64,0.005992063257320088,0.008354658771346493,18.654186248779297,0.3988323509693146,True,1.5785881348848996e-07,0.008623973873678763
30,104,same_stage1_state_direct,32,9,64,0.005737309841924405,0.007009833389961368,13.864862442016602,0.2920517325401306,True,4.805911784862025e-07,0.008850858232004506
30,104,same_stage1_state_direct,32,10,64,0.008024985376715416,0.0068815722692083395,6.955742359161377,0.06677612662315369,True,1.422378142478287e-06,0.008715543297708246
30,104,same_stage1_state_direct,32,11,64,0.008253425847408406,0.007399137205597704,14.042159080505371,0.34458670020103455,True,3.496986999733331e-07,0.008577949296420197
30,105,learned_projector,26,0,52,0.440716505079346,0.440716505079346,2.085611897133827,-0.49210619926452637,True,0.0004658821533183214,0.9483198793359414
30,105,learned_projector,26,1,52,0.4242075979025614,0.4242075979025614,0.7763776532146769,-0.5815715193748474,True,0.00010650508899927445,0.9417543114404786
30,105,learned_projector,26,2,52,1.168740728552084,1.168740728552084,7.190794642075506,0.9134508371353149,True,0.00013998587690179293,0.949924056759177
30,105,learned_projector,26,3,52,0.4047428043933272,0.4047428043933272,0.7635086553203454,-0.05144036188721657,True,0.0003895370345355925,0.9539462779160162
30,105,learned_projector,26,4,52,0.500269339089973,0.500269339089973,0.5447818797199981,-0.012600500136613846,True,0.005083359910378949,0.9463332710019077
30,105,learned_projector,26,5,52,0.9229790834440291,0.9229790834440291,0.6397173794677876,-0.04188099130988121,True,0.00757437524855654,0.9519934694041559
30,105,learned_projector,26,6,52,0.4399718095298067,0.4399718095298067,0.4781820135523163,-0.21588630974292755,True,0.004030970158563317,0.949557323626155
30,105,learned_projector,26,7,52,1.2222746991037992,1.2222746991037992,1.7282862820194649,-0.06781738996505737,True,0.0005922186251914762,0.9570941662376151
30,105,learned_projector,26,8,52,0.6883888166241773,0.6883888166241773,2.255505680983878,0.5988116264343262,True,0.0002537472830741401,0.9593550293715576
30,105,learned_projector,26,9,52,0.5624333757061516,0.5624333757061516,1.4473438545406274,0.33460983633995056,True,0.002138953840979948,0.9491747586474811
30,105,learned_projector,26,10,52,0.8215967055705725,0.8215967055705725,2.72837223600917,0.6861164569854736,True,0.00043966343503956516,0.9455464867296727
30,105,learned_projector,26,11,52,0.40711151701404097,0.40711151701404097,0.321025538830024,-0.6238147020339966,True,0.002396472473299569,0.9486195040026796
30,105,learned_projector,29,0,58,0.09183368128574017,0.09183368128574017,1.5173957643820362,0.24619120359420776,True,6.815031325103578e-05,0.9499074353734831
30,105,learned_projector,29,1,58,0.8078213421731669,0.8078213421731669,0.34780205518073587,0.10624393820762634,True,0.003846192998257922,0.9499846568309046
30,105,learned_projector,29,2,58,0.5606744810947304,0.5606744810947304,1.115514124939273,-0.5771363377571106,True,0.00015886042829661254,0.9417597774829192
30,105,learned_projector,29,3,58,0.6043362145232907,0.6043362145232907,0.5579663736712328,0.5371443033218384,True,0.0036340434812078986,0.9450848038465572
30,105,learned_projector,29,4,58,0.4202909695885065,0.4202909695885065,0.46780778064910006,0.777258038520813,True,0.0003836085953168425,0.94065363465079
30,105,learned_projector,29,5,58,0.7561394974054683,0.7561394974054683,0.6003189268889944,0.12194721400737762,True,0.005102532834737738,0.9583805498922284
30,105,learned_projector,29,6,58,0.8311405134518574,0.8311405134518574,3.9685043178766573,0.9266958236694336,True,0.0001251920410804443,0.9481338598731364
30,105,learned_projector,29,7,58,0.31452832393797364,0.31452832393797364,1.5265856719278024,0.542180061340332,True,0.0004262436701060777,0.9493131055176824
30,105,learned_projector,29,8,58,1.0332231588059386,1.0332231588059386,0.8782309199787208,-0.6761807203292847,True,0.0015194970857780401,0.9578305570237308
30,105,learned_projector,29,9,58,0.7710044837665068,0.7710044837665068,0.7661123699245006,0.4618579149246216,True,0.0010144186723789628,0.9590776632819985
30,105,learned_projector,29,10,58,0.15388135116192236,0.15388135116192236,1.3131716451989413,0.11490581184625626,True,0.0003399029033688251,0.9492400045259356
30,105,learned_projector,29,11,58,0.31444752491588623,0.31444752491588623,2.0114558530729254,0.48675328493118286,True,0.0004893207567785209,0.9462015412099155
30,105,learned_projector,32,0,64,1.2075240474118216,1.2075240474118216,1.5941932201385498,-0.660162091255188,True,0.0029415394068888125,0.9545787685575652
30,105,learned_projector,32,1,64,0.5369035168497788,0.5369035168497788,1.5124872922897339,-0.08393830060958862,True,0.0007551005493395553,0.9509925995387342
30,105,learned_projector,32,2,64,0.6487027231322215,0.6487027231322215,1.9983266592025757,0.405849426984787,True,0.00019387837081843027,0.9524647173775662
30,105,learned_projector,32,3,64,1.2114206514861765,1.2114206514861765,24.62938690185547,-0.2879345118999481,True,1.553021757953558e-05,0.9546032515278313
30,105,learned_projector,32,4,64,0.530364080189111,0.530364080189111,1.4668972492218018,0.002165611367672682,True,0.0012152182522924475,0.9503528550674677
30,105,learned_projector,32,5,64,0.08432540614312833,0.08432540614312833,0.7205086946487427,-0.7022082805633545,True,0.0006524370748773328,0.9448414658157132
30,105,learned_projector,32,6,64,1.1931570961929814,1.1931570961929814,1.3488813638687134,-0.42544835805892944,True,0.0023209979750369,0.9471000928061221
30,105,learned_projector,32,7,64,0.3604089660938768,0.3604089660938768,0.936620831489563,0.815101683139801,True,0.00042419902763354757,0.9446020396436364
30,105,learned_projector,32,8,64,0.6676186035723914,0.6676186035723914,0.5015426874160767,-0.25055167078971863,True,0.003578644847035383,0.9598321124787216
30,105,learned_projector,32,9,64,0.47688100736546063,0.47688100736546063,0.4417010545730591,0.04155464842915535,True,0.0029092223402420033,0.9517078745188817
30,105,learned_projector,32,10,64,0.5494651610316065,0.5494651610316065,0.8323246836662292,0.4101846218109131,True,0.0010028605476978512,0.9562547720351933
30,105,learned_projector,32,11,64,0.14992067433614664,0.14992067433614664,3.635643243789673,0.1150125041604042,True,4.120337278107843e-05,0.9420770958633593
30,105,ordinary_native_direct,26,0,52,0.009737023985450465,0.00826196605380386,6.813259248226469,-0.16108469665050507,True,1.3051328929612726e-06,0.008524244003730004
30,105,ordinary_native_direct,26,1,52,0.006213802505486221,0.006603120702466012,4.909344521753258,-0.24794287979602814,True,2.246528978532505e-06,0.008653930863371396
30,105,ordinary_native_direct,26,2,52,0.008802024003335122,0.008899748204429894,3.8713921126177664,0.04531390219926834,True,2.6744771388303047e-06,0.008796164717938777
30,105,ordinary_native_direct,26,3,52,0.008248071177891225,0.008328894485974927,17.16235030698419,0.27525463700294495,True,2.187114817278873e-07,0.008848767238192593
30,105,ordinary_native_direct,26,4,52,0.008877465853993315,0.011801807440142616,25.252998129264075,-0.032634466886520386,True,1.1642193422821463e-07,0.00881346307883702
30,105,ordinary_native_direct,26,5,52,0.008696497097898402,0.006156924127062884,6.351906450688324,0.12345713376998901,True,2.1301695374196056e-06,0.008563097958924612
30,105,ordinary_native_direct,26,6,52,0.00660899379261185,0.009069582173768192,14.581389610033638,0.29183265566825867,True,2.677767896394844e-07,0.008736683344583648
30,105,ordinary_native_direct,26,7,52,0.007778662303095515,0.006635013577984969,4.5484330575634715,-0.11519450694322586,True,1.6628202119693925e-06,0.008675656066346698
30,105,ordinary_native_direct,26,8,52,0.006881886979517919,0.00904773233106255,16.71179393841711,0.27816641330718994,True,4.0657230502058106e-07,0.008650071098557666
30,105,ordinary_native_direct,26,9,52,0.007837926968150954,0.0070509074583739945,95.49606209442105,-0.07711164653301239,True,5.8631792655495175e-09,0.009000174688126332
30,105,ordinary_native_direct,26,10,52,0.007525998316956243,0.00752258819029104,8.25588677357451,0.2254813313484192,True,9.024380404762268e-07,0.008605837952624571
30,105,ordinary_native_direct,26,11,52,0.007382047407528121,0.007456520115301444,6.166994394537758,0.3067927956581116,True,2.0118339541122616e-06,0.008612888943950533
30,105,ordinary_native_direct,29,0,58,0.00876399288462534,0.008416334412096165,11.583105331101056,-0.0901922658085823,True,3.6762532527192436e-07,0.00853375248585282
30,105,ordinary_native_direct,29,1,58,0.00661198488185384,0.0070543623423704365,10.375057497638197,0.09236302226781845,True,5.059047776896658e-07,0.008645408752347135
30,105,ordinary_native_direct,29,2,58,0.0084042441616532,0.0063295833873748914,28.138610322242055,-0.30065426230430603,True,7.368443755429951e-08,0.008672434882742972
30,105,ordinary_native_direct,29,3,58,0.0061662225950733845,0.00828220570614281,4.021855320087421,-0.31702372431755066,True,1.8477746457974806e-06,0.008582559233596848
30,105,ordinary_native_direct,29,4,58,0.008175584123946327,0.011367172738826967,6.7630531703772006,-0.19574369490146637,True,1.996524510548357e-06,0.008816015658680896
30,105,ordinary_native_direct,29,5,58,0.009082481585951683,0.007081922535002028,6.5867003121942185,0.304437518119812,True,2.3609742375266584e-06,0.008708431989339616
30,105,ordinary_native_direct,29,6,58,0.006897685205792707,0.00758450911711275,5.305036545767186,-0.30715763568878174,True,2.7627243199727268e-06,0.008880348022017082
30,105,ordinary_native_direct,29,7,58,0.008845732494372352,0.008146505481376473,4.048828477624866,0.4157922565937042,True,4.988341112305385e-06,0.008724086103034562
30,105,ordinary_native_direct,29,8,58,0.008377886734622053,0.007223332469877269,13.818439268299786,0.32953181862831116,True,4.47574526221114e-07,0.008459014716323349
30,105,ordinary_native_direct,29,9,58,0.006922329873538319,0.007454047571546236,13.731606237695116,-0.09705471992492676,True,2.5702669047404265e-07,0.008863985155816862
30,105,ordinary_native_direct,29,10,58,0.007346865384757801,0.0074727206129229975,14.321201894391892,0.11550672352313995,True,3.492737386752598e-07,0.008654000198050692
30,105,ordinary_native_direct,29,11,58,0.008382759360018041,0.008197008149738373,5.705603713368396,-0.17594745755195618,True,2.1676578733810585e-06,0.008503534299100994
30,105,ordinary_native_direct,32,0,64,0.006634640213973634,0.007802665062081447,10.565643310546875,0.2859375476837158,True,4.649027518095687e-07,0.008491132503572665
30,105,ordinary_native_direct,32,1,64,0.00846971912075294,0.0071165643306373705,27.127460479736328,0.04487226530909538,True,1.5189892632353178e-07,0.008746233241804624
30,105,ordinary_native_direct,32,2,64,0.008025118847469176,0.006704107755177327,10.643845558166504,0.27915024757385254,True,6.851615739689535e-07,0.008743040155468331
30,105,ordinary_native_direct,32,3,64,0.008996607223068932,0.008265379326812441,19.118356704711914,-0.2729272246360779,True,1.62517579528577e-07,0.008683979105945408
30,105,ordinary_native_direct,32,4,64,0.007393130460646844,0.007738681395693745,7.479994773864746,-0.007750691380351782,True,9.818577034992476e-07,0.008760355104504916
30,105,ordinary_native_direct,32,5,64,0.008698259316424152,0.009121401242200927,20.640424728393555,0.09004652500152588,True,9.96508495532636e-08,0.00853579126960101
30,105,ordinary_native_direct,32,6,64,0.006078032877641855,0.007988446710231285,17.991500854492188,-0.026729529723525047,True,1.6241579471638948e-07,0.008790984951792334
30,105,ordinary_native_direct,32,7,64,0.00917009647330705,0.006978541174051508,6.4358415603637695,-0.1409834325313568,True,1.2571230182713454e-06,0.008537008599411405
30,105,ordinary_native_direct,32,8,64,0.007848567043536422,0.008777450016991567,5.987508296966553,0.24768497049808502,True,3.364780488674685e-06,0.008716447074571223
30,105,ordinary_native_direct,32,9,64,0.006821385808345133,0.006328856514809487,16.816425323486328,-0.16861747205257416,True,2.4798638143238564e-07,0.008720654053052326
30,105,ordinary_native_direct,32,10,64,0.008393019756453495,0.006597669265939833,12.211820602416992,-0.0444081574678421,True,4.3038533225188646e-07,0.008552961503047605
30,105,ordinary_native_direct,32,11,64,0.007892549356049055,0.008168726969608905,19.715038299560547,0.3229939043521881,True,2.444083032000272e-07,0.00843660531152515
30,105,decoupled_native_direct,26,0,78,0.0065049604098773965,0.006307165332733291,18.68712532709128,-0.08571647852659225,True,1.1608573041852839e-07,0.008647784116638808
30,105,decoupled_native_direct,26,1,78,0.0074026416122265435,0.00543124779697419,8.648599472041823,-0.0021211213897913694,True,6.267434397506918e-07,0.00850533209834306
30,105,decoupled_native_direct,26,2,78,0.006556242308095556,0.008656143484729897,9.614236411856156,-0.36182355880737305,True,3.309880657429133e-07,0.008701275427635206
30,105,decoupled_native_direct,26,3,78,0.00679231550552802,0.006036584831248727,20.809894247054245,-0.16991794109344482,True,1.129080433563306e-07,0.008706493221596086
30,105,decoupled_native_direct,26,4,78,0.00835001707016347,0.00863284003033962,7.754633443188519,0.09554306417703629,True,1.0717925159985086e-06,0.008869928146719244
30,105,decoupled_native_direct,26,5,78,0.006448074357866245,0.007877455565966153,5.19121532167606,0.3032722771167755,True,2.1332624133511107e-06,0.008663331796277792
30,105,decoupled_native_direct,26,6,78,0.006085718629774837,0.007699356075957809,6.8197870233387965,-0.10529006272554398,True,1.4557839197192802e-06,0.00851740937531868
30,105,decoupled_native_direct,26,7,78,0.006144214245612508,0.007858582633971505,7.66589613735554,-0.09351545572280884,True,6.227510016501726e-07,0.008805161355879342
30,105,decoupled_native_direct,26,8,78,0.006724873849545937,0.0063885399418137844,14.474103133195932,-0.3948064148426056,True,2.9000586217480427e-07,0.008826533649627823
30,105,decoupled_native_direct,26,9,78,0.005298652879203943,0.008972807935415219,4.68076589544288,-0.1365070343017578,True,1.8913519068092693e-06,0.008767453876921492
30,105,decoupled_native_direct,26,10,78,0.00786675388870645,0.006941832281687708,23.89410002524279,0.32506805658340454,True,1.8731104421997316e-07,0.00851128587883811
30,105,decoupled_native_direct,26,11,78,0.0048923714582887875,0.004717359926754678,26.30204083611274,0.1628175526857376,True,5.695387379874808e-08,0.008637044394915378
30,105,decoupled_native_direct,29,0,87,0.006065723244242687,0.007064002577126491,3.4320226280348387,-0.18151353299617767,True,3.5425309191842043e-06,0.008510986691446525
30,105,decoupled_native_direct,29,1,87,0.008548229576781785,0.006350778100715948,26.600483539541155,-0.02146008424460888,True,5.8354978691925096e-08,0.008836732667143486
30,105,decoupled_native_direct,29,2,87,0.00854779213576108,0.00792526037880018,11.971937756261509,-0.05604764074087143,True,4.583723970061395e-07,0.008466052606494516
30,105,decoupled_native_direct,29,3,87,0.005563861638774162,0.004968361256801361,17.026313787019113,0.3374800682067871,True,1.3924593527349657e-07,0.008565258904753818
30,105,decoupled_native_direct,29,4,87,0.009045636859923233,0.006161849973914064,11.148266557984096,0.4218895733356476,True,7.055691695690036e-07,0.008696691516340158
30,105,decoupled_native_direct,29,5,87,0.0067168259229729264,0.006890983735986511,9.758822716257315,0.12918595969676971,True,7.205137729405605e-07,0.0086352628242928
30,105,decoupled_native_direct,29,6,87,0.008125358507417262,0.0064652479888742485,4.488466788497416,0.08285311609506607,True,1.250762162147623e-06,0.00873943029437462
30,105,decoupled_native_direct,29,7,87,0.0067087989061884986,0.008677594005972645,9.146137787796235,-0.2384682297706604,True,4.951515636412497e-07,0.008736633154377
30,105,decoupled_native_direct,29,8,87,0.007546963404080838,0.0076539517893665565,4.47333458490359,0.2835227847099304,True,2.534984667244094e-06,0.008721922488821938
30,105,decoupled_native_direct,29,9,87,0.005438733269367823,0.008303973117315348,12.583368756716679,-0.0032212059013545513,True,2.638457587175876e-07,0.008536722823707517
30,105,decoupled_native_direct,29,10,87,0.007598668621382149,0.006967194683679552,2.7170380730916026,0.26437485218048096,True,5.259474134323148e-06,0.008458339816026639
30,105,decoupled_native_direct,29,11,87,0.006593102242585621,0.005466439651622218,25.533818597997136,-0.16790181398391724,True,7.196463993479534e-08,0.008512921417419977
30,105,decoupled_native_direct,32,0,96,0.007213856743266124,0.006089672520931912,4.6880622073883975,0.05866476520895958,True,2.6434632808595745e-06,0.008662958921572627
30,105,decoupled_native_direct,32,1,96,0.005982129590677318,0.0062832577598615266,8.474599985938204,0.44775038957595825,True,6.917752095158224e-07,0.008534004692393385
30,105,decoupled_native_direct,32,2,96,0.010290582178446394,0.006833921212147428,7.2900649485906195,-0.2691659927368164,True,1.3235821520562857e-06,0.008572547195253919
30,105,decoupled_native_direct,32,3,96,0.0057163974239366365,0.0057203038370882775,4.578973010944896,0.09323809295892715,True,3.188980031383187e-06,0.008626778330583475
30,105,decoupled_native_direct,32,4,96,0.007156928638168408,0.007127838722060034,7.7888976890633375,0.1200726330280304,True,9.680692494477014e-07,0.008685819294249239
30,105,decoupled_native_direct,32,5,96,0.006577164184904027,0.006623534699459789,24.16643496659554,0.23093998432159424,True,5.454521961776126e-08,0.00877600755324608
30,105,decoupled_native_direct,32,6,96,0.006369349086194762,0.009485101283960148,9.740565407394424,-0.18711192905902863,True,3.926135703615994e-07,0.008530960445092125
30,105,decoupled_native_direct,32,7,96,0.00769417114319598,0.005976143835745767,6.2992085633634955,0.11077722907066345,True,9.407075845492862e-07,0.008837963742190634
30,105,decoupled_native_direct,32,8,96,0.009238012428926082,0.007264235019501201,6.81036106001521,0.2836589217185974,True,1.5537202500948707e-06,0.008584348747365658
30,105,decoupled_native_direct,32,9,96,0.007665646824174638,0.006473582596956783,7.190056233560472,-0.003188895992934704,True,8.729840784493895e-07,0.008503370374031908
30,105,decoupled_native_direct,32,10,96,0.006908469237631425,0.005938124563729524,31.52964289512875,0.3321009576320648,True,4.4945627480174145e-08,0.008646644672064649
30,105,decoupled_native_direct,32,11,96,0.006477536790064408,0.005870649178896497,5.491123974092799,0.11890485882759094,True,1.6776636819673984e-06,0.008667829998804395
30,105,same_stage1_state_direct,26,0,52,0.006792905075537833,0.006748974035886702,6.090227547236827,0.18276944756507874,True,1.7281401185947572e-06,0.008606462727534025
30,105,same_stage1_state_direct,26,1,52,0.006644861879136846,0.0067552396740376925,14.583522551461995,-0.14014112949371338,True,2.1722623274019442e-07,0.008593845273691562
30,105,same_stage1_state_direct,26,2,52,0.0077860394272744144,0.005679207890994114,5.6012337966795736,0.31853803992271423,True,1.3202423754341795e-06,0.00872231518437968
30,105,same_stage1_state_direct,26,3,52,0.00888236424833938,0.010233417835709578,7.868012538635246,0.26892343163490295,True,1.471346527022813e-06,0.008429454986390552
30,105,same_stage1_state_direct,26,4,52,0.008398216562712585,0.006019355630262091,23.51702714811406,0.25503647327423096,True,1.4760473924439265e-07,0.00879199076730838
30,105,same_stage1_state_direct,26,5,52,0.007162256627731308,0.007037885728928746,9.913633503248215,0.27468618750572205,True,6.80887021097681e-07,0.008682163114063361
30,105,same_stage1_state_direct,26,6,52,0.005255343523536768,0.007911366888195362,6.004291485209285,0.05612507462501526,True,1.458090360282953e-06,0.008613184545206435
30,105,same_stage1_state_direct,26,7,52,0.00824856786353333,0.007506301965688346,6.071690212531355,-0.025710850954055786,True,1.357540687794522e-06,0.0084782399583957
30,105,same_stage1_state_direct,26,8,52,0.00601729957033604,0.007000085193208241,7.3638972278772075,0.24462269246578217,True,8.944453758546861e-07,0.008522323332403976
30,105,same_stage1_state_direct,26,9,52,0.008774713004987436,0.010640209062826901,6.7256134474349265,-0.3743714988231659,True,9.007288526150958e-07,0.008775964816160524
30,105,same_stage1_state_direct,26,10,52,0.005556664244690043,0.006196066604895831,6.77532177438357,0.21917693316936493,True,8.383493755153819e-07,0.008805762033693439
30,105,same_stage1_state_direct,26,11,52,0.007768967536319059,0.007435821860979617,5.774871733851685,0.06156988814473152,True,1.1634480185545763e-06,0.008420846464707341
30,105,same_stage1_state_direct,29,0,58,0.00762423578811949,0.007928836590418728,6.634257219700908,-0.00222809542901814,True,1.2440891452390208e-06,0.00868990594975754
30,105,same_stage1_state_direct,29,1,58,0.007457319610474752,0.005271978329388268,32.85593457384433,0.2668420672416687,True,4.259317584715687e-08,0.008653054594534986
30,105,same_stage1_state_direct,29,2,58,0.007115467474322883,0.00729046752902238,9.374482082831607,-0.5003315806388855,True,7.722988813017103e-07,0.00875719415816072
30,105,same_stage1_state_direct,29,3,58,0.006008865457285312,0.006487104158052932,4.018932601903002,-0.03406636416912079,True,3.76616213717242e-06,0.00869312454818644
30,105,same_stage1_state_direct,29,4,58,0.007616177875324952,0.009882647847087912,15.56215247200182,0.27994823455810547,True,4.525919810524756e-07,0.008686231712665547
30,105,same_stage1_state_direct,29,5,58,0.00691906387355006,0.006930365369331147,116.79780133081002,-0.005707176867872477,True,4.449972670976489e-09,0.008574447265134288
30,105,same_stage1_state_direct,29,6,58,0.006217614906622432,0.0065273711504756915,12.999556244811723,0.3429654538631439,True,3.608756619685024e-07,0.008661840583769636
30,105,same_stage1_state_direct,29,7,58,0.007264698697370759,0.00969497625295039,5.2633110495892055,-0.3246689438819885,True,2.7731382803961447e-06,0.008856110636515438
30,105,same_stage1_state_direct,29,8,58,0.007789634950397042,0.011912950870715895,22.292027907266526,0.15444283187389374,True,1.9177669135657914e-07,0.008660505376489465
30,105,same_stage1_state_direct,29,9,58,0.0061994119932805925,0.006288141214599767,10.321293508085008,0.1490979641675949,True,8.449048753169004e-07,0.008726878476138459
30,105,same_stage1_state_direct,29,10,58,0.006242858245702728,0.006946964995863506,5.9479273549613465,-0.10543084889650345,True,1.4503073872017915e-06,0.008577836989033276
30,105,same_stage1_state_direct,29,11,58,0.0068560362384390275,0.007908255346510922,4.6745348559515065,-0.0030780809465795755,True,1.0344875864615714e-06,0.008698048469429585
30,105,same_stage1_state_direct,32,0,64,0.009641098113269308,0.010582629797270631,4.873607158660889,-0.10876405984163284,True,1.702536407298442e-06,0.008661434114137995
30,105,same_stage1_state_direct,32,1,64,0.006549137369071532,0.007084356134461925,8.749841690063477,-0.297028511762619,True,5.350512743001475e-07,0.008573581514893928
30,105,same_stage1_state_direct,32,2,64,0.006783657470060364,0.005794233431334344,9.979649543762207,0.2205350399017334,True,8.987717960572406e-07,0.00859551075758322
30,105,same_stage1_state_direct,32,3,64,0.01013435802079886,0.007613217222090362,12.540721893310547,0.049637965857982635,True,3.29427949731347e-07,0.008699470840568307
30,105,same_stage1_state_direct,32,4,64,0.007035347716022283,0.0073212576492270335,27.88429069519043,0.21089309453964233,True,4.875718974101146e-08,0.008681829285863637
30,105,same_stage1_state_direct,32,5,64,0.007828443851431069,0.010063745955727676,3.489764928817749,-0.1136225089430809,True,3.859450629359218e-06,0.008723850304009453
30,105,same_stage1_state_direct,32,6,64,0.006791191642553312,0.008047274982052675,5.913888454437256,0.0707814171910286,True,2.0688974340461684e-06,0.008618693587971855
30,105,same_stage1_state_direct,32,7,64,0.006867969657974903,0.008055903530237869,4.8906941413879395,0.12193100154399872,True,2.0673497561726987e-06,0.008549805232595629
30,105,same_stage1_state_direct,32,8,64,0.008043825109358638,0.008977949815102445,10.145237922668457,-0.08220276236534119,True,5.540303346734684e-07,0.008873619722906876
30,105,same_stage1_state_direct,32,9,64,0.006514447989144755,0.009011019419861002,14.189123153686523,-0.17437653243541718,True,3.3177127407759465e-07,0.008542495715842303
30,105,same_stage1_state_direct,32,10,64,0.008197425305831946,0.009422962432229409,19.836275100708008,-0.13848713040351868,True,2.0318597841836953e-07,0.008703760051948594
30,105,same_stage1_state_direct,32,11,64,0.007356114217521811,0.007489157284712103,11.3482084274292,0.12008124589920044,True,4.207720721031166e-07,0.008712320588799635
30,106,learned_projector,26,0,52,0.4032107685493385,0.4032107685493385,1.1895976940984951,0.5986208319664001,True,0.0007210707666151681,0.9576960946574725
30,106,learned_projector,26,1,52,0.7982301493984301,0.7982301493984301,2.307531042519872,-0.19116780161857605,True,0.00019388911402394714,0.9569135688213556
30,106,learned_projector,26,2,52,0.1357004777116844,0.1357004777116844,0.8201973795904653,-0.024925483390688896,True,0.00018775709722460972,0.9460953527729319
30,106,learned_projector,26,3,52,0.4595646890131835,0.4595646890131835,3.3591674453056637,-0.6146069765090942,True,0.00014817870307133835,0.945891822764676
30,106,learned_projector,26,4,52,0.6920056566040903,0.6920056566040903,1.554134814864323,-0.6336769461631775,True,0.0005630125522590655,0.9441074422563778
30,106,learned_projector,26,5,52,1.137224010814314,1.137224010814314,0.9240943610695426,-0.5716449022293091,True,0.0010646477485459149,0.9516685671578055
30,106,learned_projector,26,6,52,0.6232969334733875,0.6232969334733875,2.5426563592979914,0.531448483467102,True,0.0001622922970623923,0.9615407448803084
30,106,learned_projector,26,7,52,0.8092783055916931,0.8092783055916931,1.201374101739208,0.05594287067651749,True,0.0017656982781205383,0.9584349193970545
30,106,learned_projector,26,8,52,0.4720544279021829,0.4720544279021829,1.019993539571863,-0.17829521000385284,True,0.00047006721893759045,0.96193805964203
30,106,learned_projector,26,9,52,1.0457565649490776,1.0457565649490776,0.5806649360664045,0.5658782720565796,True,0.004281139294928864,0.9609496589934585
30,106,learned_projector,26,10,52,1.2586435029137457,1.2586435029137457,0.5409127162984115,0.5460590720176697,True,0.0018841554257290215,0.9601569722816397
30,106,learned_projector,26,11,52,0.8448647824516906,0.8448647824516906,1.6580305399604904,-0.08292481303215027,True,0.0004947260224542328,0.9504900216230725
30,106,learned_projector,29,0,58,0.31322630169405574,0.31322630169405574,0.4240792082038538,0.5119768381118774,True,0.000594142802203443,0.9474468519963641
30,106,learned_projector,29,1,58,0.40552894850398136,0.40552894850398136,1.1484832375798193,-0.24496613442897797,True,0.0032244371554526747,0.9572307153577233
30,106,learned_projector,29,2,58,0.8180660367174581,0.8180660367174581,0.5224553477305351,0.2815442383289337,True,0.004064420556933165,0.9637943116629252
30,106,learned_projector,29,3,58,0.4781146044508273,0.4781146044508273,0.6748141171681604,-0.6143549680709839,True,0.0018606941750255012,0.9493039907985991
30,106,learned_projector,29,4,58,0.8613955721401851,0.8613955721401851,5.47675563086978,0.36114445328712463,True,0.00021330189563631736,0.9632465411889496
30,106,learned_projector,29,5,58,0.25261014942084487,0.25261014942084487,0.46592066141005967,0.1256798952817917,True,0.00012153024009941589,0.9460638538894456
30,106,learned_projector,29,6,58,0.6170220950214803,0.6170220950214803,0.9191514164202603,0.1257009208202362,True,0.0004900973037757983,0.9555096412569289
30,106,learned_projector,29,7,58,0.20443346110277247,0.20443346110277247,0.22646540662396855,-0.02924172952771187,True,9.912008449364774e-05,0.9409365172579498
30,106,learned_projector,29,8,58,0.09967858369228035,0.09967858369228035,1.2219914782715602,0.2039860635995865,True,6.901639398368257e-05,0.9412554580131777
30,106,learned_projector,29,9,58,0.9680701078374515,0.9680701078374515,0.6780812001772223,-0.4141381084918976,True,0.0025246236682792537,0.963770225890831
30,106,learned_projector,29,10,58,0.4124462144527443,0.4124462144527443,2.883377946852411,-0.07268256694078445,True,0.00029899799737699947,0.9582154126133055
30,106,learned_projector,29,11,58,0.967167199566272,0.967167199566272,3.7346250026782295,0.18459974229335785,True,0.0004501059670683124,0.9557106701689431
30,106,learned_projector,32,0,64,0.18949062858985932,0.18949062858985932,0.35787880420684814,0.4623366594314575,True,0.0011211328154778395,0.9517887492418504
30,106,learned_projector,32,1,64,0.19282756299463585,0.19282756299463585,12.974868774414062,-0.21920275688171387,True,2.052235028981287e-06,0.9559830512144365
30,106,learned_projector,32,2,64,0.11732112892512982,0.11732112892512982,0.5335884690284729,-0.25583958625793457,True,3.076423147367596e-05,0.9500584758246723
30,106,learned_projector,32,3,64,0.57426754893033,0.57426754893033,0.6079810857772827,-0.49065056443214417,True,0.002935038163757433,0.9683248880561742
30,106,learned_projector,32,4,64,1.0148150700850087,1.0148150700850087,5.0512375831604,-0.4852086305618286,True,5.508583879009149e-05,0.9484623708681131
30,106,learned_projector,32,5,64,0.829830790056768,0.829830790056768,6.976651191711426,0.846248984336853,True,1.811588370049522e-05,0.9521130932219427
30,106,learned_projector,32,6,64,0.6663546234781326,0.6663546234781326,2.314415693283081,0.14183542132377625,True,0.0002461406497123687,0.9533360523622025
30,106,learned_projector,32,7,64,0.6504116845913859,0.6504116845913859,0.7599278688430786,-0.34217169880867004,True,0.0001757996212882157,0.9462785797838605
30,106,learned_projector,32,8,64,0.5410284248588811,0.5410284248588811,0.9149277806282043,0.2797214090824127,True,0.0017771883732113445,0.9476612514097841
30,106,learned_projector,32,9,64,0.052044631379485964,0.052044631379485964,0.3584991693496704,0.6055259108543396,True,0.0003950830426813638,0.9432587220236179
30,106,learned_projector,32,10,64,0.15305853996631708,0.15305853996631708,0.4573405086994171,0.3569320738315582,True,0.00024987501373706887,0.9459757532776149
30,106,learned_projector,32,11,64,0.7742063351295818,0.7742063351295818,1.1057790517807007,-0.2832626402378082,True,0.0015456683597363926,0.9620254110599303
30,106,ordinary_native_direct,26,0,52,0.011134475843337389,0.009277962990107106,24.282357426402793,0.3046420216560364,True,1.3516009898108543e-07,0.008583640103973642
30,106,ordinary_native_direct,26,1,52,0.009635135437125601,0.00873535684393088,5.633347472857599,-0.07461465895175934,True,3.4578509672462232e-06,0.008648287829152763
30,106,ordinary_native_direct,26,2,52,0.005911736421931707,0.007019352642185599,6.594451832680937,-0.004958618897944689,True,1.7340321508232641e-06,0.008685352272775898
30,106,ordinary_native_direct,26,3,52,0.005577989993002334,0.006070434811665583,13.17472108607263,-0.13902436196804047,True,7.743303286595165e-07,0.008779100073114447
30,106,ordinary_native_direct,26,4,52,0.005276244466618411,0.009862609830182873,13.110284248397724,0.3532889187335968,True,5.210699240449258e-07,0.008628322589177317
30,106,ordinary_native_direct,26,5,52,0.008382822535595932,0.00705702240862171,7.358832020988191,0.030647238716483116,True,1.3012942269812908e-06,0.008694480438808395
30,106,ordinary_native_direct,26,6,52,0.009146211693865073,0.010437186439181905,6.535961521443569,-0.03329327329993248,True,1.3301119404547316e-06,0.008680987331219128
30,106,ordinary_native_direct,26,7,52,0.00956093501004969,0.007359927243429647,5.325835191852972,-0.22461353242397308,True,1.6149092564114245e-06,0.008459009217043975
30,106,ordinary_native_direct,26,8,52,0.006506795937420518,0.008258374233190103,7.362442468718482,0.05108141154050827,True,6.987742507146951e-07,0.008576271866345448
30,106,ordinary_native_direct,26,9,52,0.008185347195927624,0.007407271796953323,5.970006250359781,0.25093841552734375,True,1.4875641981181557e-06,0.008634241744501323
30,106,ordinary_native_direct,26,10,52,0.009155642734313,0.009121625831098566,34.87471807271251,0.03113143891096115,True,8.310243419371519e-08,0.008756075447607325
30,106,ordinary_native_direct,26,11,52,0.009348450651141213,0.008366709226719586,8.859885848170617,0.29609382152557373,True,1.08785363005163e-06,0.008499242488704291
30,106,ordinary_native_direct,29,0,58,0.009343073939178895,0.008302406929061337,6.101505551548923,-0.2259884774684906,True,1.4886084078056566e-06,0.008621012680868657
30,106,ordinary_native_direct,29,1,58,0.008159535287189318,0.0072276616471632325,5.973647775878529,-0.27939972281455994,True,2.118426371459612e-06,0.008786932916599143
30,106,ordinary_native_direct,29,2,58,0.006621619911736901,0.008745889358851476,4.8662907144582395,0.18862074613571167,True,2.1294467321158652e-06,0.008544408080509257
30,106,ordinary_native_direct,29,3,58,0.0061986025056184006,0.007290871702135333,11.821989832496195,0.26506733894348145,True,4.892192550447885e-07,0.00854715722277325
30,106,ordinary_native_direct,29,4,58,0.00665986370073366,0.007694260047855288,6.031736486734936,-0.17136245965957642,True,1.4234930112852696e-06,0.008635163941522153
30,106,ordinary_native_direct,29,5,58,0.0076025267467987575,0.006138870193742518,6.809959416200675,-0.4164468050003052,True,2.4211773182192984e-06,0.008607740380231292
30,106,ordinary_native_direct,29,6,58,0.007488102318312712,0.007045536721515446,10.629228290987427,0.3221572935581207,True,4.558759530978276e-07,0.008699889758603686
30,106,ordinary_native_direct,29,7,58,0.007989095205539755,0.006894857420041814,6.617155686838448,-0.05798007547855377,True,1.3473003179127553e-06,0.008502210616651825
30,106,ordinary_native_direct,29,8,58,0.007218866717542977,0.007370696231470438,11.921283109468579,0.13317909836769104,True,2.4283907359171424e-07,0.008635698221241914
30,106,ordinary_native_direct,29,9,58,0.00838194779345377,0.00963738226876035,12.210028632106196,0.09671375900506973,True,4.102868940206251e-07,0.008786154393217002
30,106,ordinary_native_direct,29,10,58,0.007777962065447065,0.010368563599983938,47.790260131541146,-0.032832130789756775,True,2.172547796533483e-08,0.0084529024778958
30,106,ordinary_native_direct,29,11,58,0.00883503207195325,0.009635940166923025,10.29158546772204,0.3761426508426666,True,4.3848011277684677e-07,0.008710339112367496
30,106,ordinary_native_direct,32,0,64,0.007565785137595736,0.007612661256309681,4.786443710327148,0.014600425958633423,True,2.898015936929831e-06,0.008456729807705447
30,106,ordinary_native_direct,32,1,64,0.008764156467549848,0.007134156553298806,3.8804659843444824,0.09322609752416611,True,2.52817809088226e-06,0.008567070586416738
30,106,ordinary_native_direct,32,2,64,0.007785627558755027,0.008194124220856554,19.962921142578125,-0.28822216391563416,True,1.995751824273845e-07,0.008659261934841789
30,106,ordinary_native_direct,32,3,64,0.010147762720579144,0.007686263502920934,6.62807559967041,0.030443837866187096,True,8.7441580912313e-07,0.008510198521173039
30,106,ordinary_native_direct,32,4,64,0.009707819533572434,0.0072676895513225336,9.827616691589355,0.4397893249988556,True,7.996856406887311e-07,0.008768544712842458
30,106,ordinary_native_direct,32,5,64,0.00842048498315211,0.008507871520662862,5.1062140464782715,-0.04447244480252266,True,1.8376429383705395e-06,0.008731506910536093
30,106,ordinary_native_direct,32,6,64,0.008894454244220683,0.007872976862688228,7.237153053283691,-0.10040823370218277,True,1.6863064234437656e-06,0.008608526079334738
30,106,ordinary_native_direct,32,7,64,0.0075487670524502105,0.006193717650707372,50.565311431884766,-0.18859294056892395,True,2.666351770889616e-08,0.008741403014956824
30,106,ordinary_native_direct,32,8,64,0.009135556354577476,0.007814995907706289,13.212852478027344,-0.19823645055294037,True,3.6508611483837615e-07,0.00867094560917937
30,106,ordinary_native_direct,32,9,64,0.009104636355731496,0.00678261149731338,4.1930155754089355,-0.17182092368602753,True,2.662106345076931e-06,0.008645446741938935
30,106,ordinary_native_direct,32,10,64,0.00934983278397324,0.006621386964009296,19.772445678710938,0.22487731277942657,True,1.5270368674688016e-07,0.00863714757001408
30,106,ordinary_native_direct,32,11,64,0.011188666133317223,0.00970541167126925,5.777899742126465,0.2735068202018738,True,2.370299951972274e-06,0.008712701524420271
30,106,decoupled_native_direct,26,0,78,0.005443496433099119,0.006156074756319991,7.411510447119056,-0.28030088543891907,True,9.8373512648632e-07,0.008637986615075026
30,106,decoupled_native_direct,26,1,78,0.007155691764844433,0.008798474303141875,10.344216120677975,0.034798767417669296,True,4.295374081917563e-07,0.00878610093221654
30,106,decoupled_native_direct,26,2,78,0.00808397985440866,0.007222558797313249,3.3128664006233235,-0.5408790707588196,True,5.00112453517294e-06,0.008852896128230212
30,106,decoupled_native_direct,26,3,78,0.005771336348380628,0.005779447477712526,33.92220169589663,-0.21126846969127655,True,3.611726310261461e-08,0.008498696033538566
30,106,decoupled_native_direct,26,4,78,0.006044584246211046,0.008894936929152357,4.512130719165019,-0.10466443747282028,True,1.8226531809798057e-06,0.008855395731049914
30,106,decoupled_native_direct,26,5,78,0.007543706146803868,0.00626450165532379,6.713939265833988,0.13088484108448029,True,1.1382701222577814e-06,0.008689562289630762
30,106,decoupled_native_direct,26,6,78,0.006853453541642047,0.006006979265166316,8.465361194320712,-0.17681840062141418,True,1.0387595941813443e-06,0.008400902174669626
30,106,decoupled_native_direct,26,7,78,0.007681383966590753,0.007305784366820517,4.52460354475515,-0.03567696362733841,True,1.7385856714230967e-06,0.008674945340736664
30,106,decoupled_native_direct,26,8,78,0.006669076707685957,0.004731417447609034,7.150105040101369,-0.18312129378318787,True,1.1052136470998534e-06,0.008779582151914517
30,106,decoupled_native_direct,26,9,78,0.007475796838169362,0.007091186155033045,11.640349896030875,-0.0014122937573119998,True,2.47595270907661e-07,0.008659979929724865
30,106,decoupled_native_direct,26,10,78,0.0053767862455329956,0.006889368158488977,4.187763393892395,-0.006572067737579346,True,2.9974195550013567e-06,0.008676569845185248
30,106,decoupled_native_direct,26,11,78,0.006670389339093249,0.006479624208557213,9.694482849335401,0.12171539664268494,True,8.176066738117734e-07,0.008624360622822768
30,106,decoupled_native_direct,29,0,87,0.006978895980339274,0.0069293249589979875,14.298278487210316,0.017617039382457733,True,2.9496533944243425e-07,0.008741233084042045
30,106,decoupled_native_direct,29,1,87,0.006916949437930925,0.007406293562787487,8.176175806786274,-0.01330492366105318,True,7.074952318557938e-07,0.008738412893346625
30,106,decoupled_native_direct,29,2,87,0.00537143434644754,0.0047479114731668794,12.690027071301571,0.12211973965167999,True,3.867844487530103e-07,0.008741436659155385
30,106,decoupled_native_direct,29,3,87,0.006698228916887823,0.00620678327847246,6.1191101849187435,0.2630642354488373,True,5.766445709083505e-07,0.008513640292944514
30,106,decoupled_native_direct,29,4,87,0.00632889025680643,0.007688135764926805,3.731745775639269,0.033697132021188736,True,2.332634129465093e-06,0.008725400679255996
30,106,decoupled_native_direct,29,5,87,0.006738176928501601,0.005784215806247631,2.785271632967016,0.07001300901174545,True,4.287926417336348e-06,0.008620718589644246
30,106,decoupled_native_direct,29,6,87,0.006094428410893699,0.005676631478899587,6.3996681921823555,-0.2943302094936371,True,1.3276463589574475e-06,0.008637872203169425
30,106,decoupled_native_direct,29,7,87,0.006170140908212629,0.006426236694649353,8.525753430555227,-0.1596233993768692,True,8.295773998861308e-07,0.0087209154311287
30,106,decoupled_native_direct,29,8,87,0.006354487037572817,0.006144420057912666,15.167302126593851,-0.021595807746052742,True,1.5048419901313049e-07,0.008839792535078656
30,106,decoupled_native_direct,29,9,87,0.006629983908893191,0.007014398949330216,4.617752655196783,-0.21062548458576202,True,1.9902353087087122e-06,0.008645472511140395
30,106,decoupled_native_direct,29,10,87,0.006198711950245359,0.0073487100499034196,15.869799546233615,0.28737741708755493,True,1.6581848021979984e-07,0.008497401233314019
30,106,decoupled_native_direct,29,11,87,0.006862569204282679,0.005961974095967019,6.117743787832068,0.09947878122329712,True,1.1478644337509304e-06,0.00874120197629125
30,106,decoupled_native_direct,32,0,96,0.006968878795976924,0.006274946020009404,2.339460689454549,0.09495430439710617,True,6.546591918621896e-06,0.008735677641752211
30,106,decoupled_native_direct,32,1,96,0.007465968418079495,0.007994986444708072,35.09632424302233,0.20135118067264557,True,5.507163460066718e-08,0.008617374931293683
30,106,decoupled_native_direct,32,2,96,0.00703059960935429,0.005333743324782071,3.320440790669645,0.008052002638578415,True,3.44046885563819e-06,0.008699496358086105
30,106,decoupled_native_direct,32,3,96,0.005668011864690943,0.00675339086944186,9.873983036804363,0.15344326198101044,True,4.4984272856828897e-07,0.008470194201107447
30,106,decoupled_native_direct,32,4,96,0.004912788501255263,0.0055355969198078335,16.810286476770337,-0.055252473801374435,True,1.259138062074951e-07,0.008497284842768817
30,106,decoupled_native_direct,32,5,96,0.007014223581411871,0.009928311806136255,4.3473376116877365,-0.1590152531862259,True,2.4987707794668885e-06,0.008490025334207237
30,106,decoupled_native_direct,32,6,96,0.007241919276079327,0.005629127539454479,4.13602243221044,0.476982980966568,True,3.030899463575177e-06,0.00857983406723125
30,106,decoupled_native_direct,32,7,96,0.005654961861315668,0.007420719839780576,6.893838572335115,-0.269132137298584,True,1.8874721766031614e-06,0.008782830771327597
30,106,decoupled_native_direct,32,8,96,0.0068502994010832124,0.00604363816272358,6.555766522184734,-0.1972104012966156,True,9.734045278712757e-07,0.008684893298370912
30,106,decoupled_native_direct,32,9,96,0.006263360079017626,0.0060149948272371365,5.271737082543229,0.38053062558174133,True,1.7338139693415804e-06,0.008643237070164407
30,106,decoupled_native_direct,32,10,96,0.005980295458391527,0.006561974184308025,24.803447693321147,-0.11903852969408035,True,7.87282436578856e-08,0.008995967405773879
30,106,decoupled_native_direct,32,11,96,0.006395936999083403,0.006757332577132599,7.762636981978884,-0.15864010155200958,True,9.795827712819027e-07,0.008535799645244438
30,106,same_stage1_state_direct,26,0,52,0.006327200964922522,0.006831230523734172,4.757334356743081,0.450219064950943,True,4.30672274542154e-06,0.00866741400564145
30,106,same_stage1_state_direct,26,1,52,0.005830333246904367,0.009236904737557021,23.34243065690718,0.40116479992866516,True,1.6840594370079743e-07,0.008811787159714429
30,106,same_stage1_state_direct,26,2,52,0.007333082637556394,0.011895677585824797,5.875574923848614,0.6795642971992493,True,9.806042694136883e-07,0.00884096316345495
30,106,same_stage1_state_direct,26,3,52,0.0047980022957864,0.007357998630215269,7.9538078857768895,-0.37204286456108093,True,9.505877488115779e-07,0.0086542596641283
30,106,same_stage1_state_direct,26,4,52,0.005000686318580394,0.005290770995723588,27.012063279808018,-0.21059896051883698,True,4.5845168753931445e-08,0.008655287648787008
30,106,same_stage1_state_direct,26,5,52,0.006622429295792216,0.007668533520541351,22.308423819111816,-0.08163300901651382,True,1.638834283264895e-07,0.008724067883519536
30,106,same_stage1_state_direct,26,6,52,0.006047264966650032,0.006056110866722434,18.215958834185884,0.07083173096179962,True,2.6567462734693657e-07,0.008656553750810458
30,106,same_stage1_state_direct,26,7,52,0.00722263457248672,0.007540191812098675,6.164320811705686,0.09576795250177383,True,1.8616695560326751e-06,0.008616288496452292
30,106,same_stage1_state_direct,26,8,52,0.006254840756930797,0.005978995644508018,7.280774934564304,0.13097010552883148,True,9.275897846151721e-07,0.008681576562402139
30,106,same_stage1_state_direct,26,9,52,0.008013267274942067,0.005608384745007883,25.07925015939923,-0.1090136244893074,True,5.018021683269031e-08,0.008706677270808007
30,106,same_stage1_state_direct,26,10,52,0.0073333870346981396,0.007072484652234062,6.867033494772916,0.043359074741601944,True,2.003242304871361e-06,0.008606271465698506
30,106,same_stage1_state_direct,26,11,52,0.00824757928083946,0.0085669600744571,8.727191710768325,-0.022704334929585457,True,9.856184402919444e-07,0.008559202711633365
30,106,same_stage1_state_direct,29,0,58,0.00766253447209353,0.006904911451293626,6.475431153632925,0.025325512513518333,True,1.0295846075253152e-06,0.00851594981976244
30,106,same_stage1_state_direct,29,1,58,0.007484206320428716,0.008402598768106716,8.098454879854321,0.15644526481628418,True,1.0112749606349852e-06,0.008696406462953263
30,106,same_stage1_state_direct,29,2,58,0.007452906079302074,0.005359026004966862,6.6955010636924746,0.17119929194450378,True,6.71740190599405e-07,0.008549002116621135
30,106,same_stage1_state_direct,29,3,58,0.007071621080301599,0.0052800135095800275,5.002042584145165,0.08436936885118484,True,2.602658280529182e-06,0.008631941951974188
30,106,same_stage1_state_direct,29,4,58,0.009003616797684957,0.006449677910961698,6.282892397350315,-0.27271568775177,True,2.127845855324438e-06,0.008590887934806073
30,106,same_stage1_state_direct,29,5,58,0.005037831578653075,0.008701167115707864,3.2569010803740857,-0.1371382474899292,True,1.9509700633904927e-06,0.008765575798879328
30,106,same_stage1_state_direct,29,6,58,0.01021430453468907,0.007722170048600592,3.0108042020916357,0.1357123702764511,True,2.9599306898961283e-06,0.008714336323223878
30,106,same_stage1_state_direct,29,7,58,0.0070973752171546245,0.00667663994875625,2.8835570165612254,-0.07930385321378708,True,2.3740359219083304e-06,0.008667494485934943
30,106,same_stage1_state_direct,29,8,58,0.011183507779630224,0.006671198759231523,5.240282434588573,0.06546574085950851,True,3.891660609175627e-06,0.008612863412282816
30,106,same_stage1_state_direct,29,9,58,0.0077819061004546905,0.00608179581553049,8.750993914869953,0.07752818614244461,True,7.824921499700332e-07,0.008703318459552157
30,106,same_stage1_state_direct,29,10,58,0.007643905426006418,0.00784772446824675,8.11068571663704,0.1491910070180893,True,5.489871659822988e-07,0.008648663702013068
30,106,same_stage1_state_direct,29,11,58,0.006986552949082061,0.0064598899782849556,3.736056308113016,-0.08964837342500687,True,3.7805709739943234e-06,0.008488973147783319
30,106,same_stage1_state_direct,32,0,64,0.00820507480660776,0.008175403399336775,18.3226261138916,0.1587224155664444,True,2.5139884474339977e-07,0.00849454147636259
30,106,same_stage1_state_direct,32,1,64,0.006274158501977482,0.00630265176970588,6.053455829620361,0.008122882805764675,True,2.1743493019933377e-06,0.008559907611560245
30,106,same_stage1_state_direct,32,2,64,0.0075508005517884854,0.0056118174292337135,8.820172309875488,-0.22360466420650482,True,9.134363164008863e-07,0.008616065611119451
30,106,same_stage1_state_direct,32,3,64,0.0069166736192681775,0.007086232988799642,8.231428146362305,0.3367049992084503,True,1.0686125676090605e-06,0.008712155490599179
30,106,same_stage1_state_direct,32,4,64,0.00770329280970076,0.007987151056769497,25.0615234375,0.13539430499076843,True,1.1424382456549163e-07,0.00868098787783137
30,106,same_stage1_state_direct,32,5,64,0.007398998994732057,0.007470795907049361,11.212519645690918,-0.10679759830236435,True,5.19283696793923e-07,0.00868518641899455
30,106,same_stage1_state_direct,32,6,64,0.007846835651278784,0.008703589206546897,4.695326805114746,0.026355063542723656,True,2.8783855169694184e-06,0.008562620208052823
30,106,same_stage1_state_direct,32,7,64,0.008854970267437224,0.00767729431025211,4.481346607208252,-0.3559371531009674,True,3.531461631925919e-06,0.008541800244328901
30,106,same_stage1_state_direct,32,8,64,0.006547383250245677,0.009647857450341682,11.906084060668945,0.1785135418176651,True,1.4262841126333938e-06,0.008590404058849088
30,106,same_stage1_state_direct,32,9,64,0.01032873822272731,0.00698215818908156,13.719768524169922,-0.07501842826604843,True,3.337438906348749e-07,0.008626721841829419
30,106,same_stage1_state_direct,32,10,64,0.006393702606768015,0.007341046565069018,6.459732532501221,0.27834993600845337,True,1.0311105996363178e-06,0.008500331745526507
30,106,same_stage1_state_direct,32,11,64,0.007431954868499651,0.007649616428110156,7.039042949676514,0.04582667723298073,True,8.11295998289657e-07,0.008731257369358383
