seed,label,trial,optimizer,optimizer_execution,restart,initializer_role,step,max_steps,restart_count,parameter_count,energy_min,objective_calls,gradient_l2,gradient_abs_mean,gradient_variance,gamma_gradient_variance,beta_gradient_variance,spsa_a_k,spsa_c_k,spsa_update_l2,elapsed_sec
276823656,Std-XY p=20,0,spsa,sequential,0,deterministic_linear_ramp,1,120,5,40,12.6132173538208,19,5.768589496612549,0.9120941162109375,0.8131976127624512,0.8235965967178345,0.7986391186714172,0.0019080290740355519,0.005,0.011006636545062065,0.3518655300140381
276823656,Std-XY p=20,0,spsa,sequential,0,deterministic_linear_ramp,5,120,5,40,8.023818969726562,27,417.4696960449219,66.00775146484375,4357.0234375,4357.0234375,4357.0234375,0.0016234863275629626,0.004249854228953168,0.25,0.4572410583496094
276823656,Std-XY p=20,0,spsa,sequential,0,deterministic_linear_ramp,10,120,5,40,7.065516471862793,37,39.74357986450195,6.284011363983154,39.09391403198242,37.90924835205078,39.488800048828125,0.001390082040223294,0.003962506652402359,0.055246833711862564,0.5867507457733154
276823656,Std-XY p=20,0,spsa,sequential,0,deterministic_linear_ramp,15,120,5,40,6.100568771362305,47,37.87457275390625,5.98849630355835,35.772430419921875,35.50346374511719,34.42760467529297,0.001228847244975145,0.003803511968368888,0.04654206708073616,0.7149128913879395
276823656,Std-XY p=20,0,spsa,sequential,0,deterministic_linear_ramp,20,120,5,40,6.028196811676025,57,0.3954830467700958,0.06253136694431305,0.00390039524063468,0.003910170868039131,0.0038710690569132566,0.0011093755734348546,0.003694587655116011,0.0004387392255011946,0.8368144035339355
276823656,Std-XY p=20,0,spsa,sequential,0,deterministic_linear_ramp,25,120,5,40,5.972369194030762,67,20.508731842041016,3.2427151203155518,9.227089881896973,5.362753391265869,10.515201568603516,0.0010165329214793558,0.0036122521934702266,0.020847801119089127,0.959129810333252
276823656,Std-XY p=20,0,spsa,sequential,0,deterministic_linear_ramp,30,120,5,40,5.804200649261475,77,56.242820739746094,8.892770767211914,78.8836669921875,78.29056549072266,75.91812133789062,0.0009418523231825927,0.003546343160307909,0.05297243222594261,1.0807609558105469
276823656,Std-XY p=20,0,spsa,sequential,0,deterministic_linear_ramp,35,120,5,40,5.733918190002441,87,6.027149200439453,0.9529759287834167,0.8877295255661011,0.8718366622924805,0.8990815281867981,0.000880189078934901,0.003491556964006871,0.005305030383169651,1.2175703048706055
276823656,Std-XY p=20,0,spsa,sequential,0,deterministic_linear_ramp,40,120,5,40,5.710911273956299,97,7.200689315795898,1.1385290622711182,1.2930076122283936,1.2832857370376587,1.2443983554840088,0.0008282183973013156,0.003444783602586513,0.005963743664324284,1.3455779552459717
276823656,Std-XY p=20,0,spsa,sequential,0,deterministic_linear_ramp,45,120,5,40,5.670393943786621,107,14.679147720336914,2.320976972579956,5.26572847366333,4.9021100997924805,5.386934280395508,0.0007836862428572868,0.0034040469423556765,0.011503845453262329,1.474982500076294
276823656,Std-XY p=20,0,spsa,sequential,0,deterministic_linear_ramp,50,120,5,40,5.65325403213501,117,36.24654006958008,5.731081008911133,32.51683807373047,32.51683807373047,32.51683807373047,0.0007450048312448591,0.0033680151307934453,0.027003848925232887,1.5987825393676758
276823656,Std-XY p=20,0,spsa,sequential,0,deterministic_linear_ramp,55,120,5,40,5.6439666748046875,127,13.574756622314453,2.146357536315918,4.595333576202393,4.422576427459717,4.560782432556152,0.0007110200621231779,0.00333574906293868,0.009651925414800644,1.7209477424621582
276823656,Std-XY p=20,0,spsa,sequential,0,deterministic_linear_ramp,60,120,5,40,5.630762577056885,137,5.979464054107666,0.9454362988471985,0.8849113583564758,0.8580958247184753,0.8938497304916382,0.000680870821957243,0.0033065624389387836,0.004071243107318878,1.8424222469329834
276823656,Std-XY p=20,0,spsa,sequential,0,deterministic_linear_ramp,65,120,5,40,5.627286911010742,147,2.9818191528320312,0.471466988325119,0.22005832195281982,0.22005832195281982,0.2022758275270462,0.0006539001991289006,0.00327993891312262,0.001949812052771449,1.9642565250396729
276823656,Std-XY p=20,0,spsa,sequential,0,deterministic_linear_ramp,70,120,5,40,5.6022467613220215,157,1.2765394449234009,0.20183859765529633,0.03982219845056534,0.034220609813928604,0.04033143073320389,0.0006295974306654602,0.0032554805298644204,0.0008037058869376779,2.0871171951293945
276823656,Std-XY p=20,0,spsa,sequential,0,deterministic_linear_ramp,75,120,5,40,5.578959941864014,167,10.676454544067383,1.6880956888198853,2.3937203884124756,2.1372504234313965,2.5931973457336426,0.0006075587726378295,0.0032328742847293024,0.006486573722213507,2.2089478969573975
276823656,Std-XY p=20,0,spsa,sequential,0,deterministic_linear_ramp,80,120,5,40,5.56838321685791,177,19.97051429748535,3.1576156616210938,9.970536231994629,9.870831489562988,9.870831489562988,0.0005874604236002573,0.003211869679750853,0.011731886304914951,2.3322136402130127
276823656,Std-XY p=20,0,spsa,sequential,0,deterministic_linear_ramp,85,120,5,40,5.563711643218994,187,13.246339797973633,2.0944302082061768,4.375670433044434,4.3866376876831055,4.342771053314209,0.0005690393533227179,0.003192263210215197,0.007537688594311476,2.455763339996338
276823656,Std-XY p=20,0,spsa,sequential,0,deterministic_linear_ramp,90,120,5,40,5.548913478851318,197,2.679999351501465,0.4237450659275055,0.17551980912685394,0.17237751185894012,0.17776431143283844,0.0005520794513092867,0.0031738873682490526,0.0014795726165175438,2.5783047676086426
276823656,Std-XY p=20,0,spsa,sequential,0,deterministic_linear_ramp,95,120,5,40,5.540077209472656,207,8.82062816619873,1.394663691520691,1.940224051475525,1.8672834634780884,1.770028829574585,0.0005364013374048452,0.003156602674903236,0.004731396213173866,2.7006893157958984
276823656,Std-XY p=20,0,spsa,sequential,0,deterministic_linear_ramp,100,120,5,40,5.5201520919799805,217,13.98127269744873,2.2106332778930664,4.6914238929748535,4.691423416137695,4.6914238929748535,0.0005218547448187032,0.0031402917940665897,0.007296192459762096,2.8374409675598145
276823656,Std-XY p=20,0,spsa,sequential,0,deterministic_linear_ramp,105,120,5,40,5.505268096923828,227,23.133819580078125,3.657778263092041,13.345890998840332,13.379339218139648,13.245546340942383,0.000508312743162964,0.0031248551092334926,0.011759214103221893,2.964984178543091
276823656,Std-XY p=20,0,spsa,sequential,0,deterministic_linear_ramp,110,120,5,40,5.487308979034424,237,2.377558469772339,0.3759250044822693,0.13813990354537964,0.1399064064025879,0.13566681742668152,0.0004956672992996418,0.003110207348428353,0.0011784778907895088,3.094303607940674
276823656,Std-XY p=20,0,spsa,sequential,0,deterministic_linear_ramp,115,120,5,40,5.4806976318359375,247,2.078523635864258,0.32864344120025635,0.10368625074625015,0.10368625074625015,0.10368625074625015,0.00048382582536436074,0.0030962749733632706,0.0010056433966383338,3.21787428855896
276823656,Std-XY p=20,0,spsa,sequential,0,deterministic_linear_ramp,120,120,5,40,5.474453449249268,257,6.09418249130249,0.9635748267173767,0.9284764528274536,0.9284765124320984,0.9284765124320984,0.0004727084651173985,0.003082994134626136,0.0028807714115828276,3.3414254188537598
276823656,Std-XY p=20,0,spsa,sequential,1,random_shared_stream,1,120,5,40,5.8260931968688965,19,1.1668064594268799,0.18448829650878906,0.03369557484984398,0.03267449513077736,0.03403593227267265,0.3389747444134643,0.005,0.25,3.6005358695983887
276823656,Std-XY p=20,0,spsa,sequential,1,random_shared_stream,5,120,5,40,5.825235366821289,27,0.5733732581138611,0.0906582698225975,0.008136733435094357,0.007890164852142334,0.008218921720981598,0.28842373024246437,0.004249854228953168,0.16537444293498993,3.70005464553833
276823656,Std-XY p=20,0,spsa,sequential,1,random_shared_stream,10,120,5,40,5.823530673980713,37,0.5925004482269287,0.09368254989385605,0.008754478767514229,0.00868865568190813,0.008776419796049595,0.2469578219276434,0.003962506652402359,0.14632262289524078,3.8218741416931152
276823656,Std-XY p=20,0,spsa,sequential,1,random_shared_stream,15,120,5,40,5.823530673980713,47,0.4356954097747803,0.06888949126005173,0.004164406098425388,0.003986440133303404,0.004318642895668745,0.21831332994712957,0.003803511968368888,0.09511811286211014,3.9436728954315186
276823656,Std-XY p=20,0,spsa,sequential,1,random_shared_stream,20,120,5,40,5.823530673980713,57,0.07591316103935242,0.012002925388514996,0.00014262949116528034,0.00013110387953929603,0.00014262947661336511,0.19708834974315143,0.003694587655116011,0.014961599372327328,4.065792560577393
276823656,Std-XY p=20,0,spsa,sequential,1,random_shared_stream,25,120,5,40,5.823249816894531,67,0.38905227184295654,0.06151456758379936,0.003774581477046013,0.0037462010513991117,0.003784041851758957,0.1805942015954398,0.0036122521934702266,0.07026058435440063,4.1871209144592285
276823656,Std-XY p=20,0,spsa,sequential,1,random_shared_stream,30,120,5,40,5.822062969207764,77,0.6280147433280945,0.09929784387350082,0.009638210758566856,0.009761461056768894,0.009465659037232399,0.1673266696354849,0.003546343160307909,0.10508361458778381,4.31572413444519
276823656,Std-XY p=20,0,spsa,sequential,1,random_shared_stream,35,120,5,40,5.821192741394043,87,0.5812942385673523,0.09191069006919861,0.008447575382888317,0.00810967292636633,0.00810967292636633,0.15637176190215712,0.003491556964006871,0.09089800715446472,4.451593399047852
276823656,Std-XY p=20,0,spsa,sequential,1,random_shared_stream,40,120,5,40,5.821192741394043,97,0.2823370695114136,0.044641412794589996,0.0019131411099806428,0.0018134985584765673,0.001972927013412118,0.1471388058830551,0.003444783602586513,0.04154273867607117,4.581020832061768
276823656,Std-XY p=20,0,spsa,sequential,1,random_shared_stream,45,120,5,40,5.821192741394043,107,0.9258077144622803,0.14638307690620422,0.021374430507421494,0.020570877939462662,0.021213721483945847,0.1392273563793437,0.0034040469423556765,0.1288977712392807,4.706007480621338
276823656,Std-XY p=20,0,spsa,sequential,1,random_shared_stream,50,120,5,40,5.821192741394043,117,0.4951663911342621,0.07829268276691437,0.0059918249025940895,0.006068446673452854,0.005884554237127304,0.13235533236602912,0.0033680151307934453,0.06553791463375092,4.829972505569458
276823656,Std-XY p=20,0,spsa,sequential,1,random_shared_stream,55,120,5,40,5.819607734680176,127,0.4778061509132385,0.07554778456687927,0.005650392733514309,0.005479169078171253,0.005707467906177044,0.12631769982481877,0.00333574906293868,0.06035537272691727,4.9548399448394775
276823656,Std-XY p=20,0,spsa,sequential,1,random_shared_stream,60,120,5,40,5.819116592407227,137,0.19837303459644318,0.0313655287027359,0.0009739584056660533,0.000944444618653506,0.000983796315267682,0.12096147589795132,0.0033065624389387836,0.023995492607355118,5.078085899353027
276823656,Std-XY p=20,0,spsa,sequential,1,random_shared_stream,65,120,5,40,5.8185906410217285,147,0.7066074013710022,0.11172445118427277,0.012201497331261635,0.011358940042555332,0.012482351623475552,0.11616995563009037,0.00327993891312262,0.08208655565977097,5.200931787490845
276823656,Std-XY p=20,0,spsa,sequential,1,random_shared_stream,70,120,5,40,5.8185906410217285,157,0.5812978744506836,0.09191127121448517,0.008363204076886177,0.007096052169799805,0.008109773509204388,0.11185239839758418,0.0032554805298644204,0.06501956284046173,5.324118375778198
276823656,Std-XY p=20,0,spsa,sequential,1,random_shared_stream,75,120,5,40,5.8185906410217285,167,0.9580357670783997,0.15147875249385834,0.02288844808936119,0.022945811972022057,0.022716354578733444,0.10793707626031121,0.0032328742847293024,0.10340757668018341,5.448429822921753
276823656,Std-XY p=20,0,spsa,sequential,1,random_shared_stream,80,120,5,40,5.8185906410217285,177,0.5215864181518555,0.08247005194425583,0.006733296904712915,0.006189191713929176,0.006733295973390341,0.10436646362088521,0.003211869679750853,0.054436132311820984,5.571839809417725
276823656,Std-XY p=20,0,spsa,sequential,1,random_shared_stream,85,120,5,40,5.8185906410217285,187,0.42276057600975037,0.06684431433677673,0.004367629066109657,0.004289436154067516,0.004423481412231922,0.10109383131453123,0.003192263210215197,0.04273848235607147,5.695844650268555
276823656,Std-XY p=20,0,spsa,sequential,1,random_shared_stream,90,120,5,40,5.8185906410217285,197,1.3592408895492554,0.21491484344005585,0.04434086009860039,0.04572651535272598,0.03464129939675331,0.09808078579624628,0.0031738873682490526,0.13331542909145355,5.818268775939941
276823656,Std-XY p=20,0,spsa,sequential,1,random_shared_stream,95,120,5,40,5.818418025970459,207,0.5880419015884399,0.09297758340835571,0.008623219095170498,0.008299038745462894,0.007866797037422657,0.0952954589236306,0.003156602674903236,0.056037720292806625,5.951456546783447
276823656,Std-XY p=20,0,spsa,sequential,1,random_shared_stream,100,120,5,40,5.818418025970459,217,0.27754148840904236,0.04388316348195076,0.001920917653478682,0.001925732009112835,0.001906474819406867,0.09271115474762283,0.0031402917940665897,0.025731192901730537,6.080581903457642
276823656,Std-XY p=20,0,spsa,sequential,1,random_shared_stream,105,120,5,40,5.818418025970459,227,0.8772716522216797,0.13870882987976074,0.019192038103938103,0.01904773712158203,0.018470535054802895,0.09030532319475659,0.0031248551092334926,0.07922229915857315,6.210004568099976
276823656,Std-XY p=20,0,spsa,sequential,1,random_shared_stream,110,120,5,40,5.818418025970459,237,0.8988567590713501,0.14212173223495483,0.018936175853013992,0.01838071458041668,0.019390646368265152,0.08805877142052267,0.003110207348428353,0.07915222644805908,6.33349609375
276823656,Std-XY p=20,0,spsa,sequential,1,random_shared_stream,115,120,5,40,5.818418025970459,247,0.8425130844116211,0.13321302831172943,0.01734643056988716,0.01774570718407631,0.01614859327673912,0.08595505054157353,0.0030962749733632706,0.07241825759410858,6.456065893173218
276823656,Std-XY p=20,0,spsa,sequential,1,random_shared_stream,120,120,5,40,5.818418025970459,257,0.19661808013916016,0.031088048592209816,0.0009568021632730961,0.0009664667886681855,0.0009278081124648452,0.08397997353695749,0.003082994134626136,0.016511980444192886,6.578200340270996
276823656,Std-XY p=20,0,spsa,sequential,2,random_shared_stream,1,120,5,40,5.836566925048828,19,2.1593008041381836,0.3414154052734375,0.1119019016623497,0.1119019016623497,0.1119019016623497,0.3317228725086998,0.005,0.25,6.826252698898315
276823656,Std-XY p=20,0,spsa,sequential,2,random_shared_stream,5,120,5,40,5.832711219787598,27,2.827127456665039,0.4470081031322479,0.1753387600183487,0.14986220002174377,0.1918235868215561,0.28225332380220913,0.004249854228953168,0.25,6.931787729263306
276823656,Std-XY p=20,0,spsa,sequential,2,random_shared_stream,10,120,5,40,5.832711219787598,37,0.16439320147037506,0.025992846116423607,0.0006334013305604458,0.0006486029596999288,0.0006148215616121888,0.24167451831870415,0.003962506652402359,0.03972964361310005,7.058709144592285
276823656,Std-XY p=20,0,spsa,sequential,2,random_shared_stream,15,120,5,40,5.8248796463012695,47,0.4210268557071686,0.06657019257545471,0.004254327155649662,0.004387274384498596,0.004032747354358435,0.21364283360493574,0.003803511968368888,0.08994937688112259,7.182227373123169
276823656,Std-XY p=20,0,spsa,sequential,2,random_shared_stream,20,120,5,40,5.8248796463012695,57,2.0496551990509033,0.3240789473056793,0.09557472169399261,0.10082608461380005,0.08822281658649445,0.19287193099864633,0.003694587655116011,0.25,7.30510950088501
276823656,Std-XY p=20,0,spsa,sequential,2,random_shared_stream,25,120,5,40,5.8248796463012695,67,1.2063959836959839,0.1907479465007782,0.036293819546699524,0.030563214793801308,0.03311014920473099,0.1767306511737721,0.0036122521934702266,0.21320712566375732,7.423708200454712
276823656,Std-XY p=20,0,spsa,sequential,2,random_shared_stream,30,120,5,40,5.8248796463012695,77,2.817349672317505,0.44546207785606384,0.19049900770187378,0.1964520961046219,0.18057718873023987,0.16374695877370077,0.003546343160307909,0.25,7.531200408935547
276823656,Std-XY p=20,0,spsa,sequential,2,random_shared_stream,35,120,5,40,5.8248796463012695,87,0.38393059372901917,0.060704756528139114,0.0036482166033238173,0.0033534117974340916,0.0036482166033238173,0.1530264153666831,0.003491556964006871,0.05875152349472046,7.638144254684448
276823656,Std-XY p=20,0,spsa,sequential,2,random_shared_stream,40,120,5,40,5.8248796463012695,97,0.18297192454338074,0.02893040142953396,0.000828598509542644,0.0008285984513349831,0.000828598509542644,0.1439909850200872,0.003444783602586513,0.02634630724787712,7.744966268539429
276823656,Std-XY p=20,0,spsa,sequential,2,random_shared_stream,45,120,5,40,5.8248796463012695,107,0.992253303527832,0.15688902139663696,0.023629600182175636,0.02436802349984646,0.022398890927433968,0.13624878947799818,0.0034040469423556765,0.13519330322742462,7.851685285568237
276823656,Std-XY p=20,0,spsa,sequential,2,random_shared_stream,50,120,5,40,5.8248796463012695,117,0.1643092781305313,0.025979578495025635,0.0006732511683367193,0.0006749385502189398,0.0006681891391053796,0.12952378242890392,0.0033680151307934453,0.021281959488987923,7.958853483200073
276823656,Std-XY p=20,0,spsa,sequential,2,random_shared_stream,55,120,5,40,5.8248796463012695,127,2.0075089931488037,0.3174150586128235,0.09848537296056747,0.09672220796346664,0.0997447818517685,0.12361531625928465,0.00333574906293868,0.24815884232521057,8.065210580825806
276823656,Std-XY p=20,0,spsa,sequential,2,random_shared_stream,60,120,5,40,5.8248796463012695,137,0.2768101394176483,0.043767526745796204,0.0018964404007419944,0.001896440633572638,0.0017431925516575575,0.11837368095723669,0.0033065624389387836,0.03276703506708145,8.171145915985107
276823656,Std-XY p=20,0,spsa,sequential,2,random_shared_stream,65,120,5,40,5.8248796463012695,147,1.571822166442871,0.2485269159078598,0.06037589907646179,0.05620672181248665,0.061765629798173904,0.11368466830029446,0.00327993891312262,0.17869208753108978,8.276918888092041
276823656,Std-XY p=20,0,spsa,sequential,2,random_shared_stream,70,120,5,40,5.8248796463012695,157,1.2594014406204224,0.19912885129451752,0.0392557755112648,0.03806620463728905,0.03965229541063309,0.1094594789285438,0.0032554805298644204,0.13785342872142792,8.384409427642822
276823656,Std-XY p=20,0,spsa,sequential,2,random_shared_stream,75,120,5,40,5.822986602783203,167,0.19170044362545013,0.030310500413179398,0.0009187264367938042,0.0008360411156900227,0.0008360409992747009,0.10562791941687445,0.0032328742847293024,0.02024891786277294,8.491028547286987
276823656,Std-XY p=20,0,spsa,sequential,2,random_shared_stream,80,120,5,40,5.822986602783203,177,0.8290923833847046,0.13109102845191956,0.017013005912303925,0.017013004049658775,0.017013004049658775,0.10213369484443396,0.003211869679750853,0.08467826247215271,8.719626426696777
276823656,Std-XY p=20,0,spsa,sequential,2,random_shared_stream,85,120,5,40,5.822986602783203,187,1.3448035717010498,0.21263213455677032,0.04419513791799545,0.03797842934727669,0.04476029425859451,0.09893107574899969,0.003192263210215197,0.13304287195205688,8.827723741531372
276823656,Std-XY p=20,0,spsa,sequential,2,random_shared_stream,90,120,5,40,5.8222336769104,197,1.8162803649902344,0.2871791422367096,0.08061624318361282,0.07504939287900925,0.08247186243534088,0.09598248995965306,0.0031738873682490526,0.17433111369609833,8.935384035110474
276823656,Std-XY p=20,0,spsa,sequential,2,random_shared_stream,95,120,5,40,5.8222336769104,207,2.093257188796997,0.3309729993343353,0.10926926136016846,0.10954312235116959,0.10844769328832626,0.09325675110657569,0.003156602674903236,0.19521035254001617,9.043022871017456
276823656,Std-XY p=20,0,spsa,sequential,2,random_shared_stream,100,120,5,40,5.8222336769104,217,1.9980106353759766,0.31591325998306274,0.09955166280269623,0.09580911695957184,0.09880315512418747,0.09072773436172976,0.0031402917940665897,0.18127498030662537,9.14998197555542
276823656,Std-XY p=20,0,spsa,sequential,2,random_shared_stream,105,120,5,40,5.8222336769104,227,2.301270008087158,0.3638627231121063,0.13239607214927673,0.12048043310642242,0.12048044055700302,0.08837337207769065,0.0031248551092334926,0.20337097346782684,9.256188869476318
276823656,Std-XY p=20,0,spsa,sequential,2,random_shared_stream,110,120,5,40,5.8222336769104,237,0.6622644066810608,0.10471320152282715,0.010526260361075401,0.010526260361075401,0.010526260361075401,0.0861748820129577,0.003110207348428353,0.05707055702805519,9.362554788589478
276823656,Std-XY p=20,0,spsa,sequential,2,random_shared_stream,115,120,5,40,5.8222336769104,247,1.044618844985962,0.16516874730587006,0.027280708774924278,0.02618948183953762,0.02618948183953762,0.0841161671841316,0.0030962749733632706,0.08786933124065399,9.469193696975708
276823656,Std-XY p=20,0,spsa,sequential,2,random_shared_stream,120,120,5,40,5.822081089019775,257,2.1916558742523193,0.3465312421321869,0.1173820048570633,0.11888303607702255,0.11528053134679794,0.08218334408095093,0.003082994134626136,0.18011760711669922,9.57513952255249
276823656,Std-XY p=20,0,spsa,sequential,3,random_shared_stream,1,120,5,40,5.824824810028076,19,0.7831988334655762,0.12383460998535156,0.014721609652042389,0.015181660652160645,0.013954860158264637,0.5081848912582541,0.005,0.25,9.806246995925903
276823656,Std-XY p=20,0,spsa,sequential,3,random_shared_stream,5,120,5,40,5.818821907043457,27,0.11176521331071854,0.017671633511781693,0.000309163675410673,0.0003091637045145035,0.000309163675410673,0.43239971238324737,0.004249854228953168,0.0483272448182106,9.890334367752075
276823656,Std-XY p=20,0,spsa,sequential,3,random_shared_stream,10,120,5,40,5.818821907043457,37,0.07001931965351105,0.01107102818787098,0.00012226121907588094,0.00012256763875484467,0.00012134196003898978,0.37023476217625195,0.003962506652402359,0.025923587381839752,9.99676513671875
276823656,Std-XY p=20,0,spsa,sequential,3,random_shared_stream,15,120,5,40,5.818821907043457,47,0.663256049156189,0.10486998409032822,0.010887736454606056,0.010887736454606056,0.010887736454606056,0.3272914506695108,0.003803511968368888,0.21707803010940552,10.103095054626465
276823656,Std-XY p=20,0,spsa,sequential,3,random_shared_stream,20,120,5,40,5.818821907043457,57,0.6346502900123596,0.10034701973199844,0.010044352151453495,0.009968830272555351,0.010069524869322777,0.2954713388922135,0.003694587655116011,0.18752099573612213,10.20810580253601
276823656,Std-XY p=20,0,spsa,sequential,3,random_shared_stream,25,120,5,40,5.818821907043457,67,0.5000907778739929,0.0790712982416153,0.005861503072082996,0.004689202643930912,0.006252270191907883,0.27074360615995324,0.0036122521934702266,0.13539639115333557,10.313659429550171
276823656,Std-XY p=20,0,spsa,sequential,3,random_shared_stream,30,120,5,40,5.818821907043457,77,0.9945337772369385,0.1572495996952057,0.02250196598470211,0.02373833768069744,0.020771047100424767,0.2508531588701366,0.003546343160307909,0.2494819462299347,10.431501626968384
276823656,Std-XY p=20,0,spsa,sequential,3,random_shared_stream,35,120,5,40,5.818821907043457,87,0.9535644054412842,0.15077176690101624,0.022675294429063797,0.022732125595211983,0.02250480465590954,0.23442975657555473,0.003491556964006871,0.22354386746883392,10.54268217086792
276823656,Std-XY p=20,0,spsa,sequential,3,random_shared_stream,40,120,5,40,5.818821907043457,97,0.10987070202827454,0.01737208478152752,0.00029499901575036347,0.00030178925953805447,0.00027462822617962956,0.22058787358017598,0.003444783602586513,0.024236144497990608,10.648472785949707
276823656,Std-XY p=20,0,spsa,sequential,3,random_shared_stream,45,120,5,40,5.818821907043457,107,0.48638132214546204,0.07690364122390747,0.005855028051882982,0.005855028051882982,0.005381894297897816,0.20872716958378978,0.0034040469423556765,0.10152100026607513,10.753056049346924
276823656,Std-XY p=20,0,spsa,sequential,3,random_shared_stream,50,120,5,40,5.818821907043457,117,1.3592451810836792,0.21491554379463196,0.04434114322066307,0.03464151546359062,0.045726802200078964,0.1984247537446006,0.0033680151307934453,0.25,10.85889220237732
276823656,Std-XY p=20,0,spsa,sequential,3,random_shared_stream,55,120,5,40,5.818821907043457,127,0.6120619773864746,0.09677549451589584,0.009342081844806671,0.009365497156977654,0.009271841496229172,0.18937324271913675,0.00333574906293868,0.11590815335512161,10.969619035720825
276823656,Std-XY p=20,0,spsa,sequential,3,random_shared_stream,60,120,5,40,5.818821907043457,137,0.44280505180358887,0.0700136348605156,0.004852889105677605,0.0044607361778616905,0.004852888640016317,0.1813432873354699,0.0033065624389387836,0.0802997276186943,11.080031394958496
276823656,Std-XY p=20,0,spsa,sequential,3,random_shared_stream,65,120,5,40,5.818821907043457,147,0.513060450553894,0.08112198114395142,0.006564323790371418,0.006514967419207096,0.006580776069313288,0.174159925605976,0.00327993891312262,0.08935457468032837,11.191585302352905
276823656,Std-XY p=20,0,spsa,sequential,3,random_shared_stream,70,120,5,40,5.818821907043457,157,0.11857549846172333,0.018748432397842407,0.00034359487472102046,0.0003198683843947947,0.000351503724232316,0.16768712080602263,0.0032554805298644204,0.01988358236849308,11.304061651229858
276823656,Std-XY p=20,0,spsa,sequential,3,random_shared_stream,75,120,5,40,5.818821907043457,167,0.5340559482574463,0.0844416618347168,0.006684744264930487,0.00705909077078104,0.005989531520754099,0.1618173396870371,0.0032328742847293024,0.08641951531171799,11.415989398956299
276823656,Std-XY p=20,0,spsa,sequential,3,random_shared_stream,80,120,5,40,5.818821907043457,177,0.19670990109443665,0.031102566048502922,0.0009649511193856597,0.0008803062955848873,0.000812590413261205,0.15646434089937883,0.003211869679750853,0.030778083950281143,11.528599500656128
276823656,Std-XY p=20,0,spsa,sequential,3,random_shared_stream,85,120,5,40,5.818821907043457,187,0.3070327639579773,0.04854614660143852,0.0023508365266025066,0.0022624593693763018,0.0023331609554588795,0.1515580689126252,0.003192263210215197,0.04653329774737358,11.641208171844482
276823656,Std-XY p=20,0,spsa,sequential,3,random_shared_stream,90,120,5,40,5.818821907043457,197,0.9145539402961731,0.1446036696434021,0.020701121538877487,0.019028302282094955,0.020701121538877487,0.14704096480885118,0.0031738873682490526,0.13447688519954681,11.751790523529053
276823656,Std-XY p=20,0,spsa,sequential,3,random_shared_stream,95,120,5,40,5.818821907043457,207,0.5536478757858276,0.08753941208124161,0.007356622721999884,0.006973464973270893,0.007586517371237278,0.14286525243733483,0.003156602674903236,0.07909703999757767,11.86408805847168
276823656,Std-XY p=20,0,spsa,sequential,3,random_shared_stream,100,120,5,40,5.818821907043457,217,0.6933735609054565,0.1096319928765297,0.011989125050604343,0.011898980475962162,0.012019171379506588,0.13899090970736186,0.0031402917940665897,0.09637261927127838,11.97673749923706
276823656,Std-XY p=20,0,spsa,sequential,3,random_shared_stream,105,120,5,40,5.818821907043457,227,0.3107607364654541,0.04913558438420296,0.00235998397693038,0.002197018126025796,0.002414305694401264,0.13538412995096877,0.0031248551092334926,0.04207206889986992,12.08987307548523
276823656,Std-XY p=20,0,spsa,sequential,3,random_shared_stream,110,120,5,40,5.818231582641602,237,0.9308549165725708,0.14718107879161835,0.019008642062544823,0.018196307122707367,0.019712666049599648,0.132016139597969,0.003110207348428353,0.12288786470890045,12.202303886413574
276823656,Std-XY p=20,0,spsa,sequential,3,random_shared_stream,115,120,5,40,5.817347049713135,247,0.35599830746650696,0.056288279592990875,0.0030970817897468805,0.0031683698762208223,0.002883216831833124,0.12886227877581147,0.0030962749733632706,0.04587475210428238,12.323507070541382
276823656,Std-XY p=20,0,spsa,sequential,3,random_shared_stream,120,120,5,40,5.817347049713135,257,1.1474279165267944,0.1814243048429489,0.03258562833070755,0.03258562460541725,0.02995244227349758,0.12590127855570893,0.003082994134626136,0.14446265995502472,12.436537504196167
276823656,Std-XY p=20,0,spsa,sequential,4,continuation,1,120,5,40,5.733728408813477,19,0.0,0.0,0.0,0.0,0.0,2097.152,0.005,0.0,12.674322605133057
276823656,Std-XY p=20,0,spsa,sequential,4,continuation,5,120,5,40,3.743262529373169,27,407.7998962402344,64.47882080078125,3897.67333984375,4115.943359375,3492.315673828125,1784.405513077566,0.004249854228953168,0.25,12.765409469604492
276823656,Std-XY p=20,0,spsa,sequential,4,continuation,10,120,5,40,3.567612409591675,37,244.9639434814453,38.73220443725586,1440.176025390625,1260.154052734375,1500.183349609375,1527.8663048108476,0.003962506652402359,0.25,12.879245281219482
276823656,Std-XY p=20,0,spsa,sequential,4,continuation,15,120,5,40,2.537174940109253,47,42.699337005615234,6.7513580322265625,45.580833435058594,45.125022888183594,45.125022888183594,1350.6499940504036,0.003803511968368888,0.25,12.991225242614746
276823656,Std-XY p=20,0,spsa,sequential,4,continuation,20,120,5,40,1.570878267288208,57,58.27253341674805,9.213696479797363,84.67997741699219,84.04327392578125,81.49651336669922,1219.336347773442,0.003694587655116011,0.25,13.103075742721558
276823656,Std-XY p=20,0,spsa,sequential,4,continuation,25,120,5,40,1.0819183588027954,67,7.464418888092041,1.1802282333374023,1.3894565105438232,1.3790093660354614,1.3372211456298828,1117.2911767205871,0.0036122521934702266,0.25,13.21564531326294
276823656,Std-XY p=20,0,spsa,sequential,4,continuation,30,120,5,40,1.0819183588027954,77,838.2172241210938,132.53379821777344,17521.29296875,17565.203125,17389.55078125,1035.208273367336,0.003546343160307909,0.25,13.327030181884766
276823656,Std-XY p=20,0,spsa,sequential,4,continuation,35,120,5,40,1.0819183588027954,87,19.383960723876953,3.064873456954956,9.29951286315918,9.393446922302246,9.017709732055664,967.4329979481704,0.003491556964006871,0.25,13.438054084777832
276823656,Std-XY p=20,0,spsa,sequential,4,continuation,40,120,5,40,1.0819183588027954,97,151.20309448242188,23.90730857849121,558.6993408203125,571.5594482421875,520.1190185546875,910.3110072969911,0.003444783602586513,0.25,13.550329685211182
276823656,Std-XY p=20,0,spsa,sequential,4,continuation,45,120,5,40,1.0819183588027954,107,166.78448486328125,26.37094497680664,693.6881103515625,667.6094970703125,688.4722900390625,861.3648470799044,0.0034040469423556765,0.25,13.662680387496948
276823656,Std-XY p=20,0,spsa,sequential,4,continuation,50,120,5,40,1.0819183588027954,117,0.04969571903347969,0.007857583463191986,6.112419941928238e-05,5.927194797550328e-05,5.1862956752302125e-05,818.8493525155304,0.0033680151307934453,0.25,13.774024963378906
276823656,Std-XY p=20,0,spsa,sequential,4,continuation,55,120,5,40,1.0819183588027954,127,125.6453857421875,19.86627960205078,393.6824035644531,378.8822937011719,390.7223815917969,781.4960293911975,0.00333574906293868,0.25,13.882200479507446
276823656,Std-XY p=20,0,spsa,sequential,4,continuation,60,120,5,40,1.0819183588027954,137,132.6591033935547,20.975248336791992,435.56134033203125,400.3644714355469,435.56134033203125,748.3584110116503,0.0033065624389387836,0.25,13.99334192276001
276823656,Std-XY p=20,0,spsa,sequential,4,continuation,65,120,5,40,1.0819183588027954,147,746.8128051757812,118.08147430419922,13943.234375,12688.34375,12688.34375,718.7144729944615,0.00327993891312262,0.25,14.114222288131714
276823656,Std-XY p=20,0,spsa,sequential,4,continuation,70,120,5,40,1.0819183588027954,157,204.21896362304688,32.289852142333984,1042.634521484375,1042.634521484375,1042.634521484375,692.0028257862539,0.0032554805298644204,0.25,14.232499599456787
276823656,Std-XY p=20,0,spsa,sequential,4,continuation,75,120,5,40,1.0819183588027954,167,262.5666198730469,41.51543045043945,1719.2220458984375,1706.295654296875,1654.589599609375,667.7797065534803,0.0032328742847293024,0.25,14.350387334823608
276823656,Std-XY p=20,0,spsa,sequential,4,continuation,80,120,5,40,1.0819183588027954,177,367.8815612792969,58.16718673706055,3307.29443359375,3349.587158203125,3248.08447265625,645.6892188065115,0.003211869679750853,0.25,14.469100952148438
276823656,Std-XY p=20,0,spsa,sequential,4,continuation,85,120,5,40,1.0819183588027954,187,186.3859100341797,29.470199584960938,868.49267578125,868.4927978515625,868.49267578125,625.442260885176,0.003192263210215197,0.25,14.586537599563599
276823656,Std-XY p=20,0,spsa,sequential,4,continuation,90,120,5,40,1.0819183588027954,197,214.2987518310547,33.88360595703125,1102.1749267578125,1136.6177978515625,1044.7698974609375,606.8013015249265,0.0031738873682490526,0.25,14.704300165176392
276823656,Std-XY p=20,0,spsa,sequential,4,continuation,95,120,5,40,1.0819183588027954,207,175.61050415039062,27.76645851135254,740.1371459960938,763.2664794921875,578.232177734375,589.5691804957715,0.003156602674903236,0.25,14.821514129638672
276823656,Std-XY p=20,0,spsa,sequential,4,continuation,100,120,5,40,1.0819183588027954,217,223.24755859375,35.29853820800781,1217.9521484375,1046.62890625,1233.5269775390625,573.5807366348555,0.0031402917940665897,0.25,14.938965797424316
276823656,Std-XY p=20,0,spsa,sequential,4,continuation,105,120,5,40,1.0819183588027954,227,92.8740234375,14.684672355651855,181.1372833251953,213.4832000732422,109.9761962890625,558.6964582751602,0.0031248551092334926,0.25,15.056583642959595
276823656,Std-XY p=20,0,spsa,sequential,4,continuation,110,120,5,40,1.0819183588027954,237,65.2553482055664,10.317776679992676,105.3919448852539,105.3919448852539,105.3919448852539,544.7976040859185,0.003110207348428353,0.25,15.173869371414185
276823656,Std-XY p=20,0,spsa,sequential,4,continuation,115,120,5,40,1.0819183588027954,247,192.3148193359375,30.407642364501953,922.3131713867188,915.3785400390625,924.6246948242188,531.7824089380799,0.0030962749733632706,0.25,15.291782140731812
276823656,Std-XY p=20,0,spsa,sequential,4,continuation,120,120,5,40,1.0819183588027954,257,82.83343505859375,13.097116470336914,171.10562133789062,171.53445434570312,169.81912231445312,519.5631012797717,0.003082994134626136,0.25,15.409045696258545
276823656,Std-XY p=26,0,spsa,sequential,0,deterministic_linear_ramp,1,120,5,52,11.16475772857666,19,299.973876953125,41.59889221191406,1689.5098876953125,1638.3126220703125,1720.2283935546875,0.0008268448524725514,0.005,0.2480318546295166,0.28237080574035645
276823656,Std-XY p=26,0,spsa,sequential,0,deterministic_linear_ramp,5,120,5,52,8.083979606628418,27,187.36380004882812,25.982685089111328,671.105224609375,659.1211547851562,611.1851196289062,0.0007035381856974733,0.004249854228953168,0.13181757926940918,0.4054422378540039
276823656,Std-XY p=26,0,spsa,sequential,0,deterministic_linear_ramp,10,120,5,52,7.310035228729248,37,66.0550765991211,9.160191535949707,83.90911102294922,81.923095703125,81.92308807373047,0.0006023923823352372,0.003962506652402359,0.03979107737541199,0.556312084197998
276823656,Std-XY p=26,0,spsa,sequential,0,deterministic_linear_ramp,15,120,5,52,7.026758193969727,47,123.18338775634766,17.082462310791016,287.92547607421875,207.2027130126953,264.1834716796875,0.0005325212455142299,0.003803511968368888,0.065597765147686,0.7059779167175293
276823656,Std-XY p=26,0,spsa,sequential,0,deterministic_linear_ramp,20,120,5,52,6.6546783447265625,57,191.29388427734375,26.52768898010254,694.3492431640625,699.5543212890625,687.0621948242188,0.0004807481682725674,0.003694587655116011,0.09196417778730392,0.856330156326294
276823656,Std-XY p=26,0,spsa,sequential,0,deterministic_linear_ramp,25,120,5,52,6.435593128204346,67,39.12615966796875,5.425822734832764,27.305614471435547,26.65237045288086,27.871763229370117,0.00044051478299351554,0.0036122521934702266,0.0172356516122818,1.0052917003631592
276823656,Std-XY p=26,0,spsa,sequential,0,deterministic_linear_ramp,30,120,5,52,6.393925189971924,77,41.1191291809082,5.702197551727295,30.158193588256836,27.705135345458984,31.745464324951172,0.0004081519279817484,0.003546343160307909,0.01678285002708435,1.1521916389465332
276823656,Std-XY p=26,0,spsa,sequential,0,deterministic_linear_ramp,35,120,5,52,6.337047576904297,87,7.526413440704346,1.0437257289886475,1.0893634557724,1.0829174518585205,1.0829174518585205,0.00038143014643932967,0.003491556964006871,0.002870800904929638,1.3011763095855713
276823656,Std-XY p=26,0,spsa,sequential,0,deterministic_linear_ramp,40,120,5,52,6.230969429016113,97,165.7621307373047,22.98707389831543,515.8988037109375,515.8988647460938,515.8988037109375,0.00035890863920813576,0.003444783602586513,0.05949346348643303,1.4514479637145996
276823656,Std-XY p=26,0,spsa,sequential,0,deterministic_linear_ramp,45,120,5,52,6.0958075523376465,107,124.74065399169922,17.298416137695312,295.2513427734375,270.9052429199219,297.464599609375,0.00033961061950150745,0.0034040469423556765,0.042363252490758896,1.6042826175689697
276823656,Std-XY p=26,0,spsa,sequential,0,deterministic_linear_ramp,50,120,5,52,6.073607921600342,117,14.006195068359375,1.942309856414795,3.7223405838012695,3.7725675106048584,3.5716612339019775,0.0003228480205907574,0.0033680151307934453,0.004521872382611036,1.7536969184875488
276823656,Std-XY p=26,0,spsa,sequential,0,deterministic_linear_ramp,55,120,5,52,6.037680625915527,127,15.462141036987305,2.1442131996154785,4.536438941955566,4.5704450607299805,4.162369728088379,0.0003081207128190276,0.00333574906293868,0.004764206241816282,1.9047822952270508
276823656,Std-XY p=26,0,spsa,sequential,0,deterministic_linear_ramp,60,120,5,52,5.992717742919922,137,67.77237701416016,9.398337364196777,86.23811340332031,79.96626281738281,88.32874298095703,0.00029505553243137407,0.0033065624389387836,0.019996613264083862,2.055704355239868
276823656,Std-XY p=26,0,spsa,sequential,0,deterministic_linear_ramp,65,120,5,52,5.9226884841918945,147,87.7520751953125,12.169024467468262,147.86607360839844,144.5801544189453,147.20889282226562,0.000283367806622025,0.00327993891312262,0.02486611343920231,2.207059860229492
276823656,Std-XY p=26,0,spsa,sequential,0,deterministic_linear_ramp,70,120,5,52,5.898003578186035,157,10.060019493103027,1.3950738906860352,1.9347145557403564,1.9001661539077759,1.9462306499481201,0.00027283619613543687,0.0032554805298644204,0.002744737546890974,2.3578219413757324
276823656,Std-XY p=26,0,spsa,sequential,0,deterministic_linear_ramp,75,120,5,52,5.8672003746032715,167,15.993523597717285,2.217902898788452,4.562530994415283,4.191415786743164,4.802664279937744,0.0002632857384440308,0.0032328742847293024,0.004210866522043943,2.5077669620513916
276823656,Std-XY p=26,0,spsa,sequential,0,deterministic_linear_ramp,80,120,5,52,5.865479469299316,177,7.154599666595459,0.9921644926071167,0.9712844491004944,0.9610910415649414,0.978565514087677,0.00025457611411437367,0.003211869679750853,0.0018213902367278934,2.6574151515960693
276823656,Std-XY p=26,0,spsa,sequential,0,deterministic_linear_ramp,85,120,5,52,5.801581859588623,187,6.04869270324707,0.8388028144836426,0.636978030204773,0.5537129044532776,0.6869370341300964,0.00024659333893380277,0.003192263210215197,0.0014915673527866602,2.8078536987304688
276823656,Std-XY p=26,0,spsa,sequential,0,deterministic_linear_ramp,90,120,5,52,5.749670028686523,197,36.62415313720703,5.078856468200684,25.756624221801758,25.794780731201172,25.64215087890625,0.0002392437613675738,0.0031738873682490526,0.008762100711464882,2.9588212966918945
276823656,Std-XY p=26,0,spsa,sequential,0,deterministic_linear_ramp,95,120,5,52,5.720816612243652,207,14.34731388092041,1.9896146059036255,3.9527101516723633,3.9351425170898438,3.9585657119750977,0.00023244964698285542,0.003156602674903236,0.003335028188303113,3.1103897094726562
276823656,Std-XY p=26,0,spsa,sequential,0,deterministic_linear_ramp,100,120,5,52,5.713807582855225,217,21.149869918823242,2.93295955657959,8.58952522277832,8.602250099182129,8.551349639892578,0.00022614587763020727,0.0031402917940665897,0.004782956093549728,3.2589221000671387
276823656,Std-XY p=26,0,spsa,sequential,0,deterministic_linear_ramp,105,120,5,52,5.703803062438965,227,81.25191497802734,11.267613410949707,125.26882934570312,126.95911407470703,120.19798278808594,0.00022027744799588294,0.0031248551092334926,0.017897965386509895,3.4070799350738525
276823656,Std-XY p=26,0,spsa,sequential,0,deterministic_linear_ramp,110,120,5,52,5.651654243469238,237,48.314090728759766,6.6999592781066895,44.29180908203125,44.62383270263672,43.82697296142578,0.00021479754189387357,0.003110207348428353,0.010377747938036919,3.556303024291992
276823656,Std-XY p=26,0,spsa,sequential,0,deterministic_linear_ramp,115,120,5,52,5.628637313842773,247,13.894457817077637,1.9268147945404053,3.6247427463531494,3.624742031097412,3.624742269515991,0.00020966603635115847,0.0030962749733632706,0.0029131961055099964,3.704240083694458
276823656,Std-XY p=26,0,spsa,sequential,0,deterministic_linear_ramp,120,120,5,52,5.622044086456299,257,14.730015754699707,2.0426857471466064,4.1478753089904785,4.17256498336792,4.073806285858154,0.00020484832564728457,0.003082994134626136,0.0030174192506819963,3.8546504974365234
276823656,Std-XY p=26,0,spsa,sequential,1,random_shared_stream,1,120,5,52,5.827030658721924,19,0.8936717510223389,0.12392998486757278,0.015335919335484505,0.015358640812337399,0.015267760492861271,0.5491004778425084,0.005,0.25,4.164608955383301
276823656,Std-XY p=26,0,spsa,sequential,1,random_shared_stream,5,120,5,52,5.824394702911377,27,0.06068187206983566,0.008415061980485916,6.704214320052415e-05,6.704214320052415e-05,6.704214320052415e-05,0.4672135924795618,0.004249854228953168,0.028351396322250366,4.28313136100769
276823656,Std-XY p=26,0,spsa,sequential,1,random_shared_stream,10,120,5,52,5.824394702911377,37,0.35968828201293945,0.04987978935241699,0.0024732714518904686,0.002473271917551756,0.0024732714518904686,0.4000435438399811,0.003962506652402359,0.14389097690582275,4.43200945854187
276823656,Std-XY p=26,0,spsa,sequential,1,random_shared_stream,15,120,5,52,5.821756362915039,47,1.0224676132202148,0.1417907476425171,0.02010461688041687,0.01713056117296219,0.01713056117296219,0.3536427293448724,0.003803511968368888,0.25,4.582688331604004
276823656,Std-XY p=26,0,spsa,sequential,1,random_shared_stream,20,120,5,52,5.821756362915039,57,0.36901921033859253,0.05117376148700714,0.0026032577734440565,0.0026032580062747,0.0026032580062747,0.31926067886978915,0.003694587655116011,0.11781332641839981,4.7340288162231445
276823656,Std-XY p=26,0,spsa,sequential,1,random_shared_stream,25,120,5,52,5.820393085479736,67,0.2922348976135254,0.04052568972110748,0.0016326134791597724,0.0016326134791597724,0.0016326134791597724,0.29254203749966284,0.0036122521934702266,0.08549099415540695,4.881054401397705
276823656,Std-XY p=26,0,spsa,sequential,1,random_shared_stream,30,120,5,52,5.820393085479736,77,3.3140804767608643,0.45958030223846436,0.1999659538269043,0.16622167825698853,0.21121403574943542,0.27105014685274237,0.003546343160307909,0.25,5.028376579284668
276823656,Std-XY p=26,0,spsa,sequential,1,random_shared_stream,35,120,5,52,5.818850517272949,87,1.0896928310394287,0.15111319720745087,0.02253117971122265,0.022700080648064613,0.022294720634818077,0.2533044440526728,0.003491556964006871,0.25,5.175984144210815
276823656,Std-XY p=26,0,spsa,sequential,1,random_shared_stream,40,120,5,52,5.818850517272949,97,0.03843001648783684,0.005329284816980362,2.8401271265465766e-05,2.8233216653461568e-05,2.823321847245097e-05,0.23834810690501834,0.003444783602586513,0.009159721434116364,5.325957298278809
276823656,Std-XY p=26,0,spsa,sequential,1,random_shared_stream,45,120,5,52,5.818850517272949,107,0.7510297894477844,0.10414909571409225,0.009820095263421535,0.01059029996395111,0.008536423556506634,0.22553245979705558,0.0034040469423556765,0.16938160359859467,5.476496934890747
276823656,Std-XY p=26,0,spsa,sequential,1,random_shared_stream,50,120,5,52,5.818850517272949,117,0.6564606428146362,0.09103471040725708,0.008091168478131294,0.00823828112334013,0.007845981977880001,0.21440056359639473,0.0033680151307934453,0.14074553549289703,5.6261091232299805
276823656,Std-XY p=26,0,spsa,sequential,1,random_shared_stream,55,120,5,52,5.818850517272949,127,1.5745614767074585,0.21835239231586456,0.04739564657211304,0.04739564657211304,0.04513871669769287,0.20462028654610137,0.00333574906293868,0.25,5.776589870452881
276823656,Std-XY p=26,0,spsa,sequential,1,random_shared_stream,60,120,5,52,5.818850517272949,137,0.4606793224811554,0.06388472765684128,0.004057108890265226,0.0038639132399111986,0.004057108890265226,0.19594381384084583,0.0033065624389387836,0.09026726335287094,5.92534327507019
276823656,Std-XY p=26,0,spsa,sequential,1,random_shared_stream,65,120,5,52,5.818850517272949,147,0.1745501607656479,0.024205751717090607,0.0005781176732853055,0.0005547156906686723,0.0005859184311702847,0.18818209674529335,0.00327993891312262,0.032847218215465546,6.074289321899414
276823656,Std-XY p=26,0,spsa,sequential,1,random_shared_stream,70,120,5,52,5.818850517272949,157,1.0588661432266235,0.14683830738067627,0.021433906629681587,0.020413242280483246,0.01837192103266716,0.1811881457841864,0.0032554805298644204,0.19185400009155273,6.2227942943573
276823656,Std-XY p=26,0,spsa,sequential,1,random_shared_stream,75,120,5,52,5.818850517272949,167,1.6847602128982544,0.23363421857357025,0.04941713809967041,0.046510253101587296,0.05167805403470993,0.1748457698641043,0.0032328742847293024,0.25,6.3703508377075195
276823656,Std-XY p=26,0,spsa,sequential,1,random_shared_stream,80,120,5,52,5.818850517272949,177,1.3087681531906128,0.18149349093437195,0.03172169625759125,0.03216024488210678,0.03118569403886795,0.16906178406925748,0.003211869679750853,0.22126266360282898,6.517590522766113
276823656,Std-XY p=26,0,spsa,sequential,1,random_shared_stream,85,120,5,52,5.818850517272949,187,0.15295420587062836,0.021210933104157448,0.0004172922344878316,0.0003194581950083375,0.0004499036294873804,0.16376049247500846,0.003192263210215197,0.02504785545170307,6.66437292098999
276823656,Std-XY p=26,0,spsa,sequential,1,random_shared_stream,90,120,5,52,5.818850517272949,197,0.4707280397415161,0.06527823209762573,0.00426124781370163,0.004034317564219236,0.004034317098557949,0.15887970191135084,0.0031738873682490526,0.0747891291975975,6.813616037368774
276823656,Std-XY p=26,0,spsa,sequential,1,random_shared_stream,95,120,5,52,5.818850517272949,207,0.21731752157211304,0.03013652004301548,0.000896118232049048,0.0008867135620675981,0.0009028356871567667,0.15436778961727343,0.003156602674903236,0.033546824008226395,6.963229179382324
276823656,Std-XY p=26,0,spsa,sequential,1,random_shared_stream,100,120,5,52,5.818850517272949,217,1.5072245597839355,0.20901446044445038,0.042653024196624756,0.04265302047133446,0.042653024196624756,0.1501815111958776,0.0031402917940665897,0.22635729610919952,7.1143810749053955
276823656,Std-XY p=26,0,spsa,sequential,1,random_shared_stream,105,120,5,52,5.818850517272949,227,0.26794204115867615,0.03715687617659569,0.0013622521655634046,0.0013806334463879466,0.001307108555920422,0.1462843380965269,0.0031248551092334926,0.039195723831653595,7.265176057815552
276823656,Std-XY p=26,0,spsa,sequential,1,random_shared_stream,110,120,5,52,5.818850517272949,237,0.2404593527317047,0.03334571421146393,0.0010856185108423233,0.0010856186272576451,0.0008750743581913412,0.14264518009711818,0.003110207348428353,0.034300368279218674,7.415007829666138
276823656,Std-XY p=26,0,spsa,sequential,1,random_shared_stream,115,120,5,52,5.818850517272949,247,0.9073070287704468,0.1258208453655243,0.01573721133172512,0.015830885618925095,0.015456190332770348,0.13923739188010212,0.0030962749733632706,0.12633104622364044,7.567374229431152
276823656,Std-XY p=26,0,spsa,sequential,1,random_shared_stream,120,120,5,52,5.818850517272949,257,0.39426523447036743,0.05467475578188896,0.002989328233525157,0.002971640322357416,0.0029716400895267725,0.13603799208739198,0.003082994134626136,0.05363505333662033,7.714952707290649
276823656,Std-XY p=26,0,spsa,sequential,2,random_shared_stream,1,120,5,52,5.828917026519775,19,1.040496587753296,0.14429092407226562,0.02004990726709366,0.018848760053515434,0.020696677267551422,0.5807676543893658,0.005,0.25,8.026524543762207
276823656,Std-XY p=26,0,spsa,sequential,2,random_shared_stream,5,120,5,52,5.820423603057861,27,0.04005004093050957,0.005553941708058119,3.080063106608577e-05,3.084626223426312e-05,3.0663741199532524e-05,0.4941582700297885,0.004249854228953168,0.01979105733335018,8.147321224212646
276823656,Std-XY p=26,0,spsa,sequential,2,random_shared_stream,10,120,5,52,5.820423603057861,37,1.1094366312026978,0.15385118126869202,0.023530123755335808,0.023530127480626106,0.023530127480626106,0.4231144571616859,0.003962506652402359,0.25,8.295274496078491
276823656,Std-XY p=26,0,spsa,sequential,2,random_shared_stream,15,120,5,52,5.8194899559021,47,2.0765764713287354,0.28796935081481934,0.08292634785175323,0.08292634785175323,0.08292634785175323,0.37403766104968256,0.003803511968368888,0.25,8.44459867477417
276823656,Std-XY p=26,0,spsa,sequential,2,random_shared_stream,20,120,5,52,5.8194899559021,57,0.01954452320933342,0.002710337983444333,7.345930498559028e-06,7.172062396421097e-06,7.172061941673746e-06,0.33767276316074274,0.003694587655116011,0.006599653512239456,8.594613790512085
276823656,Std-XY p=26,0,spsa,sequential,2,random_shared_stream,25,120,5,52,5.8194899559021,67,1.500678539276123,0.20810666680335999,0.043244317173957825,0.04305212199687958,0.04330839216709137,0.3094132308835744,0.0036122521934702266,0.25,8.744700908660889
276823656,Std-XY p=26,0,spsa,sequential,2,random_shared_stream,30,120,5,52,5.8194899559021,77,1.4834824800491333,0.20572200417518616,0.04131985083222389,0.04207112267613411,0.04006773233413696,0.28668188129807154,0.003546343160307909,0.25,8.8959379196167
276823656,Std-XY p=26,0,spsa,sequential,2,random_shared_stream,35,120,5,52,5.8194899559021,87,0.39392414689064026,0.05462745577096939,0.002979743992909789,0.0029841584619134665,0.002966500585898757,0.26791276597844654,0.003491556964006871,0.10553731769323349,9.04653286933899
276823656,Std-XY p=26,0,spsa,sequential,2,random_shared_stream,40,120,5,52,5.8194899559021,97,0.4876120388507843,0.06761962175369263,0.004565649665892124,0.004545357543975115,0.004464190453290939,0.25209388183245396,0.003444783602586513,0.12292400747537613,9.196770191192627
276823656,Std-XY p=26,0,spsa,sequential,2,random_shared_stream,45,120,5,52,5.8194899559021,107,0.8257792592048645,0.11451497673988342,0.01309428084641695,0.013036083430051804,0.013113679364323616,0.2385391434726958,0.0034040469423556765,0.19698067009449005,9.345950365066528
276823656,Std-XY p=26,0,spsa,sequential,2,random_shared_stream,50,120,5,52,5.8194899559021,117,0.7508970499038696,0.10413069278001785,0.010698838159441948,0.01077903900295496,0.010586556047201157,0.22676525962767394,0.0033680151307934453,0.17027735710144043,9.495309829711914
276823656,Std-XY p=26,0,spsa,sequential,2,random_shared_stream,55,120,5,52,5.8194899559021,127,0.4339708089828491,0.06018092483282089,0.0036163856275379658,0.003600312629714608,0.003621743293479085,0.2164209441681522,0.00333574906293868,0.09392037242650986,9.64415431022644
276823656,Std-XY p=26,0,spsa,sequential,2,random_shared_stream,60,120,5,52,5.8194899559021,137,0.08267269283533096,0.011464640498161316,0.0001306602352997288,0.0001244383311131969,0.0001306602352997288,0.20724409055985887,0.0033065624389387836,0.017133427783846855,9.793940782546997
276823656,Std-XY p=26,0,spsa,sequential,2,random_shared_stream,65,120,5,52,5.8194899559021,147,1.201932430267334,0.1666780561208725,0.027781568467617035,0.027124017477035522,0.027124017477035522,0.19903474743684896,0.00327993891312262,0.2392263412475586,9.946500778198242
276823656,Std-XY p=26,0,spsa,sequential,2,random_shared_stream,70,120,5,52,5.8194899559021,157,0.744638979434967,0.10326284915208817,0.010268866084516048,0.010410831309854984,0.010095352306962013,0.19163744829306395,0.0032554805298644204,0.14270071685314178,10.094383239746094
276823656,Std-XY p=26,0,spsa,sequential,2,random_shared_stream,75,120,5,52,5.8194899559021,167,1.2890969514846802,0.17876559495925903,0.03190985694527626,0.03025527112185955,0.031200747936964035,0.1849293011779231,0.0032328742847293024,0.23839178681373596,10.243797302246094
276823656,Std-XY p=26,0,spsa,sequential,2,random_shared_stream,80,120,5,52,5.8194899559021,177,1.0802021026611328,0.14979708194732666,0.02243916504085064,0.02243916504085064,0.02243916317820549,0.17881174710786807,0.003211869679750853,0.19315283000469208,10.393390417098999
276823656,Std-XY p=26,0,spsa,sequential,2,random_shared_stream,85,120,5,52,5.8194899559021,187,1.3248850107192993,0.18372851610183716,0.03295719996094704,0.03355642408132553,0.03195849433541298,0.1732047246981933,0.003192263210215197,0.22947634756565094,10.542674541473389
276823656,Std-XY p=26,0,spsa,sequential,2,random_shared_stream,90,120,5,52,5.8194899559021,197,0.806033730506897,0.11177676171064377,0.012198327109217644,0.010645813308656216,0.012420116923749447,0.16804245403625773,0.0031738873682490526,0.1354478895664215,10.68924617767334
276823656,Std-XY p=26,0,spsa,sequential,2,random_shared_stream,95,120,5,52,5.8194899559021,207,0.35566002130508423,0.04932117089629173,0.0024001917336136103,0.0024181841872632504,0.002375002484768629,0.16327033522452827,0.003156602674903236,0.05806873366236687,10.83637547492981
276823656,Std-XY p=26,0,spsa,sequential,2,random_shared_stream,100,120,5,52,5.8194899559021,217,0.2321333885192871,0.03219110891222954,0.0010362674947828054,0.0010117405327036977,0.0010117405327036977,0.15884262991826517,0.0031402917940665897,0.03687267377972603,10.987765550613403
276823656,Std-XY p=26,0,spsa,sequential,2,random_shared_stream,105,120,5,52,5.8194899559021,227,0.4307980239391327,0.05974093824625015,0.0035689794458448887,0.003484506392851472,0.0034845061600208282,0.15472070292859605,0.0031248551092334926,0.06665337085723877,11.136144399642944
276823656,Std-XY p=26,0,spsa,sequential,2,random_shared_stream,110,120,5,52,5.8194899559021,237,0.33885422348976135,0.04699062556028366,0.0021787206642329693,0.0021558557637035847,0.0021950530353933573,0.15087167102905527,0.003110207348428353,0.05112349987030029,11.284144401550293
276823656,Std-XY p=26,0,spsa,sequential,2,random_shared_stream,115,120,5,52,5.8194899559021,247,0.4625377953052521,0.06414245069026947,0.00401687528938055,0.0035056364722549915,0.004089909605681896,0.14726735223984494,0.0030962749733632706,0.06811671704053879,11.429361820220947
276823656,Std-XY p=26,0,spsa,sequential,2,random_shared_stream,120,120,5,52,5.819427013397217,257,0.929060697555542,0.12883754074573517,0.016500892117619514,0.015027598477900028,0.016206232830882072,0.1438834398448551,0.003082994134626136,0.1336764544248581,11.577027797698975
276823656,Std-XY p=26,0,spsa,sequential,3,random_shared_stream,1,120,5,52,5.827055931091309,19,0.6546945571899414,0.090789794921875,0.008230593055486679,0.00804769154638052,0.008194013498723507,0.7644771712384945,0.005,0.25,11.886721134185791
276823656,Std-XY p=26,0,spsa,sequential,3,random_shared_stream,5,120,5,52,5.824502468109131,27,0.20025019347667694,0.027769707143306732,0.0007711565122008324,0.0007711565122008324,0.0007711565122008324,0.6504713435077248,0.004249854228953168,0.1302569955587387,12.008095026016235
276823656,Std-XY p=26,0,spsa,sequential,3,random_shared_stream,10,120,5,52,5.821382522583008,37,1.8170982599258423,0.25198620557785034,0.06312132626771927,0.06349705159664154,0.06199415773153305,0.556954818121151,0.003962506652402359,0.25,12.156786918640137
276823656,Std-XY p=26,0,spsa,sequential,3,random_shared_stream,15,120,5,52,5.821382522583008,47,0.3340422213077545,0.046323325484991074,0.002133152913302183,0.002095060655847192,0.0021458500996232033,0.492353957550498,0.003803511968368888,0.1644670069217682,12.305423021316528
276823656,Std-XY p=26,0,spsa,sequential,3,random_shared_stream,20,120,5,52,5.821382522583008,57,0.8432065844535828,0.1169317215681076,0.013652799651026726,0.013673026114702225,0.013592122122645378,0.4444860467596617,0.003694587655116011,0.25,12.45401906967163
276823656,Std-XY p=26,0,spsa,sequential,3,random_shared_stream,25,120,5,52,5.821382522583008,67,1.3331432342529297,0.18487370014190674,0.03412773087620735,0.033369336277246475,0.032358139753341675,0.4072874060769478,0.0036122521934702266,0.25,12.603190660476685
276823656,Std-XY p=26,0,spsa,sequential,3,random_shared_stream,30,120,5,52,5.821382522583008,77,1.7055200338363647,0.23651307821273804,0.055855683982372284,0.05593843013048172,0.05560743808746338,0.37736563323333133,0.003546343160307909,0.25,12.751637697219849
276823656,Std-XY p=26,0,spsa,sequential,3,random_shared_stream,35,120,5,52,5.821382522583008,87,1.849966287612915,0.25654417276382446,0.0642571672797203,0.05607897788286209,0.06542547047138214,0.352659436051461,0.003491556964006871,0.25,12.901040077209473
276823656,Std-XY p=26,0,spsa,sequential,3,random_shared_stream,40,120,5,52,5.821382522583008,97,0.1083027720451355,0.015018892474472523,0.00022423242626246065,0.00022423241171054542,0.00022423241171054542,0.331836692717394,0.003444783602586513,0.03593883290886879,13.048940658569336
276823656,Std-XY p=26,0,spsa,sequential,3,random_shared_stream,45,120,5,52,5.821382522583008,107,0.7227462530136108,0.10022687166929245,0.009673923254013062,0.009807664901018143,0.009510463103652,0.31399429402347745,0.0034040469423556765,0.2269381880760193,13.196647644042969
276823656,Std-XY p=26,0,spsa,sequential,3,random_shared_stream,50,120,5,52,5.821382522583008,117,0.28381967544555664,0.0393587090075016,0.001539941760711372,0.00153994164429605,0.0015399418771266937,0.29849607309415127,0.0033680151307934453,0.08471906185150146,13.346108436584473
276823656,Std-XY p=26,0,spsa,sequential,3,random_shared_stream,55,120,5,52,5.821382522583008,127,1.3678840398788452,0.18969140946865082,0.03550376743078232,0.035982824862003326,0.0340665802359581,0.28487962431101704,0.00333574906293868,0.25,13.497674465179443
276823656,Std-XY p=26,0,spsa,sequential,3,random_shared_stream,60,120,5,52,5.821382522583008,137,0.0701938048005104,0.009734130464494228,8.970724593382329e-05,8.578255801694468e-05,9.25105923670344e-05,0.2727999311078649,0.0033065624389387836,0.019148867577314377,13.648482084274292
276823656,Std-XY p=26,0,spsa,sequential,3,random_shared_stream,65,120,5,52,5.821382522583008,147,1.1751995086669922,0.16297085583209991,0.025930872187018394,0.02263057976961136,0.026402343064546585,0.2619937931265694,0.00327993891312262,0.25,13.798902988433838
276823656,Std-XY p=26,0,spsa,sequential,3,random_shared_stream,70,120,5,52,5.821382522583008,157,0.4863918125629425,0.06745041906833649,0.004307273309677839,0.0038765461649745703,0.004522637464106083,0.25225656640344624,0.0032554805298644204,0.12269552797079086,13.94738507270813
276823656,Std-XY p=26,0,spsa,sequential,3,random_shared_stream,75,120,5,52,5.821382522583008,167,0.8870518207550049,0.12301196157932281,0.01504240371286869,0.015042402781546116,0.015042402781546116,0.24342648557494953,0.0032328742847293024,0.21593190729618073,14.091305017471313
276823656,Std-XY p=26,0,spsa,sequential,3,random_shared_stream,80,120,5,52,5.8207783699035645,177,0.4148447513580322,0.05752861872315407,0.003309541614726186,0.003309541614726186,0.003309541614726186,0.2353738152944542,0.003211869679750853,0.09764358401298523,14.239809513092041
276823656,Std-XY p=26,0,spsa,sequential,3,random_shared_stream,85,120,5,52,5.820052146911621,187,0.1491842120885849,0.0206881295889616,0.0004223004507366568,0.0004052058211527765,0.00042799863149411976,0.22799316900945082,0.003192263210215197,0.03401298075914383,14.392809629440308
276823656,Std-XY p=26,0,spsa,sequential,3,random_shared_stream,90,120,5,52,5.819706916809082,197,1.1445894241333008,0.15872600674629211,0.025044867768883705,0.024597637355327606,0.025193946436047554,0.22119795918160087,0.0031738873682490526,0.25,14.546534776687622
276823656,Std-XY p=26,0,spsa,sequential,3,random_shared_stream,95,120,5,52,5.819706916809082,207,0.5740668177604675,0.07960875332355499,0.00632817717269063,0.006337552331387997,0.006300052162259817,0.2149163147710823,0.003156602674903236,0.12337633222341537,14.697441577911377
276823656,Std-XY p=26,0,spsa,sequential,3,random_shared_stream,100,120,5,52,5.819706916809082,217,0.5463894009590149,0.07577057927846909,0.005732688121497631,0.0054354374296963215,0.005197637248784304,0.20908802939391433,0.0031402917940665897,0.11424348503351212,14.844585180282593
276823656,Std-XY p=26,0,spsa,sequential,3,random_shared_stream,105,120,5,52,5.819706916809082,227,0.521028995513916,0.07225371897220612,0.00509703578427434,0.00509703578427434,0.00509703578427434,0.20366224670560842,0.0031248551092334926,0.10611393302679062,14.993452072143555
276823656,Std-XY p=26,0,spsa,sequential,3,random_shared_stream,110,120,5,52,5.819706916809082,237,0.8308285474777222,0.11521519720554352,0.013274540193378925,0.012567611411213875,0.0125676104798913,0.1985956817956506,0.003110207348428353,0.16499896347522736,15.142959594726562
276823656,Std-XY p=26,0,spsa,sequential,3,random_shared_stream,115,120,5,52,5.819706916809082,247,1.118308663368225,0.15508151054382324,0.024014698341488838,0.024050273001194,0.023907963186502457,0.19385123810738356,0.0030962749733632706,0.2167855203151703,15.292452573776245
276823656,Std-XY p=26,0,spsa,sequential,3,random_shared_stream,120,120,5,52,5.819706916809082,257,0.029555952176451683,0.004098673351109028,1.6774267351138406e-05,1.669971607043408e-05,1.640150549064856e-05,0.18939692017853704,0.003082994134626136,0.005597806069999933,15.44192886352539
276823656,Std-XY p=26,0,spsa,sequential,4,continuation,1,120,5,52,0.9747446179389954,19,242.0205078125,33.56220626831055,1119.7564697265625,1099.7607421875,1126.421630859375,0.0030739482347698884,0.005,0.25,15.763407230377197
276823656,Std-XY p=26,0,spsa,sequential,4,continuation,5,120,5,52,0.9747446179389954,27,828.6243896484375,114.90953063964844,13126.0693359375,13204.201171875,12891.67578125,0.0026155329594795425,0.004249854228953168,0.25,15.884036540985107
276823656,Std-XY p=26,0,spsa,sequential,4,continuation,10,120,5,52,0.9747446179389954,37,196.99658203125,27.318513870239258,741.8850708007812,706.5572509765625,635.901611328125,0.0022395047810734262,0.003962506652402359,0.25,16.033122301101685
276823656,Std-XY p=26,0,spsa,sequential,4,continuation,15,120,5,52,0.9747446179389954,47,361.3340148925781,50.10801696777344,2507.0986328125,2510.81298828125,2495.9560546875,0.0019797459435478204,0.003803511968368888,0.25,16.183758974075317
276823656,Std-XY p=26,0,spsa,sequential,4,continuation,20,120,5,52,0.9747446179389954,57,6.564632892608643,0.9103508591651917,0.8287385106086731,0.8238347768783569,0.8238348364830017,0.0017872699803490328,0.003694587655116011,0.011732771061360836,16.333552360534668
276823656,Std-XY p=26,0,spsa,sequential,4,continuation,25,120,5,52,0.9747446179389954,67,288.4553527832031,40.00156021118164,1540.9486083984375,1448.6336669921875,1590.656494140625,0.001637694950296507,0.0036122521934702266,0.25,16.484216690063477
276823656,Std-XY p=26,0,spsa,sequential,4,continuation,30,120,5,52,0.9747446179389954,77,127.72286987304688,17.71197509765625,297.00738525390625,297.00738525390625,297.0073547363281,0.0015173800680812392,0.003546343160307909,0.19380414485931396,16.634148120880127
276823656,Std-XY p=26,0,spsa,sequential,4,continuation,35,120,5,52,0.9747446179389954,87,475.6915283203125,65.96654510498047,4325.8359375,4325.8359375,4325.83642578125,0.0014180369168762777,0.003491556964006871,0.25,16.783546924591064
276823656,Std-XY p=26,0,spsa,sequential,4,continuation,40,120,5,52,0.9747446179389954,97,277.2021789550781,38.4410285949707,1468.96875,1477.712646484375,1442.7371826171875,0.0013343090600834776,0.003444783602586513,0.25,16.93353009223938
276823656,Std-XY p=26,0,spsa,sequential,4,continuation,45,120,5,52,0.9747446179389954,107,128.05841064453125,17.758508682250977,313.49853515625,313.4985046386719,313.4985046386719,0.0012625651126738106,0.0034040469423556765,0.16168208420276642,17.083165884017944
276823656,Std-XY p=26,0,spsa,sequential,4,continuation,50,120,5,52,0.9747446179389954,117,38.14413833618164,5.2896409034729,27.81473159790039,27.81473159790039,26.49022102355957,0.0012002470596826464,0.0033680151307934453,0.04578239098191261,17.234134435653687
276823656,Std-XY p=26,0,spsa,sequential,4,continuation,55,120,5,52,0.9747446179389954,127,54.67825698852539,7.582510471343994,57.40940475463867,56.13364028930664,57.15425109863281,0.0011454955768712752,0.00333574906293868,0.0626337006688118,17.38459610939026
276823656,Std-XY p=26,0,spsa,sequential,4,continuation,60,120,5,52,0.9747446179389954,137,460.0179443359375,63.79301452636719,4015.36767578125,4069.548095703125,3852.82666015625,0.0010969233591577822,0.0033065624389387836,0.25,17.534302473068237
276823656,Std-XY p=26,0,spsa,sequential,4,continuation,65,120,5,52,0.9747446179389954,147,3.412377119064331,0.4732115864753723,0.21862909197807312,0.21862909197807312,0.21862909197807312,0.001053472082884262,0.00327993891312262,0.003594843903556466,17.684301376342773
276823656,Std-XY p=26,0,spsa,sequential,4,continuation,70,120,5,52,0.9747446179389954,157,173.8209228515625,24.10462760925293,580.1734619140625,567.2807006835938,550.0903930664062,0.0010143188785464428,0.0032554805298644204,0.17630983889102936,17.83422589302063
276823656,Std-XY p=26,0,spsa,sequential,4,continuation,75,120,5,52,0.9747446179389954,167,246.42916870117188,34.17357635498047,1167.8333740234375,1160.923095703125,1160.923095703125,0.000978813290679562,0.0032328742847293024,0.24120812118053436,17.984618186950684
276823656,Std-XY p=26,0,spsa,sequential,4,continuation,80,120,5,52,0.9747446179389954,177,399.79095458984375,55.44103240966797,3055.519775390625,2910.01904296875,3055.52001953125,0.0009464336559105989,0.003211869679750853,0.25,18.130142211914062
276823656,Std-XY p=26,0,spsa,sequential,4,continuation,85,120,5,52,0.9747446179389954,187,43.10400390625,5.977449893951416,35.254215240478516,35.518489837646484,34.88423156738281,0.000916756216906774,0.003192263210215197,0.039515864104032516,18.278770446777344
276823656,Std-XY p=26,0,spsa,sequential,4,continuation,90,120,5,52,0.9747446179389954,197,719.8958740234375,99.83160400390625,9833.66015625,9907.3759765625,9730.45703125,0.0008894328068154426,0.0031738873682490526,0.25,18.42815589904785
276823656,Std-XY p=26,0,spsa,sequential,4,continuation,95,120,5,52,0.9747446179389954,207,53.25150680541992,7.384655475616455,54.533138275146484,54.533138275146484,54.533138275146484,0.0008641744335459265,0.003156602674903236,0.04601859301328659,18.578206777572632
276823656,Std-XY p=26,0,spsa,sequential,4,continuation,100,120,5,52,0.9747446179389954,217,106.25906372070312,14.735481262207031,216.81317138671875,211.99510192871094,215.84957885742188,0.0008407390083678848,0.0031402917940665897,0.08933613449335098,18.729067087173462
276823656,Std-XY p=26,0,spsa,sequential,4,continuation,105,120,5,52,0.9747446179389954,227,399.75689697265625,55.436309814453125,3073.183837890625,3000.44580078125,3000.4462890625,0.0008189220388827885,0.0031248551092334926,0.25,18.87928009033203
276823656,Std-XY p=26,0,spsa,sequential,4,continuation,110,120,5,52,0.9747446179389954,237,206.4158477783203,28.62472915649414,808.4661865234375,799.9815063476562,814.526611328125,0.0007985494772848005,0.003110207348428353,0.16483326256275177,19.0295672416687
276823656,Std-XY p=26,0,spsa,sequential,4,continuation,115,120,5,52,0.9747446179389954,247,271.96612548828125,37.71491622924805,1422.414794921875,1413.9981689453125,1413.9981689453125,0.0007794721590218019,0.0030962749733632706,0.21199002861976624,19.178728103637695
276823656,Std-XY p=26,0,spsa,sequential,4,continuation,120,120,5,52,0.9747446179389954,257,218.15304565429688,30.25238609313965,913.8529052734375,893.5450439453125,866.4678955078125,0.0007615614309456459,0.003082994134626136,0.1661369502544403,19.329285621643066
276823656,Std-XY p=30,0,spsa,sequential,0,deterministic_linear_ramp,1,120,5,60,11.210351943969727,19,159.41278076171875,20.580101013183594,423.5405578613281,421.6581726074219,421.6581726074219,0.0016056810374988852,0.005,0.25,0.32006072998046875
276823656,Std-XY p=30,0,spsa,sequential,0,deterministic_linear_ramp,5,120,5,60,9.301203727722168,27,191.2141571044922,24.685644149780273,606.672607421875,606.6725463867188,606.672607421875,0.001366227195528563,0.004249854228953168,0.25,0.45815134048461914
276823656,Std-XY p=30,0,spsa,sequential,0,deterministic_linear_ramp,10,120,5,60,6.787368297576904,37,241.4757843017578,31.17439079284668,962.1240844726562,971.8424682617188,932.9688110351562,0.0011698083655682897,0.003962506652402359,0.25,0.6293759346008301
276823656,Std-XY p=30,0,spsa,sequential,0,deterministic_linear_ramp,15,120,5,60,6.206793308258057,47,76.05892944335938,9.819165229797363,94.70193481445312,95.98749542236328,85.70311737060547,0.0010341229838107659,0.003803511968368888,0.07865428924560547,0.8014748096466064
276823656,Std-XY p=30,0,spsa,sequential,0,deterministic_linear_ramp,20,120,5,60,6.206793308258057,57,123.61476135253906,15.958599090576172,247.6024627685547,244.48974609375,250.14923095703125,0.0009335829028858957,0.003694587655116011,0.1154046282172203,0.968451738357544
276823656,Std-XY p=30,0,spsa,sequential,0,deterministic_linear_ramp,25,120,5,60,5.950916290283203,67,5.284843921661377,0.6822704672813416,0.4654929041862488,0.4654929041862488,0.4654929041862488,0.0008554521826863587,0.0036122521934702266,0.004520931281149387,1.1402783393859863
276823656,Std-XY p=30,0,spsa,sequential,0,deterministic_linear_ramp,30,120,5,60,5.950916290283203,77,20.072050094604492,2.5912907123565674,6.7073259353637695,6.714787006378174,6.684942722320557,0.0007926055404700727,0.003546343160307909,0.015909217298030853,1.3067104816436768
276823656,Std-XY p=30,0,spsa,sequential,0,deterministic_linear_ramp,35,120,5,60,5.950916290283203,87,11.89083194732666,1.5350998640060425,2.332965850830078,2.3146371841430664,2.0946943759918213,0.000740713510444677,0.003491556964006871,0.00880769919604063,1.474994421005249
276823656,Std-XY p=30,0,spsa,sequential,0,deterministic_linear_ramp,40,120,5,60,5.911617755889893,97,20.428464889526367,2.6373038291931152,6.92445707321167,6.95536994934082,6.831719398498535,0.0006969781506744805,0.003444783602586513,0.01423819363117218,1.6457631587982178
276823656,Std-XY p=30,0,spsa,sequential,0,deterministic_linear_ramp,45,120,5,60,5.872738838195801,107,63.97677993774414,8.259366989135742,66.32222747802734,67.00440216064453,65.48844909667969,0.0006595026022550247,0.0034040469423556765,0.04219285398721695,1.8185601234436035
276823656,Std-XY p=30,0,spsa,sequential,0,deterministic_linear_ramp,50,120,5,60,5.872738838195801,117,33.41520690917969,4.313884735107422,18.278759002685547,17.86521339416504,18.526887893676758,0.0006269506825935494,0.0033680151307934453,0.02094968408346176,1.9840872287750244
276823656,Std-XY p=30,0,spsa,sequential,0,deterministic_linear_ramp,55,120,5,60,5.73682165145874,127,28.595169067382812,3.6916205883026123,13.491781234741211,13.082940101623535,13.628063201904297,0.0005983511711474025,0.00333574906293868,0.017109952867031097,2.151517391204834
276823656,Std-XY p=30,0,spsa,sequential,0,deterministic_linear_ramp,60,120,5,60,5.706626892089844,137,59.43214797973633,7.672657489776611,58.6080207824707,58.60802459716797,58.608028411865234,0.0005729794072218913,0.0033065624389387836,0.034053392708301544,2.324618101119995
276823656,Std-XY p=30,0,spsa,sequential,0,deterministic_linear_ramp,65,120,5,60,5.696660995483398,147,25.251277923583984,3.2599263191223145,10.438191413879395,10.202033042907715,10.579886436462402,0.0005502825740161951,0.00327993891312262,0.013895339332520962,2.4906132221221924
276823656,Std-XY p=30,0,spsa,sequential,0,deterministic_linear_ramp,70,120,5,60,5.674461841583252,157,35.353145599365234,4.5640716552734375,19.69662857055664,20.46042251586914,18.516223907470703,0.0005298308445265924,0.0032554805298644204,0.018731189891695976,2.662196636199951
276823656,Std-XY p=30,0,spsa,sequential,0,deterministic_linear_ramp,75,120,5,60,5.669720649719238,167,24.640336990356445,3.181053876876831,9.939208984375,9.399523735046387,10.119104385375977,0.0005112844524571864,0.0032328742847293024,0.012598222121596336,2.832624673843384
276823656,Std-XY p=30,0,spsa,sequential,0,deterministic_linear_ramp,80,120,5,60,5.663695335388184,177,18.358177185058594,2.370030641555786,5.21760892868042,5.392362117767334,4.992927551269531,0.0004943709062362118,0.003211869679750853,0.009075747802853584,2.9927804470062256
276823656,Std-XY p=30,0,spsa,sequential,0,deterministic_linear_ramp,85,120,5,60,5.656759262084961,187,16.408512115478516,2.1183297634124756,4.407546520233154,3.988729953765869,4.467377185821533,0.00047886885564506427,0.003192263210215197,0.00785752572119236,3.1589128971099854
276823656,Std-XY p=30,0,spsa,sequential,0,deterministic_linear_ramp,90,120,5,60,5.656759262084961,197,6.977756977081299,0.9008246064186096,0.8105832934379578,0.807878315448761,0.7970585227012634,0.0004645964352551546,0.0031738873682490526,0.003241840982809663,3.3316681385040283
276823656,Std-XY p=30,0,spsa,sequential,0,deterministic_linear_ramp,95,120,5,60,5.648366928100586,207,7.771854877471924,1.0033422708511353,0.9160928726196289,0.7203465104103088,1.0022213459014893,0.00045140268965521716,0.003156602674903236,0.003508236026391387,3.4981093406677246
276823656,Std-XY p=30,0,spsa,sequential,0,deterministic_linear_ramp,100,120,5,60,5.638400554656982,217,24.462299346923828,3.158069610595703,9.796096801757812,9.264182090759277,9.97340202331543,0.00043916116346799357,0.0031402917940665897,0.010742892511188984,3.6679444313049316
276823656,Std-XY p=30,0,spsa,sequential,0,deterministic_linear_ramp,105,120,5,60,5.607050895690918,227,59.297176361083984,7.655233383178711,53.32835388183594,57.56075668334961,45.840248107910156,0.00042776503981123545,0.0031248551092334926,0.025365257635712624,3.836005210876465
276823656,Std-XY p=30,0,spsa,sequential,0,deterministic_linear_ramp,110,120,5,60,5.606240272521973,237,21.738325119018555,2.806405782699585,7.867162704467773,7.840909957885742,7.875913619995117,0.00041712340457705717,0.003110207348428353,0.009067564271390438,4.0030035972595215
276823656,Std-XY p=30,0,spsa,sequential,0,deterministic_linear_ramp,115,120,5,60,5.6049909591674805,247,42.18413162231445,5.445948600769043,29.36176872253418,29.131093978881836,26.362979888916016,0.0004071583414589656,0.0030962749733632706,0.017175620421767235,4.175028085708618
276823656,Std-XY p=30,0,spsa,sequential,0,deterministic_linear_ramp,120,120,5,60,5.5954060554504395,257,14.171671867370605,1.8295551538467407,3.313798427581787,3.287764310836792,3.332394599914551,0.0003978026483102046,0.003082994134626136,0.005637528840452433,4.338860988616943
276823656,Std-XY p=30,0,spsa,sequential,1,random_shared_stream,1,120,5,60,5.822864532470703,19,0.032872725278139114,0.0042438507080078125,1.7509983081254177e-05,1.801026883185841e-05,1.6009127648430876e-05,0.48993151428487375,0.005,0.01610538363456726,4.6945648193359375
276823656,Std-XY p=30,0,spsa,sequential,1,random_shared_stream,5,120,5,60,5.822864532470703,27,0.08256487548351288,0.010659079067409039,0.0001124798072851263,0.00011361596989445388,0.00010907134128501639,0.4168684459306569,0.004249854228953168,0.03441868722438812,4.830116271972656
276823656,Std-XY p=30,0,spsa,sequential,1,random_shared_stream,10,120,5,60,5.822385787963867,37,0.029828106984496117,0.0038507923018187284,1.4235456546884961e-05,1.2456023796403315e-05,1.4828599887550808e-05,0.3569363843635621,0.003962506652402359,0.010646737180650234,4.992655038833618
276823656,Std-XY p=30,0,spsa,sequential,1,random_shared_stream,15,120,5,60,5.8215813636779785,47,1.1099594831466675,0.14329516887664795,0.017772885039448738,0.019712159410119057,0.014692859724164009,0.3155355438489771,0.003803511968368888,0.25,5.161601305007935
276823656,Std-XY p=30,0,spsa,sequential,1,random_shared_stream,20,120,5,60,5.8215813636779785,57,0.9887261986732483,0.12764400243759155,0.016274888068437576,0.01564127206802368,0.016003338620066643,0.28485837139474385,0.003694587655116011,0.25,5.328742027282715
276823656,Std-XY p=30,0,spsa,sequential,1,random_shared_stream,25,120,5,60,5.8215813636779785,67,0.9228154420852661,0.11913497000932693,0.014130058698356152,0.013625414110720158,0.014130057767033577,0.26101882844345364,0.0036122521934702266,0.24087221920490265,5.5005042552948
276823656,Std-XY p=30,0,spsa,sequential,1,random_shared_stream,30,120,5,60,5.820693492889404,77,1.5591458082199097,0.20128487050533295,0.03601386025547981,0.03169219568371773,0.03889496996998787,0.2418428215842669,0.003546343160307909,0.25,5.669155597686768
276823656,Std-XY p=30,0,spsa,sequential,1,random_shared_stream,35,120,5,60,5.820693492889404,87,1.4751802682876587,0.1904449760913849,0.0359065942466259,0.03481851890683174,0.036269284784793854,0.22600932772345653,0.003491556964006871,0.25,5.837937116622925
276823656,Std-XY p=30,0,spsa,sequential,1,random_shared_stream,40,120,5,60,5.820693492889404,97,0.8776118159294128,0.11329919844865799,0.012608500197529793,0.012608500197529793,0.012608500197529793,0.21266462816009696,0.003444783602586513,0.18663698434829712,6.01007080078125
276823656,Std-XY p=30,0,spsa,sequential,1,random_shared_stream,45,120,5,60,5.820693492889404,107,0.46060416102409363,0.0594637468457222,0.0035202214494347572,0.0035202214494347572,0.0035202214494347572,0.20122994608002487,0.0034040469423556765,0.09268735349178314,6.1788671016693115
276823656,Std-XY p=30,0,spsa,sequential,1,random_shared_stream,50,120,5,60,5.819091796875,117,2.108875274658203,0.2722546458244324,0.0741225853562355,0.07280485332012177,0.07280485332012177,0.1912975803609477,0.0033680151307934453,0.25,6.351214170455933
276823656,Std-XY p=30,0,spsa,sequential,1,random_shared_stream,55,120,5,60,5.819091796875,127,0.14560560882091522,0.018797602504491806,0.0003517794539220631,0.00034706806764006615,0.00035334983840584755,0.18257118849146156,0.00333574906293868,0.026583388447761536,6.5195159912109375
276823656,Std-XY p=30,0,spsa,sequential,1,random_shared_stream,60,120,5,60,5.819091796875,137,0.45966219902038574,0.059342142194509506,0.0035214892122894526,0.003271072171628475,0.003271072171628475,0.17482965924013127,0.0033065624389387836,0.08036258071660995,6.692463159561157
276823656,Std-XY p=30,0,spsa,sequential,1,random_shared_stream,65,120,5,60,5.819091796875,147,0.7004390358924866,0.09042628854513168,0.008140570484101772,0.008176913484930992,0.008031546138226986,0.16790431503898218,0.00327993891312262,0.11760672926902771,6.856389284133911
276823656,Std-XY p=30,0,spsa,sequential,1,random_shared_stream,70,120,5,60,5.819091796875,157,0.17472350597381592,0.02255670726299286,0.000499759626109153,0.0005065436707809567,0.0004884528461843729,0.16166400543540527,0.0032554805298644204,0.028246501460671425,7.025362968444824
276823656,Std-XY p=30,0,spsa,sequential,1,random_shared_stream,75,120,5,60,5.819091796875,167,1.2921695709228516,0.16681838035583496,0.027704685926437378,0.025849461555480957,0.027333641424775124,0.15600505964300881,0.0032328742847293024,0.20158497989177704,7.197036027908325
276823656,Std-XY p=30,0,spsa,sequential,1,random_shared_stream,80,120,5,60,5.819091796875,177,0.6342104077339172,0.08187621831893921,0.006636676844209433,0.006584536749869585,0.006673919502645731,0.1508443339954812,0.003211869679750853,0.0956670492887497,7.3666322231292725
276823656,Std-XY p=30,0,spsa,sequential,1,random_shared_stream,85,120,5,60,5.819091796875,187,0.21463026106357574,0.02770864963531494,0.0007643568096682429,0.000767769175581634,0.0007541198865510523,0.14611428927098719,0.003192263210215197,0.03136054798960686,7.53693413734436
276823656,Std-XY p=30,0,spsa,sequential,1,random_shared_stream,90,120,5,60,5.819091796875,197,0.546373724937439,0.0705365538597107,0.004969876725226641,0.00488695316016674,0.00477638840675354,0.14175943399722077,0.0031738873682490526,0.07745363563299179,7.7072389125823975
276823656,Std-XY p=30,0,spsa,sequential,1,random_shared_stream,95,120,5,60,5.817475318908691,207,0.6265926361083984,0.08089277148246765,0.0064782025292515755,0.005496656522154808,0.0062818932346999645,0.1377337080840995,0.003156602674903236,0.08630292862653732,7.878241062164307
276823656,Std-XY p=30,0,spsa,sequential,1,random_shared_stream,100,120,5,60,5.817475318908691,217,0.6145567893981934,0.07933894544839859,0.005951957311481237,0.006042880937457085,0.00584704615175724,0.1339985269852391,0.0031402917940665897,0.08234969526529312,8.048541069030762
276823656,Std-XY p=30,0,spsa,sequential,1,random_shared_stream,105,120,5,60,5.817475318908691,227,0.25058305263519287,0.03235013782978058,0.0010360657470300794,0.0009721111273393035,0.0008186199120245874,0.13052129832665685,0.0031248551092334926,0.032706424593925476,8.220020294189453
276823656,Std-XY p=30,0,spsa,sequential,1,random_shared_stream,110,120,5,60,5.817475318908691,237,0.11519353091716766,0.01487142127007246,0.0002209134108852595,0.00022017622541170567,0.00021722743986174464,0.12727428204945812,0.003110207348428353,0.014661173336207867,8.392821311950684
276823656,Std-XY p=30,0,spsa,sequential,1,random_shared_stream,115,120,5,60,5.817475318908691,247,0.05248786136507988,0.006776154041290283,4.5457094529410824e-05,4.571218232740648e-05,4.2651099647628143e-05,0.12423370403341842,0.0030962749733632706,0.006520760711282492,8.564924478530884
276823656,Std-XY p=30,0,spsa,sequential,1,random_shared_stream,120,120,5,60,5.817475318908691,257,1.2855019569396973,0.16595761477947235,0.02741951495409012,0.027052290737628937,0.025583388283848763,0.121379059303543,0.003082994134626136,0.15603302419185638,8.73704481124878
276823656,Std-XY p=30,0,spsa,sequential,2,random_shared_stream,1,120,5,60,5.822113990783691,19,0.7039934396743774,0.09088516980409622,0.008223401382565498,0.007929708808660507,0.008223402313888073,0.4103212427655276,0.005,0.25,9.093824625015259
276823656,Std-XY p=30,0,spsa,sequential,2,random_shared_stream,5,120,5,60,5.822113990783691,27,1.4040374755859375,0.18126046657562256,0.03270932659506798,0.03270932659506798,0.03270932286977768,0.34913038622076314,0.004249854228953168,0.25,9.230932474136353
276823656,Std-XY p=30,0,spsa,sequential,2,random_shared_stream,10,120,5,60,5.822113990783691,37,1.4065816402435303,0.18158893287181854,0.031655553728342056,0.032388318330049515,0.030629681423306465,0.2989368443343932,0.003962506652402359,0.25,9.400134325027466
276823656,Std-XY p=30,0,spsa,sequential,2,random_shared_stream,15,120,5,60,5.820016384124756,47,1.5464658737182617,0.1996479034423828,0.03968212381005287,0.03968212753534317,0.03826490789651871,0.26426333622933107,0.003803511968368888,0.25,9.571401357650757
276823656,Std-XY p=30,0,spsa,sequential,2,random_shared_stream,20,120,5,60,5.820016384124756,57,0.7237995266914368,0.09344212710857391,0.008692623116075993,0.00838217232376337,0.007761270739138126,0.23857097891215243,0.003694587655116011,0.17267756164073944,9.742316484451294
276823656,Std-XY p=30,0,spsa,sequential,2,random_shared_stream,25,120,5,60,5.820016384124756,67,0.6641203761100769,0.08573757112026215,0.0072774216532707214,0.006828197743743658,0.007318259682506323,0.21860518654010297,0.0036122521934702266,0.14518016576766968,9.911410093307495
276823656,Std-XY p=30,0,spsa,sequential,2,random_shared_stream,30,120,5,60,5.820016384124756,77,1.173264980316162,0.15146787464618683,0.022917022928595543,0.022024812176823616,0.022534646093845367,0.20254513990842885,0.003546343160307909,0.23763912916183472,10.08299207687378
276823656,Std-XY p=30,0,spsa,sequential,2,random_shared_stream,35,120,5,60,5.819395065307617,87,1.7761404514312744,0.22929875552654266,0.04971533641219139,0.05234423652291298,0.04416544735431671,0.18928447247050925,0.003491556964006871,0.25,10.24950098991394
276823656,Std-XY p=30,0,spsa,sequential,2,random_shared_stream,40,120,5,60,5.819032669067383,97,0.6127735376358032,0.07910873740911484,0.005917467176914215,0.005256879609078169,0.006230377126485109,0.17810818854200397,0.003444783602586513,0.10913999378681183,10.4179208278656
276823656,Std-XY p=30,0,spsa,sequential,2,random_shared_stream,45,120,5,60,5.819032669067383,107,1.8966691493988037,0.24485895037651062,0.05889001116156578,0.05889001861214638,0.050362955778837204,0.16853155828874827,0.0034040469423556765,0.25,10.590514183044434
276823656,Std-XY p=30,0,spsa,sequential,2,random_shared_stream,50,120,5,60,5.819032669067383,117,1.2441596984863281,0.16062034666538239,0.025684230029582977,0.025340242311358452,0.025798890739679337,0.16021312902542117,0.0033680151307934453,0.19933073222637177,10.76032304763794
276823656,Std-XY p=30,0,spsa,sequential,2,random_shared_stream,55,120,5,60,5.818901062011719,127,1.8923193216323853,0.24429738521575928,0.05941595882177353,0.058620207011699677,0.05543721094727516,0.1529047117214782,0.00333574906293868,0.25,10.932933807373047
276823656,Std-XY p=30,0,spsa,sequential,2,random_shared_stream,60,120,5,60,5.818901062011719,137,0.9818786382675171,0.12675999104976654,0.015907414257526398,0.016068095341324806,0.015425371006131172,0.1464211240960769,0.0033065624389387836,0.14376777410507202,11.095402002334595
276823656,Std-XY p=30,0,spsa,sequential,2,random_shared_stream,65,120,5,60,5.818901062011719,147,0.11993047595024109,0.01548295933753252,0.00023306305229198188,0.00023972200870048255,0.00021308622672222555,0.14062109744675574,0.00327993891312262,0.016864756122231483,11.26175308227539
276823656,Std-XY p=30,0,spsa,sequential,2,random_shared_stream,70,120,5,60,5.818901062011719,157,0.5894082188606262,0.07609228044748306,0.005687099415808916,0.005687099415808916,0.005687099881470203,0.13539479230588558,0.0032554805298644204,0.07980281114578247,11.433675765991211
276823656,Std-XY p=30,0,spsa,sequential,2,random_shared_stream,75,120,5,60,5.818901062011719,167,0.5952434539794922,0.07684560120105743,0.005898685194551945,0.005485318135470152,0.005669036414474249,0.1306553836281888,0.0032328742847293024,0.07777176052331924,11.59507703781128
276823656,Std-XY p=30,0,spsa,sequential,2,random_shared_stream,80,120,5,60,5.818901062011719,177,0.002299946965649724,0.0002969218767248094,8.777076487831437e-08,8.659526429255493e-08,8.189326194951718e-08,0.12633323798226856,0.003211869679750853,0.00029055975028313696,11.758609056472778
276823656,Std-XY p=30,0,spsa,sequential,2,random_shared_stream,85,120,5,60,5.818351745605469,187,2.056053638458252,0.2654353976249695,0.07037767022848129,0.07045594602823257,0.07014282047748566,0.12237179077362383,0.003192263210215197,0.25,11.928735733032227
276823656,Std-XY p=30,0,spsa,sequential,2,random_shared_stream,90,120,5,60,5.818351745605469,197,1.1945743560791016,0.1542188823223114,0.02336064912378788,0.022832127287983894,0.023677760735154152,0.11872456748649955,0.0031738873682490526,0.141825333237648,12.097034931182861
276823656,Std-XY p=30,0,spsa,sequential,2,random_shared_stream,95,120,5,60,5.818351745605469,207,0.5727676749229431,0.07394399493932724,0.0054677133448421955,0.0054677133448421955,0.0054677133448421955,0.11535299245704586,0.003156602674903236,0.06607046723365784,12.2682523727417
276823656,Std-XY p=30,0,spsa,sequential,2,random_shared_stream,100,120,5,60,5.818351745605469,217,0.8944888114929199,0.1154780164361,0.01320181880146265,0.013335170224308968,0.012801763601601124,0.1122247508441833,0.0031402917940665897,0.10038378089666367,12.436780452728271
276823656,Std-XY p=30,0,spsa,sequential,2,random_shared_stream,105,120,5,60,5.818351745605469,227,2.0017096996307373,0.25841963291168213,0.06410946696996689,0.06410946696996689,0.06410946696996689,0.1093125462952435,0.0031248551092334926,0.2188119739294052,12.606013298034668
276823656,Std-XY p=30,0,spsa,sequential,2,random_shared_stream,110,120,5,60,5.818351745605469,237,0.5249025225639343,0.06776462495326996,0.0045920442789793015,0.00451040780171752,0.00451040780171752,0.10659314630709456,0.003110207348428353,0.055951014161109924,12.777664422988892
276823656,Std-XY p=30,0,spsa,sequential,2,random_shared_stream,115,120,5,60,5.818351745605469,247,2.570115804672241,0.33180055022239685,0.10899066179990768,0.10813439637422562,0.10960228741168976,0.10404663987937879,0.0030962749733632706,0.25,12.948036670684814
276823656,Std-XY p=30,0,spsa,sequential,2,random_shared_stream,120,120,5,60,5.817624568939209,257,0.03654036670923233,0.0047173406928777695,2.2154401449370198e-05,1.9780713046202436e-05,2.136317198164761e-05,0.10165585394488698,0.003082994134626136,0.003714541904628277,13.116838455200195
276823656,Std-XY p=30,0,spsa,sequential,3,random_shared_stream,1,120,5,60,5.830261707305908,19,0.23971234261989594,0.03094673343002796,0.00095770024927333,0.0009577001910656691,0.00095770024927333,0.5154923711445054,0.005,0.12356989085674286,13.478651523590088
276823656,Std-XY p=30,0,spsa,sequential,3,random_shared_stream,5,120,5,60,5.8237528800964355,27,1.9333217144012451,0.24959075450897217,0.06167258694767952,0.061188068240880966,0.06201867759227753,0.43861743403419606,0.004249854228953168,0.25,13.61539912223816
276823656,Std-XY p=30,0,spsa,sequential,3,random_shared_stream,10,120,5,60,5.8237528800964355,37,0.36912283301353455,0.04765355587005615,0.002248152391985059,0.0022607683204114437,0.0022304903250187635,0.3755585786145866,0.003962506652402359,0.13862724602222443,13.784526109695435
276823656,Std-XY p=30,0,spsa,sequential,3,random_shared_stream,15,120,5,60,5.823115825653076,47,1.9242210388183594,0.24841590225696564,0.060613375157117844,0.06171044334769249,0.057322148233652115,0.33199776078193416,0.003803511968368888,0.25,13.951199293136597
276823656,Std-XY p=30,0,spsa,sequential,3,random_shared_stream,20,120,5,60,5.822011947631836,57,2.044933557510376,0.2639997899532318,0.06473973393440247,0.06473973393440247,0.06473973393440247,0.2997200895006241,0.003694587655116011,0.25,14.124711036682129
276823656,Std-XY p=30,0,spsa,sequential,3,random_shared_stream,25,120,5,60,5.820115089416504,67,2.396763801574707,0.3094209134578705,0.09403921663761139,0.09531576931476593,0.09191163629293442,0.27463678262068275,0.0036122521934702266,0.25,14.293580293655396
276823656,Std-XY p=30,0,spsa,sequential,3,random_shared_stream,30,120,5,60,5.819478988647461,77,1.5247758626937866,0.19684773683547974,0.03806015104055405,0.03874902427196503,0.0359935387969017,0.2544603192646682,0.003546343160307909,0.25,14.45986557006836
276823656,Std-XY p=30,0,spsa,sequential,3,random_shared_stream,35,120,5,60,5.819478988647461,87,1.9321740865707397,0.24944262206554413,0.06049323454499245,0.06222161278128624,0.05530809983611107,0.23780075551783553,0.003491556964006871,0.25,14.6230149269104
276823656,Std-XY p=30,0,spsa,sequential,3,random_shared_stream,40,120,5,60,5.819478988647461,97,0.6996233463287354,0.09032098948955536,0.007577764801681042,0.0068526193499565125,0.008012852631509304,0.2237598322059961,0.003444783602586513,0.15654760599136353,14.793854713439941
276823656,Std-XY p=30,0,spsa,sequential,3,random_shared_stream,45,120,5,60,5.819478988647461,107,0.0705283135175705,0.009105166420340538,8.207502105506137e-05,8.253558917203918e-05,7.700865535298362e-05,0.21172857639395917,0.0034040469423556765,0.014932859688997269,14.963627815246582
276823656,Std-XY p=30,0,spsa,sequential,3,random_shared_stream,50,120,5,60,5.819478988647461,117,2.3221757411956787,0.2997916042804718,0.08977515250444412,0.08947555720806122,0.0898749977350235,0.20127801625174227,0.0033680151307934453,0.25,15.134269714355469
276823656,Std-XY p=30,0,spsa,sequential,3,random_shared_stream,55,120,5,60,5.819478988647461,127,1.379101037979126,0.17804117500782013,0.03169865906238556,0.03169865906238556,0.03169865906238556,0.19209634839576936,0.00333574906293868,0.25,15.304474592208862
276823656,Std-XY p=30,0,spsa,sequential,3,random_shared_stream,60,120,5,60,5.819478988647461,137,1.2387980222702026,0.15992815792560577,0.02554859034717083,0.02512230910360813,0.02546333707869053,0.18395092571178912,0.0033065624389387836,0.22787804901599884,15.475462436676025
276823656,Std-XY p=30,0,spsa,sequential,3,random_shared_stream,65,120,5,60,5.819478988647461,147,1.1227294206619263,0.14494375884532928,0.02079860121011734,0.020635204389691353,0.02091531828045845,0.17666427033414295,0.00327993891312262,0.19834615290164948,15.64456057548523
276823656,Std-XY p=30,0,spsa,sequential,3,random_shared_stream,70,120,5,60,5.819478988647461,157,0.2705945372581482,0.034933608025312424,0.001219000550918281,0.0012203565565869212,0.0012149328831583261,0.1700983893886824,0.0032554805298644204,0.04602769762277603,15.814714908599854
276823656,Std-XY p=30,0,spsa,sequential,3,random_shared_stream,75,120,5,60,5.819478988647461,167,0.8117475509643555,0.1047961637377739,0.010970031842589378,0.010982233099639416,0.010933424346148968,0.16414420334502963,0.0032328742847293024,0.1332436501979828,15.984791040420532
276823656,Std-XY p=30,0,spsa,sequential,3,random_shared_stream,80,120,5,60,5.819478988647461,177,0.36626654863357544,0.0472848117351532,0.002196104498580098,0.0022259161341935396,0.0019874251447618008,0.15871423074007607,0.003211869679750853,0.058131713420152664,16.155495405197144
276823656,Std-XY p=30,0,spsa,sequential,3,random_shared_stream,85,120,5,60,5.819478988647461,187,1.357782244682312,0.17528894543647766,0.030692070722579956,0.030589649453759193,0.03072621114552021,0.15373740867504107,0.003192263210215197,0.2087419331073761,16.325749158859253
276823656,Std-XY p=30,0,spsa,sequential,3,random_shared_stream,90,120,5,60,5.819478988647461,197,0.5440462827682495,0.07023607194423676,0.004883774556219578,0.0049111801199615,0.004582307767122984,0.14915535055954762,0.0031738873682490526,0.08114740997552872,16.496508836746216
276823656,Std-XY p=30,0,spsa,sequential,3,random_shared_stream,95,120,5,60,5.819478988647461,207,1.9043501615524292,0.2458505630493164,0.058763537555933,0.056144360452890396,0.06017385795712471,0.1449195932424012,0.003156602674903236,0.25,16.666252851486206
276823656,Std-XY p=30,0,spsa,sequential,3,random_shared_stream,100,120,5,60,5.819478988647461,217,1.8501393795013428,0.23885197937488556,0.05705026537179947,0.05603603273630142,0.05603603646159172,0.14098953913245857,0.0031402917940665897,0.25,16.8366060256958
276823656,Std-XY p=30,0,spsa,sequential,3,random_shared_stream,105,120,5,60,5.819478988647461,227,1.8297291994094849,0.23621703684329987,0.054806508123874664,0.054806504398584366,0.05480651184916496,0.1373308954364298,0.0031248551092334926,0.25,17.007054090499878
276823656,Std-XY p=30,0,spsa,sequential,3,random_shared_stream,110,120,5,60,5.819478988647461,237,0.9245172142982483,0.11935466527938843,0.013675713911652565,0.013992279767990112,0.013232517056167126,0.1339144748325804,0.003110207348428353,0.12380622327327728,17.177651166915894
276823656,Std-XY p=30,0,spsa,sequential,3,random_shared_stream,115,120,5,60,5.819478988647461,247,0.8833467960357666,0.1140395849943161,0.012773825787007809,0.01248482521623373,0.012947226874530315,0.13071526285001178,0.0030962749733632706,0.11546691507101059,17.34747314453125
276823656,Std-XY p=30,0,spsa,sequential,3,random_shared_stream,120,120,5,60,5.819478988647461,257,1.1968467235565186,0.15451225638389587,0.02122136391699314,0.02122136391699314,0.02122136577963829,0.12771168472190014,0.003082994134626136,0.15285131335258484,17.517380952835083
276823656,Std-XY p=30,0,spsa,sequential,4,continuation,1,120,5,60,0.861811101436615,19,117.6900863647461,15.1937255859375,230.8492889404297,226.7452850341797,226.7452850341797,0.0019464449928292113,0.005,0.2290772795677185,17.88941264152527
276823656,Std-XY p=30,0,spsa,sequential,4,continuation,5,120,5,60,0.861811101436615,27,666.8139038085938,86.0853042602539,7336.572265625,7114.25244140625,6224.970703125,0.0016561733131917325,0.004249854228953168,0.25,18.024426460266113
276823656,Std-XY p=30,0,spsa,sequential,4,continuation,10,120,5,60,0.861811101436615,37,12.664361000061035,1.6349622011184692,2.5988478660583496,2.5661768913269043,2.6255791187286377,0.0014180697053487509,0.003962506652402359,0.017958948388695717,18.19467854499817
276823656,Std-XY p=30,0,spsa,sequential,4,continuation,15,120,5,60,0.861811101436615,47,263.5391540527344,34.02275848388672,940.1863403320312,905.4598388671875,972.3404541015625,0.0012535886373444614,0.003803511968368888,0.25,18.366496562957764
276823656,Std-XY p=30,0,spsa,sequential,4,continuation,20,120,5,60,0.861811101436615,57,364.4500427246094,47.0503044128418,2211.27099609375,2174.375732421875,2203.891845703125,0.0011317115443698282,0.003694587655116011,0.25,18.536808729171753
276823656,Std-XY p=30,0,spsa,sequential,4,continuation,25,120,5,60,0.861811101436615,67,669.9088134765625,86.48486328125,7271.8623046875,7479.63037109375,6648.560546875,0.0010369996149349422,0.0036122521934702266,0.25,18.7072594165802
276823656,Std-XY p=30,0,spsa,sequential,4,continuation,30,120,5,60,0.861811101436615,77,15.414401054382324,1.9899905920028687,3.920462131500244,3.942462205886841,3.8896615505218506,0.0009608154107242702,0.003546343160307909,0.014810393564403057,18.87760305404663
276823656,Std-XY p=30,0,spsa,sequential,4,continuation,35,120,5,60,0.861811101436615,87,119.0654067993164,15.371278762817383,236.013671875,235.22608947753906,236.27618408203125,0.0008979106496591419,0.003491556964006871,0.1069101020693779,19.048123121261597
276823656,Std-XY p=30,0,spsa,sequential,4,continuation,40,120,5,60,0.861811101436615,97,110.21453857421875,14.228636741638184,198.85488891601562,188.0573272705078,202.45407104492188,0.0008448935995438308,0.003444783602586513,0.09311956912279129,19.215943098068237
276823656,Std-XY p=30,0,spsa,sequential,4,continuation,45,120,5,60,0.861811101436615,107,66.1490478515625,8.53980541229248,72.6041488647461,72.92826843261719,71.63176727294922,0.0007994648426045319,0.0034040469423556765,0.05288383737206459,19.384662866592407
276823656,Std-XY p=30,0,spsa,sequential,4,continuation,50,120,5,60,0.861811101436615,117,268.8298034667969,34.705780029296875,1199.137939453125,1156.3116455078125,1199.137939453125,0.0007600046263147812,0.0033680151307934453,0.20431190729141235,19.556342363357544
276823656,Std-XY p=30,0,spsa,sequential,4,continuation,55,120,5,60,0.861811101436615,127,49.16763687133789,6.347515106201172,40.246177673339844,40.29094696044922,40.11187744140625,0.0007253356138822586,0.00333574906293868,0.03566303849220276,19.726880073547363
276823656,Std-XY p=30,0,spsa,sequential,4,continuation,60,120,5,60,0.861811101436615,137,6.2716240882873535,0.8096632957458496,0.6526409983634949,0.6555545330047607,0.6439001560211182,0.0006945793542648561,0.0033065624389387836,0.004356140736490488,19.897508144378662
276823656,Std-XY p=30,0,spsa,sequential,4,continuation,65,120,5,60,0.861811101436615,147,113.361328125,14.634886741638184,214.17987060546875,213.22796630859375,213.2279510498047,0.0006670657097024703,0.00327993891312262,0.07561945915222168,20.067525386810303
276823656,Std-XY p=30,0,spsa,sequential,4,continuation,70,120,5,60,0.861811101436615,157,761.543212890625,98.31481170654297,9665.80078125,8119.2724609375,8119.27294921875,0.0006422736336113542,0.0032554805298644204,0.25,20.23841142654419
276823656,Std-XY p=30,0,spsa,sequential,4,continuation,75,120,5,60,0.861811101436615,167,165.87184143066406,21.413963317871094,440.2155456542969,440.2154846191406,440.2154846191406,0.0006197912531537923,0.0032328742847293024,0.10280592739582062,20.40881323814392
276823656,Std-XY p=30,0,spsa,sequential,4,continuation,80,120,5,60,0.861811101436615,177,56.25382614135742,7.262338638305664,51.803932189941406,50.631893157958984,52.50714874267578,0.0005992882475231835,0.003211869679750853,0.03371225669980049,20.5791494846344
276823656,Std-XY p=30,0,spsa,sequential,4,continuation,85,120,5,60,0.861811101436615,187,721.4451904296875,93.13818359375,8587.9736328125,7286.7646484375,8327.7314453125,0.0005804962906855259,0.003192263210215197,0.25,20.749168872833252
276823656,Std-XY p=30,0,spsa,sequential,4,continuation,90,120,5,60,0.861811101436615,197,58.299644470214844,7.526452541351318,56.08100509643555,56.64747619628906,54.381587982177734,0.0005631949210145196,0.0031738873682490526,0.032834067940711975,20.919561862945557
276823656,Std-XY p=30,0,spsa,sequential,4,continuation,95,120,5,60,0.861811101436615,207,32.21540451049805,4.15899133682251,17.29720687866211,17.297204971313477,17.297204971313477,0.0005472011467468337,0.003156602674903236,0.01762830652296543,21.089831590652466
276823656,Std-XY p=30,0,spsa,sequential,4,continuation,100,120,5,60,0.861811101436615,217,192.98965454101562,24.914857864379883,609.7145385742188,617.9912109375,595.9200439453125,0.0005323616756468797,0.0031402917940665897,0.10274028778076172,21.25882053375244
276823656,Std-XY p=30,0,spsa,sequential,4,continuation,105,120,5,60,0.861811101436615,227,38.35043716430664,4.95102071762085,23.831693649291992,22.769481658935547,24.403656005859375,0.0005185470217328548,0.0031248551092334926,0.019886504858732224,21.42948031425476
276823656,Std-XY p=30,0,spsa,sequential,4,continuation,110,120,5,60,0.861811101436615,237,66.83956146240234,8.628951072692871,74.12786102294922,74.12786102294922,74.12786102294922,0.0005056469767467437,0.003110207348428353,0.03379722312092781,21.598953247070312
276823656,Std-XY p=30,0,spsa,sequential,4,continuation,115,120,5,60,0.861811101436615,247,255.54312133789062,32.990474700927734,1077.48779296875,1088.371337890625,1044.8365478515625,0.0004935670886765393,0.0030962749733632706,0.1261276751756668,21.769005060195923
276823656,Std-XY p=30,0,spsa,sequential,4,continuation,120,120,5,60,0.861811101436615,257,186.64817810058594,24.096176147460938,570.303466796875,578.045166015625,516.1117553710938,0.000482225893471159,0.003082994134626136,0.09000658988952637,21.939094305038452
276823656,Std-XY p=36,0,spsa,sequential,0,deterministic_linear_ramp,1,120,5,72,10.9901704788208,19,149.82699584960938,17.65728187561035,311.7795715332031,307.9303894042969,307.930419921875,0.0008531326583141608,0.005,0.12782229483127594,0.3939487934112549
276823656,Std-XY p=36,0,spsa,sequential,0,deterministic_linear_ramp,5,120,5,72,9.146313667297363,27,21.79541015625,2.5686137676239014,6.55195951461792,6.577413558959961,6.271960735321045,0.0007259057135020771,0.004249854228953168,0.015821412205696106,0.5573692321777344
276823656,Std-XY p=36,0,spsa,sequential,0,deterministic_linear_ramp,10,120,5,72,8.599284172058105,37,174.5787353515625,20.57430076599121,422.9752197265625,421.9953918457031,418.0758972167969,0.0006215441904887735,0.003962506652402359,0.10850840061903,0.7607905864715576
276823656,Std-XY p=36,0,spsa,sequential,0,deterministic_linear_ramp,15,120,5,72,8.013026237487793,47,111.4404525756836,13.133382797241211,171.95338439941406,170.35629272460938,172.4857635498047,0.0005494516467457897,0.003803511968368888,0.061231136322021484,0.9630320072174072
276823656,Std-XY p=36,0,spsa,sequential,0,deterministic_linear_ramp,20,120,5,72,7.746626377105713,57,181.86856079101562,21.433414459228516,450.529541015625,436.70526123046875,457.9733581542969,0.0004960325526023086,0.003694587655116011,0.09021272510290146,1.1691124439239502
276823656,Std-XY p=36,0,spsa,sequential,0,deterministic_linear_ramp,25,120,5,72,7.177977561950684,67,3.479602575302124,0.4100750982761383,0.16764257848262787,0.16608552634716034,0.15985733270645142,0.00045452003083543363,0.0036122521934702266,0.0015815490623936057,1.3705532550811768
276823656,Std-XY p=36,0,spsa,sequential,0,deterministic_linear_ramp,30,120,5,72,6.928404331207275,77,117.42301177978516,13.838435173034668,191.35450744628906,190.91122436523438,189.1380615234375,0.0004211282664140167,0.003546343160307909,0.04945015162229538,1.5770230293273926
276823656,Std-XY p=36,0,spsa,sequential,0,deterministic_linear_ramp,35,120,5,72,6.7893195152282715,87,22.07616424560547,2.601700782775879,6.747955799102783,6.685281753540039,6.4345831871032715,0.0003935569216157726,0.003491556964006871,0.008688226342201233,1.7806065082550049
276823656,Std-XY p=36,0,spsa,sequential,0,deterministic_linear_ramp,40,120,5,72,6.705009937286377,97,94.90428161621094,11.184575080871582,124.22603607177734,123.55036163330078,124.70864868164062,0.0003703193900813692,0.003444783602586513,0.03514489158987999,1.9808573722839355
276823656,Std-XY p=36,0,spsa,sequential,0,deterministic_linear_ramp,45,120,5,72,6.606328010559082,107,10.611350059509277,1.2505595684051514,1.5530390739440918,1.5204576253890991,1.563899278640747,0.00035040783012754896,0.0034040469423556765,0.003718300024047494,2.180438995361328
276823656,Std-XY p=36,0,spsa,sequential,0,deterministic_linear_ramp,50,120,5,72,6.511016368865967,117,28.63970375061035,3.3752217292785645,10.680113792419434,10.829546928405762,10.513097763061523,0.00033311229938049505,0.0033680151307934453,0.009540237486362457,2.386024236679077
276823656,Std-XY p=36,0,spsa,sequential,0,deterministic_linear_ramp,55,120,5,72,6.368089199066162,127,87.54043579101562,10.316739082336426,105.69597625732422,106.10659790039062,101.17904663085938,0.00031791676760505386,0.00333574906293868,0.027830570936203003,2.5912065505981445
276823656,Std-XY p=36,0,spsa,sequential,0,deterministic_linear_ramp,60,120,5,72,6.277131080627441,137,18.802709579467773,2.2159204483032227,4.906514644622803,4.849682807922363,4.773906230926514,0.00030443620708376436,0.0033065624389387836,0.005724224727600813,2.787454605102539
276823656,Std-XY p=36,0,spsa,sequential,0,deterministic_linear_ramp,65,120,5,72,6.21726131439209,147,3.2671611309051514,0.3850386440753937,0.14093352854251862,0.14093352854251862,0.14093352854251862,0.0002923768944333201,0.00327993891312262,0.0009552424889989197,2.99045729637146
276823656,Std-XY p=36,0,spsa,sequential,0,deterministic_linear_ramp,70,120,5,72,6.069606304168701,157,231.30194091796875,27.25919532775879,728.72998046875,740.770263671875,706.369140625,0.00028151045337864773,0.0032554805298644204,0.06511391699314117,3.1946988105773926
276823656,Std-XY p=36,0,spsa,sequential,0,deterministic_linear_ramp,75,120,5,72,5.980345249176025,167,207.8426971435547,24.494497299194336,598.128662109375,599.9804077148438,592.5732421875,0.0002716563588238816,0.0032328742847293024,0.05646178871393204,3.395202875137329
276823656,Std-XY p=36,0,spsa,sequential,0,deterministic_linear_ramp,80,120,5,72,5.980345249176025,177,14.246317863464355,1.678944706916809,2.764479398727417,2.810155153274536,2.679652452468872,0.00026266983017215394,0.003211869679750853,0.003742078086361289,3.5940206050872803
276823656,Std-XY p=36,0,spsa,sequential,0,deterministic_linear_ramp,85,120,5,72,5.9261393547058105,187,23.042604446411133,2.715596914291382,7.351705551147461,7.351705551147461,7.351705551147461,0.0002544332593207307,0.003192263210215197,0.0058628045953810215,3.7996151447296143
276823656,Std-XY p=36,0,spsa,sequential,0,deterministic_linear_ramp,90,120,5,72,5.906505107879639,197,54.23097610473633,6.391181945800781,40.81568908691406,40.342918395996094,39.71256637573242,0.0002468500172798411,0.0031738873682490526,0.013386918231844902,4.000739812850952
276823656,Std-XY p=36,0,spsa,sequential,0,deterministic_linear_ramp,95,120,5,72,5.892747402191162,207,20.768821716308594,2.44762921333313,5.764380931854248,5.916926860809326,5.528628349304199,0.00023983989821265166,0.003156602674903236,0.0049811918288469315,4.199062824249268
276823656,Std-XY p=36,0,spsa,sequential,0,deterministic_linear_ramp,100,120,5,72,5.861689567565918,217,28.796131134033203,3.3936564922332764,11.436925888061523,11.48135757446289,10.948168754577637,0.00023333571367411082,0.0031402917940665897,0.0067191654816269875,4.403130769729614
276823656,Std-XY p=36,0,spsa,sequential,0,deterministic_linear_ramp,105,120,5,72,5.836065769195557,227,41.72529602050781,4.917372703552246,23.714113235473633,23.882034301757812,23.508874893188477,0.00022728070957135876,0.0031248551092334926,0.009483354166150093,4.6028525829315186
276823656,Std-XY p=36,0,spsa,sequential,0,deterministic_linear_ramp,110,120,5,72,5.816028594970703,237,44.53532791137695,5.248538494110107,27.52589988708496,27.462133407592773,27.547155380249023,0.00022162658129549286,0.003110207348428353,0.009870211593806744,4.803844451904297
276823656,Std-XY p=36,0,spsa,sequential,0,deterministic_linear_ramp,115,120,5,72,5.809901237487793,247,3.945117235183716,0.4649365246295929,0.21349726617336273,0.21349725127220154,0.19214753806591034,0.00021633193024733177,0.0030962749733632706,0.0008534548687748611,5.007956266403198
276823656,Std-XY p=36,0,spsa,sequential,0,deterministic_linear_ramp,120,120,5,72,5.797088146209717,257,9.87509536743164,1.163791298866272,1.3450043201446533,1.2875254154205322,1.3502296209335327,0.00021136105048978864,0.003082994134626136,0.002087210537865758,5.211374998092651
276823656,Std-XY p=36,0,spsa,sequential,1,random_shared_stream,1,120,5,72,5.827273845672607,19,0.7517648935317993,0.08859634399414062,0.006977166514843702,0.006298830732703209,0.007461691740900278,0.3490453959139517,0.005,0.25,5.640692234039307
276823656,Std-XY p=36,0,spsa,sequential,1,random_shared_stream,5,120,5,72,5.8237833976745605,27,1.431891679763794,0.16875004768371582,0.02847657911479473,0.02847657911479473,0.02847657911479473,0.296992554084395,0.004249854228953168,0.25,5.808112382888794
276823656,Std-XY p=36,0,spsa,sequential,1,random_shared_stream,10,120,5,72,5.821107387542725,37,0.9700406789779663,0.11432038247585297,0.013059068471193314,0.0130691509693861,0.01302881445735693,0.25429472888292726,0.003962506652402359,0.2466762214899063,6.0088512897491455
276823656,Std-XY p=36,0,spsa,sequential,1,random_shared_stream,15,120,5,72,5.821107387542725,47,0.4451916217803955,0.052466340363025665,0.0027442206628620625,0.002676252508535981,0.002744220430031419,0.22479923339581473,0.003803511968368888,0.10007873177528381,6.211807012557983
276823656,Std-XY p=36,0,spsa,sequential,1,random_shared_stream,20,120,5,72,5.821107387542725,57,0.04052024707198143,0.004775356967002153,2.2786438421462663e-05,2.2804035324952565e-05,2.2733651348971762e-05,0.20294367707293173,0.003694587655116011,0.008223328739404678,6.414586544036865
276823656,Std-XY p=36,0,spsa,sequential,1,random_shared_stream,25,120,5,72,5.821107387542725,67,0.1948980689048767,0.0229689572006464,0.0005271659465506673,0.0005210597300902009,0.0005259446916170418,0.18595950180511583,0.0036122521934702266,0.036243148148059845,6.6135735511779785
276823656,Std-XY p=36,0,spsa,sequential,1,random_shared_stream,30,120,5,72,5.821107387542725,77,1.861412525177002,0.219369575381279,0.04752890020608902,0.04440981522202492,0.04797448217868805,0.17229780274910936,0.003546343160307909,0.25,6.814664125442505
276823656,Std-XY p=36,0,spsa,sequential,1,random_shared_stream,35,120,5,72,5.821107387542725,87,1.705208420753479,0.20096074044704437,0.039606187492609024,0.034277576953172684,0.03988663852214813,0.16101743401958482,0.003491556964006871,0.25,7.01676607131958
276823656,Std-XY p=36,0,spsa,sequential,1,random_shared_stream,40,120,5,72,5.821107387542725,97,0.17794550955295563,0.020971080288290977,0.00042315851897001266,0.0003732753684744239,0.00043978620669804513,0.15151017472591707,0.003444783602586513,0.02696055918931961,7.2129762172698975
276823656,Std-XY p=36,0,spsa,sequential,1,random_shared_stream,45,120,5,72,5.821107387542725,107,1.0376598834991455,0.12228939682245255,0.014850843697786331,0.014539288356900215,0.014954694546759129,0.14336368278282438,0.0034040469423556765,0.1487627476453781,7.41481876373291
276823656,Std-XY p=36,0,spsa,sequential,1,random_shared_stream,50,120,5,72,5.820656776428223,117,1.326268196105957,0.15630221366882324,0.02171589620411396,0.020735662430524826,0.02254532091319561,0.1362874967778522,0.0033680151307934453,0.18075378239154816,7.614322900772095
276823656,Std-XY p=36,0,spsa,sequential,1,random_shared_stream,55,120,5,72,5.820656776428223,127,1.4755539894104004,0.1738957017660141,0.03014638088643551,0.030239714309573174,0.02986638806760311,0.1300704913063201,0.00333574906293868,0.1919260323047638,7.816340684890747
276823656,Std-XY p=36,0,spsa,sequential,1,random_shared_stream,60,120,5,72,5.819574356079102,137,1.6598902940750122,0.19561994075775146,0.03814905136823654,0.037794727832078934,0.03826716169714928,0.12455513851981033,0.0033065624389387836,0.2067478746175766,8.020715713500977
276823656,Std-XY p=36,0,spsa,sequential,1,random_shared_stream,65,120,5,72,5.818680763244629,147,0.5261258482933044,0.06200452148914337,0.003797096898779273,0.003832694608718157,0.0037377674598246813,0.11962126625797222,0.00327993891312262,0.06293583661317825,8.225997686386108
276823656,Std-XY p=36,0,spsa,sequential,1,random_shared_stream,70,120,5,72,5.818680763244629,157,1.0794215202331543,0.1272110491991043,0.016182653605937958,0.01613270491361618,0.01613270491361618,0.11517543807036223,0.0032554805298644204,0.12432285398244858,8.429871082305908
276823656,Std-XY p=36,0,spsa,sequential,1,random_shared_stream,75,120,5,72,5.8183417320251465,167,0.9324033260345459,0.10988478362560272,0.011990813538432121,0.012037398293614388,0.01147838681936264,0.11114379504073238,0.0032328742847293024,0.10363084822893143,8.628462553024292
276823656,Std-XY p=36,0,spsa,sequential,1,random_shared_stream,80,120,5,72,5.8183417320251465,177,1.2420965433120728,0.14638248085975647,0.021411297842860222,0.021427830681204796,0.0213616956025362,0.1074671025350995,0.003211869679750853,0.13348451256752014,8.830429315567017
276823656,Std-XY p=36,0,spsa,sequential,1,random_shared_stream,85,120,5,72,5.8183417320251465,187,0.1476602405309677,0.017401928082108498,0.0003028270439244807,0.0003028270439244807,0.0003028270439244807,0.10409724310492674,0.003192263210215197,0.015371023677289486,9.033595561981201
276823656,Std-XY p=36,0,spsa,sequential,1,random_shared_stream,90,120,5,72,5.8183417320251465,197,1.715891718864441,0.20221978425979614,0.040104012936353683,0.04076662287116051,0.03887344151735306,0.1009946825656267,0.0031738873682490526,0.17329595983028412,9.236467361450195
276823656,Std-XY p=36,0,spsa,sequential,1,random_shared_stream,95,120,5,72,5.8183417320251465,207,1.9284510612487793,0.22727015614509583,0.05065535008907318,0.0438401885330677,0.05101403966546059,0.09812660599937945,0.003156602674903236,0.18923234939575195,9.439268827438354
276823656,Std-XY p=36,0,spsa,sequential,1,random_shared_stream,100,120,5,72,5.8159966468811035,217,4.066980838775635,0.47929826378822327,0.22901780903339386,0.22689072787761688,0.2183823138475418,0.09546552434317074,0.0031402917940665897,0.25,9.640843629837036
276823656,Std-XY p=36,0,spsa,sequential,1,random_shared_stream,105,120,5,72,5.8159966468811035,227,0.5982028245925903,0.07049887627363205,0.004832033067941666,0.004832033067941666,0.004832033067941666,0.09298821758002086,0.0031248551092334926,0.05562581121921539,9.844162464141846
276823656,Std-XY p=36,0,spsa,sequential,1,random_shared_stream,110,120,5,72,5.8159966468811035,237,0.757779598236084,0.08930519223213196,0.007920031435787678,0.007876954041421413,0.007950801402330399,0.09067492266232574,0.003110207348428353,0.06871160864830017,10.049130916595459
276823656,Std-XY p=36,0,spsa,sequential,1,random_shared_stream,115,120,5,72,5.8159966468811035,247,0.812153160572052,0.09571316838264465,0.008588448166847229,0.008708614856004715,0.00845414213836193,0.08850870202439647,0.0030962749733632706,0.07188262045383453,10.252914905548096
276823656,Std-XY p=36,0,spsa,sequential,1,random_shared_stream,120,120,5,72,5.8159966468811035,257,0.16667380928993225,0.019642697647213936,0.0003858356212731451,0.000384644721634686,0.000384644721634686,0.086474947160949,0.003082994134626136,0.014413109980523586,10.451530694961548
276823656,Std-XY p=36,0,spsa,sequential,2,random_shared_stream,1,120,5,72,5.827685832977295,19,0.442238450050354,0.05211830139160156,0.0026408641133457422,0.0026408638805150986,0.0026408638805150986,0.38128303258942775,0.005,0.16861802339553833,10.881105422973633
276823656,Std-XY p=36,0,spsa,sequential,2,random_shared_stream,5,120,5,72,5.823301315307617,27,0.9753810167312622,0.11494975537061691,0.013050315901637077,0.012846405617892742,0.013172663748264313,0.32442261953139695,0.004249854228953168,0.25,11.045721530914307
276823656,Std-XY p=36,0,spsa,sequential,2,random_shared_stream,10,120,5,72,5.81941032409668,37,1.4479131698608398,0.17063821852207184,0.028555724769830704,0.029027530923485756,0.027679506689310074,0.2777812471816459,0.003962506652402359,0.25,11.24707579612732
276823656,Std-XY p=36,0,spsa,sequential,2,random_shared_stream,15,120,5,72,5.81941032409668,47,1.6775798797607422,0.19770468771457672,0.0388156995177269,0.03800138458609581,0.039087142795324326,0.24556156430169607,0.003803511968368888,0.25,11.448903799057007
276823656,Std-XY p=36,0,spsa,sequential,2,random_shared_stream,20,120,5,72,5.81941032409668,57,0.852020263671875,0.1004115641117096,0.010051362216472626,0.010051362216472626,0.010051362216472626,0.22168744107512242,0.003694587655116011,0.18888220191001892,11.65129542350769
276823656,Std-XY p=36,0,spsa,sequential,2,random_shared_stream,25,120,5,72,5.81941032409668,67,0.539330005645752,0.06356064975261688,0.0040274872444570065,0.004039956256747246,0.003990079741925001,0.20313461692115578,0.0036122521934702266,0.10955659300088882,11.856056451797485
276823656,Std-XY p=36,0,spsa,sequential,2,random_shared_stream,30,120,5,72,5.81941032409668,77,1.8374532461166382,0.2165459394454956,0.04689214378595352,0.044576480984687805,0.044576484709978104,0.18821113101537862,0.003546343160307909,0.25,12.06095027923584
276823656,Std-XY p=36,0,spsa,sequential,2,random_shared_stream,35,120,5,72,5.819183349609375,87,1.358720302581787,0.1601267158985138,0.025620782747864723,0.025640567764639854,0.02556142956018448,0.1758889137672234,0.003491556964006871,0.23898382484912872,12.262526988983154
276823656,Std-XY p=36,0,spsa,sequential,2,random_shared_stream,40,120,5,72,5.819183349609375,97,0.24313348531723022,0.02865355648100376,0.0008203927427530289,0.0008108900510706007,0.0007982199313119054,0.16550356934630084,0.003444783602586513,0.04023946076631546,12.465119361877441
276823656,Std-XY p=36,0,spsa,sequential,2,random_shared_stream,45,120,5,72,5.819183349609375,107,1.393649697303772,0.1642431914806366,0.026892567053437233,0.026226498186588287,0.024894356727600098,0.15660467198398337,0.0034040469423556765,0.2182520627975464,12.668236255645752
276823656,Std-XY p=36,0,spsa,sequential,2,random_shared_stream,50,120,5,72,5.8181867599487305,117,1.7167004346847534,0.202315092086792,0.04014182463288307,0.03979441523551941,0.04042607173323631,0.14887493341494124,0.0033680151307934453,0.25,12.8731050491333
276823656,Std-XY p=36,0,spsa,sequential,2,random_shared_stream,55,120,5,72,5.8181867599487305,127,0.9594436287879944,0.11307152360677719,0.012775302864611149,0.012745708227157593,0.01262732595205307,0.14208372881072634,0.00333574906293868,0.13632133603096008,13.07644772529602
276823656,Std-XY p=36,0,spsa,sequential,2,random_shared_stream,60,120,5,72,5.8181867599487305,137,1.2505770921707153,0.14738193154335022,0.021302424371242523,0.021654391661286354,0.020648770034313202,0.13605898113933917,0.0033065624389387836,0.17015226185321808,13.275146484375
276823656,Std-XY p=36,0,spsa,sequential,2,random_shared_stream,65,120,5,72,5.8181867599487305,147,0.9930394291877747,0.1170308068394661,0.013653937727212906,0.013315761461853981,0.012639405205845833,0.13066941920721087,0.00327993891312262,0.12975987792015076,13.477405548095703
276823656,Std-XY p=36,0,spsa,sequential,2,random_shared_stream,70,120,5,72,5.8181867599487305,157,1.393864393234253,0.16426849365234375,0.02690085396170616,0.026234576478600502,0.02490202896296978,0.12581297682582682,0.0032554805298644204,0.17536622285842896,13.682050228118896
276823656,Std-XY p=36,0,spsa,sequential,2,random_shared_stream,75,120,5,72,5.8181867599487305,167,0.03817221522331238,0.004498639144003391,2.0222134480718523e-05,2.0237750504747964e-05,2.0175290046609007e-05,0.12140897351092775,0.0032328742847293024,0.004634449258446693,13.884703159332275
276823656,Std-XY p=36,0,spsa,sequential,2,random_shared_stream,80,120,5,72,5.8181867599487305,177,0.4547635614871979,0.053594399243593216,0.0028701433911919594,0.002872359473258257,0.002863494446501136,0.11739270375101342,0.003211869679750853,0.05338592454791069,14.088829755783081
276823656,Std-XY p=36,0,spsa,sequential,2,random_shared_stream,85,120,5,72,5.8181867599487305,187,0.18631808459758759,0.021957794204354286,0.00048177276039496064,0.00048065665760077536,0.00047619236283935606,0.11371160599703214,0.003192263210215197,0.021186526864767075,14.28839659690857
276823656,Std-XY p=36,0,spsa,sequential,2,random_shared_stream,90,120,5,72,5.8181867599487305,197,0.47167903184890747,0.05558790639042854,0.0030304088722914457,0.0030041816644370556,0.0030518670100718737,0.11032249470931806,0.0031738873682490526,0.05203680694103241,14.494241714477539
276823656,Std-XY p=36,0,spsa,sequential,2,random_shared_stream,95,120,5,72,5.8181867599487305,207,2.8904335498809814,0.3406408727169037,0.11523037403821945,0.11460363864898682,0.11567804217338562,0.10718952420267652,0.003156602674903236,0.25,14.698474407196045
276823656,Std-XY p=36,0,spsa,sequential,2,random_shared_stream,100,120,5,72,5.8181867599487305,217,1.017228364944458,0.1198815107345581,0.014327219687402248,0.01419415045529604,0.014371577650308609,0.10428266653967648,0.0031402917940665897,0.10607928782701492,14.90203857421875
276823656,Std-XY p=36,0,spsa,sequential,2,random_shared_stream,105,120,5,72,5.8181867599487305,227,0.8403325080871582,0.0990341380238533,0.009800192900002003,0.009777490049600601,0.009686676785349846,0.10157655711561481,0.0031248551092334926,0.08535808324813843,15.097460269927979
276823656,Std-XY p=36,0,spsa,sequential,2,random_shared_stream,110,120,5,72,5.8181867599487305,237,0.2712395489215851,0.031965889036655426,0.0010147220455110073,0.0009934341069310904,0.0010218180250376463,0.09904960757891343,0.003110207348428353,0.02686617337167263,15.293990850448608
276823656,Std-XY p=36,0,spsa,sequential,2,random_shared_stream,115,120,5,72,5.8181867599487305,247,0.1711859405040741,0.020174456760287285,0.00040575250750407577,0.00040700871613807976,0.00040198391070589423,0.09668331601983182,0.0030962749733632706,0.01655082404613495,15.501709461212158
276823656,Std-XY p=36,0,spsa,sequential,2,random_shared_stream,120,120,5,72,5.8181867599487305,257,0.2605098783969879,0.03070138208568096,0.0009418475674465299,0.0009396656532771885,0.0009425749303773046,0.09446172469974488,0.003082994134626136,0.02460820972919464,15.706901788711548
276823656,Std-XY p=36,0,spsa,sequential,3,random_shared_stream,1,120,5,72,5.822443008422852,19,0.5146636366844177,0.0606536865234375,0.0036760312505066395,0.0036675152368843555,0.0036788699217140675,0.30091501955016686,0.005,0.15487000346183777,16.139015913009644
276823656,Std-XY p=36,0,spsa,sequential,3,random_shared_stream,5,120,5,72,5.819779872894287,27,1.21958327293396,0.14372926950454712,0.020594345405697823,0.020658103749155998,0.020403064787387848,0.2560398196473891,0.004249854228953168,0.25,16.304243326187134
276823656,Std-XY p=36,0,spsa,sequential,3,random_shared_stream,10,120,5,72,5.819779872894287,37,0.36861544847488403,0.04344174638390541,0.001881360774859786,0.0018871854990720749,0.001863886951468885,0.21922965954885357,0.003962506652402359,0.08081143349409103,16.50738787651062
276823656,Std-XY p=36,0,spsa,sequential,3,random_shared_stream,15,120,5,72,5.819779872894287,47,1.0393123626708984,0.12248412519693375,0.014898179098963737,0.01384477224200964,0.014817146584391594,0.19380134075408456,0.003803511968368888,0.2014201283454895,16.705371141433716
276823656,Std-XY p=36,0,spsa,sequential,3,random_shared_stream,20,120,5,72,5.819779872894287,57,0.8553057909011841,0.10079875588417053,0.010089828632771969,0.009658640250563622,0.010129028931260109,0.17495947882102694,0.003694587655116011,0.14964385330677032,16.907650470733643
276823656,Std-XY p=36,0,spsa,sequential,3,random_shared_stream,25,120,5,72,5.819779872894287,67,2.3516581058502197,0.2771455645561218,0.07586140185594559,0.07657259702682495,0.07467606663703918,0.16031727613740177,0.0036122521934702266,0.25,17.11075782775879
276823656,Std-XY p=36,0,spsa,sequential,3,random_shared_stream,30,120,5,72,5.819779872894287,77,0.5658968091011047,0.0666915774345398,0.004416879266500473,0.004392856266349554,0.004434038884937763,0.14853940859738654,0.003546343160307909,0.08405797183513641,17.314485788345337
276823656,Std-XY p=36,0,spsa,sequential,3,random_shared_stream,35,120,5,72,5.819779872894287,87,0.497135192155838,0.0585879422724247,0.0033901697024703026,0.003263038583099842,0.0034325469750910997,0.13881450628807554,0.003491556964006871,0.06900957971811295,17.51918387413025
276823656,Std-XY p=36,0,spsa,sequential,3,random_shared_stream,40,120,5,72,5.819568634033203,97,0.7998738884925842,0.09426604211330414,0.008776381611824036,0.008447268046438694,0.008886086754500866,0.13061821678042707,0.003444783602586513,0.10447809845209122,17.72233772277832
276823656,Std-XY p=36,0,spsa,sequential,3,random_shared_stream,45,120,5,72,5.816980361938477,107,0.874819815158844,0.10309849679470062,0.01062109973281622,0.010596496053040028,0.010629301890730858,0.12359505643791004,0.0034040469423556765,0.10812340676784515,17.927086353302002
276823656,Std-XY p=36,0,spsa,sequential,3,random_shared_stream,50,120,5,72,5.816980361938477,117,1.5178803205490112,0.17888391017913818,0.03199945390224457,0.03160439804196358,0.03160439431667328,0.11749461599390616,0.0033680151307934453,0.1783427596092224,18.13022017478943
276823656,Std-XY p=36,0,spsa,sequential,3,random_shared_stream,55,120,5,72,5.816980361938477,127,0.02304605394601822,0.0027160036843270063,7.376674602710409e-06,7.3539067670935765e-06,7.3539067670935765e-06,0.11213488243228434,0.00333574906293868,0.0025842664763331413,18.333599090576172
276823656,Std-XY p=36,0,spsa,sequential,3,random_shared_stream,60,120,5,72,5.816980361938477,137,2.1138670444488525,0.24912162125110626,0.06129537522792816,0.055165842175483704,0.06129538267850876,0.10738004964833381,0.0033065624389387836,0.22698712348937988,18.536844730377197
276823656,Std-XY p=36,0,spsa,sequential,3,random_shared_stream,65,120,5,72,5.816980361938477,147,1.096660852432251,0.12924271821975708,0.01669079251587391,0.01649746112525463,0.01623968966305256,0.10312651619535267,0.00327993891312262,0.11309481412172318,18.740600109100342
276823656,Std-XY p=36,0,spsa,sequential,3,random_shared_stream,70,120,5,72,5.816980361938477,157,1.8792001008987427,0.22146587073802948,0.04768470302224159,0.04768470302224159,0.04768470302224159,0.09929372971069397,0.0032554805298644204,0.18659278750419617,18.945082664489746
276823656,Std-XY p=36,0,spsa,sequential,3,random_shared_stream,75,120,5,72,5.816980361938477,167,2.6025941371917725,0.306718647480011,0.09400373697280884,0.08943058550357819,0.08681735396385193,0.09581801579129466,0.0032328742847293024,0.2493753731250763,19.147769451141357
276823656,Std-XY p=36,0,spsa,sequential,3,random_shared_stream,80,120,5,72,5.816980361938477,177,1.7352819442749023,0.20450492203235626,0.04178999736905098,0.041305944323539734,0.040660541504621506,0.09264830775284451,0.003211869679750853,0.16077092289924622,19.350325107574463
276823656,Std-XY p=36,0,spsa,sequential,3,random_shared_stream,85,120,5,72,5.816980361938477,187,0.9271542429924011,0.10926618427038193,0.011929885484278202,0.011791701428592205,0.011902247555553913,0.08974312313163914,0.003192263210215197,0.08320571482181549,19.55413556098938
276823656,Std-XY p=36,0,spsa,sequential,3,random_shared_stream,90,120,5,72,5.816980361938477,197,1.3697813749313354,0.16143028438091278,0.02555704303085804,0.024048954248428345,0.026059739291667938,0.08706837916919706,0.0031738873682490526,0.1192646399140358,19.75905728340149
276823656,Std-XY p=36,0,spsa,sequential,3,random_shared_stream,95,120,5,72,5.816980361938477,207,1.7464369535446167,0.20581956207752228,0.0420675203204155,0.04026976227760315,0.04223095253109932,0.08459578584435508,0.003156602674903236,0.14774121344089508,19.963701725006104
276823656,Std-XY p=36,0,spsa,sequential,3,random_shared_stream,100,120,5,72,5.816980361938477,217,0.1101621612906456,0.01298273541033268,0.0001680311979725957,0.00016647054872009903,0.00016022789350245148,0.08230164460090476,0.0031402917940665897,0.009066526778042316,20.166305780410767
276823656,Std-XY p=36,0,spsa,sequential,3,random_shared_stream,105,120,5,72,5.816980361938477,227,0.6474056839942932,0.07629749923944473,0.005780881270766258,0.005659604445099831,0.00582130765542388,0.0801659372637171,0.0031248551092334926,0.05189988389611244,20.369954586029053
276823656,Std-XY p=36,0,spsa,sequential,3,random_shared_stream,110,120,5,72,5.8164825439453125,237,2.032020092010498,0.23947589099407196,0.05695043504238129,0.056640684604644775,0.057171694934368134,0.07817162594051276,0.003110207348428353,0.15884631872177124,20.570140600204468
276823656,Std-XY p=36,0,spsa,sequential,3,random_shared_stream,115,120,5,72,5.8164825439453125,247,1.3740612268447876,0.16193467378616333,0.024927876889705658,0.025899095460772514,0.023309186100959778,0.07630410861112459,0.0030962749733632706,0.10484650731086731,20.773306608200073
276823656,Std-XY p=36,0,spsa,sequential,3,random_shared_stream,120,120,5,72,5.8164825439453125,257,0.41405975818634033,0.04879740998148918,0.002379349898546934,0.0023738378658890724,0.0023811873979866505,0.07455079115826979,0.003082994134626136,0.03086848370730877,20.974669933319092
276823656,Std-XY p=36,0,spsa,sequential,4,continuation,1,120,5,72,0.8400812745094299,19,37.25666809082031,4.390740394592285,19.040592193603516,19.04059410095215,19.04059410095215,0.003925740041023912,0.005,0.14625999331474304,21.411618947982788
276823656,Std-XY p=36,0,spsa,sequential,4,continuation,5,120,5,72,0.8400812745094299,27,680.3446655273438,80.17938995361328,6250.15869140625,6250.158203125,6250.158203125,0.003340297781044206,0.004249854228953168,0.25,21.58025598526001
276823656,Std-XY p=36,0,spsa,sequential,4,continuation,10,120,5,72,0.8400812745094299,37,310.1447448730469,36.55091094970703,1232.885009765625,1072.0738525390625,1319.4754638671875,0.0028600721026073406,0.003962506652402359,0.25,21.784027099609375
276823656,Std-XY p=36,0,spsa,sequential,4,continuation,15,120,5,72,0.8400812745094299,47,795.7047729492188,93.77469635009766,8549.42578125,8549.4267578125,8549.42578125,0.002528334027792157,0.003803511968368888,0.25,21.98710608482361
276823656,Std-XY p=36,0,spsa,sequential,4,continuation,20,120,5,72,0.8400812745094299,57,1298.755126953125,153.0597686767578,22541.5390625,22270.388671875,22776.53515625,0.002282522928204565,0.003694587655116011,0.25,22.19080114364624
276823656,Std-XY p=36,0,spsa,sequential,4,continuation,25,120,5,72,0.8400812745094299,67,39.80820846557617,4.691442966461182,22.009634017944336,22.009634017944336,22.009634017944336,0.002091500620810858,0.0036122521934702266,0.08325889706611633,22.39308476448059
276823656,Std-XY p=36,0,spsa,sequential,4,continuation,30,120,5,72,0.8400812745094299,77,172.3032989501953,20.30613899230957,412.0211181640625,400.8854064941406,407.2486877441406,0.0019378464553629776,0.003546343160307909,0.25,22.596968173980713
276823656,Std-XY p=36,0,spsa,sequential,4,continuation,35,120,5,72,0.8400812745094299,87,245.64329528808594,28.9493408203125,827.7178344726562,773.3988647460938,835.477783203125,0.0018109752927078899,0.003491556964006871,0.25,22.80046248435974
276823656,Std-XY p=36,0,spsa,sequential,4,continuation,40,120,5,72,0.8400812745094299,97,321.2004699707031,37.85383605957031,1432.9129638671875,1428.4903564453125,1428.490234375,0.0017040464263585132,0.003444783602586513,0.25,23.00493621826172
276823656,Std-XY p=36,0,spsa,sequential,4,continuation,45,120,5,72,0.8400812745094299,107,6.407222747802734,0.7550984621047974,0.5662141442298889,0.526178777217865,0.563134491443634,0.0016124222136077975,0.0034040469423556765,0.010331149213016033,23.208191871643066
276823656,Std-XY p=36,0,spsa,sequential,4,continuation,50,120,5,72,0.8400812745094299,117,220.7563934326172,26.01639175415039,676.3302612304688,668.496337890625,674.7634887695312,0.0015328358129199611,0.0033680151307934453,0.25,23.41283655166626
276823656,Std-XY p=36,0,spsa,sequential,4,continuation,55,120,5,72,0.8400812745094299,127,97.26343536376953,11.462605476379395,127.7415771484375,127.74159240722656,127.74159240722656,0.0014629126808558578,0.00333574906293868,0.14228792488574982,23.616657257080078
276823656,Std-XY p=36,0,spsa,sequential,4,continuation,60,120,5,72,0.8400812745094299,137,142.32044982910156,16.772624969482422,277.8478088378906,280.4526672363281,273.5064697265625,0.0014008810897567108,0.0033065624389387836,0.1993740051984787,23.820162296295166
276823656,Std-XY p=36,0,spsa,sequential,4,continuation,65,120,5,72,0.8400812745094299,147,298.0900573730469,35.13025665283203,1097.0084228515625,1047.4908447265625,1138.9080810546875,0.0013453894542206557,0.00327993891312262,0.25,24.02376103401184
276823656,Std-XY p=36,0,spsa,sequential,4,continuation,70,120,5,72,0.8400812745094299,157,19.995086669921875,2.3564436435699463,5.535688400268555,5.552826881408691,5.484273910522461,0.0012953868874029117,0.0032554805298644204,0.025901375338435173,24.227442979812622
276823656,Std-XY p=36,0,spsa,sequential,4,continuation,75,120,5,72,0.8400812745094299,167,22.50783920288086,2.652574300765991,7.014434337615967,6.94928503036499,6.688685894012451,0.0012500426924706438,0.0032328742847293024,0.028135759755969048,24.430261850357056
276823656,Std-XY p=36,0,spsa,sequential,4,continuation,80,120,5,72,0.8400812745094299,177,133.30555725097656,15.710211753845215,246.04896545410156,246.04896545410156,246.04896545410156,0.001208690653002821,0.003211869679750853,0.16112519800662994,24.633296728134155
276823656,Std-XY p=36,0,spsa,sequential,4,continuation,85,120,5,72,0.8400812745094299,187,233.704345703125,27.542322158813477,756.238037109375,749.2142333984375,721.11865234375,0.001170789588406305,0.003192263210215197,0.25,24.836984157562256
276823656,Std-XY p=36,0,spsa,sequential,4,continuation,90,120,5,72,0.8400812745094299,197,216.92263793945312,25.564579010009766,653.0432739257812,651.530517578125,653.547607421875,0.0011358948547085899,0.0031738873682490526,0.24640130996704102,25.04024028778076
276823656,Std-XY p=36,0,spsa,sequential,4,continuation,95,120,5,72,0.8400812745094299,207,652.4208374023438,76.88853454589844,5907.28515625,5254.974609375,5455.685546875,0.001103637380040123,0.003156602674903236,0.25,25.24307680130005
276823656,Std-XY p=36,0,spsa,sequential,4,continuation,100,120,5,72,0.8400812745094299,217,331.115234375,39.02230453491211,1522.740234375,1518.04052734375,1518.0404052734375,0.001073707992824289,0.0031402917940665897,0.25,25.44560718536377
276823656,Std-XY p=36,0,spsa,sequential,4,continuation,105,120,5,72,0.8400812745094299,227,166.86557006835938,19.66529655456543,386.4255065917969,385.5302734375,386.723876953125,0.0010458455357690059,0.0031248551092334926,0.17451563477516174,25.649057626724243
276823656,Std-XY p=36,0,spsa,sequential,4,continuation,110,120,5,72,0.8400812745094299,237,200.29318237304688,23.60477638244629,550.3067016601562,541.7081909179688,555.4658203125,0.0010198277323789514,0.003110207348428353,0.2042645663022995,25.84765934944153
276823656,Std-XY p=36,0,spsa,sequential,4,continuation,115,120,5,72,0.8400812745094299,247,19.634111404418945,2.3139023780822754,5.28804349899292,5.3541436195373535,5.089742183685303,0.0009954640845682016,0.0030962749733632706,0.0195450522005558,26.049594402313232
276823656,Std-XY p=36,0,spsa,sequential,4,continuation,120,120,5,72,0.8400812745094299,257,657.039306640625,77.4328384399414,5977.337890625,5829.29150390625,5977.33740234375,0.0009725902893698512,0.003082994134626136,0.25,26.252562522888184
