seed,label,trial,optimizer,optimizer_execution,restart,initializer_role,step,max_steps,restart_count,parameter_count,energy_min,objective_calls,gradient_l2,gradient_abs_mean,gradient_variance,gamma_gradient_variance,beta_gradient_variance,spsa_a_k,spsa_c_k,spsa_update_l2,elapsed_sec
931011393,d-XY p=20,0,spsa,sequential,0,deterministic_linear_ramp,1,120,5,60,8.499682426452637,19,176.3944854736328,22.772432327270508,504.1784973144531,506.9154357910156,497.8402404785156,0.0019344093662533588,0.02,0.25,0.33728718757629395
931011393,d-XY p=20,0,spsa,sequential,0,deterministic_linear_ramp,5,120,5,60,6.526608467102051,27,375.3179626464844,48.453338623046875,2345.11767578125,2341.856689453125,2347.72607421875,0.0016459325493294592,0.016999416915812672,0.25,0.4413492679595947
931011393,d-XY p=20,0,spsa,sequential,0,deterministic_linear_ramp,10,120,5,60,4.781618595123291,37,322.4609375,41.6295280456543,1733.017578125,1728.6851806640625,1715.687255859375,0.0014093012287182869,0.015850026609609436,0.25,0.5695922374725342
931011393,d-XY p=20,0,spsa,sequential,0,deterministic_linear_ramp,15,120,5,60,4.781618595123291,47,301.3152770996094,38.899635314941406,1471.1488037109375,1498.050048828125,1376.995361328125,0.0012458372111421318,0.015214047873475552,0.25,0.697953462600708
931011393,d-XY p=20,0,spsa,sequential,0,deterministic_linear_ramp,20,120,5,60,4.781618595123291,57,185.44676208496094,23.941076278686523,572.5381469726562,550.248046875,521.58935546875,0.0011247137316446824,0.014778350620464044,0.20857451856136322,0.8268208503723145
931011393,d-XY p=20,0,spsa,sequential,0,deterministic_linear_ramp,25,120,5,60,4.129100799560547,67,250.32508850097656,32.316829681396484,1039.73583984375,1020.87890625,1033.9337158203125,0.0010305874429133131,0.014449008773880907,0.25,0.9565374851226807
931011393,d-XY p=20,0,spsa,sequential,0,deterministic_linear_ramp,30,120,5,60,4.129100799560547,77,46.768123626708984,6.037739276885986,36.089744567871094,36.454288482666016,33.173404693603516,0.0009548743152736389,0.014185372641231635,0.04465768113732338,1.0857136249542236
931011393,d-XY p=20,0,spsa,sequential,0,deterministic_linear_ramp,35,120,5,60,4.129100799560547,87,101.74248504638672,13.13489818572998,171.75877380371094,172.09423828125,156.99826049804688,0.000892358518816713,0.013966227856027484,0.0907907709479332,1.2138938903808594
931011393,d-XY p=20,0,spsa,sequential,0,deterministic_linear_ramp,40,120,5,60,4.129100799560547,97,28.135713577270508,3.632305383682251,12.6658935546875,12.896783828735352,12.00621223449707,0.00083966929374639,0.013779134410346052,0.02362469583749771,1.3418574333190918
931011393,d-XY p=20,0,spsa,sequential,0,deterministic_linear_ramp,45,120,5,60,4.129100799560547,107,132.90423583984375,17.15786361694336,293.0838623046875,293.65631103515625,291.4483642578125,0.0007945214404834552,0.013616187769422706,0.10559526830911636,1.4699606895446777
931011393,d-XY p=20,0,spsa,sequential,0,deterministic_linear_ramp,50,120,5,60,4.108129024505615,117,157.18482971191406,20.292476654052734,395.31317138671875,361.3409423828125,407.66668701171875,0.0007553052220614149,0.013472060523173781,0.11872252821922302,1.5979788303375244
931011393,d-XY p=20,0,spsa,sequential,0,deterministic_linear_ramp,55,120,5,60,4.108129024505615,127,93.77845764160156,12.106746673583984,143.96755981445312,137.4124755859375,145.10757446289062,0.0007208505816193307,0.01334299625175472,0.06760025769472122,1.7260985374450684
931011393,d-XY p=20,0,spsa,sequential,0,deterministic_linear_ramp,60,120,5,60,3.800682544708252,137,10.73636531829834,1.3860589265823364,1.9019474983215332,1.877933144569397,1.9211591482162476,0.0006902844999196134,0.013226249755755135,0.007411146070808172,1.8545212745666504
931011393,d-XY p=20,0,spsa,sequential,0,deterministic_linear_ramp,65,120,5,60,3.724980592727661,147,117.23098754882812,15.1344575881958,224.97970581054688,223.8980712890625,226.76123046875,0.0006629409829246202,0.01311975565249048,0.07771722227334976,1.982666015625
931011393,d-XY p=20,0,spsa,sequential,0,deterministic_linear_ramp,70,120,5,60,3.724980592727661,157,45.23594284057617,5.839935779571533,34.06694793701172,34.01958084106445,34.10484313964844,0.0006383022058843235,0.013021922119457682,0.02887420356273651,2.111440420150757
931011393,d-XY p=20,0,spsa,sequential,0,deterministic_linear_ramp,75,120,5,60,3.592282295227051,167,123.82463073730469,15.985692024230957,255.5423126220703,254.90347290039062,252.9868927001953,0.0006159588427309855,0.01293149713891721,0.07627087086439133,2.24019455909729
931011393,d-XY p=20,0,spsa,sequential,0,deterministic_linear_ramp,80,120,5,60,3.592282295227051,177,22.78852081298828,2.941985845565796,8.184046745300293,7.2704339027404785,8.568724632263184,0.0005955826151600505,0.012847478719003411,0.013572446070611477,2.3680596351623535
931011393,d-XY p=20,0,spsa,sequential,0,deterministic_linear_ramp,85,120,5,60,3.5379066467285156,187,59.358211517333984,7.663112640380859,58.46229934692383,56.374351501464844,56.374359130859375,0.000576906856301766,0.012769052840860788,0.03424415737390518,2.4957921504974365
931011393,d-XY p=20,0,spsa,sequential,0,deterministic_linear_ramp,90,120,5,60,3.4854698181152344,197,80.22296142578125,10.356740951538086,105.35518646240234,104.84867858886719,106.18943786621094,0.000559712467729829,0.01269554947299621,0.04490179196000099,2.6240060329437256
931011393,d-XY p=20,0,spsa,sequential,0,deterministic_linear_ramp,95,120,5,60,3.2246570587158203,207,54.15938186645508,6.991946697235107,42.31468963623047,38.987632751464844,46.931819915771484,0.0005438175891901672,0.012626410699612943,0.029452824965119362,2.751915693283081
931011393,d-XY p=20,0,spsa,sequential,0,deterministic_linear_ramp,100,120,5,60,3.2246570587158203,217,0.7020355463027954,0.09063240885734558,0.008132090792059898,0.008132090792059898,0.008132090792059898,0.0005290698763127163,0.012561167176266359,0.0003714258491527289,2.880591630935669
931011393,d-XY p=20,0,spsa,sequential,0,deterministic_linear_ramp,105,120,5,60,3.2246570587158203,227,173.18443298339844,22.358016967773438,499.8808288574219,488.63348388671875,454.89154052734375,0.0005153406437778706,0.01249942043693397,0.08924898505210876,3.008929491043091
931011393,d-XY p=20,0,spsa,sequential,0,deterministic_linear_ramp,110,120,5,60,3.2246570587158203,237,136.22866821289062,17.587047576904297,309.30419921875,306.2111511230469,296.9320068359375,0.000502520364788146,0.012440829393713411,0.06845768541097641,3.1237409114837646
931011393,d-XY p=20,0,spsa,sequential,0,deterministic_linear_ramp,115,120,5,60,3.2246570587158203,247,27.261329650878906,3.5194225311279297,12.386335372924805,12.262472152709961,11.890881538391113,0.0004905151713650683,0.012385099893453082,0.013372094370424747,3.239556312561035
931011393,d-XY p=20,0,spsa,sequential,0,deterministic_linear_ramp,120,120,5,60,3.2246570587158203,257,33.143009185791016,4.278744697570801,18.22628402709961,17.57534408569336,17.575345993041992,0.0004792441031814732,0.012331976538504544,0.015883592888712883,3.358912944793701
931011393,d-XY p=20,0,spsa,sequential,1,random_shared_stream,1,120,5,60,5.711181640625,19,0.11163799464702606,0.014412404038012028,0.0002056402008747682,0.00020304373174440116,0.00020771737035829574,0.5987158126904029,0.02,0.06683943420648575,3.628889560699463
931011393,d-XY p=20,0,spsa,sequential,1,random_shared_stream,5,120,5,60,5.711181640625,27,0.17382079362869263,0.022440169006586075,0.0005030016181990504,0.0005023021949455142,0.0004834186693187803,0.5094298348100044,0.016999416915812672,0.08854949474334717,3.739752769470215
931011393,d-XY p=20,0,spsa,sequential,1,random_shared_stream,10,120,5,60,5.711181640625,37,1.1150585412979126,0.14395345747470856,0.02069956809282303,0.02051536738872528,0.02051536925137043,0.43619046991687266,0.015850026609609436,0.25,3.874525785446167
931011393,d-XY p=20,0,spsa,sequential,1,random_shared_stream,15,120,5,60,5.711181640625,47,0.9882086515426636,0.12757718563079834,0.01625785417854786,0.015909729525446892,0.01562490127980709,0.38559699480446585,0.015214047873475552,0.25,4.0059802532196045
931011393,d-XY p=20,0,spsa,sequential,1,random_shared_stream,20,120,5,60,5.711181640625,57,2.723245859146118,0.3515695333480835,0.1214037835597992,0.12329213321208954,0.11247704178094864,0.34810826892858693,0.014778350620464044,0.25,4.137474775314331
931011393,d-XY p=20,0,spsa,sequential,1,random_shared_stream,25,120,5,60,5.710118770599365,67,0.8394808769226074,0.10837652534246445,0.011732419952750206,0.011628014966845512,0.011628014966845512,0.31897539848426953,0.014449008773880907,0.25,4.277103424072266
931011393,d-XY p=20,0,spsa,sequential,1,random_shared_stream,30,120,5,60,5.710118770599365,77,0.8437561988830566,0.10892846435308456,0.011852225288748741,0.01183574553579092,0.011865409091114998,0.2955415547814147,0.014185372641231635,0.24936503171920776,4.409106254577637
931011393,d-XY p=20,0,spsa,sequential,1,random_shared_stream,35,120,5,60,5.710118770599365,87,1.4733290672302246,0.19020596146583557,0.0360175184905529,0.0353643000125885,0.027133729308843613,0.27619239501478754,0.013966227856027484,0.25,4.541312217712402
931011393,d-XY p=20,0,spsa,sequential,1,random_shared_stream,40,120,5,60,5.710118770599365,97,0.44376492500305176,0.05728980898857117,0.0032237728592008352,0.003249300643801689,0.0021005577873438597,0.25988464094869484,0.013779134410346052,0.11532769352197647,4.67493200302124
931011393,d-XY p=20,0,spsa,sequential,1,random_shared_stream,45,120,5,60,5.710118770599365,107,0.7842206358909607,0.10124245285987854,0.01014753244817257,0.01001940667629242,0.010250032879412174,0.24591100427741505,0.013616187769422706,0.19284847378730774,4.80763578414917
931011393,d-XY p=20,0,spsa,sequential,1,random_shared_stream,50,120,5,60,5.710118770599365,117,0.43194663524627686,0.05576407536864281,0.003109631361439824,0.0031018569134175777,0.0030785349663347006,0.23377325800053883,0.013472060523173781,0.1009775698184967,4.938554286956787
931011393,d-XY p=20,0,spsa,sequential,1,random_shared_stream,55,120,5,60,5.710118770599365,127,1.1440836191177368,0.14770057797431946,0.021718500182032585,0.021815454587340355,0.02094283699989319,0.2231092597729081,0.01334299625175472,0.25,5.07343864440918
931011393,d-XY p=20,0,spsa,sequential,1,random_shared_stream,60,120,5,60,5.710118770599365,137,1.4765880107879639,0.19062669575214386,0.03633853420615196,0.03633853793144226,0.03633853793144226,0.21364880286814628,0.013226249755755135,0.25,5.205827474594116
931011393,d-XY p=20,0,spsa,sequential,1,random_shared_stream,65,120,5,60,5.710118770599365,147,0.7309846878051758,0.09436973184347153,0.008747322484850883,0.00881658773869276,0.008549418300390244,0.20518575658380203,0.01311975565249048,0.14998765289783478,5.337446689605713
931011393,d-XY p=20,0,spsa,sequential,1,random_shared_stream,70,120,5,60,5.710118770599365,157,0.860569953918457,0.11109911650419235,0.012343010865151882,0.012312153354287148,0.012219580821692944,0.19755984984620678,0.013021922119457682,0.17001408338546753,5.472701072692871
931011393,d-XY p=20,0,spsa,sequential,1,random_shared_stream,75,120,5,60,5.710118770599365,167,0.16780495643615723,0.021663527935743332,0.00046722256229259074,0.0004693084047175944,0.0004505360557232052,0.19064439282766613,0.01293149713891721,0.03199107572436333,5.604508638381958
931011393,d-XY p=20,0,spsa,sequential,1,random_shared_stream,80,120,5,60,5.710118770599365,177,3.0185368061065674,0.38969144225120544,0.15034081041812897,0.15185940265655518,0.1381920427083969,0.18433778065832704,0.012847478719003411,0.25,5.73466944694519
931011393,d-XY p=20,0,spsa,sequential,1,random_shared_stream,85,120,5,60,5.710118770599365,187,1.6687357425689697,0.21543288230895996,0.045947205275297165,0.04455486685037613,0.045947205275297165,0.17855747772063785,0.012769052840860788,0.25,5.8674352169036865
931011393,d-XY p=20,0,spsa,sequential,1,random_shared_stream,90,120,5,60,5.710118770599365,197,0.9712825417518616,0.12539204955101013,0.015094236470758915,0.015565931797027588,0.013207456097006798,0.17323567122654465,0.01269554947299621,0.16826076805591583,5.999300718307495
931011393,d-XY p=20,0,spsa,sequential,1,random_shared_stream,95,120,5,60,5.710118770599365,207,2.461467742919922,0.3177741467952728,0.09997057914733887,0.10072793066501617,0.08482352644205093,0.16831607391249687,0.012626410699612943,0.25,6.130953788757324
931011393,d-XY p=20,0,spsa,sequential,1,random_shared_stream,100,120,5,60,5.710118770599365,217,0.6420500874519348,0.08288832008838654,0.006862838752567768,0.006853295955806971,0.006595653481781483,0.16375153392691488,0.012561167176266359,0.1051366850733757,6.260962247848511
931011393,d-XY p=20,0,spsa,sequential,1,random_shared_stream,105,120,5,60,5.710118770599365,227,1.1333860158920288,0.14631952345371246,0.021314242854714394,0.021355872973799706,0.02119530364871025,0.15950222209141843,0.01249942043693397,0.18077759444713593,6.392906665802002
931011393,d-XY p=20,0,spsa,sequential,1,random_shared_stream,110,120,5,60,5.710118770599365,237,1.273957371711731,0.16446718573570251,0.027019403874874115,0.027049455791711807,0.026778962463140488,0.15553423894981624,0.012440829393713411,0.19814397394657135,6.524869918823242
931011393,d-XY p=20,0,spsa,sequential,1,random_shared_stream,115,120,5,60,5.710118770599365,247,3.022972583770752,0.3902641236782074,0.15213683247566223,0.1507830023765564,0.1507830023765564,0.15181853158084044,0.012385099893453082,0.25,6.657896041870117
931011393,d-XY p=20,0,spsa,sequential,1,random_shared_stream,120,120,5,60,5.710118770599365,257,2.8125598430633545,0.36309993267059326,0.13169504702091217,0.13151194155216217,0.12656787037849426,0.14833004208882553,0.012331976538504544,0.25,6.793195009231567
931011393,d-XY p=20,0,spsa,sequential,2,random_shared_stream,1,120,5,60,5.707671642303467,19,0.700207531452179,0.09039641171693802,0.008162430487573147,0.008151081390678883,0.008171509951353073,0.5299350792874792,0.02,0.25,7.061095476150513
931011393,d-XY p=20,0,spsa,sequential,2,random_shared_stream,5,120,5,60,5.707089424133301,27,0.47855034470558167,0.06178058311343193,0.0037998766638338566,0.003473324701189995,0.0032061461824923754,0.45090631344498394,0.016999416915812672,0.21578136086463928,7.1711509227752686
931011393,d-XY p=20,0,spsa,sequential,2,random_shared_stream,10,120,5,60,5.706662654876709,37,1.046663522720337,0.13512368500232697,0.016960034146904945,0.01602175459265709,0.01807582564651966,0.38608071869878974,0.015850026609609436,0.25,7.302830219268799
931011393,d-XY p=20,0,spsa,sequential,2,random_shared_stream,15,120,5,60,5.706482887268066,47,0.5487890243530273,0.07084836810827255,0.004461769480258226,0.004404602572321892,0.00456773629412055,0.3412994440492315,0.015214047873475552,0.1873013973236084,7.4357264041900635
931011393,d-XY p=20,0,spsa,sequential,2,random_shared_stream,20,120,5,60,5.706164360046387,57,0.4315055012702942,0.05570712313055992,0.003089491045102477,0.0030722504016011953,0.0031032832339406013,0.30811743933459484,0.014778350620464044,0.13295437395572662,7.564037799835205
931011393,d-XY p=20,0,spsa,sequential,2,random_shared_stream,25,120,5,60,5.705757141113281,67,0.768032968044281,0.09915263205766678,0.009787549264729023,0.009831244125962257,0.00943799503147602,0.28233136573916684,0.014449008773880907,0.21683980524539948,7.699365615844727
931011393,d-XY p=20,0,spsa,sequential,2,random_shared_stream,30,120,5,60,5.705757141113281,77,0.059366270899772644,0.007664153352379799,5.81518434046302e-05,5.8592391724232584e-05,4.934095704811625e-05,0.26158961221026117,0.014185372641231635,0.015529599972069263,7.829795598983765
931011393,d-XY p=20,0,spsa,sequential,2,random_shared_stream,35,120,5,60,5.705757141113281,87,1.8585208654403687,0.2399340122938156,0.055969204753637314,0.056273043155670166,0.05526559427380562,0.24446329234742514,0.013966227856027484,0.25,7.961709260940552
931011393,d-XY p=20,0,spsa,sequential,2,random_shared_stream,40,120,5,60,5.705757141113281,97,0.6523116230964661,0.08421307057142258,0.007091841660439968,0.006932274904102087,0.006453576032072306,0.23002898017320444,0.013779134410346052,0.1500505954027176,8.095927476882935
931011393,d-XY p=20,0,spsa,sequential,2,random_shared_stream,45,120,5,60,5.705757141113281,107,0.8414570689201355,0.10863164812326431,0.011682825163006783,0.011063280515372753,0.011328799650073051,0.2176606409705813,0.013616187769422706,0.18315209448337555,8.226627349853516
931011393,d-XY p=20,0,spsa,sequential,2,random_shared_stream,50,120,5,60,5.705757141113281,117,0.4049413800239563,0.052277710288763046,0.002657043281942606,0.0026714669074863195,0.0026236404664814472,0.20691728427401476,0.013472060523173781,0.08378936350345612,8.358052253723145
931011393,d-XY p=20,0,spsa,sequential,2,random_shared_stream,55,120,5,60,5.705757141113281,127,0.7613844871520996,0.09829431027173996,0.009651036001741886,0.00956515409052372,0.00956515409052372,0.19747837080873223,0.01334299625175472,0.1503569632768631,8.489326477050781
931011393,d-XY p=20,0,spsa,sequential,2,random_shared_stream,60,120,5,60,5.705757141113281,137,0.5670377016067505,0.07320426404476166,0.0053052743896842,0.005345465615391731,0.005144508555531502,0.1891047353148035,0.013226249755755135,0.10722952336072922,8.622109174728394
931011393,d-XY p=20,0,spsa,sequential,2,random_shared_stream,65,120,5,60,5.705757141113281,147,0.23085209727287292,0.029802881181240082,0.0008882114780135453,0.0008793294546194375,0.0008526830933988094,0.18161392747467936,0.01311975565249048,0.04192595183849335,8.75455379486084
931011393,d-XY p=20,0,spsa,sequential,2,random_shared_stream,70,120,5,60,5.7043657302856445,157,1.1470484733581543,0.14808331429958344,0.02170938067138195,0.019242405891418457,0.018420081585645676,0.17486408822545912,0.013021922119457682,0.20057757198810577,8.893715143203735
931011393,d-XY p=20,0,spsa,sequential,2,random_shared_stream,75,120,5,60,5.7043657302856445,167,0.054982900619506836,0.00709826173260808,4.7642115532653406e-05,4.925164466840215e-05,4.232367064105347e-05,0.16874308192204865,0.01293149713891721,0.00927798356860876,9.025431632995605
931011393,d-XY p=20,0,spsa,sequential,2,random_shared_stream,80,120,5,60,5.7043657302856445,177,0.39544713497161865,0.05105200782418251,0.0025020549073815346,0.0025476650334894657,0.0023717395961284637,0.16316097610630947,0.012847478719003411,0.06452154368162155,9.16038465499878
931011393,d-XY p=20,0,spsa,sequential,2,random_shared_stream,85,120,5,60,5.7043657302856445,187,0.2701680362224579,0.03487854078412056,0.0012043474707752466,0.0011678521987050772,0.0012043475871905684,0.15804471688839244,0.012769052840860788,0.04269862547516823,9.28968620300293
931011393,d-XY p=20,0,spsa,sequential,2,random_shared_stream,90,120,5,60,5.7043657302856445,197,0.057604897767305374,0.007436760701239109,5.530540511244908e-05,5.3093193855602294e-05,4.6456538257189095e-05,0.15333428184287906,0.01269554947299621,0.00883280485868454,9.41804552078247
931011393,d-XY p=20,0,spsa,sequential,2,random_shared_stream,95,120,5,60,5.7043657302856445,207,0.7887988090515137,0.10183349251747131,0.010082002729177475,0.009955255314707756,0.010266358032822609,0.14897985001157799,0.012626410699612943,0.11751512438058853,9.552385568618774
931011393,d-XY p=20,0,spsa,sequential,2,random_shared_stream,100,120,5,60,5.7043657302856445,217,0.9555034637451172,0.1233549639582634,0.015216448344290257,0.015216447412967682,0.015216447412967682,0.1449396863681616,0.012561167176266359,0.13849036395549774,9.683523893356323
931011393,d-XY p=20,0,spsa,sequential,2,random_shared_stream,105,120,5,60,5.7043657302856445,227,0.8633000254631042,0.11145156621932983,0.012421448715031147,0.012390395626425743,0.012297234497964382,0.14117853732761423,0.01249942043693397,0.12187943607568741,9.819133996963501
931011393,d-XY p=20,0,spsa,sequential,2,random_shared_stream,110,120,5,60,5.7039923667907715,237,0.9331269860267639,0.1204661875963211,0.013480128720402718,0.013206012547016144,0.013931617140769958,0.1376663978180408,0.012440829393713411,0.12846024334430695,9.952714920043945
931011393,d-XY p=20,0,spsa,sequential,2,random_shared_stream,115,120,5,60,5.7039923667907715,247,0.013718418776988983,0.0017710402607917786,2.8542906420625513e-06,2.9405468922050204e-06,2.6347299808548996e-06,0.13437755253042605,0.012385099893453082,0.0018434475641697645,10.084508657455444
931011393,d-XY p=20,0,spsa,sequential,2,random_shared_stream,120,120,5,60,5.7039923667907715,257,0.7022039890289307,0.0906541496515274,0.008181649260222912,0.008135992102324963,0.008218173868954182,0.13128982223107546,0.012331976538504544,0.09219223260879517,10.214972257614136
931011393,d-XY p=20,0,spsa,sequential,3,random_shared_stream,1,120,5,60,5.710808753967285,19,1.330145001411438,0.17172099649906158,0.02935703657567501,0.028308570384979248,0.028308570384979248,0.4849957299273159,0.02,0.25,10.476571321487427
931011393,d-XY p=20,0,spsa,sequential,3,random_shared_stream,5,120,5,60,5.710056304931641,27,1.5910032987594604,0.20539765059947968,0.04200068861246109,0.04123895615339279,0.04176630824804306,0.41266873087948835,0.016999416915812672,0.25,10.58810305595398
931011393,d-XY p=20,0,spsa,sequential,3,random_shared_stream,10,120,5,60,5.708191394805908,37,1.0591309070587158,0.13673321902751923,0.018176639452576637,0.017527472227811813,0.018695969134569168,0.35334045111326595,0.015850026609609436,0.25,10.720770359039307
931011393,d-XY p=20,0,spsa,sequential,3,random_shared_stream,15,120,5,60,5.708191394805908,47,0.14639228582382202,0.018899163231253624,0.0003377319953870028,0.0003491418610792607,0.0003000298165716231,0.31235670077362077,0.015214047873475552,0.04572661221027374,10.853634119033813
931011393,d-XY p=20,0,spsa,sequential,3,random_shared_stream,20,120,5,60,5.708191394805908,57,2.114664316177368,0.2730019986629486,0.07378479093313217,0.07434376329183578,0.07154889404773712,0.2819885835720482,0.014778350620464044,0.25,10.986160278320312
931011393,d-XY p=20,0,spsa,sequential,3,random_shared_stream,25,120,5,60,5.708145618438721,67,0.10199539363384247,0.0131675498560071,0.00017165049212053418,0.0001716505066724494,0.00013003827189095318,0.2583892106032137,0.014449008773880907,0.026354510337114334,11.1210777759552
931011393,d-XY p=20,0,spsa,sequential,3,random_shared_stream,30,120,5,60,5.707627296447754,77,1.0577871799468994,0.13655975461006165,0.018565678969025612,0.01822897046804428,0.018462076783180237,0.23940639122418764,0.014185372641231635,0.25,11.253358602523804
931011393,d-XY p=20,0,spsa,sequential,3,random_shared_stream,35,120,5,60,5.707627296447754,87,1.876768946647644,0.24228984117507935,0.058639127761125565,0.058557599782943726,0.05870435759425163,0.22373241090566845,0.013966227856027484,0.25,11.387115716934204
931011393,d-XY p=20,0,spsa,sequential,3,random_shared_stream,40,120,5,60,5.707627296447754,97,1.4444140195846558,0.1864730566740036,0.03380630537867546,0.03338130936026573,0.034424472600221634,0.21052215168231697,0.013779134410346052,0.25,11.518914461135864
931011393,d-XY p=20,0,spsa,sequential,3,random_shared_stream,45,120,5,60,5.70703125,107,0.9830562472343445,0.12691202759742737,0.016088765114545822,0.015945592895150185,0.014657060615718365,0.1992026675907369,0.013616187769422706,0.1958274245262146,11.654776811599731
931011393,d-XY p=20,0,spsa,sequential,3,random_shared_stream,50,120,5,60,5.70703125,117,0.24757081270217896,0.03196125477552414,0.0010113066527992487,0.0009985376382246614,0.0010215218644589186,0.18937036486805903,0.013472060523173781,0.04688257724046707,11.791087865829468
931011393,d-XY p=20,0,spsa,sequential,3,random_shared_stream,55,120,5,60,5.70703125,127,0.40719738602638245,0.052568964660167694,0.002760424977168441,0.0027565867640078068,0.002763495547696948,0.18073188648695132,0.01334299625175472,0.07359356433153152,11.92825436592102
931011393,d-XY p=20,0,spsa,sequential,3,random_shared_stream,60,120,5,60,5.704793453216553,137,0.15931791067123413,0.02056785486638546,0.00041880630305968225,0.0004188062739558518,0.00031727750319987535,0.1730683487872322,0.013226249755755135,0.027572888880968094,12.062307596206665
931011393,d-XY p=20,0,spsa,sequential,3,random_shared_stream,65,120,5,60,5.704793453216553,147,0.11781903356313705,0.015210372395813465,0.00022492885182145983,0.00022210115275811404,0.0002290418342454359,0.16621277353252173,0.01311975565249048,0.019583027809858322,12.195410251617432
931011393,d-XY p=20,0,spsa,sequential,3,random_shared_stream,70,120,5,60,5.704793453216553,157,0.35823991894721985,0.04624857380986214,0.0021389308385550976,0.002117541152983904,0.0020533734932541847,0.16003533153723212,0.013021922119457682,0.05733104422688484,12.328424215316772
931011393,d-XY p=20,0,spsa,sequential,3,random_shared_stream,75,120,5,60,5.704793453216553,167,0.5773918628692627,0.07454096525907516,0.005253843031823635,0.005334101151674986,0.005056283436715603,0.15443339643981646,0.01293149713891721,0.08916858583688736,12.460494041442871
931011393,d-XY p=20,0,spsa,sequential,3,random_shared_stream,80,120,5,60,5.704793453216553,177,1.2048847675323486,0.15554994344711304,0.02395382896065712,0.023227956146001816,0.02395382896065712,0.14932466219962237,0.012847478719003411,0.17991898953914642,12.593412399291992
931011393,d-XY p=20,0,spsa,sequential,3,random_shared_stream,85,120,5,60,5.704793453216553,187,0.38052037358283997,0.04912496730685234,0.0024105808697640896,0.002407229272648692,0.002413262380287051,0.1446422700144752,0.012769052840860788,0.05503932386636734,12.725143194198608
931011393,d-XY p=20,0,spsa,sequential,3,random_shared_stream,90,120,5,60,5.704793453216553,197,0.19943512976169586,0.025746967643499374,0.0006268146680667996,0.0005817002383992076,0.0006629062700085342,0.14033128745743134,0.01269554947299621,0.02798699028789997,12.857056140899658
931011393,d-XY p=20,0,spsa,sequential,3,random_shared_stream,95,120,5,60,5.704793453216553,207,1.6782269477844238,0.21665816009044647,0.04694075882434845,0.04647134989500046,0.04506313055753708,0.13634611846790132,0.012626410699612943,0.22881972789764404,12.992690324783325
931011393,d-XY p=20,0,spsa,sequential,3,random_shared_stream,100,120,5,60,5.70428991317749,217,0.8103916049003601,0.10462111234664917,0.010933413170278072,0.010918211191892624,0.010507753118872643,0.13264856721709695,0.012561167176266359,0.10749728232622147,13.12634801864624
931011393,d-XY p=20,0,spsa,sequential,3,random_shared_stream,105,120,5,60,5.70428991317749,227,0.020832672715187073,0.0026894863694906235,7.201188964245375e-06,7.070587344060186e-06,7.161003395594889e-06,0.12920636968086602,0.01249942043693397,0.00269171386025846,13.25821328163147
931011393,d-XY p=20,0,spsa,sequential,3,random_shared_stream,110,120,5,60,5.704145431518555,237,0.032509516924619675,0.00419696094468236,1.7301332263741642e-05,1.757044083205983e-05,1.602917654963676e-05,0.12599206526579995,0.012440829393713411,0.004095940850675106,13.388554573059082
931011393,d-XY p=20,0,spsa,sequential,3,random_shared_stream,115,120,5,60,5.704145431518555,247,0.3222337067127228,0.04160019010305405,0.001730575691908598,0.0016224149148911238,0.0012979318853467703,0.12298211936255955,0.012385099893453082,0.03962898254394531,13.519306898117065
931011393,d-XY p=20,0,spsa,sequential,3,random_shared_stream,120,120,5,60,5.70272970199585,257,0.1292390674352646,0.016684692353010178,0.0002755951718427241,0.0002755951718427241,0.0002755951718427241,0.12015623357223647,0.012331976538504544,0.01552888099104166,13.654890060424805
931011393,d-XY p=20,0,spsa,sequential,4,continuation,1,120,5,60,5.03734827041626,19,0.0,0.0,0.0,0.0,0.0,33554.429440000196,0.02,0.0,13.928481817245483
931011393,d-XY p=20,0,spsa,sequential,4,continuation,5,120,5,60,5.03734827041626,27,376.37261962890625,48.58949661254883,2337.32958984375,2355.036865234375,2266.501708984375,28550.48603101184,0.016999416915812672,0.25,14.03499984741211
931011393,d-XY p=20,0,spsa,sequential,4,continuation,10,120,5,60,2.8515233993530273,37,139.4573974609375,18.003873825073242,315.1356201171875,294.9669494628906,320.8980712890625,24445.859011902532,0.015850026609609436,0.25,14.171229600906372
931011393,d-XY p=20,0,spsa,sequential,4,continuation,15,120,5,60,2.326869249343872,47,430.29022216796875,55.55023193359375,3072.113037109375,2962.39501953125,2962.39453125,21610.398256063916,0.015214047873475552,0.25,14.304478645324707
931011393,d-XY p=20,0,spsa,sequential,4,continuation,20,120,5,60,2.138144016265869,57,336.45208740234375,43.43577575683594,1867.7999267578125,1844.216552734375,1886.666748046875,19509.380075927496,0.014778350620464044,0.25,14.439143657684326
931011393,d-XY p=20,0,spsa,sequential,4,continuation,25,120,5,60,1.063752293586731,67,608.2378540039062,78.52316284179688,6056.27099609375,5919.251953125,6165.8876953125,17876.65746364867,0.014449008773880907,0.25,14.570864915847778
931011393,d-XY p=20,0,spsa,sequential,4,continuation,30,120,5,60,1.063752293586731,77,159.67933654785156,20.61451530456543,407.9598388671875,386.7119140625,424.9580993652344,16563.3311101955,0.014185372641231635,0.25,14.701233625411987
931011393,d-XY p=20,0,spsa,sequential,4,continuation,35,120,5,60,1.063752293586731,87,41.87582778930664,5.40614652633667,29.096521377563477,29.153350830078125,28.934152603149414,15478.926786222335,0.013966227856027484,0.25,14.831560850143433
931011393,d-XY p=20,0,spsa,sequential,4,continuation,40,120,5,60,1.063752293586731,97,770.3483276367188,99.45154571533203,9791.703125,9791.703125,9791.701171875,14564.975005532453,0.013779134410346052,0.25,14.966233015060425
931011393,d-XY p=20,0,spsa,sequential,4,continuation,45,120,5,60,1.063752293586731,107,587.1543579101562,75.80130767822266,5516.00341796875,5688.37841796875,4826.5029296875,13781.836501807791,0.013616187769422706,0.25,15.098333597183228
931011393,d-XY p=20,0,spsa,sequential,4,continuation,50,120,5,60,1.063752293586731,117,631.992919921875,81.58993530273438,6538.57177734375,6590.3486328125,4260.42724609375,13101.588640676602,0.013472060523173781,0.25,15.23133134841919
931011393,d-XY p=20,0,spsa,sequential,4,continuation,55,120,5,60,1.063752293586731,127,344.22760009765625,44.43959426879883,1972.6829833984375,1955.1282958984375,1797.1383056640625,12503.93551628459,0.01334299625175472,0.25,15.362121105194092
931011393,d-XY p=20,0,spsa,sequential,4,continuation,60,120,5,60,1.063752293586731,137,386.9034118652344,49.94901657104492,2425.601318359375,2469.955322265625,2270.36279296875,11973.733662663024,0.013226249755755135,0.25,15.493430852890015
931011393,d-XY p=20,0,spsa,sequential,4,continuation,65,120,5,60,1.063752293586731,147,17.66588592529297,2.280656337738037,5.149378299713135,5.188388824462891,4.9933366775512695,11499.430690574449,0.01311975565249048,0.25,15.624642610549927
931011393,d-XY p=20,0,spsa,sequential,4,continuation,70,120,5,60,1.063752293586731,157,92.934326171875,11.997771263122559,138.18862915039062,140.70767211914062,130.99130249023438,11072.044367850114,0.013021922119457682,0.25,15.750665187835693
931011393,d-XY p=20,0,spsa,sequential,4,continuation,75,120,5,60,1.063752293586731,167,67.59297943115234,8.726217269897461,74.79312896728516,75.38538360595703,73.1009750366211,10684.474489694972,0.01293149713891721,0.25,15.880295276641846
931011393,d-XY p=20,0,spsa,sequential,4,continuation,80,120,5,60,1.063752293586731,177,234.64878845214844,30.29302978515625,908.4909057617188,897.02001953125,917.6676025390625,10331.026712709398,0.012847478719003411,0.25,16.013521432876587
931011393,d-XY p=20,0,spsa,sequential,4,continuation,85,120,5,60,1.063752293586731,187,584.8880004882812,75.50871276855469,5644.55029296875,5687.31201171875,4789.3154296875,10007.075410683552,0.012769052840860788,0.25,16.146340131759644
931011393,d-XY p=20,0,spsa,sequential,4,continuation,90,120,5,60,1.063752293586731,197,628.8585205078125,81.18528747558594,6561.75732421875,6591.05078125,6327.4091796875,9708.820083674638,0.01269554947299621,0.25,16.276989221572876
931011393,d-XY p=20,0,spsa,sequential,4,continuation,95,120,5,60,1.063752293586731,207,55.66596984863281,7.186446666717529,51.12855529785156,50.48298645019531,51.64500045776367,9433.10616824346,0.012626410699612943,0.25,16.408766508102417
931011393,d-XY p=20,0,spsa,sequential,4,continuation,100,120,5,60,1.063752293586731,217,201.5265350341797,26.016965866088867,628.7485961914062,615.9630126953125,649.80712890625,9177.291085985944,0.012561167176266359,0.25,16.544139623641968
931011393,d-XY p=20,0,spsa,sequential,4,continuation,105,120,5,60,1.063752293586731,227,43.64873504638672,5.6350274085998535,31.612409591674805,31.674152374267578,31.43600082397461,8939.142650400105,0.01249942043693397,0.25,16.68050479888916
931011393,d-XY p=20,0,spsa,sequential,4,continuation,110,120,5,60,1.063752293586731,237,44.038368225097656,5.685329437255859,32.17930603027344,31.99973487854004,32.32296371459961,8716.76100033861,0.012440829393713411,0.25,16.812772274017334
931011393,d-XY p=20,0,spsa,sequential,4,continuation,115,120,5,60,1.063752293586731,247,646.4273681640625,83.45342254638672,6190.642578125,6337.67041015625,5850.1572265625,8508.51789386088,0.012385099893453082,0.25,16.946197509765625
931011393,d-XY p=20,0,spsa,sequential,4,continuation,120,120,5,60,1.063752293586731,257,117.76075744628906,15.202849388122559,230.09938049316406,230.54879760742188,210.32522583007812,8313.008986244096,0.012331976538504544,0.25,17.077080726623535
931011393,d-XY p=26,0,spsa,sequential,0,deterministic_linear_ramp,1,120,5,78,9.13046932220459,19,249.93630981445312,28.299715042114258,800.3472290039062,796.134765625,796.1348876953125,0.0022981206264356463,0.02,0.25,0.3129231929779053
931011393,d-XY p=26,0,spsa,sequential,0,deterministic_linear_ramp,5,120,5,78,6.236750602722168,27,283.3744201660156,32.085838317871094,1029.500732421875,1023.408935546875,1005.1338500976562,0.0019554038598675904,0.016999416915812672,0.25,0.4429619312286377
931011393,d-XY p=26,0,spsa,sequential,0,deterministic_linear_ramp,10,120,5,78,5.248050212860107,37,31.105867385864258,3.522045850753784,12.372183799743652,12.331404685974121,12.404806137084961,0.0016742806766137223,0.015850026609609436,0.052079953253269196,0.605086088180542
931011393,d-XY p=26,0,spsa,sequential,0,deterministic_linear_ramp,15,120,5,78,4.457434177398682,47,41.28201675415039,4.674267768859863,21.331649780273438,21.33165168762207,21.331647872924805,0.001480081849299629,0.015214047873475552,0.061100754886865616,0.768207311630249
931011393,d-XY p=26,0,spsa,sequential,0,deterministic_linear_ramp,20,120,5,78,4.331328392028809,57,133.45819091796875,15.111166000366211,218.73898315429688,216.18679809570312,222.942626953125,0.001336184507074764,0.014778350620464044,0.17832480370998383,0.9311213493347168
931011393,d-XY p=26,0,spsa,sequential,0,deterministic_linear_ramp,25,120,5,78,4.319894313812256,67,60.11922073364258,6.8071608543396,46.30697250366211,44.623779296875,36.46674346923828,0.001224360417821949,0.014449008773880907,0.07360759377479553,1.0943541526794434
931011393,d-XY p=26,0,spsa,sequential,0,deterministic_linear_ramp,30,120,5,78,4.319894313812256,77,38.981292724609375,4.413762092590332,19.468488693237305,19.452478408813477,19.020200729370117,0.0011344115665828257,0.014185372641231635,0.044220827519893646,1.2568583488464355
931011393,d-XY p=26,0,spsa,sequential,0,deterministic_linear_ramp,35,120,5,78,4.319894313812256,87,235.7682647705078,26.695497512817383,700.9361572265625,674.6978149414062,708.4326782226562,0.0010601414333720992,0.013966227856027484,0.2499477118253708,1.4186227321624756
931011393,d-XY p=26,0,spsa,sequential,0,deterministic_linear_ramp,40,120,5,78,3.9012136459350586,97,180.7672576904297,20.46786117553711,409.0177917480469,416.4544372558594,379.2710266113281,0.0009975454818442466,0.013779134410346052,0.1803235560655594,1.5812222957611084
931011393,d-XY p=26,0,spsa,sequential,0,deterministic_linear_ramp,45,120,5,78,3.8064053058624268,107,21.085651397705078,2.387479782104492,5.696311950683594,5.70005989074707,5.6663312911987305,0.0009439088449291775,0.013616187769422706,0.01990293152630329,1.7440693378448486
931011393,d-XY p=26,0,spsa,sequential,0,deterministic_linear_ramp,50,120,5,78,3.8009793758392334,117,330.6897277832031,37.4432373046875,1401.9959716796875,1350.14697265625,1194.60009765625,0.0008973191199109146,0.013472060523173781,0.25,1.9074389934539795
931011393,d-XY p=26,0,spsa,sequential,0,deterministic_linear_ramp,55,120,5,78,3.8009793758392334,127,190.32479858398438,21.55004119873047,461.6563415527344,453.4124450683594,461.65631103515625,0.0008563862536532731,0.01334299625175472,0.16299155354499817,2.0699455738067627
931011393,d-XY p=26,0,spsa,sequential,0,deterministic_linear_ramp,60,120,5,78,3.8009793758392334,137,0.5462247133255005,0.06184777244925499,0.0037849086802452803,0.0037346109747886658,0.0038251469377428293,0.0008200730802118677,0.013226249755755135,0.0004479442141018808,2.231987953186035
931011393,d-XY p=26,0,spsa,sequential,0,deterministic_linear_ramp,65,120,5,78,3.8009793758392334,147,68.54808044433594,7.761541366577148,57.70671081542969,59.439491271972656,51.330055236816406,0.0007875883841068254,0.01311975565249048,0.053987666964530945,2.394174337387085
931011393,d-XY p=26,0,spsa,sequential,0,deterministic_linear_ramp,70,120,5,78,3.534820795059204,157,199.97682189941406,22.642915725708008,500.566650390625,512.7017211914062,403.4870910644531,0.000758316978211948,0.013021922119457682,0.15164580941200256,2.5566012859344482
931011393,d-XY p=26,0,spsa,sequential,0,deterministic_linear_ramp,75,120,5,78,3.4644649028778076,167,53.68891143798828,6.079071998596191,36.73644256591797,36.90044403076172,36.08043670654297,0.0007317725742081146,0.01293149713891721,0.03928806632757187,2.718867063522339
931011393,d-XY p=26,0,spsa,sequential,0,deterministic_linear_ramp,80,120,5,78,3.424529790878296,177,78.49467468261719,8.887772560119629,75.6686782836914,67.30719757080078,77.12284088134766,0.0007075651702911201,0.012847478719003411,0.05554009601473808,2.890521287918091
931011393,d-XY p=26,0,spsa,sequential,0,deterministic_linear_ramp,85,120,5,78,3.352447271347046,187,6.635122299194336,0.7512797117233276,0.5610813498497009,0.5635861754417419,0.5510620474815369,0.0006853779603885496,0.012769052840860788,0.00454756710678339,3.0565319061279297
931011393,d-XY p=26,0,spsa,sequential,0,deterministic_linear_ramp,90,120,5,78,3.275646448135376,197,22.03553581237793,2.495033025741577,6.077848434448242,6.14231014251709,5.893671035766602,0.0006649506507789754,0.01269554947299621,0.014652542769908905,3.2203943729400635
931011393,d-XY p=26,0,spsa,sequential,0,deterministic_linear_ramp,95,120,5,78,3.275646448135376,207,140.04249572753906,15.856691360473633,251.2693328857422,251.4346466064453,249.9468536376953,0.0006460671875038591,0.012626410699612943,0.0904768705368042,3.384028673171997
931011393,d-XY p=26,0,spsa,sequential,0,deterministic_linear_ramp,100,120,5,78,3.275646448135376,217,104.56350708007812,11.839485168457031,140.08126831054688,139.34400939941406,139.34400939941406,0.000628546582120282,0.012561167176266359,0.06572303920984268,3.547044277191162
931011393,d-XY p=26,0,spsa,sequential,0,deterministic_linear_ramp,105,120,5,78,3.1644127368927,227,72.10782623291016,8.164604187011719,66.66075897216797,65.77326202392578,63.11077880859375,0.0006122359536546174,0.01249942043693397,0.044147007167339325,3.711885452270508
931011393,d-XY p=26,0,spsa,sequential,0,deterministic_linear_ramp,110,120,5,78,3.162247657775879,237,55.030540466308594,6.230982303619385,38.416717529296875,38.308231353759766,38.595401763916016,0.0005970051818764545,0.012440829393713411,0.032853517681360245,3.8748085498809814
931011393,d-XY p=26,0,spsa,sequential,0,deterministic_linear_ramp,115,120,5,78,3.1387710571289062,247,74.64212799072266,8.451557159423828,60.862430572509766,58.64347839355469,64.66632843017578,0.0005827427495747745,0.012385099893453082,0.04349716007709503,4.038914918899536
931011393,d-XY p=26,0,spsa,sequential,0,deterministic_linear_ramp,120,120,5,78,3.1306116580963135,257,17.644975662231445,1.997900128364563,3.8971288204193115,3.8971290588378906,3.8971290588378906,0.0005693524741105634,0.012331976538504544,0.010046211071312428,4.20363187789917
931011393,d-XY p=26,0,spsa,sequential,1,random_shared_stream,1,120,5,78,5.709683895111084,19,0.0844368040561676,0.009560585021972656,9.044325270224363e-05,8.924135909182951e-05,9.14047850528732e-05,0.9784629386126222,0.02,0.08261828124523163,4.555682897567749
931011393,d-XY p=26,0,spsa,sequential,1,random_shared_stream,5,120,5,78,5.707454681396484,27,0.040999770164489746,0.004642309620976448,2.1551040845224634e-05,2.126411891367752e-05,2.0403353119036183e-05,0.8325455961239048,0.016999416915812672,0.03413417562842369,4.687977075576782
931011393,d-XY p=26,0,spsa,sequential,1,random_shared_stream,10,120,5,78,5.706996440887451,37,1.0238652229309082,0.11592990159988403,0.01329836342483759,0.013260810635983944,0.013360216282308102,0.7128527423917915,0.015850026609609436,0.25,4.85114049911499
931011393,d-XY p=26,0,spsa,sequential,1,random_shared_stream,15,120,5,78,5.706840991973877,47,0.28759950399398804,0.032564230263233185,0.001057640416547656,0.0010604290291666985,0.0010353303514420986,0.6301693736151116,0.015214047873475552,0.1812364012002945,5.01547646522522
931011393,d-XY p=26,0,spsa,sequential,1,random_shared_stream,20,120,5,78,5.706840991973877,57,0.5508372187614441,0.06237003207206726,0.0037647015415132046,0.003867003135383129,0.003314574249088764,0.5689026956556246,0.014778350620464044,0.25,5.1790101528167725
931011393,d-XY p=26,0,spsa,sequential,1,random_shared_stream,25,120,5,78,5.706840991973877,67,1.1575344800949097,0.1310649812221527,0.016895677894353867,0.017178025096654892,0.01463689748197794,0.521291736631384,0.014449008773880907,0.25,5.343320846557617
931011393,d-XY p=26,0,spsa,sequential,1,random_shared_stream,30,120,5,78,5.706840991973877,77,0.7218565344810486,0.08173415809869766,0.006662904284894466,0.006640943232923746,0.006680471822619438,0.48299452268366927,0.014185372641231635,0.25,5.507204294204712
931011393,d-XY p=26,0,spsa,sequential,1,random_shared_stream,35,120,5,78,5.7056379318237305,87,0.7239863872528076,0.08197531849145889,0.006715534720569849,0.0067100124433636665,0.0065609002485871315,0.4513727827468804,0.013966227856027484,0.25,5.6719701290130615
931011393,d-XY p=26,0,spsa,sequential,1,random_shared_stream,40,120,5,78,5.705560207366943,97,1.027374029159546,0.116327203810215,0.013532018288969994,0.013512000441551208,0.013451947830617428,0.4247215191131735,0.013779134410346052,0.25,5.836589574813843
931011393,d-XY p=26,0,spsa,sequential,1,random_shared_stream,45,120,5,78,5.705560207366943,107,1.0228124856948853,0.11581071466207504,0.013271035626530647,0.013094674795866013,0.013412121683359146,0.40188483213969006,0.013616187769422706,0.25,6.000207424163818
931011393,d-XY p=26,0,spsa,sequential,1,random_shared_stream,50,120,5,78,5.705560207366943,117,0.8594825863838196,0.09731724113225937,0.009072142653167248,0.008784161880612373,0.009414604865014553,0.3820484846798844,0.013472060523173781,0.25,6.163823366165161
931011393,d-XY p=26,0,spsa,sequential,1,random_shared_stream,55,120,5,78,5.705560207366943,127,1.2448039054870605,0.14094629883766174,0.01985279656946659,0.019836466759443283,0.019395658746361732,0.3646206385766064,0.01334299625175472,0.25,6.327942848205566
931011393,d-XY p=26,0,spsa,sequential,1,random_shared_stream,60,120,5,78,5.705560207366943,137,0.7807304263114929,0.08840031921863556,0.007794063072651625,0.007814615033566952,0.007629652973264456,0.34915970324226947,0.013226249755755135,0.25,6.493117094039917
931011393,d-XY p=26,0,spsa,sequential,1,random_shared_stream,65,120,5,78,5.705560207366943,147,0.5513005256652832,0.0624224953353405,0.0038735109847038984,0.003896567737683654,0.0036890581250190735,0.3353288055751719,0.01311975565249048,0.18486694991588593,6.65688943862915
931011393,d-XY p=26,0,spsa,sequential,1,random_shared_stream,70,120,5,78,5.705560207366943,157,0.8890312910079956,0.1006629690527916,0.009966481477022171,0.009893199428915977,0.010073074139654636,0.3228660194621355,0.013021922119457682,0.25,6.816843509674072
931011393,d-XY p=26,0,spsa,sequential,1,random_shared_stream,75,120,5,78,5.705560207366943,167,1.8881947994232178,0.2137959599494934,0.0454382486641407,0.04239550605416298,0.04138125851750374,0.31156429959306375,0.01293149713891721,0.25,6.964176654815674
931011393,d-XY p=26,0,spsa,sequential,1,random_shared_stream,80,120,5,78,5.705560207366943,177,0.29714423418045044,0.03364495933055878,0.0011290063848719,0.001116912579163909,0.0009645301033742726,0.3012575962371386,0.012847478719003411,0.08951696008443832,7.118880987167358
931011393,d-XY p=26,0,spsa,sequential,1,random_shared_stream,85,120,5,78,5.705560207366943,187,0.33343398571014404,0.03775396943092346,0.0014169277856126428,0.0013916256139054894,0.0014169277856126428,0.2918110239592703,0.012769052840860788,0.0972997173666954,7.2918641567230225
931011393,d-XY p=26,0,spsa,sequential,1,random_shared_stream,90,120,5,78,5.705560207366943,197,0.06783583760261536,0.007680896203964949,5.895737558603287e-05,5.821070953970775e-05,5.341073119780049e-05,0.28311375839426206,0.01269554947299621,0.019205257296562195,7.455622911453247
931011393,d-XY p=26,0,spsa,sequential,1,random_shared_stream,95,120,5,78,5.705560207366943,207,0.4415963590145111,0.050000935792922974,0.002419551834464073,0.002485300414264202,0.0021302574314177036,0.2750738109890595,0.012626410699612943,0.1214715838432312,7.62944221496582
931011393,d-XY p=26,0,spsa,sequential,1,random_shared_stream,100,120,5,78,5.705560207366943,217,0.49887338280677795,0.05648628994822502,0.0030879101250320673,0.003072701394557953,0.0031151811126619577,0.26761412291495,0.012561167176266359,0.13350555300712585,7.796506643295288
931011393,d-XY p=26,0,spsa,sequential,1,random_shared_stream,105,120,5,78,5.705560207366943,227,1.128178596496582,0.12774106860160828,0.01622122712433338,0.016221225261688232,0.016221225261688232,0.2606696025640381,0.01249942043693397,0.25,7.9678754806518555
931011393,d-XY p=26,0,spsa,sequential,1,random_shared_stream,110,120,5,78,5.705560207366943,237,0.9764243960380554,0.11055829375982285,0.012150808237493038,0.012205053120851517,0.01106591522693634,0.254184849092018,0.012440829393713411,0.24819226562976837,8.133452653884888
931011393,d-XY p=26,0,spsa,sequential,1,random_shared_stream,115,120,5,78,5.705560207366943,247,1.0744962692260742,0.12166275084018707,0.014558535069227219,0.014604758471250534,0.014451486989855766,0.24811238219835896,0.012385099893453082,0.25,8.301884412765503
931011393,d-XY p=26,0,spsa,sequential,1,random_shared_stream,120,120,5,78,5.705560207366943,257,0.047297097742557526,0.005355342291295528,2.8000875317957252e-05,2.7619049433269538e-05,2.8509984986158088e-05,0.2424112505306687,0.012331976538504544,0.011465348303318024,8.478365421295166
931011393,d-XY p=26,0,spsa,sequential,2,random_shared_stream,1,120,5,78,5.70908784866333,19,0.2458353191614151,0.027835369110107422,0.0007742983871139586,0.0007748077041469514,0.000770223094150424,0.6686280886338275,0.02,0.16437239944934845,8.81953501701355
931011393,d-XY p=26,0,spsa,sequential,2,random_shared_stream,5,120,5,78,5.709010601043701,27,0.0557398647069931,0.006311296951025724,3.959677633247338e-05,3.7711215554736555e-05,3.771121191675775e-05,0.5689161527427279,0.016999416915812672,0.031711310148239136,8.960787057876587
931011393,d-XY p=26,0,spsa,sequential,2,random_shared_stream,10,120,5,78,5.70624303817749,37,0.3520491421222687,0.03986171633005142,0.001587911625392735,0.001586606027558446,0.00158895633649081,0.4871245990150957,0.015850026609609436,0.171491801738739,9.135764360427856
931011393,d-XY p=26,0,spsa,sequential,2,random_shared_stream,15,120,5,78,5.70624303817749,47,1.229840874671936,0.13925205171108246,0.019340137019753456,0.0193911362439394,0.018932173028588295,0.4306233043361721,0.015214047873475552,0.25,9.299118757247925
931011393,d-XY p=26,0,spsa,sequential,2,random_shared_stream,20,120,5,78,5.70624303817749,57,0.5853179693222046,0.06627421081066132,0.004392270930111408,0.004366281442344189,0.004288311582058668,0.3887570055072348,0.014778350620464044,0.22754646837711334,9.471946001052856
931011393,d-XY p=26,0,spsa,sequential,2,random_shared_stream,25,120,5,78,5.70624303817749,67,0.7121831774711609,0.08063886314630508,0.006498350761830807,0.006493006832897663,0.006348718423396349,0.35622227856546695,0.014449008773880907,0.25,9.644386768341064
931011393,d-XY p=26,0,spsa,sequential,2,random_shared_stream,30,120,5,78,5.70624303817749,77,2.0055527687072754,0.22708414494991302,0.0515672042965889,0.050880663096904755,0.04882102459669113,0.33005205591179215,0.014185372641231635,0.25,9.808730363845825
931011393,d-XY p=26,0,spsa,sequential,2,random_shared_stream,35,120,5,78,5.70624303817749,87,0.5224100351333618,0.059151288121938705,0.00344136543571949,0.003369478741660714,0.0034988748375326395,0.30844348731011334,0.013966227856027484,0.16113397479057312,9.979360580444336
931011393,d-XY p=26,0,spsa,sequential,2,random_shared_stream,40,120,5,78,5.70624303817749,97,1.2608749866485596,0.14276596903800964,0.020167719572782516,0.019899709150195122,0.020382126793265343,0.29023147052351067,0.013779134410346052,0.25,10.145158529281616
931011393,d-XY p=26,0,spsa,sequential,2,random_shared_stream,45,120,5,78,5.70624303817749,107,0.9479650259017944,0.1073358952999115,0.011399800889194012,0.010907451622188091,0.011248310096561909,0.2746261269185093,0.013616187769422706,0.25,10.314211130142212
931011393,d-XY p=26,0,spsa,sequential,2,random_shared_stream,50,120,5,78,5.704799175262451,117,0.886053204536438,0.10032577067613602,0.009264538995921612,0.008859215304255486,0.009827028959989548,0.2610710513360531,0.013472060523173781,0.23132285475730896,10.488195419311523
931011393,d-XY p=26,0,spsa,sequential,2,random_shared_stream,55,120,5,78,5.704799175262451,127,1.1808909177780151,0.13370956480503082,0.016926154494285583,0.016582338139414787,0.017455093562602997,0.2491618139299211,0.01334299625175472,0.25,10.663546323776245
931011393,d-XY p=26,0,spsa,sequential,2,random_shared_stream,60,120,5,78,5.704799175262451,137,0.717526912689209,0.08124391734600067,0.006561518646776676,0.0065908110700547695,0.006444348953664303,0.2385966558302727,0.013226249755755135,0.17119953036308289,10.831571340560913
931011393,d-XY p=26,0,spsa,sequential,2,random_shared_stream,65,120,5,78,5.704799175262451,147,0.3498792052268982,0.039616018533706665,0.001568396924994886,0.0015485341427847743,0.001420843880623579,0.2291453763731744,0.01311975565249048,0.08017320185899734,10.999693870544434
931011393,d-XY p=26,0,spsa,sequential,2,random_shared_stream,70,120,5,78,5.704799175262451,157,0.4078095555305481,0.046175338327884674,0.00211954559199512,0.0021195458248257637,0.0021195458248257637,0.2206289895699837,0.013021922119457682,0.08997461199760437,11.17021632194519
931011393,d-XY p=26,0,spsa,sequential,2,random_shared_stream,75,120,5,78,5.704799175262451,167,0.02654154598712921,0.003005238249897957,8.978016921901144e-06,8.978016012406442e-06,8.978016012406442e-06,0.21290601197305287,0.01293149713891721,0.0056508551351726055,11.334466695785522
931011393,d-XY p=26,0,spsa,sequential,2,random_shared_stream,80,120,5,78,5.704799175262451,177,0.23650257289409637,0.02677864395081997,0.0007053091540001333,0.0007160349632613361,0.0006492050015367568,0.20586297427275993,0.012847478719003411,0.04868711903691292,11.504581689834595
931011393,d-XY p=26,0,spsa,sequential,2,random_shared_stream,85,120,5,78,5.704799175262451,187,0.12598593533039093,0.014265098609030247,0.0002033592463703826,0.00020349305123090744,0.000202288938453421,0.19940770313571687,0.012769052840860788,0.025122564285993576,11.668505191802979
931011393,d-XY p=26,0,spsa,sequential,2,random_shared_stream,90,120,5,78,5.704799175262451,197,0.32557883858680725,0.036864545196294785,0.001326829195022583,0.0013087360421195626,0.0013509534765034914,0.19346446724850203,0.01269554947299621,0.06298793852329254,11.831248998641968
931011393,d-XY p=26,0,spsa,sequential,2,random_shared_stream,95,120,5,78,5.70370626449585,207,0.35838010907173157,0.04057856276631355,0.0016195547068491578,0.0016368762589991093,0.001558929681777954,0.18797040666213025,0.012626410699612943,0.06736485660076141,12.00176215171814
931011393,d-XY p=26,0,spsa,sequential,2,random_shared_stream,100,120,5,78,5.703473091125488,217,1.2689756155014038,0.14368319511413574,0.020590567961335182,0.020522702485322952,0.020644860342144966,0.18287286358516036,0.012561167176266359,0.2320612072944641,12.168460607528687
931011393,d-XY p=26,0,spsa,sequential,2,random_shared_stream,105,120,5,78,5.703473091125488,227,0.4391759932041168,0.04972688853740692,0.0024581316392868757,0.0024142363108694553,0.0024581316392868757,0.17812735797071905,0.01249942043693397,0.07822926342487335,12.342760801315308
931011393,d-XY p=26,0,spsa,sequential,2,random_shared_stream,110,120,5,78,5.703473091125488,237,0.5130078196525574,0.05808670073747635,0.003365191398188472,0.0032492848113179207,0.0031943810172379017,0.17369603191006489,0.012440829393713411,0.08910742402076721,12.515959739685059
931011393,d-XY p=26,0,spsa,sequential,2,random_shared_stream,115,120,5,78,5.703275680541992,247,0.010540944524109364,0.0011935270158573985,1.423570211045444e-06,1.4223994639905868e-06,1.390790657751495e-06,0.16954643996112864,0.012385099893453082,0.0017871798481792212,12.676698684692383
931011393,d-XY p=26,0,spsa,sequential,2,random_shared_stream,120,120,5,78,5.702910900115967,257,0.8684225082397461,0.09832948446273804,0.009662332013249397,0.009654385969042778,0.009439842775464058,0.16565059820812106,0.012331976538504544,0.14385469257831573,12.849950075149536
931011393,d-XY p=26,0,spsa,sequential,3,random_shared_stream,1,120,5,78,5.705924034118652,19,0.29152804613113403,0.03300905227661133,0.0010867321398109198,0.0010831502731889486,0.001089597586542368,0.5846942217885273,0.02,0.17045477032661438,13.19071078300476
931011393,d-XY p=26,0,spsa,sequential,3,random_shared_stream,5,120,5,78,5.705924034118652,27,1.106002688407898,0.12523014843463898,0.015589793212711811,0.01565939001739025,0.014197846874594688,0.49749927178575765,0.016999416915812672,0.25,13.330992460250854
931011393,d-XY p=26,0,spsa,sequential,3,random_shared_stream,10,120,5,78,5.705924034118652,37,0.32268956303596497,0.036537397652864456,0.0013341037556529045,0.0013349814107641578,0.0013270820491015911,0.425975132030626,0.015850026609609436,0.1374577283859253,13.504718780517578
931011393,d-XY p=26,0,spsa,sequential,3,random_shared_stream,15,120,5,78,5.705924034118652,47,0.17106495797634125,0.01936929300427437,0.00035938326618634164,0.00033965049078688025,0.00037516950396820903,0.3765665279292964,0.015214047873475552,0.06441733986139297,13.674796342849731
931011393,d-XY p=26,0,spsa,sequential,3,random_shared_stream,20,120,5,78,5.705924034118652,57,0.3415304720401764,0.03867071121931076,0.0014865752309560776,0.0014865753473713994,0.0014865752309560776,0.33995576713555226,0.014778350620464044,0.11610525846481323,13.841909646987915
931011393,d-XY p=26,0,spsa,sequential,3,random_shared_stream,25,120,5,78,5.705924034118652,67,1.381230115890503,0.15639351308345795,0.023156384006142616,0.024133294820785522,0.01924874447286129,0.31150517229262903,0.014449008773880907,0.25,14.01575255393982
931011393,d-XY p=26,0,spsa,sequential,3,random_shared_stream,30,120,5,78,5.705924034118652,77,0.5947931408882141,0.06734706461429596,0.004535627085715532,0.0042068613693118095,0.0032205639872699976,0.28862013615873316,0.014185372641231635,0.17166928946971893,14.182809829711914
931011393,d-XY p=26,0,spsa,sequential,3,random_shared_stream,35,120,5,78,5.704551696777344,87,1.571903944015503,0.17798307538032532,0.03149053454399109,0.030928201973438263,0.03149053081870079,0.2697241229380834,0.013966227856027484,0.25,14.351680994033813
931011393,d-XY p=26,0,spsa,sequential,3,random_shared_stream,40,120,5,78,5.702661991119385,97,1.4771080017089844,0.16724953055381775,0.02751263976097107,0.02797240950167179,0.023834479972720146,0.25379828739025334,0.013779134410346052,0.25,14.525515794754028
931011393,d-XY p=26,0,spsa,sequential,3,random_shared_stream,45,120,5,78,5.702661991119385,107,0.035104088485240936,0.003974755294620991,1.5705196346971206e-05,1.4302946510724723e-05,1.3461598427966237e-05,0.24015190550774504,0.013616187769422706,0.008430314250290394,14.690966606140137
931011393,d-XY p=26,0,spsa,sequential,3,random_shared_stream,50,120,5,78,5.702661991119385,117,1.6164336204528809,0.183025062084198,0.03347615525126457,0.033052194863557816,0.03270532190799713,0.22829841848903062,0.013472060523173781,0.25,14.860291719436646
931011393,d-XY p=26,0,spsa,sequential,3,random_shared_stream,55,120,5,78,5.702661991119385,127,2.0576822757720947,0.23298664391040802,0.05199868977069855,0.05227527767419815,0.051391974091529846,0.21788416516099465,0.01334299625175472,0.25,15.03612232208252
931011393,d-XY p=26,0,spsa,sequential,3,random_shared_stream,60,120,5,78,5.702661991119385,137,1.2976619005203247,0.14693129062652588,0.02146105468273163,0.021588798612356186,0.02043909952044487,0.20864526688831125,0.013226249755755135,0.25,15.211414337158203
931011393,d-XY p=26,0,spsa,sequential,3,random_shared_stream,65,120,5,78,5.702661991119385,147,0.04830900952219963,0.005469918251037598,2.9605263989651576e-05,2.9211842047516257e-05,2.992000554513652e-05,0.20038042043478402,0.01311975565249048,0.009680178947746754,15.386642694473267
931011393,d-XY p=26,0,spsa,sequential,3,random_shared_stream,70,120,5,78,5.702661991119385,157,0.7085731625556946,0.08023010939359665,0.006419942248612642,0.006436869967728853,0.006284518167376518,0.19293310818603301,0.013021922119457682,0.13670721650123596,15.561559915542603
931011393,d-XY p=26,0,spsa,sequential,3,random_shared_stream,75,120,5,78,5.702661991119385,167,0.5026609897613525,0.05691515654325485,0.003103031078353524,0.003162663895636797,0.0029326523654162884,0.18617960731957353,0.01293149713891721,0.09358523041009903,15.737033128738403
931011393,d-XY p=26,0,spsa,sequential,3,random_shared_stream,80,120,5,78,5.702661991119385,177,0.5064399838447571,0.05734303593635559,0.00327957677654922,0.0032687669154256582,0.003288223873823881,0.18002069249501962,0.012847478719003411,0.09116967767477036,15.912239074707031
931011393,d-XY p=26,0,spsa,sequential,3,random_shared_stream,85,120,5,78,5.702661991119385,187,0.3058951795101166,0.03463580831885338,0.0011712453560903668,0.0011836676858365536,0.0011357530020177364,0.17437576103301766,0.012769052840860788,0.05334070697426796,16.085694313049316
931011393,d-XY p=26,0,spsa,sequential,3,random_shared_stream,90,120,5,78,5.702661991119385,197,0.753989577293396,0.08537250757217407,0.0072453380562365055,0.007288465276360512,0.00690032122656703,0.16917858828324434,0.01269554947299621,0.1275588870048523,16.2501220703125
931011393,d-XY p=26,0,spsa,sequential,3,random_shared_stream,95,120,5,78,5.702661991119385,207,1.261584758758545,0.14284636080265045,0.020391663536429405,0.02037489414215088,0.01992211677134037,0.16437420519851442,0.012626410699612943,0.20737199485301971,16.421250343322754
931011393,d-XY p=26,0,spsa,sequential,3,random_shared_stream,100,120,5,78,5.702661991119385,217,2.1748600006103516,0.24625441431999207,0.06028240919113159,0.05920593440532684,0.06028240546584129,0.15991656419735292,0.012561167176266359,0.25,16.58442759513855
931011393,d-XY p=26,0,spsa,sequential,3,random_shared_stream,105,120,5,78,5.702661991119385,227,0.779128909111023,0.08821897208690643,0.007762120105326176,0.007736536208540201,0.007782586384564638,0.1557667688785559,0.01249942043693397,0.12136238813400269,16.75647258758545
931011393,d-XY p=26,0,spsa,sequential,3,random_shared_stream,110,120,5,78,5.702661991119385,237,2.046107530593872,0.23167605698108673,0.05335620045661926,0.05335620418190956,0.04573388397693634,0.15189171369231716,0.012440829393713411,0.25,16.920991897583008
931011393,d-XY p=26,0,spsa,sequential,3,random_shared_stream,115,120,5,78,5.702661991119385,247,0.7383762001991272,0.08360464125871658,0.006916208192706108,0.006948377005755901,0.006824299227446318,0.14826302612060502,0.012385099893453082,0.10947389155626297,17.0919246673584
931011393,d-XY p=26,0,spsa,sequential,3,random_shared_stream,120,120,5,78,5.702661991119385,257,2.0643389225006104,0.23374037444591522,0.053736552596092224,0.05455373227596283,0.04299642890691757,0.14485623510971543,0.012331976538504544,0.25,17.2545964717865
931011393,d-XY p=26,0,spsa,sequential,4,continuation,1,120,5,78,1.0637530088424683,19,90.06021881103516,10.197311401367188,102.89129638671875,98.44747924804688,101.52397155761719,0.003005249074530622,0.02,0.25,17.592007637023926
931011393,d-XY p=26,0,spsa,sequential,4,continuation,5,120,5,78,1.0637530088424683,27,598.055419921875,67.71644592285156,4392.56982421875,4524.466796875,3907.18603515625,0.0025570788463419414,0.016999416915812672,0.25,17.73107123374939
931011393,d-XY p=26,0,spsa,sequential,4,continuation,10,120,5,78,1.0637530088424683,37,221.87200927734375,25.122058868408203,524.8941040039062,571.366943359375,392.1145935058594,0.002189454459447537,0.015850026609609436,0.25,17.906083822250366
931011393,d-XY p=26,0,spsa,sequential,4,continuation,15,120,5,78,1.0637530088424683,47,489.5718688964844,55.4330940246582,3064.747314453125,3068.282470703125,3054.64599609375,0.001935500929181464,0.015214047873475552,0.25,18.07803201675415
931011393,d-XY p=26,0,spsa,sequential,4,continuation,20,120,5,78,1.0637530088424683,57,1660.1510009765625,187.97509765625,34962.9375,35125.5546875,27807.732421875,0.0017473265794218469,0.014778350620464044,0.25,18.24026608467102
931011393,d-XY p=26,0,spsa,sequential,4,continuation,25,120,5,78,1.0637530088424683,67,14.990310668945312,1.697318434715271,2.833538055419922,2.7274694442749023,2.8638432025909424,0.0016010943769554013,0.014449008773880907,0.024000901728868484,18.40321135520935
931011393,d-XY p=26,0,spsa,sequential,4,continuation,30,120,5,78,1.0637530088424683,77,279.77001953125,31.677719116210938,1002.8179931640625,997.5399780273438,997.5400390625,0.001483468392125907,0.014185372641231635,0.25,18.568126678466797
931011393,d-XY p=26,0,spsa,sequential,4,continuation,35,120,5,78,1.0637530088424683,87,162.7360076904297,18.426223754882812,312.51544189453125,314.9151306152344,307.38128662109375,0.0013863454445620176,0.013966227856027484,0.22560833394527435,18.732393264770508
931011393,d-XY p=26,0,spsa,sequential,4,continuation,40,120,5,78,1.0637530088424683,97,139.38697814941406,15.78246784210205,238.60531616210938,245.77003479003906,212.23919677734375,0.0013044888077804189,0.013779134410346052,0.18182876706123352,18.906509399414062
931011393,d-XY p=26,0,spsa,sequential,4,continuation,45,120,5,78,1.0637530088424683,107,773.1924438476562,87.54679870605469,7417.52880859375,7619.091796875,6530.6494140625,0.0012343482539749592,0.013616187769422706,0.25,19.083503484725952
931011393,d-XY p=26,0,spsa,sequential,4,continuation,50,120,5,78,1.0637530088424683,117,208.7168731689453,23.632530212402344,555.1918334960938,558.49658203125,528.754150390625,0.001173422936834,0.013472060523173781,0.24491316080093384,19.257178783416748
931011393,d-XY p=26,0,spsa,sequential,4,continuation,55,120,5,78,1.0637530088424683,127,132.21607971191406,14.970521926879883,223.5271453857422,222.79039001464844,224.1165313720703,0.0011198950858484517,0.01334299625175472,0.1480681449174881,19.422436952590942
931011393,d-XY p=26,0,spsa,sequential,4,continuation,60,120,5,78,1.0637530088424683,137,202.7465057373047,22.95652198791504,525.6159057617188,523.8834228515625,527.0018310546875,0.0010724084005880208,0.013226249755755135,0.21742704510688782,19.59680151939392
931011393,d-XY p=26,0,spsa,sequential,4,continuation,65,120,5,78,1.0637530088424683,147,38.60307312011719,4.370937347412109,17.8490047454834,16.27889633178711,19.10509490966797,0.0010299282096950383,0.01311975565249048,0.03975839540362358,19.770509243011475
931011393,d-XY p=26,0,spsa,sequential,4,continuation,70,120,5,78,1.0637530088424683,157,39.386444091796875,4.459636688232422,19.875282287597656,19.858938217163086,19.88835906982422,0.0009916500338395665,0.013021922119457682,0.039057567715644836,19.936245918273926
931011393,d-XY p=26,0,spsa,sequential,4,continuation,75,120,5,78,1.0637530088424683,167,259.5494384765625,29.3881893157959,861.3942260742188,858.5551147460938,863.6655883789062,0.0009569379544783482,0.01293149713891721,0.24837271869182587,20.10610318183899
931011393,d-XY p=26,0,spsa,sequential,4,continuation,80,120,5,78,1.0637530088424683,177,100.88580322265625,11.423068046569824,130.4006805419922,128.7492218017578,127.39803314208984,0.0009252819668067307,0.012847478719003411,0.09334780275821686,20.278813362121582
931011393,d-XY p=26,0,spsa,sequential,4,continuation,85,120,5,78,1.0637530088424683,187,33.5825080871582,3.8024704456329346,14.420757293701172,14.266282081604004,14.373228073120117,0.0008962677839744163,0.012769052840860788,0.030098920688033104,20.442195415496826
931011393,d-XY p=26,0,spsa,sequential,4,continuation,90,120,5,78,1.0637530088424683,197,0.1779654175043106,0.020150616765022278,0.00039643669151701033,0.00039643669151701033,0.0003964366624131799,0.0008695550202521145,0.01269554947299621,0.0001547507126815617,20.617236614227295
931011393,d-XY p=26,0,spsa,sequential,4,continuation,95,120,5,78,1.0637530088424683,207,135.70750427246094,15.36584758758545,234.7122344970703,223.53543090820312,223.53541564941406,0.0008448611421855423,0.012626410699612943,0.11465398222208023,20.788848876953125
931011393,d-XY p=26,0,spsa,sequential,4,continuation,100,120,5,78,1.0637530088424683,217,119.3217544555664,13.510529518127441,180.61422729492188,175.7838592529297,181.45431518554688,0.0008219494714453181,0.012561167176266359,0.09807644784450531,20.951831102371216
931011393,d-XY p=26,0,spsa,sequential,4,continuation,105,120,5,78,1.0637530088424683,227,202.3022918701172,22.90622329711914,523.3151245117188,523.9188842773438,521.59033203125,0.0008006200857996758,0.01249942043693397,0.16196726262569427,21.121533393859863
931011393,d-XY p=26,0,spsa,sequential,4,continuation,110,120,5,78,1.0637530088424683,237,115.61531066894531,13.090856552124023,168.55380249023438,167.31443786621094,170.3565216064453,0.0007807028272083791,0.012440829393713411,0.09026119858026505,21.279537200927734
931011393,d-XY p=26,0,spsa,sequential,4,continuation,115,120,5,78,1.0637530088424683,247,236.40635681152344,26.767749786376953,708.9751586914062,678.3550415039062,699.5536499023438,0.0007620518647731922,0.012385099893453082,0.18015392124652863,21.45155668258667
931011393,d-XY p=26,0,spsa,sequential,4,continuation,120,120,5,78,1.0637530088424683,257,129.6478271484375,14.679726600646973,208.55206298828125,207.52490234375,210.39393615722656,0.0007445414205938787,0.012331976538504544,0.09652818739414215,21.624541997909546
931011393,d-XY p=30,0,spsa,sequential,0,deterministic_linear_ramp,1,120,5,90,8.519087791442871,19,309.9384460449219,32.670379638671875,1048.3785400390625,1009.2423095703125,1062.6099853515625,0.0016492899523132586,0.02,0.25,0.3664102554321289
931011393,d-XY p=30,0,spsa,sequential,0,deterministic_linear_ramp,5,120,5,90,8.22226619720459,27,156.5189208984375,16.49854278564453,271.66424560546875,270.99212646484375,272.201904296875,0.0014033327501159736,0.016999416915812672,0.21964813768863678,0.5187437534332275
931011393,d-XY p=30,0,spsa,sequential,0,deterministic_linear_ramp,10,120,5,90,6.402808666229248,37,6.604696750640869,0.6961961984634399,0.4837316870689392,0.48468905687332153,0.47607237100601196,0.001201579353810557,0.015850026609609436,0.007936066947877407,0.7073771953582764
931011393,d-XY p=30,0,spsa,sequential,0,deterministic_linear_ramp,15,120,5,90,6.215228080749512,47,51.52865982055664,5.4315972328186035,29.26915168762207,28.977771759033203,29.502254486083984,0.0010622088738819566,0.015214047873475552,0.05473420023918152,0.8938145637512207
931011393,d-XY p=30,0,spsa,sequential,0,deterministic_linear_ramp,20,120,5,90,5.465315818786621,57,82.78650665283203,8.726465225219727,76.11357116699219,76.06656646728516,76.15117645263672,0.0009589382109036841,0.014778350620464044,0.07938714325428009,1.0824642181396484
931011393,d-XY p=30,0,spsa,sequential,0,deterministic_linear_ramp,25,120,5,90,5.465315818786621,67,46.476036071777344,4.8990044593811035,23.241718292236328,23.040233612060547,23.57357406616211,0.0008786855275981529,0.014449008773880907,0.04083782061934471,1.2696638107299805
931011393,d-XY p=30,0,spsa,sequential,0,deterministic_linear_ramp,30,120,5,90,5.231967926025391,77,136.2709503173828,14.36422061920166,205.41378784179688,202.66268920898438,205.41378784179688,0.0008141320246774217,0.014185372641231635,0.1109425500035286,1.457425832748413
931011393,d-XY p=30,0,spsa,sequential,0,deterministic_linear_ramp,35,120,5,90,4.65816593170166,87,122.09591674804688,12.870038986206055,164.32919311523438,161.03688049316406,164.90174865722656,0.0007608306517849974,0.013966227856027484,0.09289432317018509,1.6472840309143066
931011393,d-XY p=30,0,spsa,sequential,0,deterministic_linear_ramp,40,120,5,90,4.219433784484863,97,176.41404724121094,18.595674514770508,345.6282653808594,344.2621154785156,331.9670715332031,0.0007159074772906727,0.013779134410346052,0.12629613280296326,1.8353955745697021
931011393,d-XY p=30,0,spsa,sequential,0,deterministic_linear_ramp,45,120,5,90,3.9217545986175537,107,68.79945373535156,7.252099990844727,52.48905563354492,52.534507751464844,50.489219665527344,0.0006774141252349534,0.013616187769422706,0.04660572111606598,2.023320436477661
931011393,d-XY p=30,0,spsa,sequential,0,deterministic_linear_ramp,50,120,5,90,3.840151309967041,117,53.66852569580078,5.657159328460693,31.98764991760254,31.11446762084961,26.882902145385742,0.0006439781234560403,0.013472060523173781,0.03456135466694832,2.2102980613708496
931011393,d-XY p=30,0,spsa,sequential,0,deterministic_linear_ramp,55,120,5,90,3.5932576656341553,127,86.67298889160156,9.136136054992676,83.42774963378906,83.46896362304688,83.09799194335938,0.000614601873897366,0.01334299625175472,0.05326938256621361,2.399242877960205
931011393,d-XY p=30,0,spsa,sequential,0,deterministic_linear_ramp,60,120,5,90,3.3350419998168945,137,75.9322280883789,8.003959655761719,64.06336975097656,63.992191314697266,63.77864074707031,0.0005885410347035554,0.013226249755755135,0.04468923434615135,2.5863969326019287
931011393,d-XY p=30,0,spsa,sequential,0,deterministic_linear_ramp,65,120,5,90,3.270451307296753,147,42.11509323120117,4.4393205642700195,19.357210159301758,18.306140899658203,19.357210159301758,0.0005652277750453396,0.01311975565249048,0.023804619908332825,2.774907112121582
931011393,d-XY p=30,0,spsa,sequential,0,deterministic_linear_ramp,70,120,5,90,3.1760993003845215,157,142.59481811523438,15.030813217163086,225.9253692626953,225.67434692382812,224.92124938964844,0.00054422059418757,0.013021922119457682,0.0776030421257019,2.962252616882324
931011393,d-XY p=30,0,spsa,sequential,0,deterministic_linear_ramp,75,120,5,90,2.9538536071777344,167,238.8303985595703,25.174936294555664,633.7774047851562,630.9605712890625,622.5101928710938,0.0005251704980742222,0.01293149713891721,0.12542667984962463,3.1495368480682373
931011393,d-XY p=30,0,spsa,sequential,0,deterministic_linear_ramp,80,120,5,90,2.4837348461151123,177,291.2936096191406,30.70504379272461,931.1603393554688,938.6095581054688,905.0877685546875,0.0005077975944970019,0.012847478719003411,0.1479181945323944,3.338618278503418
931011393,d-XY p=30,0,spsa,sequential,0,deterministic_linear_ramp,85,120,5,90,2.4342384338378906,187,20.63676643371582,2.1753060817718506,4.673537731170654,4.726698875427246,3.9748435020446777,0.0004918745215559046,0.012769052840860788,0.010150698944926262,3.525824785232544
931011393,d-XY p=30,0,spsa,sequential,0,deterministic_linear_ramp,90,120,5,90,2.432889699935913,197,45.99570846557617,4.8483734130859375,23.21651840209961,22.853759765625,23.506723403930664,0.0004772144745138499,0.01269554947299621,0.02194981835782528,3.7136833667755127
931011393,d-XY p=30,0,spsa,sequential,0,deterministic_linear_ramp,95,120,5,90,2.2851123809814453,207,144.97366333007812,15.281564712524414,233.52622985839844,231.1909637451172,224.18519592285156,0.0004636623981405439,0.012626410699612943,0.0672188401222229,3.9016194343566895
931011393,d-XY p=30,0,spsa,sequential,0,deterministic_linear_ramp,100,120,5,90,2.2851123809814453,217,84.41810607910156,8.898449897766113,79.0260009765625,76.98291015625,76.0151138305664,0.0004510884026395342,0.012561167176266359,0.03808002546429634,4.088858366012573
931011393,d-XY p=30,0,spsa,sequential,0,deterministic_linear_ramp,105,120,5,90,2.2851123809814453,227,458.9974060058594,48.3825798034668,2339.7177734375,2330.4697265625,2330.469970703125,0.0004393827700739982,0.01249942043693397,0.20167554914951324,4.268214225769043
931011393,d-XY p=30,0,spsa,sequential,0,deterministic_linear_ramp,110,120,5,90,2.2851123809814453,237,323.9285888671875,34.14507293701172,1165.310302734375,1160.704345703125,1119.2506103515625,0.0004284521171871386,0.012440829393713411,0.1387878954410553,4.465543985366821
931011393,d-XY p=30,0,spsa,sequential,0,deterministic_linear_ramp,115,120,5,90,2.2851123809814453,247,122.6142349243164,12.924674987792969,167.04722595214844,166.30479431152344,164.07748413085938,0.0004182164115326479,0.012385099893453082,0.051279280334711075,4.658512115478516
931011393,d-XY p=30,0,spsa,sequential,0,deterministic_linear_ramp,120,120,5,90,2.2851123809814453,257,116.61377716064453,12.292171478271484,151.09747314453125,150.92958068847656,150.42593383789062,0.00040860662581131146,0.012331976538504544,0.04764916002750397,4.8457090854644775
931011393,d-XY p=30,0,spsa,sequential,1,random_shared_stream,1,120,5,90,5.70889139175415,19,0.6155590415000916,0.06488561630249023,0.004201826639473438,0.00413529621437192,0.00413529621437192,0.5989296015993146,0.02,0.25,5.2294933795928955
931011393,d-XY p=30,0,spsa,sequential,1,random_shared_stream,5,120,5,90,5.70889139175415,27,0.044173866510391235,0.0046563344076275826,2.1670743080903776e-05,2.1657358956872486e-05,2.1681447833543643e-05,0.5096117415614926,0.016999416915812672,0.022511521354317665,5.379821300506592
931011393,d-XY p=30,0,spsa,sequential,1,random_shared_stream,10,120,5,90,5.70889139175415,37,0.6622819900512695,0.069810651242733,0.004632859490811825,0.004526964854449034,0.004786886740475893,0.4363462244212045,0.015850026609609436,0.25,5.56796407699585
931011393,d-XY p=30,0,spsa,sequential,1,random_shared_stream,15,120,5,90,5.706705093383789,47,1.5932713747024536,0.16794554889202118,0.027077479287981987,0.027077483013272285,0.027077479287981987,0.3857346834357857,0.015214047873475552,0.25,5.756745338439941
931011393,d-XY p=30,0,spsa,sequential,1,random_shared_stream,20,120,5,90,5.705137729644775,57,0.8812661170959473,0.09289360046386719,0.008612175472080708,0.008590870536863804,0.00801558792591095,0.34823257111907524,0.014778350620464044,0.25,5.944030523300171
931011393,d-XY p=30,0,spsa,sequential,1,random_shared_stream,25,120,5,90,5.705137729644775,67,0.7282207012176514,0.07676120847463608,0.0058457255363464355,0.0058857351541519165,0.005656591150909662,0.31908929793533836,0.014449008773880907,0.23236742615699768,6.131115913391113
931011393,d-XY p=30,0,spsa,sequential,1,random_shared_stream,30,120,5,90,5.705137729644775,77,0.01227753795683384,0.0012941661989316344,1.6616326092844247e-06,1.6581174122620723e-06,1.667422111495398e-06,0.2956470864964547,0.014185372641231635,0.003629818558692932,6.3194615840911865
931011393,d-XY p=30,0,spsa,sequential,1,random_shared_stream,35,120,5,90,5.705137729644775,87,0.3653602600097656,0.03851235657930374,0.0013594181509688497,0.0013777293497696519,0.0013184011913836002,0.2762910175490991,0.013966227856027484,0.10094575583934784,6.507370471954346
931011393,d-XY p=30,0,spsa,sequential,1,random_shared_stream,40,120,5,90,5.705137729644775,97,1.2549225091934204,0.13228045403957367,0.017359862104058266,0.01718704029917717,0.017498116940259933,0.2599774403247155,0.013779134410346052,0.25,6.694803953170776
931011393,d-XY p=30,0,spsa,sequential,1,random_shared_stream,45,120,5,90,5.705137729644775,107,0.03322276845574379,0.0035019873175770044,1.1773357073252555e-05,1.2045888070133515e-05,1.0901257155637722e-05,0.24599881395970427,0.013616187769422706,0.008172761648893356,6.882615804672241
931011393,d-XY p=30,0,spsa,sequential,1,random_shared_stream,50,120,5,90,5.705137729644775,117,1.4809660911560059,0.15610752999782562,0.02377988025546074,0.023042771965265274,0.024369560182094574,0.2338567335472028,0.013472060523173781,0.25,7.070134401321411
931011393,d-XY p=30,0,spsa,sequential,1,random_shared_stream,55,120,5,90,5.705137729644775,127,1.5322456359863281,0.16151288151741028,0.025622649118304253,0.026057424023747444,0.023187916725873947,0.22318892742858706,0.01334299625175472,0.25,7.257886171340942
931011393,d-XY p=30,0,spsa,sequential,1,random_shared_stream,60,120,5,90,5.704537391662598,137,0.42581793665885925,0.044885147362947464,0.0019987584091722965,0.002014676807448268,0.0018714108737185597,0.2137250923923034,0.013226249755755135,0.09100797027349472,7.446539878845215
931011393,d-XY p=30,0,spsa,sequential,1,random_shared_stream,65,120,5,90,5.704492568969727,147,1.046463966369629,0.1103069931268692,0.012161622755229473,0.012113554403185844,0.012113555334508419,0.20525902413093292,0.01311975565249048,0.21479618549346924,7.633595943450928
931011393,d-XY p=30,0,spsa,sequential,1,random_shared_stream,70,120,5,90,5.704492568969727,157,1.3932042121887207,0.1468566358089447,0.02027818188071251,0.020033221691846848,0.02070419304072857,0.19763039434135482,0.013021922119457682,0.25,7.821882486343384
931011393,d-XY p=30,0,spsa,sequential,1,random_shared_stream,75,120,5,90,5.7044196128845215,167,0.00017490916070528328,1.8437043763697147e-05,3.3169927915466246e-10,3.3388147802071444e-10,3.263276038278917e-10,0.19071246795758398,0.01293149713891721,3.3357355277985334e-05,8.009262561798096
931011393,d-XY p=30,0,spsa,sequential,1,random_shared_stream,80,120,5,90,5.7044196128845215,177,1.168992042541504,0.12322258949279785,0.01517630647867918,0.01516693364828825,0.01518380455672741,0.18440360382879095,0.012847478719003411,0.21556633710861206,8.197356462478638
931011393,d-XY p=30,0,spsa,sequential,1,random_shared_stream,85,120,5,90,5.7044196128845215,187,1.1729832887649536,0.12364330887794495,0.01525746751576662,0.014863007701933384,0.01467615831643343,0.1786212368656793,0.012769052840860788,0.20951972901821136,8.385101556777954
931011393,d-XY p=30,0,spsa,sequential,1,random_shared_stream,90,120,5,90,5.7044196128845215,197,1.9747238159179688,0.20815417170524597,0.043242570012807846,0.043280016630887985,0.04313558712601662,0.17329753006566517,0.01269554947299621,0.25,8.572253942489624
931011393,d-XY p=30,0,spsa,sequential,1,random_shared_stream,95,120,5,90,5.7044196128845215,207,0.2884080111980438,0.030400875955820084,0.0009223875240422785,0.000920105550903827,0.0009242130909115076,0.16837617606619207,0.012626410699612943,0.04856104031205177,8.759812593460083
931011393,d-XY p=30,0,spsa,sequential,1,random_shared_stream,100,120,5,90,5.702351093292236,217,0.015485662966966629,0.0016323322197422385,2.617139671201585e-06,2.4247026431112317e-06,2.5579281555110356e-06,0.16381000617873925,0.012561167176266359,0.002536706393584609,8.94788646697998
931011393,d-XY p=30,0,spsa,sequential,1,random_shared_stream,105,120,5,90,5.701871395111084,227,1.072884440422058,0.11309196054935455,0.012385568581521511,0.012434517964720726,0.012278198264539242,0.15955917700275893,0.01249942043693397,0.1711885631084442,9.119740962982178
931011393,d-XY p=30,0,spsa,sequential,1,random_shared_stream,110,120,5,90,5.701871395111084,237,0.5181516408920288,0.054617978632450104,0.002959553152322769,0.002983123529702425,0.002770990366116166,0.1555897769772722,0.012440829393713411,0.08061909675598145,9.285552740097046
931011393,d-XY p=30,0,spsa,sequential,1,random_shared_stream,115,120,5,90,5.701871395111084,247,0.172946497797966,0.01823016256093979,0.0003316823276691139,0.00033233879366889596,0.0003264305414631963,0.15187274280681995,0.012385099893453082,0.026265859603881836,9.47517704963684
931011393,d-XY p=30,0,spsa,sequential,1,random_shared_stream,120,120,5,90,5.701871395111084,257,0.026044558733701706,0.00274533755145967,7.521990937675582e-06,7.461509085260332e-06,6.699447567370953e-06,0.14838300764808562,0.012331976538504544,0.0038645698223263025,9.668070793151855
931011393,d-XY p=30,0,spsa,sequential,2,random_shared_stream,1,120,5,90,5.707296848297119,19,0.9802802801132202,0.10333061218261719,0.010656123980879784,0.010380626656115055,0.010250127874314785,0.5357992705948686,0.02,0.25,10.066036701202393
931011393,d-XY p=30,0,spsa,sequential,2,random_shared_stream,5,120,5,90,5.707296848297119,27,0.4181881546974182,0.04408090561628342,0.0019344899337738752,0.0019085813546553254,0.0019344897009432316,0.4558959829103576,0.016999416915812672,0.19065029919147491,10.22438359260559
931011393,d-XY p=30,0,spsa,sequential,2,random_shared_stream,10,120,5,90,5.704743385314941,37,0.25144168734550476,0.026504281908273697,0.0006993548013269901,0.0007024768856354058,0.0006743778358213603,0.39035303672987437,0.015850026609609436,0.09815102070569992,10.415518522262573
931011393,d-XY p=30,0,spsa,sequential,2,random_shared_stream,15,120,5,90,5.704743385314941,47,1.0727859735488892,0.11308157444000244,0.01276218332350254,0.012560108676552773,0.012560109607875347,0.34507621843393804,0.015214047873475552,0.25,10.606561183929443
931011393,d-XY p=30,0,spsa,sequential,2,random_shared_stream,20,120,5,90,5.704743385314941,57,0.44767335057258606,0.04718891903758049,0.002222395036369562,0.002226793672889471,0.002187206409871578,0.31152702605572763,0.014778350620464044,0.13946235179901123,10.800893068313599
931011393,d-XY p=30,0,spsa,sequential,2,random_shared_stream,25,120,5,90,5.704743385314941,67,0.25328052043914795,0.02669811248779297,0.0007096211775206029,0.0007127892458811402,0.0006842776783742011,0.28545560718964247,0.014449008773880907,0.07230035215616226,10.989998579025269
931011393,d-XY p=30,0,spsa,sequential,2,random_shared_stream,30,120,5,90,5.704743385314941,77,1.4229187965393066,0.1499888151884079,0.022318892180919647,0.022096704691648483,0.022496644407510757,0.2644843281669579,0.014185372641231635,0.25,11.18100619316101
931011393,d-XY p=30,0,spsa,sequential,2,random_shared_stream,35,120,5,90,5.704743385314941,87,0.14510762691497803,0.01529568713158369,0.00022979879577178508,0.00023291823163162917,0.0002173210377804935,0.24716849071981278,0.013966227856027484,0.03586603328585625,11.372579097747803
931011393,d-XY p=30,0,spsa,sequential,2,random_shared_stream,40,120,5,90,5.704743385314941,97,1.1735044717788696,0.12369822710752487,0.015293695032596588,0.015284251421689987,0.015301252715289593,0.23257445036135102,0.013779134410346052,0.25,11.562987327575684
931011393,d-XY p=30,0,spsa,sequential,2,random_shared_stream,45,120,5,90,5.704743385314941,107,0.8752537965774536,0.09225985407829285,0.00840679556131363,0.008360559120774269,0.008474050089716911,0.2200692447574012,0.013616187769422706,0.19261644780635834,11.76123833656311
931011393,d-XY p=30,0,spsa,sequential,2,random_shared_stream,50,120,5,90,5.704743385314941,117,0.13649535179138184,0.014387873001396656,0.00020200174185447395,0.00019229012832511216,0.00020609084458556026,0.2092070035004147,0.013472060523173781,0.02855578064918518,11.951565265655518
931011393,d-XY p=30,0,spsa,sequential,2,random_shared_stream,55,120,5,90,5.704743385314941,127,1.0699783563613892,0.11278561502695084,0.01271431427448988,0.01202803198248148,0.010685301385819912,0.19966364027051434,0.01334299625175472,0.21363577246665955,12.13871955871582
931011393,d-XY p=30,0,spsa,sequential,2,random_shared_stream,60,120,5,90,5.704743385314941,137,1.8479472398757935,0.19479073584079742,0.037774793803691864,0.037943433970212936,0.03642569109797478,0.1911973432367216,0.013226249755755135,0.25,12.333704710006714
931011393,d-XY p=30,0,spsa,sequential,2,random_shared_stream,65,120,5,90,5.704743385314941,147,0.8699270486831665,0.09169837087392807,0.008259104564785957,0.00839924719184637,0.007474302314221859,0.18362364311046978,0.01311975565249048,0.1597391813993454,12.525108575820923
931011393,d-XY p=30,0,spsa,sequential,2,random_shared_stream,70,120,5,90,5.702876567840576,157,1.1437788009643555,0.12056486308574677,0.014184154570102692,0.014277473092079163,0.013954454101622105,0.17679911103528156,0.013021922119457682,0.20221906900405884,12.724107265472412
931011393,d-XY p=30,0,spsa,sequential,2,random_shared_stream,75,120,5,90,5.702876567840576,167,0.6662290096282959,0.07022669911384583,0.004870903212577105,0.004844113253057003,0.004909870680421591,0.17061037048788555,0.01293149713891721,0.11366558074951172,12.914244174957275
931011393,d-XY p=30,0,spsa,sequential,2,random_shared_stream,80,120,5,90,5.702876567840576,177,0.7779783010482788,0.08200611919164658,0.006605446804314852,0.006246780510991812,0.006605447269976139,0.16496649382948847,0.012847478719003411,0.12834034860134125,13.107149124145508
931011393,d-XY p=30,0,spsa,sequential,2,random_shared_stream,85,120,5,90,5.702876567840576,187,1.212130069732666,0.12776972353458405,0.0161961130797863,0.016161853447556496,0.01625254563987255,0.1597936187655844,0.012769052840860788,0.19369064271450043,13.293757915496826
931011393,d-XY p=30,0,spsa,sequential,2,random_shared_stream,90,120,5,90,5.702672004699707,197,3.831861972808838,0.4039137065410614,0.16024592518806458,0.16242122650146484,0.15154479444026947,0.15503105867055542,0.01269554947299621,0.25,13.485366821289062
931011393,d-XY p=30,0,spsa,sequential,2,random_shared_stream,95,120,5,90,5.702672004699707,207,0.31366610527038574,0.033063311129808426,0.0010494552552700043,0.0010154452174901962,0.0010883238865062594,0.15062844127409403,0.012626410699612943,0.04724704101681709,13.680115699768066
931011393,d-XY p=30,0,spsa,sequential,2,random_shared_stream,100,120,5,90,5.702672004699707,217,1.074633002281189,0.11327627301216125,0.012730125337839127,0.012774482369422913,0.012603395618498325,0.14654356971560623,0.012561167176266359,0.15748053789138794,13.873597145080566
931011393,d-XY p=30,0,spsa,sequential,2,random_shared_stream,105,120,5,90,5.702672004699707,227,1.1926770210266113,0.12571918964385986,0.015173103660345078,0.01438283734023571,0.015805315226316452,0.14274080029857986,0.01249942043693397,0.17024366557598114,14.07115888595581
931011393,d-XY p=30,0,spsa,sequential,2,random_shared_stream,110,120,5,90,5.702672004699707,237,0.5799661874771118,0.06113380938768387,0.003735496662557125,0.0037207319401204586,0.0035878485068678856,0.13918979591897354,0.012440829393713411,0.08072537928819656,14.262138366699219
931011393,d-XY p=30,0,spsa,sequential,2,random_shared_stream,115,120,5,90,5.701328754425049,247,1.529672622680664,0.16124165058135986,0.02553667314350605,0.024958914145827293,0.02599886804819107,0.1358645567055728,0.012385099893453082,0.20782829821109772,14.462507724761963
931011393,d-XY p=30,0,spsa,sequential,2,random_shared_stream,120,120,5,90,5.701328754425049,257,1.2059364318847656,0.127116858959198,0.016150718554854393,0.01615869626402855,0.0160868801176548,0.13274265799222448,0.012331976538504544,0.1600791960954666,14.651900053024292
931011393,d-XY p=30,0,spsa,sequential,3,random_shared_stream,1,120,5,90,5.709018707275391,19,0.21747565269470215,0.022923946380615234,0.0005213551921769977,0.0005202522734180093,0.0005231717368587852,0.5284745090009922,0.02,0.11493033170700073,15.035454273223877
931011393,d-XY p=30,0,spsa,sequential,3,random_shared_stream,5,120,5,90,5.709018707275391,27,0.786614179611206,0.08291642367839813,0.006790254730731249,0.006500819697976112,0.0067529077641665936,0.4496635567580845,0.016999416915812672,0.25,15.196303367614746
931011393,d-XY p=30,0,spsa,sequential,3,random_shared_stream,10,120,5,90,5.70877742767334,37,0.11316302418708801,0.011928428895771503,0.00014221716264728457,0.00014212934183888137,0.00014228743384592235,0.3850166298170438,0.015850026609609436,0.043569643050432205,15.393672466278076
931011393,d-XY p=30,0,spsa,sequential,3,random_shared_stream,15,120,5,90,5.707440376281738,47,0.05812905728816986,0.006127340253442526,3.687684875330888e-05,3.7168862036196515e-05,3.60425328835845e-05,0.3403587782087232,0.015214047873475552,0.019784733653068542,15.587170839309692
931011393,d-XY p=30,0,spsa,sequential,3,random_shared_stream,20,120,5,90,5.707440376281738,57,0.9536591172218323,0.10052450001239777,0.00992552749812603,0.009824474342167377,0.010060262866318226,0.3072682274325528,0.014778350620464044,0.25,15.77187204360962
931011393,d-XY p=30,0,spsa,sequential,3,random_shared_stream,25,120,5,90,5.7062249183654785,67,0.3550310432910919,0.03742355853319168,0.0013832321856170893,0.0013942981604486704,0.0013445017393678427,0.2815532236235395,0.014449008773880907,0.09996013343334198,15.970120668411255
931011393,d-XY p=30,0,spsa,sequential,3,random_shared_stream,30,120,5,90,5.7062249183654785,77,1.2519899606704712,0.1319713443517685,0.01741643249988556,0.0173970814794302,0.017339026555418968,0.26086863707617186,0.014185372641231635,0.25,16.15918231010437
931011393,d-XY p=30,0,spsa,sequential,3,random_shared_stream,35,120,5,90,5.705270290374756,87,0.4392096996307373,0.04629676789045334,0.002142332261428237,0.0021410093177109957,0.0021433907095342875,0.24378951958752507,0.013966227856027484,0.10707472264766693,16.351680994033813
931011393,d-XY p=30,0,spsa,sequential,3,random_shared_stream,40,120,5,90,5.705270290374756,97,0.3430723547935486,0.036163002252578735,0.0013051795540377498,0.0013063095975667238,0.0013019504258409142,0.2293949902627354,0.013779134410346052,0.07869908213615417,16.53929328918457
931011393,d-XY p=30,0,spsa,sequential,3,random_shared_stream,45,120,5,90,5.7034735679626465,107,0.7126283645629883,0.07511763274669647,0.0056175789795815945,0.005542343948036432,0.0056175789795815945,0.21706073981822363,0.013616187769422706,0.1546836495399475,16.730998992919922
931011393,d-XY p=30,0,spsa,sequential,3,random_shared_stream,50,120,5,90,5.7034735679626465,117,2.435930013656616,0.2567695677280426,0.06589806079864502,0.06585735827684402,0.06475850939750671,0.20634699321576377,0.013472060523173781,0.25,16.925788164138794
931011393,d-XY p=30,0,spsa,sequential,3,random_shared_stream,55,120,5,90,5.7034735679626465,127,0.3339444398880005,0.03520083427429199,0.0012238012859597802,0.0011895347852259874,0.0012335915816947818,0.19693409462868602,0.01334299625175472,0.06576503813266754,17.1184344291687
931011393,d-XY p=30,0,spsa,sequential,3,random_shared_stream,60,120,5,90,5.7034735679626465,137,0.7820343375205994,0.08243366330862045,0.0067953085526824,0.00678775692358613,0.006765106227248907,0.18858353796775087,0.013226249755755135,0.14747880399227142,17.313607454299927
931011393,d-XY p=30,0,spsa,sequential,3,random_shared_stream,65,120,5,90,5.7034735679626465,147,0.5042680501937866,0.05315452441573143,0.0027905215974897146,0.002775173634290695,0.0028128453996032476,0.18111337577231168,0.01311975565249048,0.09132969379425049,17.506083965301514
931011393,d-XY p=30,0,spsa,sequential,3,random_shared_stream,70,120,5,90,5.7034735679626465,157,0.36927467584609985,0.03892496973276138,0.001478490186855197,0.0014882172690704465,0.0014545470476150513,0.17438213996157156,0.013021922119457682,0.06439491361379623,17.700119018554688
931011393,d-XY p=30,0,spsa,sequential,3,random_shared_stream,75,120,5,90,5.7034735679626465,167,0.761379599571228,0.08025645464658737,0.006326590199023485,0.005725420545786619,0.005983064416795969,0.16827800395091877,0.01293149713891721,0.1281234323978424,17.893967628479004
931011393,d-XY p=30,0,spsa,sequential,3,random_shared_stream,80,120,5,90,5.7034735679626465,177,0.3563312590122223,0.03756061568856239,0.0013933825539425015,0.001396691775880754,0.0013857187004759908,0.1627112831478145,0.012847478719003411,0.057979121804237366,18.089212894439697
931011393,d-XY p=30,0,spsa,sequential,3,random_shared_stream,85,120,5,90,5.7034735679626465,187,0.6961378455162048,0.07337936758995056,0.005360600538551807,0.0053306869231164455,0.005384531803429127,0.1576091250084705,0.012769052840860788,0.10971767455339432,18.276251316070557
931011393,d-XY p=30,0,spsa,sequential,3,random_shared_stream,90,120,5,90,5.7034735679626465,197,0.29966485500335693,0.031587451696395874,0.0009854489471763372,0.0009434442617930472,0.0009800289990380406,0.1529116725371116,0.01269554947299621,0.04582225903868675,18.465471506118774
931011393,d-XY p=30,0,spsa,sequential,3,random_shared_stream,95,120,5,90,5.7034735679626465,207,1.7281192541122437,0.18215976655483246,0.032920002937316895,0.03303470462560654,0.02787303365767002,0.14856924208861363,0.012626410699612943,0.25,18.659817218780518
931011393,d-XY p=30,0,spsa,sequential,3,random_shared_stream,100,120,5,90,5.7034735679626465,217,2.7015278339385986,0.2847660481929779,0.07965008169412613,0.07018937915563583,0.07208151370286942,0.14454021366383207,0.012561167176266359,0.25,18.850431203842163
931011393,d-XY p=30,0,spsa,sequential,3,random_shared_stream,105,120,5,90,5.7034735679626465,227,1.1418284177780151,0.12035928666591644,0.01430751383304596,0.014341493137180805,0.0142288226634264,0.1407894308412355,0.01249942043693397,0.160757377743721,19.036447286605835
931011393,d-XY p=30,0,spsa,sequential,3,random_shared_stream,110,120,5,90,5.7034735679626465,237,0.2916193902492523,0.030739381909370422,0.0009332440095022321,0.0009438596898689866,0.0008777159382589161,0.1372869712468256,0.012440829393713411,0.04003554582595825,19.233036756515503
931011393,d-XY p=30,0,spsa,sequential,3,random_shared_stream,115,120,5,90,5.7034735679626465,247,0.2008882462978363,0.021175479516386986,0.00039857858791947365,0.0004239879781380296,0.0003208557900507003,0.13400719044633708,0.012385099893453082,0.026920467615127563,19.424383401870728
931011393,d-XY p=30,0,spsa,sequential,3,random_shared_stream,120,120,5,90,5.7034735679626465,257,0.849382758140564,0.08953281491994858,0.007980496622622013,0.008007216267287731,0.00744608836248517,0.13092797033494005,0.012331976538504544,0.11120796203613281,19.61683440208435
931011393,d-XY p=30,0,spsa,sequential,4,continuation,1,120,5,90,0.9519611597061157,19,366.73175048828125,38.656925201416016,1420.5621337890625,1412.9981689453125,1434.583251953125,0.002711176975597608,0.02,0.25,20.00747561454773
931011393,d-XY p=30,0,spsa,sequential,4,continuation,5,120,5,90,0.9519611597061157,27,1344.093994140625,141.67994689941406,19983.9921875,20050.90234375,18645.779296875,0.002306861468403498,0.016999416915812672,0.25,20.162069082260132
931011393,d-XY p=30,0,spsa,sequential,4,continuation,10,120,5,90,0.9519611597061157,37,878.9513549804688,92.64961242675781,8579.7099609375,8545.798828125,8240.5908203125,0.0019752101647351108,0.015850026609609436,0.25,20.348153114318848
931011393,d-XY p=30,0,spsa,sequential,4,continuation,15,120,5,90,0.9519611597061157,47,710.18408203125,74.85997009277344,5579.109375,5604.01611328125,5379.85498046875,0.001746106703739405,0.015214047873475552,0.25,20.549466133117676
931011393,d-XY p=30,0,spsa,sequential,4,continuation,20,120,5,90,0.9519611597061157,57,87.49978637695312,9.223287582397461,83.01057434082031,83.55668640136719,81.66626739501953,0.0015763457448924223,0.014778350620464044,0.13792991638183594,20.73191785812378
931011393,d-XY p=30,0,spsa,sequential,4,continuation,25,120,5,90,0.9519611597061157,67,378.99322509765625,39.94939422607422,1576.2510986328125,1588.861083984375,1532.1158447265625,0.0014444227759185856,0.014449008773880907,0.25,20.932719707489014
931011393,d-XY p=30,0,spsa,sequential,4,continuation,30,120,5,90,0.9519611597061157,77,134.65843200683594,14.194246292114258,201.3771514892578,199.46185302734375,197.8948211669922,0.0013383068254955654,0.014185372641231635,0.1802143156528473,21.120399236679077
931011393,d-XY p=30,0,spsa,sequential,4,continuation,35,120,5,90,0.9519611597061157,87,474.6399230957031,50.03144836425781,2483.3671875,2503.14501953125,2325.1435546875,0.0012506876323082198,0.013966227856027484,0.25,21.31596064567566
931011393,d-XY p=30,0,spsa,sequential,4,continuation,40,120,5,90,0.9519611597061157,97,460.19903564453125,48.50923538208008,2342.687744140625,2342.687744140625,2342.687744140625,0.0011768408983310072,0.013779134410346052,0.25,21.506417274475098
931011393,d-XY p=30,0,spsa,sequential,4,continuation,45,120,5,90,0.9519611597061157,107,174.91952514648438,18.43813705444336,331.73858642578125,339.5871887207031,285.5705261230469,0.0011135637955628354,0.013616187769422706,0.1947840452194214,21.699565410614014
931011393,d-XY p=30,0,spsa,sequential,4,continuation,50,120,5,90,0.9519611597061157,117,113.26561737060547,11.939244270324707,140.0113983154297,141.12010192871094,136.84373474121094,0.0010586001925578668,0.013472060523173781,0.11990299075841904,21.89147162437439
931011393,d-XY p=30,0,spsa,sequential,4,continuation,55,120,5,90,0.9519611597061157,127,1043.0758056640625,109.9498519897461,11993.451171875,12035.2392578125,11874.0537109375,0.0010103101927787619,0.01334299625175472,0.25,22.081162929534912
931011393,d-XY p=30,0,spsa,sequential,4,continuation,60,120,5,90,0.9519611597061157,137,225.68006896972656,23.788766860961914,563.390380859375,560.2464599609375,565.905517578125,0.0009674702136180867,0.013226249755755135,0.218338742852211,22.279561281204224
931011393,d-XY p=30,0,spsa,sequential,4,continuation,65,120,5,90,0.9519611597061157,147,238.51466369628906,25.141653060913086,630.8541259765625,614.5442504882812,606.8185424804688,0.0009291468292290463,0.01311975565249048,0.22161515057086945,22.467846393585205
931011393,d-XY p=30,0,spsa,sequential,4,continuation,70,120,5,90,0.9519611597061157,157,829.6224365234375,87.44988250732422,7462.43115234375,7638.984375,6423.88525390625,0.0008946142808533545,0.013021922119457682,0.25,22.6566960811615
931011393,d-XY p=30,0,spsa,sequential,4,continuation,75,120,5,90,0.9519611597061157,167,678.4266357421875,71.51244354248047,5050.89404296875,4909.46875,5091.30126953125,0.0008632988763709654,0.01293149713891721,0.25,22.845187664031982
931011393,d-XY p=30,0,spsa,sequential,4,continuation,80,120,5,90,0.9519611597061157,177,1129.48486328125,119.05815887451172,14111.845703125,14111.8447265625,14111.845703125,0.0008347405163859462,0.012847478719003411,0.25,23.034007787704468
931011393,d-XY p=30,0,spsa,sequential,4,continuation,85,120,5,90,0.9519611597061157,187,110.09941864013672,11.605499267578125,134.4215545654297,134.68759155273438,132.2931365966797,0.0008085654531848914,0.012769052840860788,0.08902259171009064,23.22397470474243
931011393,d-XY p=30,0,spsa,sequential,4,continuation,90,120,5,90,0.9519611597061157,197,418.81768798828125,44.14725875854492,1924.9189453125,1894.842041015625,1948.98046875,0.0007844666087422574,0.01269554947299621,0.25,23.415456771850586
931011393,d-XY p=30,0,spsa,sequential,4,continuation,95,120,5,90,0.9519611597061157,207,335.1325378417969,35.32607650756836,1242.385009765625,1213.2667236328125,1225.745849609375,0.0007621890962992124,0.012626410699612943,0.25,23.609179735183716
931011393,d-XY p=30,0,spsa,sequential,4,continuation,100,120,5,90,0.9519611597061157,217,48.003936767578125,5.060059547424316,25.14901351928711,24.580028533935547,25.604198455810547,0.0007415193971685103,0.012561167176266359,0.0355958491563797,23.804126501083374
931011393,d-XY p=30,0,spsa,sequential,4,continuation,105,120,5,90,0.9519611597061157,227,341.0634460449219,35.95124435424805,1276.5352783203125,1256.58935546875,1292.491943359375,0.0007222771520726892,0.01249942043693397,0.24634233117103577,23.998894453048706
931011393,d-XY p=30,0,spsa,sequential,4,continuation,110,120,5,90,0.9519611597061157,237,222.18777465820312,23.4206485748291,526.585693359375,518.6625366210938,538.7752075195312,0.0007043088534157198,0.012440829393713411,0.1564888209104538,24.192911863327026
931011393,d-XY p=30,0,spsa,sequential,4,continuation,115,120,5,90,0.9519611597061157,247,310.92669677734375,32.77455139160156,1074.17138671875,1074.1712646484375,1074.1712646484375,0.0006874829402641077,0.012385099893453082,0.21375679969787598,24.38395857810974
931011393,d-XY p=30,0,spsa,sequential,4,continuation,120,120,5,90,0.9519611597061157,257,460.4824523925781,48.539119720458984,2239.697509765625,2314.16064453125,1979.078369140625,0.0006716859424399401,0.012331976538504544,0.25,24.573041677474976
931011393,d-XY p=36,0,spsa,sequential,0,deterministic_linear_ramp,1,120,5,108,8.300047874450684,19,400.6518249511719,38.552738189697266,1461.3377685546875,1445.0269775390625,1481.7261962890625,0.0017863318330255647,0.02,0.25,0.4317653179168701
931011393,d-XY p=36,0,spsa,sequential,0,deterministic_linear_ramp,5,120,5,108,7.465767860412598,27,180.8095703125,17.398408889770508,302.2894287109375,301.7703857421875,302.70465087890625,0.001519937692182909,0.016999416915812672,0.25,0.6113157272338867
931011393,d-XY p=36,0,spsa,sequential,0,deterministic_linear_ramp,10,120,5,108,6.175478458404541,37,15.411226272583008,1.4829460382461548,2.0905299186706543,2.02944278717041,2.1719791889190674,0.0013014203152135646,0.015850026609609436,0.020056482404470444,0.8360333442687988
931011393,d-XY p=36,0,spsa,sequential,0,deterministic_linear_ramp,15,120,5,108,6.0964555740356445,47,45.75670623779297,4.4029412269592285,19.359298706054688,19.32605743408203,19.38589096069336,0.0011504693411102417,0.015214047873475552,0.05264168605208397,1.0598328113555908
931011393,d-XY p=36,0,spsa,sequential,0,deterministic_linear_ramp,20,120,5,108,5.938990116119385,57,31.689668655395508,3.049339771270752,9.29528522491455,9.298473358154297,9.269775390625,0.0010386177698101188,0.014778350620464044,0.0329134538769722,1.282970666885376
931011393,d-XY p=36,0,spsa,sequential,0,deterministic_linear_ramp,25,120,5,108,5.865509986877441,67,54.54647445678711,5.248736381530762,27.511449813842773,27.52798080444336,26.783979415893555,0.0009516967753098376,0.014449008773880907,0.05191170051693916,1.4955568313598633
931011393,d-XY p=36,0,spsa,sequential,0,deterministic_linear_ramp,30,120,5,108,5.663541793823242,77,107.07951354980469,10.303730964660645,106.13046264648438,104.11890411376953,100.92405700683594,0.000881779428733589,0.014185372641231635,0.09442051500082016,1.7190136909484863
931011393,d-XY p=36,0,spsa,sequential,0,deterministic_linear_ramp,35,120,5,108,5.66249418258667,87,18.40411376953125,1.7709367275238037,3.1319148540496826,3.1265370845794678,3.136216640472412,0.0008240491678973068,0.013966227856027484,0.015165895223617554,1.9415700435638428
931011393,d-XY p=36,0,spsa,sequential,0,deterministic_linear_ramp,40,120,5,108,5.565115451812744,97,34.896846771240234,3.3579509258270264,11.271966934204102,11.267132759094238,11.275834083557129,0.000775393262046901,0.013779134410346052,0.027058782055974007,2.1658272743225098
931011393,d-XY p=36,0,spsa,sequential,0,deterministic_linear_ramp,45,120,5,108,5.290501594543457,107,187.67913818359375,18.059432983398438,325.6957092285156,325.8914794921875,325.1365051269531,0.0007337014418544917,0.013616187769422706,0.13770045340061188,2.388319969177246
931011393,d-XY p=36,0,spsa,sequential,0,deterministic_linear_ramp,50,120,5,108,5.290501594543457,117,277.3511047363281,26.68812370300293,687.8301391601562,657.2979125976562,712.2559814453125,0.000697487194467003,0.013472060523173781,0.19344887137413025,2.611663818359375
931011393,d-XY p=36,0,spsa,sequential,0,deterministic_linear_ramp,55,120,5,108,5.290501594543457,127,69.224609375,6.661141872406006,42.179656982421875,44.06267547607422,33.27810287475586,0.0006656700299666302,0.01334299625175472,0.04608074948191643,2.836513042449951
931011393,d-XY p=36,0,spsa,sequential,0,deterministic_linear_ramp,60,120,5,108,4.738395690917969,137,9.282931327819824,0.8932505249977112,0.7968019843101501,0.7978965044021606,0.7880460023880005,0.0006374437580597593,0.013226249755755135,0.005917346570640802,3.061190605163574
931011393,d-XY p=36,0,spsa,sequential,0,deterministic_linear_ramp,65,120,5,108,4.662998676300049,147,197.12693786621094,18.968551635742188,356.72113037109375,355.36383056640625,358.69537353515625,0.0006121933660346027,0.01311975565249048,0.12067980319261551,3.284681558609009
931011393,d-XY p=36,0,spsa,sequential,0,deterministic_linear_ramp,70,120,5,108,4.573431491851807,157,417.5220642089844,40.17607879638672,1605.260986328125,1602.9080810546875,1609.135498046875,0.0005894406682232043,0.013021922119457682,0.24610449373722076,3.5095725059509277
931011393,d-XY p=36,0,spsa,sequential,0,deterministic_linear_ramp,75,120,5,108,4.567319869995117,167,245.99612426757812,23.670988082885742,544.7514038085938,532.645751953125,558.5863037109375,0.0005688076721501122,0.01293149713891721,0.13992448151111603,3.7327306270599365
931011393,d-XY p=36,0,spsa,sequential,0,deterministic_linear_ramp,80,120,5,108,4.161000728607178,177,351.2916259765625,33.80305099487305,1128.53955078125,1086.21923828125,1128.53955078125,0.0005499912289597896,0.012847478719003411,0.19320730865001678,3.9574339389801025
931011393,d-XY p=36,0,spsa,sequential,0,deterministic_linear_ramp,85,120,5,108,4.0663042068481445,187,45.810340881347656,4.408102035522461,19.191469192504883,18.696691513061523,19.37139129638672,0.0005327450849240636,0.012769052840860788,0.024405235424637794,4.1811065673828125
931011393,d-XY p=36,0,spsa,sequential,0,deterministic_linear_ramp,90,120,5,108,4.0663042068481445,197,149.65240478515625,14.400309562683105,206.72889709472656,201.60867309570312,201.6086883544922,0.0005168669134308436,0.01269554947299621,0.07735037803649902,4.404994487762451
931011393,d-XY p=36,0,spsa,sequential,0,deterministic_linear_ramp,95,120,5,108,3.946465253829956,207,94.74738311767578,9.117071151733398,83.09249114990234,82.86444091796875,82.86444091796875,0.0005021887754871328,0.012626410699612943,0.04758107289671898,4.627933502197266
931011393,d-XY p=36,0,spsa,sequential,0,deterministic_linear_ramp,100,120,5,108,3.946465253829956,217,75.47956085205078,7.26302433013916,52.58870315551758,52.710819244384766,52.10026550292969,0.0004885699885659672,0.012561167176266359,0.03687704727053642,4.851723670959473
931011393,d-XY p=36,0,spsa,sequential,0,deterministic_linear_ramp,105,120,5,108,3.946465253829956,227,76.89827728271484,7.399540901184082,53.55147933959961,54.7109489440918,46.472618103027344,0.00047589171810892013,0.01249942043693397,0.03659525513648987,5.075236558914185
931011393,d-XY p=36,0,spsa,sequential,0,deterministic_linear_ramp,110,120,5,108,3.91502046585083,237,163.80650329589844,15.762288093566895,248.3645477294922,247.6829376220703,247.68292236328125,0.0004640528215097116,0.012440829393713411,0.07601487636566162,5.298407554626465
931011393,d-XY p=36,0,spsa,sequential,0,deterministic_linear_ramp,115,120,5,108,3.91502046585083,247,17.52553939819336,1.6863960027694702,2.842956066131592,2.835153341293335,2.835153341293335,0.00045296661631064934,0.012385099893453082,0.007938484661281109,5.521942138671875
931011393,d-XY p=36,0,spsa,sequential,0,deterministic_linear_ramp,120,120,5,108,3.91502046585083,257,227.51243591308594,21.89239501953125,479.1125793457031,479.27691650390625,477.7976989746094,0.00044255833963467684,0.012331976538504544,0.10068753361701965,5.745701551437378
931011393,d-XY p=36,0,spsa,sequential,1,random_shared_stream,1,120,5,108,5.708597660064697,19,1.1203004121780396,0.10780096054077148,0.01162104681134224,0.011612080037593842,0.011585178785026073,0.580918474403144,0.02,0.25,6.223552465438843
931011393,d-XY p=36,0,spsa,sequential,1,random_shared_stream,5,120,5,108,5.706780910491943,27,0.06398563832044601,0.0061570205725729465,3.779190228669904e-05,3.78796539735049e-05,3.74408919014968e-05,0.4942865983837028,0.016999416915812672,0.031627241522073746,6.4048168659210205
931011393,d-XY p=36,0,spsa,sequential,1,random_shared_stream,10,120,5,108,5.706179618835449,37,1.5868314504623413,0.15269294381141663,0.02266748808324337,0.023243170231580734,0.01978907734155655,0.42322433609136895,0.015850026609609436,0.25,6.629368782043457
931011393,d-XY p=36,0,spsa,sequential,1,random_shared_stream,15,120,5,108,5.706179618835449,47,1.3075809478759766,0.1258220374584198,0.015635738149285316,0.015818970277905464,0.014609643258154392,0.37413479518717574,0.015214047873475552,0.25,6.852917432785034
931011393,d-XY p=36,0,spsa,sequential,1,random_shared_stream,20,120,5,108,5.706179618835449,57,0.39684805274009705,0.03818672150373459,0.0014562254073098302,0.0014571005012840033,0.0014537249226123095,0.33776045366899937,0.014778350620464044,0.13403958082199097,7.0774641036987305
931011393,d-XY p=36,0,spsa,sequential,1,random_shared_stream,25,120,5,108,5.706179618835449,67,1.5803613662719727,0.15207034349441528,0.02309366688132286,0.02310754545032978,0.023054011166095734,0.3094935826514325,0.014449008773880907,0.25,7.292085409164429
931011393,d-XY p=36,0,spsa,sequential,1,random_shared_stream,30,120,5,108,5.706179618835449,77,0.6319456696510315,0.06080900505185127,0.0036165774799883366,0.0035579283721745014,0.0036863216664642096,0.28675632994368827,0.014185372641231635,0.18121443688869476,7.5201520919799805
931011393,d-XY p=36,0,spsa,sequential,1,random_shared_stream,35,120,5,108,5.706179618835449,87,1.4167791604995728,0.13632963597774506,0.018483789637684822,0.018585769459605217,0.01766795478761196,0.2679823404575878,0.013966227856027484,0.25,7.735962390899658
931011393,d-XY p=36,0,spsa,sequential,1,random_shared_stream,40,120,5,108,5.706179618835449,97,0.7156705260276794,0.06886542588472366,0.0047408202663064,0.0046838982962071896,0.004610711708664894,0.252159348292998,0.013779134410346052,0.1804630160331726,7.96043062210083
931011393,d-XY p=36,0,spsa,sequential,1,random_shared_stream,45,120,5,108,5.70330286026001,107,3.5776844024658203,0.34426283836364746,0.1184762567281723,0.11815109848976135,0.11815110594034195,0.23860108989246157,0.013616187769422706,0.25,8.18327784538269
931011393,d-XY p=36,0,spsa,sequential,1,random_shared_stream,50,120,5,108,5.702249526977539,117,1.1492868661880493,0.11059018224477768,0.01196176279336214,0.011767782270908356,0.012192441150546074,0.22682414847818577,0.013472060523173781,0.25,8.40639591217041
931011393,d-XY p=36,0,spsa,sequential,1,random_shared_stream,55,120,5,108,5.702249526977539,127,1.28407621383667,0.12356028705835342,0.015261909924447536,0.01522002276033163,0.014843056909739971,0.2164771466951604,0.01334299625175472,0.25,8.630103349685669
931011393,d-XY p=36,0,spsa,sequential,1,random_shared_stream,60,120,5,108,5.702249526977539,137,0.08074069768190384,0.007769277319312096,6.034097168594599e-05,6.036167542333715e-05,6.017537089064717e-05,0.20729790994245953,0.013226249755755135,0.016737377271056175,8.853521347045898
931011393,d-XY p=36,0,spsa,sequential,1,random_shared_stream,65,120,5,108,5.702249526977539,147,1.3918540477752686,0.1339312195777893,0.017912965267896652,0.0178822074085474,0.017937570810317993,0.199086434928609,0.01311975565249048,0.25,9.077630996704102
931011393,d-XY p=36,0,spsa,sequential,1,random_shared_stream,70,120,5,108,5.702249526977539,157,0.21519862115383148,0.020707497373223305,0.0004282122536096722,0.00042350662988610566,0.00038115595816634595,0.1916872147743298,0.013021922119457682,0.04125082492828369,9.30150032043457
931011393,d-XY p=36,0,spsa,sequential,1,random_shared_stream,75,120,5,108,5.702249526977539,167,1.2394822835922241,0.1192692294716835,0.01422027312219143,0.014049531891942024,0.013830007053911686,0.18497732561513278,0.01293149713891721,0.22927610576152802,9.525082349777222
931011393,d-XY p=36,0,spsa,sequential,1,random_shared_stream,80,120,5,108,5.702249526977539,177,0.30683454871177673,0.029525170102715492,0.0008526029414497316,0.0008286868687719107,0.0008717355085536838,0.1788581828725989,0.012847478719003411,0.054879870265722275,9.74883246421814
931011393,d-XY p=36,0,spsa,sequential,1,random_shared_stream,85,120,5,108,5.702249526977539,187,0.5584497451782227,0.0537368506193161,0.002887649228796363,0.0028519988991320133,0.0027450493071228266,0.17324970437081796,0.012769052840860788,0.09675125032663345,9.973111391067505
931011393,d-XY p=36,0,spsa,sequential,1,random_shared_stream,90,120,5,108,5.702249526977539,197,0.15378950536251068,0.014798401854932308,0.00021891760115977377,0.0002183168107876554,0.00021831678168382496,0.16808609311471107,0.01269554947299621,0.025849878787994385,10.197195053100586
931011393,d-XY p=36,0,spsa,sequential,1,random_shared_stream,95,120,5,108,5.702249526977539,207,1.019234299659729,0.09807586669921875,0.009615577757358551,0.009611453860998154,0.009618876501917839,0.1633127350276544,0.012626410699612943,0.16645394265651703,10.421878099441528
931011393,d-XY p=36,0,spsa,sequential,1,random_shared_stream,100,120,5,108,5.702249526977539,217,0.918603777885437,0.08839268982410431,0.007789152674376965,0.007789152208715677,0.007789152208715677,0.15888387988708105,0.012561167176266359,0.14595133066177368,10.645701169967651
931011393,d-XY p=36,0,spsa,sequential,1,random_shared_stream,105,120,5,108,5.702249526977539,227,0.44204550981521606,0.04253585264086723,0.0017993709770962596,0.0018092984100803733,0.0017199503490701318,0.15476088247091577,0.01249942043693397,0.06841135025024414,10.869717836380005
931011393,d-XY p=36,0,spsa,sequential,1,random_shared_stream,110,120,5,108,5.702249526977539,237,3.8509624004364014,0.37055906653404236,0.1350066065788269,0.1368902027606964,0.12671880424022675,0.15091085101322166,0.012440829393713411,0.25,11.09389615058899
931011393,d-XY p=36,0,spsa,sequential,1,random_shared_stream,115,120,5,108,5.702249526977539,247,0.3370950520038605,0.03243698552250862,0.0010290654608979821,0.0010448513785377145,0.0009709729347378016,0.14730559621560013,0.012385099893453082,0.049655985087156296,11.316589593887329
931011393,d-XY p=36,0,spsa,sequential,1,random_shared_stream,120,120,5,108,5.702249526977539,257,1.6185970306396484,0.15574957430362701,0.02262742444872856,0.021993108093738556,0.023584099486470222,0.14392080504971086,0.012331976538504544,0.23294979333877563,11.540066003799438
931011393,d-XY p=36,0,spsa,sequential,2,random_shared_stream,1,120,5,108,5.706376075744629,19,0.47894302010536194,0.04608631134033203,0.0021173928398638964,0.0020977267995476723,0.0021173926070332527,0.6475564390065037,0.02,0.25,12.008378744125366
931011393,d-XY p=36,0,spsa,sequential,2,random_shared_stream,5,120,5,108,5.704566955566406,27,2.3887484073638916,0.2298574298620224,0.05254453793168068,0.052671365439891815,0.0521821565926075,0.5509869002304467,0.016999416915812672,0.25,12.192435503005981
931011393,d-XY p=36,0,spsa,sequential,2,random_shared_stream,10,120,5,108,5.704566955566406,37,0.27153247594833374,0.02612822689116001,0.0006817477406002581,0.0006695150514133275,0.0005794386961497366,0.4717729871851625,0.015850026609609436,0.12810169160366058,12.42023754119873
931011393,d-XY p=36,0,spsa,sequential,2,random_shared_stream,15,120,5,108,5.704566955566406,47,1.021929383277893,0.09833519905805588,0.00966981053352356,0.009669811464846134,0.009669812396168709,0.4170523168999838,0.015214047873475552,0.25,12.644160509109497
931011393,d-XY p=36,0,spsa,sequential,2,random_shared_stream,20,120,5,108,5.704566955566406,57,0.3542627692222595,0.03408895060420036,0.0011604625033214688,0.0011611598310992122,0.001158469938673079,0.3765054241730527,0.014778350620464044,0.13338185846805573,12.868056774139404
931011393,d-XY p=36,0,spsa,sequential,2,random_shared_stream,25,120,5,108,5.704566955566406,67,0.39749106764793396,0.038248591125011444,0.0014504125574603677,0.00140764273237437,0.0014448938891291618,0.3449960211422775,0.014449008773880907,0.13713283836841583,13.07669973373413
931011393,d-XY p=36,0,spsa,sequential,2,random_shared_stream,30,120,5,108,5.704566955566406,77,0.2640967071056366,0.02541271783411503,0.0006422626902349293,0.0006458063144236803,0.0006139145698398352,0.31965054661360903,0.014185372641231635,0.08441866189241409,13.276793241500854
931011393,d-XY p=36,0,spsa,sequential,2,random_shared_stream,35,120,5,108,5.704566955566406,87,0.725598156452179,0.06982072442770004,0.004859886597841978,0.004859886597841978,0.004859886132180691,0.2987229667323606,0.013966227856027484,0.216752827167511,13.469907760620117
931011393,d-XY p=36,0,spsa,sequential,2,random_shared_stream,40,120,5,108,5.704566955566406,97,0.8012632727622986,0.07710160315036774,0.005944656673818827,0.005903373938053846,0.005779527127742767,0.2810848971718135,0.013779134410346052,0.22522301971912384,13.662907361984253
931011393,d-XY p=36,0,spsa,sequential,2,random_shared_stream,45,120,5,108,5.703488349914551,107,0.7094956040382385,0.06827124208211899,0.004558664746582508,0.004430791828781366,0.004660962615162134,0.26597135212919454,0.013616187769422706,0.18870550394058228,13.855750560760498
931011393,d-XY p=36,0,spsa,sequential,2,random_shared_stream,50,120,5,108,5.703488349914551,117,1.1961853504180908,0.11510299146175385,0.013207806274294853,0.013248697854578495,0.012880678288638592,0.2528434614170733,0.013472060523173781,0.25,14.048235416412354
931011393,d-XY p=36,0,spsa,sequential,2,random_shared_stream,55,120,5,108,5.703488349914551,127,0.6800125241279602,0.06543423980474472,0.004275766666978598,0.004251906182616949,0.0042684245854616165,0.24130954069628038,0.01334299625175472,0.1640935093164444,14.240898847579956
931011393,d-XY p=36,0,spsa,sequential,2,random_shared_stream,60,120,5,108,5.703488349914551,137,0.31846678256988525,0.030644480139017105,0.000937795965000987,0.0009129985119216144,0.0008927096496336162,0.2310773409534787,0.013226249755755135,0.07359045743942261,14.569944143295288
931011393,d-XY p=36,0,spsa,sequential,2,random_shared_stream,65,120,5,108,5.703488349914551,147,0.05042402073740959,0.004852053709328175,2.325177592865657e-05,2.352426054130774e-05,1.9981998775620013e-05,0.22192391624199365,0.01311975565249048,0.011190296150743961,14.762833833694458
931011393,d-XY p=36,0,spsa,sequential,2,random_shared_stream,70,120,5,108,5.703488349914551,157,0.014460737816989422,0.0013914852170273662,1.882446781564795e-06,1.8988807823916432e-06,1.8406145727567491e-06,0.21367592127255655,0.013021922119457682,0.003089911537244916,14.955344200134277
931011393,d-XY p=36,0,spsa,sequential,2,random_shared_stream,75,120,5,108,5.703488349914551,167,0.2787829339504242,0.026825901120901108,0.000710744527168572,0.0007190735777840018,0.0006107960944063962,0.20619633141354546,0.01293149713891721,0.05748401954770088,15.147638082504272
931011393,d-XY p=36,0,spsa,sequential,2,random_shared_stream,80,120,5,108,5.703488349914551,177,0.9694892168045044,0.09328914433717728,0.008699879981577396,0.008696150034666061,0.00870286300778389,0.19937525331270017,0.012847478719003411,0.19329217076301575,15.34020733833313
931011393,d-XY p=36,0,spsa,sequential,2,random_shared_stream,85,120,5,108,5.703488349914551,187,0.746475338935852,0.07182962447404861,0.005152418278157711,0.005155513528734446,0.005016176030039787,0.1931234184565455,0.012769052840860788,0.1441618800163269,15.53298568725586
931011393,d-XY p=36,0,spsa,sequential,2,random_shared_stream,90,120,5,108,5.703488349914551,197,0.9352275133132935,0.08999231457710266,0.008054179139435291,0.00794239342212677,0.00807362049818039,0.18736748218536053,0.01269554947299621,0.17523124814033508,15.725204944610596
931011393,d-XY p=36,0,spsa,sequential,2,random_shared_stream,95,120,5,108,5.703488349914551,207,0.823393702507019,0.07923110574483871,0.006258191540837288,0.0062339729629457,0.005580059252679348,0.18204656556597923,0.012626410699612943,0.14989599585533142,15.91874623298645
931011393,d-XY p=36,0,spsa,sequential,2,random_shared_stream,100,120,5,108,5.703488349914551,217,0.6588224768638611,0.06339522451162338,0.003951420541852713,0.003991044592112303,0.0038204872980713844,0.17710967030429567,0.012561167176266359,0.11668383330106735,16.111208200454712
931011393,d-XY p=36,0,spsa,sequential,2,random_shared_stream,105,120,5,108,5.703488349914551,227,0.17106962203979492,0.01646118238568306,0.00027087758644483984,0.000270761433057487,0.0002709705149754882,0.17251371813116478,0.01249942043693397,0.029511859640479088,16.31320571899414
931011393,d-XY p=36,0,spsa,sequential,2,random_shared_stream,110,120,5,108,5.703488349914551,237,0.14996767044067383,0.014430643990635872,0.00020817208860535175,0.00020808284170925617,0.00020824350940529257,0.16822204422052023,0.012440829393713411,0.0252278670668602,16.50712776184082
931011393,d-XY p=36,0,spsa,sequential,2,random_shared_stream,115,120,5,108,5.703488349914551,247,1.1401214599609375,0.10970822721719742,0.011998748406767845,0.011952314525842667,0.012035896070301533,0.164203225640413,0.012385099893453082,0.18721160292625427,16.700170755386353
931011393,d-XY p=36,0,spsa,sequential,2,random_shared_stream,120,120,5,108,5.703488349914551,257,1.1255438327789307,0.10830549895763397,0.010941640473902225,0.011150818318128586,0.010426739230751991,0.16043016038127156,0.012331976538504544,0.18057116866111755,16.903692483901978
931011393,d-XY p=36,0,spsa,sequential,3,random_shared_stream,1,120,5,108,5.7070794105529785,19,1.0013699531555176,0.09635686874389648,0.00928464625030756,0.009277481585741043,0.009255990386009216,0.3824782227085684,0.02,0.25,17.34708881378174
931011393,d-XY p=36,0,spsa,sequential,3,random_shared_stream,5,120,5,108,5.7070794105529785,27,1.728340983390808,0.1663096696138382,0.027051856741309166,0.02746683731675148,0.025524737313389778,0.32543957196868833,0.016999416915812672,0.25,17.519551992416382
931011393,d-XY p=36,0,spsa,sequential,3,random_shared_stream,10,120,5,108,5.704962730407715,37,0.7911490797996521,0.07612835615873337,0.005793538875877857,0.005683730356395245,0.005509327631443739,0.278651995086842,0.015850026609609436,0.22045525908470154,17.731799125671387
931011393,d-XY p=36,0,spsa,sequential,3,random_shared_stream,15,120,5,108,5.704962730407715,47,0.48368608951568604,0.04654271528124809,0.002159538445994258,0.0021511809900403023,0.002166224177926779,0.24633131467139097,0.015214047873475552,0.11914703249931335,17.940269470214844
931011393,d-XY p=36,0,spsa,sequential,3,random_shared_stream,20,120,5,108,5.704962730407715,57,1.4036383628845215,0.13506516814231873,0.01801738329231739,0.01811591535806656,0.017735861241817474,0.2223823543454852,0.014778350620464044,0.25,18.14860701560974
931011393,d-XY p=36,0,spsa,sequential,3,random_shared_stream,25,120,5,108,5.704962730407715,67,0.530902624130249,0.05108612775802612,0.002595472615212202,0.0026017376221716404,0.0025775725953280926,0.20377137351992378,0.014449008773880907,0.10818275064229965,18.359031677246094
931011393,d-XY p=36,0,spsa,sequential,3,random_shared_stream,30,120,5,108,5.704962730407715,77,2.6516218185424805,0.2551524341106415,0.0650804415345192,0.06429901719093323,0.06329435110092163,0.18880110765969493,0.014185372641231635,0.25,18.564860820770264
931011393,d-XY p=36,0,spsa,sequential,3,random_shared_stream,35,120,5,108,5.704962730407715,87,0.4234725534915924,0.04074866697192192,0.0016553289024159312,0.0015976742142811418,0.0015784561401233077,0.17644026453248898,0.013966227856027484,0.07471761852502823,18.77325201034546
931011393,d-XY p=36,0,spsa,sequential,3,random_shared_stream,40,120,5,108,5.704962730407715,97,0.8365073800086975,0.08049295842647552,0.006370242219418287,0.006299140397459269,0.00645911879837513,0.16602236565732947,0.013779134410346052,0.1388789266347885,18.9832181930542
931011393,d-XY p=36,0,spsa,sequential,3,random_shared_stream,45,120,5,108,5.704962730407715,107,0.10954509675502777,0.010540981777012348,0.00011111230560345575,0.00011111230560345575,0.00011111229105154052,0.1570955733369635,0.013616187769422706,0.017209049314260483,19.191892862319946
931011393,d-XY p=36,0,spsa,sequential,3,random_shared_stream,50,120,5,108,5.704962730407715,117,0.6744174957275391,0.06489585340023041,0.0042114718817174435,0.004182225558906794,0.004094486590474844,0.14934160471735103,0.013472060523173781,0.10071858018636703,19.40065026283264
931011393,d-XY p=36,0,spsa,sequential,3,random_shared_stream,55,120,5,108,5.704962730407715,127,0.02785414643585682,0.0026802662760019302,7.122238002921222e-06,7.095139608281897e-06,7.1616555032960605e-06,0.14252911204116267,0.01334299625175472,0.003970026504248381,19.61113715171814
931011393,d-XY p=36,0,spsa,sequential,3,random_shared_stream,60,120,5,108,5.704962730407715,137,0.22030407190322876,0.02119877003133297,0.0004469220875762403,0.00044626707676798105,0.00044800087925978005,0.1364854788745615,0.013226249755755135,0.030068308115005493,19.819092750549316
931011393,d-XY p=36,0,spsa,sequential,3,random_shared_stream,65,120,5,108,5.704400539398193,147,1.1633408069610596,0.11194251477718353,0.01242369320243597,0.012492450885474682,0.012183040380477905,0.13107902253429748,0.01311975565249048,0.152489572763443,20.027077674865723
931011393,d-XY p=36,0,spsa,sequential,3,random_shared_stream,70,120,5,108,5.699910640716553,157,3.118382215499878,0.3000665009021759,0.0895458534359932,0.08753877878189087,0.08892828971147537,0.1262073568897407,0.013021922119457682,0.25,20.23455286026001
931011393,d-XY p=36,0,spsa,sequential,3,random_shared_stream,75,120,5,108,5.699910640716553,167,0.8534014225006104,0.08211859315633774,0.006660209968686104,0.006696633528918028,0.00655614398419857,0.12178954855128503,0.01293149713891721,0.1039353758096695,20.446860790252686
931011393,d-XY p=36,0,spsa,sequential,3,random_shared_stream,80,120,5,108,5.699910640716553,177,1.3249236345291138,0.12749083340168,0.01620374619960785,0.016203748062253,0.01620374619960785,0.1177606891780846,0.012847478719003411,0.15602390468120575,20.656405925750732
931011393,d-XY p=36,0,spsa,sequential,3,random_shared_stream,85,120,5,108,5.699910640716553,187,0.38012611865997314,0.036577653139829636,0.0013007601955905557,0.0013007600791752338,0.0013007600791752338,0.11406805245885415,0.012769052840860788,0.04336024820804596,20.865392446517944
931011393,d-XY p=36,0,spsa,sequential,3,random_shared_stream,90,120,5,108,5.699910640716553,197,1.283986210823059,0.1235516220331192,0.015217890031635761,0.015217889100313187,0.015217890031635761,0.11066831748223308,0.01269554947299621,0.1420965939760208,21.075611352920532
931011393,d-XY p=36,0,spsa,sequential,3,random_shared_stream,95,120,5,108,5.699910640716553,207,1.0633866786956787,0.10232443362474442,0.010466698557138443,0.010341028682887554,0.010179448872804642,0.10752552619923109,0.012626410699612943,0.11434121429920197,21.28206706047058
931011393,d-XY p=36,0,spsa,sequential,3,random_shared_stream,100,120,5,108,5.699910640716553,217,1.5127274990081787,0.1455622762441635,0.02115931175649166,0.020779648795723915,0.020599810406565666,0.10460955654524373,0.012561167176266359,0.1582457572221756,21.49081039428711
931011393,d-XY p=36,0,spsa,sequential,3,random_shared_stream,105,120,5,108,5.699910640716553,227,0.583381175994873,0.0561358742415905,0.003146914066746831,0.0030904491432011127,0.0030637027230113745,0.1018949644063259,0.01249942043693397,0.059443604201078415,21.698096990585327
931011393,d-XY p=36,0,spsa,sequential,3,random_shared_stream,110,120,5,108,5.699910640716553,237,0.37920108437538147,0.036488644778728485,0.0012419290142133832,0.0012482072925195098,0.0012286878190934658,0.0993600937589018,0.012440829393713411,0.03767745569348335,21.906400680541992
931011393,d-XY p=36,0,spsa,sequential,3,random_shared_stream,115,120,5,108,5.699910640716553,247,3.6368253231048584,0.34995368123054504,0.118267722427845,0.11783724278211594,0.11906570941209793,0.09698638469615839,0.012385099893453082,0.25,22.11541485786438
931011393,d-XY p=36,0,spsa,sequential,3,random_shared_stream,120,120,5,108,5.699910640716553,257,0.2917332351207733,0.028072044253349304,0.0007877693278715014,0.0007880396442487836,0.0007856074371375144,0.09475782945749237,0.012331976538504544,0.02764401026070118,22.321472644805908
931011393,d-XY p=36,0,spsa,sequential,4,continuation,1,120,5,108,0.9519617557525635,19,113.66434478759766,10.937357902526855,119.25656127929688,119.53347778320312,118.14891052246094,0.003851168011141685,0.02,0.25,22.765921115875244
931011393,d-XY p=36,0,spsa,sequential,4,continuation,5,120,5,108,0.9519617557525635,27,1021.1912841796875,98.26417541503906,9493.5927734375,9387.6298828125,9626.0458984375,0.0032768466142984332,0.016999416915812672,0.25,22.933162212371826
931011393,d-XY p=36,0,spsa,sequential,4,continuation,10,120,5,108,0.9519617557525635,37,1223.9984130859375,117.779296875,13867.20703125,13775.6298828125,13700.7041015625,0.0028057431404060304,0.015850026609609436,0.25,23.14320969581604
931011393,d-XY p=36,0,spsa,sequential,4,continuation,15,120,5,108,0.9519617557525635,47,626.9686889648438,60.33008575439453,3559.835693359375,3569.509033203125,3538.616455078125,0.002480306649844943,0.015214047873475552,0.25,23.349050283432007
931011393,d-XY p=36,0,spsa,sequential,4,continuation,20,120,5,108,0.9519617557525635,57,101.09733581542969,9.728096008300781,94.34375762939453,93.97865295410156,94.63584899902344,0.002239164894756037,0.014778350620464044,0.22637362778186798,23.561981678009033
931011393,d-XY p=36,0,spsa,sequential,4,continuation,25,120,5,108,0.9519617557525635,67,330.9597473144531,31.846616744995117,979.4262084960938,986.0344848632812,964.1227416992188,0.0020517711824975856,0.014449008773880907,0.25,23.770888566970825
931011393,d-XY p=36,0,spsa,sequential,4,continuation,30,120,5,108,0.9519617557525635,77,317.36810302734375,30.538759231567383,924.6201782226562,929.7374267578125,906.7098999023438,0.0019010357796008595,0.014185372641231635,0.25,23.98091149330139
931011393,d-XY p=36,0,spsa,sequential,4,continuation,35,120,5,108,0.9519617557525635,87,463.7353515625,44.622955322265625,1957.748291015625,1935.89697265625,1985.0625,0.0017765746186356036,0.013966227856027484,0.25,24.18744158744812
931011393,d-XY p=36,0,spsa,sequential,4,continuation,40,120,5,108,0.9519617557525635,97,376.833251953125,36.26079559326172,1310.7872314453125,1313.830810546875,1298.6126708984375,0.001671676936861199,0.013779134410346052,0.25,24.39603090286255
931011393,d-XY p=36,0,spsa,sequential,4,continuation,45,120,5,108,0.9519617557525635,107,99.55574035644531,9.579755783081055,91.77172088623047,91.7009048461914,91.48847198486328,0.0015817931866627109,0.013616187769422706,0.15747658908367157,24.60248875617981
931011393,d-XY p=36,0,spsa,sequential,4,continuation,50,120,5,108,0.9519617557525635,117,365.9834899902344,35.21677780151367,1224.91015625,1231.60888671875,1205.770751953125,0.0015037185823211156,0.013472060523173781,0.25,24.814727544784546
931011393,d-XY p=36,0,spsa,sequential,4,continuation,55,120,5,108,0.9519617557525635,127,117.76863861083984,11.332293510437012,126.83541107177734,128.32177734375,118.51185607910156,0.001435123686421214,0.01334299625175472,0.16901257634162903,25.02471375465393
931011393,d-XY p=36,0,spsa,sequential,4,continuation,60,120,5,108,0.9519617557525635,137,214.46397399902344,20.636804580688477,425.7316589355469,417.6624755859375,404.84674072265625,0.0013742704264435239,0.013226249755755135,0.25,25.234588146209717
931011393,d-XY p=36,0,spsa,sequential,4,continuation,65,120,5,108,0.9519617557525635,147,337.1029357910156,32.437744140625,1043.186279296875,1048.9598388671875,1022.979248046875,0.0013198328912452815,0.01311975565249048,0.25,25.4433012008667
931011393,d-XY p=36,0,spsa,sequential,4,continuation,70,120,5,108,0.9519617557525635,157,18.290361404418945,1.7599908113479614,3.0455167293548584,3.0378153324127197,3.059326171875,0.0012707801562727324,0.013021922119457682,0.023243028670549393,25.651646375656128
931011393,d-XY p=36,0,spsa,sequential,4,continuation,75,120,5,108,0.9519617557525635,167,22.478334426879883,2.1629786491394043,4.599860668182373,4.386071681976318,4.620718002319336,0.0012262973043290829,0.01293149713891721,0.02756511978805065,25.86121416091919
931011393,d-XY p=36,0,spsa,sequential,4,continuation,80,120,5,108,0.9519617557525635,177,52.619911193847656,5.063353538513184,25.628755569458008,24.925392150878906,23.659339904785156,0.0011857307742150788,0.012847478719003411,0.06239304319024086,26.07164168357849
931011393,d-XY p=36,0,spsa,sequential,4,continuation,85,120,5,108,0.9519617557525635,187,244.2348175048828,23.50150489807129,550.6160888671875,548.4852294921875,552.32080078125,0.0011485496654210672,0.012769052840860788,0.25,26.280485153198242
931011393,d-XY p=36,0,spsa,sequential,4,continuation,90,120,5,108,0.9519617557525635,197,190.6935272216797,18.349491119384766,335.6647033691406,335.6646728515625,335.6647033691406,0.0011143177802810371,0.01269554947299621,0.2124931812286377,26.487635135650635
931011393,d-XY p=36,0,spsa,sequential,4,continuation,95,120,5,108,0.9519617557525635,207,194.5502166748047,18.720603942871094,349.3793029785156,350.1905517578125,333.154296875,0.0010826730576898257,0.012626410699612943,0.2106342911720276,26.6974356174469
931011393,d-XY p=36,0,spsa,sequential,4,continuation,100,120,5,108,0.9519617557525635,217,229.6282501220703,22.09598731994629,482.20513916015625,482.2052001953125,482.2052001953125,0.0010533121989895053,0.012561167176266359,0.2418702393770218,26.91078805923462
931011393,d-XY p=36,0,spsa,sequential,4,continuation,105,120,5,108,0.9519617557525635,227,346.5335693359375,33.34520721435547,1087.4990234375,1104.1812744140625,1026.10791015625,0.0010259790077435744,0.01249942043693397,0.25,27.118263959884644
931011393,d-XY p=36,0,spsa,sequential,4,continuation,110,120,5,108,0.9519617557525635,237,46.04047393798828,4.430246353149414,19.620351791381836,19.566505432128906,19.081886291503906,0.0010004554297458276,0.012440829393713411,0.0460614375770092,27.327849626541138
931011393,d-XY p=36,0,spsa,sequential,4,continuation,115,120,5,108,0.9519617557525635,247,94.84373474121094,9.1263427734375,83.26156616210938,83.0330581665039,83.0330581665039,0.0009765545855475424,0.012385099893453082,0.09262008219957352,27.531821489334106
931011393,d-XY p=36,0,spsa,sequential,4,continuation,120,120,5,108,0.9519617557525635,257,195.1195068359375,18.77538299560547,351.427001953125,352.2430419921875,348.1629638671875,0.0009541152932253954,0.012331976538504544,0.18616649508476257,27.740320205688477
