term_index,composition,weight,weight_hex,q0,q1,q2,q3,q4,q5
0,222,-0.070563232174825519,-0x1.2106e967dada0p-4,7,11,12,16,19,23
1,222,-0.34371725248541762,-0x1.5ff76a59fbbe6p-2,0,1,8,11,21,22
2,222,-0.37908773153464526,-0x1.842f93050646cp-2,0,1,8,11,21,23
3,222,0.35575157163737159,0x1.6c4a23d6bb81cp-2,14,16,18,19,28,29
4,222,0.45301629580684277,0x1.cfe380fc2e8aep-2,3,4,12,16,25,26
5,222,0.49232908510148343,0x1.f8251d9d859a8p-2,2,3,6,11,25,29
6,222,0.12686427498542385,0x1.03d16ac0bec38p-3,14,15,18,19,27,29
7,222,-0.25948941528941805,-0x1.09b797e14e0acp-2,1,3,6,11,18,19
8,222,-0.44941757900648671,-0x1.cc341f3052490p-2,6,7,18,19,27,29
9,222,0.024383380557133294,0x1.8f7f4f83c38a0p-6,7,8,15,16,24,27
10,222,-0.29510679854405719,-0x1.2e307a024bc30p-2,6,8,18,22,25,27
11,222,-0.092983761591156511,-0x1.7cdc8a717d3f8p-4,0,3,7,10,18,20
12,222,0.43949711715848661,0x1.c20b88438725ep-2,8,11,13,15,24,25
13,222,0.013449612039751924,0x1.b8b785ed64440p-7,6,10,18,22,25,27
14,222,0.20436156032209563,0x1.a288505124b98p-3,1,5,13,17,24,27
15,222,-0.16277740340976943,-0x1.4d5e3d4161cf4p-3,6,10,14,17,26,27
16,222,0.39204931069546345,0x1.91755fdf6ce94p-2,6,7,15,16,25,28
17,222,-0.40132961704337977,-0x1.9af626b078574p-2,1,4,6,9,22,23
18,222,-0.42109940818750846,-0x1.af34aeea1f07ep-2,0,4,8,11,20,23
19,222,0.23610802021151278,0x1.e38c9a090dd54p-3,7,8,12,16,25,28
20,222,-0.0011198783597937689,-0x1.2591c3b926e00p-10,2,5,12,14,21,22
21,222,-0.1062265828508514,-0x1.b31aa534f6bf8p-4,7,8,18,21,28,29
22,222,-0.31442807683063989,-0x1.41f96f0bba22ep-2,8,10,12,17,24,25
23,222,-0.27781495888465546,-0x1.1c7b864aff290p-2,1,2,20,21,24,28
24,222,-0.3796951633622242,-0x1.84cecf145c4b2p-2,7,9,14,16,24,29
25,222,0.033617976642023706,0x1.136601c786a00p-5,0,3,10,11,12,15
26,222,0.45808090835809756,0x1.d513296147aeap-2,2,5,13,16,18,21
27,222,0.37056256939720045,0x1.7b74c112bb176p-2,7,10,14,15,26,28
28,222,0.023035833422622498,0x1.796b49cbebce0p-6,3,4,8,11,18,22
29,222,0.2076296696960982,0x1.a939be8831338p-3,6,11,14,16,18,21
30,222,-0.18783867509809915,-0x1.80b19033c32f8p-3,15,17,18,19,28,29
31,222,-0.2293736044860134,-0x1.d5c1d40eaa1ecp-3,6,11,18,21,25,26
32,222,-0.069259749163291362,-0x1.1bb01c595e350p-4,6,10,19,20,24,28
33,222,-0.095212519629519821,-0x1.85fd901fa81f8p-4,0,2,14,17,19,21
34,222,-0.31065730769454902,-0x1.3e1cf3033ef92p-2,1,2,12,15,20,22
35,222,-0.14545747194139447,-0x1.29e59b6793b74p-3,0,3,7,10,19,23
36,222,0.15186571158488738,0x1.37055ec5207b0p-3,2,3,12,15,28,29
37,222,-0.49089534018776138,-0x1.f6ad449f75fecp-2,10,11,18,19,26,28
38,222,-0.22056409921174847,-0x1.c3b71c464a0dcp-3,9,10,19,22,24,26
39,222,0.15956525742547356,0x1.46ca2651c3080p-3,0,5,13,16,25,28
40,222,-0.077813280496698445,-0x1.3eb9236ed83f0p-4,0,3,12,13,20,22
41,222,-0.46344840221201711,-0x1.da9237cb89490p-2,2,3,14,15,28,29
42,222,-0.42763537123927675,-0x1.b5e60bf85790ap-2,2,5,13,14,18,22
43,222,-0.031461392239032215,-0x1.01bb52581acd0p-5,0,3,19,23,26,28
44,222,-0.069008985608663864,-0x1.1aa92a851c0a8p-4,2,4,12,16,27,29
45,222,-0.21060164083167576,-0x1.af4fe9bed90f0p-3,7,11,12,15,25,27
46,222,0.048669607932632086,0x1.8eb390cc274c0p-5,2,3,6,7,24,28
47,222,-0.4163392094600038,-0x1.aa54d362b15e0p-2,1,3,10,11,19,21
48,222,0.35041217229773247,0x1.66d272d08e6a8p-2,2,4,6,7,22,23
49,222,0.37495533046281893,0x1.7ff44a4731d92p-2,2,5,13,14,21,23
50,222,0.23115926276646337,0x1.d96a070dfed58p-3,3,5,6,7,21,22
51,222,-0.27513527294845819,-0x1.19bd0f9d289d0p-2,0,1,8,10,19,23
52,222,0.014457432031743322,0x1.d9bdbae1576c0p-7,6,11,15,16,28,29
53,222,0.29881113496975131,0x1.31fb8bd180bdcp-2,2,3,6,11,24,29
54,222,0.33603896566198688,0x1.581a993eccb2cp-2,13,16,20,21,24,25
55,222,0.40250643760895877,0x1.9c2aa5c7d6fb2p-2,3,4,13,14,22,23
56,222,0.24431142526371741,0x1.f4598c6c5fe04p-3,1,4,12,17,26,29
57,222,-0.42937351384423039,-0x1.b7adb0beeb152p-2,8,10,12,17,24,27
58,222,0.45012404391367322,0x1.cced513f028dep-2,0,3,8,10,15,17
59,222,-0.47458929304920083,-0x1.e5fabc52b65a0p-2,6,11,15,16,18,19
60,222,0.41552256611242067,0x1.a97ebf60cfb68p-2,0,2,7,10,12,17
61,222,-0.21543816215902856,-0x1.b937a4a64458cp-3,8,10,13,17,24,28
62,222,-0.49406824671828442,-0x1.f9ed06c6969f0p-2,2,4,6,9,18,21
63,222,0.10631250967485995,0x1.b374bf0358e98p-4,9,11,12,13,25,27
64,222,0.48064969733744589,0x1.ec2f6f2b9625cp-2,6,8,20,23,24,28
65,222,0.19470296655686314,0x1.8ec06dce5e058p-3,2,5,7,9,20,22
66,222,-0.34159456166872726,-0x1.5dcaf6fb6f3f0p-2,1,4,16,17,18,20
67,222,-0.46460968350012033,-0x1.dbc2a41026d68p-2,1,2,10,11,19,22
68,222,0.47274382283571381,0x1.e416f4e9dc942p-2,9,11,20,22,24,25
69,222,0.063733262275908587,0x1.050d2b5247580p-4,0,4,7,11,25,29
70,222,0.424102492462201,0x1.b247ec7d1be4cp-2,7,8,16,17,24,29
71,222,-0.075127051570885395,-0x1.33b86c58ab738p-4,6,8,15,16,28,29
72,222,-0.26354718018963241,-0x1.0ddf4fdf784f6p-2,6,9,22,23,24,25
73,222,-0.0094555123172445077,-0x1.35d69615b1dc0p-7,0,1,12,13,26,29
74,222,-0.12336640656275755,-0x1.f94f0d99cb180p-4,1,5,14,15,24,27
75,222,-0.48487889964482833,-0x1.f0841821fae24p-2,2,3,20,21,25,29
76,222,0.22472702700437142,0x1.cc3daefc16b34p-3,9,10,13,17,18,22
77,222,0.35130104147634877,0x1.67bb75d0c441ep-2,6,7,16,17,25,27
78,222,0.21912384009683816,0x1.c0c3fff7eb384p-3,0,1,16,17,26,28
79,222,-0.36664008357056377,-0x1.77707f815a65ap-2,8,11,18,23,25,26
80,222,-0.060210184922401155,-0x1.ed3de8e417250p-5,7,9,12,16,25,26
81,222,0.15627745422644757,0x1.400e64d809af8p-3,6,9,14,17,19,21
82,222,-0.078279018018703739,-0x1.40a17fe5a73a8p-4,0,1,9,11,26,28
83,222,0.15754300486796025,0x1.42a5e82cf8bf0p-3,8,10,18,19,27,28
84,222,-0.098053757436125544,-0x1.91a0d117025c0p-4,1,2,6,9,19,20
85,222,0.32834030793020808,0x1.503871121343cp-2,2,3,6,11,18,23
86,222,-0.18113588381289258,-0x1.72f75ec8de104p-3,0,5,8,9,25,27
87,222,-0.48425082173905187,-0x1.efdf7289b8aeap-2,9,10,14,17,18,22
88,222,0.14926870605700915,0x1.31b3ca96a6134p-3,0,1,10,11,12,14
89,222,-0.20224492972932895,-0x1.9e3296f7c1190p-3,6,10,22,23,25,26
90,222,-0.3429273039746854,-0x1.5f2855cde82a8p-2,0,5,14,17,26,27
91,222,0.010076697173252991,0x1.4a317667c8dc0p-7,3,4,12,13,24,26
92,222,-0.34416495761868038,-0x1.606cc7559b17ep-2,6,11,15,16,24,26
93,222,0.47636878198048083,0x1.e7cd37cdc41dap-2,3,4,8,11,21,23
94,222,-0.11579982701831648,-0x1.da50eb5ed16a0p-4,6,7,14,17,24,25
95,222,0.16238375170333841,0x1.4c8fda37bdb10p-3,10,11,19,22,24,26
96,222,0.043713382045944105,0x1.66199b491dc40p-5,1,4,19,22,24,26
97,222,0.15190327214439425,0x1.371910101fde8p-3,2,4,20,22,24,29
98,222,-0.25885167306851331,-0x1.091069b960688p-2,1,2,9,11,18,22
99,222,-0.35363216891276594,-0x1.6a1e8d212cee4p-2,6,7,14,15,18,23
100,222,-0.46028611866135061,-0x1.d7553e89d027ap-2,9,11,12,16,28,29
101,222,-0.041131067557258816,-0x1.50f219c0417b0p-5,8,10,13,15,24,26
102,222,0.23262725316187127,0x1.dc6bad63e88ccp-3,4,5,14,15,19,22
103,222,0.025933229364172639,0x1.a8e3d8ffec260p-6,6,7,14,16,25,29
104,222,-0.18442411393934777,-0x1.79b3598fb4ca4p-3,0,2,7,10,14,17
105,222,0.42327596777466947,0x1.b16f415b198dep-2,4,5,12,16,24,27
106,222,0.10642624013082491,0x1.b3ec004cc52a0p-4,0,2,14,17,28,29
107,222,-0.26359362993127111,-0x1.0deb7d0ff4774p-2,1,3,13,14,24,29
108,222,-0.14517411167302696,-0x1.29510b6ee45b8p-3,10,11,12,15,28,29
109,222,0.049725609780250757,0x1.975a2978f4680p-5,9,10,12,14,24,26
110,222,0.030242621596242802,0x1.ef7ebfacdfe80p-6,7,11,14,15,22,23
111,222,0.41758065214292006,0x1.ab9a433195b3ep-2,3,4,7,8,19,20
112,222,-0.469599041420387,-0x1.e0de923488b74p-2,9,11,21,22,24,25
113,222,-0.30154994816324809,-0x1.34c98275e2f72p-2,4,5,12,17,25,27
114,222,-0.46168274027619727,-0x1.d8c35c3a74a9ep-2,7,11,18,21,28,29
115,222,0.24310072718229836,0x1.f1decb470de7cp-3,7,8,18,23,25,26
116,222,-0.32227596114977564,-0x1.4a02b5a5b3758p-2,3,5,13,17,20,21
117,222,0.31326254719499014,0x1.40c7e5ad0e7a8p-2,7,9,14,17,19,21
118,222,-0.13199755265883539,-0x1.0e54bb9e92ea4p-3,1,2,13,16,21,23
119,222,-0.38431617893484382,-0x1.898a2e2f6535ep-2,3,4,14,16,24,26
120,222,-0.010317935076183504,-0x1.52191cdb73680p-7,2,4,13,16,18,20
121,222,-0.46556602523351587,-0x1.dcbd571206d24p-2,1,5,9,10,24,27
122,222,-0.49571705566609492,-0x1.fb9d40789f042p-2,7,9,14,16,24,26
123,222,-0.40499240102400724,-0x1.9eb653f61b446p-2,0,3,13,15,22,23
124,222,-0.40283750243470529,-0x1.9c816f2a3cce0p-2,2,4,6,11,18,22
125,222,0.27201127695379879,0x1.168a1fcaa3994p-2,7,8,15,16,24,25
126,222,-0.25041677924493755,-0x1.006d4194e8192p-2,0,2,22,23,25,27
127,222,-0.040952080768836274,-0x1.4f7abcf35ea30p-5,7,8,15,17,26,29
128,222,-0.45951137254903562,-0x1.d68a2634f3e58p-2,7,9,12,17,24,25
129,222,-0.41017888028568594,-0x1.a405eeb15901ap-2,10,11,13,15,26,27
130,222,-0.046529685669547849,-0x1.7d2bd2c7cdc40p-5,2,5,13,14,18,21
131,222,-0.3467418023561899,-0x1.631048751a8dcp-2,8,11,13,16,27,28
132,222,0.043570334576409353,0x1.64ed9d429b4a0p-5,0,3,7,10,28,29
133,222,0.4734983557113529,0x1.e4dcc0c1f5cbep-2,4,5,6,9,13,17
134,222,-0.06593310766329552,-0x1.0e0fdfd233348p-4,9,10,12,13,24,27
135,222,0.12240717071821638,0x1.f56138b07d740p-4,2,5,7,10,14,17
136,222,0.36200303165729608,0x1.72b0ec3815712p-2,6,11,13,14,27,28
137,222,-0.26612726850154789,-0x1.1083aaab26decp-2,8,11,18,22,27,29
138,222,0.13015798395220557,0x1.0a9044e31aa80p-3,8,11,12,15,25,29
139,222,-0.0316891850221247,-0x1.039909a9d2470p-5,14,15,18,19,28,29
140,222,-0.17205961483088172,-0x1.6060ca9549b70p-3,9,11,13,14,28,29
141,222,-0.12632874878685185,-0x1.02b8a5a4ac4b8p-3,3,4,12,13,22,23
142,222,-0.26862637801685163,-0x1.1312cb11b384cp-2,10,11,12,15,24,28
143,222,0.46280335470691825,0x1.d9e91f63c7fd2p-2,6,10,18,21,26,29
144,222,0.015609021081957497,0x1.ff79f588e8100p-7,12,15,19,22,24,27
145,222,-0.24688105298701013,-0x1.f99cc604a6674p-3,8,11,18,21,25,26
146,222,-0.015681412776315184,-0x1.00ec9cc1e0e00p-6,9,11,20,23,27,28
147,222,-0.19482554798342011,-0x1.8f00b2681ccfcp-3,3,4,7,11,19,20
148,222,-0.14813718709815726,-0x1.2f628caf439f4p-3,4,5,8,9,19,20
149,222,0.27364101711733135,0x1.183559cd73d44p-2,6,11,15,16,26,28
150,222,-0.18482659586713068,-0x1.7a865dc571538p-3,0,2,18,22,27,29
151,222,0.2034065643959152,0x1.a0939eeefa364p-3,6,10,14,15,18,19
152,222,0.39687061345849595,0x1.9665400630d7ap-2,1,3,13,17,26,29
153,222,0.17152846976041469,0x1.5f4a517fa1998p-3,8,11,13,16,26,29
154,222,-0.45775690397211866,-0x1.d4be39d050586p-2,7,10,19,21,26,28
155,222,-0.12399323319594202,-0x1.fbe0541807ab8p-4,0,5,8,10,12,15
156,222,-0.37690917659535728,-0x1.81f47aac284aep-2,1,2,13,14,24,28
157,222,0.23210865182531704,0x1.db5bc7e5aac70p-3,6,8,15,17,25,29
158,222,0.26937642501175429,0x1.13d769def49d4p-2,0,5,12,14,25,27
159,222,-0.11548900607292001,-0x1.d90b0002177f8p-4,1,3,8,10,19,23
160,222,-0.46236847301077311,-0x1.d9771ef92183cp-2,2,5,14,15,25,27
161,222,-0.47349675003028679,-0x1.e4dc550091c92p-2,6,11,15,16,26,29
162,222,0.15757117587373382,0x1.42b4ad395c0f4p-3,1,3,14,15,18,23
163,222,-0.45534933765999774,-0x1.d24718c605120p-2,7,11,12,16,21,23
164,222,0.036315235141707425,0x1.297e9168f7430p-5,16,17,19,21,24,29
165,222,0.078024367768720126,0x1.3f967abdb9428p-4,1,4,6,9,19,23
166,222,0.057053952157226195,0x1.d362cf53ee440p-5,7,8,18,22,25,29
167,222,-0.27293531706747387,-0x1.177c5b12e9aaep-2,4,5,21,22,24,25
168,222,0.17764913823828932,0x1.6bd34fb72b14cp-3,0,5,12,17,25,27
169,222,0.39744053254027845,0x1.96faa6a576166p-2,13,17,18,20,25,28
170,222,0.47612734092177433,0x1.e78decf7f63c0p-2,10,11,20,23,25,28
171,222,0.22071830682689264,0x1.c407f5ab99984p-3,4,5,14,15,25,27
172,222,0.0012313881616367039,0x1.42cd0f8819e00p-10,8,9,16,17,20,21
173,222,-0.064587518236630115,-0x1.088cebe8e5e88p-4,0,2,13,16,21,23
174,222,-0.27546013934888491,-0x1.1a1239076b95cp-2,6,10,18,20,25,27
175,222,-0.47437674471815294,-0x1.e5c30472308bap-2,8,10,18,20,25,27
176,222,-0.15135908804277542,-0x1.35fbc0e8c4d2cp-3,0,4,9,11,25,29
177,222,0.26311560492790598,0x1.0d6e2d58ee320p-2,0,4,7,9,20,21
178,222,-0.20646597874633532,-0x1.a6d7a2939dfc4p-3,0,3,13,15,26,29
179,222,-0.16264419186086032,-0x1.4d1865e769f90p-3,6,11,13,15,18,23
180,222,-0.21294478813725837,-0x1.b41c65a739b30p-3,4,5,13,17,25,26
181,222,-0.201872601397588,-0x1.9d6f61e7b04d0p-3,4,5,12,17,24,26
182,222,0.085724516572330933,0x1.5f20abb24c118p-4,0,4,12,14,25,29
183,222,0.15447808365832816,0x1.3c5f016a17158p-3,2,5,6,10,20,21
184,222,0.153850692181142,0x1.3b16125b146a0p-3,0,3,14,17,18,19
185,222,0.37709346796513388,0x1.8224ca41c82a4p-2,7,11,12,16,27,29
186,222,-0.30464052854894974,-0x1.37f3afcc9d964p-2,8,10,12,15,24,26
187,222,0.49907816218755074,0x1.ff0e5882f9276p-2,1,3,8,10,18,21
188,222,-0.37554210326032966,-0x1.808e1bef18c04p-2,1,3,8,11,18,22
189,222,0.4935548204809751,0x1.f9666f52fee9ep-2,4,5,13,15,18,22
190,222,0.34788177928135378,0x1.643b1f038d028p-2,3,4,15,17,24,25
191,222,-0.4486973721778843,-0x1.cb7752ed387a2p-2,6,7,18,19,26,27
192,222,-0.38259739566337148,-0x1.87c79c97a2c48p-2,10,11,13,15,28,29
193,222,0.23959824861598411,0x1.eab27c8fe050cp-3,0,3,13,15,20,23
194,222,0.14129254251695544,0x1.215dfc0a3b6b4p-3,6,10,15,17,18,20
195,222,-0.24797323304633134,-0x1.fbd963f1bd318p-3,9,10,18,22,25,27
196,222,0.3070451483363994,0x1.3a6a0b1a004fcp-2,3,5,13,15,22,23
197,222,-0.075002950221914166,-0x1.33364b24e7fc8p-4,1,2,9,10,27,29
198,222,-0.48127971603893727,-0x1.ecd49702762c0p-2,0,3,14,16,26,28
199,222,0.18211452001645856,0x1.74f8751cc787cp-3,1,2,6,9,24,28
200,222,0.13828947664012303,0x1.1b37835c66fb8p-3,1,4,13,15,18,23
201,222,-0.31341927797497704,-0x1.40f0fbb35a952p-2,1,3,6,11,22,23
202,222,0.25868480196513266,0x1.08e4ab31a6618p-2,6,7,14,17,25,27
203,222,-0.048268301314147277,-0x1.8b69f6f27cd10p-5,9,10,18,22,26,29
204,222,-0.4627245732124422,-0x1.d9d478740311ap-2,6,10,21,22,24,29
205,222,-0.42925820255538782,-0x1.b78f76560f7f6p-2,2,3,6,10,20,21
206,222,0.18665750719617336,0x1.7e464a87af000p-3,0,2,20,21,28,29
207,222,0.012102886627247011,0x1.8c965f2028080p-7,8,11,21,23,24,28
208,222,0.14212461226900364,0x1.23123a8d37668p-3,1,4,12,17,21,22
209,222,0.46876053726636568,0x1.e002c324db938p-2,2,4,7,11,20,22
210,222,0.22322144795335863,0x1.c9285395cdb44p-3,7,8,16,17,18,19
211,222,0.3442779625339798,0x1.608a66f744904p-2,2,5,14,17,27,28
212,222,0.38797999908905612,0x1.8d4aa0fe5bc1ap-2,10,11,19,23,26,28
213,222,0.024494001874375226,0x1.914f4a3fe9220p-6,6,7,21,22,24,25
214,222,-0.40140244088255495,-0x1.9b093dd080268p-2,1,4,8,9,19,21
215,222,-0.39928737437276862,-0x1.98deca1a8c082p-2,1,5,8,9,20,23
216,222,0.37705198212105395,0x1.8219ea3068596p-2,7,10,18,22,26,27
217,222,-0.14596020658511677,-0x1.2aed2f4e67624p-3,6,9,20,23,24,28
218,222,0.4882975619312695,0x1.f40446acd868cp-2,12,15,19,22,24,26
219,222,0.13652022015699461,0x1.1797e9c6893d8p-3,1,3,13,15,22,23
220,222,-0.043252364626173434,-0x1.6252c871691f0p-5,0,3,15,16,19,23
221,222,0.10311368953346034,0x1.a65a8a450ec90p-4,14,16,19,21,26,28
222,222,-0.43644648039990075,-0x1.beebd37f16676p-2,0,5,9,10,25,27
223,222,0.058529267270814644,0x1.df78c5192f0a0p-5,7,10,15,17,24,27
224,222,0.4657362208572482,0x1.dce9f4b493fb8p-2,1,3,19,21,24,26
225,222,0.084830691990267493,0x1.5b776d7cb9560p-4,3,5,7,8,19,23
226,222,0.088436883823882706,0x1.6a3ccb3c8a260p-4,7,11,19,20,24,29
227,222,-0.38202902419900697,-0x1.87329dd43ae88p-2,2,5,12,13,25,28
228,222,0.22758531930033765,0x1.d218407b8eae0p-3,2,5,12,17,21,22
229,222,-0.16465830438860329,-0x1.51385f82e931cp-3,3,5,6,10,14,17
230,222,-0.2031094576380178,-0x1.9ff7d9f082384p-3,2,4,14,16,27,29
231,222,-0.34776202399576561,-0x1.641bba5f690aep-2,1,4,15,16,26,27
232,222,0.44260012753196409,0x1.c538f7c3d223ep-2,0,4,15,17,25,26
233,222,-0.43311670824932003,-0x1.bb82f24520c56p-2,1,3,14,16,24,26
234,222,0.23613253403418855,0x1.e3997439966b4p-3,1,5,8,9,13,16
235,222,-0.21785036061463392,-0x1.be28547217e0cp-3,6,11,15,16,25,26
236,222,-0.3663729622325328,-0x1.772a794bb5a0ep-2,2,5,12,15,19,20
237,222,0.25953344650522148,0x1.09c322c3d5160p-2,6,10,20,23,24,27
238,222,0.39139541172031733,0x1.90c9f57492a7cp-2,7,9,12,14,25,26
239,222,0.061096026837923589,0x1.f47fa7a5e6c50p-5,2,5,6,9,21,22
240,222,-0.0068918051287932824,-0x1.c3a94da379780p-8,1,4,9,11,19,20
241,222,-0.18369996969215141,-0x1.7837b090d4f44p-3,6,10,15,17,25,27
242,222,0.13527672071773911,0x1.150bf61b247c4p-3,2,5,15,17,24,25
243,222,0.27493252171244953,0x1.1987e9357276ap-2,3,4,19,22,26,29
244,222,0.38548054972098056,0x1.8abb69c92ecf8p-2,1,2,18,22,27,29
245,222,-0.26724304757909023,-0x1.11a82955be04ap-2,1,3,12,17,26,28
246,222,-0.17504065072135577,-0x1.667bb6728cdd8p-3,2,4,18,19,27,29
247,222,0.14767306120169066,0x1.2e6f36c2e4494p-3,8,10,13,17,21,22
248,222,-0.13757228781784459,-0x1.19bf7fe81bbbcp-3,1,3,16,17,24,28
249,222,0.44264936440271363,0x1.c545dffed1c20p-2,1,4,13,15,27,29
250,222,0.23264310168341318,0x1.dc73fc8af64c0p-3,2,4,7,11,20,21
251,222,0.35516691856738691,0x1.6bb0e06f78dacp-2,0,4,7,8,18,19
252,222,-0.083965448392608222,-0x1.57ec276d71930p-4,0,3,10,11,19,23
253,222,0.20187547135155581,0x1.9d70e31a8e5f0p-3,8,10,12,15,25,27
254,222,-0.037148525364450014,-0x1.30521ab11e390p-5,13,16,18,20,27,29
255,222,0.074524184300681195,0x1.3140456551ee0p-4,1,2,6,9,21,22
256,222,-0.36186631222419774,-0x1.728d15221bb42p-2,7,9,18,20,27,28
257,222,-0.27147412327820486,-0x1.15fd5004c2b9ep-2,4,5,8,9,18,23
258,222,0.27491566869750561,0x1.19837e38dae34p-2,8,10,12,13,28,29
259,222,0.036632980783910418,0x1.2c18edcd80230p-5,1,3,14,17,26,28
260,222,-0.37049864385141029,-0x1.7b63ff1a37756p-2,0,1,10,11,19,23
261,222,0.29640269443703193,0x1.2f84301c369d0p-2,7,8,18,20,25,28
262,222,-0.18343119345171877,-0x1.77aac60787f30p-3,4,5,6,9,21,22
263,222,0.2707689414760216,0x1.15447411a5f0ap-2,3,4,7,11,26,29
264,222,0.10270764775693886,0x1.a4b0c642a46a0p-4,8,9,13,17,18,20
265,222,0.12693564215197839,0x1.03f6d57dea824p-3,3,4,6,11,20,21
266,222,-0.21090575258985478,-0x1.afef5aef4b260p-3,6,11,13,16,18,21
267,222,-0.2292430533919092,-0x1.d57d61c93a3a8p-3,3,4,13,14,26,29
268,222,-0.030598577243689973,-0x1.f553bc2435b60p-6,4,5,6,8,13,15
269,222,0.19381123446590087,0x1.8cece78d07078p-3,4,5,18,23,25,26
270,222,-0.0016838304872484056,-0x1.b967f37fbbc00p-10,9,11,18,21,25,26
271,222,0.036635657375913455,0x1.2c1e8ac9811a0p-5,1,4,14,15,27,29
272,222,0.37803579957297007,0x1.831bd10f884fep-2,2,3,7,11,15,16
273,222,0.15249006240056062,0x1.384cb5b7cda24p-3,2,3,7,10,19,20
274,222,0.46347022894346224,0x1.da97f08fed5dcp-2,7,11,14,16,24,27
275,222,-0.26921723040012902,-0x1.13adae805a5e8p-2,9,10,12,13,20,22
276,222,0.3115178595102337,0x1.3efe89aadd91cp-2,0,4,15,17,20,22
277,222,0.40217361120348083,0x1.9bd3662dbb90cp-2,6,10,13,14,21,22
278,222,-0.26427251389553019,-0x1.0e9d7431a6eb8p-2,8,9,20,21,25,28
279,222,-0.33260885627711112,-0x1.54976a8047d72p-2,3,4,12,14,24,25
280,222,0.15259599085644993,0x1.38843f31d555cp-3,0,4,12,13,25,29
281,222,0.17558807907309015,0x1.679ab9097db70p-3,4,5,7,8,12,15
282,222,0.28774659835884397,0x1.26a70b55f2286p-2,2,3,12,15,20,23
283,222,-0.19949067944855237,-0x1.988e91c0b4f1cp-3,1,5,9,10,18,20
284,222,-0.38618268798003463,-0x1.8b73797c9f5b2p-2,0,1,13,16,20,21
285,222,0.45040036926570182,0x1.cd35c12068f92p-2,7,8,18,20,27,28
286,222,0.27967939833210687,0x1.1e6446b4ce304p-2,1,4,12,13,20,21
287,222,0.47877987854308779,0x1.ea4545c14d396p-2,2,5,13,15,24,25
288,222,0.14574724863765065,0x1.2a7d88930ba74p-3,7,8,18,19,27,28
289,222,-0.16310672501259915,-0x1.4e0ae60d7e85cp-3,2,4,13,16,24,25
290,222,-0.27755700715487075,-0x1.1c37e77205f28p-2,8,10,19,23,26,27
291,222,-0.19969710158225074,-0x1.98facb4336cc4p-3,3,5,15,16,24,26
292,222,0.24899155221066427,0x1.fdef486dccf68p-3,1,4,6,11,13,14
293,222,0.21067014264295902,0x1.af73d3e7294bcp-3,2,3,14,17,18,21
294,222,-0.27490000359306754,-0x1.197f62f468f7cp-2,3,4,7,8,12,15
295,222,0.092977995213525122,0x1.7cd67e8b09278p-4,7,8,16,17,27,28
296,222,0.12837344274981743,0x1.06e8a7d2487ccp-3,6,8,18,20,27,28
297,222,0.15043047280477417,0x1.3414e44825864p-3,1,2,20,21,28,29
298,222,-0.27154348406857165,-0x1.160f7ebe10ce6p-2,8,10,12,13,20,22
299,222,0.22054438350120131,0x1.c3acc613a2150p-3,1,5,12,14,24,27
300,222,-0.23368514618262526,-0x1.de96516352a58p-3,0,1,12,16,19,20
301,222,-0.28524913050458023,-0x1.2418591aeb1e6p-2,8,9,22,23,26,27
302,222,0.10424090615712589,0x1.aaf8832d9aab0p-4,6,11,18,20,27,28
303,222,0.082171469600364255,0x1.509307e990ae8p-4,9,10,18,23,26,27
304,222,-0.14117455277035662,-0x1.21201fb968ab4p-3,8,10,13,15,18,22
305,222,0.38827324885320413,0x1.8d9780a6f1d98p-2,4,5,6,7,18,21
306,222,-0.059016606103090674,-0x1.e376cb24472d0p-5,6,11,21,22,24,25
307,222,-0.017176021117566442,-0x1.1969743e6c300p-6,1,5,6,9,16,17
308,222,-0.24881594437377941,-0x1.fd9336be784b8p-3,3,4,7,8,24,26
309,222,-0.13539655875469192,-0x1.154aca7ebd1f0p-3,8,10,12,17,25,29
310,222,0.016449184322941846,0x1.0d80e12da0560p-6,3,5,6,8,13,16
311,222,0.30624610019535448,0x1.399893e377628p-2,6,9,16,17,19,21
312,222,-0.29425150286443591,-0x1.2d504416680a8p-2,6,11,20,23,25,28
313,222,0.10481298588613763,0x1.ad5061a93bae8p-4,1,5,9,10,19,22
314,222,-0.47176382447978948,-0x1.e3160e564e6b0p-2,8,9,20,21,24,28
315,222,-0.48790246822618621,-0x1.f39cb462ad356p-2,7,11,18,19,28,29
316,222,-0.084963736944216439,-0x1.5c02ef78577a0p-4,6,11,18,20,27,29
317,222,0.40604567788582968,0x1.9fca702ccea1cp-2,6,7,14,17,25,28
318,222,0.19449277766246686,0x1.8e523abaf2ad4p-3,2,5,14,17,24,28
319,222,0.35826153479647016,0x1.6edc1c9d76614p-2,6,11,22,23,24,25
320,222,0.41709907319747752,0x1.ab1c04fa4ce0cp-2,0,2,15,16,25,29
321,222,-0.39250097000474182,-0x1.91ebc637464a6p-2,0,4,13,16,27,29
322,222,0.4960484748287195,0x1.fbf421a27ae90p-2,4,5,14,15,24,25
323,222,-0.0024424571906370707,-0x1.40234382e6b00p-9,8,11,15,16,19,20
324,222,0.11548425875213097,0x1.d90605a8b0f70p-4,1,2,6,10,27,29
325,222,-0.16029933533391405,-0x1.484b0496a338cp-3,7,11,15,16,18,19
326,222,0.076184735846899221,0x1.380d7c4eab570p-4,1,4,14,16,18,21
327,222,-0.019199912913153261,-0x1.3a924583131c0p-6,4,5,6,8,24,26
328,222,0.0089414606974620447,0x1.24fe68a314b00p-7,7,9,18,22,25,26
329,222,-0.23232777263959647,-0x1.dbcea9cb84480p-3,8,11,18,19,26,28
330,222,-0.39275092596530581,-0x1.922d4c79fa942p-2,0,4,15,17,25,27
331,222,0.14668546042147113,0x1.2c696d3a78ab8p-3,1,2,9,11,20,21
332,222,-0.036674685073927571,-0x1.2c70639f79cd0p-5,2,5,7,10,19,21
333,222,0.4922414597837651,0x1.f80e252e06ba6p-2,7,11,20,23,24,28
334,222,-0.45258728757749922,-0x1.cf730abaec3e4p-2,4,5,14,15,26,27
335,222,0.18001901340625337,0x1.70adcef9e7838p-3,1,4,9,11,21,23
336,222,0.42590942878312854,0x1.b42199eeb9efap-2,10,11,12,14,26,29
337,222,0.43566103667094125,0x1.be1ded429295cp-2,3,5,6,7,20,21
338,222,0.0092795249732059437,0x1.30124c24238c0p-7,7,8,19,20,27,28
339,222,-0.22716466155154369,-0x1.d13bb4c15dc68p-3,8,11,12,15,24,29
340,222,0.23549065590735474,0x1.e248eccd15de4p-3,0,2,13,14,25,28
341,222,0.42599309203837177,0x1.b437887a81c42p-2,9,10,12,17,19,22
342,222,0.21463440437363379,0x1.b7923e1b0cb0cp-3,1,4,12,13,27,29
343,222,-0.14621325754263648,-0x1.2b71db3b19160p-3,3,5,7,10,24,26
344,222,0.23896953952964439,0x1.e968dca828f6cp-3,7,10,21,23,26,28
345,222,0.22383325105422647,0x1.ca69166848368p-3,7,10,20,21,25,28
346,222,0.057847970876780286,0x1.d9e3fce1c88e0p-5,7,10,12,15,25,26
347,222,0.10409400138727443,0x1.aa5e78bab0a10p-4,15,16,19,23,27,28
348,222,0.37937337341028743,0x1.847a741f14deap-2,3,5,6,10,19,20
349,222,0.13980075025738603,0x1.1e4fdb127e6fcp-3,15,16,20,23,24,28
350,222,-0.068906694583249939,-0x1.1a3de7fb5e490p-4,0,1,13,16,21,23
351,222,-0.36950287884077726,-0x1.7a5ef67198908p-2,7,11,12,15,19,22
352,222,-0.051377771330744393,-0x1.a4e2fef36bd60p-5,1,4,8,9,16,17
353,222,0.016003822200087559,0x1.0634e53d76c80p-6,2,4,12,13,25,29
354,222,-0.075948157970121999,-0x1.37156a6ac5150p-4,1,5,19,23,24,26
355,222,-0.46011759438008315,-0x1.d7291110b4e3ep-2,0,4,12,13,25,27
356,222,0.17186349232708553,0x1.5ff9f7775e934p-3,10,11,13,14,21,22
357,222,-0.036144333704033249,-0x1.28182966399e0p-5,14,16,18,21,28,29
358,222,-0.358324458497017,-0x1.6eec9b5a68092p-2,4,5,12,14,25,27
359,222,0.47163711592889057,0x1.e2f4d711fa35cp-2,0,4,7,9,18,19
360,222,0.093540465536854911,0x1.7f24498555a28p-4,7,9,12,16,25,28
361,222,-0.49501858770151752,-0x1.fae627145c49ep-2,12,15,19,23,24,26
362,222,0.1612922367097005,0x1.4a53958e22848p-3,1,3,13,15,24,28
363,222,0.2010977229942269,0x1.9bd91f7c7b6fcp-3,6,7,18,23,25,26
364,222,0.49626659836831899,0x1.fc2d4fa85b3c4p-2,1,3,14,17,21,22
365,222,0.4304407063636001,0x1.b8c572d2cb92ap-2,0,1,12,15,26,28
366,222,0.2155179780617491,0x1.b9617d5bcd540p-3,8,9,16,17,26,29
367,222,0.42494035543375763,0x1.b32390855abb4p-2,3,5,13,16,18,20
368,222,0.25016937735638067,0x1.002c66b8d34a4p-2,8,9,20,23,27,28
369,222,0.32282389609760531,0x1.4a9258f06d12cp-2,2,5,9,10,18,20
370,222,-0.2850006340971929,-0x1.23d734cb25964p-2,0,3,12,16,25,29
371,222,-0.32896975230722403,-0x1.50dd725e2188ap-2,8,10,15,17,18,19
372,222,0.45335253714903889,0x1.d03ba5c2747a2p-2,14,15,18,23,25,28
373,222,-0.47294346638286622,-0x1.e44b4ac3e298cp-2,9,11,12,16,24,27
374,222,-0.38357900106350418,-0x1.88c8ef04001a2p-2,4,5,6,9,18,22
375,222,-0.22346864184643134,-0x1.c9a9ed634bb18p-3,14,17,18,19,26,28
376,222,-0.15231050626567011,-0x1.37ee9219fc6dcp-3,6,7,16,17,18,21
377,222,0.085579818868541602,0x1.5e88f1b3cece8p-4,0,1,9,10,20,22
378,222,0.40338315217088416,0x1.9d107919534a8p-2,2,4,12,13,22,23
379,222,0.37001905203591956,0x1.7ae6463d9095ep-2,1,4,19,22,24,29
380,222,-0.09171642877958619,-0x1.77aba561d3e90p-4,7,10,12,14,26,28
381,222,-0.03044772551005781,-0x1.f2db045368fe0p-6,0,5,12,14,26,27
382,222,0.19935289382739285,0x1.9846547ad01a4p-3,9,10,18,22,25,26
383,222,0.33556184526930788,0x1.579d863cde4ccp-2,2,4,14,16,21,23
384,222,-0.22774646421863398,-0x1.d26cbcfcca120p-3,1,2,10,11,13,15
385,222,0.33483468334196842,0x1.56dee73a14c1cp-2,1,4,13,15,24,27
386,222,-0.41407070388421496,-0x1.a802268da8596p-2,12,16,21,23,24,26
387,222,-0.19487766960063968,-0x1.8f1c060d3e57cp-3,1,2,12,13,24,28
388,222,-0.49159807139311951,-0x1.f7657c1da3f6ep-2,7,8,19,20,24,27
389,222,0.32757561290870574,0x1.4f6ffb41a3e34p-2,10,11,13,14,28,29
390,222,0.4621419118229646,0x1.d93bbab58fec0p-2,2,5,12,16,24,25
391,222,-0.49915435079606496,-0x1.ff2251714d040p-2,6,9,13,14,21,23
392,222,-0.39009507128278886,-0x1.8f751515f622cp-2,2,4,6,11,27,29
393,222,0.33917922153524271,0x1.5b51cc3fe80b8p-2,0,2,15,17,19,22
394,222,-0.23514535848450968,-0x1.e193e3c3fa31cp-3,2,4,15,16,24,29
395,222,0.48067993632538264,0x1.ec375c79718acp-2,1,4,6,8,24,29
396,222,0.11259105507661404,0x1.cd2c473604e20p-4,8,9,19,23,24,26
397,222,-0.45583338262339823,-0x1.d2c5fc7b2b924p-2,7,11,20,22,25,27
398,222,0.40716690177570769,0x1.a0f05c3c8fad2p-2,4,5,13,15,20,22
399,222,-0.068829130576116615,-0x1.19ec930d62720p-4,8,11,13,16,18,23
400,222,0.3856166151437459,0x1.8adf14fb58af8p-2,2,3,15,16,25,28
401,222,-0.015885582865122871,-0x1.0444f6b88cea0p-6,0,2,9,10,19,21
402,222,-0.08595107843062022,-0x1.600e3ceea5a98p-4,9,10,12,14,27,28
403,222,0.38517299102623281,0x1.8a6ac9df0a6a6p-2,0,5,22,23,25,27
404,222,0.3536705662205899,0x1.6a289dede6a44p-2,13,14,22,23,24,27
405,222,0.0062049238360719627,0x1.96a558f339c00p-8,6,9,14,17,24,27
406,222,-0.38402327529620739,-0x1.893d65c133374p-2,0,4,9,11,18,22
407,222,0.49587263489252409,0x1.fbc6093761036p-2,1,3,8,11,12,13
408,222,0.26974090584202481,0x1.1436f5c3f08ccp-2,1,4,12,14,21,23
409,222,0.00068621105172694818,0x1.67c5b033db800p-11,1,3,12,14,22,23
410,222,-0.40147904873637719,-0x1.9b1d52e168606p-2,0,2,14,15,22,23
411,222,0.13873841944428167,0x1.1c22e371b2034p-3,13,15,22,23,25,27
412,222,-0.22849289735362122,-0x1.d3f4158c0446cp-3,0,5,9,10,12,17
413,222,0.40298231663712325,0x1.9ca7657b4a81ep-2,2,4,12,14,19,21
414,222,-0.07872569179817468,-0x1.4275defa0cd80p-4,4,5,6,8,15,17
415,222,0.0069016785764502986,0x1.c44ef3c5fac80p-8,9,10,21,23,24,28
416,222,-0.4293107800050785,-0x1.b79d3ebfc4ac2p-2,6,8,22,23,25,27
417,222,-0.14891588983567383,-0x1.30fad06597774p-3,15,17,18,22,26,29
418,222,0.39384373458288291,0x1.934bc59f126b0p-2,0,2,9,10,19,20
419,222,-0.33813093538542183,-0x1.5a3efef4fc2fcp-2,2,3,12,15,19,20
420,222,-0.32442187721384164,-0x1.4c353fa2f6258p-2,0,5,12,14,22,23
421,222,-0.17122100736609447,-0x1.5ea91e9834540p-3,3,5,8,10,18,21
422,222,0.15097900163280853,0x1.35347a932a470p-3,3,5,12,15,19,22
423,222,-0.31833156668114881,-0x1.45f8b5d0b84c0p-2,1,2,9,11,24,27
424,222,-0.13901603092964232,-0x1.1cb46fd3b3474p-3,2,3,7,11,24,28
425,222,0.32907343164048886,0x1.50f8a02b83790p-2,12,14,22,23,24,26
426,222,-0.07446036820412294,-0x1.30fd5ae48ea60p-4,8,11,15,16,26,28
427,222,-0.35519161537114763,-0x1.6bb759cf54784p-2,1,5,6,9,26,28
428,222,0.06421759969144103,0x1.070908a809a98p-4,0,4,16,17,25,26
429,222,-0.45337143184859308,-0x1.d04099c2ebee0p-2,0,4,7,9,25,27
430,222,0.12420448625451874,0x1.fcbdd7e7ac9a8p-4,6,7,18,21,25,26
431,222,-0.35060075214235864,-0x1.6703e2319e238p-2,1,5,8,9,19,20
432,222,-0.27696242433304885,-0x1.1b9c09aaecdf0p-2,0,1,9,11,22,23
433,222,-0.074919977439858121,-0x1.32df4a4ebd6f0p-4,7,9,16,17,18,19
434,222,0.41187164891955863,0x1.a5c1ae7909510p-2,8,10,12,13,25,26
435,222,-0.33658422587822945,-0x1.58a98909fc634p-2,0,4,13,17,21,22
436,222,-0.49204213133849772,-0x1.f7d9e4796974cp-2,2,5,13,17,24,28
437,222,-0.19834277389119648,-0x1.9634bc7a15bb8p-3,3,4,12,15,24,29
438,222,0.073932025095227893,0x1.2ed358de93ae8p-4,8,9,12,16,24,25
439,222,-0.4880623647246779,-0x1.f3c69edb9a89ap-2,0,4,7,8,26,27
440,222,-0.024594019954149227,-0x1.92f2cbd855e40p-6,2,4,6,11,13,16
441,222,0.35225077152019613,0x1.68b46d1eae174p-2,1,4,9,11,19,22
442,222,0.1905633462832157,0x1.86461360d2668p-3,7,11,19,23,26,27
443,222,0.16348047237861274,0x1.4eced99334c88p-3,0,1,8,10,20,22
444,222,0.0091345020550883671,0x1.2b51c1cbc1b80p-7,7,10,18,23,25,27
445,222,-0.25064500335172513,-0x1.00a9157134b48p-2,16,17,18,20,25,28
446,222,-0.011200344234278514,-0x1.6f034c1857700p-7,2,4,14,15,18,22
447,222,-0.45072167178403288,-0x1.cd89fb5fa4ba6p-2,0,5,7,8,16,17
448,222,-0.27213078480524766,-0x1.16a973d3e4b68p-2,2,4,6,11,20,23
449,222,0.43777367465725503,0x1.c047bdfecf84ap-2,2,3,15,17,25,28
450,222,0.31421568758312912,0x1.41c1c1d83d202p-2,0,4,12,13,22,23
451,222,0.06912902696631873,0x1.1b2709e064ee0p-4,2,3,18,21,28,29
452,222,0.43428899590124015,0x1.bcb64129a24f0p-2,12,13,20,21,24,25
453,222,-0.019458283364320872,-0x1.3ecdf4abe8640p-6,1,3,6,8,20,22
454,222,0.46784528870223785,0x1.df12d5da41522p-2,3,5,20,21,25,28
455,222,-0.1626518739062105,-0x1.4d1c6cf87b794p-3,0,1,8,11,20,21
456,222,0.26753899222705868,0x1.11f5bdd8147eep-2,2,5,20,22,24,25
457,222,-0.16721352643133258,-0x1.56740b9bc5700p-3,6,10,20,22,27,29
458,222,0.093058759943113523,0x1.7d2b2ea8fde68p-4,0,2,19,22,27,29
459,222,-0.38619486531419345,-0x1.8b76aab1a15e2p-2,2,5,6,10,18,23
460,222,0.41586929914109216,0x1.a9d9a43ce2bf0p-2,3,4,6,8,20,23
461,222,0.05974267058057503,0x1.e969760a37780p-5,0,1,10,11,27,29
462,222,-0.47230213236290786,-0x1.e3a32b9151aaap-2,10,11,19,21,26,28
463,222,0.17413858635209489,0x1.64a2c56ad4d3cp-3,2,4,9,11,13,16
464,222,-0.39158894575906089,-0x1.90fcb14e0a880p-2,6,7,21,22,25,26
465,222,-0.46475960732910193,-0x1.dbe9f147ebd26p-2,2,4,12,15,19,23
466,222,-0.32624579662931585,-0x1.4e1360cbebe86p-2,1,4,13,17,18,22
467,222,-0.34834905984700326,-0x1.64b59dae8a78ap-2,2,3,6,11,14,15
468,222,-0.10940360706897245,-0x1.c01dff26cf8c8p-4,2,3,7,10,18,20
469,222,0.28442077888638129,0x1.233f335e7abb4p-2,6,7,19,20,24,29
470,222,0.35349423521873402,0x1.69fa648e5b214p-2,15,16,19,20,24,28
471,222,0.25667186010210652,0x1.06d4fcf3c4a4cp-2,0,2,7,10,25,28
472,222,0.23610140655039025,0x1.e389225d6361cp-3,3,4,12,13,24,25
473,222,-0.098037241718831103,-0x1.918f7faf8f0f0p-4,6,9,14,17,24,25
474,222,-0.25196101177306629,-0x1.02021145bac4ap-2,3,5,12,14,21,23
475,222,-0.067444688914644946,-0x1.1440e1d2d6320p-4,2,3,12,17,19,21
476,222,0.35532373973368014,0x1.6bd9fc8698234p-2,8,11,12,13,20,23
477,222,-0.49267859405551062,-0x1.f880bcc3a1766p-2,3,4,12,14,25,26
478,222,0.3271067630448119,0x1.4ef513464fc20p-2,8,11,12,13,21,23
479,222,-0.17506174571147359,-0x1.6686c5c4e43e8p-3,9,11,12,13,24,28
480,222,-0.43780393921117899,-0x1.c04fad03e3504p-2,0,4,7,11,12,14
481,222,0.48690065836718444,0x1.f29616105a094p-2,3,5,12,13,20,23
482,222,-0.23802248113438917,-0x1.e77854a17ad60p-3,0,1,13,16,20,23
483,222,-0.16643490358621471,-0x1.54dbd29e86908p-3,1,2,10,11,18,19
484,222,-0.075352340695557962,-0x1.34a4a7ef6e798p-4,10,11,21,23,24,25
485,222,0.1001342640371935,0x1.9a2662d3fafb8p-4,6,7,14,15,25,26
486,222,0.312879538604656,0x1.40637e6794096p-2,0,5,8,10,19,21
487,222,-0.24037899739854596,-0x1.ec4bd2e3c6b48p-3,8,11,12,15,28,29
488,222,0.2580954877889633,0x1.084a2efd31ef6p-2,1,3,14,17,26,29
489,222,0.2188073095942803,0x1.c01e0bf6aa5acp-3,6,7,14,15,19,23
490,222,0.05644416431812227,0x1.ce63fdf97bfd0p-5,0,4,7,11,19,22
491,222,0.47124894691722008,0x1.e28f157d22b6cp-2,2,3,7,10,12,15
492,222,-0.26328949639369392,-0x1.0d9bc301909d6p-2,14,17,18,19,26,29
493,222,0.30601088531010467,0x1.395aeae281f3cp-2,1,5,15,16,24,27
494,222,0.39126112922508371,0x1.90a6c1e8defdap-2,7,10,14,17,24,29
495,222,0.22672237554363106,0x1.d053d221d9c14p-3,1,5,6,8,13,15
496,222,-0.077698169141175999,-0x1.3e406f76ba120p-4,6,11,20,23,24,27
497,222,-0.37703768792019732,-0x1.82162aebe8248p-2,0,1,19,20,27,28
498,222,-0.11410935494005769,-0x1.d36454ba29cb8p-4,6,10,15,17,26,27
499,222,-0.37949363708021744,-0x1.8499fae132d16p-2,7,9,18,23,25,26
500,222,-0.25660618283166237,-0x1.06c3c56cda820p-2,4,5,7,9,18,21
501,222,0.051959987318281442,0x1.a9a7fdc771680p-5,6,9,13,14,24,28
502,222,0.19097144930965448,0x1.871c0a0a0999cp-3,9,10,19,23,24,27
503,222,0.25102696624107856,0x1.010d3689ad98ep-2,13,16,21,23,25,28
504,222,-0.4787269206460909,-0x1.ea3763cf8f1a0p-2,7,11,21,22,25,29
505,222,-0.48173588347233409,-0x1.ed4c2be34b1a2p-2,4,5,6,8,21,23
506,222,0.38216624253385012,0x1.8756966545b98p-2,3,4,12,16,21,23
507,222,0.438440650483366,0x1.c0f695fc40894p-2,1,5,13,15,20,23
508,222,-0.15087330340822447,-0x1.34fd0fffd28dcp-3,3,4,12,14,19,21
509,222,-0.44560833898068919,-0x1.c84d8d6afcde6p-2,1,5,6,10,15,17
510,222,0.12124678804067945,0x1.f0a078d613818p-4,0,2,14,15,18,19
511,222,-0.26548440787386063,-0x1.0fdb2505aa24ep-2,6,8,13,16,26,27
512,222,0.45056451523075391,0x1.cd60c8c69de1ep-2,7,8,12,17,21,22
513,222,-0.10347399228365639,-0x1.a7d4584d848c8p-4,6,11,18,20,25,28
514,222,0.27799862558017086,0x1.1cababf4cc93ep-2,13,15,18,23,25,27
515,222,0.043065194407388541,0x1.60ca42326b720p-5,1,5,12,13,22,23
516,222,-0.32359301794734496,-0x1.4b5bf7d530ef4p-2,7,8,16,17,18,21
517,222,0.11638659025535347,0x1.dcb82f6d6f648p-4,9,10,21,22,25,26
518,222,0.41138922261137612,0x1.a54337642bbfep-2,1,4,12,13,22,23
519,222,-0.21677916240731265,-0x1.bbf6b6a7f30ecp-3,2,3,18,21,25,29
520,222,-0.11248016473422273,-0x1.ccb8004fb7018p-4,0,1,8,10,15,17
521,222,0.44305309423203776,0x1.c5afb5d8790bap-2,0,4,14,17,26,29
522,222,0.37834929110768611,0x1.836dff1f16d4ap-2,6,11,14,15,27,28
523,222,0.46350957688902672,0x1.daa241287c134p-2,0,3,12,15,25,28
524,222,0.13957663113180385,0x1.1dda5a4ff9c28p-3,14,17,21,22,24,26
525,222,-0.12615788489096513,-0x1.025f10ade9f04p-3,8,9,16,17,24,29
526,222,0.49550580746570483,0x1.fb65dfd82c504p-2,9,10,22,23,24,27
527,222,-0.17916427545117697,-0x1.6eedadfd650ccp-3,0,5,13,14,26,27
528,222,-0.043799175545395808,-0x1.66cd8751e5470p-5,3,4,6,11,25,26
529,222,-0.38151553674133709,-0x1.86ac0244e1352p-2,0,5,15,16,26,28
530,222,-0.020325431731720189,-0x1.4d030a2425fe0p-6,2,3,7,11,21,22
531,222,-0.4797655357158892,-0x1.eb47a81697354p-2,12,14,19,21,24,26
532,222,0.40196979186672721,0x1.9b9df81830a92p-2,2,3,12,14,24,25
533,222,-0.2150199809263823,-0x1.b85c655085d94p-3,2,4,12,14,24,27
534,222,-0.038440041569193339,-0x1.3ae69c2cb0ab0p-5,3,5,12,15,22,23
535,222,-0.041118443295499296,-0x1.50d7a026ee630p-5,0,2,13,16,27,28
536,222,-0.46321168100312693,-0x1.da5429b4226bep-2,2,5,12,15,24,25
537,222,-0.32473957929613839,-0x1.4c8888432cc32p-2,6,8,13,16,26,28
538,222,0.14995736121961489,0x1.331cd851dc944p-3,3,5,15,17,18,19
539,222,-0.41461071857184106,-0x1.a88fb65359354p-2,2,4,6,11,13,15
540,222,-0.059529165929482097,-0x1.e7a9b59a68b80p-5,9,10,21,23,25,28
541,222,-0.27200347342529818,-0x1.1688141b0a4d6p-2,2,4,20,23,24,25
542,222,-0.10309787130583559,-0x1.a649f418bb848p-4,0,2,20,21,25,28
543,222,0.26181216654452966,0x1.0c187d1403bf8p-2,1,5,9,10,22,23
544,222,-0.1206150894323631,-0x1.ee0a168842018p-4,0,5,12,17,19,21
545,222,-0.35952644224020058,-0x1.7027b31de025ep-2,1,5,6,8,21,22
546,222,-0.48900977904773313,-0x1.f4befac1bc9eep-2,2,4,13,15,22,23
547,222,-0.42250564679492708,-0x1.b0a551fd702b0p-2,7,9,12,17,24,29
548,222,-0.14256237744522549,-0x1.23f7be662354cp-3,0,5,8,9,19,22
549,222,-0.057688601844035681,-0x1.d895c448b5080p-5,8,9,18,20,25,28
550,222,0.30095575084755122,0x1.342dbe8dbbc1ep-2,2,5,18,20,25,28
551,222,-0.12470667629981169,-0x1.fecc6d84cf0d0p-4,10,11,12,13,20,21
552,222,0.28799880646793996,0x1.26e928bc44708p-2,6,8,13,16,20,23
553,222,-0.047239066949232189,-0x1.82fb80f47f080p-5,1,5,8,10,24,27
554,222,0.40184953433637094,0x1.9b7e71bf8cd7ep-2,12,14,19,21,26,29
555,222,-0.3823672856039656,-0x1.878b4a2aead3ep-2,1,3,10,11,20,23
556,222,0.45685431977362734,0x1.d3d19e69db316p-2,0,3,7,8,15,16
557,222,-0.42818338476810835,-0x1.b675b4891414ap-2,1,4,14,15,26,29
558,222,-0.28579227200910839,-0x1.24a6bab6ea250p-2,3,4,6,8,21,23
559,222,-0.26070261263472916,-0x1.0af5a02cfdde4p-2,0,5,8,9,20,23
560,222,-0.38113127375041433,-0x1.864746d0f6a22p-2,3,4,14,16,18,23
561,222,0.37239655471301636,0x1.7d5585be8abb4p-2,3,5,16,17,18,19
562,222,0.49140952603602006,0x1.f7340f0d11fd0p-2,12,14,19,22,24,26
563,222,0.31104012881566756,0x1.3e814db40715ep-2,10,11,20,21,24,28
564,222,0.43499106564127099,0x1.bd6e4c43ed00cp-2,1,5,15,16,18,23
565,222,-0.4348008545933808,-0x1.bd3c6f6b0174cp-2,0,3,10,11,28,29
566,222,-0.16336341674775756,-0x1.4e917aa25b020p-3,2,3,14,15,24,29
567,222,-0.29433528617445692,-0x1.2d663ab0b65e2p-2,1,2,6,11,19,21
568,222,0.0075473249952824339,0x1.ee9f1a06eae00p-8,1,2,10,11,18,23
569,222,-0.40669257523974589,-0x1.a07404b8b910cp-2,1,2,9,11,24,28
570,222,0.12100960953445161,0x1.efa7c5b73c358p-4,9,10,19,22,24,27
571,222,-0.23571117549406162,-0x1.e2bc8a7063c2cp-3,8,11,12,15,26,27
572,222,-0.32205725042064548,-0x1.49c96037fc446p-2,6,10,14,15,18,22
573,222,-0.28184187330936861,-0x1.209b27f20748cp-2,8,9,19,23,26,28
574,222,-0.39913447303788252,-0x1.98b6b5119d97cp-2,8,9,18,23,26,27
575,222,0.14548591401711997,0x1.29f484d5db8acp-3,0,4,8,9,19,23
576,222,0.048828375547745773,0x1.90008683051d0p-5,6,8,16,17,18,19
577,222,-0.48423938900264496,-0x1.efdc734cce372p-2,2,4,16,17,18,21
578,222,-0.47568644308214003,-0x1.e71a58d0c0e0ap-2,6,11,14,16,18,19
579,222,0.49551319485722356,0x1.fb67cf9a97cf0p-2,0,5,13,14,18,22
580,222,-0.086326774678294749,-0x1.61982f2032f10p-4,8,9,18,21,25,29
581,222,-0.028607482414122476,-0x1.d4b47a58ee680p-6,8,10,22,23,25,27
582,222,-0.051850757558110638,-0x1.a8c2eb7f84620p-5,1,5,8,10,22,23
583,222,0.017938929702734474,0x1.25e9531980d20p-6,0,3,14,17,28,29
584,222,0.34751377442830467,0x1.63daa6a050fcep-2,0,4,16,17,27,29
585,222,-0.31399149876878263,-0x1.4186fcc9bc5c4p-2,3,5,7,10,18,20
586,222,-0.30145416012721316,-0x1.34b0663bf546cp-2,6,9,13,16,24,26
587,222,0.42125467802674865,0x1.af5d62e5a5c7ep-2,0,3,12,15,25,26
588,222,0.19204165916171678,0x1.894d232c8d9fcp-3,1,2,20,22,24,27
589,222,-0.32039844545142959,-0x1.481687b39cce2p-2,2,5,12,14,25,28
590,222,0.48282219661733461,0x1.ee68f12104702p-2,2,5,14,17,25,27
591,222,0.27787837433294083,0x1.1c8c26081a3dep-2,0,3,12,14,19,21
592,222,-0.049523026173430296,-0x1.95b1503a0af00p-5,6,9,14,16,24,27
593,222,-0.15016130136560024,-0x1.3387c4b3eba10p-3,4,5,7,8,18,19
594,222,-0.40449698352245866,-0x1.9e34750e3d0aap-2,0,3,15,17,28,29
595,222,-0.43315547511510244,-0x1.bb8d1bdecf926p-2,0,5,7,10,18,21
596,222,0.4685938848561898,0x1.dfd7134a406f6p-2,1,3,6,8,18,20
597,222,0.48713689265359172,0x1.f2d4037a7d2c4p-2,7,10,18,20,25,29
598,222,0.13228171302669489,0x1.0ee9b6fa77d50p-3,7,8,19,23,24,26
599,222,-0.46604878392208493,-0x1.dd3be47524c9ap-2,2,5,6,10,22,23
600,222,0.47621562598987899,0x1.e7a511ade1feap-2,8,10,12,17,27,29
601,222,-0.48428135079226797,-0x1.efe7734edcaaap-2,7,10,12,14,21,22
602,222,0.24150671958010073,0x1.ee9b1332e2de4p-3,2,4,21,22,24,29
603,222,0.21205324655565827,0x1.b248f8f7bcc74p-3,2,3,6,11,20,22
604,222,0.39263398731244525,0x1.920ea4db385a2p-2,0,2,7,9,25,29
605,222,0.17942324505918827,0x1.6f75744d5f0acp-3,4,5,6,7,18,23
606,222,-0.1230996026745439,-0x1.f83749fa34440p-4,0,1,12,16,28,29
607,222,0.33792473776048426,0x1.5a08f144c33b6p-2,2,4,12,13,21,22
608,222,0.32893027054535895,0x1.50d318caa082cp-2,3,4,6,8,18,22
609,222,0.37064038766711993,0x1.7b89275e6d9c6p-2,1,4,6,8,27,29
610,222,0.059650497555031823,0x1.e8a829060c340p-5,9,11,21,23,25,26
611,222,-0.16818671009506514,-0x1.5872461bd7528p-3,0,4,8,9,18,23
612,222,0.37900927557208186,0x1.841b01edd9d96p-2,13,14,21,23,25,28
613,222,0.47590820844753534,0x1.e7547b3cb8702p-2,12,14,21,22,24,25
614,222,-0.48251173447062023,-0x1.ee178e5df3404p-2,9,10,13,17,25,27
615,222,-0.33284101645953423,-0x1.54d44681d829ep-2,2,5,13,16,24,27
616,222,-0.062250538393494703,-0x1.fdf4d751ded70p-5,2,4,7,11,18,20
617,222,0.42638041320603381,0x1.b49d11297fe10p-2,6,11,18,22,25,29
618,222,0.35754263591184665,0x1.6e1fa820ab066p-2,8,10,19,21,28,29
619,222,-0.052588848074861638,-0x1.aececed3b4fd0p-5,2,5,12,16,25,28
620,222,0.26844648807930938,0x1.12e3a2dc1b540p-2,3,5,13,14,24,26
621,222,0.34591980036668457,0x1.6238ccd6747d4p-2,10,11,12,15,25,26
622,222,0.23090103192357569,0x1.d8e2a3e5cb974p-3,1,5,6,8,19,23
623,222,0.23656375670861063,0x1.e47b89f3dbebcp-3,6,7,15,16,27,29
624,222,0.067758468210993072,0x1.1589e74fe4700p-4,1,2,12,15,19,23
625,222,0.066666773688775938,0x1.11112dcb91ec8p-4,10,11,12,14,25,28
626,222,-0.23058248314532448,-0x1.d83ba1011dfb8p-3,13,17,18,20,27,29
627,222,-0.049768205979373925,-0x1.97b37e21fbed0p-5,0,4,19,21,26,29
628,222,0.3394126056166239,0x1.5b8efa63e4e92p-2,1,3,16,17,19,21
629,222,-0.070859300937723524,-0x1.223d5cc251b18p-4,8,9,13,16,26,27
630,222,0.095753099181260626,0x1.883466d796278p-4,1,5,12,16,20,21
631,222,0.36535687544471707,0x1.76201cdd9d7f2p-2,10,11,18,21,28,29
632,222,-0.19131492344416368,-0x1.87d01e5b6f774p-3,9,11,14,16,24,26
633,222,0.15872237501447417,0x1.45103c8ea5190p-3,0,3,10,11,18,20
634,222,-0.095768066734329471,-0x1.884418aa005f0p-4,1,3,6,10,18,20
635,222,-0.087443537090386769,-0x1.662b31c0cbe00p-4,1,3,21,22,26,29
636,222,0.026204410876502271,0x1.ad5543ee6efc0p-6,7,10,12,14,19,21
637,222,0.10935863259643297,0x1.bfeed66897628p-4,3,5,6,7,19,20
638,222,-0.30956237216231663,-0x1.3cfdeb22098e0p-2,0,5,7,10,25,26
639,222,-0.44447529557257492,-0x1.c724882974e1ep-2,8,9,20,22,24,29
640,222,0.060997795007286748,0x1.f3b1a5d5e6ad0p-5,2,3,16,17,20,21
641,222,0.22446352299691363,0x1.cbb3881355608p-3,0,3,12,13,20,23
642,222,-0.075728403071340988,-0x1.362efc691d8e0p-4,2,4,6,7,19,23
643,222,0.23435528660996163,0x1.dff5aa1d13708p-3,4,5,20,23,24,25
644,222,0.4495355094039829,0x1.cc53095d1f8bep-2,7,11,14,16,18,19
645,222,-0.27252802561326561,-0x1.17119635027c0p-2,0,2,18,22,25,27
646,222,0.47539663034295399,0x1.e6ce5fcfce6d4p-2,6,7,18,22,27,29
647,222,-0.18353477928575135,-0x1.77e11515afe20p-3,1,2,6,9,18,21
648,222,-0.15567482491387696,-0x1.3ed2714e8667cp-3,7,10,21,22,24,29
649,222,0.40043337782838528,0x1.9a0b3517ffb84p-2,7,8,20,22,24,29
650,222,0.25055166402449125,0x1.00909d8bc6372p-2,2,4,14,16,25,29
651,222,0.37923141416841377,0x1.84553d65e06dap-2,8,11,20,22,24,27
652,222,0.23502216635930562,0x1.e1534d32c94bcp-3,8,10,19,23,24,26
653,222,0.43280570515470196,0x1.bb316b34a58b2p-2,7,11,15,16,20,23
654,222,0.43268455291792107,0x1.bb11a8d11141cp-2,2,5,15,16,18,20
655,222,0.099465533208109025,0x1.97692bc354178p-4,6,10,13,14,21,23
656,222,0.12867370665182631,0x1.0786148f65c4cp-3,2,5,6,10,19,23
657,222,0.15341864472652922,0x1.3a338ded93a1cp-3,0,1,8,9,16,17
658,222,0.062778271634104543,0x1.0123c9f9160d0p-4,6,7,15,16,26,28
659,222,0.32826486595422022,0x1.5024aa3ecbfb0p-2,13,16,20,21,28,29
660,222,0.29211429543595857,0x1.2b2002865db88p-2,0,2,7,10,14,15
661,222,0.014578214766924003,0x1.ddb2edd439700p-7,7,9,19,20,28,29
662,222,0.35514890403797106,0x1.6bac2780369bap-2,1,5,19,21,24,28
663,222,0.082161433308921894,0x1.508881d0de6e8p-4,1,4,6,11,24,27
664,222,0.23697621877418573,0x1.e553c9ac84da0p-3,0,2,9,11,18,19
665,222,0.4600205242007912,0x1.d70f9ecbb985ep-2,6,8,22,23,26,27
666,222,0.37952323264140464,0x1.84a1bd0111710p-2,1,3,21,22,24,29
667,222,0.064204446950882788,0x1.06fb3dfe96c48p-4,2,5,18,23,27,28
668,222,0.078492802752980984,0x1.4181ab4cba170p-4,10,11,12,14,24,25
669,222,0.078324712396939944,0x1.40d169e36a580p-4,0,3,13,16,21,23
670,222,-0.32371903125708934,-0x1.4b7d00715e356p-2,0,3,8,10,20,21
671,222,-0.17386099171757563,-0x1.64113b4bd1214p-3,1,4,14,15,24,29
672,222,0.17352372667614491,0x1.636068593b910p-3,2,5,6,10,15,17
673,222,-0.46882187967728051,-0x1.e012d7c373e20p-2,0,2,7,10,19,22
674,222,-0.40053874491845476,-0x1.9a26d428d295cp-2,0,5,19,23,26,28
675,222,0.26784318235756066,0x1.12457bb2baa98p-2,1,5,19,22,24,26
676,222,-0.43645477963498147,-0x1.beee0072dc4bap-2,0,2,7,9,20,21
677,222,-0.28961993127459884,-0x1.28922094606e0p-2,0,1,12,13,20,23
678,222,-0.19830316069807963,-0x1.961ff7af222b8p-3,2,4,12,15,24,27
679,222,0.071994726312019086,0x1.26e3f12fe9da0p-4,1,5,14,16,21,23
680,222,0.32617333965300965,0x1.4e00624a8c0f2p-2,9,11,13,14,24,28
681,222,-0.17044765270849804,-0x1.5d13a8b080f3cp-3,12,13,21,23,25,28
682,222,0.19475667351105086,0x1.8edc963b42ff0p-3,3,4,6,8,13,15
683,222,-0.46533727025934923,-0x1.dc815f957eca4p-2,7,9,12,14,24,27
684,222,-0.28067784355552583,-0x1.1f6a033b21932p-2,6,7,16,17,27,29
685,222,0.11532478223309728,0x1.d85ecc81c0688p-4,0,4,8,9,19,20
686,222,0.37729429768904887,0x1.82596fb62ac16p-2,1,4,6,11,24,26
687,222,-0.027689835207112656,-0x1.c5ab96295afc0p-6,12,16,20,23,25,28
688,222,-0.30181015507410658,-0x1.350db8a6936e8p-2,13,17,21,22,24,25
689,222,-0.39501084284402399,-0x1.947db8ee52690p-2,0,3,13,16,25,26
690,222,-0.00068574331818227474,-0x1.6786e90016c00p-11,2,5,7,9,18,21
691,222,0.29960616639173498,0x1.32cbf579546a2p-2,6,11,20,21,24,25
692,222,-0.18158584681728507,-0x1.73e347cbf9408p-3,6,8,19,23,24,28
693,222,-0.36932413591976876,-0x1.7a301b3598704p-2,4,5,15,17,25,27
694,222,-0.44518918440870203,-0x1.c7dfac6e45ed6p-2,9,11,12,16,24,26
695,222,-0.068640607700919842,-0x1.1926e4d40c5b0p-4,0,2,12,17,19,22
696,222,-0.40607361297583267,-0x1.9fd1c2ddffc1cp-2,12,13,20,23,24,28
697,222,-0.16171241576948847,-0x1.4b2fe108b2658p-3,16,17,19,21,28,29
698,222,0.18325722384043885,0x1.774f903934180p-3,1,3,22,23,24,26
699,222,0.21763350839363127,0x1.bdb6a30883ddcp-3,0,4,20,22,25,29
700,222,0.059871180077836206,0x1.ea76f70d080e0p-5,0,2,7,11,21,23
701,222,-0.13918360814978581,-0x1.1d0c4ba924104p-3,0,4,8,9,26,27
702,222,0.13438252582190113,0x1.1337254c78b60p-3,10,11,12,14,22,23
703,222,-0.32834115378467565,-0x1.5038a9d5be8e0p-2,2,3,12,15,19,22
704,222,-0.0084202641328757766,-0x1.13ea4b8985640p-7,7,9,19,21,24,28
705,222,-0.16435922232459932,-0x1.509b916570f10p-3,8,10,13,17,18,21
706,222,0.47416795707888659,0x1.e58c48f1dc1bcp-2,6,10,13,15,26,27
707,222,0.11941446881326512,0x1.e91f25638e128p-4,6,9,16,17,24,29
708,222,-0.16703843294788545,-0x1.56183ef57d744p-3,2,3,6,11,14,16
709,222,0.2526953617964206,0x1.02c292ab10e92p-2,0,3,8,11,25,29
710,222,-0.16311740993502555,-0x1.4e108028a21ecp-3,8,9,12,17,27,28
711,222,-0.34482942130295879,-0x1.611af6bcc77d4p-2,13,15,20,23,25,27
712,222,-0.2296182567050451,-0x1.d64218b8e6d00p-3,6,7,15,16,24,27
713,222,0.04619653476635377,0x1.7a7127c0520e0p-5,2,3,7,11,18,19
714,222,-0.18809672846472125,-0x1.8138db89ecb00p-3,0,5,9,10,19,22
715,222,-0.15797497077815437,-0x1.438861a8a13c8p-3,0,4,13,15,25,29
716,222,0.4296235080744546,0x1.b7ef3993171dcp-2,9,10,18,21,25,28
717,222,-0.16441878134632593,-0x1.50bacb45d85c4p-3,2,4,18,22,25,27
718,222,0.1794909041669569,0x1.6f98ed5a9cc64p-3,8,10,20,21,28,29
719,222,0.062912551096086289,0x1.01b09757732d8p-4,13,14,21,23,24,26
720,222,0.0087962423608395346,0x1.203c3aa23d4c0p-7,2,3,13,14,21,22
721,222,0.37848398468592059,0x1.83914e4124a72p-2,4,5,13,17,24,25
722,222,-0.27921471982760449,-0x1.1dea76a8e2ad4p-2,0,5,12,17,25,26
723,222,-0.072583810918537717,-0x1.294da461d3a10p-4,8,9,12,17,28,29
724,222,0.26321355592161466,0x1.0d87daba3055cp-2,3,5,16,17,24,28
725,222,0.46042888998716813,0x1.d77aabc2838d6p-2,1,4,6,11,19,20
726,222,0.1849800414955336,0x1.7ad6d0e5169c0p-3,6,7,14,15,18,19
727,222,-0.21328051811873461,-0x1.b4cc6a918d1bcp-3,9,11,20,23,24,27
728,222,0.43714717109310341,0x1.bfa3820d8901cp-2,7,10,15,17,19,20
729,222,-0.07967231482922088,-0x1.46567a2968f00p-4,6,10,20,21,25,29
730,222,0.13694749066930223,0x1.1877ed0d8d250p-3,2,4,12,17,20,21
731,222,0.28643478960053603,0x1.254f295715722p-2,12,17,21,22,24,25
732,222,-0.32614940130483172,-0x1.4dfa1bd0db5fap-2,1,3,13,15,20,22
733,222,-0.33424718915024931,-0x1.5644e528b892ap-2,3,5,6,8,19,20
734,222,0.14074518936109037,0x1.203f038b006e4p-3,0,5,7,9,18,20
735,222,-0.49924783185617061,-0x1.ff3ad2d9af448p-2,0,5,12,16,25,27
736,222,-0.49084109141610932,-0x1.f69f0c0ca9196p-2,2,3,16,17,25,29
737,222,0.046253605527395658,0x1.7ae8d761fdf20p-5,0,1,9,11,19,22
738,222,-0.069541117758476156,-0x1.1cd725a7ffc10p-4,1,3,14,16,28,29
739,222,0.024828108426530493,0x1.96c8a26da9d40p-6,7,8,12,15,19,22
740,222,0.41356386420031543,0x1.a77d491e30e2cp-2,4,5,14,15,18,19
741,222,0.36984164296943123,0x1.7ab7c48502adap-2,10,11,14,15,24,28
742,222,-0.3554962607988027,-0x1.6c073637ecb12p-2,0,1,8,10,12,15
743,222,-0.071566609435786299,-0x1.2523077032690p-4,0,4,12,14,19,22
744,222,-0.10924223346851569,-0x1.bf74c8c16da80p-4,0,5,12,14,25,28
745,222,0.19172294892303665,0x1.88a60a9c23104p-3,8,9,13,16,20,21
746,222,-0.46177754881297139,-0x1.d8dc36b8b70bcp-2,0,4,15,17,25,29
747,222,-0.17371840415342765,-0x1.63c679846b130p-3,9,10,12,14,24,29
748,222,0.4725205492731519,0x1.e3dc6d4743bb4p-2,6,11,15,16,25,28
749,222,-0.44350024445950231,-0x1.c624ed96e2e2ap-2,3,4,7,11,18,23
750,222,0.31874570030551774,0x1.466545da36156p-2,0,4,7,8,19,21
751,222,-0.099861179694898938,-0x1.9908094edf850p-4,1,5,15,17,20,22
752,222,-0.080102007494600169,-0x1.48190ae888360p-4,2,3,6,11,18,21
753,222,0.17741788059565777,0x1.6b5a10d71265cp-3,6,8,19,20,24,29
754,222,0.0075267189673582369,0x1.ed4563cf9cd00p-8,1,3,14,17,24,28
755,222,0.18406457657228159,0x1.78f6d945d71dcp-3,15,17,18,20,27,29
756,222,0.10234516652360715,0x1.a334af71f6088p-4,2,4,12,14,24,25
757,222,0.27623310432195525,0x1.1adcd9d48a9a4p-2,0,3,8,11,18,19
758,222,0.19493476778683816,0x1.8f39f5a3fb8b4p-3,6,10,14,17,24,29
759,222,-0.3367243839524906,-0x1.58ce46e35de52p-2,6,11,18,19,26,27
760,222,0.25698101523945927,0x1.0726080095de2p-2,6,11,13,14,21,22
761,222,0.27968501172537119,0x1.1e65bf6a2ad9ap-2,3,4,21,22,25,29
762,222,-0.012692953996221612,-0x1.9fec3726d5f40p-7,2,5,14,15,18,19
763,222,-0.35282912767933283,-0x1.694c09f1d5f52p-2,2,4,15,16,24,25
764,222,-0.096464165313121186,-0x1.8b1e023417ba8p-4,9,10,20,21,25,28
765,222,0.12399721176577061,0x1.fbe4801544490p-4,6,10,14,17,25,27
766,222,-0.17141578358775389,-0x1.5f0f3d04388f0p-3,2,4,13,17,24,25
767,222,0.31174601758296328,0x1.3f3a5918b5516p-2,1,4,12,14,19,21
768,222,0.16646792828792811,0x1.54ed231ea2ddcp-3,6,11,13,15,28,29
769,222,-0.42881183290616964,-0x1.b71a72f9e1174p-2,0,2,9,10,21,23
770,222,-0.023971642154016926,-0x1.88c05ac54e860p-6,7,9,19,22,24,26
771,222,0.2270880516995547,0x1.d1138a5ae5434p-3,2,3,14,15,19,23
772,222,-0.16404440213904325,-0x1.4ff682f23b858p-3,6,10,18,21,28,29
773,222,0.015355179264008978,0x1.f7289461ae700p-7,7,11,18,19,27,29
774,222,-0.08907515566110813,-0x1.6cda120735878p-4,9,11,13,14,27,28
775,222,0.19899375220845139,0x1.978a094ebfbf4p-3,2,3,10,11,21,22
776,222,-0.043285312237179796,-0x1.6297e10e96350p-5,2,4,12,13,21,23
777,222,0.29092379170066651,0x1.29e7ed2bee436p-2,4,5,7,8,18,20
778,222,0.37793588996739536,0x1.8301a03d9416ap-2,6,10,18,22,25,29
779,222,0.04105333975243175,0x1.504f17f41acc0p-5,9,10,20,21,28,29
780,222,0.3946209637800695,0x1.94178497016ecp-2,4,5,20,22,24,27
781,222,0.13901861433553031,0x1.1cb5ca90d9c88p-3,7,8,16,17,26,28
782,222,0.087933944305632727,0x1.682d6c7004018p-4,13,17,18,22,26,27
783,222,0.073285046727790792,0x1.2c2cf0efb5040p-4,7,9,16,17,27,28
784,222,0.13265716362425928,0x1.0fae8f1ac5408p-3,7,10,12,14,24,25
785,222,0.15848361382079179,0x1.44930e927f5fcp-3,1,5,6,10,20,23
786,222,0.21915213067393158,0x1.c0d2d510befc4p-3,3,5,15,16,19,23
787,222,0.23759269809984429,0x1.e6970020db9ccp-3,1,4,12,17,24,29
788,222,0.004873023777404728,0x1.3f5bc5c1af780p-8,6,8,15,16,24,29
789,222,-0.017718653458301148,-0x1.224d6b487be00p-6,7,8,16,17,28,29
790,222,0.059584192593272745,0x1.e81d1bd17e560p-5,4,5,7,8,25,27
791,222,0.12404942817965858,0x1.fc1b40d1e7f98p-4,10,11,14,15,26,28
792,222,-0.44544539211080914,-0x1.c822d63d144c2p-2,3,5,6,8,20,22
793,222,0.2249221985950236,0x1.cca40278e15e8p-3,2,3,13,17,28,29
794,222,-0.14201371522946038,-0x1.22d81633f3b0cp-3,1,5,14,17,18,22
795,222,-0.23689924997246137,-0x1.e52b6f18a1138p-3,0,5,18,19,26,28
796,222,0.18871437678269887,0x1.827caee488a10p-3,8,11,13,15,25,27
797,222,0.42356188426064056,0x1.b1ba34e2ed258p-2,8,10,12,17,21,22
798,222,0.41776488778372289,0x1.abca8f09caf4ep-2,0,5,8,10,13,15
799,222,0.073231240407021225,0x1.2bf485697fac0p-4,0,4,13,16,25,29
800,222,0.1992330357509472,0x1.98077d66aa394p-3,6,8,15,17,24,26
801,222,-0.18519838440105085,-0x1.7b494a6232474p-3,8,11,12,13,28,29
802,222,0.25699253566921698,0x1.07290d200fc52p-2,6,9,14,17,24,28
803,222,-0.10627374191222705,-0x1.b34c185efc260p-4,1,4,9,11,20,22
804,222,0.36688010213434119,0x1.77af6ae0e16b2p-2,6,11,22,23,25,26
805,222,0.3487212314592899,0x1.65172db2276bap-2,0,2,7,10,20,23
806,222,-0.18486091496280788,-0x1.7a985c0097574p-3,3,4,6,7,18,23
807,222,0.27728498971213011,0x1.1bf098a9f0f14p-2,7,11,18,20,25,28
808,222,-0.06433952461771697,-0x1.0788e1a12c290p-4,1,3,6,11,14,16
809,222,0.20418528182865359,0x1.a22be49e3a980p-3,4,5,6,7,19,20
810,222,-0.16028715863151299,-0x1.4844a2425432cp-3,2,4,7,9,24,25
811,222,0.21333289807517086,0x1.b4e7e0e3266bcp-3,6,7,14,16,24,27
812,222,-0.25003950486900139,-0x1.000a5b207b488p-2,1,5,6,9,19,22
813,222,-0.25945792647280363,-0x1.09af56b38dfe0p-2,2,3,10,11,25,29
814,222,0.10095723738766771,0x1.9d85560dfe1f0p-4,0,5,9,10,14,17
815,222,0.31185897919124506,0x1.3f57f5d25c82ap-2,8,9,13,17,28,29
816,222,0.15335347254993781,0x1.3a1162aaa3dfcp-3,4,5,6,9,25,26
817,222,-0.080219476815991175,-0x1.489437d6d4a20p-4,0,3,7,8,20,21
818,222,-0.38373764401512545,-0x1.88f2855d27fdcp-2,6,10,14,17,25,29
819,222,-0.096316886606117258,-0x1.8a83936069bc0p-4,3,5,13,15,18,23
820,222,0.22795654117447428,0x1.d2dae10a0776cp-3,8,11,18,20,25,28
821,222,-0.031958537030625456,-0x1.05cde8ebfc3e0p-5,2,5,19,23,24,27
822,222,0.061176595896969554,0x1.f5289ed50f170p-5,2,3,7,10,18,19
823,222,-0.38177952234268564,-0x1.86f1360afa334p-2,6,7,20,21,24,25
824,222,0.37001851514036332,0x1.7ae62235c4f52p-2,1,2,9,10,27,28
825,222,-0.4734798847101036,-0x1.e4d7e93093320p-2,8,11,12,15,24,27
826,222,0.33724699988107187,0x1.5957470ca73d4p-2,0,4,12,16,25,29
827,222,-0.29184330251642676,-0x1.2ad8f87f7570ap-2,2,3,13,17,18,22
828,222,-0.18151329817947159,-0x1.73bd3e7bc2690p-3,6,8,16,17,26,29
829,222,-0.14301614221170822,-0x1.24e5a5accb838p-3,7,10,15,17,18,20
830,222,-0.19952045646713046,-0x1.989e2e5b46480p-3,1,2,9,10,20,23
831,222,-0.025627272182352501,-0x1.a3e091fa2b540p-6,0,3,16,17,25,29
832,222,-0.21165244537174388,-0x1.b176d657eba80p-3,6,9,14,16,19,23
833,222,-0.25854997922124678,-0x1.08c153648c042p-2,0,5,13,15,20,23
834,222,-0.47674186480461744,-0x1.e82f04f7e129ap-2,1,2,16,17,24,29
835,222,-0.44754713063815466,-0x1.ca49cb8609be0p-2,6,8,15,16,26,29
836,222,-0.35370946579889195,-0x1.6a32d06f9146cp-2,3,4,14,16,26,29
837,222,-0.089894335151198379,-0x1.70350ad91ef78p-4,8,9,13,17,26,28
838,222,0.18558130221020941,0x1.7c120cbdef7f4p-3,9,10,12,13,27,28
839,222,0.13545039331722442,0x1.1567040c38f78p-3,8,10,12,13,24,28
840,222,0.10321960708136779,0x1.a6c99a4b86f10p-4,6,9,18,20,27,28
841,222,0.066681616353340911,0x1.1120be17b6588p-4,6,8,18,20,27,29
842,222,-0.17985329239095182,-0x1.7056ec472d2fcp-3,6,8,21,23,26,28
843,222,-0.25013419563026795,-0x1.00232db75f816p-2,1,3,13,16,18,23
844,222,-0.060699387260433446,-0x1.f13fd76577330p-5,1,4,6,8,24,26
845,222,0.28834129177700518,0x1.2742f08913140p-2,7,9,21,22,24,29
846,222,0.15498355131876307,0x1.3d680422a7fccp-3,6,11,14,16,24,28
847,222,0.062268352414388328,0x1.fe1a3326425c0p-5,8,9,19,21,24,28
848,222,-0.40429841169840319,-0x1.9e006720470d0p-2,7,10,15,17,27,28
849,222,4.5741990050141013e-05,0x1.7fb62cf808000p-15,0,3,13,17,25,29
850,222,0.37171716932480126,0x1.7ca36cf67265ap-2,7,11,14,16,26,27
851,222,0.29662600908864967,0x1.2fbeba80b70a0p-2,0,2,13,15,27,29
852,222,0.44932405036557854,0x1.cc1b9a9681736p-2,13,15,20,23,27,28
853,222,0.47381022646758375,0x1.e52e820cc1272p-2,7,10,14,15,24,26
854,222,0.022181005201658444,0x1.6b69e0fbbef00p-6,7,11,14,16,27,28
855,222,-0.21805669166063624,-0x1.be9481bad9e24p-3,0,2,9,10,19,23
856,222,-0.22696958737707329,-0x1.d0d56e57c4e74p-3,3,4,13,14,18,21
857,222,-0.38481557050405402,-0x1.8a0d17c939d9ap-2,0,2,7,11,20,23
858,222,0.11302006384546837,0x1.ceee206021410p-4,0,3,16,17,19,21
859,222,0.14658942911870143,0x1.2c3714200876cp-3,1,2,13,17,27,28
860,222,-0.047326811542958702,-0x1.83b38479a17d0p-5,0,4,8,11,26,29
861,222,-0.44133853853838123,-0x1.c3ee3ff5f2774p-2,2,5,6,7,24,27
862,222,-0.089046647558544412,-0x1.6cbc2d7151748p-4,1,2,6,11,24,28
863,222,0.37746294579308237,0x1.8285a57e884dep-2,0,4,12,15,20,22
864,222,0.020822041265539659,0x1.5525f8915f860p-6,3,4,12,13,25,26
865,222,0.077905396102019853,0x1.3f19ba870aa78p-4,1,2,12,14,24,28
866,222,0.37298235183883555,0x1.7def15ec8827cp-2,1,5,14,15,18,23
867,222,0.35478359269242432,0x1.6b4c63df15dc0p-2,1,3,8,11,20,22
868,222,0.41373326641200625,0x1.a7a9b18206fc6p-2,10,11,12,13,20,23
869,222,0.4398319593434179,0x1.c2634f24765b0p-2,9,10,12,17,20,22
870,222,-0.33278001434118132,-0x1.54c448b96e5f2p-2,0,5,9,10,12,13
871,222,0.03504238741560195,0x1.1f11367d8f8b0p-5,8,10,12,13,22,23
872,222,0.31412801961892167,0x1.41aac68c1501ep-2,2,4,14,15,19,22
873,222,0.43656868092583623,0x1.bf0bdc3c23264p-2,9,10,13,17,24,27
874,222,0.072345185749444485,0x1.28536ced120f8p-4,8,9,19,22,24,27
875,222,0.043016848907239669,0x1.6064dee779630p-5,7,11,21,23,25,28
876,222,0.060150023507096861,0x1.ecbfbdfa21b00p-5,1,2,10,11,19,20
877,222,0.25522583703010582,0x1.0559ebfc8ddaep-2,0,2,7,9,22,23
878,222,0.09577377843307755,0x1.884a15e2f3608p-4,7,8,19,21,28,29
879,222,0.027589978336373333,0x1.c408c1a9bb8c0p-6,1,4,13,16,18,23
880,222,-0.064212090647633335,-0x1.070341d56e120p-4,6,9,13,16,24,27
881,222,0.31839910524249704,0x1.460a6a405e664p-2,7,9,12,17,27,28
882,222,0.36656154276702058,0x1.775be8b89f650p-2,1,2,12,13,28,29
883,222,-0.11828764961416804,-0x1.e4819729d1230p-4,7,9,12,17,24,26
884,222,0.4576162024093865,0x1.d499577ddf43ap-2,1,3,14,17,18,21
885,222,-0.14677205218326606,-0x1.2c96d360c0600p-3,9,11,18,23,27,28
886,222,-0.16973937404189243,-0x1.5ba05122d3d80p-3,6,11,13,16,25,27
887,222,-0.10536214093819596,-0x1.af9036590eb90p-4,15,16,18,20,25,27
888,222,-0.29016893807591215,-0x1.29220bcd6784ap-2,0,2,16,17,19,21
889,222,-0.11307510539160248,-0x1.cf27d77a61048p-4,12,14,19,22,26,29
890,222,0.12941360278420033,0x1.0909ffbcece70p-3,0,1,14,17,26,29
891,222,0.0059472638042634696,0x1.85c2878a3d300p-8,0,4,7,9,27,29
892,222,-0.30608138024089171,-0x1.396d65b83259cp-2,13,14,21,22,24,25
893,222,-0.27685712488858383,-0x1.1b806f243e854p-2,6,7,14,16,21,23
894,222,0.29345514964068153,0x1.2c7f81ba32b3ap-2,2,5,12,17,24,27
895,222,0.010779677870218607,0x1.613a7df4fe140p-7,7,9,16,17,24,29
896,222,0.17647917854824424,0x1.696dea6251360p-3,0,2,10,11,25,29
897,222,0.42373962739229887,0x1.b1e8cd06ad358p-2,1,4,6,8,16,17
898,222,0.38190989234856987,0x1.871363069fbb6p-2,0,3,13,14,25,26
899,222,-0.34193666211394025,-0x1.5e24a4f454c32p-2,0,4,7,9,12,17
900,222,0.13757147532982217,0x1.19bf12db3b824p-3,12,17,19,22,26,27
901,222,0.23727676757838068,0x1.e5f15ca6cc438p-3,3,4,12,16,26,29
902,222,0.34823997883709545,0x1.649905610f6b2p-2,0,2,10,11,20,22
903,222,-0.49380430070804771,-0x1.f9a7d5a8a92e0p-2,0,4,7,11,26,27
904,222,0.26589439506054879,0x1.10469ecbe627cp-2,6,9,13,14,18,21
905,222,-0.25169034020945691,-0x1.01bb1ccfacc7ep-2,0,3,14,15,18,23
906,222,-0.1786339164434203,-0x1.6dd79e68a5a80p-3,6,10,15,17,25,26
907,222,0.12942338831018418,0x1.090f212109ba4p-3,0,3,12,15,19,22
908,222,-0.1009361646766701,-0x1.9d6f3d6451ca8p-4,1,4,12,14,26,29
909,222,-0.023253765929051373,-0x1.7cfd5d0b24b20p-6,9,10,19,20,24,28
910,222,0.41074221680780787,0x1.a4999b911ab3cp-2,1,5,16,17,24,27
911,222,0.11255995045990963,0x1.cd0ba9a108fa8p-4,2,3,15,17,18,22
912,222,-0.23790230219637865,-0x1.e739527c9cc90p-3,1,5,9,10,20,23
913,222,0.23276715768358791,0x1.dcb5070eabcc0p-3,10,11,13,14,21,23
914,222,0.33594409134102532,0x1.5801ba5660666p-2,6,11,14,16,19,23
915,222,0.2732752186168711,0x1.17d5757b111cep-2,2,5,14,15,22,23
916,222,0.1900811091417266,0x1.85493e9acf194p-3,12,16,20,23,27,28
917,222,-0.26558010735066095,-0x1.0ff43b4e28334p-2,0,3,10,11,13,14
918,222,0.026649444973343206,0x1.b49fdfa77dec0p-6,0,2,12,13,22,23
919,222,-0.072823956389167832,-0x1.2a4973f0e8ad8p-4,9,11,13,14,25,28
920,222,-0.23583250799481437,-0x1.e2fc27695effcp-3,2,4,7,11,12,16
921,222,0.12147181443114319,0x1.f18c6de5e1728p-4,8,10,18,21,25,28
922,222,-0.38433482082190751,-0x1.898f113893924p-2,6,8,13,15,24,29
923,222,-0.0056097713362323054,-0x1.6fa4586d5a180p-8,2,4,13,16,24,29
924,222,-0.36160288002930685,-0x1.7248067f760d2p-2,9,10,12,13,25,28
925,222,-0.17448678291722253,-0x1.65595391b5b40p-3,0,3,19,20,28,29
926,222,0.36863407223387279,0x1.797b35d1be3e8p-2,6,8,20,22,25,27
927,222,-0.030774438666560155,-0x1.f83559e80a620p-6,2,5,14,16,18,21
928,222,0.24679967977875217,0x1.f9721c4a810d0p-3,8,9,12,17,24,28
929,222,0.39510079662990905,0x1.94954da098952p-2,10,11,12,14,27,28
930,222,-0.4636292360233456,-0x1.dac19f58c249cp-2,4,5,14,15,18,22
931,222,0.17978678065190967,0x1.70340d393980cp-3,1,4,12,13,24,27
932,222,-0.42155634591700997,-0x1.afac777c8a0e8p-2,0,4,15,16,18,20
933,222,0.075728133989964364,0x1.362eb42dfbea8p-4,10,11,13,14,24,27
934,222,-0.076596823700566641,-0x1.39bd974c57b38p-4,6,8,13,15,27,28
935,222,-0.30263734956748811,-0x1.35e690bbc30d8p-2,0,3,14,15,19,23
936,222,0.48316441414470246,0x1.eec2a6f55eb78p-2,2,4,6,9,18,22
937,222,-0.29700098553522714,-0x1.302106bf03a7cp-2,6,7,15,17,25,26
938,222,0.1049330375984,0x1.adce43cc14c08p-4,1,2,6,10,21,22
939,222,-0.10169428969504657,-0x1.a08a3106e1ff0p-4,4,5,19,23,24,26
940,222,0.43219207185620279,0x1.ba908ef8d9fb6p-2,2,4,18,20,25,29
941,222,0.19507486007253483,0x1.8f8368824439cp-3,2,4,6,9,19,22
942,222,-0.47713156316338801,-0x1.e8952d2eb4562p-2,12,15,20,22,27,29
943,222,-0.073934192134021082,-0x1.2ed59e94594c0p-4,1,4,6,9,18,22
944,222,-0.0066983025806530705,-0x1.b6fade85ca400p-8,2,5,7,10,12,17
945,222,-0.35946931011899208,-0x1.7018b90b81cb8p-2,8,10,12,13,24,25
946,222,0.097271402314754285,0x1.8e6c753c72650p-4,3,5,13,14,22,23
947,222,-0.16696635039505348,-0x1.55f27433d5774p-3,9,10,12,17,24,28
948,222,0.070145022739858343,0x1.1f50632a51610p-4,9,10,19,23,27,28
949,222,0.34890877701887402,0x1.654857aa556c2p-2,7,8,12,16,26,28
950,222,-0.12994770464870731,-0x1.0a2205ad4070cp-3,1,4,16,17,18,19
951,222,-0.41347811552980773,-0x1.a766ce9f3fba4p-2,0,1,8,9,21,22
952,222,-0.45655377768837802,-0x1.d382d56025b8ep-2,1,5,12,14,19,21
953,222,0.10486528638351889,0x1.ad8738f80bd40p-4,6,9,13,17,18,22
954,222,-0.05005842563892271,-0x1.9a1420a044fc0p-5,1,2,16,17,18,20
955,222,-0.021142240406775481,-0x1.5a64fbc71f0e0p-6,0,1,16,17,18,20
956,222,0.32432856538404842,0x1.4c1cc995eeae0p-2,0,2,9,11,19,22
957,222,0.32061555251057627,0x1.484f71827cd24p-2,2,3,13,16,18,23
958,222,-0.19530528538045588,-0x1.8ffc37ab8f5ecp-3,2,4,12,14,25,29
959,222,0.21846988869896689,0x1.bf6d2418fb8a8p-3,0,4,7,9,12,16
960,222,0.0010967472553085056,0x1.1f81765fc5c00p-10,9,11,12,14,19,23
961,222,-0.072649717315214746,-0x1.2992bffeeb7d0p-4,2,3,12,14,28,29
962,222,-0.19758066961110432,-0x1.94a52c92696b4p-3,1,5,14,17,19,21
963,222,-0.33535567254888343,-0x1.57677a38808d6p-2,13,14,22,23,26,27
964,222,-0.30638347571427171,-0x1.39bc9700e911ep-2,1,5,6,9,18,23
965,222,-0.36769893659412034,-0x1.788611edc86c0p-2,4,5,22,23,24,27
966,222,0.19926453429100499,0x1.9818011042a2cp-3,1,5,12,13,21,23
967,222,-0.067847226001386929,-0x1.15e6f90ccdf00p-4,0,1,20,21,28,29
968,222,-0.046562318574744244,-0x1.7d70427024890p-5,8,11,18,20,25,27
969,222,0.12127915590127836,0x1.f0c2698485058p-4,8,9,19,22,24,29
970,222,0.37289946377487337,0x1.7dd95b666fa26p-2,7,8,15,17,25,28
971,222,-0.32577272904616739,-0x1.4d975dc4ba534p-2,1,5,15,16,24,26
972,222,-0.3254317055289444,-0x1.4d3df8115032cp-2,1,3,15,17,19,20
973,222,0.16968310576301904,0x1.5b82d0ef7cac8p-3,7,11,14,16,24,28
974,222,-0.20733360472836826,-0x1.a89e855d5c6e8p-3,2,3,12,14,22,23
975,222,0.28298090998511738,0x1.21c5bf671d14ap-2,1,5,8,10,15,17
976,222,0.27059985605689796,0x1.151820f04448ep-2,8,9,20,22,24,25
977,222,-0.46728037005285994,-0x1.de7ebecdc25dep-2,7,9,12,17,26,27
978,222,0.28575995283345457,0x1.249e41cfb46b2p-2,1,2,12,17,24,27
979,222,-0.26589664783217359,-0x1.104735fa388a4p-2,15,17,18,19,26,28
980,222,-0.47297580778215897,-0x1.e453c528e4ebap-2,6,11,13,16,25,26
981,222,0.30346221622788316,0x1.36becc9914edep-2,0,4,9,11,18,21
982,222,0.41217042648487801,0x1.a61001188610cp-2,1,5,8,9,12,17
983,222,-0.0069115879947342362,-0x1.c4f534669b780p-8,6,7,14,17,24,26
984,222,-0.37089581938773464,-0x1.7bcc1d19f9492p-2,0,4,13,16,25,27
985,222,-0.025885276220368403,-0x1.a81ab7b41f460p-6,0,4,7,9,14,17
986,222,0.043837040697292995,0x1.671cf004bed40p-5,0,1,8,9,13,16
987,222,-0.39147906095634488,-0x1.90dfe30f8152ap-2,2,5,6,10,21,22
988,222,-0.32890975945803869,-0x1.50cdb850d47bap-2,0,2,7,10,18,22
989,222,0.15498465027863517,0x1.3d6897a2a1400p-3,0,3,7,11,12,15
990,222,0.048373489468748421,0x1.8c468f685fa40p-5,8,9,12,17,19,22
991,222,0.1459342847042282,0x1.2adf98215bc70p-3,4,5,12,15,19,23
992,222,0.34236018597870554,0x1.5e93ab28ec900p-2,7,11,14,16,24,25
993,222,0.40101673364570256,0x1.9aa42170a0cdep-2,10,11,18,21,25,29
994,222,0.41703240016946674,0x1.ab0a8aa066a68p-2,0,4,14,16,18,19
995,222,0.4003789742460806,0x1.99fcf221925f8p-2,6,10,19,20,24,27
996,222,0.2716303687551862,0x1.162645799da3cp-2,6,8,13,15,26,29
997,222,-0.18166098504684614,-0x1.740aacade1fecp-3,6,8,22,23,24,26
998,222,0.28767840547309831,0x1.26952afd16ec0p-2,8,9,16,17,25,27
999,222,0.23628686204514249,0x1.e3ea5dc7aab3cp-3,7,11,12,16,28,29
1000,222,-0.30275170698181775,-0x1.36048b212e2a0p-2,2,5,9,10,25,28
1001,222,-0.068322004238576595,-0x1.17d8d05cd46b0p-4,2,3,19,21,24,29
1002,222,0.23557027074331127,0x1.e272aa8604e3cp-3,1,3,6,10,24,29
1003,222,0.094326765663634182,0x1.825cc85a9aaf0p-4,9,11,12,13,25,26
1004,222,0.4533449158931151,0x1.d039a64e46738p-2,4,5,13,16,24,27
1005,222,0.13919127304905976,0x1.1d10506d13154p-3,0,2,9,11,20,23
1006,222,-0.034592856497452695,-0x1.1b627a6a9df20p-5,0,1,12,17,20,21
1007,222,0.14045716845315115,0x1.1fa80207f5db4p-3,2,4,13,15,20,23
1008,222,-0.094978291175674245,-0x1.8507f4e6df2d0p-4,4,5,6,8,13,16
1009,222,-0.086104863400090714,-0x1.60af7e45476c0p-4,3,4,14,16,19,21
1010,222,-0.3878710273955478,-0x1.8d2e1006eb502p-2,0,1,8,11,19,23
1011,222,0.29915936443625502,0x1.3256d51a2ef62p-2,1,5,9,10,18,22
1012,222,0.4149713818478411,0x1.a8ee42073fe74p-2,2,3,6,11,21,22
1013,222,0.24052836470534611,0x1.ec9a22a15bcbcp-3,2,5,6,10,20,23
1014,222,0.11927664907009983,0x1.e88ea1aeebb70p-4,1,2,15,16,24,28
1015,222,-0.073827551770501154,-0x1.2e65cc865e690p-4,1,4,6,8,18,20
1016,222,-0.29320272035518957,-0x1.2c3d557c1857ep-2,3,5,6,7,14,16
1017,222,0.4829398113334934,0x1.ee87c61e747eap-2,2,5,9,10,19,21
1018,222,-0.23238958132642074,-0x1.dbef119dd32b0p-3,2,3,6,7,19,21
1019,222,0.20408432288792655,0x1.a1f6f62370890p-3,4,5,8,9,24,26
1020,222,0.18432924196305234,0x1.79819c0f6c184p-3,12,14,19,22,26,27
1021,222,0.46658007256211032,0x1.ddc72aa27a70cp-2,0,1,18,22,26,27
1022,222,-0.3167991597038583,-0x1.4466ffb9503bap-2,2,3,6,7,28,29
1023,222,0.16588993326449875,0x1.53be19f0da688p-3,0,5,13,16,18,20
1024,222,0.32286620067954308,0x1.4a9d6ff39c118p-2,1,3,10,11,21,23
1025,222,-0.37027504362760622,-0x1.7b29618b9f466p-2,1,3,18,20,28,29
1026,222,-0.37875830472152383,-0x1.83d9378f7829ep-2,7,11,12,16,24,28
1027,222,-0.44489557818859371,-0x1.c792b4d9d1f10p-2,0,5,13,16,25,26
1028,222,-0.20436223306126999,-0x1.a288aa9c49150p-3,0,2,18,20,28,29
1029,222,-0.41916427344333029,-0x1.ad3966385ce1cp-2,1,4,8,11,26,27
1030,222,0.19281365587649102,0x1.8ae1e2d1b19e0p-3,6,10,13,17,25,27
1031,222,-0.40095480475379541,-0x1.9a93e5765dd0cp-2,1,4,12,13,20,23
1032,222,0.48867313226302134,0x1.f466bac603a50p-2,7,9,19,22,24,29
1033,222,-0.08630688833102873,-0x1.618354ecd2180p-4,7,10,19,21,24,29
1034,222,-0.29936233297767989,-0x1.328c0a172c706p-2,1,4,8,11,18,22
1035,222,0.22949703944749533,0x1.d6028b37a5820p-3,3,5,8,10,19,21
1036,222,0.086441938494438153,0x1.6210f12d621f0p-4,2,5,6,7,24,25
1037,222,0.20807075921006124,0x1.aa2100907d240p-3,1,5,14,17,24,28
1038,222,-0.23770091581457675,-0x1.e6cfbcdd390ccp-3,0,1,13,17,26,29
1039,222,-0.43100413871763743,-0x1.b9592620ee7d6p-2,6,9,19,22,24,29
1040,222,-0.35413287737275978,-0x1.6aa1cf1b047cap-2,4,5,6,8,19,23
1041,222,-0.23380709884626494,-0x1.ded64198f053cp-3,0,3,13,16,18,23
1042,222,0.13546440709955954,0x1.156e5cf21dfacp-3,13,17,18,21,28,29
1043,222,0.17483735776250808,0x1.661120edac14cp-3,0,5,9,10,13,14
1044,222,-0.29131404445351239,-0x1.2a4e3a972c5dap-2,2,5,14,15,24,27
1045,222,-0.45519221385025366,-0x1.d21de85f85d06p-2,6,8,13,15,22,23
1046,222,0.24527119650717555,0x1.f650bebd315fcp-3,3,4,13,16,18,20
1047,222,-0.19416024228341655,-0x1.8da3e29653600p-3,3,5,13,17,24,26
1048,222,-0.23865521556019242,-0x1.e8c410cece8e0p-3,7,11,14,15,24,26
1049,222,0.26677069874825987,0x1.112c568a9e8f8p-2,1,3,12,13,24,28
1050,222,-0.16358023089526474,-0x1.4f0326efbd030p-3,0,2,16,17,27,29
1051,222,-0.056114072551663896,-0x1.cbafbd4e8d750p-5,7,9,18,20,28,29
1052,222,0.41262696245817776,0x1.a687aeb4d2a14p-2,2,4,13,15,18,20
1053,222,-0.21176444245744841,-0x1.b1b18e567bbacp-3,8,11,21,22,24,29
1054,222,0.38761264220646297,0x1.8cea54172bf00p-2,0,1,12,16,19,21
1055,222,-0.036415850753114709,-0x1.2a5193014cf60p-5,0,2,12,16,27,29
1056,222,0.083033268131742055,0x1.541ab131b17c0p-4,6,10,13,14,27,29
1057,222,-0.23601591077967077,-0x1.e35c4f511320cp-3,6,7,14,16,25,28
1058,222,0.27219739676647148,0x1.16baea14ac5f0p-2,6,8,19,23,27,28
1059,222,0.34857755611171515,0x1.64f183ce7a49ap-2,1,2,10,11,27,28
1060,222,0.15135591601343945,0x1.35fa172aabb70p-3,0,1,13,14,21,22
1061,222,-0.38499750347529804,-0x1.8a3cc919df48ep-2,7,11,19,23,26,28
1062,222,0.42316248090861885,0x1.b15181619643ap-2,2,4,7,11,19,21
1063,222,0.043530937790544066,0x1.649afe45964d0p-5,4,5,8,9,20,21
1064,222,-0.4649749165403575,-0x1.dc22627001316p-2,6,11,15,16,26,27
1065,222,-0.20308534523231714,-0x1.9feb35a08eb00p-3,3,5,14,17,18,22
1066,222,-0.12331634597951824,-0x1.f91a8f90b5418p-4,8,10,13,15,18,23
1067,222,0.20458099887133419,0x1.a2fb5cdc487c4p-3,0,4,8,9,20,23
1068,222,0.36319980617069381,0x1.73eaa665aaab4p-2,3,5,19,20,24,28
1069,222,-0.19139577606386771,-0x1.87fa82364b78cp-3,2,4,14,16,18,19
1070,222,-0.35050813724589958,-0x1.66eb9ae9cfe40p-2,3,4,15,17,18,19
1071,222,-0.19289534778365913,-0x1.8b0cb752403acp-3,1,2,9,11,13,14
1072,222,-0.058174584137788421,-0x1.dc90f20a91030p-5,0,5,16,17,18,21
1073,222,-0.24858856757194825,-0x1.fd1c00bf0c4bcp-3,6,9,18,23,25,26
1074,222,0.18831007198709038,0x1.81a8b6058921cp-3,0,3,16,17,26,29
1075,222,0.10425809252532203,0x1.ab0a889bd5670p-4,7,9,19,21,24,26
1076,222,-0.089786332330279106,-0x1.6fc3cb0fc8088p-4,1,5,14,15,19,23
1077,222,-0.092633807562446546,-0x1.7b6d965fc1308p-4,8,10,15,17,25,28
1078,222,0.21308155223040259,0x1.b46419d1af180p-3,0,2,12,17,21,22
1079,222,-0.051134171031906095,-0x1.a2e42109488f0p-5,2,4,13,17,24,27
1080,222,0.14617760868458518,0x1.2b5f2a85a9880p-3,6,7,14,16,18,23
1081,222,-0.27792842457483047,-0x1.1c9944d8b5f6ep-2,7,9,20,21,25,28
1082,222,0.33022233185537286,0x1.5225cd8ee9266p-2,13,14,18,23,26,27
1083,222,0.29522741297752852,0x1.2e50184e7c144p-2,7,11,15,16,19,20
1084,222,-0.14154951055791265,-0x1.21e4b5b4e369cp-3,0,4,7,11,25,27
1085,222,0.27447680139526875,0x1.1910725603728p-2,15,16,18,20,25,29
1086,222,0.31606851667323599,0x1.43a77719a08acp-2,1,3,6,11,18,23
1087,222,-0.11965682025213598,-0x1.ea1d451b9ed20p-4,0,2,19,20,27,29
1088,222,-0.47075296680626866,-0x1.e20d10d3b62acp-2,0,5,7,9,20,21
1089,222,-0.48495942680573056,-0x1.f099343811f06p-2,8,9,20,21,24,25
1090,222,-0.29747897659435185,-0x1.309e542ee193ep-2,1,5,9,10,21,23
1091,222,-0.49366330149154569,-0x1.f982df5c90f98p-2,3,4,12,16,25,29
1092,222,0.4069248141660714,0x1.a0b0e60318bbep-2,8,11,22,23,26,27
1093,222,-0.19808572838092953,-0x1.95adf8699a7bcp-3,0,2,15,16,28,29
1094,222,0.43242914760149631,0x1.baceb4db24700p-2,4,5,13,16,24,26
1095,222,0.13035031967922228,0x1.0af51bc05cfd4p-3,0,5,8,9,21,23
1096,222,-0.009595527194916964,-0x1.3a6d1dbeb9dc0p-7,1,5,12,17,20,22
1097,222,-0.44289531359967782,-0x1.c586595dd9600p-2,8,10,13,17,25,29
1098,222,-0.49013650766319361,-0x1.f5e6583bf4cecp-2,2,5,15,17,24,27
1099,222,-0.06325632962574379,-0x1.031911b01efd0p-4,4,5,12,17,19,20
1100,222,-0.14804625840976593,-0x1.2f32e07152250p-3,6,9,19,23,27,28
1101,222,0.38329898061078171,0x1.887f872940f7ep-2,7,9,16,17,26,28
1102,222,0.34131274584839433,0x1.5d8116a481db6p-2,7,10,12,15,25,29
1103,222,0.41488741543831686,0x1.a8d83f2351720p-2,1,4,13,14,24,29
1104,222,-0.29222405609250712,-0x1.2b3cc870164f8p-2,0,2,13,17,21,22
1105,222,-0.41602608969118893,-0x1.aa02be460692cp-2,0,4,7,9,21,23
1106,222,0.30417891967121857,0x1.377aadc07b630p-2,8,10,12,15,24,28
1107,222,-0.47792830177887968,-0x1.e9660967e4762p-2,9,10,12,17,26,29
1108,222,0.47576602660843947,0x1.e72f3593530f6p-2,0,4,13,14,27,29
1109,222,0.45253250382200516,0x1.cf64ae412b870p-2,10,11,20,23,24,28
1110,222,0.11799924786749005,0x1.e3532de8b20b0p-4,2,4,15,17,25,29
1111,222,-0.22173611659310821,-0x1.c61d95c8e0238p-3,1,2,13,17,18,20
1112,222,-0.0089350334299550527,-0x1.24c87e2f66c40p-7,8,11,19,21,26,28
1113,222,-0.4456015832096426,-0x1.c84bc80bb9966p-2,8,10,22,23,26,27
1114,222,-0.35359621824601351,-0x1.6a1520856c72cp-2,0,3,13,16,28,29
1115,222,0.023207759760781932,0x1.7c3c664be7260p-6,4,5,13,15,22,23
1116,222,0.39207158027373634,0x1.917b365bddf02p-2,1,4,18,21,26,29
1117,222,0.16833500685694569,0x1.58c00629c7b74p-3,0,4,9,11,27,29
1118,222,0.39245994053496802,0x1.91e104c659e64p-2,0,4,7,8,15,16
1119,222,-0.33296719016411935,-0x1.54f559e195684p-2,0,5,12,13,25,28
1120,222,-0.49274839502773882,-0x1.f893090733d7ap-2,7,8,16,17,18,20
1121,222,0.44180817597277311,0x1.c4695ccba246ep-2,2,3,6,7,18,22
1122,222,0.011411754261592133,0x1.75f0bbabf8b00p-7,2,5,12,15,25,28
1123,222,-0.41599065120907208,-0x1.a9f9740989f0cp-2,12,17,19,21,26,29
1124,222,-0.31630557702618811,-0x1.43e59bf37ac3ap-2,0,5,14,15,18,22
1125,222,0.32146411616751036,0x1.492de3a71ba66p-2,8,11,18,19,26,27
1126,222,0.45644745827044908,0x1.d366f66674a32p-2,7,8,15,16,26,28
1127,222,0.11161639839538251,0x1.c92e46cce3398p-4,3,4,12,13,21,23
1128,222,-0.24351395358109929,-0x1.f2b7719600fd8p-3,1,2,13,16,27,28
1129,222,-0.071061923538226712,-0x1.2311d3d9668c8p-4,7,11,12,14,25,26
1130,222,0.31916343904083044,0x1.46d2c7d3097a8p-2,4,5,13,15,24,27
1131,222,-0.12226953984984956,-0x1.f4d0e7af3bb08p-4,1,4,8,9,18,20
1132,222,-0.24879377297412375,-0x1.fd8796f2fa7dcp-3,9,10,18,23,26,28
1133,222,0.2267396198434769,0x1.d05cdc9f7b4d4p-3,2,4,12,14,19,22
1134,222,-0.39796427418068892,-0x1.9783f25a546a2p-2,6,10,19,20,28,29
1135,222,-0.0028147956595836465,-0x1.70f0de9b0d200p-9,3,4,15,16,25,26
1136,222,-0.47269475815629125,-0x1.e40a183d166d0p-2,7,8,12,17,27,28
1137,222,-0.33059754390933371,-0x1.5288299ce9ff2p-2,0,3,7,10,19,22
1138,222,0.11003317527385326,0x1.c2b225946b760p-4,3,4,14,15,18,23
1139,222,0.47855991504308315,0x1.ea0b9c4125756p-2,4,5,7,8,20,22
1140,222,0.39945577655193742,0x1.990aef61f4966p-2,3,5,16,17,25,26
1141,222,-0.48287793687498548,-0x1.ee778dcb5a20ap-2,0,4,8,11,18,23
1142,222,-0.24374246336534122,-0x1.f32f3fa667aacp-3,3,5,13,15,25,28
1143,222,-0.40686636376783103,-0x1.a0a19378e6ae2p-2,7,11,19,23,24,27
1144,222,-0.23331873157962635,-0x1.ddd6360d6df90p-3,3,4,15,16,20,23
1145,222,-0.074298820347376893,-0x1.3053f5b85fb20p-4,1,2,12,14,27,28
1146,222,-0.16335163593115531,-0x1.4e8b4d70944c0p-3,6,10,19,21,28,29
1147,222,0.0041258296077956169,0x1.0e63ef3bfe680p-8,2,5,12,14,19,23
1148,222,-0.079323814710173135,-0x1.44e90c5f96260p-4,0,1,8,9,26,27
1149,222,-0.33713961839463458,-0x1.593b20ccc374ep-2,13,15,18,23,26,27
1150,222,0.26829101373341369,0x1.12bae1272ecbap-2,1,3,15,17,18,22
1151,222,-0.39601455984179434,-0x1.9584d73d0a970p-2,8,11,12,15,20,23
1152,222,0.2011060927228584,0x1.9bdd82da2b0ccp-3,8,9,13,17,24,29
1153,222,0.20146482400957133,0x1.9c9996f352f40p-3,9,11,13,14,24,27
1154,222,0.055634474450879101,0x1.c7c1f3097e590p-5,2,3,12,14,21,23
1155,222,0.32116660865219138,0x1.48dfe642e9dfcp-2,1,2,13,16,24,27
1156,222,-0.17037403961405606,-0x1.5ced1081d6968p-3,7,9,19,23,26,28
1157,222,0.4694651319343236,0x1.e0bb77b114bb2p-2,2,4,12,16,21,23
1158,222,0.032702735127597471,0x1.0be69b3b9be80p-5,10,11,20,21,24,29
1159,222,-0.094497892000488526,-0x1.831038baedb98p-4,6,10,14,15,25,27
1160,222,-0.3905402171308876,-0x1.8fe9c651664c8p-2,1,4,13,16,27,29
1161,222,-0.15700447743898538,-0x1.418b903f68790p-3,0,5,14,17,25,27
1162,222,0.27300505362443184,0x1.178ea303d6b16p-2,12,13,20,22,24,25
1163,222,-0.37162687734209388,-0x1.7c8bc191fedecp-2,3,4,13,16,21,23
1164,222,-0.31520858024132581,-0x1.42c609be38688p-2,0,1,13,16,26,28
1165,222,0.21632953113368658,0x1.bb0afa2b068c8p-3,1,3,10,11,13,15
1166,222,0.033394808465504799,0x1.1191fd46e5990p-5,9,11,13,14,27,29
1167,222,0.082971915362964666,0x1.53da5bef86d00p-4,1,2,10,11,14,15
1168,222,0.44360556502839066,0x1.c64089887b6eap-2,2,4,21,22,24,25
1169,222,-0.060170692681598914,-0x1.eceb16a7d8230p-5,1,5,8,9,19,23
1170,222,-0.051543728516857512,-0x1.a63f088966db0p-5,1,3,13,14,24,28
1171,222,0.014806271866455334,0x1.e52c02b897140p-7,2,3,12,16,24,28
1172,222,-0.28095734665275807,-0x1.1fb3485dc7332p-2,7,8,15,16,19,23
1173,222,0.21441832953910123,0x1.b720f50844624p-3,7,10,12,15,24,25
1174,222,0.00469514521139347,0x1.33b3772206200p-8,0,1,18,23,27,28
1175,222,0.49838965599946039,0x1.fe59dba4babfep-2,6,11,13,15,25,29
1176,222,-0.27017685830272797,-0x1.14a93e0a2f5a4p-2,6,10,14,17,18,19
1177,222,-0.40351261009873252,-0x1.9d3268df97330p-2,6,11,13,16,18,20
1178,222,-0.40661255700240662,-0x1.a05f0ac9df82cp-2,8,9,20,22,25,29
1179,222,-0.4641894471211403,-0x1.db547a7a226d0p-2,8,9,12,17,19,20
1180,222,-0.22669960499563879,-0x1.d047e1ebc772cp-3,0,1,10,11,18,20
1181,222,0.42214490486983935,0x1.b046c1025b208p-2,7,10,12,15,24,28
1182,222,-0.11880602091276637,-0x1.e6a12466362a0p-4,0,4,8,11,25,27
1183,222,-0.21068761978805961,-0x1.af7cfda54b5d0p-3,0,2,13,15,18,22
1184,222,0.24368623674749323,0x1.f311c50a86c08p-3,3,4,13,15,18,20
1185,222,-0.12111459687186421,-0x1.f015dc0a20478p-4,1,5,12,13,24,28
1186,222,-0.10526292119160319,-0x1.af282c3ffd620p-4,2,4,7,11,27,29
1187,222,-0.19105282271610069,-0x1.8746b3cafe3c4p-3,2,4,18,23,25,27
1188,222,0.28753327822408759,0x1.266f1fa9efbe8p-2,8,10,12,17,19,21
1189,222,0.1366951778893144,0x1.17f3a43471ae0p-3,4,5,20,22,25,27
1190,222,0.2303331747964118,0x1.d7b8eb6779bbcp-3,2,3,12,15,25,28
1191,222,0.45548731128937925,0x1.d26b4406ec656p-2,2,3,10,11,28,29
1192,222,-0.49342805494134678,-0x1.f945343b9b9f8p-2,1,2,12,14,19,21
1193,222,-0.3506899234077504,-0x1.671b42604ac92p-2,12,17,19,22,24,29
1194,222,-0.037132950134548204,-0x1.303170cdd1fd0p-5,12,16,20,21,24,28
1195,222,-0.0025931496080656702,-0x1.53e3a98543100p-9,1,2,13,16,27,29
1196,222,0.17511946462426131,0x1.66a508aba2440p-3,0,2,13,17,28,29
1197,222,-0.135320936114109,-0x1.1523249897f80p-3,2,3,12,15,20,22
1198,222,0.29723948200295103,0x1.305f8bf921706p-2,0,2,12,15,25,29
1199,222,-0.26949287012905765,-0x1.13f5f05ed6816p-2,9,11,19,22,24,27
1200,222,-0.12560071889097602,-0x1.013af31fed390p-3,3,4,14,15,24,29
1201,222,-0.1730788769927335,-0x1.62772da27f614p-3,2,5,22,23,24,25
1202,222,0.013115992130205867,0x1.adc8eaa07d6c0p-7,7,8,12,16,27,29
1203,222,-0.13326557837789721,-0x1.10ed8b268655cp-3,3,5,8,10,19,22
1204,222,-0.00041010158801857433,-0x1.ae05ce8988800p-12,3,5,13,17,25,26
1205,222,-0.30718884774763788,-0x1.3a8fb69b168e8p-2,0,4,8,9,18,20
1206,222,0.17036118439503278,0x1.5ce6531be03d0p-3,1,2,9,11,21,22
1207,222,0.35613849099758477,0x1.6caf918eb9c56p-2,1,3,6,8,18,23
1208,222,-0.29698325988032859,-0x1.301c613294f8cp-2,0,2,13,14,21,22
1209,222,-0.19498475011678928,-0x1.8f542a27c342cp-3,6,7,20,22,24,29
1210,222,0.015928275678454007,0x1.04f807c7b8700p-6,8,11,12,16,19,21
1211,222,0.239975897076254,0x1.eb787bae2a8b0p-3,2,3,12,17,28,29
1212,222,-0.1493891555287129,-0x1.31f2f10afba84p-3,0,5,12,13,26,27
1213,222,-0.19517771416181329,-0x1.8fb95559dd3bcp-3,1,4,8,9,24,26
1214,222,-0.43208289611577211,-0x1.ba73f04fe9af0p-2,1,4,8,11,22,23
1215,222,0.037593696434933599,0x1.33f7b217294d0p-5,3,5,6,10,18,23
1216,222,0.33222002769367065,0x1.54317ca81505cp-2,2,5,13,16,18,20
1217,222,-0.43598710732041612,-0x1.be73677dace1ap-2,9,10,12,17,19,20
1218,222,0.30606140897284073,0x1.396829786c93ap-2,10,11,12,14,24,28
1219,222,0.36368595842352047,0x1.746a1785c6142p-2,2,5,21,23,25,28
1220,222,0.2605702111081285,0x1.0ad2eadc15bccp-2,2,3,14,16,19,21
1221,222,0.47009524798859337,0x1.e160a61076cd8p-2,1,4,12,15,24,29
1222,222,-0.27358898492464623,-0x1.1827b5fb30534p-2,13,17,20,21,24,25
1223,222,-0.35321327834826721,-0x1.69b0bddc1333ep-2,7,11,14,16,25,29
1224,222,-0.46826687225291874,-0x1.df8159d881882p-2,3,5,20,23,24,28
1225,222,0.16829480751890458,0x1.58aaf2b30ae00p-3,6,9,20,21,28,29
1226,222,-0.47154034939431066,-0x1.e2db792d9268cp-2,1,4,8,11,24,26
1227,222,-0.44243931682069026,-0x1.c50ecff0d6796p-2,9,11,12,13,22,23
1228,222,0.23401600427928748,0x1.df43c868f609cp-3,6,7,19,23,24,27
1229,222,-0.26375291732461847,-0x1.0e153ea8890a4p-2,9,11,19,20,28,29
1230,222,0.24913064952249953,0x1.fe3835c10b014p-3,6,8,20,21,24,29
1231,222,-0.11757134961167404,-0x1.e1927ed875a58p-4,0,4,7,11,22,23
1232,222,-0.42678394909240058,-0x1.b506d9ff3d050p-2,6,11,13,14,26,28
1233,222,-0.34799666723345246,-0x1.64593d0389e7cp-2,7,9,12,16,19,20
1234,222,-0.097823714153679964,-0x1.90af9951034f0p-4,6,9,20,21,24,25
1235,222,-0.30286520762734237,-0x1.36224c076c38cp-2,1,5,16,17,18,20
1236,222,0.49643311639136578,0x1.fc58f67e35884p-2,10,11,18,23,25,26
1237,222,0.41016258822456453,0x1.a401a959de6ecp-2,2,3,6,7,18,19
1238,222,0.48874488575296182,0x1.f4798a1195bcap-2,1,4,6,9,21,23
1239,222,0.013255138385492748,0x1.b25828ef508c0p-7,8,11,13,16,25,26
1240,222,-0.067790912195997088,-0x1.15abec6d90a68p-4,1,2,15,17,18,22
1241,222,-0.31893197161304232,-0x1.46961a4ee842cp-2,2,5,12,16,20,21
1242,222,0.44641029006628596,0x1.c91fc771baf42p-2,2,3,10,11,13,14
1243,222,0.28466170608224073,0x1.237e5bb82fe94p-2,2,5,19,22,24,27
1244,222,0.27781249401824437,0x1.1c7ae0e0ea0a6p-2,16,17,18,19,28,29
1245,222,-0.30276164797130278,-0x1.3607264214492p-2,2,3,6,11,18,20
1246,222,0.067587282896547585,0x1.14d6671aa8a40p-4,2,3,12,13,20,21
1247,222,-0.33791286909518936,-0x1.5a05d4c6a53d8p-2,3,5,12,15,25,28
1248,222,0.077106521799258476,0x1.3bd40c56fa5f8p-4,2,3,16,17,25,28
1249,222,0.068247122859345088,0x1.178a4b8ba1b70p-4,0,2,9,11,25,28
1250,222,0.18228461713962174,0x1.7551a3296daf0p-3,9,10,20,21,25,29
1251,222,-0.26446511769244296,-0x1.0ecff19daff52p-2,0,3,7,10,26,28
1252,222,-0.3399429579237665,-0x1.5c1a01bb26fecp-2,9,10,20,23,27,28
1253,222,0.08246336289252687,0x1.51c51a6bdd860p-4,6,10,13,17,28,29
1254,222,-0.11076489208484186,-0x1.c5b16850ca330p-4,13,16,18,20,27,28
1255,222,0.10561742470533042,0x1.b09be58ff4458p-4,3,4,6,11,14,15
1256,222,0.21308378068158051,0x1.b46544eaaef34p-3,0,5,14,17,26,28
1257,222,-0.030647799023797773,-0x1.f6222fa01a160p-6,2,4,7,11,14,15
1258,222,-0.074695194274612242,-0x1.31f396893ec68p-4,9,10,12,17,19,21
1259,222,-0.36484768264269563,-0x1.759aa183e3164p-2,0,2,7,11,18,23
1260,222,-0.1954332634899415,-0x1.903f5099eb364p-3,1,4,13,17,26,27
1261,222,-0.2233951357931927,-0x1.c983639289b60p-3,2,5,6,7,25,27
1262,222,0.45159804091988731,0x1.ce6fb782c11cap-2,1,3,6,10,20,23
1263,222,0.35560401859665458,0x1.6c2375b8cb942p-2,4,5,13,14,25,26
1264,222,0.49017927354903523,0x1.f5f18e3447d3ep-2,3,4,13,17,26,29
1265,222,0.45270632014566103,0x1.cf923ededf5aep-2,6,7,16,17,28,29
1266,222,0.13378405267381599,0x1.11fd5f97aedc4p-3,1,5,22,23,24,26
1267,222,-0.011543274349266941,-0x1.7a4000e8d0500p-7,7,9,12,14,24,28
1268,222,-0.26563731543580171,-0x1.10033a799375ep-2,2,3,7,10,25,28
1269,222,-0.44046768459481445,-0x1.c309f5f11e47ep-2,7,8,20,21,24,25
1270,222,-0.26654511992412899,-0x1.10f13433ee1cep-2,6,7,15,16,19,23
1271,222,0.48353225861787019,0x1.ef2314954c8fap-2,2,3,21,22,24,25
1272,222,0.33502102673563694,0x1.570fc0853525ep-2,2,4,6,7,18,19
1273,222,-0.034598704912530143,-0x1.1b6ebe42aa290p-5,0,3,14,15,25,28
1274,222,-0.31042304958605405,-0x1.3ddf8a3796358p-2,0,2,10,11,22,23
1275,222,0.39688780809568225,0x1.9669c1efceedep-2,0,5,15,16,19,23
1276,222,-0.42733391900660123,-0x1.b59705da6b61cp-2,8,10,12,13,20,21
1277,222,0.023298552855975263,0x1.7db936a3dfe80p-6,1,4,8,9,21,22
1278,222,0.40627598272112853,0x1.a006cfabc0022p-2,8,11,19,20,27,29
1279,222,-0.41555642053461139,-0x1.a9879f4f5b1d4p-2,0,1,18,21,28,29
1280,222,0.43286393149628855,0x1.bb40aeb594034p-2,7,11,12,16,25,27
1281,222,-0.30239944628652726,-0x1.35a83350843e2p-2,2,4,13,14,24,25
1282,222,0.4389869190889798,0x1.c185c9736f94ep-2,0,5,13,14,25,27
1283,222,0.47529412016980577,0x1.e6b38078710f4p-2,7,8,20,21,28,29
1284,222,-0.23866043846127349,-0x1.e8c6cdd0524f4p-3,1,3,8,10,26,29
1285,222,-0.10668351331109904,-0x1.b4f9c58b18c90p-4,1,3,14,16,19,23
1286,222,0.43554579317000275,0x1.bdffb7664d5aep-2,0,5,12,14,26,28
1287,222,0.051309610447681009,0x1.a4540d5afc3b0p-5,1,2,12,16,24,29
1288,222,0.26117696828819637,0x1.0b71f9a5109f4p-2,1,5,12,14,26,28
1289,222,-0.054452189487337432,-0x1.be1284a166110p-5,4,5,7,8,21,23
1290,222,-0.4515461117151478,-0x1.ce621a99cf620p-2,6,10,14,15,25,28
1291,222,0.10945933363999094,0x1.c0586e239c860p-4,0,3,7,10,22,23
1292,222,-0.28146383131608776,-0x1.20380dfa09af4p-2,6,11,13,14,25,28
1293,222,-0.3903653069933799,-0x1.8fbbec4c1e46cp-2,2,3,14,16,24,25
1294,222,-0.25268245648914367,-0x1.02bf309b93444p-2,2,4,6,7,24,27
1295,222,0.35782971067148006,0x1.6e6ae9637c0e8p-2,8,9,13,16,24,27
1296,222,-0.14480794266508912,-0x1.2891110f94afcp-3,0,4,14,16,25,27
1297,222,-0.45453020389644816,-0x1.d1705da31e29ep-2,2,4,13,15,24,25
1298,222,0.0207919961898132,0x1.54a7f3e9d7ee0p-6,6,9,13,14,26,27
1299,222,-0.14275203410380799,-0x1.245b2daf4e810p-3,1,3,6,10,15,17
1300,222,-0.29813134691966114,-0x1.31495803bac08p-2,0,4,12,13,21,22
1301,222,0.30914034884034847,0x1.3c8f49a092c4ap-2,1,5,13,15,24,26
1302,222,-0.031700436209147642,-0x1.03b0a21930ef0p-5,0,2,12,13,20,23
1303,222,-0.26698793337584459,-0x1.116548e91a802p-2,6,11,13,16,27,29
1304,222,-0.28020827372228807,-0x1.1eeeeaeed2c8ap-2,0,3,7,8,25,29
1305,222,-0.24697561105501065,-0x1.f9ce596320894p-3,2,4,9,11,25,27
1306,222,-0.15873370640553097,-0x1.45162d6e46e78p-3,6,9,16,17,24,28
1307,222,-0.38816009846345767,-0x1.8d79d7420cfecp-2,0,5,13,16,26,28
1308,222,-0.088591328971729943,-0x1.6adebdca48bc0p-4,6,9,13,14,27,29
1309,222,-0.096282137221947894,-0x1.8a5f2368ea7f8p-4,1,3,8,11,20,23
1310,222,0.12899520654358765,0x1.082ea38b9054cp-3,8,9,12,16,21,23
1311,222,0.074655415743390519,0x1.31c9e09164f30p-4,3,5,13,14,21,22
1312,222,0.17107176609345209,0x1.5e5adfc51f69cp-3,1,3,8,10,26,28
1313,222,0.35940414942871446,0x1.7007a42f5f422p-2,7,8,20,22,24,25
1314,222,-0.21855902516360382,-0x1.bf9bdfca96288p-3,0,2,15,16,18,23
1315,222,-0.33040115159346783,-0x1.5254adf29e652p-2,1,2,10,11,28,29
1316,222,0.1301601459732401,0x1.0a91671194cacp-3,1,3,13,14,22,23
1317,222,-0.14933457179628029,-0x1.31d652f037ae4p-3,1,3,6,8,21,23
1318,222,0.036337256500704185,0x1.29acc009801b0p-5,0,4,12,15,22,23
1319,222,-0.11656717384918558,-0x1.dd758a7782a80p-4,6,9,19,22,26,27
1320,222,0.23534558929550076,0x1.e1fcde4a41958p-3,1,5,6,10,22,23
1321,222,0.020869355068807272,0x1.55ec6b6095bc0p-6,1,5,6,10,18,20
1322,222,0.29902774136475629,0x1.3234540708936p-2,0,3,7,8,19,21
1323,222,-0.36494495235656343,-0x1.75b4212cd8ccap-2,1,2,21,22,24,29
1324,222,0.49746004268537403,0x1.fd662a599a0e6p-2,1,4,6,11,27,29
1325,222,-0.47527229706303575,-0x1.e6adc7f25277ep-2,9,10,20,22,24,29
1326,222,-0.05767613177239661,-0x1.d87b9d771c820p-5,0,3,12,14,28,29
1327,222,-0.060012664792541859,-0x1.eb9fae1427240p-5,10,11,21,23,26,28
1328,222,0.45057235568195597,0x1.cd62d6f08aefep-2,2,4,20,22,27,29
1329,222,-0.26201356059034464,-0x1.0c4d4867604d4p-2,0,3,12,14,26,28
1330,222,-0.23103975919027253,-0x1.d92b5f8e622c4p-3,3,4,21,23,25,26
1331,222,-0.24894422776252945,-0x1.fdd678a624f1cp-3,0,3,14,17,26,28
1332,222,0.4395340604065221,0x1.c215377bb2478p-2,2,4,7,9,27,29
1333,222,-0.41539159024445849,-0x1.a95c69bc88954p-2,3,5,12,16,24,26
1334,222,-0.13857451583812552,-0x1.1bccf4acab968p-3,4,5,14,17,18,19
1335,222,-0.208564473830395,-0x1.ab23d9d1ac054p-3,13,15,22,23,24,25
1336,222,-0.013019840349886458,-0x1.aaa256403e600p-7,9,10,14,17,25,26
1337,222,0.23492003677843643,0x1.e11dc1991ba6cp-3,7,9,12,16,26,28
1338,222,-0.39311140265105338,-0x1.928bcba848aa4p-2,9,11,21,23,24,25
1339,222,-0.22137382464039601,-0x1.c55fa3c82ae28p-3,6,8,15,16,27,29
1340,222,-0.15133268263899824,-0x1.35ede8d600e90p-3,6,9,14,16,27,29
1341,222,-0.076155807036017542,-0x1.37ef26c9ec440p-4,13,14,22,23,24,26
1342,222,-0.42100348866373649,-0x1.af1b89dd4028ap-2,7,10,21,22,24,26
1343,222,-0.012600471982810446,-0x1.9ce46b8a486c0p-7,0,3,10,11,18,23
1344,222,0.18115810442179692,0x1.7303052f2cff0p-3,0,1,12,14,27,28
1345,222,-0.26438395104305756,-0x1.0ebaaa9d44cf6p-2,0,3,7,11,19,21
1346,222,-0.39487146467687295,-0x1.94592f6ba4a5cp-2,7,9,19,22,26,29
1347,222,0.28293268564310547,0x1.21b91b1f39f1ep-2,2,3,6,7,18,21
1348,222,-0.42627572897308363,-0x1.b4819fec12628p-2,7,8,18,22,25,26
1349,222,0.40362214695322263,0x1.9d4f1fc46bed4p-2,1,4,12,14,24,26
1350,222,-0.15468025913126537,-0x1.3cc900f271d94p-3,0,3,7,8,25,26
1351,222,-0.40628386240738601,-0x1.a008e077baa96p-2,1,5,12,13,27,28
1352,222,-0.0098835743224455763,-0x1.43dd6e3dc2340p-7,1,3,12,13,21,23
1353,222,-0.35690460254028689,-0x1.6d78666ecf44cp-2,0,2,7,11,27,29
1354,222,-0.011394093846369469,-0x1.755c963806f00p-7,0,5,13,14,26,28
1355,222,0.13750741500692421,0x1.199d7cd34c440p-3,7,9,18,23,25,27
1356,222,0.088316078739567927,0x1.69be1ede5bc58p-4,15,17,18,22,27,29
1357,222,0.34481485753807239,0x1.6117256134246p-2,9,10,13,17,24,28
1358,222,-0.28289259051492099,-0x1.21ae98622b522p-2,1,3,8,11,15,16
1359,222,-0.45977400246843747,-0x1.d6ceff009ca22p-2,7,8,18,23,26,27
1360,222,0.18760701575211269,0x1.80381b693e6ccp-3,1,3,8,11,26,29
1361,222,-0.040644477332338225,-0x1.4cf5a59cf9160p-5,0,4,12,17,19,22
1362,222,-0.14124863379729868,-0x1.2146f6b61cd50p-3,7,8,15,16,25,26
1363,222,0.23273128137442478,0x1.dca237d2131acp-3,0,1,9,10,19,20
1364,222,0.33170312065296181,0x1.53a9fb9cbe116p-2,0,4,12,15,25,29
1365,222,-0.34016955096602153,-0x1.5c556821f9ecep-2,7,9,14,16,26,28
1366,222,0.41873273609231743,0x1.acc8463d1fd94p-2,10,11,13,15,18,20
1367,222,-0.46421713102785134,-0x1.db5bbc5007c00p-2,7,8,20,23,24,28
1368,222,0.40999668997490757,0x1.a3d62c1ba454ap-2,3,4,6,11,21,23
1369,222,0.16995789034801267,0x1.5c12e1e5ef58cp-3,7,11,20,22,24,29
1370,222,-0.14386526029271918,-0x1.26a2d45fe6eccp-3,6,11,15,16,19,20
1371,222,0.32088064892880863,0x1.4894efd446226p-2,2,3,13,14,25,28
1372,222,-0.38575800634766788,-0x1.8b042595bbcbap-2,0,3,8,10,25,26
1373,222,0.42918627129564835,0x1.b77c9b1c6d8fap-2,14,15,18,19,26,29
1374,222,-0.47030891797644325,-0x1.e198a936e764cp-2,6,7,15,16,18,23
1375,222,-0.3514080188682841,-0x1.67d780f25da02p-2,0,2,7,9,14,16
1376,222,-0.36691062933607044,-0x1.77b76b86367a4p-2,6,10,19,20,27,29
1377,222,0.48144648791652789,0x1.ed004ee1808f4p-2,0,3,16,17,18,19
1378,222,0.49535392991004135,0x1.fb3e0f83a2834p-2,6,11,19,21,24,29
1379,222,0.43218647649202913,0x1.ba8f17793a198p-2,0,2,12,16,28,29
1380,222,-0.29238442858664537,-0x1.2b66d2da8ea1ep-2,1,3,10,11,18,19
1381,222,0.019417317026590108,0x1.3e222166bcb80p-6,3,4,8,11,18,23
1382,222,0.49654491389980759,0x1.fc764518c77c2p-2,1,4,6,8,19,22
1383,222,-0.02709627316899732,-0x1.bbf201c6ad460p-6,6,9,13,16,26,27
1384,222,-0.31060646520228208,-0x1.3e0f9f07e13e2p-2,1,4,14,15,24,26
1385,222,0.33686311049720419,0x1.58f2a4ab41decp-2,0,2,10,11,18,19
1386,222,-0.49408014225256147,-0x1.f9f025124fa56p-2,2,4,14,15,27,29
1387,222,-0.035776253256125101,-0x1.25143db6abcb0p-5,6,11,13,15,27,29
1388,222,-0.31345336579450467,-0x1.40f9eb4ba253cp-2,1,3,8,11,13,16
1389,222,0.27492833141821083,0x1.1986d000bd81ap-2,4,5,6,7,20,23
1390,222,-0.082580615057687434,-0x1.52400d0f4d238p-4,2,4,6,9,24,25
1391,222,0.19639006418401905,0x1.9234f43770080p-3,1,3,12,15,19,20
1392,222,0.12148941677816616,0x1.f19ee2fdf5180p-4,1,3,12,16,24,26
1393,222,-0.26410490257012376,-0x1.0e7183fd01feap-2,3,4,8,11,22,23
1394,222,0.041767823644467406,0x1.562979927fa80p-5,1,3,12,13,26,28
1395,222,0.49225757349115573,0x1.f8125e8d694c6p-2,2,4,16,17,24,25
1396,222,0.058440667752800213,0x1.debef69826540p-5,10,11,13,15,20,23
1397,222,0.37563745055500186,0x1.80a71a95256d6p-2,2,4,20,22,24,27
1398,222,0.45818919932266178,0x1.d52f8ca9e2916p-2,6,10,15,17,20,22
1399,222,0.19569038939223526,0x1.90c61f74a6350p-3,1,5,6,9,18,19
1400,222,-0.37647826584309552,-0x1.818384bdcdb5ep-2,10,11,12,14,27,29
1401,222,0.12335502773996976,0x1.f9431f1f0ba50p-4,1,5,13,16,26,27
1402,222,-0.29252864235620601,-0x1.2b8ca0e040b3ap-2,3,4,6,7,21,22
1403,222,-0.025599823991618087,-0x1.a36d71b4f3660p-6,1,4,8,9,26,29
1404,222,-0.35361428252517801,-0x1.6a19dccb60674p-2,9,11,12,13,24,27
1405,222,-0.25942331367225246,-0x1.09a643e02b49ep-2,7,8,12,15,27,28
1406,222,-0.094973673553465088,-0x1.85031d5e4a308p-4,6,11,19,21,24,26
1407,222,-0.023269767338589875,-0x1.7d407a6d1afe0p-6,6,11,14,16,26,29
1408,222,-0.26623846106260107,-0x1.10a0d0acce122p-2,1,4,6,9,26,29
1409,222,0.45697312868720197,0x1.d3f0c38b73072p-2,1,2,6,10,18,20
1410,222,-0.43544871128483542,-0x1.bde644583700ep-2,6,9,20,22,25,27
1411,222,-0.095563742178290778,-0x1.876dd8b56d188p-4,3,5,7,8,19,21
1412,222,-0.48128978904589581,-0x1.ecd73aff67484p-2,1,3,8,11,19,23
1413,222,-0.36669673231892563,-0x1.777f5923707d0p-2,0,5,14,16,18,19
1414,222,0.3742748601828535,0x1.7f41e8b0cd22ep-2,2,5,12,13,20,22
1415,222,-0.39941669817792047,-0x1.9900b0e09a152p-2,6,8,13,15,24,27
1416,222,-0.12177676627086353,-0x1.f2cc31c8bc650p-4,2,5,6,7,18,19
1417,222,-0.32282552319158275,-0x1.4a92c621b0106p-2,2,3,12,15,19,23
1418,222,-0.15887299732900451,-0x1.455f34bdf6ed4p-3,4,5,7,8,19,22
1419,222,0.44433928947516721,0x1.c700e0f27eb08p-2,7,10,15,17,24,29
1420,222,-0.39699433117773053,-0x1.9685ae946c48ap-2,2,3,14,15,18,22
1421,222,-0.18488165956985581,-0x1.7aa33c4bdca4cp-3,2,5,12,13,24,28
1422,222,0.34433038423954698,0x1.609824ed4fd6ep-2,1,2,9,10,18,23
1423,222,0.14652432646892788,0x1.2c14f23205104p-3,9,10,19,22,26,29
1424,222,-0.38830207726187138,-0x1.8d9f0f4b3c026p-2,2,3,12,14,24,28
1425,222,0.064085183056502903,0x1.067e2f562c748p-4,0,3,15,17,25,29
1426,222,0.3820332440637999,0x1.8733b904f489cp-2,7,10,20,22,27,29
1427,222,0.42655841778823533,0x1.b4cbbad8ef974p-2,7,8,18,21,26,28
1428,222,-0.24035320167094021,-0x1.ec3e4ca5531c0p-3,0,2,13,16,25,27
1429,222,-0.20805579106699024,-0x1.aa19279302518p-3,0,2,9,10,27,28
1430,222,-0.4018388030519231,-0x1.9b7ba1957cb7cp-2,3,5,13,17,21,22
1431,222,-0.33558141441232592,-0x1.57a2a7802f79cp-2,3,5,13,16,24,28
1432,222,-0.30837588685538864,-0x1.3bc6e373acf1ap-2,3,5,13,14,24,25
1433,222,-0.11789029736406631,-0x1.e2e0efbb1c2e0p-4,0,3,10,11,12,14
1434,222,0.083283596752324995,0x1.55212e4583058p-4,6,8,18,19,26,29
1435,222,-0.25031181132589897,-0x1.0051bd4dc9fe2p-2,7,11,12,15,24,28
1436,222,-0.01664985483040704,-0x1.10ca8d7eb4280p-6,12,14,22,23,24,25
1437,222,0.071321179913636401,0x1.2421ad73dbf50p-4,9,11,19,23,24,27
1438,222,-0.39755090081032973,-0x1.97179555e71f8p-2,7,9,18,23,26,28
1439,222,-0.072195404235017691,-0x1.27b65e41c6400p-4,4,5,21,22,25,26
1440,222,0.17927176058303484,0x1.6f26086667604p-3,0,1,13,15,22,23
1441,222,0.28122736200854703,0x1.1ffa10ca44ac0p-2,7,10,21,23,24,25
1442,222,-0.24711400886872004,-0x1.fa16e8d3cbfe8p-3,8,9,19,22,26,29
1443,222,-0.25255193070476711,-0x1.029cf92bacae2p-2,7,9,12,16,26,29
1444,222,0.18206251838895537,0x1.74dd319276b4cp-3,8,10,15,17,20,22
1445,222,-0.084546454214240119,-0x1.5a4d61fd7c9c8p-4,2,4,6,11,18,19
1446,222,-0.34226327951389546,-0x1.5e7a43e08919ep-2,1,5,8,10,26,28
1447,222,-0.046571837976593589,-0x1.7d843920c5440p-5,1,5,19,20,27,28
1448,222,-0.44865696944963063,-0x1.cb6cbb8ba2712p-2,0,2,13,15,25,28
1449,222,-0.089247344553052166,-0x1.6d8e9fa1c3640p-4,7,11,15,16,27,29
1450,222,0.26535369711571599,0x1.0fb8e12bf0528p-2,6,11,15,16,19,23
1451,222,-0.4640211355388878,-0x1.db285b472b526p-2,1,5,22,23,26,27
1452,222,0.49927438053606044,0x1.ff41c880883b4p-2,2,5,9,10,20,23
1453,222,-0.079444556380359188,-0x1.4567a7b7fb600p-4,7,10,14,17,25,28
1454,222,-0.041340865841837604,-0x1.52aa1458edb30p-5,7,11,18,20,27,29
1455,222,-0.21184332204647705,-0x1.b1dae96086610p-3,8,10,13,15,20,22
1456,222,0.3968430891043121,0x1.965e08e562f42p-2,6,11,21,23,24,26
1457,222,-0.24272299716998236,-0x1.f118c136a84b4p-3,1,4,14,17,21,22
1458,222,0.24589767279532038,0x1.f79932f68c1a8p-3,1,4,6,8,18,23
1459,222,0.36957395400630899,0x1.7a719837a45b8p-2,14,15,19,22,24,26
1460,222,0.093280743841888447,0x1.7e13f3025c038p-4,8,10,13,15,26,29
1461,222,-0.052246194785301348,-0x1.ac00363e2fa30p-5,6,9,13,14,18,23
1462,222,-0.10657463171759052,-0x1.b48799dcf6f88p-4,13,16,21,23,24,26
1463,222,-0.063297013219214882,-0x1.0343ba9b60498p-4,16,17,19,20,24,28
1464,222,-0.10259666892016017,-0x1.a43c679b0ccf8p-4,13,16,18,20,25,28
1465,222,0.47667076946078568,0x1.e81c61d72c448p-2,0,4,8,9,12,13
1466,222,-0.34424755235789173,-0x1.60826e2c6bb7ap-2,6,7,21,22,24,29
1467,222,-0.44533488309709579,-0x1.c805de1aae170p-2,0,5,8,9,13,17
1468,222,0.47178388524662407,0x1.e31b5097a8014p-2,8,10,12,17,20,22
1469,222,-0.13766678561061774,-0x1.19f10b2f8b5c0p-3,1,5,19,21,26,28
1470,222,-0.23838249648410459,-0x1.e8351512b45b0p-3,0,1,13,14,22,23
1471,222,0.055421675835999218,0x1.c603ada6906d0p-5,8,11,21,23,24,26
1472,222,0.37780788973491664,0x1.82e0124a54370p-2,2,4,13,17,20,21
1473,222,0.12195125661678441,0x1.f383292e00ca0p-4,7,10,20,22,25,29
1474,222,-0.11985874095196136,-0x1.eaf0ffc8745e0p-4,9,10,22,23,24,26
1475,222,0.37255628911978178,0x1.7d7f6556c11c0p-2,0,2,9,11,12,14
1476,222,-0.4729015491541757,-0x1.e4404dbf61330p-2,6,9,16,17,20,21
1477,222,-0.41442950634752018,-0x1.a86035610a43ap-2,0,4,12,14,19,21
1478,222,-0.48690278635581485,-0x1.f296a4deeb020p-2,3,4,6,11,24,26
1479,222,-0.17810103778544473,-0x1.6cc03ca5608dcp-3,1,3,12,13,21,22
1480,222,0.137512545364737,0x1.19a02d690cd30p-3,0,5,7,9,26,27
1481,222,-0.21519038634430709,-0x1.b8b5bcbe19674p-3,3,4,13,17,24,26
1482,222,-0.20846771662940877,-0x1.aaf11f498f93cp-3,9,10,13,14,26,27
1483,222,-0.28474369840518621,-0x1.2393da2191c76p-2,2,4,16,17,25,29
1484,222,-0.43811247209029636,-0x1.c0a08e4e63e06p-2,0,4,15,16,27,29
1485,222,-0.16045705892210305,-0x1.489db5e3dcba8p-3,0,4,19,22,27,29
1486,222,0.4941754995159634,0x1.fa0924639f426p-2,1,5,13,17,20,21
1487,222,0.20227307268909633,0x1.9e4158407d21cp-3,10,11,13,15,25,26
1488,222,0.35606447428838761,0x1.6c9c2a61581f8p-2,2,4,13,15,18,23
1489,222,-0.37943818629764958,-0x1.848b71a40201ep-2,9,10,14,17,18,19
1490,222,0.1691206190194281,0x1.5a5be93e244a0p-3,1,5,9,10,12,17
1491,222,0.31973602559478398,0x1.4768e17521662p-2,2,5,12,17,27,28
1492,222,-0.46659001782927778,-0x1.ddc9c60cde022p-2,0,4,7,8,25,27
1493,222,-0.49255754599559753,-0x1.f861015dcbe2cp-2,2,4,13,14,21,23
1494,222,0.27590853579662922,0x1.1a87c467bc2dap-2,1,3,12,15,19,23
1495,222,0.018918770206214464,0x1.35f712d43d1e0p-6,2,4,6,7,14,17
1496,222,0.087733845839061742,0x1.675b9aea18e30p-4,1,4,9,11,12,14
1497,222,-0.49870583864202533,-0x1.feacbe4d2ac10p-2,6,7,14,16,18,19
1498,222,-0.46180945798328255,-0x1.d8e4941c16348p-2,8,10,12,17,27,28
1499,222,-0.49116371137675408,-0x1.f6f39eb5616cep-2,4,5,18,22,26,27
1500,222,-0.28855033195387747,-0x1.2779bcfbf7a6ep-2,1,3,15,16,28,29
1501,222,-0.33242746311355953,-0x1.5467dd6975be8p-2,0,2,12,15,19,23
1502,222,0.41497984058599846,0x1.a8f079af43beap-2,0,3,18,20,28,29
1503,222,0.35140909023645572,0x1.67d7c8d854accp-2,4,5,6,7,14,16
1504,222,-0.39459960047797449,-0x1.9411eaec45302p-2,2,5,7,9,27,28
1505,222,0.057372458839895946,0x1.d5fec44d12190p-5,0,4,12,17,27,29
1506,222,0.46124187581232889,0x1.d84fca50a37a4p-2,8,11,15,16,25,29
1507,222,0.33538789083865062,0x1.576fec5a8174ep-2,7,11,12,14,21,23
1508,222,0.00093587493841496006,0x1.eaab020773800p-11,0,5,8,9,26,28
1509,222,-0.1377412734875133,-0x1.1a1818c7818f4p-3,7,9,19,21,28,29
1510,222,0.4241917325534984,0x1.b25f514a34132p-2,6,9,13,14,24,26
1511,222,0.46276936191130713,0x1.d9e0362bffd94p-2,7,11,14,15,25,27
1512,222,0.14709589910360044,0x1.2d409d6034978p-3,6,8,21,22,24,26
1513,222,-0.25719795704296444,-0x1.075ee6b863e2ep-2,1,2,14,15,18,23
1514,222,0.24831942288322695,0x1.fc8ee4c1f5decp-3,8,11,12,15,26,28
1515,222,-0.19658358675660392,-0x1.929a6a6066628p-3,0,3,12,17,21,22
1516,222,-0.0013801030235780498,-0x1.69c92567cfc00p-10,6,8,16,17,25,26
1517,222,0.26090988560556572,0x1.0b2bf607841a2p-2,0,4,8,11,18,19
1518,222,0.43876335890217677,0x1.c14b2e94abfdap-2,4,5,14,17,19,22
1519,222,-0.21658330135375037,-0x1.bb9006a1647f0p-3,6,8,13,16,25,29
1520,222,0.42987970484939109,0x1.b83262a62b482p-2,0,4,8,11,13,16
1521,222,-0.20059429332148138,-0x1.9ad12e4ca3d3cp-3,1,5,12,15,19,23
1522,222,0.39506649824128404,0x1.948c4fe6c4276p-2,2,4,19,23,24,27
1523,222,0.24891834554558712,0x1.fdc8e6cbf1194p-3,1,3,6,11,21,22
1524,222,0.37034701996829866,0x1.7b3c3fcbbd56ep-2,1,4,13,15,26,27
1525,222,0.41072500701874193,0x1.a49518a32df1ap-2,1,2,12,14,24,27
1526,222,0.25492517737780418,0x1.050b1b0f0f052p-2,6,11,18,22,25,26
1527,222,0.48380669100068852,0x1.ef6b056dbc596p-2,9,10,18,23,25,27
1528,222,-0.21146642724552145,-0x1.b1154f69c5964p-3,9,11,12,14,25,26
1529,222,-0.39370298491043909,-0x1.9326e0121c966p-2,2,4,12,17,20,22
1530,222,-0.05545476413749395,-0x1.c64911cc18010p-5,1,2,6,11,19,23
1531,222,-0.06955658829372946,-0x1.1ce75e7f16230p-4,1,4,8,11,12,13
1532,222,0.12347590983158652,0x1.f9c1e02920ce0p-4,1,5,13,16,18,21
1533,222,0.17868591531775557,0x1.6df2e1945d5c0p-3,2,5,6,7,14,15
1534,222,0.44831341987033724,0x1.cb12ac52cdd6ep-2,12,16,20,23,24,25
1535,222,0.11882339367396055,0x1.e6b35bdd45328p-4,0,1,15,17,27,29
1536,222,0.39788032349346136,0x1.976df08481594p-2,7,11,18,22,25,26
1537,222,0.35849106768849381,0x1.6f18484e85540p-2,3,5,6,10,19,22
1538,222,-0.23715246974412141,-0x1.e5b031adbba90p-3,1,4,9,11,27,29
1539,222,0.17444192736783315,0x1.6541cf28c4b64p-3,0,3,13,17,25,28
1540,222,-0.34664741145730738,-0x1.62f789fdcf0b2p-2,9,10,13,14,24,27
1541,222,0.20799054865770217,0x1.a9f6f2e2e53a4p-3,4,5,6,9,13,16
1542,222,0.19171196263299739,0x1.88a0480e15e8cp-3,8,9,20,23,25,28
1543,222,0.11895327560689362,0x1.e73b8cc7bd2a0p-4,2,4,12,13,24,29
1544,222,0.055330198604481851,0x1.c543d62f99100p-5,0,3,8,10,21,22
1545,222,-0.27181301085456022,-0x1.16562660fd928p-2,12,17,20,21,24,28
1546,222,-0.17991324806251441,-0x1.70765b645d75cp-3,0,3,18,21,25,28
1547,222,0.19059881831168579,0x1.8658ac5a70828p-3,4,5,13,14,21,22
1548,222,-0.48248330031715148,-0x1.ee101a2ee9caap-2,8,11,22,23,25,26
1549,222,-0.39706385578267267,-0x1.9697e84c0a7c4p-2,6,7,14,15,22,23
1550,222,0.11542777223038547,0x1.d8cacaac796a8p-4,1,5,6,8,16,17
1551,222,-0.30802840949304333,-0x1.3b6bcca40bcb2p-2,8,11,15,16,18,23
1552,222,-0.12176934559394803,-0x1.f2c469cfb3858p-4,0,1,13,14,26,27
1553,222,0.49199254750831556,0x1.f7cce4f5b21dcp-2,3,5,7,10,20,23
1554,222,0.29083820186086062,0x1.29d17d55adeb4p-2,2,3,6,10,13,14
1555,222,-0.46306585483773721,-0x1.da2def79b0806p-2,3,4,6,8,21,22
1556,222,0.24628989659514799,0x1.f866d659b0e94p-3,8,9,22,23,25,27
1557,222,-0.30353828079193235,-0x1.36d2bd345776ep-2,6,10,21,23,24,28
1558,222,0.13525978780198622,0x1.150315689662cp-3,2,5,9,10,19,20
1559,222,0.01821666989190085,0x1.2a76405b60200p-6,8,11,22,23,24,26
1560,222,0.088769442940471843,0x1.6b9981e503f38p-4,8,11,18,21,25,29
1561,222,0.06297522637071451,0x1.01f24f9b86d28p-4,6,10,15,17,27,28
1562,222,0.0068028800901650532,0x1.bdd5638180980p-8,7,8,12,17,26,28
1563,222,0.26693462192858386,0x1.11574f3d69dfap-2,3,5,7,10,26,28
1564,222,0.023874246386400677,0x1.8727d8dc8f260p-6,0,2,12,15,19,22
1565,222,0.16423924434370274,0x1.505caa39685bcp-3,6,10,15,17,24,29
1566,222,-0.21728232987523965,-0x1.bcfe84a680b14p-3,10,11,19,23,24,26
1567,222,-0.31299949162426843,-0x1.4082f050c3708p-2,10,11,13,15,20,22
1568,222,0.48732897623766491,0x1.f3065dfd55f24p-2,3,5,16,17,18,21
1569,222,-0.24265291834013103,-0x1.f0f403646608cp-3,6,10,15,17,19,22
1570,222,-0.056528367793667322,-0x1.cf14945f0abd0p-5,2,5,21,22,24,25
1571,222,0.23284547493513408,0x1.dcde169ef1a40p-3,3,4,6,11,18,22
1572,222,-0.44108109963734188,-0x1.c3aac3874ded6p-2,2,4,14,16,19,21
1573,222,-0.053147145470792245,-0x1.b361a47587a30p-5,0,5,9,10,18,20
1574,222,0.20312003828848513,0x1.9ffd660ce3f74p-3,0,4,12,16,25,27
1575,222,-0.46449434442820969,-0x1.dba467c9fc070p-2,4,5,7,8,12,17
1576,222,-0.068416113164545878,-0x1.183b7e88fa828p-4,1,5,18,22,26,27
1577,222,0.46452044222647337,0x1.dbab3f2ebea0ep-2,1,3,12,15,24,29
1578,222,-0.064544093280225701,-0x1.085f631c9ddf0p-4,12,14,22,23,25,27
1579,222,0.27843025513183828,0x1.1d1cd2200860cp-2,0,4,8,9,13,16
1580,222,-0.12174884619158122,-0x1.f2aeeb0b7f490p-4,2,3,20,21,28,29
1581,222,-0.24443320273490321,-0x1.f499651e6c6f8p-3,4,5,13,14,18,23
1582,222,-0.25425047465048489,-0x1.045a3c867719ep-2,0,5,7,9,18,22
1583,222,-0.44787111709089578,-0x1.ca9eb9e2e9dd8p-2,3,5,8,10,18,22
1584,222,-0.3388840703192636,-0x1.5b046cfca05c2p-2,7,8,15,17,27,28
1585,222,-0.40457687572387124,-0x1.9e496687ceba8p-2,3,5,6,10,19,21
1586,222,-0.16973530074998411,-0x1.5b9e2e6d954fcp-3,2,5,12,17,19,21
1587,222,-0.15866865510098893,-0x1.44f4126478efcp-3,12,16,19,20,24,29
1588,222,-0.22018400375749314,-0x1.c2efd4b9ed1b0p-3,0,3,7,8,25,28
1589,222,0.47423241368455327,0x1.e59d2e8de9c74p-2,0,2,18,19,28,29
1590,222,0.21690823296127637,0x1.bc3a62366a268p-3,13,14,22,23,25,27
1591,222,-0.46526815690573031,-0x1.dc6f41771f092p-2,9,11,14,16,19,21
1592,222,0.099778067089282718,0x1.98b0e2f01ae20p-4,0,4,12,17,25,26
1593,222,-0.19164601611794641,-0x1.887db4dd1507cp-3,8,10,18,23,27,28
1594,222,-0.071071844375695914,-0x1.231c3af429060p-4,6,11,13,15,26,27
1595,222,0.29822618073945972,0x1.31623434590d4p-2,1,2,18,19,27,28
1596,222,-0.33304840126455049,-0x1.550aa3ddaa524p-2,1,2,14,16,18,23
1597,222,0.23432383872282558,0x1.dfe52d3fe6d6cp-3,0,4,13,14,21,23
1598,222,0.34558958497294523,0x1.61e23c7530242p-2,0,1,12,13,27,29
1599,222,-0.11573006215731674,-0x1.da07c40213580p-4,12,17,20,22,24,27
1600,222,-0.3359799572536224,-0x1.580b2142102a4p-2,4,5,22,23,25,27
1601,222,0.13084339426406644,0x1.0bf79f1a182a4p-3,0,2,12,13,21,23
1602,222,-0.095020463645748898,-0x1.85342d7cf2ae8p-4,0,1,15,16,18,19
1603,222,-0.41043388860481222,-0x1.a448c802e93e0p-2,0,5,14,17,25,28
1604,222,-0.058033380512051425,-0x1.db68d1ec04ca0p-5,4,5,7,9,19,21
1605,222,-0.061310559306491763,-0x1.f6418fe3de020p-5,0,1,8,9,12,17
1606,222,0.10476936229052081,0x1.ad22a38a91aa0p-4,0,2,14,16,19,23
1607,222,0.46190931606593399,0x1.d8fec178e2374p-2,8,11,12,16,27,29
1608,222,0.38300724643481709,0x1.88330d3646328p-2,3,5,6,10,18,20
1609,222,-0.063439067581510633,-0x1.03d8af08d2370p-4,8,11,13,15,18,20
1610,222,-0.44799481532715624,-0x1.cabf27226e47cp-2,3,5,14,16,24,26
1611,222,-0.14003039458481426,-0x1.1ec8416980848p-3,1,4,14,15,19,22
1612,222,-0.15255177224665839,-0x1.386d1045f84bcp-3,0,5,8,10,18,19
1613,222,-0.36205644896997879,-0x1.72beecfe871e6p-2,3,4,15,16,18,23
1614,222,-0.0527493173289868,-0x1.b01f561a0ef20p-5,2,5,19,20,24,27
1615,222,-0.22709453917678168,-0x1.d116f116ea6e4p-3,9,11,18,21,26,29
1616,222,0.089260014696637247,0x1.6d9be8bf668c8p-4,8,10,18,23,26,28
1617,222,0.16528377687290585,0x1.52804d01d3f38p-3,1,3,6,10,13,14
1618,222,0.27773428801843714,0x1.1c6660901170ep-2,8,9,13,17,25,26
1619,222,0.45930379069332383,0x1.d653bb9fd39d6p-2,10,11,12,14,25,29
1620,222,0.055842147743610293,0x1.c97578c982b70p-5,4,5,6,9,20,23
1621,222,0.2018676339706601,0x1.9d6cc73032f64p-3,2,5,13,15,20,22
1622,222,0.3291379420093381,0x1.51098963361ecp-2,2,5,6,10,18,19
1623,222,0.33546932182497147,0x1.5785451832bdap-2,0,2,14,17,27,28
1624,222,0.3869192651927178,0x1.8c349058c7c18p-2,6,9,21,23,26,28
1625,222,-0.40968024007891812,-0x1.a3833783d355cp-2,3,5,21,23,24,28
1626,222,-0.38970642849144888,-0x1.8f0f33b5a59e0p-2,13,16,20,21,25,29
1627,222,0.23760130785714939,0x1.e69b83b5ddc44p-3,6,10,22,23,24,25
1628,222,0.48839372082479671,0x1.f41d7bca0e992p-2,3,5,6,7,22,23
1629,222,-0.4213626861930635,-0x1.af79b333d0d00p-2,1,4,14,17,24,26
1630,222,0.042015622042086531,0x1.58312552f0810p-5,15,17,19,22,27,29
1631,222,0.25977676806334948,0x1.0a02ebcc5ee32p-2,1,4,6,8,26,29
1632,222,-0.39363044332376385,-0x1.9313dbe324668p-2,0,2,7,9,18,19
1633,222,-0.15044101467365623,-0x1.341a6b3000d6cp-3,9,11,22,23,24,27
1634,222,0.045737711835994288,0x1.76aeef10f1660p-5,6,8,13,15,25,29
1635,222,-0.25829413027401182,-0x1.087e41a91a428p-2,2,3,12,16,24,25
1636,222,-0.10292083209935199,-0x1.a590507f19e70p-4,3,4,12,14,26,29
1637,222,0.45135744933325694,0x1.ce30a5aec4ee6p-2,2,5,6,7,19,22
1638,222,0.33762582119133633,0x1.59ba9551352e0p-2,0,5,13,15,26,28
1639,222,0.086838478233020711,0x1.63b0be80b9450p-4,8,9,12,16,20,21
1640,222,0.12844449882287079,0x1.070de8ce5cdb8p-3,9,11,12,16,26,29
1641,222,-0.041737398781018564,-0x1.55e9ab591b520p-5,12,16,19,23,26,27
1642,222,-0.1141152192608923,-0x1.d36a7aeb38f10p-4,0,5,13,15,26,27
1643,222,-0.073827333662491279,-0x1.2e6591fa19b90p-4,0,2,9,10,12,14
1644,222,0.065354157011315306,0x1.0bb0ccf057088p-4,8,10,12,17,24,28
1645,222,-0.0315175106355291,-0x1.023102adca2d0p-5,7,9,12,14,24,26
1646,222,0.043040786572195455,0x1.6097125718210p-5,3,4,6,11,13,16
1647,222,-0.1855590829410636,-0x1.7c066685a9348p-3,8,10,15,17,24,29
1648,222,0.093228329345162897,0x1.7ddcfd1992318p-4,8,11,12,15,19,20
1649,222,0.33418667463250318,0x1.5635081938edap-2,3,5,7,8,20,23
1650,222,0.15576454168192644,0x1.3f017ae333d20p-3,0,4,7,8,15,17
1651,222,-0.22661330817336445,-0x1.d01aa35b8b33cp-3,1,3,8,11,12,16
1652,222,-0.48112445508630963,-0x1.ecabe39f9b284p-2,6,10,14,15,22,23
1653,222,-0.41225194029785073,-0x1.a6255f652ad12p-2,6,7,18,21,25,28
1654,222,-0.17404668538158685,-0x1.647296ad87684p-3,7,11,12,15,20,22
1655,222,-0.4832689064313741,-0x1.eede0b512f8cep-2,2,5,18,22,25,27
1656,222,0.19521369427457824,0x1.8fcc328520104p-3,8,11,18,19,26,29
1657,222,0.10240632461014132,0x1.a374d071aa768p-4,0,2,13,15,27,28
1658,222,0.062351988675872438,0x1.fec9990682890p-5,3,5,8,10,13,15
1659,222,0.24495514997781287,0x1.f5ab0bb121c10p-3,0,4,9,11,21,23
1660,222,0.18601855258052569,0x1.7cf74b7e42cb4p-3,2,3,13,17,20,22
1661,222,0.20467998605696081,0x1.a32f42b215438p-3,14,15,18,23,25,27
1662,222,-0.16713199635629583,-0x1.56494cd3b94e8p-3,0,2,13,14,27,28
1663,222,-0.22261217236544428,-0x1.c7e8e400023fcp-3,4,5,15,16,24,27
1664,222,0.020511279321826392,0x1.500e8a78ba360p-6,7,9,18,22,26,27
1665,222,0.051967519696259123,0x1.a9b7c9b196e30p-5,0,4,7,11,18,21
1666,222,0.015434711087563557,0x1.f9c3bdac11d40p-7,2,5,18,20,27,28
1667,222,0.28944829059111787,0x1.286521f7e3486p-2,2,3,6,10,25,29
1668,222,0.46657236301192662,0x1.ddc525416a272p-2,1,4,8,11,19,22
1669,222,0.085181864058222923,0x1.5ce7a8857a690p-4,7,9,12,14,22,23
1670,222,0.2186875513884583,0x1.bfdf424a0bc58p-3,0,1,13,16,28,29
1671,222,-0.3547088348480264,-0x1.6b38caf51920ap-2,2,5,16,17,20,21
1672,222,-0.41600768767340901,-0x1.a9fdeb55c47aap-2,7,8,21,22,25,26
1673,222,0.41179505433443264,0x1.a5ad9a4c156f0p-2,1,4,14,16,26,29
1674,222,0.13140168319000078,0x1.0d1c535f85f3cp-3,0,5,20,21,25,28
1675,222,-0.105419357089934,-0x1.afcc353110d80p-4,12,15,19,23,26,27
1676,222,-0.38096714918248908,-0x1.861c409a5b488p-2,1,3,13,15,24,26
1677,222,0.4383367606620453,0x1.c0db5a0eb6566p-2,1,5,9,10,27,28
1678,222,-0.28495669358161169,-0x1.23cbaffed656cp-2,1,3,6,11,19,23
1679,222,-0.41565235857988914,-0x1.a9a0c59a6c6e2p-2,6,7,18,22,25,26
1680,222,0.32353816126805346,0x1.4b4d96769df74p-2,2,4,14,17,24,25
1681,222,0.090527090525799991,0x1.72cc88d35d900p-4,6,8,16,17,19,21
1682,222,-0.097961852161121188,-0x1.914072749a050p-4,7,11,12,14,24,27
1683,222,0.4913458214886729,0x1.f7235be947c96p-2,7,11,12,16,26,29
1684,222,0.14508098249251788,0x1.292037d89d848p-3,1,3,13,17,21,22
1685,222,0.27689129483078312,0x1.1b89643f61984p-2,8,11,12,13,27,28
1686,222,0.40026098535724197,0x1.99de0407e577ap-2,3,5,6,10,14,15
1687,222,0.01697450122251587,0x1.161c37e776aa0p-6,9,10,18,20,25,29
1688,222,-0.40086540106336044,-0x1.9a7c75aea904ap-2,7,10,12,14,26,27
1689,222,0.28056643146444493,0x1.1f4cce7dfb1a0p-2,7,11,19,22,26,27
1690,222,0.42193153823563412,0x1.b00ed2377df98p-2,6,8,15,17,27,28
1691,222,-0.021899453487959963,-0x1.66ccf721fce80p-6,1,2,13,17,24,27
1692,222,0.16666140922187145,0x1.555293b0e7db0p-3,7,10,20,23,25,27
1693,222,0.23857801785390553,0x1.e89b9781d0f44p-3,3,5,13,17,20,22
1694,222,-0.014321274676287743,-0x1.d5478f2f93800p-7,3,4,15,16,19,23
1695,222,0.41476430555211541,0x1.a8b7f95f93f46p-2,3,5,14,16,25,26
1696,222,0.27643394393278398,0x1.1b117ff2c84cap-2,0,1,15,16,26,29
1697,222,-0.09934380133484555,-0x1.96e9869cb21b0p-4,9,11,12,13,26,27
1698,222,-0.19428677242384074,-0x1.8de6392cd8a8cp-3,2,3,14,15,25,28
1699,222,-0.28716303213772654,-0x1.260e10de9b5fcp-2,9,10,13,14,25,29
1700,222,-0.081104994810400899,-0x1.4c34c0440bf78p-4,1,3,12,14,26,29
1701,222,0.48979148399616323,0x1.f58be6167dc6cp-2,9,11,12,14,24,29
1702,222,0.18515183217194942,0x1.7b30e23fc8b60p-3,8,11,12,16,27,28
1703,222,-0.32151033802101692,-0x1.493a018c81338p-2,2,5,14,15,19,23
1704,222,-0.32003541417687598,-0x1.47b75d15ce554p-2,6,9,19,21,24,29
1705,222,0.093328418815667225,0x1.7e45f0a99c648p-4,4,5,13,15,18,23
1706,222,-0.38186532433724896,-0x1.8707b41e05090p-2,9,11,12,14,24,27
1707,222,-0.40980243307681041,-0x1.a3a33fbf8b658p-2,0,1,10,11,18,19
1708,222,0.48465096603327562,0x1.f04857c459d4cp-2,1,4,6,8,20,21
1709,222,0.13045016464528902,0x1.0b2974b7464fcp-3,0,2,15,17,18,20
1710,222,-0.30794831672258982,-0x1.3b56cdb4ba22cp-2,8,11,12,13,25,28
1711,222,-0.16980087787831011,-0x1.5bc0900a8e324p-3,8,11,21,23,26,28
1712,222,0.19467285590230943,0x1.8eb0a46c279b8p-3,0,2,9,11,27,29
1713,222,-0.24937820587601855,-0x1.feba003494cc0p-3,1,3,6,10,19,20
1714,222,0.030218597205980635,0x1.ef19fbaec3860p-6,4,5,12,16,21,23
1715,222,0.28027512654315345,0x1.1f0071598a592p-2,1,2,12,14,19,22
1716,222,0.12187029298608387,0x1.f32e43abaaac8p-4,1,4,21,23,24,26
1717,222,-0.15221578119361467,-0x1.37bce8514b180p-3,7,11,12,15,25,28
1718,222,0.11076312274147826,0x1.c5af8d5c70920p-4,1,4,13,17,24,26
1719,222,0.39494676074174484,0x1.946cec74300eap-2,7,10,12,15,20,22
1720,222,-0.18913499242766818,-0x1.835934f80c600p-3,6,7,15,17,19,20
1721,222,-0.30287303991106473,-0x1.362459a508522p-2,1,3,20,21,28,29
1722,222,-0.38466793078778683,-0x1.89e663da36d22p-2,8,9,18,21,28,29
1723,222,0.25331879324525564,0x1.03660071cd5f4p-2,2,4,18,21,25,29
1724,222,-0.26744305385643075,-0x1.11dc97876c464p-2,2,3,6,11,20,23
1725,222,0.43807783158245639,0x1.c097799eff3a6p-2,0,3,8,10,12,13
1726,222,-0.23907110984908464,-0x1.e99e1d31c30e4p-3,6,9,14,16,19,21
1727,222,-0.42663597393194708,-0x1.b4e00f8d56db6p-2,0,1,9,10,19,22
1728,222,-0.10677878698771015,-0x1.b55dac604cdd0p-4,4,5,6,8,19,20
1729,222,0.12113015353468393,0x1.f0262bffdad58p-4,6,7,15,16,27,28
1730,222,-0.13447392695789029,-0x1.136710f397350p-3,4,5,15,16,24,26
1731,222,-0.13633651816659997,-0x1.173799b6355d4p-3,0,1,8,11,19,21
1732,222,-0.098677937515559311,-0x1.942f512774fa0p-4,6,10,18,21,26,28
1733,222,-0.34171776195655712,-0x1.5deb42d0434dap-2,8,11,13,15,22,23
1734,222,-0.38954111176353057,-0x1.8ee3dd7de32b4p-2,0,5,12,14,19,22
1735,222,-0.15691486060787663,-0x1.415c941489af4p-3,0,3,14,15,19,22
1736,222,-0.32887657045588636,-0x1.50c5050a1d5c2p-2,6,8,13,17,18,21
1737,222,0.073858494902980021,0x1.2e863ec23dc68p-4,0,5,20,22,25,27
1738,222,-0.33689752789015881,-0x1.58fbaa6190e02p-2,7,9,19,20,24,28
1739,222,0.45960607456034908,0x1.d6a2f98d1e592p-2,2,4,13,17,18,20
1740,222,0.14530769901104812,0x1.29971538e02e4p-3,7,9,14,17,18,22
1741,222,0.120163095484914,0x1.ec302354b3880p-4,0,5,12,17,27,28
1742,222,-0.095230116542444176,-0x1.861003c24e188p-4,0,3,14,17,18,22
1743,222,-0.24716414778549334,-0x1.fa31325bdbf70p-3,6,8,13,15,25,28
1744,222,-0.10981699546870016,-0x1.c1cf774154298p-4,12,13,21,23,24,28
1745,222,-0.063630096950037185,-0x1.04a0fe1711480p-4,9,10,13,14,25,28
1746,222,0.29599780844406498,0x1.2f1a0cabd1d9ap-2,16,17,18,20,25,29
1747,222,0.44748826336392244,0x1.ca3a5d01f7afep-2,8,11,12,13,24,29
1748,222,-0.012676486660448849,-0x1.9f6213d141640p-7,8,11,19,23,24,27
1749,222,-0.34987119233515462,-0x1.6644a243916c6p-2,0,5,12,15,22,23
1750,222,0.081426307297562728,0x1.4d85abee08830p-4,13,16,20,21,25,28
1751,222,-0.099247648978289082,-0x1.9684b3e910f48p-4,2,4,9,11,19,23
1752,222,-0.25898593890384536,-0x1.09339c26dd0d0p-2,8,10,13,15,20,23
1753,222,-0.14670894837259563,-0x1.2c75bdba53a98p-3,15,16,18,19,26,27
1754,222,0.40286258675360787,0x1.9c88028b8e09ap-2,3,4,7,11,18,19
1755,222,-0.10320159503568083,-0x1.a6b6b7392c2d0p-4,0,1,12,17,26,28
1756,222,0.25625485907151302,0x1.0667ac7c9cea4p-2,4,5,7,8,25,26
1757,222,-0.24335652013977782,-0x1.f264e73a26520p-3,3,4,7,8,18,21
1758,222,0.11034122172831329,0x1.c3f5282b94a50p-4,7,11,21,22,25,26
1759,222,0.33376629819801518,0x1.55c6d51d11e0cp-2,0,2,12,15,25,27
1760,222,0.043501428708547785,0x1.645d1bb43d580p-5,1,5,20,22,24,27
1761,222,0.33802607693811493,0x1.5a23820693d94p-2,3,4,13,17,20,21
1762,222,0.022497966640847245,0x1.709b4fbcbb660p-6,7,9,18,19,28,29
1763,222,-0.092926712751009277,-0x1.7ca0b8830bc28p-4,8,11,20,22,25,27
1764,222,0.3074408001655341,0x1.3ad1c2d8ab0cap-2,0,1,18,19,28,29
1765,222,-0.2324741041648084,-0x1.dc1b621470208p-3,0,2,12,16,20,21
1766,222,-0.13835199340520343,-0x1.1b584a381813cp-3,1,2,12,16,27,29
1767,222,-0.23327101531738514,-0x1.ddbd31af24a08p-3,1,5,13,16,26,28
1768,222,0.38730483293839546,0x1.8c99a35c366d8p-2,0,2,13,14,21,23
1769,222,-0.16084001089956013,-0x1.49667cd59d7acp-3,8,10,19,21,26,28
1770,222,0.26219011167606154,0x1.0c7b908beedeep-2,1,2,6,10,24,27
1771,222,-0.012694247069105491,-0x1.9ff710012be40p-7,0,3,18,23,25,26
1772,222,-0.49492349229000954,-0x1.facd3955a17bep-2,0,3,12,17,26,29
1773,222,-0.38292275894362782,-0x1.881ce75a3a572p-2,2,3,6,11,13,14
1774,222,-0.26588010962014386,-0x1.1042e01de6d2ap-2,0,3,12,14,19,23
1775,222,0.086488495256312192,0x1.6241c2a9b2a28p-4,6,7,14,15,24,27
1776,222,-0.41086619419805925,-0x1.a4ba1b8c735a6p-2,0,4,19,23,26,27
1777,222,-0.37658963801922662,-0x1.81a0b6cd3860cp-2,2,3,7,11,20,22
1778,222,0.37077171787959073,0x1.7bab94ca4c5eep-2,1,4,14,17,18,21
1779,222,-0.34084574933272471,-0x1.5d06ab09756b2p-2,7,10,12,17,25,27
1780,222,-0.21380983984145252,-0x1.b5e1eeed74cf8p-3,0,4,13,14,26,29
1781,222,0.094361436280923194,0x1.8281232d484e8p-4,0,2,9,10,13,14
1782,222,-0.32304052354039459,-0x1.4acb228f8e0acp-2,7,8,12,16,24,27
1783,222,-0.047414040749970909,-0x1.846a734c8e050p-5,1,2,14,17,21,22
1784,222,0.10271359705419225,0x1.a4b703433c878p-4,0,3,8,11,12,13
1785,222,-0.38781763644426004,-0x1.8d2011055c470p-2,1,4,13,17,18,21
1786,222,-0.49635775881106436,-0x1.fc453554d6670p-2,1,5,9,10,26,27
1787,222,-0.43258118801791678,-0x1.baf6901d9b6c2p-2,2,4,14,17,24,27
1788,222,0.25787163891177545,0x1.080f80bec49acp-2,0,1,8,11,19,20
1789,222,-0.3948426992999956,-0x1.9451a5023b3b4p-2,3,4,6,11,13,15
1790,222,-0.30723677936350124,-0x1.3a9c473dfa79ep-2,0,1,9,11,12,13
1791,222,-0.069545183333767024,-0x1.1cdb690034a60p-4,7,10,14,15,27,28
1792,222,0.018024963441436337,0x1.27522d1f862e0p-6,4,5,12,14,25,26
1793,222,-0.19818490655111753,-0x1.95e1f7e1953acp-3,2,4,14,15,25,27
1794,222,-0.0079920079978764713,-0x1.05e1d27d78d40p-7,7,9,14,16,25,27
1795,222,0.21453930160086543,0x1.b76061a0a8c00p-3,1,3,14,15,26,29
1796,222,0.40398198943869912,0x1.9dad74633fb94p-2,12,17,19,22,27,29
1797,222,-0.16768342424543714,-0x1.576a6839b93bcp-3,1,4,8,9,22,23
1798,222,0.37172431974027409,0x1.7ca54cd1a6386p-2,1,4,8,11,26,29
1799,222,-0.04412914109008903,-0x1.698184390a420p-5,4,5,14,16,25,26
1800,222,0.37659926067604144,0x1.81a33c91349c2p-2,6,11,18,23,26,27
1801,222,-0.11671476658869651,-0x1.de104d9756f00p-4,0,4,7,11,18,23
1802,222,-0.21878087757825959,-0x1.c010305182ac0p-3,4,5,16,17,18,19
1803,222,0.17819463348219422,0x1.6cf14ed907a40p-3,3,5,7,8,20,22
1804,222,0.21553945421557075,0x1.b96cbfd6d41a4p-3,7,9,20,21,24,29
1805,222,0.067486208970541361,0x1.146c6b475a198p-4,2,5,9,10,18,19
1806,222,-0.2813352185423722,-0x1.201656eb68f62p-2,12,13,20,23,25,28
1807,222,0.2796571955378172,0x1.1e5e74b3b439ep-2,0,3,12,15,22,23
1808,222,-0.48319155517380219,-0x1.eec9c45cb30e8p-2,9,11,13,14,24,26
1809,222,0.22412161535957897,0x1.cb0046025e60cp-3,0,4,12,16,26,27
1810,222,0.20485673111951064,0x1.a38bed0430ab0p-3,2,5,20,23,25,27
1811,222,-0.42574361376159442,-0x1.b3f6224658fd4p-2,1,2,14,15,27,28
1812,222,-0.41192114403074154,-0x1.a5cea808925f0p-2,1,2,13,15,20,22
1813,222,-0.18928686965809738,-0x1.83a8d595f32f8p-3,2,4,9,11,12,13
1814,222,0.39166541659501763,0x1.9110bd2cffcfep-2,10,11,12,15,19,22
1815,222,-0.1912411088158219,-0x1.87a96b201e2c0p-3,16,17,19,20,27,29
1816,222,0.26883588480841658,0x1.1349b6d4f936ap-2,7,9,12,16,20,21
1817,222,0.48366122722968885,0x1.ef44e3852dcfep-2,3,5,15,16,18,19
1818,222,-0.25989471169961431,-0x1.0a21d6dc9cde6p-2,0,5,12,13,22,23
1819,222,0.01549163783138563,0x1.fba146ec73980p-7,2,4,6,7,19,21
1820,222,-0.44214172267284502,-0x1.c4c0ccbc4ed18p-2,0,3,12,15,26,28
1821,222,0.1863198226082643,0x1.7d953f4597960p-3,7,11,12,16,19,21
1822,222,-0.38998130451898172,-0x1.8f574253d77e8p-2,1,4,14,17,24,27
1823,222,0.40944111484305545,0x1.a34488178e084p-2,6,7,15,17,26,28
1824,222,-0.33990819515417969,-0x1.5c10e4d7517f6p-2,0,3,10,11,18,19
1825,222,-0.27899745090393502,-0x1.1db181fd32f60p-2,6,7,18,22,25,27
1826,222,0.06733398025881443,0x1.13cccbb1f0190p-4,0,4,13,15,20,22
1827,222,0.36080954229785656,0x1.71780e81041e8p-2,9,11,14,16,26,27
1828,222,-0.23336747557002901,-0x1.ddefc45c2fd40p-3,9,11,12,14,27,29
1829,222,-0.086635761770718189,-0x1.62dc2e37822d8p-4,4,5,20,22,24,25
1830,222,0.28268316159959295,0x1.2177b1d8ccf02p-2,6,9,13,14,21,22
1831,222,-0.22097465077399703,-0x1.c48e5b928e014p-3,9,10,20,23,24,28
1832,222,-0.099785730712173892,-0x1.98b8ec20428f0p-4,1,2,12,13,21,22
1833,222,-0.44599673870360024,-0x1.c8b35e7b6b21ap-2,2,3,19,23,24,28
1834,222,0.41459598777992424,0x1.a88bd9c245366p-2,1,3,8,10,24,29
1835,222,0.40431473482919111,0x1.9e04ae8d87768p-2,1,4,14,16,26,27
1836,222,0.25003004175950283,0x1.0007e0117f91ap-2,2,5,13,14,22,23
1837,222,-0.16425972124191734,-0x1.5067669645dc4p-3,1,4,12,17,20,21
1838,222,-0.042036012379534027,-0x1.585be84d94460p-5,0,1,14,17,28,29
1839,222,-0.12626980259610665,-0x1.0299be04fb320p-3,0,4,13,17,20,22
1840,222,0.48143177654526959,0x1.ecfc739e11860p-2,1,5,16,17,24,26
1841,222,-0.080004224886035868,-0x1.47b28296d6708p-4,1,3,12,17,24,29
1842,222,0.34094341944679829,0x1.5d2045913ddbep-2,1,4,9,11,21,22
1843,222,-0.03224476297896095,-0x1.08262b4ec7f50p-5,2,3,7,10,20,21
1844,222,-0.35659890790327986,-0x1.6d28439cef844p-2,1,2,13,14,27,29
1845,222,0.091826804526432659,0x1.781f622565398p-4,0,5,9,10,12,14
1846,222,0.44607263778652684,0x1.c8c743fbbbfe2p-2,14,15,18,22,25,29
1847,222,-0.051809448535476976,-0x1.a86c49e2ad6a0p-5,7,8,15,17,25,27
1848,222,-0.45935315801776289,-0x1.d660ac9c00a06p-2,2,3,13,16,21,23
1849,222,0.22580828286550292,0x1.ce7492b096054p-3,4,5,15,17,24,25
1850,222,0.30253947954821414,0x1.35cce8c9a23e4p-2,0,1,12,14,21,23
1851,222,0.089225653590343845,0x1.6d77e10227f18p-4,2,5,9,10,27,28
1852,222,-0.2254212939215442,-0x1.cda9ade9b864cp-3,2,3,7,10,24,25
1853,222,0.091879704379033478,0x1.7856da5795e68p-4,6,11,21,23,24,25
1854,222,-0.1764470277929111,-0x1.695d0f2ec6910p-3,1,2,10,11,27,29
1855,222,-0.22947511770112206,-0x1.d5f70cee2d330p-3,2,4,15,16,18,23
1856,222,0.32992911660669666,0x1.51d8f0374bb50p-2,6,7,19,22,24,26
1857,222,0.28694316836618705,0x1.25d46e0fc6096p-2,8,11,15,16,20,23
1858,222,-0.41800166696139618,-0x1.ac08a10517398p-2,10,11,12,15,19,23
1859,222,0.28882020296343913,0x1.27c07bb89bb3ep-2,0,4,12,17,20,22
1860,222,-0.33644186324266578,-0x1.5884373e87bc4p-2,0,1,8,9,19,22
1861,222,0.20337486404432459,0x1.a083002f30c8cp-3,7,11,12,16,26,28
1862,222,-0.060177963810024604,-0x1.ecfa5650202c0p-5,0,2,7,11,12,16
1863,222,0.15846731832472649,0x1.448a836d84240p-3,0,5,7,8,25,27
1864,222,0.23059250583434099,0x1.d840e23a16e78p-3,0,4,8,9,16,17
1865,222,0.13573697908136717,0x1.15fd44f019350p-3,1,3,6,10,24,26
1866,222,-0.44034892677256054,-0x1.c2ead43d44736p-2,0,1,14,15,26,28
1867,222,0.14284048511538339,0x1.24898d60ec3acp-3,3,5,6,10,26,28
1868,222,0.49988891792229828,0x1.ffe2e1686fb7cp-2,7,8,12,15,25,26
1869,222,-0.41570986470965188,-0x1.a9afd8c635ccep-2,0,2,15,17,25,29
1870,222,-0.32830803248257112,-0x1.502ffb1a1b640p-2,2,3,16,17,19,21
1871,222,-0.43509186039774606,-0x1.bd88b87ca80e4p-2,6,9,20,22,25,29
1872,222,-0.20399500411411076,-0x1.a1c821f9bd6c0p-3,3,5,8,10,20,21
1873,222,-0.49307157643845978,-0x1.f8e7c15d8fb7ap-2,15,17,20,22,24,27
1874,222,-0.49229510623128769,-0x1.f81c3554fa168p-2,2,3,10,11,22,23
1875,222,-0.43912262629333476,-0x1.c1a95c9b743a0p-2,2,3,6,7,14,17
1876,222,-0.11920895669858067,-0x1.e847a6a692298p-4,0,1,19,23,27,28
1877,222,0.016392655075167184,0x1.0c93c75c51200p-6,0,4,12,14,21,23
1878,222,0.24313276075738943,0x1.f1ef96c0503d8p-3,0,4,21,22,25,26
1879,222,-0.48920968860621061,-0x1.f4f36275ccd1ap-2,6,8,19,21,26,29
1880,222,-0.27088481063995073,-0x1.1562d3eaba1a6p-2,8,9,18,20,27,29
1881,222,0.32348477399691411,0x1.4b3f97b44864ep-2,6,9,18,23,26,28
1882,222,-0.20966710720322124,-0x1.ad65f2c3e0ca8p-3,2,3,7,11,12,16
1883,222,-0.074468077757056994,-0x1.31057069002f0p-4,1,5,15,17,18,20
1884,222,0.36372910714779061,0x1.7475672f36504p-2,1,2,12,17,20,21
1885,222,0.027525591282881012,0x1.c2fab2973bfe0p-6,1,3,14,15,19,23
1886,222,0.38436597569851993,0x1.89973bfd47f5ep-2,1,4,16,17,20,21
1887,222,-0.37787631750255402,-0x1.82f202666cef6p-2,2,5,20,21,25,28
1888,222,-0.24490784856953662,-0x1.f5923f011e798p-3,3,5,12,13,20,22
1889,222,-0.091400833359153166,-0x1.7660b861ace30p-4,2,3,12,16,21,23
1890,222,-0.22612396229573184,-0x1.cf1a147737830p-3,6,9,14,17,27,28
1891,222,-0.31790211764779808,-0x1.458821fa8178cp-2,0,5,20,23,27,28
1892,222,-0.10282410709603218,-0x1.a52ae4137c5a8p-4,7,9,22,23,24,27
1893,222,-0.088083402473018602,-0x1.68ca244f12840p-4,0,5,7,10,20,23
1894,222,0.49108791682211139,0x1.f6dfc038d8d18p-2,6,7,22,23,24,26
1895,222,0.4436529926564432,0x1.c64cf858ed84cp-2,1,3,18,19,26,29
1896,222,-0.44988934083733867,-0x1.ccafca96dc892p-2,1,2,6,10,15,17
1897,222,-0.35424607374605821,-0x1.6abf7b95e7244p-2,3,4,12,15,25,29
1898,222,0.089899417463813247,0x1.703a5f1efc060p-4,12,16,19,21,24,29
1899,222,0.0014959805572066776,0x1.88298e464d600p-10,2,5,7,10,27,28
1900,222,-0.40506647164724818,-0x1.9ec9bec1b9632p-2,2,5,6,10,14,17
1901,222,0.12296212510221971,0x1.f7a7221f5f010p-4,1,4,12,17,24,26
1902,222,0.15703624369346558,0x1.419c37d799d90p-3,4,5,16,17,19,20
1903,222,0.38397151629707416,0x1.892fd4445da8ep-2,8,9,13,17,18,22
1904,222,0.16038824054424983,0x1.4879a13e677e8p-3,8,11,19,23,27,28
1905,222,0.35306292541534756,0x1.698953d85b242p-2,0,4,13,14,18,22
1906,222,-0.21777228298101248,-0x1.bdff650b07970p-3,3,5,8,10,19,20
1907,222,-0.49798905419623096,-0x1.fdf0d7b627b6ep-2,2,4,6,11,22,23
1908,222,0.0028453725435273469,0x1.74f2dc09ed000p-9,4,5,7,9,16,17
1909,222,-0.33977123018968258,-0x1.5becfd47253f6p-2,12,17,19,22,24,27
1910,222,-0.36976471704730229,-0x1.7aa39a1bbb3eep-2,8,10,21,22,26,29
1911,222,0.034274768953279522,0x1.18c766776eef0p-5,6,7,14,17,26,27
1912,222,0.038857264855046258,0x1.3e519738763e0p-5,3,4,12,16,24,26
1913,222,-0.10238897239583789,-0x1.a3629e7e94278p-4,3,5,6,7,18,22
1914,222,0.26570870838493554,0x1.1015f1931a50ep-2,1,4,6,9,24,26
1915,222,-0.04064367037870964,-0x1.4cf3f4621c5c0p-5,3,5,12,14,24,26
1916,222,-0.033689395939082156,-0x1.13fbc8b8f8a70p-5,6,8,16,17,18,20
1917,222,-0.39217629766890438,-0x1.9196a9d30468ap-2,7,8,12,15,26,27
1918,222,-0.09197234590693848,-0x1.78b7fe9ce83e8p-4,6,8,13,17,20,22
1919,222,-0.28520818349497301,-0x1.240d9d32a6602p-2,1,4,6,9,20,23
1920,222,-0.36409795561411484,-0x1.74d6182f9cc1cp-2,0,5,12,16,19,21
1921,222,-0.21911285226527577,-0x1.c0be3d34e6af4p-3,0,5,15,17,18,20
1922,222,-0.15290697619196914,-0x1.39274af0991acp-3,1,4,6,8,13,16
1923,222,-0.49283727517564746,-0x1.f8aa55ac84422p-2,3,5,12,14,22,23
1924,222,0.40437539210625362,0x1.9e1495319d388p-2,3,5,6,7,14,17
1925,222,0.26817095240315125,0x1.129b67f93c1dcp-2,16,17,18,21,25,28
1926,222,-0.34647937095414061,-0x1.62cb7cfbf25dep-2,6,9,14,17,27,29
1927,222,0.26154916390921901,0x1.0bd38b45251bep-2,6,8,20,22,27,29
1928,222,0.042241233015881341,0x1.5a0a494b11d30p-5,3,4,6,7,24,25
1929,222,0.16086204881594601,0x1.49720ab6a8068p-3,0,3,8,11,20,21
1930,222,0.28637835542107937,0x1.25405e1b43612p-2,7,8,20,23,24,27
1931,222,-0.23118167883109364,-0x1.d975c7b01c838p-3,1,2,9,11,24,29
1932,222,0.16592552807686511,0x1.53d0c3654b174p-3,0,3,7,8,21,23
1933,222,-0.29099793735183532,-0x1.29fb5d0084b32p-2,0,2,14,16,19,21
1934,222,0.15639291614660245,0x1.404aede167e40p-3,9,11,12,13,20,22
1935,222,0.11993939086569216,0x1.eb459114532f8p-4,3,4,8,11,18,21
1936,222,0.28025325523801103,0x1.1efab5976112cp-2,0,2,12,13,20,22
1937,222,0.30077885785504888,0x1.33ff5f77433e6p-2,1,5,13,15,26,28
1938,222,-0.077729724737613637,-0x1.3e61861acd580p-4,0,1,9,11,12,14
1939,222,0.49299871725472544,0x1.f8d4a7de50e48p-2,6,10,13,14,24,27
1940,222,-0.16511305274782917,-0x1.5226cacd8ea44p-3,0,2,12,14,21,22
1941,222,-0.1509803028352964,-0x1.353529382466cp-3,3,5,14,17,24,26
1942,222,0.15837218697631295,0x1.4458a31d462acp-3,0,1,8,9,12,16
1943,222,0.05763816355741691,0x1.d82bfd6f611d0p-5,0,3,15,17,26,28
1944,222,-0.44308261894214429,-0x1.c5b7733721522p-2,7,10,22,23,24,25
1945,222,-0.22439478805869273,-0x1.cb8f7ea0d6e90p-3,2,5,14,15,18,23
1946,222,-0.25042115510344953,-0x1.006e673d955c2p-2,2,5,6,9,24,25
1947,222,0.26395570601669816,0x1.0e4a6793bcbb8p-2,6,11,21,22,25,29
1948,222,-0.42383848079464115,-0x1.b202b6f7327dcp-2,1,4,6,11,13,16
1949,222,-0.35232293736611164,-0x1.68c7581678f0cp-2,0,5,13,16,21,23
1950,222,0.4548010442900482,0x1.d1b75d6da64d6p-2,16,17,18,20,27,28
1951,222,-0.007891738179828689,-0x1.0298b2b20af00p-7,0,5,18,20,27,28
1952,222,-0.32451165811526339,-0x1.4c4cc8bb1a688p-2,9,11,14,16,24,25
1953,222,-0.46477063750850944,-0x1.dbecd580f5e1cp-2,7,10,12,17,19,20
1954,222,-0.19761261088237647,-0x1.94b5eba822c6cp-3,0,5,18,23,26,28
1955,222,0.43582170542415288,0x1.be480b8ebc174p-2,0,5,18,21,25,28
1956,222,-0.3027737730616562,-0x1.360a53f58b9c8p-2,8,9,12,16,26,29
1957,222,0.40477288716048077,0x1.9e7cc8a2a5a54p-2,7,8,12,17,27,29
1958,222,-0.10475357546031006,-0x1.ad1215cbdb8b8p-4,6,9,13,17,25,28
1959,222,-0.374471073098681,-0x1.7f75585107066p-2,8,10,12,15,24,27
1960,222,0.13598943167733923,0x1.1681a08d3f134p-3,8,9,20,22,27,29
1961,222,0.35816894366086827,0x1.6ec3d6eddd7cap-2,2,3,7,11,24,25
1962,222,-0.40056984359150838,-0x1.9a2efb27f51bcp-2,0,2,7,10,20,21
1963,222,-0.08797246092300437,-0x1.6855cfa9ce9c0p-4,15,17,18,22,26,27
1964,222,-0.25231953108045435,-0x1.02600d1887ca2p-2,8,11,18,21,26,28
1965,222,-0.0097985870704492273,-0x1.41148181de040p-7,1,3,10,11,14,15
1966,222,0.076622682857681923,0x1.39d8b4d016a00p-4,0,4,14,15,25,26
1967,222,0.046586115157358221,0x1.7da22a218dab0p-5,16,17,20,21,24,28
1968,222,-0.0497949536538842,-0x1.97eb962e60680p-5,2,4,19,22,24,27
1969,222,-0.41229591415574285,-0x1.a630e66e4b196p-2,0,1,12,15,19,22
1970,222,0.01892390618284201,0x1.360c9d8abe860p-6,2,4,7,11,19,23
1971,222,0.35437651977375961,0x1.6ae1adab98294p-2,2,4,9,11,13,14
1972,222,0.10888491857185756,0x1.bdfe1cc4b3348p-4,7,8,12,17,25,27
1973,222,-0.184763979985752,-0x1.7a65899c240d4p-3,1,3,14,16,26,28
1974,222,0.011373743002070058,0x1.74b1df1d0e540p-7,8,10,20,23,25,27
1975,222,-0.076068932446314297,-0x1.37940e9193ac8p-4,8,9,12,17,19,21
1976,222,-0.36134204100726641,-0x1.7203a5e32f34ep-2,1,3,6,11,19,22
1977,222,-0.36808682100484769,-0x1.78ebc06937bbap-2,3,4,18,19,26,29
1978,222,0.012424604805808537,0x1.972123a741080p-7,0,4,15,16,25,29
1979,222,-0.4329061887841118,-0x1.bb4bc28c414aep-2,1,5,6,10,19,22
1980,222,-0.026891297901462163,-0x1.b896474229580p-6,3,5,12,14,19,22
1981,222,-0.35436003360565693,-0x1.6add5b4d620e4p-2,15,17,20,22,24,29
1982,222,-0.015973271876048245,-0x1.05b4c21455ea0p-6,13,17,20,21,24,29
1983,222,-0.13683243516064536,-0x1.183b9a9060480p-3,2,3,6,7,19,20
1984,222,-0.31367739480443935,-0x1.4134a5a0b7db4p-2,2,5,7,9,18,20
1985,222,-0.30653181740977975,-0x1.39e37a0bd5734p-2,9,11,20,21,24,29
1986,222,0.30742778639819979,0x1.3ace5981d9074p-2,8,11,12,16,20,23
1987,222,-0.35734963986847557,-0x1.6ded1061e3d1ep-2,7,9,12,14,24,29
1988,222,0.067415186404125582,0x1.1421f24dc05c8p-4,0,5,16,17,26,28
1989,222,-0.37674386398694937,-0x1.81c924bb2ba48p-2,8,9,12,13,21,23
1990,222,0.18174537925187872,0x1.7436ebe0afff4p-3,8,10,20,22,25,29
1991,222,-0.44331831425546042,-0x1.c5f53c75c7bc0p-2,3,5,6,7,21,23
1992,222,0.12054224772302213,0x1.edbdb53c1b7c8p-4,2,3,13,14,24,29
1993,222,-0.015954699807662731,-0x1.0566dc790cd80p-6,6,9,13,14,18,22
1994,222,-0.15264396491418664,-0x1.389d6629e7d70p-3,9,10,20,23,24,27
1995,222,-0.050033520220841621,-0x1.99dfe5a1ac310p-5,3,4,8,11,18,20
1996,222,-0.30305775750305064,-0x1.3654c5d5194b4p-2,0,5,7,8,19,21
1997,222,0.099355469010329767,0x1.96f5c2a13fee0p-4,12,13,22,23,24,25
1998,222,-0.48299882794041371,-0x1.ee973ea80aa86p-2,3,4,6,7,14,15
1999,222,0.27905935795226855,0x1.1dc1bc8030e5ap-2,12,14,19,23,24,28
2000,222,-0.18528448195162606,-0x1.7b766e33821f4p-3,1,4,12,13,26,29
2001,222,-0.084171326595113949,-0x1.58c4086fca8b8p-4,6,9,14,16,25,29
2002,222,0.11212511464824348,0x1.cb43b447975f8p-4,0,4,7,11,19,20
2003,222,-0.46276438652703045,-0x1.d9dee8478c63ap-2,4,5,19,22,26,27
2004,222,0.37432974828016741,0x1.7f504c2b22076p-2,0,1,12,15,22,23
2005,222,-0.10882181052797824,-0x1.bdbbf054f2618p-4,6,7,14,16,27,29
2006,222,-0.083030233611857907,-0x1.5417829f13208p-4,10,11,19,22,24,27
2007,222,0.20576184499435357,0x1.a56677581f7a4p-3,4,5,8,9,12,16
2008,222,-0.29665535150390887,-0x1.2fc66ba39218ep-2,2,3,7,10,21,22
2009,222,-0.37357927367062138,-0x1.7e8b90ab83d7cp-2,8,10,12,13,27,29
2010,222,-0.23868965445864954,-0x1.e8d61f1e58f74p-3,0,5,14,16,26,28
2011,222,-0.45376238815473191,-0x1.d0a716651e234p-2,7,8,15,16,18,20
2012,222,-0.39001880090538621,-0x1.8f6116aadae64p-2,2,5,7,10,18,22
2013,222,0.23839377901788239,0x1.e83aff639cfdcp-3,1,5,6,8,19,22
2014,222,-0.13768407783530456,-0x1.19fa1c1bdc440p-3,0,3,12,14,21,23
2015,222,0.19684954367494012,0x1.9325da8287f84p-3,12,16,19,20,24,27
2016,222,0.27094397083639765,0x1.1572561729aecp-2,0,3,18,19,26,28
2017,222,-0.21479713325549699,-0x1.b7e78f34daf58p-3,0,5,14,16,18,21
2018,222,-0.19700150176869935,-0x1.937585fae0274p-3,6,9,18,22,25,26
2019,222,0.098596211171042447,0x1.93d99ee7d3818p-4,0,4,15,17,26,27
2020,222,-0.19399045282806093,-0x1.8d4addd50fe08p-3,1,4,9,11,18,19
2021,222,-0.062776429436493086,-0x1.0121db763af08p-4,6,9,21,23,24,26
2022,222,0.39722019059227731,0x1.96c0e3bf9e6e6p-2,6,11,20,23,27,28
2023,222,0.10381150735643185,0x1.a9364150b59c0p-4,1,2,9,11,12,16
2024,222,-0.027316940901992659,-0x1.bf8f8df340b00p-6,1,2,10,11,24,27
2025,222,-0.39085500192672518,-0x1.903c4b2b03618p-2,8,9,19,20,27,29
2026,222,-0.36678419684580899,-0x1.779646c891cb0p-2,6,8,15,16,24,25
2027,222,0.413094466566302,0x1.a7023c603e4aep-2,9,10,21,23,24,25
2028,222,0.4605023160774363,0x1.d78deb4d23ae2p-2,4,5,13,15,18,20
2029,222,-0.13303798220424157,-0x1.107637b58b5c8p-3,2,3,10,11,19,20
2030,222,0.16371695763191607,0x1.4f4ad616a3384p-3,0,3,7,10,20,22
2031,222,0.018798182668842589,0x1.33fd4af25cc80p-6,6,7,15,17,25,29
2032,222,-0.23278142234555332,-0x1.dcbc81a0b9600p-3,9,11,20,21,25,29
2033,222,0.006495741305771352,0x1.a9b47478b8700p-8,1,2,18,20,27,28
2034,222,-0.098636580841268584,-0x1.9403f38e70ad0p-4,0,4,18,23,25,27
2035,222,0.073279228013976794,0x1.2c26d6fcbd0f8p-4,0,4,14,17,25,29
2036,222,0.24087290663410021,0x1.ed4ec643e32b0p-3,7,10,14,15,26,27
2037,222,0.34412877718821078,0x1.60634b4e8b18ap-2,3,4,6,8,24,29
2038,222,-0.16017935414693218,-0x1.480c1cfc719d4p-3,9,10,13,17,27,28
2039,222,0.028900777630906371,0x1.d982a5b03cce0p-6,1,2,14,15,28,29
2040,222,0.28233972158818965,0x1.211da9fa55032p-2,8,9,21,23,24,28
2041,222,-0.25947691353216606,-0x1.09b450e6c02d6p-2,2,3,15,16,18,23
2042,222,-0.13879995478348583,-0x1.1c432693d9ce4p-3,0,3,13,16,26,29
2043,222,-0.43152479247898556,-0x1.b9e1a29c71148p-2,7,11,22,23,25,26
2044,222,0.051479196461193699,0x1.a5b7b32734b90p-5,0,2,21,23,25,28
2045,222,-0.48989505325484484,-0x1.f5a70c80ce942p-2,1,5,9,10,14,17
2046,222,-0.2773062803602514,-0x1.1bf62d747da1ap-2,8,10,13,17,27,28
2047,222,-0.066210381912588656,-0x1.0f329e0f86188p-4,1,5,15,16,19,23
2048,222,0.067456493617359725,0x1.144d429fd48d8p-4,3,5,7,8,19,22
2049,222,0.44246454176277195,0x1.c5156cc20afd4p-2,3,5,7,10,12,17
2050,222,-0.43872845340371702,-0x1.c142081cc6458p-2,2,3,13,15,24,29
2051,222,0.39525846032131839,0x1.94bea24230836p-2,7,10,15,17,25,27
2052,222,-0.28883224833694887,-0x1.27c3a4128ca46p-2,0,4,7,8,22,23
2053,222,-0.3766512972197138,-0x1.81b0e0ae37f54p-2,1,5,12,14,24,28
2054,222,0.31947266416716114,0x1.4723d792417bap-2,3,4,14,15,25,29
2055,222,0.04291448390685515,0x1.5f8e321cf2fc0p-5,0,2,7,10,25,29
2056,222,-0.32665473663467703,-0x1.4e7e944bb7bccp-2,1,3,8,11,13,15
2057,222,-0.041594060952347522,-0x1.54bd116ff0f40p-5,3,4,15,16,18,19
2058,222,-0.43238553671618618,-0x1.bac3462dd6740p-2,6,10,14,15,24,26
2059,222,-0.08911103363156847,-0x1.6cffb0f290c38p-4,2,5,15,17,25,28
2060,222,0.38051031034445526,0x1.85a47eaae1882p-2,12,15,19,20,24,29
2061,222,-0.21639533399134592,-0x1.bb2d7a13ffa5cp-3,3,5,6,7,24,25
2062,222,0.36257931182089975,0x1.7347fdb9e865cp-2,1,5,6,8,18,20
2063,222,0.078354193045500842,0x1.40f0538a28898p-4,2,4,13,17,27,29
2064,222,0.4172420042036471,0x1.ab417cea49e40p-2,0,1,8,9,28,29
2065,222,-0.076659504125909383,-0x1.39ff50f25fac8p-4,1,3,8,11,28,29
2066,222,0.49215629553260121,0x1.f7f7d1e75506ap-2,0,3,18,20,25,29
2067,222,0.31900912580995988,0x1.46aa5409ead4cp-2,2,5,9,10,13,17
2068,222,-0.47317391282135413,-0x1.e487b3c38d628p-2,7,10,12,15,24,29
2069,222,0.093411386716135136,0x1.7e9cf03051238p-4,9,10,13,17,26,28
2070,222,0.070590988710627078,0x1.2124043e789f0p-4,6,7,14,15,27,28
2071,222,0.329124615697586,0x1.51060b12eb368p-2,7,10,21,23,24,26
2072,222,-0.39739134015113287,-0x1.96edc166a6a20p-2,6,8,19,22,24,27
2073,222,0.26833495748913372,0x1.12c6662b28532p-2,6,10,13,17,26,29
2074,222,-0.31520847769385951,-0x1.42c602dc77e1cp-2,1,2,13,14,24,27
2075,222,-0.44159009933781868,-0x1.c43031eb92c32p-2,6,11,22,23,24,27
2076,222,0.27710336709146843,0x1.1bc0fc2d13cdcp-2,7,10,14,17,26,27
2077,222,-7.3734726211638346e-05,-0x1.35440f35cc000p-14,0,3,14,17,19,21
2078,222,-0.22794714885403322,-0x1.d2d5f46c5b2b8p-3,1,3,6,10,19,22
2079,222,-0.044290655568287818,-0x1.6ad43ca5e4f00p-5,0,4,7,11,19,23
2080,222,-0.21548061676507513,-0x1.b94de6cf6c5a8p-3,8,11,13,15,24,29
2081,222,0.48861866545814159,0x1.f45873916e78ep-2,8,9,21,23,25,28
2082,222,0.49825408282194628,0x1.fe36517b46626p-2,7,10,19,23,27,28
2083,222,-0.49478695994374733,-0x1.faa96ecdc85a4p-2,1,2,13,15,27,29
2084,222,-0.388564907167679,-0x1.8de3f582a242ap-2,2,5,12,13,24,27
2085,222,-0.27023191067096275,-0x1.14b7ac8aab654p-2,6,7,16,17,25,29
2086,222,-0.22491478903081186,-0x1.cca01ffa314f0p-3,2,4,12,14,21,23
2087,222,-0.24032492929660632,-0x1.ec2f79fdf0828p-3,2,3,18,23,25,28
2088,222,-0.11664681207735972,-0x1.ddc90c30e0f18p-4,0,5,7,10,12,14
2089,222,-0.39860607943634763,-0x1.982c312ca9df6p-2,7,11,14,16,21,23
2090,222,-0.072573650936134992,-0x1.2942fd1526fe0p-4,2,4,16,17,19,21
2091,222,-0.18407212703302145,-0x1.78faceadb2250p-3,3,4,22,23,25,26
2092,222,0.23868302654329976,0x1.e8d2a588e9018p-3,2,5,12,17,24,28
2093,222,-0.41130804795654707,-0x1.a52defda3849ep-2,0,5,7,10,19,22
2094,222,-0.062421570004527638,-0x1.ff5b853780600p-5,1,2,9,10,24,28
2095,222,0.030512682906170485,0x1.f3eb77cc7e7e0p-6,2,5,12,16,24,28
2096,222,0.27870083392101896,0x1.1d63c05c3c1cep-2,10,11,18,19,27,28
2097,222,-0.03854471771074397,-0x1.3bc221c009cf0p-5,0,3,7,8,19,20
2098,222,0.27106299525418309,0x1.159189af170f6p-2,9,10,20,23,25,28
2099,222,0.38459085182505637,0x1.89d22f2bb7b46p-2,2,3,7,10,24,29
2100,222,0.14032208701587867,0x1.1f612fb51e08cp-3,1,3,8,10,13,17
2101,222,-0.19233605764213657,-0x1.89e77cab50fe4p-3,3,4,8,11,18,19
2102,222,0.31640416296749829,0x1.43ff73f10dfccp-2,2,4,9,11,24,29
2103,222,0.13617233017716524,0x1.16e184c5d92acp-3,1,4,6,8,19,23
2104,222,0.17821326744177912,0x1.6cfb13db01858p-3,6,10,14,15,24,29
2105,222,0.27771752082338008,0x1.1c61fb55d9b82p-2,9,11,13,14,24,29
2106,222,0.029467002455791924,0x1.e2c990f6f6380p-6,8,10,13,17,25,26
2107,222,-0.028370764127609083,-0x1.d0d39c05cc920p-6,10,11,13,14,24,25
2108,222,-0.45106909890177094,-0x1.cde50ed013c24p-2,2,5,6,7,16,17
2109,222,0.26919410767172203,0x1.13a79ec2e75f2p-2,9,11,19,21,24,28
2110,222,-0.39163051920989944,-0x1.910797407cf24p-2,1,4,14,15,24,27
2111,222,0.18624624125545852,0x1.7d6eab598f9b4p-3,3,5,13,15,24,28
2112,222,-0.31929251927634983,-0x1.46f49e4098f50p-2,1,3,6,11,18,20
2113,222,-0.30448940207894271,-0x1.37cc11dfa16fep-2,3,4,12,13,20,22
2114,222,0.12003169041866901,0x1.eba6598d4ef88p-4,0,4,7,11,12,15
2115,222,0.18251340717041364,0x1.75c996d707154p-3,8,10,12,13,25,28
2116,222,-0.44446473565125688,-0x1.c721c37f63c5ap-2,1,4,13,17,18,20
2117,222,0.36635161301854691,0x1.7724e093018b0p-2,1,2,6,11,27,28
2118,222,0.2085241984741647,0x1.ab0ebc26f81dcp-3,7,8,21,22,24,29
2119,222,0.27286499895022787,0x1.1769ec1adb724p-2,0,1,15,16,18,20
2120,222,-0.1134872704223131,-0x1.d0d8072f9e480p-4,6,8,16,17,25,27
2121,222,0.046643980955939357,0x1.7e1b84985a2a0p-5,2,5,14,17,18,19
2122,222,-0.44781322663576795,-0x1.ca8f8cec77aa0p-2,14,15,18,23,25,26
2123,222,-0.42202077164527008,-0x1.b0263691cbe5ep-2,1,2,13,14,24,29
2124,222,-0.46836348011352946,-0x1.df9aad16e9d60p-2,1,4,13,16,21,23
2125,222,-0.22190575599785312,-0x1.c67686667081cp-3,4,5,12,17,20,22
2126,222,-0.14998006849970069,-0x1.3328c00a107ecp-3,8,9,12,13,20,21
2127,222,0.34956957061458405,0x1.65f590c5dd984p-2,0,1,13,15,26,27
2128,222,-0.37923476765870157,-0x1.84561e7266b04p-2,9,11,19,23,24,28
2129,222,-0.22707327105313724,-0x1.d10bca87c0724p-3,1,5,13,17,27,28
2130,222,-0.12493308714417184,-0x1.ffb9d6378f820p-4,7,11,12,14,22,23
2131,222,0.27766319911047843,0x1.1c53bdddedd0ap-2,1,3,12,17,28,29
2132,222,0.39143513992667767,0x1.90d45f91f607ep-2,3,5,16,17,25,28
2133,222,-0.27689868755481628,-0x1.1b8b545d69bc8p-2,15,16,20,23,25,27
2134,222,0.091414566537081576,0x1.766f1eda79fc0p-4,1,5,8,10,21,23
2135,222,-0.20745626623391156,-0x1.a8ded4b6996f4p-3,2,4,22,23,25,27
2136,222,0.26542825834803008,0x1.0fcc6ce427f70p-2,6,11,13,16,18,23
2137,222,0.48691289509967139,0x1.f2994b41d0a86p-2,9,10,13,17,28,29
2138,222,0.39025625708368217,0x1.8f9f5614ef64ep-2,2,3,6,10,14,17
2139,222,0.31181308455404466,0x1.3f4bede27f7e2p-2,1,4,8,11,19,23
2140,222,-0.4280130698863478,-0x1.b6490ee5b0908p-2,6,8,13,15,25,26
2141,222,0.29507350342749494,0x1.2e27bf9c8c874p-2,1,3,6,10,13,17
2142,222,-0.23794094643132557,-0x1.e74d953a6a268p-3,1,2,6,10,18,23
2143,222,-0.30589344385243944,-0x1.393c2185a0cf0p-2,9,11,12,16,21,23
2144,222,-0.35831007343443821,-0x1.6ee8d5fce9bfcp-2,8,9,13,16,25,29
2145,222,-0.39073003512884141,-0x1.901b88c9c5f1cp-2,3,4,15,17,19,20
2146,222,0.34305170626625858,0x1.5f48f24d0097cp-2,0,1,8,11,12,15
2147,222,-0.48422833915323338,-0x1.efd98dc1d6900p-2,2,3,16,17,19,20
2148,222,0.29346697658507981,0x1.2c829b6b8e3fep-2,0,1,8,11,20,23
2149,222,-0.34990747451300896,-0x1.664e251ea326ap-2,8,10,21,23,24,28
2150,222,-0.078182618589570096,-0x1.403c6adf53558p-4,8,11,19,20,27,28
2151,222,-0.081876537142091199,-0x1.4f5dc5955c348p-4,9,11,13,16,25,27
2152,222,0.42808091607488563,0x1.b65ad7fa555aep-2,8,10,13,15,18,20
2153,222,0.49175636463992767,0x1.f78efafee9d20p-2,8,9,13,17,24,27
2154,222,0.049472425704775502,0x1.9547324e95eb0p-5,1,4,9,11,24,27
2155,222,-0.088137428847720467,-0x1.6902cae745938p-4,2,5,7,10,20,22
2156,222,0.3125950337087825,0x1.4018e99aaf592p-2,0,4,8,9,21,23
2157,222,-0.23185158271562278,-0x1.dad500aa50c54p-3,7,9,16,17,27,29
2158,222,-0.34437381591264338,-0x1.60a38793c62c2p-2,7,9,22,23,24,26
2159,222,0.010570304313794798,0x1.5a5e23ab12f80p-7,7,9,20,21,24,28
2160,222,0.11763634050138938,0x1.e1d6a4b464b60p-4,3,4,6,7,18,20
2161,222,0.43519350793824252,0x1.bda35df01ae60p-2,7,10,19,21,28,29
2162,222,0.1061049098056821,0x1.b29b0fd8f78a0p-4,0,2,7,9,18,23
2163,222,-0.25722834239980841,-0x1.0766ddd8d88aep-2,0,2,9,11,28,29
2164,222,0.16748601184492706,0x1.5702e7fb4a9c0p-3,12,14,21,23,24,25
2165,222,0.39695469126366956,0x1.967b4a63e28c2p-2,6,10,14,17,18,22
2166,222,-0.10054954830133911,-0x1.9bd9d7d94f268p-4,3,5,6,7,20,23
2167,222,-0.10416993069401859,-0x1.aaae16d8eb188p-4,9,10,19,21,24,28
2168,222,-0.17543729314562062,-0x1.674baae47940cp-3,2,5,7,9,19,22
2169,222,0.10355305647831825,0x1.a8273fef9a7e0p-4,1,3,13,14,18,23
2170,222,0.091674091981114092,0x1.777f40af30aa0p-4,0,5,15,17,27,28
2171,222,-0.4952361358873052,-0x1.fb1f2e7dbbca0p-2,2,4,9,11,21,22
2172,222,0.26690609896177198,0x1.114fd51893334p-2,0,3,8,11,20,23
2173,222,-0.093703327635388689,-0x1.7fcf0f7b86a00p-4,0,4,21,22,25,29
2174,222,-0.086531902447466003,-0x1.626f46b129140p-4,1,5,19,23,27,28
2175,222,0.080170831052889135,0x1.4861359771de8p-4,0,4,9,11,12,14
2176,222,0.49515010999129394,0x1.fb08a16417f8ep-2,6,10,18,19,27,29
2177,222,0.48367271306108917,0x1.ef47e65242878p-2,2,3,12,14,24,29
2178,222,0.12396066432866426,0x1.fbbe2d7483438p-4,8,10,18,21,28,29
2179,222,-0.11925048854353792,-0x1.e8733345396b0p-4,3,5,14,15,25,28
2180,222,-0.20420937767653258,-0x1.a23886b541fc8p-3,1,3,6,11,21,23
2181,222,-0.47509712541517479,-0x1.e67fdc6053bfcp-2,9,11,14,16,24,29
2182,222,-0.16510596301142499,-0x1.5223133c11ba4p-3,2,4,13,14,25,27
2183,222,0.017649051809634386,0x1.21297d14fa800p-6,2,3,12,15,25,29
2184,222,0.011968404303051239,0x1.882e408890880p-7,7,8,12,17,24,25
2185,222,-0.33091530361228849,-0x1.52db761b0af24p-2,3,4,12,13,25,29
2186,222,0.3803924658965524,0x1.85859a42ae946p-2,3,5,16,17,24,26
2187,222,0.079126055801367445,0x1.4419aededa7f8p-4,7,11,14,15,25,29
2188,222,-0.054044585993688332,-0x1.babbb62bcccf0p-5,1,4,14,17,26,29
2189,222,0.036916362133173064,0x1.2e6b390193a10p-5,6,7,19,20,28,29
2190,222,-0.21754808562778438,-0x1.bd89d9c8a1434p-3,3,4,12,17,25,26
2191,222,-0.15451033091031741,-0x1.3c6fe9913b4acp-3,0,2,12,17,27,28
2192,222,0.16342018566464245,0x1.4eaf3e077cb28p-3,0,5,8,9,18,19
2193,222,0.41717618200512951,0x1.ab303ba98758ep-2,3,4,7,11,14,16
2194,222,0.49061775294969756,0x1.f664800f061a0p-2,1,2,9,10,21,23
2195,222,-0.4157728474831176,-0x1.a9c05b7a04e6ap-2,7,11,12,14,26,27
2196,222,-0.042589228918751609,-0x1.5ce4162bc5cd0p-5,1,2,12,16,28,29
2197,222,0.33347505989412118,0x1.557a7c711b898p-2,3,5,12,13,26,28
2198,222,-0.27063133382766547,-0x1.15206160402fap-2,0,5,7,9,22,23
2199,222,0.074740342236031432,0x1.3222edd987968p-4,0,5,15,17,26,28
2200,222,0.0078209402069023826,0x1.0046cd34d0a40p-7,10,11,13,14,22,23
2201,222,-0.094804665709317781,-0x1.8451e5abacfc0p-4,8,11,13,16,24,28
2202,222,0.47224556918888227,0x1.e39457ad637c8p-2,0,1,8,10,20,23
2203,222,-0.090019589775304221,-0x1.70b861a159290p-4,0,2,10,11,19,23
2204,222,-0.13103446014742115,-0x1.0c5bcb87db860p-3,14,17,18,22,26,27
2205,222,-0.10294509404414331,-0x1.a5a9c14340788p-4,0,1,8,9,18,22
2206,222,-0.024843045642025885,-0x1.9707492431c00p-6,1,2,12,13,24,27
2207,222,-0.40918967363071812,-0x1.a3029e286b5d4p-2,7,11,21,22,24,25
2208,222,-0.39790502501828484,-0x1.97746a35786aep-2,6,7,20,23,25,28
2209,222,-0.4987135157989272,-0x1.feaec181b7e1ap-2,6,10,13,17,27,29
2210,222,-0.031744418104151628,-0x1.040cdeb2cfed0p-5,2,3,16,17,28,29
2211,222,0.48408857058411225,0x1.efb4ea0c1ac70p-2,0,4,14,16,19,21
2212,222,0.13478294460729345,0x1.140914992cdc8p-3,0,5,12,14,27,28
2213,222,0.47826543740254912,0x1.e9be6a31cde8ep-2,6,11,14,15,18,19
2214,222,-0.21120079451030616,-0x1.b08a0aca7ce3cp-3,6,9,13,17,18,21
2215,222,-0.045546454322095475,-0x1.751dd67863990p-5,9,10,12,14,22,23
2216,222,0.00021391071140652862,0x1.c09a704fea000p-13,7,11,14,15,18,23
2217,222,0.33161889265442068,0x1.5393e72abef26p-2,7,11,15,16,25,29
2218,222,0.39652535703622827,0x1.960abe420573ap-2,10,11,13,14,27,29
2219,222,0.096805928700202215,0x1.8c845f9d386d8p-4,2,4,20,22,24,25
2220,222,-0.082435180564176536,-0x1.51a78d4902050p-4,4,5,20,23,24,27
2221,222,0.18213478760730517,0x1.75031561e5f40p-3,0,4,14,17,19,21
2222,222,0.47496869543480003,0x1.e65e319610a40p-2,2,3,12,13,21,23
2223,222,0.049975870077320184,0x1.9966fef2478f0p-5,7,10,12,17,24,25
2224,222,0.012890589861976887,0x1.a6661af111480p-7,10,11,21,23,25,26
2225,222,-0.12070465077768344,-0x1.ee67fff90b450p-4,3,4,6,7,14,16
2226,222,0.45768074296026073,0x1.d4aa42bc17dc8p-2,6,8,15,17,27,29
2227,222,0.066014015127950021,0x1.0e64b640d5ca0p-4,3,4,20,22,24,29
2228,222,-0.39150353286820982,-0x1.90e64d57bfebap-2,1,4,9,11,12,13
2229,222,-0.26061080224888755,-0x1.0add8ee292bc0p-2,1,2,14,15,27,29
2230,222,-0.44178080191692926,-0x1.c4622fc0ef7a6p-2,6,9,14,17,25,28
2231,222,-0.4727328884120795,-0x1.e414171de4dcep-2,9,11,12,16,20,21
2232,222,-0.13350903661925906,-0x1.116d2f9000608p-3,0,4,7,11,14,16
2233,222,0.40989448488733815,0x1.a3bb613d9b876p-2,0,3,13,14,22,23
2234,222,0.28429343405999918,0x1.231dd167055acp-2,1,2,6,11,19,22
2235,222,0.011978040453452632,0x1.887f160245700p-7,6,10,13,14,18,21
2236,222,0.084942691300641582,0x1.5becde12ba488p-4,1,4,8,9,18,22
2237,222,-0.12401432996930228,-0x1.fbf67337418f8p-4,0,2,13,16,20,23
2238,222,0.013714682883192886,0x1.c167193aaa600p-7,7,9,16,17,25,28
2239,222,0.18368352029742097,0x1.782f10c3eebf0p-3,6,7,15,17,24,26
2240,222,0.35395259181814365,0x1.6a728c58c6014p-2,0,1,9,11,13,16
2241,222,0.46798476904842079,0x1.df3766385b37ep-2,1,2,12,15,24,27
2242,222,-0.32748092406908702,-0x1.4f5728cbc3298p-2,1,4,12,16,20,21
2243,222,0.4960245871921859,0x1.fbedde9002652p-2,2,5,7,9,25,28
2244,222,0.42640526316681548,0x1.b4a394d093322p-2,14,15,19,22,26,27
2245,222,-0.31640753099834595,-0x1.440055f7624e6p-2,3,5,14,15,18,19
2246,222,-0.37991700521938798,-0x1.8508f6a27235ap-2,15,16,18,20,28,29
2247,222,0.47931757132093422,0x1.ead239b4e2e0ap-2,7,8,18,23,27,28
2248,222,0.079347708669027961,0x1.45021a5befa90p-4,7,10,14,15,18,19
2249,222,-0.45676233994169058,-0x1.d3b981c060406p-2,7,10,12,14,25,27
2250,222,-0.32681150759188049,-0x1.4ea7ad04411bcp-2,6,9,18,23,27,28
2251,222,0.016004538118731815,0x1.0637e5f3aeb60p-6,1,2,9,11,21,23
2252,222,-0.10656208407939094,-0x1.b47a71a1d5588p-4,12,17,19,21,24,26
2253,222,-0.19331186417310808,-0x1.8be717346b18cp-3,9,10,18,19,28,29
2254,222,-0.19703124793647309,-0x1.93851e716af20p-3,6,7,14,16,24,26
2255,222,-0.067205771571373751,-0x1.13465bf006218p-4,0,4,7,11,21,22
2256,222,-0.40167801077581378,-0x1.9b517aff37c34p-2,2,3,12,16,25,29
2257,222,0.11510732063501217,0x1.d77ac61a85610p-4,1,2,13,17,24,29
2258,222,0.10563646358719447,0x1.b0afdc45f41a0p-4,6,9,16,17,25,27
2259,222,0.10619237681079641,0x1.b2f6c717ca420p-4,6,10,14,15,19,22
2260,222,0.27864523199824764,0x1.1d552cfa79a86p-2,2,5,9,10,25,27
2261,222,0.24277977786206406,0x1.f136863061b5cp-3,15,16,18,23,25,27
2262,222,-0.40744406786624932,-0x1.a1390489bd2dep-2,0,3,13,14,18,21
2263,222,-0.00049154238263793282,-0x1.01b5b3aa0a800p-11,6,9,14,16,25,27
2264,222,-0.24996285901242776,-0x1.ffec87056260cp-3,1,5,8,10,20,22
2265,222,0.26401689158245423,0x1.0e5a71abc0bc6p-2,3,5,14,15,26,28
2266,222,0.099349151402507774,0x1.96ef22c28bc50p-4,9,10,14,17,25,27
2267,222,-0.22346683450417459,-0x1.c9a8facf7d148p-3,6,9,18,22,26,27
2268,222,-0.48626096725202872,-0x1.f1ee651eacd76p-2,8,10,13,15,28,29
2269,222,-0.14661323883675548,-0x1.2c438fcfb74ccp-3,6,8,20,22,24,25
2270,222,0.18838817823604725,0x1.81d1a943d0928p-3,3,4,13,14,24,25
2271,222,0.49905092470283219,0x1.ff0734a28c842p-2,1,2,6,9,14,16
2272,222,-0.27284025725054839,-0x1.17636fb7b17e0p-2,4,5,7,8,15,16
2273,222,0.16723348286392536,0x1.567e821d92ea4p-3,1,3,13,16,20,23
2274,222,0.10753366336262027,0x1.b87537f5c8d10p-4,3,5,7,10,20,22
2275,222,-0.34254705656392415,-0x1.5ec4a7d521e94p-2,7,11,22,23,24,25
2276,222,-0.27004008385422218,-0x1.148563430d4b2p-2,9,10,18,21,26,29
2277,222,0.22423966028003528,0x1.cb3e29baf382cp-3,1,2,12,14,27,29
2278,222,-0.26889633570200333,-0x1.13598f9f6ad88p-2,2,3,6,7,25,28
2279,222,-0.48056952639395512,-0x1.ec1a6afd43d60p-2,6,7,15,17,25,27
2280,222,0.46507143053625932,0x1.dc3baf61d4244p-2,1,2,12,14,21,22
2281,222,-0.019361408589833817,-0x1.3d37a22ca93e0p-6,6,10,13,15,20,23
2282,222,-0.25994192551757733,-0x1.0a2e3753d43cap-2,1,2,12,13,20,23
2283,222,-0.15055544750363992,-0x1.34566a1a1a2b8p-3,6,8,19,23,24,27
2284,222,-0.16469860473218512,-0x1.514d80882c2acp-3,1,4,8,9,20,21
2285,222,-0.45189175753316557,-0x1.cebcb67fbf64cp-2,1,4,6,11,22,23
2286,222,0.10224573373206447,0x1.a2cc6c288e4c8p-4,7,10,14,15,25,27
2287,222,0.20336126832827384,0x1.a07bdf65f1b2cp-3,8,9,19,20,24,28
2288,222,0.31409583885083792,0x1.41a256eeb2364p-2,4,5,13,17,24,26
2289,222,-0.28436701912664719,-0x1.23311b9cd6fecp-2,6,7,19,22,26,27
2290,222,0.28278491689430374,0x1.21925e8773d3cp-2,3,5,13,16,20,23
2291,222,-0.29247076522189153,-0x1.2b7d74cea80eap-2,2,5,16,17,25,28
2292,222,0.41477786632012492,0x1.a8bb876bcc630p-2,1,5,15,16,26,28
2293,222,-0.3064374190128295,-0x1.39cabb13b916ep-2,10,11,13,15,25,28
2294,222,-0.43411880251679358,-0x1.bc89a3ad8da16p-2,0,2,15,17,27,28
2295,222,0.27628889141549917,0x1.1aeb79a382ba6p-2,4,5,14,16,25,27
2296,222,-0.34457753307756989,-0x1.60d8eece04a12p-2,2,4,12,17,19,22
2297,222,-0.48686413148992713,-0x1.f28c82c960f40p-2,2,3,12,16,20,21
2298,222,0.13353749761856326,0x1.117c1b887dc30p-3,2,5,13,15,18,20
2299,222,-0.41713086541661848,-0x1.ab245a847759ep-2,2,5,9,10,24,25
2300,222,-0.3654250425351655,-0x1.7631fb7b4fd0cp-2,12,16,19,23,27,28
2301,222,-0.12555485910975084,-0x1.0122e7edd7968p-3,6,7,19,22,24,27
2302,222,-0.11897814840714027,-0x1.e755a1858e8c8p-4,1,2,6,10,18,19
2303,222,0.19728120432525886,0x1.94082b058a334p-3,1,2,9,11,18,21
2304,222,-0.26715848905229744,-0x1.1191feb55045ep-2,1,4,12,15,27,29
2305,222,0.29052765871806074,0x1.298015231c2e4p-2,1,3,12,15,24,28
2306,222,0.038479602905161392,0x1.3b3993814db30p-5,6,10,15,17,25,29
2307,222,-0.35984334484184677,-0x1.707ac6171dad8p-2,0,3,15,16,25,29
2308,222,0.14575785265181174,0x1.2a8317d2329f8p-3,1,5,14,16,24,28
2309,222,-0.19606726752567283,-0x1.918bb72eb5f5cp-3,6,11,13,15,24,29
2310,222,-0.077290531198986101,-0x1.3c94fefca44d8p-4,6,8,16,17,24,29
2311,222,-0.17203087286565621,-0x1.6051b8e6e1f34p-3,2,3,6,11,19,20
2312,222,0.27564908525247034,0x1.1a43c0f953a2ep-2,2,4,6,11,19,21
2313,222,0.37682612260255199,0x1.81deb5036d008p-2,1,2,13,15,20,23
2314,222,-0.33914903071276159,-0x1.5b49e22d86908p-2,0,5,13,15,18,23
2315,222,-0.16349613580991673,-0x1.4ed70fe29b948p-3,1,4,13,16,24,26
2316,222,-0.33874025911940131,-0x1.5adeb9fb068c4p-2,3,5,12,17,25,26
2317,222,-0.40049627706172897,-0x1.9a1bb230997a6p-2,13,16,21,23,24,28
2318,222,0.39699819544032877,0x1.9686b1e7f2ec0p-2,0,1,8,11,20,22
2319,222,-0.48002104076213781,-0x1.eb8aa2bddc6e6p-2,1,5,9,10,19,21
2320,222,0.36659722529169436,0x1.77654355ba8b2p-2,3,4,6,8,24,25
2321,222,0.34519821125326866,0x1.617ba3cfe1c7ap-2,7,9,12,17,19,21
2322,222,0.15411274103294814,0x1.3b9f75f511438p-3,3,4,14,17,19,21
2323,222,-0.18844542964811328,-0x1.81efad6b5ac20p-3,1,4,18,19,27,29
2324,222,-0.037429161607991812,-0x1.329ea420bc9c0p-5,6,8,15,17,19,22
2325,222,0.10736293907786232,0x1.b7c23382450e0p-4,2,3,6,10,25,28
2326,222,0.31234208442638423,0x1.3fd69a771a690p-2,0,3,7,11,18,20
2327,222,-0.078843677971995763,-0x1.42f196a62d5f8p-4,1,5,6,8,15,17
2328,222,-0.066118771653350672,-0x1.0ed28e9e72010p-4,0,1,8,10,12,13
2329,222,-0.30150396353908593,-0x1.34bd747c0f1acp-2,3,5,15,17,24,26
2330,222,0.17911419976392928,0x1.6ed36cf1e1de4p-3,6,8,13,16,24,28
2331,222,-0.38991410988503605,-0x1.8f45a4f8d21acp-2,0,5,7,10,21,23
2332,222,0.0053873998268508805,0x1.6111921119d80p-8,3,4,12,15,20,23
2333,222,-0.18686479542187429,-0x1.7eb2f848e2ac8p-3,0,3,7,8,21,22
2334,222,0.015327967305104773,0x1.f6444f2511080p-7,6,7,16,17,25,26
2335,222,0.067981085862768631,0x1.167355c86f3e8p-4,2,5,6,9,20,23
2336,222,0.039969401649507019,0x1.476de91d9c3b0p-5,10,11,13,14,25,27
2337,222,-0.21638576855921765,-0x1.bb28763a40d98p-3,12,13,20,22,27,29
2338,222,0.14814548521705373,0x1.2f66e67075584p-3,6,8,13,15,24,28
2339,222,0.21758449406501368,0x1.bd9cf07101eccp-3,2,3,10,11,20,21
2340,222,0.23846336871824181,0x1.e85f7b8f82bd8p-3,1,4,8,11,21,22
2341,222,0.028248665252313621,0x1.ced37d5a84860p-6,0,2,12,17,19,20
2342,222,0.34695275849214535,0x1.6347957bec49ep-2,4,5,13,15,24,25
2343,222,-0.38220371118770757,-0x1.876068dfd8192p-2,1,5,12,16,20,23
2344,222,0.47772551601962376,0x1.e930e0af1376ep-2,1,4,6,9,24,29
2345,222,-0.4544157113907622,-0x1.d1525a2cd8fbep-2,0,4,7,8,21,23
2346,222,-0.022777570569136651,-0x1.75300e2b50440p-6,7,8,19,22,27,29
2347,222,-0.065056897422374971,-0x1.0a7919eceee88p-4,0,3,14,16,19,21
2348,222,-0.28847298016303036,-0x1.276575fe51ca0p-2,10,11,12,13,24,29
2349,222,0.34062511567109532,0x1.5cccd49003a84p-2,6,10,15,17,24,28
2350,222,-0.29463824859539056,-0x1.2db5a62778c02p-2,8,10,18,19,26,27
2351,222,0.36961283338150952,0x1.7a7bc95e38cfep-2,2,3,16,17,18,21
2352,222,0.086362505982827242,0x1.61bda6acbfe30p-4,6,11,14,15,26,29
2353,222,-0.097003966771078587,-0x1.8d54080dd3298p-4,2,3,13,15,20,22
2354,222,0.264979404659622,0x1.0f56c2d481aa6p-2,7,11,12,15,25,29
2355,222,-0.055219052029532034,-0x1.c45abed2a7a10p-5,2,4,15,17,19,22
2356,222,0.060893469450366444,0x1.f2d6dc7a899e0p-5,8,10,21,23,24,25
2357,222,0.37295277832941542,0x1.7de75547823aap-2,1,5,13,16,20,23
2358,222,0.28808491641339617,0x1.26ffbb79dd9fep-2,1,3,6,10,28,29
2359,222,-0.19463714317750613,-0x1.8e9deb2446294p-3,1,5,15,17,24,26
2360,222,0.30209060290368794,0x1.35573d2f99de6p-2,1,3,6,10,14,15
2361,222,0.047092386881126269,0x1.81c7e4b170c70p-5,1,3,18,21,28,29
2362,222,0.10874307258280758,0x1.bd6960468e2f0p-4,0,3,8,11,19,21
2363,222,-0.41243457021145202,-0x1.a6553f7b31278p-2,7,11,15,16,24,28
2364,222,0.3137002653037646,0x1.413aa470e79f0p-2,7,11,15,16,25,26
2365,222,-0.28560861792148007,-0x1.247695e5b6cd0p-2,8,9,12,13,26,29
2366,222,0.46273692887531215,0x1.d9d7b5a0af0bep-2,7,11,18,22,26,27
2367,222,-0.38432057020182675,-0x1.898b54e0c9a4ep-2,0,3,13,16,20,21
2368,222,0.13389543979412866,0x1.1237c5b7fe9b4p-3,2,5,15,17,20,22
2369,222,0.35527351948444086,0x1.6bccd24d482f2p-2,16,17,19,21,24,28
2370,222,-0.14156076273455875,-0x1.21ea9bf2bbe50p-3,9,11,12,14,21,23
2371,222,-0.41007762220011912,-0x1.a3eb6360af0eep-2,6,8,15,16,19,20
2372,222,-0.36084617377200967,-0x1.7181a8ccf3370p-2,1,3,8,11,24,28
2373,222,0.46713998445579086,0x1.de59f1af90f7cp-2,8,11,13,15,18,22
2374,222,0.28258291288909709,0x1.215d6a45117fcp-2,7,9,21,23,25,26
2375,222,-0.39007322697865587,-0x1.8f6f5b23ac8e6p-2,2,4,6,11,18,21
2376,222,-0.36816714529161265,-0x1.7900cee1f4e58p-2,10,11,19,21,26,29
2377,222,-0.37680749786034051,-0x1.81d9d320ca7fap-2,3,5,7,10,24,25
2378,222,-0.35564951119077604,-0x1.6c2f62ad9c6f8p-2,6,11,13,15,18,20
2379,222,0.32962531899299052,0x1.51894cb408aa4p-2,7,10,20,23,24,27
2380,222,0.19347588735217736,0x1.8c3d1605effd0p-3,7,9,16,17,18,20
2381,222,-0.353477994581613,-0x1.69f622aa55b3ap-2,6,10,13,15,26,29
2382,222,0.33986281055502965,0x1.5c04ff21d78c4p-2,0,2,9,11,21,22
2383,222,-0.42590390734552996,-0x1.b42027652691cp-2,4,5,16,17,24,26
2384,222,-0.36782027921689431,-0x1.78a5e1182b294p-2,6,7,14,17,27,28
2385,222,0.1667294929459131,0x1.557645bbd9d30p-3,1,4,19,23,26,27
2386,222,-0.10832236398100881,-0x1.bbb03b2b94da8p-4,13,15,18,20,25,28
2387,222,0.23081826674205586,0x1.d8b73f57cff14p-3,13,16,18,20,25,29
2388,222,-0.15615774649341607,-0x1.3fcfa1f1a6768p-3,7,10,12,17,24,27
2389,222,0.25980643761531963,0x1.0a0ab2e3646a6p-2,2,4,14,17,25,27
2390,222,-0.054026223741096446,-0x1.ba953403053a0p-5,12,17,20,21,28,29
2391,222,0.45910416573838808,0x1.d61f67053707cp-2,8,10,19,22,26,27
2392,222,-0.20035271847923031,-0x1.9a5286ac438fcp-3,0,2,15,17,18,22
2393,222,0.36527607459450562,0x1.760aee6994214p-2,1,5,16,17,18,19
2394,222,-0.04563321483612981,-0x1.75d3c9aaa4000p-5,7,8,12,15,24,29
2395,222,0.33893885036415539,0x1.5b12c936a1acap-2,12,15,22,23,24,26
2396,222,0.13272334145280296,0x1.0fd14157a5214p-3,2,5,13,14,18,23
2397,222,0.14890537462678877,0x1.30f54d11c3f70p-3,1,4,8,11,27,29
2398,222,-0.39786699264440217,-0x1.976a71e643276p-2,7,8,22,23,26,27
2399,222,0.065709821756799958,0x1.0d25bdf78b0a0p-4,8,9,18,21,26,29
2400,222,-0.40350683496474027,-0x1.9d30e54f8b4b2p-2,8,9,13,16,26,29
2401,222,0.11623020180294419,0x1.dc143338d1690p-4,7,11,12,15,26,29
2402,222,0.075733891185450153,0x1.3634bd9d71ff0p-4,6,11,14,15,24,29
2403,222,-0.14131731885757026,-0x1.216af976d0378p-3,0,4,7,8,27,29
2404,222,-0.36167488725976615,-0x1.725ae6d242bf4p-2,2,5,14,17,25,28
2405,222,-0.18546909570875136,-0x1.7bd738a3e6f9cp-3,6,7,15,17,28,29
2406,222,-0.14699303810741438,-0x1.2d0aaf9b49c84p-3,13,14,18,21,26,28
2407,222,-0.33764872477771057,-0x1.59c09659d3532p-2,1,3,19,20,24,28
2408,222,0.41131783274685407,0x1.a530807fa3290p-2,10,11,21,23,24,26
2409,222,0.084063692985339888,0x1.58532bc272c48p-4,1,2,6,11,18,23
2410,222,-0.035065401712391475,-0x1.1f417a326d260p-5,3,5,12,16,24,28
2411,222,-0.36859648099706899,-0x1.79715b1d365f0p-2,1,4,9,11,26,29
2412,222,0.11115792742473551,0x1.c74d88efafa38p-4,8,9,12,17,25,29
2413,222,-0.019586563128139556,-0x1.40e80004e3b80p-6,1,5,6,8,20,22
2414,222,0.49733259551328857,0x1.fd44c183db840p-2,10,11,12,15,20,22
2415,222,-0.19048016626078235,-0x1.861a7725037ccp-3,0,4,13,15,18,20
2416,222,0.26406644994943118,0x1.0e676f7a03b70p-2,6,7,16,17,18,20
2417,222,0.26819671431817804,0x1.12a228d3909e8p-2,0,1,9,11,28,29
2418,222,-0.28387199110005312,-0x1.22af56d819bc0p-2,13,17,18,21,25,28
2419,222,-0.28595561008853176,-0x1.24d18c25c07bap-2,3,5,7,10,18,22
2420,222,0.01270506690064066,0x1.a051d36a76940p-7,0,3,8,10,13,15
2421,222,0.22310342140270967,0x1.c8ea7254671b0p-3,1,3,6,10,21,22
2422,222,-0.0058765898833785801,-0x1.8120d15c72100p-8,0,2,9,10,18,20
2423,222,0.11545733821614912,0x1.d8e9cb3b8b8e8p-4,3,4,16,17,25,29
2424,222,0.19562902936808668,0x1.90a5f3da45f38p-3,1,2,9,10,13,17
2425,222,-0.13407082183496222,-0x1.1293b91908340p-3,3,5,6,8,21,23
2426,222,-0.4603017845808377,-0x1.d75959dc42b2cp-2,6,10,21,23,25,26
2427,222,-0.12529194652980558,-0x1.0099106661ae4p-3,7,11,15,16,26,29
2428,222,0.39593256689704781,0x1.956f58c8fa032p-2,1,3,13,16,20,21
2429,222,-0.024885717510760297,-0x1.97ba43b6284e0p-6,14,17,18,19,28,29
2430,222,-0.23923195620687776,-0x1.e9f271a0887ccp-3,1,2,13,15,18,23
2431,222,0.37051936765018145,0x1.7b696dda5e574p-2,4,5,6,7,18,20
2432,222,0.12445331983079022,0x1.fdc2c3a8d4780p-4,3,5,12,14,24,25
2433,222,0.40902876497585727,0x1.a2d86fc2c73f4p-2,0,4,13,15,26,29
2434,222,0.43316786880190183,0x1.bb905b98ba8f4p-2,0,2,9,10,18,22
2435,222,0.29460506238071893,0x1.2dacf310a518ep-2,0,3,15,17,25,26
2436,222,-0.076041699777530392,-0x1.3777805ad3f10p-4,3,5,19,22,24,26
2437,222,-0.30527512083477226,-0x1.389a0a911238ep-2,0,4,14,17,27,29
2438,222,-0.37503391475232373,-0x1.8008e3fb0221ep-2,12,14,21,22,24,29
2439,222,-0.32523728930092211,-0x1.4d0b0103f2d7cp-2,1,3,6,10,20,22
2440,222,-0.11699141361355159,-0x1.df32637620d28p-4,2,5,13,15,18,23
2441,222,0.40406244983571515,0x1.9dc28bfe581a2p-2,6,9,13,16,20,23
2442,222,-0.43558472300343454,-0x1.be09ebefbf752p-2,0,3,7,8,12,15
2443,222,0.0012911237454964475,0x1.5275d90c48c00p-10,0,3,15,16,28,29
2444,222,-0.3466807655247246,-0x1.6300485852e10p-2,1,3,15,17,26,29
2445,222,0.085969715108094036,0x1.6021c7ad5f080p-4,8,10,13,17,26,27
2446,222,0.37782255619033744,0x1.82e3ea8a1d4f0p-2,2,4,13,14,25,29
2447,222,-0.33086454670163268,-0x1.52ce27ddf51f4p-2,1,5,12,13,26,28
2448,222,0.29676320584106908,0x1.2fe2b19ef95a2p-2,12,15,19,20,27,29
2449,222,-0.36634314505172572,-0x1.7722a84c719bep-2,1,3,15,17,24,28
2450,222,-0.22121628679360383,-0x1.c50d0b68f7fb8p-3,12,13,21,23,26,28
2451,222,-0.079002571462842286,-0x1.4398334bb9978p-4,0,2,12,13,21,22
2452,222,0.077156851926610259,0x1.3c08d2bafe628p-4,7,10,15,17,24,26
2453,222,0.031701288308205511,0x1.03b26b90cb3e0p-5,0,5,14,15,19,23
2454,222,-0.068323243117910826,-0x1.17da1cebf8270p-4,12,17,20,21,24,25
2455,222,0.26182097211664213,0x1.0c1acc029774ap-2,7,10,20,22,24,29
2456,222,-0.49869800456115609,-0x1.feaab090aeb82p-2,7,8,12,17,25,28
2457,222,0.010251718502818141,0x1.4feda5d944780p-7,1,2,9,11,19,22
2458,222,0.14427699035273345,0x1.277ab1d90ad98p-3,1,4,8,9,20,22
2459,222,0.3101915435128112,0x1.3da2da1b887bep-2,0,2,7,10,27,29
2460,222,-0.36052931992005466,-0x1.712e991939182p-2,0,2,10,11,14,15
2461,222,-0.21892750340805567,-0x1.c05d101aa9044p-3,1,5,13,17,26,27
2462,222,-0.21540866835602157,-0x1.b9282e0ee984cp-3,0,4,18,21,26,29
2463,222,-0.32115076003842413,-0x1.48dbbeadcd63ap-2,0,2,7,11,19,20
2464,222,-0.26529388551571376,-0x1.0fa93348799bep-2,0,1,8,9,27,28
2465,222,-0.3920443126204799,-0x1.9174107526aaep-2,0,1,9,10,13,17
2466,222,-0.24926529890570726,-0x1.fe7ece169f154p-3,10,11,12,14,19,22
2467,222,0.35663345894462117,0x1.6d31524b4e57cp-2,1,4,14,17,26,27
2468,222,-0.48595230435185932,-0x1.f19d7b1a6da4ep-2,6,9,13,16,25,26
2469,222,0.16012059998642481,0x1.47ed4f22dc598p-3,4,5,12,14,19,23
2470,222,-0.45901275969542676,-0x1.d60770dd5ab0cp-2,4,5,7,9,24,26
2471,222,0.34807080573927851,0x1.646cac5d5ecacp-2,0,1,9,10,18,20
2472,222,0.3615136102346953,0x1.72309fb411502p-2,1,5,15,16,24,28
2473,222,-0.26995153210161293,-0x1.146e2ca786adap-2,1,4,8,11,20,22
2474,222,0.49229914593254265,0x1.f81d446e84192p-2,9,11,19,23,24,26
2475,222,-0.4312805253156734,-0x1.b9a19a1e87b2ap-2,9,11,14,16,26,28
2476,222,0.28122009521288061,0x1.1ff8291fab582p-2,4,5,12,14,24,25
2477,222,0.19995358582173517,0x1.998143fe94088p-3,9,10,18,20,27,29
2478,222,0.44426302048099053,0x1.c6ece29f26f20p-2,0,1,8,11,19,22
2479,222,0.2338585871625869,0x1.def1403e04408p-3,2,4,6,9,19,21
2480,222,-0.053090106370368706,-0x1.b2ea05d342b90p-5,0,1,9,10,26,29
2481,222,0.33502082724840576,0x1.570fb3220b06ep-2,3,5,12,13,24,28
2482,222,0.041278236465981388,0x1.5226bc750de20p-5,2,4,6,11,15,16
2483,222,0.1294154055180029,0x1.090af1b2631fcp-3,0,1,18,20,27,29
2484,222,0.018929621443846911,0x1.36249641ba160p-6,8,9,19,23,24,28
2485,222,-0.080873608167237654,-0x1.4b421fe3013f0p-4,2,5,13,17,21,22
2486,222,-0.38818691727851484,-0x1.8d80df09c8fd4p-2,6,11,18,20,25,29
2487,222,-0.013772763299690571,-0x1.c34e4ff94ee40p-7,2,5,6,9,19,22
2488,222,-0.14847604353023192,-0x1.301435399d530p-3,6,7,22,23,25,27
2489,222,-0.44729414141229218,-0x1.ca0779b43b974p-2,0,4,16,17,19,20
2490,222,-0.34658860576525941,-0x1.62e81f9bb64c8p-2,3,4,12,15,19,22
2491,222,0.35894224129314656,0x1.6f8e8e0e072c6p-2,8,9,21,23,26,28
2492,222,-0.12702008099693662,-0x1.04231aae89730p-3,1,4,6,8,20,23
2493,222,0.29487714595680359,0x1.2df44648e3a00p-2,7,8,12,17,25,26
2494,222,0.066496545329794987,0x1.105eae77d0b20p-4,10,11,12,14,21,23
2495,222,0.28422360479272912,0x1.230b833d58108p-2,1,3,13,17,20,22
2496,222,-0.13339921308972535,-0x1.11339b4c42924p-3,0,1,9,11,18,22
2497,222,-0.10690315362139147,-0x1.b5e014ca4a4d8p-4,0,5,7,9,25,27
2498,222,-0.48031085189198741,-0x1.ebd69ba328f20p-2,1,4,13,14,24,26
2499,222,0.35983739597145159,0x1.707936de4cfdcp-2,1,4,12,13,24,26
2500,222,-0.32054427755252135,-0x1.483cc25408380p-2,0,2,10,11,28,29
2501,222,0.19093087784322715,0x1.8706c4a110dbcp-3,9,11,18,22,25,29
2502,222,0.084800840233266395,0x1.5b5820379a6b8p-4,2,3,19,20,28,29
2503,222,-0.41045233772487821,-0x1.a44d9e1c6161ap-2,12,17,19,20,24,28
2504,222,0.17631235381239729,0x1.6916738c0a4bcp-3,7,10,19,20,27,29
2505,222,-0.19586740951771842,-0x1.9122eeb1d8c28p-3,0,5,14,15,25,26
2506,222,0.39608364592371537,0x1.9596f386e4260p-2,2,3,13,14,21,23
2507,222,0.208460236349157,0x1.aaed334d16a68p-3,7,8,20,23,27,28
2508,222,-0.37976146858056714,-0x1.84e030bf567eap-2,3,4,21,22,25,26
2509,222,-0.28502021816047884,-0x1.23dc570ecacb8p-2,10,11,14,15,28,29
2510,222,0.054100159104861767,0x1.bb3041c20a780p-5,0,1,12,17,21,22
2511,222,-0.27508621896883667,-0x1.19b033a834aeep-2,6,9,14,16,26,28
2512,222,0.34840892014131908,0x1.64c54ed6910a6p-2,8,11,20,21,25,28
2513,222,-0.3191161933354093,-0x1.46c66537ff962p-2,6,11,20,23,24,25
2514,222,0.081080868776526649,0x1.4c1b73fb9f898p-4,7,9,12,14,26,29
2515,222,0.49337242803918568,0x1.f9369f2cb4a66p-2,7,8,19,20,24,29
2516,222,0.11378884376758047,0x1.d214402a1a430p-4,8,10,15,17,28,29
2517,222,-0.41693342329117333,-0x1.aaf0986694646p-2,2,3,6,7,15,17
2518,222,-0.17013066774150143,-0x1.5c6d77aff89bcp-3,3,5,12,16,20,21
2519,222,0.0040612267714286165,0x1.0a28142a38900p-8,9,11,20,22,25,27
2520,222,0.43333018102639631,0x1.bbbae82f83350p-2,6,7,16,17,19,21
2521,222,-0.25084660887339516,-0x1.00ddeef5b1e7cp-2,1,5,12,16,19,23
2522,222,0.094196112953415234,0x1.81d3c888b94e0p-4,1,2,10,11,19,23
2523,222,0.43524904647746043,0x1.bdb1ed10f189ap-2,4,5,8,9,25,27
2524,222,-0.37787466537623504,-0x1.82f193871c8acp-2,4,5,15,16,26,27
2525,222,0.028901287223764283,0x1.d984c8dc0e420p-6,1,4,6,11,19,22
2526,222,0.25882647486321797,0x1.0909ceb38185ep-2,6,10,13,17,25,26
2527,222,0.0010018286818681554,0x1.069f95b303a00p-10,12,17,20,21,25,29
2528,222,0.27567001638020328,0x1.1a493da35cef8p-2,4,5,18,23,26,27
2529,222,-0.42260777955230766,-0x1.b0c01800d96f6p-2,6,8,15,16,24,26
2530,222,-0.35523776306457655,-0x1.6bc372baaa8cep-2,1,4,6,11,20,22
2531,222,-0.19919338321914259,-0x1.97f2b3540be78p-3,1,4,12,16,20,23
2532,222,-0.070207131270377032,-0x1.1f91834c09358p-4,3,4,15,17,18,20
2533,222,-0.48386046144600703,-0x1.ef791de6f3c86p-2,7,8,12,15,24,28
2534,222,0.28107641696546293,0x1.1fd27f0a2c914p-2,9,11,13,14,18,21
2535,222,0.16487012557837766,0x1.51a76dab92864p-3,6,11,18,19,27,28
2536,222,0.059913466085917633,0x1.eacfa52dba8b0p-5,0,4,7,8,18,23
2537,222,-0.31978468271739924,-0x1.4775a2c821c1ep-2,9,10,13,14,27,29
2538,222,0.35863276143976086,0x1.6f3d6d36a1bbcp-2,13,14,18,22,25,26
2539,222,-0.36649985717157418,-0x1.774bbd12298e6p-2,1,3,15,17,24,29
2540,222,-0.34189185054606519,-0x1.5e18e5b375032p-2,9,11,13,16,26,29
2541,222,0.022610959893964999,0x1.72753d51a5d80p-6,7,10,18,22,26,29
2542,222,0.2968704035362334,0x1.2ffecb895a916p-2,0,4,7,8,25,26
2543,222,0.12169878452494243,0x1.f27a6cb7f6150p-4,6,8,19,23,26,27
2544,222,0.09731261117509038,0x1.8e97ab27c41b0p-4,4,5,6,9,14,17
2545,222,-0.34082708591416955,-0x1.5d01c68e5e8e8p-2,1,2,9,11,22,23
2546,222,0.17447141323565918,0x1.655144af78f34p-3,1,3,6,10,26,28
2547,222,0.28611776584823123,0x1.24fc0e3c7daf4p-2,14,17,18,19,27,28
2548,222,0.16523890130169905,0x1.5268c5e8f1310p-3,0,1,8,11,26,29
2549,222,0.36806533028920585,0x1.78e61e3188c88p-2,0,1,8,10,19,22
2550,222,0.21855447418846241,0x1.bf997cf845790p-3,1,4,13,15,22,23
2551,222,0.044117658683316296,0x1.69696fa711e40p-5,8,9,18,20,28,29
2552,222,0.33616785937929494,0x1.583c632800688p-2,1,3,19,21,26,28
2553,222,-0.046534122963306723,-0x1.7d352108d0720p-5,4,5,19,20,24,27
2554,222,0.097511038008562201,0x1.8f67bbf3eebf0p-4,6,7,15,17,26,29
2555,222,0.087918727786621131,0x1.681d77c8ca9b0p-4,13,16,20,21,24,29
2556,222,-0.44003854716909729,-0x1.c299770448524p-2,1,2,6,10,19,20
2557,222,0.083453878106179102,0x1.55d3bbd30beb0p-4,1,3,6,11,13,16
2558,222,0.40131838614265813,0x1.9af334ff109b0p-2,0,4,13,17,18,22
2559,222,0.076464551635374911,0x1.3932e4c93c5e8p-4,9,11,12,13,20,21
2560,222,-0.23968387170607275,-0x1.eadf60b2d9958p-3,0,1,10,11,19,20
2561,222,-0.3093097830180348,-0x1.3cbbb42994cdap-2,3,4,7,8,24,25
2562,222,-0.29735955376868961,-0x1.307f05da5bd3ep-2,0,4,13,15,26,27
2563,222,0.18429978514698209,0x1.79722a6eedcd8p-3,1,5,8,9,26,27
2564,222,0.11969624925642919,0x1.ea469d4029e48p-4,10,11,14,15,19,23
2565,222,-0.15811560125352409,-0x1.43d21cc2f8588p-3,3,4,20,22,24,25
2566,222,0.27913676273691768,0x1.1dd6070c43f74p-2,7,9,12,16,25,29
2567,222,-0.22274533591326418,-0x1.c82eb4e8ac0a4p-3,0,5,19,23,26,27
2568,222,0.47123903112054932,0x1.e28c7c0d0bc2ep-2,1,4,6,9,26,27
2569,222,-0.077410637411790106,-0x1.3d12efc0bd0a8p-4,1,5,8,10,18,22
2570,222,0.37169813494632165,0x1.7c9e6f965088ap-2,8,11,12,13,24,28
2571,222,0.023633718683021221,0x1.83370034e4660p-6,3,4,6,8,19,22
2572,222,-0.010249646415779856,-0x1.4fdc44135f0c0p-7,1,2,12,15,19,22
2573,222,-0.26770168549822615,-0x1.1220640132224p-2,7,9,18,19,26,29
2574,222,0.2025738936787318,0x1.9edf0fc2fcff8p-3,0,1,15,17,18,20
2575,222,0.12856198488930226,0x1.074b8184de008p-3,14,15,18,19,26,28
2576,222,-0.24023875661431482,-0x1.ec024c171f19cp-3,7,11,18,19,26,29
2577,222,-0.4996533497744895,-0x1.ffa520b2791ecp-2,7,11,20,23,25,27
2578,222,0.17576013586102179,0x1.67f4ee1bb576cp-3,0,3,13,14,25,28
2579,222,-0.28088962975141996,-0x1.1fa187f64586ep-2,4,5,18,23,25,27
2580,222,0.14290477804838486,0x1.24ab42a14794cp-3,2,5,6,10,19,20
2581,222,-0.41607820133542384,-0x1.aa10676d41b04p-2,6,9,14,16,18,19
2582,222,-0.18778101763542399,-0x1.8093558c6e120p-3,2,4,6,11,20,21
2583,222,0.021539842047114677,0x1.60e8a549d0b40p-6,12,15,20,23,25,27
2584,222,0.06765722917163508,0x1.151fbf2a15180p-4,2,5,7,10,12,14
2585,222,0.48876005763778407,0x1.f47d843c94d8ap-2,3,5,12,14,24,28
2586,222,0.04346115827217889,0x1.6408a7ad9bf60p-5,7,11,15,16,26,27
2587,222,-0.19945682629873285,-0x1.987cd20f56098p-3,7,9,12,14,27,29
2588,222,0.027354692774880229,0x1.c02de5b70e240p-6,0,2,15,17,25,28
2589,222,-0.39458095889280986,-0x1.940d07e84697ep-2,8,10,21,22,24,26
2590,222,-0.38634756576532081,-0x1.8b9eb23f67b14p-2,8,10,18,20,27,29
2591,222,-0.48027122814030276,-0x1.ebcc38884a178p-2,0,4,12,14,25,26
2592,222,-0.43495724289232185,-0x1.bd656e7585fdcp-2,8,11,15,16,27,29
2593,222,-0.23037427021156065,-0x1.d7ce7723302b4p-3,8,9,21,22,26,29
2594,222,0.45535069673880169,0x1.d24773fad0dccp-2,9,10,12,17,24,26
2595,222,-0.34736669450325508,-0x1.63b4184271c52p-2,10,11,21,22,26,29
2596,222,0.082925130373217804,0x1.53a94d2f83198p-4,3,4,20,22,25,29
2597,222,0.24042586509977781,0x1.ec64655dba7a4p-3,1,3,6,11,13,15
2598,222,-0.33582495080728358,-0x1.57e27ef397a56p-2,6,8,18,22,25,26
2599,222,0.36140230324322664,0x1.7213720483d2ap-2,2,5,13,17,24,25
2600,222,0.4559422283299005,0x1.d2e284fe2b4d6p-2,1,4,8,11,20,21
2601,222,-0.10636803342082835,-0x1.b3aef78e1ddf0p-4,1,3,15,16,19,23
2602,222,0.48260679517250038,0x1.ee3079c85f7f8p-2,6,8,13,17,25,27
2603,222,0.25165888566009376,0x1.01b2ddeea1b22p-2,1,3,16,17,18,19
2604,222,0.37560344256571809,0x1.809e305856ceep-2,0,2,7,9,12,16
2605,222,-0.48741867915439174,-0x1.f31de1d9b5e48p-2,0,3,7,8,26,28
2606,222,-0.40220992516448306,-0x1.9bdceb2ad50e4p-2,1,4,13,17,26,29
2607,222,0.22138327965288151,0x1.c56498cfec3bcp-3,0,1,14,15,28,29
2608,222,-0.040851102927900729,-0x1.4ea6f8e2966f0p-5,8,9,18,23,25,26
2609,222,0.4649643607877112,0x1.dc1f9e0d8e184p-2,15,16,18,19,27,29
2610,222,0.078398570713411497,0x1.411edc1446a38p-4,2,3,14,15,24,25
2611,222,0.41034264000843446,0x1.a430dc6bf64ccp-2,3,4,13,14,24,26
2612,222,-0.10135827789144203,-0x1.9f29db8b8fdd8p-4,15,17,19,22,26,27
2613,222,-0.41742169239401383,-0x1.ab709795e49eap-2,1,5,12,13,20,23
2614,222,0.4694880712101579,0x1.e0c17b1ed6c80p-2,2,3,14,16,21,23
2615,222,-0.25750188741101598,-0x1.07ae93245ab6cp-2,0,5,7,9,18,21
2616,222,-0.039781160150964001,-0x1.45e323bb0cef0p-5,1,2,15,16,27,29
2617,222,0.10216256038115246,0x1.a275357b671e0p-4,0,2,14,17,27,29
2618,222,0.39307957892983059,0x1.92837400ea922p-2,2,5,12,13,24,25
2619,222,-0.22294573211223978,-0x1.c897c5a1a386cp-3,6,10,20,21,24,25
2620,222,-0.088479968118274299,-0x1.6a69f896b4ad8p-4,0,4,8,11,12,15
2621,222,-0.4248391689646529,-0x1.b3090a030d508p-2,1,4,14,16,19,23
2622,222,0.036874901614143307,0x1.2e14460f3b170p-5,8,11,19,23,26,28
2623,222,-0.22261311343450807,-0x1.c7e9624ee5464p-3,1,4,8,11,18,20
2624,222,0.2337043513112772,0x1.dea0630e84c5cp-3,4,5,6,7,15,17
2625,222,0.1235723401942872,0x1.fa26fd7d31c40p-4,1,2,12,15,24,28
2626,222,0.45725539276379534,0x1.d43ac1f75c4cap-2,6,7,14,16,24,25
2627,222,0.1575646534852353,0x1.42b141cdcc198p-3,7,8,19,23,26,27
2628,222,0.18511704789425232,0x1.7b1ea5951a608p-3,0,5,15,16,19,20
2629,222,-0.48012933961383775,-0x1.eba7068df74e8p-2,1,5,14,17,24,27
2630,222,-0.2249005901198341,-0x1.cc98ae3b5388cp-3,1,5,14,16,19,21
2631,222,0.034006797278983036,0x1.16956c44f5380p-5,0,5,13,16,20,21
2632,222,-0.33094227945600907,-0x1.52e2886c824e4p-2,0,5,7,9,12,17
2633,222,-0.12700990200298212,-0x1.041dc47af7c0cp-3,6,7,15,17,24,28
2634,222,0.33627588069804071,0x1.5858b45820716p-2,1,5,8,9,16,17
2635,222,-0.072712479401391028,-0x1.29d48f90a4098p-4,7,9,20,23,24,27
2636,222,-0.1973107421460919,-0x1.9417a78555ebcp-3,13,17,18,20,25,29
2637,222,-0.31446147143775771,-0x1.4202301eb575ep-2,8,9,13,17,18,21
2638,222,0.47179210865167209,0x1.e31d7874ade2cp-2,2,5,6,10,13,14
2639,222,0.15974432227886681,0x1.472807ff467c8p-3,7,11,12,14,19,22
2640,222,-0.30347836673680895,-0x1.36c30870b65cep-2,0,1,14,17,26,27
2641,222,-0.12324900883826262,-0x1.f8d3f3e398968p-4,0,3,12,13,28,29
2642,222,0.4833380254296179,0x1.eef029d088a0ap-2,12,15,20,23,27,28
2643,222,0.38645221467992397,0x1.8bba211e11742p-2,7,11,14,16,18,23
2644,222,-0.05985367233836858,-0x1.ea523fa7a4310p-5,8,9,21,23,24,25
2645,222,-0.089001945363507584,-0x1.6c8d4dc9ddc60p-4,7,11,14,16,25,28
2646,222,-0.09538454983338529,-0x1.86b1f3213fc88p-4,1,3,18,19,28,29
2647,222,-0.21359635222513274,-0x1.b572011ad0928p-3,8,11,21,23,25,26
2648,222,0.075534972233948672,0x1.356428b72f6c0p-4,2,4,12,16,19,20
2649,222,-0.43791962041442101,-0x1.c06e003fd3a1ep-2,14,16,19,21,28,29
2650,222,-0.27815583430519519,-0x1.1cd4e20e212fap-2,6,9,13,14,24,27
2651,222,-0.42473301681183129,-0x1.b2ed3642f3f38p-2,0,1,10,11,28,29
2652,222,-0.43868766350441224,-0x1.c13756bfa3f22p-2,6,8,15,17,24,29
2653,222,0.38718032950751424,0x1.8c7900138e9ecp-2,0,1,9,11,19,20
2654,222,0.024067018827200526,0x1.8a5064b19a4c0p-6,3,4,12,14,19,22
2655,222,0.41795849716493083,0x1.abfd4ff1a27ecp-2,0,2,12,16,19,20
2656,222,0.30368387253582374,0x1.36f8e7b374bb4p-2,0,4,13,14,18,23
2657,222,-0.068075934194505194,-0x1.16d6ca7029280p-4,1,5,16,17,19,20
2658,222,-0.2266867212402639,-0x1.d04120b150b20p-3,8,10,19,23,26,28
2659,222,0.20038354907398603,0x1.9a62b0af6ef68p-3,6,11,14,16,24,26
2660,222,-0.28193526088220888,-0x1.20b3a3145031ep-2,0,1,12,13,26,27
2661,222,-0.11421215931995732,-0x1.d3d021115b2b8p-4,14,16,18,19,27,29
2662,222,-0.22856422319815617,-0x1.d4197abd5fb18p-3,8,10,19,22,24,26
2663,222,-0.088857781599810948,-0x1.6bf6231f75f58p-4,1,3,8,10,24,26
2664,222,-0.017014534513442259,-0x1.16c42152ae740p-6,0,2,18,23,25,27
2665,222,0.24885843221785409,0x1.fda97d5dad16cp-3,7,11,18,19,26,28
2666,222,0.32547860560116293,0x1.4d4a437a6b308p-2,0,5,9,10,19,21
2667,222,0.20844651494144861,0x1.aae601a51c0d4p-3,7,9,14,16,19,21
2668,222,0.40084432672008841,0x1.9a76ef68331dep-2,1,5,13,15,22,23
2669,222,-0.12647502133943511,-0x1.030556034f69cp-3,7,9,14,16,26,29
2670,222,-0.026766828174948354,-0x1.b68c36e8426e0p-6,3,4,7,11,24,25
2671,222,-0.47321497546101576,-0x1.e492776e547c4p-2,6,8,13,16,25,27
2672,222,0.041982758439747303,0x1.57ec39cfd39f0p-5,3,5,21,22,24,26
2673,222,0.22221453160609939,0x1.c718698f8da14p-3,6,8,20,23,27,28
2674,222,0.38584560011479607,0x1.8b1b1be731b54p-2,2,5,7,10,18,19
2675,222,-0.39409487654771269,-0x1.938d9b792ca12p-2,14,15,19,22,24,27
2676,222,-0.27078161225599273,-0x1.1547c663fd95cp-2,13,15,18,22,26,29
2677,222,0.24232186112814758,0x1.f04671a535c14p-3,6,8,18,23,27,28
2678,222,0.003648103433312011,0x1.de2a09e083200p-9,12,16,19,21,28,29
2679,222,0.14187792822162704,0x1.2290e52de394cp-3,7,8,12,17,28,29
2680,222,0.47055516553792998,0x1.e1d9369bcc0eep-2,7,11,18,22,25,29
2681,222,-0.31415153055943323,-0x1.41b0f056f6e5ap-2,6,8,19,23,26,28
2682,222,0.43758161244741878,0x1.c01564eb2ba20p-2,0,5,22,23,25,26
2683,222,-0.46440449209784174,-0x1.db8cd9e6b3f02p-2,1,5,13,14,18,23
2684,222,0.39510257667440352,0x1.9495c515870fap-2,1,4,12,14,24,29
2685,222,-0.16000886565680417,-0x1.47b2ba68873b8p-3,13,15,18,23,25,28
2686,222,-0.46131416369171729,-0x1.d862bd78f3378p-2,1,3,12,15,22,23
2687,222,0.3975958452536752,0x1.97235d818f5f4p-2,7,11,12,15,25,26
2688,222,-0.21937575653708674,-0x1.c148139ee5784p-3,0,3,7,8,12,16
2689,222,-0.039797362002831904,-0x1.46051e089d950p-5,8,9,16,17,28,29
2690,222,0.28328135305933233,0x1.221481cbd36acp-2,0,1,19,22,26,29
2691,222,-0.35636007018587745,-0x1.6ce9a77c31c66p-2,1,5,6,8,21,23
2692,222,0.18779066457247173,0x1.80986456a9b8cp-3,0,2,7,9,18,21
2693,222,0.17604819653475345,0x1.688bf4f517a5cp-3,0,5,9,10,21,23
2694,222,0.46628431345552424,0x1.dd79a293b797ap-2,7,9,14,17,24,26
2695,222,-0.47869886523124427,-0x1.ea30090b33b7cp-2,12,15,22,23,26,27
2696,222,0.40026455029801511,0x1.99def3451ccc0p-2,8,9,12,16,28,29
2697,222,0.15100921226353292,0x1.3544516088638p-3,1,4,6,9,19,21
2698,222,-0.055737972141699843,-0x1.c89affefce850p-5,8,9,18,23,26,28
2699,222,0.46348702115815676,0x1.da9c5777fa9e0p-2,3,4,6,11,15,16
2700,222,-0.27399171225115981,-0x1.1891488df99fep-2,4,5,7,8,22,23
2701,222,-0.015623031878500893,-0x1.ffef7d7dc3700p-7,4,5,6,8,26,27
2702,222,-0.40578971597106928,-0x1.9f8756dc9871cp-2,2,5,6,10,19,21
2703,222,-0.38522020027452553,-0x1.8a772a07c0294p-2,0,2,10,11,25,28
2704,222,0.21644308186331174,0x1.bb4682b063124p-3,0,3,7,11,22,23
2705,222,-0.31448625370957273,-0x1.4208af3ae58dcp-2,1,3,6,11,13,14
2706,222,0.24935831136858655,0x1.feaf920282cb4p-3,1,3,6,8,19,23
2707,222,0.024723973279321632,0x1.9513dc2a5bfc0p-6,7,9,14,16,26,27
2708,222,0.44824216465206834,0x1.cafffe7779bbep-2,1,4,8,11,19,20
2709,222,-0.16946931049339709,-0x1.5b12b9d1f55f0p-3,2,3,16,17,18,20
2710,222,0.22056298350895043,0x1.c3b6868708750p-3,7,10,14,15,24,27
2711,222,0.35508479066653309,0x1.6b9b58ece10a4p-2,6,7,14,17,25,29
2712,222,0.19153541816139752,0x1.8843b8a83b290p-3,6,10,13,17,25,29
2713,222,-0.27427371697116321,-0x1.18db35922c8cep-2,1,4,6,11,15,16
2714,222,-0.41140666895002087,-0x1.a547ca31fc8ecp-2,9,11,12,13,21,22
2715,222,-0.27294050261216896,-0x1.177db711e46c0p-2,10,11,12,14,26,27
2716,222,-0.037109736511684366,-0x1.3000c215c99e0p-5,9,11,13,16,20,23
2717,222,0.050354291114093952,0x1.9c809a318ba60p-5,0,2,12,13,27,29
2718,222,-0.30991021280714048,-0x1.3d591a52cff14p-2,2,5,19,23,27,28
2719,222,0.43996493588879693,0x1.c2862b0c1dd18p-2,0,3,15,16,26,28
2720,222,0.40975054222392882,0x1.a395a5697aec2p-2,0,1,8,10,20,21
2721,222,-0.38124386908874275,-0x1.8664caf625890p-2,0,3,12,14,25,26
2722,222,0.36872515605865652,0x1.79931659f00d6p-2,1,5,13,14,18,22
2723,222,-0.10069655526131738,-0x1.9c73fdbaace98p-4,1,5,12,14,26,27
2724,222,0.14539159672621282,0x1.29c311c86b1ecp-3,1,4,6,9,13,14
2725,222,0.058600511010176604,0x1.e00e2dca29c00p-5,6,8,19,23,24,26
2726,222,-0.20493407591903856,-0x1.a3b47a0f44198p-3,0,5,15,16,26,27
2727,222,-0.38093966114431588,-0x1.86150be974e60p-2,7,9,12,17,21,22
2728,222,0.39692882876681912,0x1.967482c992818p-2,1,3,6,10,24,28
2729,222,0.13042613410837434,0x1.0b1cdb64503c8p-3,3,5,6,10,19,23
2730,222,-0.32481278192414431,-0x1.4c9bb8cebf77ap-2,15,16,19,23,26,28
2731,222,0.41072568666405984,0x1.a495463f65a9cp-2,1,3,12,14,21,23
2732,222,0.37958974300738246,0x1.84b32c70747b8p-2,0,5,7,10,26,28
2733,222,0.10222964023981251,0x1.a2bb8c18307f8p-4,3,5,6,8,26,28
2734,222,0.28142990891060571,0x1.202f297b8c9b2p-2,9,11,21,22,24,26
2735,222,-0.40643184859553871,-0x1.a02faba715288p-2,3,5,12,15,19,20
2736,222,0.26193072520114513,0x1.0c37916a39d64p-2,10,11,12,13,25,28
2737,222,0.42006702588372391,0x1.ae260ce931beep-2,3,5,14,15,24,28
2738,222,0.35823906293242358,0x1.6ed6388dc71cap-2,6,10,13,14,24,29
2739,222,0.044256154501286393,0x1.6a8be2075a190p-5,2,3,12,15,24,28
2740,222,-0.24382784345782216,-0x1.f35c032c0b5fcp-3,0,2,7,10,15,17
2741,222,-0.23432044190696,-0x1.dfe3655632818p-3,3,5,6,8,15,17
2742,222,-0.49885643659206758,-0x1.fed438c23f844p-2,7,9,12,17,20,22
2743,222,0.11748770440240419,0x1.e13ac98172728p-4,1,4,12,16,24,27
2744,222,-0.19670499768933092,-0x1.92da11e048908p-3,6,11,22,23,25,27
2745,222,0.089084625805000206,0x1.6ce400268abf0p-4,10,11,12,14,25,26
2746,222,-0.021959553941396148,-0x1.67c90b80d5b80p-6,2,3,14,15,25,29
2747,222,0.046147744290684356,0x1.7a0ad59067b60p-5,9,10,13,17,20,21
2748,222,-0.32006995968391938,-0x1.47c06b65190f4p-2,2,3,18,21,25,28
2749,222,0.12040268709066848,0x1.ed2b5e367aa50p-4,0,2,9,11,18,22
2750,222,-0.45192512593632073,-0x1.cec575d08c78ap-2,6,11,21,23,25,26
2751,222,0.36896672155728227,0x1.79d269899a7c8p-2,2,5,7,10,25,28
2752,222,-0.19786613112647855,-0x1.953ad69164e94p-3,10,11,19,23,27,28
2753,222,0.3776515672826688,0x1.82b717ab0c7fcp-2,6,8,19,21,26,28
2754,222,0.35562652027982178,0x1.6c295bc8c4b9ep-2,10,11,13,15,24,26
2755,222,0.1417518250490446,0x1.224ec7e5df268p-3,9,10,12,17,26,27
2756,222,-0.37547422439179701,-0x1.807c50a903d2cp-2,1,2,14,17,18,21
2757,222,0.19503278293202286,0x1.8f6d5902ba2c8p-3,2,3,13,16,24,28
2758,222,0.30281971659819518,0x1.36165f2d7e31cp-2,1,2,6,10,20,23
2759,222,0.19812396611729521,0x1.95c204983883cp-3,2,4,13,15,18,22
2760,222,-0.47201967016560453,-0x1.e3591fd9b84c4p-2,9,11,18,20,25,29
2761,222,-0.44295961598914224,-0x1.c59734a07d03cp-2,6,7,16,17,18,19
2762,222,-0.13339339657065197,-0x1.11308e9e2fbc8p-3,6,11,13,16,24,26
2763,222,-0.31531941269404673,-0x1.42e31795426a2p-2,0,4,7,9,20,23
2764,222,0.28800542139628182,0x1.26eae4a7def46p-2,1,2,19,20,24,27
2765,222,0.49171737145702532,0x1.f784c23521cccp-2,9,11,18,19,26,28
2766,222,-0.32623414050542388,-0x1.4e1052913ce44p-2,6,8,13,15,18,22
2767,222,-0.085659350905363807,-0x1.5edc56ebc3130p-4,7,8,12,17,24,28
2768,222,0.0365198579974777,0x1.2b2bb1781e900p-5,9,10,13,17,24,29
2769,222,0.28789418277338019,0x1.26cdbb8ee19a2p-2,7,10,18,23,25,26
2770,222,0.46742512058165075,0x1.dea4b0d8e87eep-2,8,11,20,21,24,25
2771,222,-0.44027613259695109,-0x1.c2d7bf1ada620p-2,1,5,8,10,18,20
2772,222,-0.38952796862981176,-0x1.8ee06b7891c5ap-2,7,8,21,22,26,29
2773,222,-0.024872187922275524,-0x1.9781846d31640p-6,2,3,7,11,22,23
2774,222,0.38322181447530412,0x1.886b4ca1240e4p-2,0,1,15,17,19,20
2775,222,0.28661611469385806,0x1.257eb1dc7781ap-2,2,5,6,9,14,16
2776,222,-0.26154908151689449,-0x1.0bd385bda7d56p-2,0,5,7,10,21,22
2777,222,-0.32274740827249238,-0x1.4a7e4bed98b18p-2,0,4,9,11,12,13
2778,222,0.26840158246379675,0x1.12d7dd4b81b1ap-2,16,17,18,21,25,26
2779,222,-0.1746217649421653,-0x1.65a0188cc56d0p-3,8,9,13,17,24,28
2780,222,0.26900972821749414,0x1.13774943fffc4p-2,2,5,15,17,18,20
2781,222,-0.23053156464768543,-0x1.d820eed6dc32cp-3,7,11,18,19,27,28
2782,222,0.22790786717810951,0x1.d2c15c203fad4p-3,6,11,14,15,25,26
2783,222,0.24467881225711041,0x1.f51a2a4558e90p-3,3,4,14,17,18,22
2784,222,0.26808675868975296,0x1.128555d440a5ep-2,6,8,19,20,28,29
2785,222,-0.36507920967528928,-0x1.75d7530805030p-2,1,5,15,17,18,22
2786,222,-0.31871871647485361,-0x1.465e32ff87c66p-2,1,4,12,16,24,26
2787,222,0.48601135559544517,0x1.f1acf5f711792p-2,14,16,19,23,27,28
2788,222,0.20217640261735781,0x1.9e0ea96a1da80p-3,9,11,19,20,27,28
2789,222,0.2716114985846585,0x1.1621531e8dfc8p-2,1,3,20,21,24,29
2790,222,0.023621065129585173,0x1.8301ed8e9bb80p-6,1,5,12,16,27,28
2791,222,0.29930528428159064,0x1.327d159e09a40p-2,6,8,16,17,24,25
2792,222,0.01512260719070968,0x1.ef899fa83cb40p-7,9,10,12,13,26,27
2793,222,-0.425188756647217,-0x1.b364ae71b4f0cp-2,7,9,19,20,24,27
2794,222,-0.34277353612317119,-0x1.5f00069e554b4p-2,12,14,21,22,24,26
2795,222,-0.36298191992268625,-0x1.73b1884c6dcd4p-2,8,9,13,16,27,29
2796,222,-0.14984997137710421,-0x1.32e48ab2f8370p-3,2,3,12,16,28,29
2797,222,-0.0050748464601386711,-0x1.4c95cb9419b00p-8,8,11,12,16,26,28
2798,222,0.21501814275495368,0x1.b85b6e996ef8cp-3,1,2,12,16,19,23
2799,222,0.36456924289113135,0x1.7551a3bd612acp-2,6,9,20,22,24,27
2800,222,0.10418277207068483,0x1.aabb8ded9a798p-4,1,2,6,9,20,22
2801,222,-0.11075278004126388,-0x1.c5a4b5037e328p-4,3,4,21,23,24,26
2802,222,-0.14550095139612418,-0x1.29fc671e4412cp-3,1,5,13,14,22,23
2803,222,-0.0067037407597343446,-0x1.b7561b52ec800p-8,4,5,6,8,19,22
2804,222,-0.47261725803719357,-0x1.e3f5c74b2e04ap-2,8,11,12,13,20,21
2805,222,0.082179978447531998,0x1.509bf3fd17148p-4,8,11,12,15,25,27
2806,222,-0.30641864319009848,-0x1.39c5cf0d8b6f2p-2,2,4,15,16,18,19
2807,222,-0.28434776747477442,-0x1.232c0fa7faa4ap-2,3,4,7,8,21,22
2808,222,-0.35010459550683837,-0x1.6681d1af8653ep-2,3,5,13,15,26,28
2809,222,-0.41128506841821433,-0x1.a527e9b8c1e5cp-2,6,10,21,22,24,26
2810,222,0.36808547466168084,0x1.78eb660f37dd8p-2,1,2,6,11,21,23
2811,222,-0.37204861087922114,-0x1.7cfa4fa0fe72cp-2,12,16,21,23,25,28
2812,222,-0.34724117461953152,-0x1.639330c34315ep-2,3,5,8,10,21,23
2813,222,-0.39351766952687484,-0x1.92f64bc41072ep-2,6,8,16,17,24,26
2814,222,-0.36659922880817197,-0x1.7765c9c9e132ap-2,0,3,12,15,20,23
2815,222,0.49835530941270667,0x1.fe50daaedcb58p-2,1,3,12,15,20,23
2816,222,0.44095291192581376,0x1.c38928ff30798p-2,0,1,14,17,18,19
2817,222,0.035498348292888782,0x1.22cd6e9f5bf40p-5,0,1,8,10,19,21
2818,222,0.35341505869064538,0x1.69e5a31bf6022p-2,7,9,12,14,19,22
2819,222,0.14986115767252961,0x1.32ea68192759cp-3,2,5,6,7,20,21
2820,222,0.35803848042486519,0x1.6ea1a3b0898e6p-2,7,8,21,23,24,28
2821,222,0.1428274032643887,0x1.2482b18ff1fa4p-3,10,11,22,23,24,26
2822,222,-0.42976904298145735,-0x1.b8156041c11a8p-2,2,5,7,9,21,23
2823,222,-0.060919442526475742,-0x1.f30d54aaefbd0p-5,6,7,21,22,26,29
2824,222,-0.33961749496063365,-0x1.5bc4b048057ecp-2,0,2,15,17,27,29
2825,222,-0.069115154986670313,-0x1.1b187e2536268p-4,0,1,8,10,19,20
2826,222,-0.24175103986116708,-0x1.ef1b2b4fd2570p-3,1,5,6,8,18,23
2827,222,-0.026762175930548415,-0x1.b678b3990e660p-6,7,8,12,16,25,27
2828,222,0.30809470318856425,0x1.3b7d2d8910166p-2,0,4,7,11,18,20
2829,222,0.46118222216481497,0x1.d8402706c7278p-2,2,3,7,11,25,28
2830,222,0.23806390307361747,0x1.e78e0c307972cp-3,9,10,12,14,19,22
2831,222,-0.38093785853264639,-0x1.861492f0d2ef4p-2,12,17,20,22,27,29
2832,222,-0.35969029228781746,-0x1.7052a6e84269ep-2,1,4,6,9,21,22
2833,222,0.31133691458157042,0x1.3ecf1aa8a95c2p-2,7,9,16,17,24,28
2834,222,-0.11917184173930362,-0x1.e820bbadfd878p-4,3,5,13,15,24,26
2835,222,-0.0015748111951452426,-0x1.9cd3ca5274c00p-10,0,5,18,23,27,28
2836,222,-0.43898868408428449,-0x1.c1863fe5d3060p-2,3,4,6,11,21,22
2837,222,0.058163675318896546,0x1.dc7a1169ea120p-5,7,10,21,23,25,26
2838,222,-0.49907544879837662,-0x1.ff0da26b4d5d0p-2,1,2,13,16,20,21
2839,222,-0.096584717486086547,-0x1.8b9c6aae56980p-4,16,17,19,21,24,26
2840,222,-0.38769486509659801,-0x1.8cffe1f9ab076p-2,0,4,15,16,26,29
2841,222,0.19796450048133019,0x1.956e697ab0b88p-3,1,5,19,22,26,27
2842,222,-0.30169476534026862,-0x1.34ef78fa0b1bcp-2,6,11,13,15,26,28
2843,222,-0.26849578247644124,-0x1.12f08ef366a6ap-2,1,3,6,8,28,29
2844,222,0.12371964575734573,0x1.fac1738668780p-4,1,3,15,16,18,19
2845,222,-0.13065429513328175,-0x1.0b947aa56f5d4p-3,2,4,14,15,18,19
2846,222,0.39222607935006149,0x1.91a3b69dc989ep-2,3,4,6,8,18,20
2847,222,-0.45522257008331934,-0x1.d225dd8ba2bd2p-2,6,11,13,15,24,27
2848,222,0.29216953504917109,0x1.2b2e7d97b1e28p-2,7,10,12,17,26,27
2849,222,0.22901624064580428,0x1.d506777e9cde0p-3,3,5,14,15,25,26
2850,222,0.27676580182273292,0x1.1b687e8deb5f2p-2,9,10,12,13,22,23
2851,222,-0.42653590296013777,-0x1.b4c5d3e7226dap-2,9,11,22,23,25,26
2852,222,-0.05734775631851996,-0x1.d5caf63c62790p-5,3,5,6,7,18,20
2853,222,0.0060382968851935281,0x1.8bb9cfa53be00p-8,9,11,12,16,24,25
2854,222,-0.30834376931302121,-0x1.3bbe78147fca2p-2,7,10,14,17,19,22
2855,222,-0.16500911708782795,-0x1.51f04ccb78f24p-3,3,5,7,8,24,26
2856,222,-0.030118728561389752,-0x1.ed771a8ac4f00p-6,10,11,12,13,27,28
2857,222,-0.47743421782906947,-0x1.e8e483fe44ce6p-2,0,4,7,9,14,16
2858,222,-0.47097957465317963,-0x1.e2487838e0a9ap-2,1,2,15,17,24,27
2859,222,-0.35463481943000341,-0x1.6b2563dde61fap-2,3,4,6,7,20,22
2860,222,0.0053774422503608532,0x1.606a8299f7380p-8,0,3,12,16,19,23
2861,222,-0.44532128363198575,-0x1.c8024d75a6028p-2,15,16,19,20,24,27
2862,222,0.062555534264785218,0x1.003a3b5d9df10p-4,1,5,9,10,18,19
2863,222,0.0038437435328050329,0x1.f7cea18904100p-9,2,5,13,17,20,21
2864,222,-0.29305672330637034,-0x1.2c170fc9e5270p-2,0,3,7,10,25,29
2865,222,0.3569814565389734,0x1.6d8c8c04740e6p-2,6,8,13,16,18,20
2866,222,0.059732289802594707,0x1.e953b0e6f4700p-5,8,11,13,16,20,23
2867,222,-0.11041683994956375,-0x1.c44472c82d3b0p-4,2,3,20,22,24,29
2868,222,0.044428158891205327,0x1.6bf49a2eb1eb0p-5,7,8,19,21,24,29
2869,222,0.12483076222385481,0x1.ff4e8a94944f8p-4,2,3,13,15,28,29
2870,222,0.4189068931987906,0x1.acf5edb96e5b6p-2,14,17,18,21,28,29
2871,222,-0.3963040902769368,-0x1.95d0bd4c0aba0p-2,7,9,14,17,27,28
2872,222,0.038384632012461561,0x1.3a72686533570p-5,9,10,14,17,19,22
2873,222,-0.11169209850778161,-0x1.c97da76500220p-4,2,4,13,16,25,27
2874,222,-0.13768611034155509,-0x1.19fb2ce83e504p-3,0,5,7,8,18,23
2875,222,0.35305063809044068,0x1.69861b41b8b42p-2,1,3,8,10,18,20
2876,222,-0.099973693190869239,-0x1.997e03eb71230p-4,0,3,8,10,19,21
2877,222,-0.17416362696715038,-0x1.64afe64fd0304p-3,0,4,15,17,18,20
2878,222,-0.094283323433874688,-0x1.822f3aeb4e920p-4,6,10,21,22,25,29
2879,222,0.29140095296564439,0x1.2a6502ec0aeeep-2,0,1,13,15,26,28
2880,222,-0.14255434089613517,-0x1.23f387c069f48p-3,2,4,12,13,20,23
2881,222,-0.49281696747489323,-0x1.f8a502d8dfcecp-2,6,8,19,22,24,26
2882,222,0.11371899252360962,0x1.d1cb019d2ae48p-4,2,4,6,9,21,22
2883,222,0.34234862156597534,0x1.5e90a315d3806p-2,8,11,15,16,28,29
2884,222,0.31026452415916528,0x1.3db5fbc17d8f4p-2,10,11,22,23,25,26
2885,222,0.14204370347091866,0x1.22e7cf2815214p-3,2,4,7,11,18,21
2886,222,0.47497013763397822,0x1.e65e925edbb46p-2,6,9,13,14,24,25
2887,222,0.22504505195782853,0x1.cce46b9248b14p-3,12,15,19,20,24,28
2888,222,-0.41921258649389537,-0x1.ad461074405c4p-2,8,11,21,23,24,25
2889,222,-0.24141955389968861,-0x1.ee6d6004e99e8p-3,3,4,6,7,25,29
2890,222,0.27542073635738173,0x1.1a07e4bd2e470p-2,7,10,19,22,24,27
2891,222,-0.065872716102797879,-0x1.0dd08c95c36b0p-4,6,10,13,14,25,29
2892,222,0.47206933146038366,0x1.e36624904489cp-2,2,4,6,9,24,29
2893,222,-0.1786792849919947,-0x1.6def67ac1b330p-3,0,4,18,22,25,29
2894,222,-0.16747350599747313,-0x1.56fc5979a5154p-3,7,11,12,14,25,27
2895,222,-0.15865646778098419,-0x1.44edaea3587bcp-3,0,1,13,17,18,21
2896,222,0.13304081052108019,0x1.1077b351c55ecp-3,6,8,18,21,25,28
2897,222,0.42472164688036762,0x1.b2ea3b3d048bcp-2,0,5,7,10,14,15
2898,222,-0.07845693279209609,-0x1.415c0e87c8cc0p-4,0,4,9,11,25,26
2899,222,-0.31969932137813184,-0x1.475f42477d68cp-2,3,4,14,16,18,19
2900,222,-0.33129185312936793,-0x1.533e2bea7ccbap-2,7,9,18,23,27,28
2901,222,0.30819842392435592,0x1.3b985e1dbc43ep-2,1,2,12,13,27,29
2902,222,-0.45312959828202337,-0x1.d0013495e235cp-2,10,11,12,14,26,28
2903,222,-0.065238674048775036,-0x1.0b37b53795108p-4,0,5,7,9,19,22
2904,222,0.47584491263057516,0x1.e743e386dd7d2p-2,0,5,21,22,25,26
2905,222,-0.34101286604882308,-0x1.5d327a0cc79a2p-2,0,2,12,16,25,27
2906,222,0.32591194532218493,0x1.4dbbdc6a235a6p-2,0,1,8,10,18,23
2907,222,0.20834433854908063,0x1.aab06fc3001c0p-3,2,3,13,17,24,28
2908,222,0.10077018291844786,0x1.9cc13200bf2a8p-4,8,9,13,16,20,23
2909,222,-0.44536510666812801,-0x1.c80dca5fad38ap-2,0,5,14,15,25,27
2910,222,0.42186889300084529,0x1.affe662a8dacap-2,2,4,20,22,25,27
2911,222,0.41766344754632512,0x1.abaff77fc8c8ap-2,1,2,13,17,18,22
2912,222,0.28740078933077484,0x1.264c647c14c00p-2,3,5,14,15,22,23
2913,222,0.21533459589714354,0x1.b90158389ad80p-3,6,9,18,21,25,26
2914,222,-0.062761017140104403,-0x1.0111b241497f8p-4,1,3,6,11,26,29
2915,222,-0.13720760910016327,-0x1.19004d8ec7ca0p-3,13,17,18,21,25,26
2916,222,0.46173361205420538,0x1.d8d0b22cf2722p-2,2,5,6,9,27,28
2917,222,0.063190356879955223,0x1.02d3e4438d370p-4,7,8,18,19,26,27
2918,222,-0.36267585622603971,-0x1.73614cb628970p-2,4,5,8,9,21,22
2919,222,-0.19842103871100703,-0x1.965dc500d1270p-3,9,10,19,22,27,29
2920,222,0.46242287414800154,0x1.d98561c58d4d6p-2,3,5,6,10,13,15
2921,222,-0.27539384645093845,-0x1.1a00d8301b0f8p-2,13,17,18,21,26,29
2922,222,0.34656598397034699,0x1.62e2317c3c1c0p-2,1,5,12,17,27,28
2923,222,0.15601923342127422,0x1.3f870308bb1c8p-3,4,5,6,9,18,23
2924,222,-0.24733146018279173,-0x1.fa88eaa60e5ecp-3,6,9,13,17,26,27
2925,222,0.28067555799748578,0x1.1f6969d98b02cp-2,0,2,7,10,19,21
2926,222,0.31912746669044079,0x1.46c959c2c359ep-2,1,2,9,10,13,14
2927,222,0.44407050182810981,0x1.c6ba6ae9e1522p-2,8,10,20,21,25,28
2928,222,0.13123632602649771,0x1.0cc5a182a5e40p-3,8,10,13,17,20,21
2929,222,-0.36298247108377324,-0x1.73b1ad494de5cp-2,1,5,15,17,18,19
2930,222,-0.30334409025275433,-0x1.369fd54c4824ap-2,8,10,15,17,18,20
2931,222,-0.4160742627859586,-0x1.aa0f5f1d7df44p-2,0,2,9,11,12,16
2932,222,-0.25095424456543658,-0x1.00fa2644cdc22p-2,0,4,8,9,25,26
2933,222,0.17491352677883742,0x1.66391029251fcp-3,9,11,13,16,25,26
2934,222,-0.092031675010728065,-0x1.78f634a5dff58p-4,12,17,19,21,24,28
2935,222,-0.23942339186048933,-0x1.ea56cfaf816c0p-3,12,14,19,21,26,28
2936,222,0.092533316030335766,0x1.7b0436e240688p-4,2,5,12,15,25,27
2937,222,0.22938492306184066,0x1.d5c7c335f7f9cp-3,7,9,20,22,24,25
2938,222,-0.31658801510811296,-0x1.442fa60cc793ap-2,6,7,22,23,26,27
2939,222,0.052500600168209899,0x1.ae15bd17c54b0p-5,0,2,14,17,18,19
2940,222,-0.11735456458709803,-0x1.e0af2e0f01a98p-4,2,5,15,17,25,27
2941,222,0.29706384411406384,0x1.3031811d2d004p-2,7,8,18,23,26,28
2942,222,-0.087428843113591337,-0x1.661bc95e665b8p-4,7,8,12,16,19,21
2943,222,0.15063208215486279,0x1.347e97d4ab0d0p-3,6,7,21,22,25,29
2944,222,-0.021832245026217278,-0x1.65b31298b1f60p-6,2,4,7,11,25,27
2945,222,-0.056199148867162485,-0x1.cc62284e51e80p-5,2,3,13,15,18,23
2946,222,-0.17590485965112146,-0x1.6840ce9b45b50p-3,7,8,19,22,26,29
2947,222,-0.40838328933831491,-0x1.a22f3a9fc38d2p-2,7,9,16,17,18,21
2948,222,-0.44380640509268832,-0x1.c6752fae8381ap-2,4,5,6,7,21,22
2949,222,-0.47321636439910797,-0x1.e492d4a41ad0ep-2,7,8,12,15,24,25
2950,222,0.19314138475421627,0x1.8b8db5d830270p-3,6,7,14,15,24,29
2951,222,0.069009025969510862,0x1.1aa9355aaf920p-4,0,5,13,17,25,26
2952,222,0.29419910777818026,0x1.2d4287e9adbc4p-2,0,2,7,10,18,19
2953,222,-0.17644995372158656,-0x1.695e97e4eb5f4p-3,4,5,8,9,12,17
2954,222,0.36798734048673765,0x1.78d1ac62ee22ep-2,1,2,18,23,27,28
2955,222,0.16649686701778987,0x1.54fc4f35d2accp-3,6,7,21,23,26,28
2956,222,0.48547014695249646,0x1.f11f16116192cp-2,0,5,12,15,20,22
2957,222,0.053193468719668791,0x1.b3c2ca1060790p-5,3,5,6,8,18,19
2958,222,-0.16852378995466011,-0x1.59230033a03b8p-3,1,5,14,17,21,22
2959,222,-0.37119682963898426,-0x1.7c1b058eb699cp-2,6,8,21,23,24,26
2960,222,0.46380999250363553,0x1.daf101b571c96p-2,2,5,6,9,25,28
2961,222,-0.05009476531514756,-0x1.9a60565756de0p-5,2,3,12,13,24,29
2962,222,-0.10885615014892969,-0x1.bddff24dbada8p-4,4,5,6,9,18,21
2963,222,0.23331523960911127,0x1.ddd4615e3c7dcp-3,1,5,13,15,24,28
2964,222,-0.12509850667208933,-0x1.0033a5577b018p-3,9,11,19,20,24,29
2965,222,-0.22640698611360943,-0x1.cfae77478d104p-3,1,4,12,17,24,27
2966,222,-0.39883628128419157,-0x1.986889c24ba1ep-2,0,1,12,13,20,21
2967,222,-0.30627591301930901,-0x1.39a06497e1c3ap-2,6,10,14,15,24,27
2968,222,-0.37645774867579662,-0x1.817e23db8da76p-2,2,5,14,16,24,28
2969,222,0.16898469840564412,0x1.5a14a64969cf4p-3,0,5,7,10,25,27
2970,222,0.053813167392937733,0x1.b8d664417fb90p-5,0,1,12,17,19,22
2971,222,0.076103998521146354,0x1.37b8d38be3f78p-4,2,5,16,17,24,28
2972,222,-0.34122505540131021,-0x1.5d6a19d619006p-2,8,11,18,23,26,27
2973,222,-0.46897795776411932,-0x1.e03bc1fc912a0p-2,3,5,8,10,21,22
2974,222,-0.49178723636130073,-0x1.f79712c30c4c0p-2,3,4,7,8,12,17
2975,222,0.1132891853866338,0x1.d00852239dff0p-4,1,5,9,10,26,28
2976,222,0.057518853253561542,0x1.d731c734143c0p-5,0,3,8,11,18,21
2977,222,-0.38650558232457999,-0x1.8bc81e8f38d6cp-2,2,5,6,10,20,22
2978,222,-0.34151037001901885,-0x1.5db4e4f9e7fb6p-2,6,10,14,17,24,28
2979,222,-0.37471197761232344,-0x1.7fb47f250ec26p-2,7,9,14,16,24,25
2980,222,0.24430306534848623,0x1.f4552a5fdfd84p-3,0,2,12,17,27,29
2981,222,0.42508556873363046,0x1.b349a19ed99a6p-2,2,3,10,11,24,29
2982,222,-0.24904001667267717,-0x1.fe08b13809198p-3,0,4,12,15,20,23
2983,222,0.0038218289233032943,0x1.f4ef4c7915d00p-9,3,5,8,10,18,23
2984,222,-0.17682069711223125,-0x1.6a20f83ad2da0p-3,4,5,15,16,19,20
2985,222,0.078608113099828292,0x1.41fa94af6cac8p-4,1,2,19,20,24,29
2986,222,-0.031502343228987595,-0x1.021133bd4ecc0p-5,6,10,19,23,24,28
2987,222,0.27511152370903813,0x1.19b6d5d4550a6p-2,7,9,12,14,25,27
2988,222,0.18692273509517932,0x1.7ed158d0e6bdcp-3,6,7,20,23,25,27
2989,222,0.33875803331974719,0x1.5ae362c9765dep-2,7,11,19,21,26,29
2990,222,0.40941415627516442,0x1.a33d76eee2932p-2,0,3,7,10,15,17
2991,222,0.45012116099972865,0x1.ccec8fc6ecf04p-2,2,5,7,10,18,23
2992,222,0.26922565529466658,0x1.13afe3e2f0658p-2,7,10,14,15,18,22
2993,222,0.45100966567312795,0x1.cdd57a50fbe1cp-2,6,10,13,17,24,28
2994,222,-0.063256445127739425,-0x1.031930b15b958p-4,6,7,15,16,25,26
2995,222,-0.4405252164618908,-0x1.c3190ad7118dap-2,1,2,14,16,24,29
2996,222,0.47185467159060035,0x1.e32ddefbc929ep-2,3,5,6,7,18,21
2997,222,0.34597882383495293,0x1.624845d5eb2e2p-2,4,5,13,15,20,23
2998,222,0.34026319967923535,0x1.5c6df4ca9e584p-2,9,11,14,16,18,19
2999,222,0.33390963186050771,0x1.55ec6812a4208p-2,0,5,13,14,18,23
3000,222,-0.23277445918344331,-0x1.dcb8db0c4bba0p-3,7,10,18,21,28,29
3001,222,0.27642113926576439,0x1.1b0e24a447302p-2,8,11,22,23,24,27
3002,222,-0.3941224787676042,-0x1.9394d7d3b385ap-2,6,10,18,23,26,28
3003,222,-0.41613282579096322,-0x1.aa1eb93641cb6p-2,7,11,18,23,27,28
3004,222,-0.48736459257616738,-0x1.f30fb4295f3c4p-2,1,3,10,11,20,21
3005,222,0.38019228481973177,0x1.85512055f8146p-2,0,3,19,21,28,29
3006,222,0.01027035212931604,0x1.5089f541c4bc0p-7,2,5,6,10,25,27
3007,222,-0.45052228609977396,-0x1.cd55b6d3abb58p-2,4,5,7,9,12,16
3008,222,-0.35501188710600962,-0x1.6b883c733f086p-2,4,5,16,17,19,21
3009,222,0.060024726819329799,0x1.ebb8f9d47dcb0p-5,2,5,7,10,15,17
3010,222,0.45403130022928517,0x1.d0ed94c7616bap-2,6,9,21,22,24,25
3011,222,-0.078632397215712024,-0x1.42140b6729398p-4,6,7,20,22,27,29
3012,222,-0.38589997585985492,-0x1.8b295cff618d8p-2,0,4,12,16,25,26
3013,222,0.11063430764884064,0x1.c5287ad2ad8f8p-4,8,11,12,15,20,22
3014,222,-0.38653242537851629,-0x1.8bcf27f7608d0p-2,0,5,7,8,19,22
3015,222,0.15609848152544215,0x1.3fb08f88db34cp-3,7,10,14,17,18,22
3016,222,-0.13196971376916178,-0x1.0e4623259bb60p-3,2,4,14,17,18,21
3017,222,0.41029995253537821,0x1.a425abb6c25b6p-2,13,14,21,23,26,28
3018,222,-0.32565181324646209,-0x1.4d77ab3f1b4b4p-2,1,3,16,17,18,21
3019,222,0.32530254081752552,0x1.4d1c1bf877c8ep-2,1,2,12,16,24,28
3020,222,-0.27239758291226401,-0x1.16ef645878720p-2,12,16,20,21,25,28
3021,222,-0.34417739172823691,-0x1.607009c5fb3f4p-2,3,5,14,17,24,28
3022,222,0.084022004176330323,0x1.582775014eb38p-4,2,4,12,14,27,29
3023,222,0.17175818094894402,0x1.5fc2c0cff8254p-3,14,15,19,23,24,26
3024,222,0.37597438426528473,0x1.80ff6dd236690p-2,4,5,12,13,24,25
3025,222,-0.18644023726981374,-0x1.7dd4610ddbd00p-3,1,2,12,17,19,22
3026,222,0.062353534187540638,0x1.feccd6c404230p-5,0,2,14,17,19,22
3027,222,-0.1335800048164334,-0x1.119264c0b0574p-3,2,3,7,10,20,22
3028,222,0.27974582826192951,0x1.1e75b0be4f472p-2,1,2,12,17,24,28
3029,222,0.19564529701236721,0x1.90ae7b42464b8p-3,0,3,7,8,22,23
3030,222,0.21685589988507836,0x1.bc1ef22f9bc64p-3,6,10,13,17,21,22
3031,222,-0.3499499562740116,-0x1.66594805bbea0p-2,2,3,6,7,15,16
3032,222,-0.048718112024221161,-0x1.8f19493bbd990p-5,8,9,12,17,26,29
3033,222,-0.26298550577421953,-0x1.0d4c128a7d3a2p-2,3,5,7,10,18,21
3034,222,0.17571891724901845,0x1.67df51d6fc094p-3,0,4,9,11,18,23
3035,222,-0.24517224155806472,-0x1.f61cdd3b07fccp-3,1,5,13,14,21,22
3036,222,0.21782601214770392,0x1.be1b907323d04p-3,7,10,12,17,28,29
3037,222,0.20266771143836149,0x1.9f103fc4a9d60p-3,6,9,13,16,24,28
3038,222,0.39608910584551216,0x1.959861efa2286p-2,8,10,18,23,26,27
3039,222,0.046266599339584769,0x1.7b041761f0dc0p-5,0,1,14,16,26,28
3040,222,0.2626072760700362,0x1.0ce8ebf9a6590p-2,1,2,15,17,18,19
3041,222,-0.35294864944997106,-0x1.696b5eea38506p-2,3,4,12,17,20,22
3042,222,-0.11614272387204827,-0x1.dbb8790b2e4f0p-4,9,11,20,23,24,25
3043,222,0.099118514503143906,0x1.95fd4ba381740p-4,4,5,8,9,16,17
3044,222,0.22994576423969004,0x1.d6edce0a1b060p-3,7,8,18,21,25,26
3045,222,-0.17324975693689959,-0x1.62d0c4c0abe50p-3,7,11,19,22,27,29
3046,222,-0.27234362670566514,-0x1.16e13f67e642cp-2,1,5,6,10,18,22
3047,222,0.19574366392868414,0x1.90e20dd7c886cp-3,2,4,15,16,19,20
3048,222,0.29352756880905406,0x1.2c927db2097fep-2,0,2,18,21,25,29
3049,222,0.26751756117914727,0x1.11f01fa17affep-2,1,5,6,10,18,19
3050,222,0.27714983130456139,0x1.1bcd2a562e16ap-2,0,1,14,16,28,29
3051,222,0.26379070798783877,0x1.0e1f26bf2f918p-2,9,11,12,13,24,25
3052,222,0.49003933472068351,0x1.f5ccdf1184070p-2,1,5,12,17,19,20
3053,222,0.064371407905348899,0x1.07aa503c03e38p-4,1,5,6,9,19,23
3054,222,0.20441249551858598,0x1.a2a304b92b288p-3,2,5,6,9,16,17
3055,222,0.030286221497255128,0x1.f0359eb6686a0p-6,10,11,19,23,24,27
3056,222,-0.33407388923856296,-0x1.56177732e89b2p-2,1,2,9,10,14,17
3057,222,-0.19748210406185074,-0x1.94717f53ed664p-3,12,15,19,22,26,27
3058,222,-0.0673320583826994,-0x1.13cac7cb9ded8p-4,9,10,21,22,25,29
3059,222,-0.13053563205438556,-0x1.0b5643f517178p-3,8,9,12,13,27,29
3060,222,-0.14995907435090572,-0x1.331dbe409ac5cp-3,6,9,19,20,28,29
3061,222,0.24338887434678169,0x1.f275ddbc3cc94p-3,7,11,20,22,24,27
3062,222,0.43936687272966102,0x1.c1e963b5475c6p-2,1,3,6,10,26,29
3063,222,-0.47863567270174412,-0x1.ea1f7843cfd26p-2,2,3,13,16,18,20
3064,222,-0.084122000005916076,-0x1.58904f6e64708p-4,9,11,14,16,19,23
3065,222,0.41860249447296116,0x1.aca621df243d0p-2,6,8,15,17,25,27
3066,222,0.4499807713792352,0x1.ccc7c2639c550p-2,0,2,7,9,19,20
3067,222,-0.45381959807713301,-0x1.d0b615b019c12p-2,1,4,12,15,22,23
3068,222,-0.12171185923666439,-0x1.f288226f4f2c0p-4,2,3,15,16,25,29
3069,222,0.4378356221081674,0x1.c057fb37e9e00p-2,2,3,6,10,19,21
3070,222,0.47778392523058177,0x1.e9403075adef4p-2,7,10,14,15,24,28
3071,222,0.1230484631409664,0x1.f801aa5037588p-4,4,5,7,9,20,23
3072,222,0.24059479176445053,0x1.ecbcf651badecp-3,0,2,7,9,28,29
3073,222,-0.13152918792729773,-0x1.0d5f2cc4effd0p-3,1,4,9,11,18,23
3074,222,-0.097624049317352579,-0x1.8fde3c31f01c0p-4,1,4,8,11,12,15
3075,222,-0.35604696463051289,-0x1.6c979353b6658p-2,0,5,9,10,18,21
3076,222,-0.41419927010451296,-0x1.a823da7c80fa0p-2,2,3,13,14,18,21
3077,222,0.34661334087783413,0x1.62ee9b8db5dc2p-2,9,11,18,19,26,27
3078,222,0.076510998252378171,0x1.396398b473d30p-4,1,5,9,10,12,14
3079,222,-0.096406179939403702,-0x1.8ae134df8d6f8p-4,4,5,16,17,24,27
3080,222,0.12506374391450725,0x1.00216b90399b0p-3,0,5,7,9,18,19
3081,222,0.2430415367588642,0x1.f1bfc2df975acp-3,9,11,13,16,21,23
3082,222,-0.15700453311904394,-0x1.418b97b88f728p-3,0,3,15,17,19,20
3083,222,0.012557677049248372,0x1.9b7d6e1ec0900p-7,6,10,18,23,25,27
3084,222,0.38123075005693252,0x1.86615a8ee5740p-2,2,4,6,7,18,20
3085,222,-0.43020919367197685,-0x1.b888c24509e72p-2,0,2,13,17,18,22
3086,222,-0.20769745241526938,-0x1.a95d482cb0544p-3,13,17,18,21,26,28
3087,222,-0.092835380572502735,-0x1.7c40f3b787a18p-4,3,5,13,15,18,22
3088,222,0.34251150212108428,0x1.5ebb55d074a00p-2,8,11,18,22,26,27
3089,222,-0.3670068750640908,-0x1.77d0a6773ace6p-2,1,2,13,14,18,23
3090,222,-0.022649420691729483,-0x1.73168e493c9a0p-6,2,3,13,14,25,29
3091,222,0.44253725412438338,0x1.c5287c66e749ep-2,2,4,12,16,20,21
3092,222,-0.47848051188932617,-0x1.e9f6cb995a1b6p-2,10,11,20,21,28,29
3093,222,0.42558896739311625,0x1.b3cd9821f7a62p-2,3,5,8,10,12,17
3094,222,-0.063733919415215112,-0x1.050ddbb88c480p-4,0,1,18,21,26,28
3095,222,-0.4002340360003348,-0x1.99d6f37d78586p-2,3,5,20,22,24,25
3096,222,-0.21480787205962837,-0x1.b7ed308b5b0bcp-3,7,11,12,15,24,29
3097,222,0.38531867936549336,0x1.8a90fad9a69bep-2,6,11,19,20,27,28
3098,222,0.037131010678162713,0x1.302d5f90f6df0p-5,2,5,20,23,24,25
3099,222,-0.13235656576756427,-0x1.0f10f58b0f7c8p-3,1,3,12,17,21,22
3100,222,0.20266020875219504,0x1.9f0c50c654664p-3,2,5,6,10,24,28
3101,222,0.35224736847094373,0x1.68b388bebd330p-2,2,5,6,7,25,28
3102,222,0.31877291770370253,0x1.466c68618d362p-2,1,2,9,10,24,27
3103,222,-0.39984846491569548,-0x1.9971e040acc3cp-2,8,10,13,15,24,29
3104,222,0.02129021159075406,0x1.5cd19ea0761c0p-6,7,8,12,16,19,23
3105,222,-0.039458048523181577,-0x1.433d867f12cf0p-5,6,7,15,17,18,20
3106,222,-0.3117073668711412,-0x1.3f30374a89098p-2,6,11,14,15,18,22
3107,222,0.095581941570918483,0x1.8780ee122a190p-4,14,16,18,23,26,28
3108,222,-0.44796935134334059,-0x1.cab87a468519ep-2,2,4,9,11,18,19
3109,222,0.26710072114827643,0x1.1182d9f8478a2p-2,0,4,7,9,25,26
3110,222,0.11628483511422538,0x1.dc4d7cbd61b10p-4,7,9,12,16,24,25
3111,222,0.014272581629475534,0x1.d3af17a9fec80p-7,1,4,14,15,22,23
3112,222,0.12933363992270064,0x1.08e0134decd44p-3,2,4,19,20,27,29
3113,222,0.44061951906622887,0x1.c331c361798cep-2,0,1,12,16,20,23
3114,222,0.33987712532898884,0x1.5c08bfc7c9376p-2,1,2,14,17,24,27
3115,222,-0.27769748786507331,-0x1.1c5cbaf23f54cp-2,6,10,19,22,26,27
3116,222,0.24627714430199599,0x1.f86026c43c198p-3,0,2,7,11,20,21
3117,222,0.40236431596188416,0x1.9c05642888e98p-2,13,16,18,21,26,29
3118,222,-0.15728508222583493,-0x1.421eae6278140p-3,6,11,13,15,20,23
3119,222,0.18122849367091509,0x1.7327ecab5c00cp-3,0,1,12,17,26,29
3120,222,-0.4290504280815971,-0x1.b758fed3c7f22p-2,1,3,15,16,26,29
3121,222,0.09558866393682286,0x1.8787fa97a1bf0p-4,4,5,15,16,19,23
3122,222,-0.27985031824946383,-0x1.1e9114f2a0660p-2,0,1,13,14,18,22
3123,222,-0.31938070975338217,-0x1.470bbc9d74c82p-2,6,8,15,16,26,27
3124,222,-0.34608998030250537,-0x1.6265696b7d7c6p-2,7,9,12,16,25,27
3125,222,-0.45887046477458937,-0x1.d5e2239d3a8dcp-2,4,5,6,9,25,27
3126,222,0.45262174600229499,0x1.cf7c13322731cp-2,13,15,20,22,24,27
3127,222,0.39103508778980134,0x1.906b8086952eap-2,1,4,6,9,18,19
3128,222,-0.34072938556861709,-0x1.5ce829ff36aa8p-2,8,10,12,17,25,26
3129,222,-0.23282315125641639,-0x1.dcd262632f0acp-3,6,10,14,15,18,23
3130,222,0.44830197052658383,0x1.cb0fabf8937d8p-2,12,13,21,23,24,26
3131,222,0.055880137573704358,0x1.c9c5246c00560p-5,6,11,14,16,25,26
3132,222,-0.22757100371277472,-0x1.d210bf13b6cf0p-3,6,11,19,21,26,28
3133,222,-0.3446854223518625,-0x1.60f53721a3048p-2,9,11,12,16,26,28
3134,222,-0.014288954275129107,-0x1.d4386fa721cc0p-7,0,4,12,13,26,29
3135,222,-0.069524103764580403,-0x1.1cc54e7f3dc80p-4,2,5,12,16,25,27
3136,222,0.36076529823813097,0x1.716c7555db9b2p-2,9,11,18,22,25,27
3137,222,-0.1473191920234117,-0x1.2db5af3e8273cp-3,0,4,19,20,27,29
3138,222,-0.35081301621876304,-0x1.673b86feaecd4p-2,10,11,21,22,25,26
3139,222,0.15826821171133887,0x1.44221fca5f724p-3,7,8,12,17,24,26
3140,222,0.42978310440627121,0x1.b8190fe731728p-2,0,2,12,14,25,29
3141,222,0.12739208041532002,0x1.04e6239939c1cp-3,2,5,6,9,18,20
3142,222,0.29026542537262146,0x1.293b56f48a2d2p-2,6,8,13,17,21,22
3143,222,0.45469650998931166,0x1.d19bf64009a84p-2,10,11,13,15,22,23
3144,222,0.30696115082057873,0x1.3a54061faaea4p-2,6,10,14,15,26,27
3145,222,0.024443363348847114,0x1.907ae58c00b60p-6,6,10,13,15,18,20
3146,222,0.34220466640857494,0x1.5e6ae66b0dbdcp-2,3,4,12,13,20,23
3147,222,0.04859861133352672,0x1.8e1eacc9df550p-5,3,4,7,8,20,22
3148,222,0.17467236223741645,0x1.65ba9f9a99208p-3,10,11,12,13,26,28
3149,222,0.49265575300935249,0x1.f87abfed7218cp-2,0,4,15,17,18,22
3150,222,-0.43731483654118863,-0x1.bfcf75e3fffdap-2,1,5,14,16,27,28
3151,222,0.055708575805081928,0x1.c85d59e610e80p-5,8,10,15,17,24,27
3152,222,0.034816717458885926,0x1.1d37f2dae12d0p-5,2,4,6,7,15,16
3153,222,0.03452369136067146,0x1.1ad16daa99dc0p-5,0,4,7,9,16,17
3154,222,0.35057096341360927,0x1.66fc131b2797ap-2,3,5,7,10,19,21
3155,222,-0.020020418624539627,-0x1.4803b8cfa7f80p-6,2,5,19,20,24,28
3156,222,0.37223637061702786,0x1.7d2b87f8ba3c2p-2,0,4,14,17,19,22
3157,222,0.023933845568129164,0x1.8821d2fee3660p-6,14,17,18,21,25,26
3158,222,-0.061491686416334401,-0x1.f7bd69c44a160p-5,2,3,12,17,25,29
3159,222,0.4701208711878363,0x1.e1675d9bacd62p-2,0,4,8,11,22,23
3160,222,-0.48454635145024738,-0x1.f02ceb337feeep-2,9,11,13,16,25,29
3161,222,0.22781220158410598,0x1.d28f341b77cc0p-3,3,5,18,23,26,28
3162,222,0.30466341885660819,0x1.37f9aff11b528p-2,1,4,8,11,20,23
3163,222,0.15079367197645999,0x1.34d3500ca9430p-3,2,4,13,14,18,21
3164,222,-0.39214677320545499,-0x1.918eec7898f16p-2,6,10,18,21,25,29
3165,222,-0.2177548414470174,-0x1.bdf640147c1e8p-3,9,10,19,21,26,28
3166,222,-0.29231055080529333,-0x1.2b5374fff01bep-2,0,4,13,17,25,29
3167,222,0.38094822974581177,0x1.86174af0e8d00p-2,1,2,6,9,24,27
3168,222,-0.36562676650801929,-0x1.7666dcf2c6d4cp-2,0,1,12,14,27,29
3169,222,-0.25568143712443292,-0x1.05d15aca932b4p-2,8,11,19,22,27,29
3170,222,0.12029512128685271,0x1.ecba93bcb9e68p-4,8,10,22,23,24,26
3171,222,0.24699631794771149,0x1.f9d9349e8aef0p-3,7,9,12,14,21,23
3172,222,-0.053148896380677213,-0x1.b3655078c0860p-5,8,11,13,16,27,29
3173,222,-0.034244214071474599,-0x1.1887527074610p-5,1,5,8,9,21,22
3174,222,0.39546091034173136,0x1.94f3b4730e76ap-2,3,5,14,17,25,26
3175,222,-0.42662621988234473,-0x1.b4dd80f80b08cp-2,9,10,19,20,24,27
3176,222,0.36703076131506307,0x1.77d6e971e58eep-2,6,7,20,22,24,27
3177,222,0.16978343943247576,0x1.5bb76b7e1e798p-3,3,5,13,14,25,26
3178,222,0.42161869914453309,0x1.afbccff0d4d22p-2,4,5,8,9,25,26
3179,222,-0.0017495983914970203,-0x1.caa58f7d8e800p-10,0,2,7,9,21,22
3180,222,0.46522182175201787,0x1.dc631bf73de8cp-2,1,3,8,10,18,22
3181,222,0.17553130990745325,0x1.677cf59bcffacp-3,1,5,16,17,26,28
3182,222,-0.0027480179787474635,-0x1.68302eb1f0d00p-9,4,5,13,16,26,27
3183,222,-0.26314751580700935,-0x1.0d768ad9a8b3cp-2,0,5,12,13,27,28
3184,222,-0.12638069130932239,-0x1.02d3e14027c10p-3,0,1,14,16,19,21
3185,222,0.11968385771877699,0x1.ea399eec2e238p-4,8,11,18,21,25,28
3186,222,-0.19794901406114052,-0x1.95664aed5826cp-3,3,5,12,13,20,21
3187,222,0.26595130828322189,0x1.10558a2d9e918p-2,0,5,13,14,27,28
3188,222,-0.45714739345003863,-0x1.d41e7241473aep-2,3,5,20,21,24,28
3189,222,-0.34065427490163369,-0x1.5cd47967c7cb0p-2,6,11,14,15,28,29
3190,222,0.071193808548902671,0x1.239c1e7652d48p-4,2,4,12,16,25,27
3191,222,-0.13440249172179719,-0x1.13419d1391780p-3,1,5,16,17,26,27
3192,222,-0.013471495186820115,-0x1.b96f17a0b7f40p-7,3,5,7,10,25,28
3193,222,-0.16841426114695102,-0x1.58e9937e73030p-3,7,9,12,16,27,29
3194,222,-0.14168395079253238,-0x1.222b31f82d0e4p-3,1,2,9,10,18,19
3195,222,0.052650603727850798,0x1.af5051a406590p-5,4,5,12,15,26,27
3196,222,0.10932953114169786,0x1.bfd0528bd9858p-4,4,5,6,8,24,27
3197,222,-0.45537989686047919,-0x1.d24f1b9116214p-2,0,4,12,16,19,23
3198,222,-0.24564203118132077,-0x1.f7132b5393040p-3,0,1,18,19,27,28
3199,222,-0.15102660535569912,-0x1.354d6fd6a106cp-3,12,13,20,22,24,27
3200,222,0.41477902973586545,0x1.a8bbd57f20ecep-2,7,10,14,17,24,27
3201,222,-0.042946603288568141,-0x1.5fd18e1328700p-5,7,10,14,17,24,25
3202,222,-0.19386330837585453,-0x1.8d0834caf3030p-3,4,5,7,9,20,22
3203,222,0.26774236077927294,0x1.122b0dad3407ap-2,14,15,18,22,25,27
3204,222,-0.071651682848484666,-0x1.257c3c289a088p-4,7,11,19,22,24,29
3205,222,-0.2527966233405623,-0x1.02dd1e3725d50p-2,12,14,21,23,24,26
3206,222,0.12295618404079234,0x1.f7a0e754bd128p-4,14,16,19,21,24,29
3207,222,0.21066822044890587,0x1.af72d1e913990p-3,3,4,16,17,24,26
3208,222,0.45129471111212771,0x1.ce20336456618p-2,3,4,6,11,18,23
3209,222,-0.10909858175097298,-0x1.bede278a910b8p-4,0,2,13,16,20,21
3210,222,-0.37224178647363249,-0x1.7d2cf36c6f7acp-2,6,7,15,16,28,29
3211,222,0.074072612815468397,0x1.2f66c39925b68p-4,9,10,22,23,26,27
3212,222,0.21474337649598185,0x1.b7cb6018a9b10p-3,0,1,8,10,27,29
3213,222,0.22976980916148415,0x1.d6918dbfa7650p-3,8,9,13,16,18,20
3214,222,-0.46773862221783091,-0x1.def6df9601b92p-2,8,11,12,15,24,28
3215,222,-0.42233984155803106,-0x1.b079dafd2883cp-2,1,4,16,17,26,29
3216,222,-0.17924053857487754,-0x1.6f15a9da5f48cp-3,1,4,15,17,24,27
3217,222,0.043123569877162704,0x1.6144ae49e4d70p-5,0,2,12,17,20,22
3218,222,-0.43714513347220341,-0x1.bfa2f94f79844p-2,0,2,7,11,21,22
3219,222,0.33766423150793956,0x1.59c4a6fd6c1b6p-2,6,7,14,15,25,29
3220,222,-0.29670758426310029,-0x1.2fd41ceb8a6cap-2,6,10,13,17,18,20
3221,222,0.23944944254319511,0x1.ea64782625cb4p-3,1,4,8,11,13,15
3222,222,0.051341791463067943,0x1.a4978a680fcd0p-5,1,3,10,11,24,26
3223,222,0.49281816146013491,0x1.f8a552f9626f2p-2,10,11,14,15,27,28
3224,222,-0.11235220022178616,-0x1.cc31d21961238p-4,1,5,13,17,18,20
3225,222,0.18353098818956382,0x1.77df18409d294p-3,8,9,13,16,27,28
3226,222,-0.17271717615747051,-0x1.61b98af86e324p-3,8,9,18,20,25,27
3227,222,-0.22559053526694584,-0x1.ce02691a11c00p-3,12,13,22,23,26,27
3228,222,0.32005541205354127,0x1.47bc9b1eb607cp-2,6,7,14,17,19,22
3229,222,-0.19231120344549224,-0x1.89da74cb9f514p-3,8,9,16,17,26,28
3230,222,-0.082883303300014366,-0x1.537d7150ed9c8p-4,2,4,9,11,14,16
3231,222,0.16222471351238765,0x1.4c3c78791c014p-3,1,4,9,11,24,29
3232,222,0.13450757545524761,0x1.1378b52d28050p-3,1,5,6,10,19,20
3233,222,0.26624737688195377,0x1.10a327016a44cp-2,3,5,13,16,24,25
3234,222,0.28548328292508329,0x1.2455bacedf2dcp-2,1,4,9,11,19,23
3235,222,-0.16831120531248522,-0x1.58b38b92f091cp-3,2,5,7,9,18,19
3236,222,-0.36996292395367414,-0x1.7ad78f8c744a8p-2,3,4,12,13,24,29
3237,222,0.42711493171352943,0x1.b55d9ddd5f1c8p-2,6,11,18,22,25,27
3238,222,0.10418317857193571,0x1.aabbfb0c281b8p-4,0,2,10,11,19,21
3239,222,0.42268908760375701,0x1.b0d5687e896fcp-2,1,2,6,10,20,21
3240,222,0.021893706278512615,0x1.66b4dc1d15920p-6,6,9,19,22,26,29
3241,222,0.49603884514965779,0x1.fbf19b65da828p-2,7,9,12,17,20,21
3242,222,-0.48764951970429449,-0x1.f35a654c29038p-2,1,2,10,11,20,23
3243,222,-0.1615606189737,-0x1.4ae04b36822b0p-3,0,4,15,16,20,23
3244,222,-0.30406362416086163,-0x1.375c7466b250cp-2,3,4,6,7,26,29
3245,222,-0.35983102144349188,-0x1.70778b14be89cp-2,1,5,8,10,13,15
3246,222,-0.38727763310947694,-0x1.8c928202b5c00p-2,8,11,18,22,25,26
3247,222,0.15735717805084493,0x1.42447aec27610p-3,2,4,12,17,19,21
3248,222,0.35570428482823824,0x1.6c3dbe798993ap-2,6,8,15,17,19,20
3249,222,-0.10907417716847989,-0x1.bec4907c6d7d8p-4,0,5,7,8,20,21
3250,222,0.21818262338938754,0x1.bed688001a6d8p-3,3,4,6,11,20,22
3251,222,0.061957572780383496,0x1.fb8e729a99e70p-5,6,11,18,23,27,28
3252,222,0.4233361970028704,0x1.b17f0b455c828p-2,1,3,6,8,18,21
3253,222,-0.19902987025772545,-0x1.979cf8fd78f14p-3,6,8,13,16,18,23
3254,222,-0.2702507002539577,-0x1.14bc997d3f54ep-2,4,5,20,23,25,27
3255,222,-0.048595307087114792,-0x1.8e17bed5b41a0p-5,15,17,18,22,25,27
3256,222,0.18687012126902602,0x1.7eb5c31b99a48p-3,9,11,21,23,26,28
3257,222,-0.44336806829273567,-0x1.c6024765a1c94p-2,0,1,8,10,13,15
3258,222,0.36321482519178228,0x1.73ee964e7bf7ap-2,6,9,16,17,28,29
3259,222,-0.38241847995634193,-0x1.8798b5c331af4p-2,1,3,12,16,20,21
3260,222,-0.08194747432723426,-0x1.4fa827a39ab58p-4,1,4,15,17,24,29
3261,222,0.44877073028032299,0x1.cb8a8de7d2f80p-2,0,3,7,11,25,29
3262,222,0.34067557207528898,0x1.5cda0ea270158p-2,2,4,18,22,27,29
3263,222,-0.25893127810404604,-0x1.092547ed79330p-2,0,1,8,9,26,29
3264,222,-0.32534385502725338,-0x1.4d26f0852fbccp-2,8,9,12,17,26,27
3265,222,0.33263566896992625,0x1.549e71ded5edep-2,4,5,6,7,15,16
3266,222,0.34293449971389056,0x1.5f2a38b3c3df4p-2,7,9,14,17,25,28
3267,222,-0.38916454650660348,-0x1.8e8126a008bcep-2,14,17,21,22,25,26
3268,222,0.27929224217129689,0x1.1dfec9189be2cp-2,8,9,18,19,28,29
3269,222,0.15538133211672633,0x1.3e38915ecd520p-3,8,11,12,13,25,27
3270,222,-0.29553464126062001,-0x1.2ea0a20c32a46p-2,7,8,18,19,27,29
3271,222,-0.024557797635715639,-0x1.925ade6d42840p-6,0,2,13,17,27,28
3272,222,-0.17977721165569971,-0x1.702f08e504b60p-3,1,2,13,14,18,22
3273,222,-0.064361363859754883,-0x1.079fc80e75290p-4,6,11,14,16,21,23
3274,222,-0.25722586841348916,-0x1.076637d215a48p-2,8,11,22,23,24,25
3275,222,0.29836461904939937,0x1.31867ea46715cp-2,3,5,18,20,25,28
3276,222,0.058458051581954495,0x1.dee36b776f9f0p-5,9,10,12,14,25,29
3277,222,0.44179813729660011,0x1.c466bb1c7d8eep-2,1,5,14,16,18,21
3278,222,0.23780971818524743,0x1.e708c81236818p-3,2,4,14,15,25,29
3279,222,0.067512733508359513,0x1.14883b67b6238p-4,0,3,7,8,12,17
3280,222,-0.19395918375250154,-0x1.8d3a78f7ce89cp-3,1,5,8,9,24,28
3281,222,-0.07780116299774531,-0x1.3eac6eaaa8450p-4,8,11,18,23,26,28
3282,222,0.11326708503148963,0x1.cff1259ec6a70p-4,1,3,15,16,20,23
3283,222,0.18648226521409794,0x1.7dea69f30744cp-3,13,14,21,22,25,29
3284,222,0.26017003810236605,0x1.0a6a03b431e7ep-2,1,3,12,15,26,28
3285,222,0.10624251331189438,0x1.b32b5981e9308p-4,3,5,18,21,25,26
3286,222,0.0054354372363487613,0x1.6437812b69800p-8,6,11,13,16,26,29
3287,222,-0.007278195903204554,-0x1.dcfbdd60ce180p-8,8,10,15,17,24,28
3288,222,0.19422639327207125,0x1.8dc69138fd17cp-3,1,3,6,10,22,23
3289,222,0.21076957715531919,0x1.afa7f5c6fda24p-3,1,5,12,13,24,27
3290,222,0.30092091172242186,0x1.34249c8a1f084p-2,8,10,15,17,19,20
3291,222,0.24626406742334983,0x1.f8594b9e1b168p-3,4,5,6,9,24,27
3292,222,-0.31198123735963901,-0x1.3f78026db3782p-2,14,16,19,23,26,28
3293,222,0.089040596803013239,0x1.6cb5d53490710p-4,3,4,14,17,24,25
3294,222,-0.22120938836385817,-0x1.c5096d84ba3b8p-3,2,4,15,17,24,29
3295,222,0.067526856244056743,0x1.14970a72b7fb0p-4,8,11,12,16,24,27
3296,222,0.25187857038877326,0x1.01ec74b988352p-2,1,4,12,13,21,22
3297,222,0.28155116116752554,0x1.204ef295761dap-2,2,4,15,16,27,29
3298,222,-0.18916520071887444,-0x1.83690b7507de0p-3,10,11,18,20,25,27
3299,222,-0.1491198824848049,-0x1.3165c3d3a511cp-3,13,17,18,22,25,27
3300,222,-0.31047704117668506,-0x1.3dedb1880d034p-2,1,4,6,8,26,27
3301,222,0.41369008982380429,0x1.a79e5ff9e3e20p-2,0,1,12,13,21,23
3302,222,-0.3779421043166602,-0x1.8303414749310p-2,0,5,15,16,25,26
3303,222,-0.20068108681078634,-0x1.9afeaf863979cp-3,2,3,6,11,25,28
3304,222,0.032732439415736447,0x1.0c24e699e26c0p-5,0,5,12,13,26,28
3305,222,-0.45805528944331653,-0x1.d50c721face94p-2,2,4,7,9,18,20
3306,222,-0.2226248642914036,-0x1.c7ef8b7b439e4p-3,3,4,7,8,25,29
3307,222,-0.10764963307512243,-0x1.b8eed257beac0p-4,9,10,18,19,27,29
3308,222,-0.20155236484011041,-0x1.9cc77c7b5b9dcp-3,10,11,12,15,24,27
3309,222,-0.16308377498475479,-0x1.4dfeddc08abdcp-3,2,3,6,10,22,23
3310,222,0.31522732442412138,0x1.42caf3a4d427ep-2,0,1,12,15,19,23
3311,222,0.43059854591453839,0x1.b8eed341a1e42p-2,0,4,15,16,18,19
3312,222,-0.35310738179045398,-0x1.6994fb4310930p-2,6,10,22,23,24,26
3313,222,-0.02590786241880505,-0x1.a879737313020p-6,1,5,6,10,18,21
3314,222,-0.093366104829310292,-0x1.7e6d74ecbfac8p-4,9,11,13,16,24,25
3315,222,-0.080633174678443664,-0x1.4a46030377130p-4,1,4,8,9,24,27
3316,222,0.3297560426970787,0x1.51ab916c2b594p-2,0,1,9,10,18,21
3317,222,-0.3900854477534248,-0x1.8f728f42fc644p-2,7,9,14,16,27,29
3318,222,-0.17860407876657403,-0x1.6dc7f9a9e08ccp-3,12,16,19,23,24,26
3319,222,0.31989594101078256,0x1.4792cd330ecdap-2,6,10,18,20,25,28
3320,222,0.33554490130099779,0x1.57991525b596ep-2,4,5,6,7,19,21
3321,222,0.36155738915493985,0x1.723c19a830c12p-2,9,11,18,20,27,29
3322,222,-0.21809411170250714,-0x1.bea82029b3134p-3,6,10,19,20,24,29
3323,222,0.34984258338463614,0x1.663d22598a68cp-2,1,3,13,16,18,21
3324,222,-0.13641309914289801,-0x1.175fc03c849d0p-3,1,2,19,23,24,27
3325,222,-0.32484096397092965,-0x1.4ca31c12a001ep-2,3,5,6,8,18,21
3326,222,-0.20248111425616122,-0x1.9eae6b1e4d854p-3,10,11,13,15,25,29
3327,222,-0.39560384577458252,-0x1.95192caf183a4p-2,1,4,14,15,18,19
3328,222,-0.052023214948956786,-0x1.aa2c96dad5620p-5,3,4,12,16,24,29
3329,222,0.2235506756461737,0x1.c9d4efc731314p-3,1,2,14,17,27,29
3330,222,0.098125481544324322,0x1.91ec066231a98p-4,1,5,14,16,24,27
3331,222,0.2255717469948747,0x1.cdf88f61f4e2cp-3,9,10,20,22,27,29
3332,222,-0.20020252480433076,-0x1.9a03c804e3cc4p-3,1,2,12,15,27,29
3333,222,-0.40716329419574182,-0x1.a0ef6a22cf31ap-2,10,11,18,23,27,28
3334,222,0.28344819194660054,0x1.22403e2a157bcp-2,2,4,12,17,21,22
3335,222,0.082827018784311313,0x1.53426c8e75f18p-4,1,5,6,9,13,16
3336,222,0.069887731528922359,0x1.1e429914ef000p-4,0,1,8,11,26,27
3337,222,-0.4159564454805238,-0x1.a9f07c8798d6cp-2,0,3,21,23,26,28
3338,222,0.36766618313916166,0x1.787d7be1b61d4p-2,2,5,20,23,24,28
3339,222,-0.413996606878962,-0x1.a7eeb9fccce9cp-2,6,9,16,17,18,19
3340,222,0.1252469677077348,0x1.00817b71d2b78p-3,1,4,12,13,26,27
3341,222,0.34239188271556831,0x1.5e9bfa4ab7890p-2,6,7,19,23,24,28
3342,222,-0.39329147612380111,-0x1.92bb002efd39cp-2,1,3,15,17,28,29
3343,222,0.35579743444262746,0x1.6c5629a3ba26ep-2,8,9,13,17,20,22
3344,222,0.068205858024837807,0x1.175f0699cbf88p-4,1,5,13,16,20,21
3345,222,-0.4018777578821382,-0x1.9b85d7cc5fd60p-2,8,9,12,13,24,29
3346,222,-0.077318540042449424,-0x1.3cb25d8db5660p-4,0,2,15,16,25,27
3347,222,0.23365020779698242,0x1.de840009887c8p-3,7,10,12,17,27,28
3348,222,-0.27382900657057596,-0x1.1866a18faacbcp-2,3,4,6,7,18,22
3349,222,-0.46772942470550161,-0x1.def47659f2b66p-2,7,11,12,15,24,26
3350,222,-0.30150488829993316,-0x1.34bdb28b54528p-2,3,5,12,14,19,21
3351,222,-0.10520422353578573,-0x1.aeea9fb7cbdf0p-4,14,17,18,21,25,29
3352,222,-0.074599903045384885,-0x1.318faafdd5ce8p-4,0,2,7,9,16,17
3353,222,-0.1882181330364735,-0x1.8178822f3f244p-3,7,8,16,17,26,27
3354,222,0.17729336585848221,0x1.6b18c8c14790cp-3,2,5,6,9,20,22
3355,222,0.42307684139375168,0x1.b13b0e35ecb0ap-2,13,14,18,22,27,29
3356,222,-0.30418000854908078,-0x1.377af6d342deap-2,6,9,16,17,19,20
3357,222,0.15750986118541455,0x1.429487b4b5f9cp-3,0,5,12,17,19,20
3358,222,-0.26039969276883324,-0x1.0aa6379152854p-2,8,9,13,16,26,28
3359,222,0.46720016527630825,0x1.de69b85a30ae0p-2,6,10,19,21,24,28
3360,222,0.11494637957697251,0x1.d6d203d13a290p-4,6,11,20,21,28,29
3361,222,-0.37718250578461476,-0x1.823c217bdf7d4p-2,12,15,20,23,24,25
3362,222,-0.074110935353314256,-0x1.2f8ef2b9e5310p-4,7,10,19,23,26,27
3363,222,-0.48193079839958208,-0x1.ed7f44683ed8ep-2,7,11,18,21,26,28
3364,222,0.23362533437216371,0x1.de76f5952a000p-3,1,2,13,16,18,20
3365,222,-0.33589036207172951,-0x1.57f3a4a08f078p-2,3,5,14,16,26,28
3366,222,-0.06011675050990628,-0x1.ec79f6ac38060p-5,9,11,12,14,25,29
3367,222,0.20825006763493403,0x1.aa7f02ef0dfccp-3,10,11,12,15,25,27
3368,222,0.067896775507292784,0x1.161aede4ec3e0p-4,0,4,9,11,18,19
3369,222,0.35062308907724504,0x1.6709bd333caf4p-2,13,15,18,20,27,29
3370,222,0.26682135953120423,0x1.11399e543e3d2p-2,2,3,14,17,28,29
3371,222,-0.23334406592835677,-0x1.dde37e5f06100p-3,2,4,13,17,18,22
3372,222,0.49472521372324152,0x1.fa993f15caaeep-2,2,4,6,11,19,23
3373,222,-0.1190670218726313,-0x1.e7b2d24f99e10p-4,12,16,20,21,25,29
3374,222,-0.4025045760617747,-0x1.9c2a28dab3e20p-2,6,11,13,16,28,29
3375,222,0.47223966104762771,0x1.e392cb304b746p-2,1,3,6,8,26,28
3376,222,-0.1114661633223325,-0x1.c890be6147bb8p-4,12,14,21,23,24,28
3377,222,-0.011798139309216693,-0x1.8299f73e4d6c0p-7,7,8,19,22,24,29
3378,222,0.45537196343394748,0x1.d24d0729db404p-2,3,4,16,17,19,21
3379,222,0.30782183334325086,0x1.3b35a58cd0ebep-2,8,10,13,15,26,27
3380,222,0.18095728582887649,0x1.7299bbc4dd144p-3,6,8,20,21,25,29
3381,222,0.42356940846737301,0x1.b1bc2dd3d050ap-2,7,10,12,17,25,29
3382,222,0.19389546885364495,0x1.8d19114c8d4b8p-3,6,11,20,23,24,28
3383,222,-0.48204929234181315,-0x1.ed9e5466ac104p-2,0,4,12,15,25,26
3384,222,-0.11062854553478774,-0x1.c522701137220p-4,3,5,7,8,12,16
3385,222,-0.015485067691185406,-0x1.fb6a29a7adac0p-7,7,11,20,23,25,28
3386,222,-0.09373793433835842,-0x1.7ff359260ba70p-4,13,17,18,21,25,29
3387,222,0.4796658104856405,0x1.eb2d83a42e3e6p-2,12,13,20,23,27,28
3388,222,-0.15659499092989282,-0x1.40b4dfe61727cp-3,0,3,12,17,26,28
3389,222,0.45348390257936366,0x1.d05e158b5cff2p-2,0,2,10,11,21,22
3390,222,-0.088624926560430639,-0x1.6b01f892ffcd0p-4,7,10,18,19,27,28
3391,222,-0.48226535906393109,-0x1.edd6f864b170ap-2,2,5,7,10,19,20
3392,222,-0.25342226259146672,-0x1.03812027a27b6p-2,4,5,6,8,18,23
3393,222,-0.27724719843639989,-0x1.1be6b088c4912p-2,8,11,19,20,24,28
3394,222,-0.41223553328539586,-0x1.a6211256d6eeap-2,8,10,13,15,24,25
3395,222,0.39178807763116752,0x1.9130e4d18de64p-2,9,11,19,21,26,29
3396,222,-0.090715582071239642,-0x1.73922ea3bcbc8p-4,10,11,14,15,25,29
3397,222,-0.18571204763036597,-0x1.7c5699185d6c0p-3,0,4,18,23,26,27
3398,222,0.37956089231856049,0x1.84ab9c4d652a8p-2,1,3,8,11,18,21
3399,222,-0.052955453234796002,-0x1.b1cfa27939ce0p-5,2,4,16,17,27,29
3400,222,0.093961453974416242,0x1.80ddb9be79c30p-4,1,2,10,11,13,14
3401,222,0.12168342882288907,0x1.f26a52b426b78p-4,3,4,7,11,21,22
3402,222,-0.19490653802490343,-0x1.8f2b28b4bf924p-3,9,11,18,19,26,29
3403,222,0.30604312928967703,0x1.39635ebddbd08p-2,0,1,12,14,19,22
3404,222,-0.39847020791924659,-0x1.980892fdc620cp-2,9,11,18,19,27,29
3405,222,-0.034620606676747601,-0x1.1b9cacae37ca0p-5,1,3,16,17,20,21
3406,222,-0.26096942196417894,-0x1.0b3b91725e628p-2,8,11,12,13,26,29
3407,222,0.44617695589972473,0x1.c8e29ca745c9ap-2,8,9,18,23,27,28
3408,222,0.17510167074700855,0x1.669bb46aaab98p-3,10,11,14,15,24,26
3409,222,0.18380247878165945,0x1.786d6f1a53e38p-3,0,3,14,16,18,23
3410,222,0.011676454656237123,0x1.7e9d3370ddb00p-7,1,5,6,9,26,27
3411,222,0.12939585032508738,0x1.0900b10b132c0p-3,0,5,8,10,18,23
3412,222,-0.35017551544718895,-0x1.6694690ad28dep-2,7,9,12,17,26,29
3413,222,-0.30019232852337985,-0x1.33659e26126fcp-2,1,4,6,9,13,16
3414,222,-0.26516099543755145,-0x1.0f865d2e50fcap-2,0,5,14,15,18,19
3415,222,-0.021303847769589046,-0x1.5d0ad05cc21c0p-6,4,5,6,8,25,27
3416,222,0.33355865077022984,0x1.559066216c912p-2,8,11,12,13,20,22
3417,222,0.44636879865386159,0x1.c914e700b14ccp-2,6,11,15,16,20,23
3418,222,-0.43996089457490273,-0x1.c2851bd6df588p-2,3,4,6,7,21,23
3419,222,-0.2113181291651568,-0x1.b0c78f2e87af4p-3,7,10,12,17,27,29
3420,222,0.061221181754436693,0x1.f5861faea61d0p-5,9,11,12,14,24,25
3421,222,-0.16076261867744246,-0x1.493de96d1c898p-3,7,9,19,23,24,27
3422,222,-0.49998142537331969,-0x1.fffb217a57ef0p-2,1,4,12,14,24,27
3423,222,-0.1694144371147337,-0x1.5af5f4d706348p-3,1,4,12,16,19,23
3424,222,0.24722841541333251,0x1.fa52e436bcc14p-3,7,8,15,16,25,27
3425,222,-0.033974683784925519,-0x1.16521377f13a0p-5,4,5,14,15,24,26
3426,222,0.4291469221800136,0x1.b7724a6fc4d42p-2,6,11,14,15,24,25
3427,222,0.20362706375798534,0x1.a10739db5e518p-3,0,3,7,10,12,15
3428,222,0.25076695989134956,0x1.00c90dce9a4e8p-2,10,11,20,23,24,25
3429,222,-0.30508441896920357,-0x1.38680cc7f7b26p-2,0,4,13,16,18,20
3430,222,-0.051273757379084683,-0x1.a408dce2c2360p-5,8,10,20,23,25,28
3431,222,-0.20886702391689482,-0x1.abc279677cc00p-3,13,16,20,21,24,28
3432,222,-0.16820395538548205,-0x1.587b50bb82064p-3,0,3,12,15,26,29
3433,222,-0.2654746082276439,-0x1.0fd89361064a6p-2,2,5,20,22,24,27
3434,222,-0.038785514403814614,-0x1.3dbb1e7d88910p-5,0,3,8,10,18,21
3435,222,0.44778577119104057,0x1.ca885a6b84c52p-2,3,5,14,17,26,28
3436,222,0.38964248772024579,0x1.8efe70b78fe90p-2,8,9,18,19,26,28
3437,222,-0.04656853855387022,-0x1.7d7d4dc3907d0p-5,0,4,8,9,25,27
3438,222,-0.43068311270759119,-0x1.b904fe7013084p-2,1,3,13,14,28,29
3439,222,0.30704523357434554,0x1.3a6a10d260c36p-2,9,10,13,14,24,29
3440,222,-0.29925502384296143,-0x1.326fe8b246e18p-2,0,5,8,10,13,17
3441,222,0.12638166568870279,0x1.02d46407936c4p-3,3,5,8,10,24,26
3442,222,-0.43722387457989187,-0x1.bfb79d8967776p-2,6,9,19,21,24,26
3443,222,-0.38995510184857951,-0x1.8f5063e56459ap-2,3,4,12,17,24,29
3444,222,0.25534050323485891,0x1.0577fb1af39c6p-2,2,5,15,16,24,27
3445,222,0.40997288391056286,0x1.a3cfee829218ap-2,3,4,7,8,21,23
3446,222,-0.49448151865181789,-0x1.fa595cfc58090p-2,7,10,15,17,25,26
3447,222,0.43571708638295892,0x1.be2c9eb14af90p-2,0,2,9,11,20,21
3448,222,-0.24711387303670262,-0x1.fa16d698a4ef0p-3,0,4,16,17,20,21
3449,222,0.25225115725215175,0x1.024e209b1ac5cp-2,3,5,14,17,19,21
3450,222,-0.40396850806019435,-0x1.9da9ebaaee06ap-2,3,5,13,17,24,28
3451,222,0.11532079817664942,0x1.d85a9f0b7a2a8p-4,1,2,6,10,19,23
3452,222,-0.46198514751748876,-0x1.d912a26f4d288p-2,7,8,21,22,25,29
3453,222,-0.2054549658132766,-0x1.a4c592b7c0254p-3,1,2,12,13,27,28
3454,222,0.26499811751837332,0x1.0f5baaa0f8cf4p-2,8,9,20,21,24,29
3455,222,-0.083506681343097799,-0x1.560b1a15db8a0p-4,1,4,8,11,18,21
3456,222,0.21785885857266629,0x1.be2cc905b53acp-3,3,4,13,15,18,22
3457,222,0.35891261248124828,0x1.6f86c9b2ea604p-2,0,2,10,11,13,15
3458,222,-0.27279844076152382,-0x1.17587975e1d4cp-2,3,4,18,22,25,29
3459,222,0.42803148159780113,0x1.b64de27c7be2ap-2,1,3,8,10,15,17
3460,222,0.12417062226497821,0x1.fc9a559c08668p-4,1,4,19,20,24,29
3461,222,-0.087409997588765664,-0x1.6608068fcb850p-4,3,4,12,13,20,21
3462,222,-0.31458791533938313,-0x1.422355a065dacp-2,4,5,12,17,20,21
3463,222,0.21831414868148546,0x1.bf1b7d06ba7e8p-3,2,4,6,7,25,29
3464,222,0.28832734984807706,0x1.273f48e88f32ap-2,1,3,10,11,20,22
3465,222,0.40347947424683894,0x1.9d29b929fd62ep-2,7,11,19,20,28,29
3466,222,0.209890824372442,0x1.addb3d9347ec0p-3,0,3,7,11,18,19
3467,222,0.096691542562227784,0x1.8c0c6e51ac478p-4,3,5,13,17,24,25
3468,222,0.40590318600199937,0x1.9fa515b4e2176p-2,10,11,18,22,25,26
3469,222,-0.036136376596212272,-0x1.28077975a74b0p-5,6,8,15,16,26,28
3470,222,0.18917540687899381,0x1.836e654e05ad4p-3,1,2,9,11,12,14
3471,222,0.3990032199434369,0x1.98944cd29f7eap-2,0,2,20,23,27,28
3472,222,0.36342241869149905,0x1.742501aba71fep-2,7,8,19,21,24,28
3473,222,-0.45734774796663302,-0x1.d452f7d1a9ec0p-2,0,1,13,14,18,23
3474,222,0.21913441731498373,0x1.c0c98b9e5df1cp-3,6,9,13,17,25,26
3475,222,0.0023428918386855235,0x1.331667a683300p-9,0,4,12,16,27,29
3476,222,0.2706238819367196,0x1.151e6d49bd35ep-2,2,4,7,9,19,20
3477,222,0.081812392860826533,0x1.4f1a82fbea830p-4,4,5,21,23,24,25
3478,222,0.2067150360568043,0x1.a75a367ba4bb4p-3,9,10,12,13,21,22
3479,222,0.43778036373513374,0x1.c0497ee44b252p-2,6,7,15,17,18,19
3480,222,0.27589105099465872,0x1.1a832f051fdfep-2,2,5,6,9,22,23
3481,222,-0.16611873796193333,-0x1.54360f9664f60p-3,7,8,15,17,25,26
3482,222,-0.1444243622767839,-0x1.27c7f5c5cba8cp-3,0,5,7,8,21,22
3483,222,0.28551329753763965,0x1.245d990dfd36ep-2,7,11,20,23,27,28
3484,222,0.32307796809264189,0x1.4ad4f36c1069cp-2,8,11,15,16,24,28
3485,222,-0.089794172152874885,-0x1.6fcc038c49b18p-4,6,10,15,17,27,29
3486,222,-0.20003641735094047,-0x1.99acb17440184p-3,2,3,15,17,28,29
3487,222,0.37684656752280343,0x1.81e4110c7b2f0p-2,3,4,18,22,25,26
3488,222,-0.12626150905194689,-0x1.029564e0f9484p-3,0,3,8,10,26,29
3489,222,0.1096613136344341,0x1.c12c38bb24048p-4,8,11,13,16,24,26
3490,222,-0.48078307185764224,-0x1.ec5265c8655e0p-2,8,9,21,22,24,25
3491,222,0.26410788836511434,0x1.0e724c5c933c6p-2,0,3,13,14,21,22
3492,222,0.18621676563106271,0x1.7d5f3732d1888p-3,1,5,14,15,27,28
3493,222,-0.21029917587442837,-0x1.aeb155960d270p-3,7,11,14,15,27,29
3494,222,0.0089326187459251027,0x1.24b43cb0d1380p-7,3,4,19,21,24,26
3495,222,-0.47121044392488254,-0x1.e284fd98c398cp-2,7,9,18,21,26,29
3496,222,0.23715801535963443,0x1.e5b319ffa1940p-3,7,9,14,17,21,22
3497,222,0.18611037163908573,0x1.7d276f3d17198p-3,0,5,12,15,25,27
3498,222,0.091188954234024955,0x1.75828c8310b40p-4,8,9,12,13,21,22
3499,222,0.3505693525958109,0x1.66fba70183fe8p-2,4,5,7,8,20,23
3500,222,0.29870518028175874,0x1.31dfc551d2e16p-2,6,11,19,22,26,29
3501,222,-0.23151267702975953,-0x1.da2351839e298p-3,7,10,18,21,25,28
3502,222,-0.11328635736152337,-0x1.d0055aff361d8p-4,0,2,13,15,25,27
3503,222,0.014903676772614949,0x1.e85d1a2a0d780p-7,6,8,18,22,25,29
3504,222,-0.48679907618522877,-0x1.f27b74ffc1188p-2,7,8,15,17,26,28
3505,222,-0.046606556688736367,-0x1.7dcd08983bbe0p-5,8,11,12,13,26,27
3506,222,-0.11876068347688107,-0x1.e6719a39574b0p-4,14,17,18,21,26,28
3507,222,0.061628208437973453,0x1.f8dbb87811c10p-5,1,2,6,10,13,14
3508,222,0.12919624539591201,0x1.08980a85ee744p-3,0,1,15,17,19,22
3509,222,0.11104102411006611,0x1.c6d2f3f112c40p-4,2,4,13,15,20,22
3510,222,0.0058864148145739703,0x1.81c5a71e89780p-8,0,3,10,11,20,21
3511,222,0.14255457229710988,0x1.23f3a6cf4a744p-3,3,4,7,11,19,22
3512,222,-0.1372570560981623,-0x1.191a3a38b1db8p-3,6,7,16,17,19,20
3513,222,0.46156447685827462,0x1.d8a45bb46813ep-2,8,10,19,20,27,29
3514,222,0.33598701565571454,0x1.580cfaf07cdc4p-2,3,5,7,10,14,15
3515,222,-0.38976790755825574,-0x1.8f1f517ff8e4ap-2,0,1,12,17,28,29
3516,222,-0.049978257922956959,-0x1.996c00e948ef0p-5,1,4,16,17,24,29
3517,222,0.34898353628036138,0x1.655bf0acaa946p-2,0,3,13,15,18,23
3518,222,0.17388437198594975,0x1.641d7d57b8a20p-3,7,9,21,23,25,28
3519,222,-0.2086663913397786,-0x1.ab5948f4a1268p-3,0,5,7,10,26,27
3520,222,-0.21154849779812712,-0x1.b14056bc7cb0cp-3,2,5,13,15,25,28
3521,222,-0.36437763630519304,-0x1.751f693d4c606p-2,2,3,7,11,14,15
3522,222,0.16909048269401805,0x1.5a4c1c69e2a28p-3,1,5,13,15,18,20
3523,222,-0.19486299064416057,-0x1.8f1453e023af0p-3,1,5,12,13,21,22
3524,222,0.47497376881341569,0x1.e65f860e0bc2cp-2,1,2,12,15,28,29
3525,222,-0.19720153733046097,-0x1.93de664c71288p-3,3,5,7,8,15,17
3526,222,-0.46670091525816482,-0x1.dde6d84030372p-2,1,2,14,15,18,19
3527,222,0.28218895956306234,0x1.20f624827664ep-2,2,5,7,9,18,23
3528,222,0.013481734375056065,0x1.b9c4fc1dfb140p-7,6,8,16,17,26,27
3529,222,0.39295642151009968,0x1.92632b0c8e682p-2,6,9,13,14,25,29
3530,222,-0.41205371765595533,-0x1.a5f168e61c350p-2,3,4,7,8,18,19
3531,222,0.11405857732623637,0x1.d32f16371c8f0p-4,6,10,18,23,27,28
3532,222,0.19786373866927831,0x1.9539957530d38p-3,10,11,18,20,25,28
3533,222,-0.053198047715227958,-0x1.b3cc6464bc050p-5,1,4,15,17,26,27
3534,222,0.40011968330036973,0x1.99b8f9690b3a8p-2,1,5,9,10,24,28
3535,222,-0.297285611791403,-0x1.306ba3b0dc992p-2,0,1,8,11,15,16
3536,222,-0.17422203027199734,-0x1.64ce8512166d4p-3,6,8,13,17,27,29
3537,222,0.48888279338036544,0x1.f49db0e4954b4p-2,1,2,9,10,19,23
3538,222,0.24844156255159588,0x1.fcceee11028b8p-3,2,4,7,9,18,19
3539,222,-0.48120268618154705,-0x1.ecc0659f96a04p-2,3,4,20,21,24,29
3540,222,-0.38807236867637607,-0x1.8d62d7cfc9004p-2,9,10,14,17,27,28
3541,222,0.27015064660325638,0x1.14a25f009df10p-2,1,3,12,15,19,22
3542,222,0.28269595590958729,0x1.217b0c755f5eep-2,0,1,18,21,26,29
3543,222,-0.22328381951095555,-0x1.c94906f434444p-3,8,11,20,22,27,29
3544,222,-0.40789913040614811,-0x1.a1b04f44a51d8p-2,4,5,15,16,18,19
3545,222,0.37577956781650013,0x1.80cc5be91b870p-2,3,5,15,17,24,25
3546,222,-0.33810255438508663,-0x1.5a378e571cae4p-2,0,3,7,11,20,21
3547,222,0.027917204532745599,0x1.c9653e1db04c0p-6,2,5,12,17,25,28
3548,222,0.37461714058737272,0x1.7f9ba2bd600d2p-2,1,4,13,17,24,29
3549,222,0.010882057198748685,0x1.64954fe412e80p-7,14,16,18,23,25,27
3550,222,-0.024811542120368846,-0x1.9683267e19920p-6,7,8,18,21,25,28
3551,222,-0.1642209103903417,-0x1.50530d7b91214p-3,7,9,12,16,24,26
3552,222,-0.2802304289151083,-0x1.1ef4b9be23450p-2,1,3,12,13,24,26
3553,222,0.16619700465802212,0x1.545f185d984c8p-3,1,4,6,8,15,17
3554,222,0.48882035478180119,0x1.f48d52b5a0b86p-2,1,3,18,19,26,28
3555,222,-0.37379619174114609,-0x1.7ec46dcb971c0p-2,8,11,15,16,27,28
3556,222,-0.13997694999870913,-0x1.1eac3c33819a8p-3,16,17,19,21,26,28
3557,222,-0.10102847905270007,-0x1.9dd009d7ef7c0p-4,0,4,18,19,26,27
3558,222,0.059286437997146613,0x1.e5acac0969130p-5,9,11,12,16,27,29
3559,222,-0.48988107342154397,-0x1.f5a3625519810p-2,1,3,12,14,26,28
3560,222,-0.05058272599721314,-0x1.9e5faa3cd1620p-5,1,2,6,9,19,22
3561,222,-0.47856241474787897,-0x1.ea0c4401bf6a2p-2,8,10,19,21,24,28
3562,222,-0.23104944968780639,-0x1.d930743157e98p-3,0,5,7,10,12,15
3563,222,0.043716831887567364,0x1.6620d767bd160p-5,1,3,14,16,26,29
3564,222,-0.41630512491395588,-0x1.aa4be402a689ep-2,2,5,15,16,18,23
3565,222,-0.15560630548352827,-0x1.3eae84c8d33acp-3,0,1,13,16,27,28
3566,222,-0.4736449678644773,-0x1.e5032fbb9254ap-2,0,3,18,21,25,26
3567,222,-0.0051631877795917935,-0x1.525feaa80d580p-8,0,2,7,11,22,23
3568,222,-0.10795401800525295,-0x1.ba2dfe0cdea50p-4,1,4,12,14,27,29
3569,222,0.23003552456372001,0x1.d71cdd775ae50p-3,12,15,20,23,25,28
3570,222,-0.38748328467270921,-0x1.8cc86b0da9ed4p-2,2,3,6,7,14,15
3571,222,0.34313261945907625,0x1.5f5e284b11f78p-2,4,5,8,9,20,22
3572,222,-0.41994267664071383,-0x1.ae0573f9775dep-2,1,2,15,17,20,22
3573,222,-0.29514163185363718,-0x1.2e399ba1ff6e2p-2,2,5,12,16,20,23
3574,222,-0.49201217929000307,-0x1.f7d20a6d2312ep-2,12,13,21,23,25,26
3575,222,0.39330903360957947,0x1.92bf9a724c4c0p-2,7,9,12,16,28,29
3576,222,0.32402841596643128,0x1.4bce1ae633b80p-2,3,5,7,10,25,26
3577,222,0.045658817122142592,0x1.76097aca09660p-5,6,11,19,23,26,27
3578,222,0.3795633354118525,0x1.84ac40416b186p-2,13,16,18,23,27,28
3579,222,0.28143996249914782,0x1.2031cc2ae29e2p-2,6,10,14,17,19,22
3580,222,0.028340931081139331,0x1.d0567b086d800p-6,7,11,14,15,28,29
3581,222,-0.077700742706484305,-0x1.3e43224cc9c58p-4,0,2,14,15,28,29
3582,222,0.22346548904027486,0x1.c9a84639b375cp-3,0,2,13,15,20,22
3583,222,0.40372441960409933,0x1.9d69ef2b2f4bep-2,7,10,18,19,26,29
3584,222,-0.31878330591042214,-0x1.466f218595880p-2,3,5,15,16,26,28
3585,222,-0.083592748939142258,-0x1.566559ae058c8p-4,0,2,13,14,22,23
3586,222,0.035581967529871306,0x1.237ccb5bc7bb0p-5,1,2,6,11,22,23
3587,222,-0.21610058057251025,-0x1.ba92f0f1a4f48p-3,1,3,12,17,20,21
3588,222,0.40043554941675275,0x1.9a0bc6d39a5cep-2,1,4,6,8,15,16
3589,222,0.26890216383248289,0x1.135b16bdefc48p-2,0,5,15,16,20,23
3590,222,0.36795960907973646,0x1.78ca675cfc53ap-2,6,10,13,15,25,26
3591,222,-0.33827379396017832,-0x1.5a6472089c79cp-2,7,8,16,17,24,27
3592,222,0.20319502873143869,0x1.a024b718e3f64p-3,7,9,12,16,27,28
3593,222,-0.17025221962785031,-0x1.5cad321afbf54p-3,1,3,8,11,24,29
3594,222,0.048948268195701528,0x1.90fbf56315810p-5,2,5,6,7,27,28
3595,222,-0.22276600355719811,-0x1.c8398adf82a20p-3,0,3,8,11,18,23
3596,222,-0.12007661703837569,-0x1.ebd575731b328p-4,1,5,18,23,26,28
3597,222,0.013779646712245741,0x1.c3880dfd61380p-7,3,4,16,17,20,21
3598,222,-0.39041751967307248,-0x1.8fc99c3b2008ap-2,8,9,12,17,25,28
3599,222,0.45259047296358768,0x1.cf73e07f706a8p-2,3,5,6,8,18,22
3600,222,0.10366803071990649,0x1.a89fcf1952d40p-4,8,11,12,16,25,27
3601,222,-0.28781337731117973,-0x1.26b88ccb9c7e4p-2,7,9,21,22,25,29
3602,222,0.079653435172647225,0x1.4642ae314a0a0p-4,10,11,21,22,25,29
3603,222,0.24728534485553089,0x1.fa70bd277a08cp-3,1,5,8,9,18,21
3604,222,-0.12907791551357273,-0x1.085a008e22174p-3,1,2,14,17,27,28
3605,222,0.093035828093488204,0x1.7d1322f048f30p-4,6,11,14,16,25,29
3606,222,-0.30400131039145073,-0x1.374c1e984a2a0p-2,7,11,15,16,25,27
3607,222,-0.31912869129265664,-0x1.46c9abf144daap-2,0,2,12,15,25,28
3608,222,0.0045861908986863931,0x1.2c8f83ec4e600p-8,1,5,9,10,20,22
3609,222,-0.00099638953036162992,-0x1.053291c9b5200p-10,8,10,13,15,24,28
3610,222,0.048382798934439752,0x1.8c5a156398790p-5,7,10,12,17,24,29
3611,222,-0.1039849156680599,-0x1.a9ec1641256b0p-4,0,2,16,17,28,29
3612,222,0.11337181818288955,0x1.d05ef7b623190p-4,1,5,14,16,24,26
3613,222,0.10636087642619552,0x1.b3a7765d30c58p-4,0,2,14,17,18,22
3614,222,-0.20731198495015379,-0x1.a8932f9b70234p-3,9,10,12,13,26,28
3615,222,-0.23148326933643137,-0x1.da13e67af8144p-3,14,17,18,22,25,29
3616,222,-0.39666351037360237,-0x1.962ef59248e32p-2,3,5,12,16,25,28
3617,222,0.39754993160515084,0x1.9717544b15aaep-2,6,9,20,21,25,28
3618,222,-0.1726914196090843,-0x1.61ac09fc2aa90p-3,4,5,13,14,22,23
3619,222,0.041069763660015024,0x1.50718978c65c0p-5,0,2,12,17,25,29
3620,222,-0.48711623461187281,-0x1.f2ce992408dd6p-2,10,11,19,23,26,27
3621,222,-0.021507170002116771,-0x1.605f9bf2787c0p-6,1,4,12,16,26,27
3622,222,0.43809650668165345,0x1.c09c5ee2c218ap-2,0,1,9,10,19,23
3623,222,0.47264853161817522,0x1.e3fdfa0735be8p-2,14,16,19,21,24,28
3624,222,-0.46692208424576831,-0x1.de20d2a676826p-2,3,4,14,16,18,21
3625,222,0.045176440987410138,0x1.7215dd12e6330p-5,2,5,13,15,24,27
3626,222,0.31239493745535307,0x1.3fe4755f3a116p-2,1,3,6,8,13,17
3627,222,0.36050117359001355,0x1.7127383af474ep-2,1,2,22,23,24,27
3628,222,0.26281772551779248,0x1.0d2016ffa1d0ep-2,4,5,12,16,25,27
3629,222,0.25827647439725532,0x1.0879a0cb73172p-2,6,10,15,17,28,29
3630,222,0.41564947888340953,0x1.a9a004599d600p-2,2,4,7,9,14,17
3631,222,-0.25306877479166445,-0x1.032475fd79d80p-2,3,4,14,17,19,22
3632,222,-0.18630539040124583,-0x1.7d8dae36bc22cp-3,6,10,15,17,25,28
3633,222,0.056854270839552079,0x1.d1c00c3c9a080p-5,9,10,12,17,28,29
3634,222,0.41318498741318188,0x1.a719f7208d184p-2,1,2,12,17,19,21
3635,222,0.44780808379153847,0x1.ca8e33cb138b2p-2,0,4,7,11,20,21
3636,222,0.0229883994529817,0x1.78a455f5a0d20p-6,2,5,13,16,25,28
3637,222,0.099924886122961243,0x1.994ad65f46378p-4,9,10,12,14,21,22
3638,222,0.2640158327525145,0x1.0e5a2a9d3169ep-2,8,10,13,17,26,29
3639,222,-0.49906667952727668,-0x1.ff0b55ec5f328p-2,10,11,21,22,24,26
3640,222,-0.39304853661203953,-0x1.927b50c9f51d0p-2,0,2,12,14,25,27
3641,222,0.42209553526925037,0x1.b039cfdf13808p-2,0,2,13,16,18,23
3642,222,0.14936725867846634,0x1.31e77618effecp-3,15,16,19,20,27,29
3643,222,-0.2103798210567539,-0x1.aedb9d996aae4p-3,6,10,20,21,28,29
3644,222,-0.12084782249969861,-0x1.eefe2056dd428p-4,0,4,7,11,20,22
3645,222,0.35696160127362575,0x1.6d87578d97912p-2,4,5,12,17,26,27
3646,222,-0.16608595807810611,-0x1.5424dff2298f4p-3,2,5,12,16,21,23
3647,222,0.15156834470314384,0x1.366976dcdef0cp-3,7,9,14,16,21,23
3648,222,0.12180024647447074,0x1.f2e4d0b40a9d0p-4,13,14,21,22,25,26
3649,222,-0.24103898990848305,-0x1.eda5d995be128p-3,1,5,13,15,27,28
3650,222,0.27121920733413896,0x1.15ba7ce6304d6p-2,4,5,7,8,18,23
3651,222,-0.052506908880285086,-0x1.ae22f80e8e590p-5,1,4,8,9,12,17
3652,222,0.28896459231743699,0x1.27e65586d24b2p-2,7,11,19,21,26,28
3653,222,0.062752782397571316,0x1.01090fc216d40p-4,4,5,8,9,13,16
3654,222,0.4671920954190153,0x1.de679acb18f7ap-2,6,10,14,15,25,29
3655,222,0.33620624126791832,0x1.584672ebd3c20p-2,1,4,16,17,18,21
3656,222,-0.32425184695424558,-0x1.4c08ad195825ep-2,6,10,13,14,27,28
3657,222,-0.022863895433977044,-0x1.769a20c97a640p-6,8,10,12,17,24,29
3658,222,-0.10012084305535585,-0x1.9a18502921988p-4,1,3,12,16,28,29
3659,222,-0.43719813031337429,-0x1.bfb0ddde45ed8p-2,3,5,7,8,12,15
3660,222,-0.4570030694287216,-0x1.d3f89cd578ceep-2,0,5,8,10,19,22
3661,222,0.12439406519402352,0x1.fd84a19d32798p-4,12,14,19,21,24,29
3662,222,-0.40198557431905724,-0x1.9ba21b3ca8114p-2,2,5,12,16,19,23
3663,222,0.17472225769325167,0x1.65d4c875680a0p-3,9,10,12,14,21,23
3664,222,-0.18512770035954051,-0x1.7b243b5505f7cp-3,6,7,14,17,24,29
3665,222,-0.15809433382825788,-0x1.43c6f64bcd5c8p-3,2,5,9,10,13,14
3666,222,-0.43545327508846654,-0x1.bde7769dc3a40p-2,1,4,13,15,26,29
3667,222,0.1868714675201838,0x1.7eb677cc700ecp-3,1,3,6,11,20,21
3668,222,0.18221094917963165,0x1.752b039d98dacp-3,9,10,13,17,25,28
3669,222,0.34924607898771864,0x1.65a0c39e08b02p-2,0,4,18,20,25,29
3670,222,0.33235426854627592,0x1.5454ad685e788p-2,2,5,16,17,24,27
3671,222,-0.13244546208139008,-0x1.0f3f9101253acp-3,10,11,18,21,26,29
3672,222,-0.29391307110803877,-0x1.2cf78c511a926p-2,8,10,20,23,27,28
3673,222,0.25610983270663712,0x1.0641a7eea2dacp-2,6,7,19,22,26,29
3674,222,0.02858609166854631,0x1.d45ac2358f300p-6,3,5,21,23,26,28
3675,222,0.38650390707001792,0x1.8bc7ae22915b6p-2,9,10,20,22,25,29
3676,222,0.39392341866699065,0x1.9360a9213684cp-2,7,8,12,15,20,22
3677,222,0.21013084462024045,0x1.ae59148c32c54p-3,4,5,15,16,24,25
3678,222,0.21869925810426205,0x1.bfe56589bcf74p-3,14,17,21,22,24,25
3679,222,0.05841258657909465,0x1.de8412a105fb0p-5,0,4,12,15,19,20
3680,222,-0.1376582776012879,-0x1.19ec954291dc4p-3,2,5,12,15,24,28
3681,222,0.13832018192892426,0x1.1b479c8e178d4p-3,2,4,7,9,20,23
3682,222,-0.19423140483392731,-0x1.8dc931dcf15d8p-3,7,8,12,15,28,29
3683,222,-0.42318366168909227,-0x1.b1570ecc9fed8p-2,1,4,8,9,18,21
3684,222,-0.48454866751078207,-0x1.f02d86a11de32p-2,3,5,14,17,19,22
3685,222,-0.031486405548428742,-0x1.01efc7432bc80p-5,2,3,6,7,21,23
3686,222,0.29270930613821811,0x1.2bbbfd0464dcep-2,1,5,6,8,22,23
3687,222,0.25976337518340609,0x1.09ff690471fa8p-2,0,2,18,21,28,29
3688,222,0.42866161070754916,0x1.b6f311bc288ecp-2,1,4,20,22,24,27
3689,222,0.15052989197557676,0x1.34490418d8184p-3,1,4,12,16,19,21
3690,222,-0.14029048362953345,-0x1.1f509df907eccp-3,2,3,19,21,28,29
3691,222,-0.091888928303349604,-0x1.7860865ed6878p-4,7,9,12,14,19,23
3692,222,-0.21569529019066813,-0x1.b9be73ca29440p-3,9,11,13,14,26,29
3693,222,-0.12167029572127142,-0x1.f25c8d5047b80p-4,1,2,13,15,22,23
3694,222,-0.19875473228568752,-0x1.970cb898bcf48p-3,9,11,19,20,27,29
3695,222,0.44572483507466643,0x1.c86c1756a48aep-2,0,3,10,11,18,22
3696,222,-0.11569239055053737,-0x1.d9e0439cf84a0p-4,4,5,6,8,16,17
3697,222,0.40743088130380478,0x1.a1358f9a523a0p-2,0,5,12,17,25,28
3698,222,-0.13234669521163844,-0x1.0f0bc8bd5761cp-3,6,7,19,21,24,29
3699,222,0.35191834885141637,0x1.685d489cb773cp-2,7,11,14,15,18,22
3700,222,0.03953277777233255,0x1.43da3e74dedb0p-5,6,9,18,21,25,29
3701,222,-0.20290343584143522,-0x1.9f8bd6297ae08p-3,0,1,8,11,22,23
3702,222,0.10234420213003736,0x1.a333ac9156ef0p-4,10,11,20,22,24,25
3703,222,0.013840422722952495,0x1.c585e17a9c580p-7,7,10,12,17,24,26
3704,222,0.33979899899539645,0x1.5bf444cf9855cp-2,7,11,14,15,26,28
3705,222,0.20160291363883431,0x1.9ce1fd06db5a4p-3,7,9,14,16,18,19
3706,222,-0.086600057097407035,-0x1.62b6bdd10aa20p-4,9,11,21,23,24,28
3707,222,0.3598256021113263,0x1.70761f65539d6p-2,2,5,12,17,24,25
3708,222,-0.038802305177232266,-0x1.3dde54f7dc270p-5,3,4,7,8,15,17
3709,222,0.16206705632666618,0x1.4be9d01574c78p-3,0,5,9,10,26,27
3710,222,-0.1953002792291495,-0x1.8ff997c182cbcp-3,3,5,16,17,26,28
3711,222,0.28009246514365083,0x1.1ed08f26978d6p-2,0,5,8,9,19,21
3712,222,-0.43773813848109999,-0x1.c03e6d33f3f62p-2,6,9,14,16,26,29
3713,222,-0.010515460476883787,-0x1.5892136ce0580p-7,7,9,14,17,26,27
3714,222,-0.012347667371187754,-0x1.949bbdc544000p-7,1,4,14,17,19,21
3715,222,-0.12027226222949083,-0x1.eca29b8e43fd8p-4,6,11,13,14,24,28
3716,222,-0.24429233278434659,-0x1.f44f89dfc74e4p-3,7,10,12,17,24,28
3717,222,0.27953046100657042,0x1.1e3d3bb1093d6p-2,1,5,14,17,26,27
3718,222,0.06185671204431642,0x1.fabaed6896f70p-5,1,3,12,16,20,23
3719,222,-0.065012124948107042,-0x1.0a4a2767edeb0p-4,1,2,15,16,18,19
3720,222,-0.34019757572159293,-0x1.5c5cc0d79c640p-2,15,16,18,19,26,29
3721,222,-0.15791980297403874,-0x1.436b752950678p-3,2,4,6,7,15,17
3722,222,0.04327369388511304,0x1.627f838070080p-5,2,3,7,11,18,22
3723,222,-0.15439827970091458,-0x1.3c352a4efe224p-3,8,9,18,19,26,27
3724,222,0.21368736896808072,0x1.b5a1b92a4a1f0p-3,4,5,13,16,25,27
3725,222,-0.15044001464573864,-0x1.3419e4f74e404p-3,2,4,6,11,19,20
3726,222,-0.086521249372488174,-0x1.62641b076c1f8p-4,3,5,6,10,25,26
3727,222,-0.46409063793720517,-0x1.db3a938147c14p-2,0,2,12,13,28,29
3728,222,-0.37551184202120935,-0x1.80862d22f79dcp-2,7,10,12,14,28,29
3729,222,-0.056021239044537596,-0x1.caed0db27c6a0p-5,1,2,10,11,21,23
3730,222,0.15113721402413338,0x1.35876d7b89a30p-3,1,2,15,17,27,29
3731,222,-0.29012234205878262,-0x1.2915d4cbecf34p-2,6,8,13,17,26,29
3732,222,-0.3005661978419607,-0x1.33c7a0180ea14p-2,2,3,20,21,24,25
3733,222,0.25674044817547936,0x1.06e6f7d1e571cp-2,2,3,7,10,18,22
3734,222,-0.24888011478011307,-0x1.fdb4db8cd7adcp-3,10,11,12,15,19,20
3735,222,0.19122092475427455,0x1.879ed6110b3c4p-3,3,4,12,13,26,29
3736,222,0.19614461884009038,0x1.91b44519a2f78p-3,7,8,18,22,25,27
3737,222,-0.47595027266873335,-0x1.e75f821e89b86p-2,0,4,12,16,26,29
3738,222,0.26228965997070752,0x1.0c95a91e9cd32p-2,8,10,13,17,24,25
3739,222,-0.064247279360614584,-0x1.072827bb5f800p-4,1,4,15,16,24,26
3740,222,-0.27109455885986555,-0x1.1599cfe1b4e8ep-2,0,5,13,15,20,22
3741,222,0.42818300969987644,0x1.b6759b5d748d4p-2,2,4,15,17,24,25
3742,222,-0.10677416523229433,-0x1.b558d3bbafbc8p-4,0,4,8,9,12,17
3743,222,0.41362163092286541,0x1.a78c6dc6ed746p-2,2,4,21,23,24,25
3744,222,-0.17539787666935636,-0x1.67370080a96ccp-3,1,4,6,8,24,27
3745,222,0.056525829178193265,0x1.cf0f4176634f0p-5,3,4,14,16,25,29
3746,222,-0.33764096411580258,-0x1.59be8d8aab4bep-2,6,8,13,16,24,27
3747,222,-0.082972793390481026,-0x1.53db47a11e3b8p-4,6,10,13,17,24,26
3748,222,-0.40267309526196227,-0x1.9c5655fc84526p-2,3,5,15,16,20,23
3749,222,-0.26997332133973184,-0x1.1473e2e7c95dep-2,8,10,18,19,26,28
3750,222,-0.20592386362792359,-0x1.a5bb691dfbb0cp-3,7,8,12,16,24,29
3751,222,-0.021279998870687211,-0x1.5ca6c8cd585e0p-6,9,11,12,16,19,21
3752,222,0.35227949523150337,0x1.68bbf4bc48644p-2,10,11,22,23,26,27
3753,222,-0.21903549704414538,-0x1.c095aec3bdde4p-3,6,9,18,20,25,29
3754,222,0.45204583598534454,0x1.cee51a87666f8p-2,0,1,12,13,20,22
3755,222,-0.032792474433854357,-0x1.0ca2cda7f23e0p-5,16,17,18,19,27,28
3756,222,0.38016259364395744,0x1.854957cb740e0p-2,2,4,12,14,21,22
3757,222,0.44365160411805316,0x1.c64c9b2a0518cp-2,1,3,12,13,20,22
3758,222,-0.3540471161833384,-0x1.6a8b53c500906p-2,0,4,18,22,25,26
3759,222,-0.49041750843603038,-0x1.f63001e079666p-2,0,1,9,11,26,29
3760,222,0.26678250430968886,0x1.112f6ecc9ed0ap-2,12,17,21,22,24,26
3761,222,0.18119382347704105,0x1.7315bf509196cp-3,7,10,18,21,26,28
3762,222,-0.086966264396419191,-0x1.6436bcd701ad8p-4,6,10,20,23,27,28
3763,222,-0.26846910324772244,-0x1.12e99089bddd8p-2,0,3,7,11,26,29
3764,222,-0.26193120209148957,-0x1.0c37b16b23c0ap-2,0,5,14,16,25,27
3765,222,0.092394676644855456,0x1.7a72d72839f48p-4,1,2,6,11,27,29
3766,222,-0.4071446798529722,-0x1.a0ea88f2d5eb6p-2,15,17,19,20,27,28
3767,222,-0.083440576387964649,-0x1.55c5c92bee610p-4,1,3,8,11,19,20
3768,222,-0.29931595811635614,-0x1.327fe1ed1f642p-2,1,2,12,14,24,29
3769,222,0.41415192143033219,0x1.a81770f879b0cp-2,0,1,12,14,26,27
3770,222,0.34669347860260791,0x1.63039d8156b58p-2,2,5,7,10,19,22
3771,222,0.24941709736187401,0x1.fece6421dc274p-3,4,5,6,8,15,16
3772,222,-0.078335445437694218,-0x1.40dcab045c1d8p-4,1,5,8,9,12,13
3773,222,-0.14668468507658039,-0x1.2c690529d2e30p-3,2,4,13,14,24,29
3774,222,-0.26617861541497678,-0x1.1091208068550p-2,6,9,14,17,26,29
3775,222,0.27728289023531849,0x1.1bf00bc53446ap-2,3,5,6,10,24,28
3776,222,-0.47319693947673414,-0x1.e48dbd0e7abdcp-2,2,4,6,7,20,23
3777,222,-0.024559266156288784,-0x1.9261073d1f0c0p-6,1,5,8,10,19,23
3778,222,0.49362493473387781,0x1.f978d09cb0456p-2,13,15,18,22,27,29
3779,222,-0.47271324671740744,-0x1.e40ef0fc26236p-2,3,4,7,8,20,23
3780,222,0.13548341218545068,0x1.157853c3e55f8p-3,12,17,19,20,24,29
3781,222,-0.014690068614061857,-0x1.e15d3a22fe800p-7,2,3,10,11,20,22
3782,222,0.12745997847702117,0x1.0509bcb8dc820p-3,7,11,21,23,24,25
3783,222,0.10839276983069646,0x1.bbfa0e98bb2c8p-4,8,10,12,13,24,27
3784,222,-0.089714561258691816,-0x1.6f7889294c100p-4,8,10,13,15,22,23
3785,222,0.051150929374047305,0x1.a307461a4a0c0p-5,2,4,9,11,20,21
3786,222,0.251103550592783,0x1.01214a06d26a8p-2,1,5,6,8,19,20
3787,222,0.030165293528794712,0x1.ee3a694b8be60p-6,3,4,14,15,24,25
3788,222,-0.10074816849496104,-0x1.9caa1c8d15868p-4,0,3,18,20,25,28
3789,222,-0.40300458129106043,-0x1.9cad3ba32213ap-2,2,5,15,16,20,23
3790,222,0.10002929438984198,0x1.99b85140bdc20p-4,1,5,13,17,26,28
3791,222,0.47832766443596086,0x1.e9ceba2e191a4p-2,0,1,13,14,27,29
3792,222,-0.46065418043400785,-0x1.d7b5babeeb42cp-2,2,4,14,17,18,22
3793,222,0.069839317175002469,0x1.1e0fd4f3dd9f0p-4,7,10,18,23,26,27
3794,222,-0.47031111386652746,-0x1.e1993c94021e0p-2,0,2,9,10,12,17
3795,222,0.49280498712582654,0x1.f8a1dedc0b64ap-2,1,3,8,11,21,22
3796,222,0.13749798583472461,0x1.19988b436879cp-3,9,11,20,22,27,29
3797,222,-0.12986616683736407,-0x1.09f745db6309cp-3,8,10,12,13,26,28
3798,222,-0.30508630136030568,-0x1.38688b1b3350ep-2,2,4,16,17,18,19
3799,222,-0.2262423022387845,-0x1.cf581fc8b2d88p-3,2,3,13,14,28,29
3800,222,-0.18644334275690677,-0x1.7dd601dd95298p-3,6,11,14,15,25,28
3801,222,0.34786606104986895,0x1.6437002e63de0p-2,6,7,14,16,26,28
3802,222,0.083094974276182176,0x1.545b654fa68f0p-4,9,11,13,16,24,28
3803,222,0.44339629484984933,0x1.c609ada630d20p-2,7,11,18,21,26,29
3804,222,0.48700413269318898,0x1.f2b1361bbc826p-2,0,3,13,15,25,26
3805,222,0.093881045559695564,0x1.808969464a758p-4,6,7,18,21,26,29
3806,222,-0.12226424945238901,-0x1.f4cb5b8de3508p-4,7,9,20,23,24,25
3807,222,0.37630177940338394,0x1.815540efdb47ap-2,1,4,12,17,27,29
3808,222,-0.19887563521085905,-0x1.974c1be99d6bcp-3,1,5,6,10,19,21
3809,222,-0.12506665619156088,-0x1.0022f2714d79cp-3,6,7,15,17,18,22
3810,222,0.21720683087642556,0x1.bcd6ef58a80a4p-3,6,8,13,16,27,29
3811,222,-0.032807949787834634,-0x1.0cc341ec66e40p-5,1,2,19,21,24,29
3812,222,-0.076914616023066373,-0x1.3b0ad206749a8p-4,1,2,12,14,21,23
3813,222,-0.056579002076819984,-0x1.cf7ec471eda20p-5,0,4,13,14,18,21
3814,222,-0.014119214894081744,-0x1.cea88f1b8e340p-7,10,11,20,22,25,29
3815,222,-0.38298707572087443,-0x1.882dc3940c1d8p-2,7,9,12,17,24,27
3816,222,0.27242220235873627,0x1.16f5d887571bap-2,0,2,14,15,25,28
3817,222,0.35234833510314856,0x1.68ce008045b4ap-2,7,8,15,16,24,29
3818,222,-0.22959224600039385,-0x1.d634759fe5208p-3,2,4,7,11,21,22
3819,222,-0.0058593584174306823,-0x1.7fffb8c745b00p-8,6,11,14,16,25,27
3820,222,-0.21893665488283776,-0x1.c061dc64f07d8p-3,13,15,20,23,24,25
3821,222,0.49050844482377509,0x1.f647d883b840cp-2,14,15,19,22,26,29
3822,222,0.06219010277875936,0x1.fd7619323a930p-5,1,2,14,15,22,23
3823,222,0.25154356661884225,0x1.0194a30096a7ep-2,2,3,13,15,18,22
3824,222,-0.46273348137612325,-0x1.d9d6ce4519444p-2,0,2,9,11,18,20
3825,222,0.073969682714095319,0x1.2efad58270c98p-4,6,10,13,17,24,25
3826,222,-0.16960348885721765,-0x1.5b5912ef6f1acp-3,8,11,19,20,28,29
3827,222,0.11915836237915645,0x1.e81299576a0f8p-4,1,4,16,17,27,29
3828,222,-0.34287922039562257,-0x1.5f1bbaf84f070p-2,4,5,18,22,25,26
3829,222,-0.4266687313351919,-0x1.b4e8a5dd3de92p-2,2,3,13,14,18,23
3830,222,0.24066624048951635,0x1.ece26c013ade0p-3,2,5,15,17,18,19
3831,222,-0.37925399791411007,-0x1.845b28f7ac654p-2,10,11,12,15,24,26
3832,222,-0.062439507011795237,-0x1.ff812313023d0p-5,6,7,14,15,26,27
3833,222,-0.0021026205960505973,-0x1.13983d6451600p-9,6,7,15,17,19,22
3834,222,-0.41925994520464671,-0x1.ad527aa4b4f36p-2,2,4,6,9,24,27
3835,222,0.23776530492281578,0x1.e6f17f0622bccp-3,8,11,12,16,24,28
3836,222,0.20703282231757392,0x1.a800d3086ba40p-3,8,9,12,16,26,27
3837,222,-0.05025206395481685,-0x1.9baa3767c20f0p-5,16,17,20,21,25,28
3838,222,0.3757380778191669,0x1.80c17b906182ap-2,6,9,18,19,26,29
3839,222,-0.15466672786444313,-0x1.3cc1e8cfa82c0p-3,1,3,18,21,26,29
3840,222,0.038526463415932688,0x1.3b9bd98cdcf30p-5,2,4,13,17,24,29
3841,222,0.19433459612111292,0x1.8dff4bf692880p-3,0,1,9,11,18,20
3842,222,0.39635032687998539,0x1.95dcdc2ed5732p-2,13,16,21,23,26,28
3843,222,-0.086410453142723775,-0x1.61efed647d168p-4,0,4,14,15,26,29
3844,222,0.018991385374447445,0x1.3727a4c5b1ec0p-6,9,11,12,13,21,23
3845,222,0.40055935088711114,0x1.9a2c3b00ab246p-2,7,11,20,21,25,29
3846,222,-0.28044181680765512,-0x1.1f2c23be7a932p-2,0,3,10,11,14,15
3847,222,0.12206073709144705,0x1.f3f5f59eef490p-4,6,8,18,22,26,29
3848,222,-0.15450967754460587,-0x1.3c6f91dfc1b74p-3,9,11,14,16,24,27
3849,222,0.36165785526425576,0x1.72566fd2ce50cp-2,9,10,12,13,25,26
3850,222,0.42763586499854511,0x1.b5e62d1b0fcaep-2,3,4,13,14,21,23
3851,222,0.3469685142198925,0x1.634bb6d543bcap-2,6,9,16,17,25,28
3852,222,-0.07463829069132899,-0x1.31b7eb98c7100p-4,3,5,6,8,13,17
3853,222,-0.35029252432743363,-0x1.66b3156014152p-2,9,10,13,14,21,22
3854,222,0.49470991523385821,0x1.fa953c6bbed36p-2,15,17,18,22,25,29
3855,222,-0.33340955661849259,-0x1.5569509766b16p-2,3,5,18,22,25,26
3856,222,0.39946093659564941,0x1.990c49aad4d50p-2,6,10,18,19,27,28
3857,222,-0.17457811548133995,-0x1.65893604b7a30p-3,6,10,13,15,20,22
3858,222,-0.070522132447889518,-0x1.20dbd0c820380p-4,2,3,12,16,19,23
3859,222,-0.023641023739403355,-0x1.8355a3f380280p-6,1,3,6,10,13,15
3860,222,0.10623211483127437,0x1.b320722fc38b0p-4,13,14,18,23,25,28
3861,222,0.28745402203686532,0x1.265a58df020c4p-2,2,3,13,16,20,23
3862,222,-0.13755415072736688,-0x1.19b5fd966cbd4p-3,9,11,12,13,24,26
3863,222,-0.10721732770916526,-0x1.b729844134c10p-4,7,8,19,21,24,26
3864,222,0.3298514960111617,0x1.51c4972f9e532p-2,3,5,13,15,20,23
3865,222,0.44854444778081304,0x1.cb4f3c581579ap-2,0,5,12,13,25,26
3866,222,0.32835046126119771,0x1.503b1a72f9332p-2,0,1,18,19,26,27
3867,222,0.12181066312558186,0x1.f2efbce6daeb8p-4,9,10,13,17,24,25
3868,222,0.23780239048929763,0x1.e704f0907f4b0p-3,3,5,8,10,20,23
3869,222,0.099117536787711291,0x1.95fc452f69aa0p-4,10,11,22,23,24,25
3870,222,0.068668043252640532,0x1.1943a980ce750p-4,9,10,13,17,26,29
3871,222,-0.40497771219761169,-0x1.9eb27a35fd960p-2,2,4,6,7,14,16
3872,222,0.1954948274912981,0x1.905f9794e5f6cp-3,6,11,13,16,24,27
3873,222,-0.042013522079006993,-0x1.582cbdea36240p-5,10,11,14,15,25,27
3874,222,-0.16847432332502621,-0x1.590910e72c7a4p-3,6,7,15,16,20,23
3875,222,0.21803110526691094,0x1.be8717950e92cp-3,6,8,18,19,26,27
3876,222,0.06795225775788083,0x1.16551b4c26c00p-4,8,10,19,23,27,28
3877,222,-0.068402307030366538,-0x1.182d047aa9790p-4,4,5,12,15,19,20
3878,222,-0.3278483737089497,-0x1.4fb77bec81c44p-2,3,4,13,15,25,29
3879,222,-0.48880004828251467,-0x1.f487fff6a0616p-2,6,10,13,15,27,29
3880,222,0.15992133194056857,0x1.4784d5d4f0a50p-3,7,9,14,16,19,23
3881,222,-0.082903979259976723,-0x1.53931f7a13ea8p-4,0,3,13,16,20,23
3882,222,0.4060796121371465,0x1.9fd35576ce3e2p-2,10,11,19,20,24,29
3883,222,0.1838115537698648,0x1.787231208c518p-3,7,8,15,16,18,19
3884,222,0.093795904419528342,0x1.8030225fb09a8p-4,13,17,20,21,25,29
3885,222,-0.4548844382227627,-0x1.d1cd39e6811fep-2,0,4,18,20,25,27
3886,222,0.22306378348593514,0x1.c8d5aa37f3f34p-3,2,4,12,15,24,25
3887,222,-0.080264657641007542,-0x1.48c397f97bf60p-4,0,4,7,9,19,20
3888,222,0.48788622230489909,0x1.f3987223dfc5ap-2,7,11,19,23,24,26
3889,222,-0.15591760658915765,-0x1.3f51bae95e430p-3,2,5,12,13,25,27
3890,222,-0.11624006578335722,-0x1.dc1e8b1063f98p-4,0,3,8,10,12,15
3891,222,0.15953848596924625,0x1.46bc1d1d87b74p-3,7,9,14,17,24,28
3892,222,-0.14941221742276711,-0x1.31ff085ba106cp-3,1,2,14,16,24,28
3893,222,0.44258879066077994,0x1.c535fef5db61cp-2,14,15,18,22,27,29
3894,222,0.31990568214892967,0x1.47955aea89720p-2,9,10,12,14,25,28
3895,222,0.36668634165486003,0x1.777c9fd530a58p-2,6,9,19,21,26,28
3896,222,0.47313331662854585,0x1.e47d0f66453d8p-2,4,5,15,17,24,26
3897,222,-0.087264102755610473,-0x1.656f0b3733bc0p-4,8,10,19,20,24,28
3898,222,-0.092721463555668793,-0x1.7bc98059bddd0p-4,9,11,13,16,27,29
3899,222,0.49717674228218689,0x1.fd1be661bc398p-2,13,14,18,23,25,26
3900,222,-0.35401519029670447,-0x1.6a82f542723d6p-2,2,3,12,13,22,23
3901,222,-0.46697010573193576,-0x1.de2d69515034cp-2,1,4,20,21,24,29
3902,222,0.13847829314714377,0x1.1b9a81e22edd8p-3,8,11,20,22,25,29
3903,222,-0.37975425151369069,-0x1.84de4c6b12b2cp-2,2,4,7,9,24,27
3904,222,0.47366551674637902,0x1.e50892beacaf8p-2,0,1,16,17,18,21
3905,222,0.19646440219248251,0x1.925bedb1f58fcp-3,0,5,13,14,25,28
3906,222,0.42009663831159294,0x1.ae2dd02ad4d20p-2,10,11,13,14,26,27
3907,222,-0.31526451364920227,-0x1.42d4b35ed9c60p-2,9,10,12,17,25,28
3908,222,0.047564181592773425,0x1.85a5518cdcea0p-5,0,5,7,8,18,22
3909,222,-0.23774931158635382,-0x1.e6e91c6f477b8p-3,13,16,18,23,25,28
3910,222,0.34718338177890318,0x1.63840a59d1fe4p-2,4,5,6,8,20,23
3911,222,-0.00048658078168761776,-0x1.fe3788b516000p-12,3,5,6,8,24,25
3912,222,0.4062536108569238,0x1.a000f2520cb22p-2,0,1,15,17,18,22
3913,222,0.11325971742227214,0x1.cfe96be486988p-4,0,3,7,10,18,23
3914,222,-0.12644377008514462,-0x1.02f4f38a639d0p-3,8,9,22,23,25,26
3915,222,-0.022608134696843085,-0x1.726963c960520p-6,0,2,10,11,12,14
3916,222,0.042628493038846971,0x1.5d366def58fa0p-5,1,5,15,17,19,20
3917,222,0.37246224003468609,0x1.7d66bdcfc6882p-2,8,11,12,13,25,26
3918,222,0.4293039228081541,0x1.b79b729205a9cp-2,6,8,20,23,25,27
3919,222,-0.20703949892747509,-0x1.a8045326fd678p-3,7,8,12,16,24,26
3920,222,-0.27952287939614839,-0x1.1e3b3ee5f5f98p-2,2,5,14,16,19,21
3921,222,-0.23845033188871867,-0x1.e858a5c9758a4p-3,8,9,21,23,24,26
3922,222,0.31733281312418704,0x1.44f2e49943a60p-2,6,7,20,21,28,29
3923,222,0.057189674776924049,0x1.d47f70dabe960p-5,1,2,6,9,18,22
3924,222,-0.0063338021063590322,-0x1.9f1790e7f9500p-8,8,11,19,20,24,29
3925,222,0.38626609196004569,0x1.8b8956a216a7ep-2,1,2,12,14,19,23
3926,222,-0.24817065481073586,-0x1.fc40e571e9810p-3,1,2,13,16,20,23
3927,222,0.21973144361513608,0x1.c2028f21d6ca0p-3,4,5,7,8,19,21
3928,222,0.15975461522027101,0x1.472d6d7e0c8ccp-3,2,5,14,17,21,22
3929,222,-0.49935073188023937,-0x1.ff55cc5aa31dap-2,2,3,21,22,24,29
3930,222,-0.11196994909285818,-0x1.caa10057d1598p-4,7,11,21,22,24,26
3931,222,0.44969072526995391,0x1.cc7bb9b965592p-2,2,4,16,17,18,20
3932,222,-0.069163634443146105,-0x1.1b4b53c017ce0p-4,2,5,12,17,20,22
3933,222,-0.4464949167426574,-0x1.c935f6a4f5b72p-2,2,4,12,17,27,29
3934,222,0.24904806995699968,0x1.fe0cea1cc7228p-3,0,5,14,17,19,21
3935,222,-0.3118417521216662,-0x1.3f5371bb8f40ap-2,2,5,12,15,19,22
3936,222,0.23950307183657571,0x1.ea809626a315cp-3,12,16,19,21,26,28
3937,222,-0.43675953211671614,-0x1.bf3de40aa156cp-2,6,10,14,17,27,29
3938,222,0.23355484689891792,0x1.de5200ea066e0p-3,13,15,18,22,25,26
3939,222,-0.17581407716132791,-0x1.681135fcacb20p-3,6,9,22,23,25,26
3940,222,0.17387798943927091,0x1.641a24b11653cp-3,4,5,7,8,19,23
3941,222,0.36607839693579802,0x1.76dd415a72082p-2,3,5,6,7,19,23
3942,222,0.42381025393933869,0x1.b1fb50b184024p-2,6,8,18,23,25,27
3943,222,0.49370952275003077,0x1.f98efd37bd980p-2,7,9,14,17,25,27
3944,222,-0.17672674613721251,-0x1.69efb657e70f4p-3,8,10,12,13,24,26
3945,222,0.2053821072125176,0x1.a49f5fcd4a66cp-3,0,4,8,9,19,21
3946,222,-0.20690733922580307,-0x1.a7bf08fa37b5cp-3,2,4,14,16,25,27
3947,222,0.24121588466707278,0x1.ee0297ff5dc4cp-3,1,5,20,23,24,28
3948,222,-0.43027635350953142,-0x1.b89a5d4a43256p-2,0,1,13,17,26,27
3949,222,0.42314654226080517,0x1.b14d53c1b3db0p-2,6,8,16,17,28,29
3950,222,-0.44726162258176649,-0x1.c9fef366fa73cp-2,8,11,21,23,25,28
3951,222,-0.34683185739003219,-0x1.6327e3f2cdf38p-2,8,9,19,20,27,28
3952,222,0.13562852334046915,0x1.15c468413779cp-3,1,3,13,14,18,21
3953,222,0.25967721476865357,0x1.09e8d2e3ca7b2p-2,1,2,15,16,19,20
3954,222,0.37136098218608682,0x1.7c460da5ffac8p-2,7,11,18,23,25,26
3955,222,0.47135691178093697,0x1.e2ab62e35ee7ep-2,9,10,14,17,24,28
3956,222,-0.33037399767035525,-0x1.524d8fadc5964p-2,1,3,14,15,26,28
3957,222,0.37672267869971054,0x1.81c39702b503ep-2,2,3,15,16,24,29
3958,222,-0.25231190693919381,-0x1.025e0d72c7eb2p-2,6,10,14,15,26,28
3959,222,0.43721388196416056,0x1.bfb4fef192b66p-2,2,5,6,10,18,22
3960,222,0.11404566250648218,0x1.d3218b6b74b68p-4,2,5,13,15,25,27
3961,222,-0.35823894823392122,-0x1.6ed630db45c38p-2,1,3,13,14,26,28
3962,222,0.37865817938214741,0x1.83bef8433ca56p-2,2,5,9,10,19,22
3963,222,0.050967410978337346,0x1.a186686a0a3e0p-5,0,1,16,17,27,29
3964,222,-0.31185965791286341,-0x1.3f58235eb5c18p-2,0,4,8,11,18,20
3965,222,-0.39484403080542319,-0x1.9451fe5d52082p-2,8,11,15,16,26,27
3966,222,-0.060069592417251294,-0x1.ec1710dd510d0p-5,10,11,19,22,26,27
3967,222,0.34918177934198202,0x1.658fe88a88174p-2,0,1,14,15,19,22
3968,222,-0.0056687879759392823,-0x1.73827af6f1280p-8,7,10,14,15,27,29
3969,222,-0.28358631998168093,-0x1.226473c7a8412p-2,6,8,13,17,26,28
3970,222,0.36041997304305684,0x1.7111eef42e36cp-2,4,5,7,9,24,25
3971,222,0.19379890712734271,0x1.8ce67100e65b0p-3,12,15,19,23,24,28
3972,222,0.4938874205172421,0x1.f9bd9fbc1c02cp-2,1,5,13,17,21,22
3973,222,-0.40011812956149773,-0x1.99b8912403674p-2,4,5,16,17,25,26
3974,222,0.28604272105940443,0x1.24e86210d6022p-2,3,5,12,16,20,23
3975,222,0.34713567744407803,0x1.637788f796a6ap-2,1,2,12,15,22,23
3976,222,-0.12523110973141904,-0x1.00792b05e7e64p-3,9,11,13,16,27,28
3977,222,0.048965919750832754,0x1.9120f9fe59300p-5,7,8,21,22,24,26
3978,222,-0.21881537016503971,-0x1.c02245d5c4910p-3,1,2,14,16,18,21
3979,222,-0.12834155879398179,-0x1.06d7f06de70a8p-3,0,4,9,11,19,21
3980,222,-0.34582906037049321,-0x1.6221036130d28p-2,0,5,12,17,26,28
3981,222,-0.4430149674455387,-0x1.c5a5b73344b42p-2,8,11,19,20,24,27
3982,222,-0.35783700828755272,-0x1.6e6cd31f92f6ep-2,6,8,20,21,24,25
3983,222,-0.20976594222299172,-0x1.ad99c42d4c8b4p-3,2,3,13,15,25,29
3984,222,0.25381825581213091,0x1.03e8eecf5d0b8p-2,15,16,19,23,24,26
3985,222,0.36363987388585761,0x1.745e02d771feap-2,8,9,20,23,24,25
3986,222,0.1935295506901874,0x1.8c5938983101cp-3,0,1,8,11,18,20
3987,222,0.0079886194450833337,0x1.05c565a0df900p-7,1,2,6,10,28,29
3988,222,-0.14358997248226013,-0x1.26127fdec23f4p-3,2,5,6,7,20,23
3989,222,0.23383511228588216,0x1.dee4f17f65128p-3,0,1,10,11,19,22
3990,222,0.16629640168634074,0x1.549335357b854p-3,1,3,12,15,20,22
3991,222,-0.23749893326669747,-0x1.e665d739b90a8p-3,4,5,13,17,18,20
3992,222,0.42501963889666838,0x1.b3385924e02cap-2,8,9,13,17,25,29
3993,222,0.36239803923957159,0x1.731878baac874p-2,8,9,19,22,24,26
3994,222,-0.073017640523815985,-0x1.2b148ba14b428p-4,0,1,15,16,18,23
3995,222,-0.49161015550057485,-0x1.f768a71106992p-2,6,9,14,17,26,27
3996,222,0.3412213235498508,0x1.5d691f6560b5ep-2,6,10,18,22,27,29
3997,222,-0.25418269369736834,-0x1.044877d28eba4p-2,2,4,6,9,13,16
3998,222,-0.25687768882696604,-0x1.070af1e255e5ap-2,6,11,20,22,25,29
3999,222,0.46316316493076026,0x1.da4771d85b9dep-2,6,10,18,21,25,26
4000,222,-0.23892721250532856,-0x1.e952ab9eadba8p-3,1,2,15,16,20,23
4001,222,-0.17147242995193723,-0x1.5f2ceff679490p-3,0,2,18,23,25,28
4002,222,0.41717961261462211,0x1.ab3121e2f3750p-2,1,3,18,23,26,28
4003,222,-0.027484362500134862,-0x1.c24dc585ba2c0p-6,3,4,6,11,19,23
4004,222,0.38341428464427618,0x1.889dc1157731ep-2,3,4,16,17,24,25
4005,222,-0.4499310297178003,-0x1.ccbab8485fcd4p-2,1,3,12,14,24,26
4006,222,-0.36267234873746734,-0x1.73606153f6b62p-2,10,11,13,14,25,26
4007,222,-0.088530751848057698,-0x1.6a9f38be0b0e8p-4,0,3,12,13,21,22
4008,222,-0.086232501706996034,-0x1.613554eaf0e50p-4,3,5,13,14,25,28
4009,222,-0.23596881984974294,-0x1.e3439ee10afb0p-3,13,17,21,22,26,29
4010,222,0.32411741090871071,0x1.4be56f3fab1dep-2,0,5,18,23,25,27
4011,222,0.21202182292820271,0x1.b2387f5c1e958p-3,8,10,12,15,26,29
4012,222,-0.063592659171585963,-0x1.0479bc7685ad8p-4,4,5,13,14,18,22
4013,222,-0.44487550833135636,-0x1.c78d71fc4c572p-2,16,17,20,21,28,29
4014,222,0.16485510738036646,0x1.519f8df637cacp-3,0,1,14,16,21,23
4015,222,-0.16113291266181951,-0x1.4a000d7188ae8p-3,7,8,15,16,28,29
4016,222,-0.22920416785775088,-0x1.d568fea8728dcp-3,1,5,9,10,18,21
4017,222,0.037577585619205545,0x1.33d5e8a982120p-5,3,4,7,11,21,23
4018,222,-0.43040587158728061,-0x1.b8bc5119e51dap-2,4,5,7,9,25,26
4019,222,0.010771795718420907,0x1.60f85f2a373c0p-7,7,8,15,17,18,19
4020,222,-0.23080250255388934,-0x1.d8aefb826e690p-3,1,5,12,13,20,21
4021,222,-0.054309723386914976,-0x1.bce7beb9a6c20p-5,6,10,13,14,18,22
4022,222,0.13733233066854356,0x1.1941b1673d234p-3,0,5,8,9,18,20
4023,222,-0.48566020950730149,-0x1.f150e8f335a00p-2,1,2,20,23,24,27
4024,222,0.25410773330385272,0x1.0434d150cd8e2p-2,0,5,7,9,14,17
4025,222,-0.088958343157232722,-0x1.6c5f9569110a0p-4,1,4,12,17,26,27
4026,222,0.026913052832146178,0x1.b8f1866ff9400p-6,2,5,6,7,21,23
4027,222,0.15030025815515491,0x1.33d09f2ada9e8p-3,1,2,13,16,18,21
4028,222,0.31972464677285206,0x1.4765e5d6754d0p-2,0,5,7,10,12,17
4029,222,0.25966164607927933,0x1.09e4be17be7f0p-2,2,5,6,9,21,23
4030,222,0.11648673593669712,0x1.dd21321441228p-4,4,5,8,9,20,23
4031,222,-0.037744486791526866,-0x1.3533ed0bf7160p-5,0,2,12,15,20,22
4032,222,0.35233875109661172,0x1.68cb7d544b31ap-2,4,5,13,14,24,26
4033,222,-0.0024117883373999671,-0x1.3c1e301169600p-9,1,3,14,15,19,22
4034,222,-0.038481830906813896,-0x1.3b3e3fa784db0p-5,0,5,12,16,20,21
4035,222,-0.48426797893203344,-0x1.efe3f1f00d6a4p-2,2,3,6,11,13,15
4036,222,0.4782051468314068,0x1.e9ae9c29add84p-2,7,9,21,23,26,28
4037,222,-0.04222873004830674,-0x1.59f010d04a770p-5,7,10,21,23,24,28
4038,222,0.47105061598000497,0x1.e25b17b994404p-2,8,10,19,20,24,29
4039,222,-0.37547934360061697,-0x1.807da8345a504p-2,0,2,14,16,18,23
4040,222,0.3228953042385303,0x1.4aa5110ef2220p-2,9,10,12,13,27,29
4041,222,0.12303916634249945,0x1.f7f7eab917190p-4,15,17,19,20,28,29
4042,222,-0.45014857506994044,-0x1.ccf3bf8110c9ep-2,0,2,13,14,28,29
4043,222,-0.059402983236982343,-0x1.e6a115c934a30p-5,2,4,6,11,19,22
4044,222,-0.075070583036097815,-0x1.337d363081d00p-4,0,3,10,11,13,15
4045,222,-0.46413764563841864,-0x1.db46e62370126p-2,12,13,21,22,24,25
4046,222,-0.093363529623429309,-0x1.7e6ac1a5f2b68p-4,0,2,7,10,12,15
4047,222,0.082325121974884174,0x1.513425a857670p-4,2,5,15,17,18,22
4048,222,-0.0097900664105357027,-0x1.40cd07878aa80p-7,1,3,8,10,20,21
4049,222,-0.23724982465330291,-0x1.e5e33c6ef0fd4p-3,2,5,14,15,24,25
4050,222,0.41772260530169658,0x1.abbf798248666p-2,3,4,13,16,25,26
4051,222,0.20499314928133572,0x1.a3d372c08a000p-3,6,8,18,23,26,28
4052,222,0.1981862154730496,0x1.95e2a78fcc4d8p-3,6,10,21,23,25,28
4053,222,0.4459855891536002,0x1.c8b0723f9ba74p-2,0,5,7,8,18,20
4054,222,0.046828428178252168,0x1.7f9e54f18ec50p-5,0,5,14,15,19,22
4055,222,0.24482813526124569,0x1.f5687410b3a3cp-3,1,4,6,9,27,29
4056,222,-0.35725526849463785,-0x1.6dd4533a085d6p-2,7,8,18,23,25,27
4057,222,-0.21387637550153715,-0x1.b604d13154358p-3,0,5,7,9,16,17
4058,222,-0.42232448765695507,-0x1.b075d49b2574ap-2,0,4,21,23,25,26
4059,222,-0.20664992432593932,-0x1.a73813559b34cp-3,0,4,14,15,18,19
4060,222,0.2812034205125622,0x1.1ff3ca1a7fc90p-2,1,4,13,14,26,27
4061,222,0.3787919774320847,0x1.83e20b4c3b5d8p-2,0,1,15,17,18,19
4062,222,-0.1928475380427731,-0x1.8af3a66810074p-3,7,9,12,14,27,28
4063,222,-0.093316778771343922,-0x1.7e39bc0fdb178p-4,3,5,22,23,24,25
4064,222,0.20962760411407222,0x1.ad513cc011f8cp-3,2,4,7,9,14,16
4065,222,0.18871078810861708,0x1.827acd3aa1944p-3,7,11,21,23,26,28
4066,222,-0.2607354802404771,-0x1.0afe3de228a80p-2,8,10,21,22,24,29
4067,222,0.14481106558641965,0x1.2892b43657360p-3,9,11,19,22,27,29
4068,222,0.28125017052863754,0x1.20000b71a8e12p-2,0,4,12,16,19,20
4069,222,0.34243642346233949,0x1.5ea7a75eeb796p-2,2,4,7,11,19,20
4070,222,-0.29493479171675663,-0x1.2e0362d381110p-2,7,9,19,21,26,29
4071,222,-0.42515427592474619,-0x1.b35ba47b67c70p-2,9,11,14,16,27,28
4072,222,0.25656421879122737,0x1.06b8c54420e18p-2,0,5,12,15,27,28
4073,222,-0.31451061318718798,-0x1.420f11f789178p-2,8,10,12,13,27,28
4074,222,-0.37992269012450319,-0x1.850a74245f514p-2,7,11,18,20,28,29
4075,222,-0.042215474169261857,-0x1.59d4441e25c90p-5,6,9,13,17,28,29
4076,222,0.19329351968562758,0x1.8bdd790ca0c60p-3,2,3,14,15,24,28
4077,222,0.16600298988687889,0x1.53f96024d1a40p-3,0,2,13,17,25,28
4078,222,0.12876109959489845,0x1.07b3e63e0e840p-3,0,4,12,17,25,29
4079,222,-0.18676990794703741,-0x1.7e8138b4135dcp-3,10,11,12,15,27,28
4080,222,0.24659329193054047,0x1.f905e76209870p-3,14,17,18,21,25,28
4081,222,-0.12018164183481084,-0x1.ec4395d4295c8p-4,0,5,8,9,19,20
4082,222,-0.22825184278122446,-0x1.d375b3bffa0bcp-3,3,4,14,17,21,22
4083,222,-0.18537675321638547,-0x1.7ba6cea406390p-3,2,5,7,9,20,21
4084,222,-0.43484291692372179,-0x1.bd47762c56a94p-2,3,5,18,21,25,28
4085,222,-0.19353522015302804,-0x1.8c5c3189738a0p-3,2,5,14,15,19,22
4086,222,0.36468299849837671,0x1.756f75bfd4bb2p-2,2,4,6,11,21,22
4087,222,-0.18720712404363238,-0x1.7f6672dac3d28p-3,7,10,12,15,28,29
4088,222,-0.11451070428342747,-0x1.d5092d1f07290p-4,8,10,19,20,27,28
4089,222,0.097689373272402458,0x1.9022bb75f2810p-4,6,10,21,23,24,26
4090,222,0.070431630884240981,0x1.207ceaf407340p-4,2,4,6,11,24,27
4091,222,0.1582910421520608,0x1.442e180a57c64p-3,16,17,18,21,26,29
4092,222,-0.42237705197288233,-0x1.b0839c2337ba6p-2,10,11,13,14,18,22
4093,222,-0.27388906583400352,-0x1.18766011f4c5ep-2,10,11,19,22,27,29
4094,222,-0.19088286585529257,-0x1.86ed9891b8ce0p-3,9,10,13,14,27,28
4095,222,-0.27815284515779515,-0x1.1cd41974f7e46p-2,0,1,19,22,27,29
4096,222,0.11461707150707845,0x1.d578b5dafaa80p-4,0,5,13,17,20,22
4097,222,-0.18862863363398008,-0x1.824fbaa4607b4p-3,14,15,19,23,26,28
4098,222,0.36799038445549392,0x1.78d278a9ea4e0p-2,9,10,12,14,19,21
4099,222,0.39491942027653215,0x1.9465c1aa926aap-2,0,5,18,23,26,27
4100,222,0.069859005385588091,0x1.1e2479f765200p-4,3,4,7,11,24,29
4101,222,-0.48961404599599312,-0x1.f55d626cdc30ep-2,1,5,12,15,27,28
4102,222,0.33547411828563911,0x1.578686fac3d88p-2,6,8,18,19,28,29
4103,222,-0.31749151891585259,-0x1.451c7f2a00f9ap-2,0,3,12,17,19,22
4104,222,-0.07134439351402877,-0x1.243a04ce54d20p-4,8,9,13,17,24,25
4105,222,-0.49565179353069366,-0x1.fb8c24cdac1b8p-2,0,1,15,16,27,29
4106,222,-0.26574047148533042,-0x1.101e452903308p-2,9,11,12,13,24,29
4107,222,-0.123055391293863,-0x1.f808ee13420c0p-4,6,7,16,17,24,25
4108,222,0.15404024509978831,0x1.3b7973b7c5754p-3,3,5,13,16,25,28
4109,222,-0.28655791909946104,-0x1.256f706bc49b6p-2,8,11,21,22,25,29
4110,222,0.068597679108178045,0x1.18f9e1459e378p-4,0,4,9,11,14,16
4111,222,0.43962033072605911,0x1.c22bd4fc80218p-2,2,4,12,15,20,23
4112,222,0.26212140691986241,0x1.0c698dd93592ap-2,6,7,14,17,25,26
4113,222,0.47307961660041153,0x1.e46efba6cfdbap-2,2,4,6,11,24,25
4114,222,0.20732182384807429,0x1.a8985829657b8p-3,3,5,7,10,19,23
4115,222,0.04768788667322621,0x1.86a8bf35a8d80p-5,2,5,13,17,24,27
4116,222,-0.40817306041403001,-0x1.a1f81e6658912p-2,12,17,19,21,26,28
4117,222,-0.074123324914411537,-0x1.2f9bf0860d060p-4,1,3,12,13,22,23
4118,222,0.23130482123496232,0x1.d9b65794e3ebcp-3,0,4,7,9,12,14
4119,222,-0.40203623866314797,-0x1.9baf634375d54p-2,0,1,14,16,18,19
4120,222,0.19298329800672043,0x1.8b3ad3cce799cp-3,1,5,12,15,24,26
4121,222,0.052806250115139286,0x1.b096bba89afd0p-5,8,9,12,16,19,23
4122,222,0.064409124687467512,0x1.07d1dcc18bea8p-4,1,2,6,9,14,17
4123,222,0.057174371390844914,0x1.d45f58e9608f0p-5,0,2,18,20,27,28
4124,222,0.44306892460358771,0x1.c5b3dc342f690p-2,2,4,14,17,18,19
4125,222,-0.36426825233957161,-0x1.7502bc9b14012p-2,4,5,19,22,24,26
4126,222,-0.10191438661132168,-0x1.a170fad7cce90p-4,1,5,13,17,18,22
4127,222,0.26654797097968852,0x1.10f1f388b111cp-2,1,4,19,21,26,29
4128,222,0.10280355890467818,0x1.a5155836872d8p-4,6,7,14,16,26,27
4129,222,0.29168600518233445,0x1.2aafbc73d6078p-2,0,3,10,11,19,21
4130,222,-0.38696572122153072,-0x1.8c40bdf547324p-2,0,4,16,17,25,27
4131,222,-0.27723444605284386,-0x1.1be358bc7c8f6p-2,7,9,18,20,25,27
4132,222,-0.25721585486071041,-0x1.076397d28ec7cp-2,3,5,13,15,20,22
4133,222,-0.21562212088720389,-0x1.b998172c099fcp-3,1,3,12,13,28,29
4134,222,-0.13462250388038488,-0x1.13b4f69bc66c4p-3,9,10,18,23,25,28
4135,222,0.37739344776325667,0x1.82736d8f78b36p-2,7,10,20,22,24,27
4136,222,-0.092408339357596514,-0x1.7a812ab6b25e0p-4,13,17,20,22,27,29
4137,222,0.13981005989421025,0x1.1e54bc972df20p-3,6,9,13,14,27,28
4138,222,-0.15841637338530123,-0x1.446fcdb6b9f20p-3,8,9,19,23,26,27
4139,222,-0.13034708988525401,-0x1.0af36a417ccd4p-3,1,4,15,16,19,23
4140,222,-0.17533567396792393,-0x1.671663cc1d648p-3,3,4,14,16,21,23
4141,222,0.1857115473752734,0x1.7c5655f3bb17cp-3,6,11,15,16,18,20
4142,222,0.38522693014719234,0x1.8a78edaa1529ep-2,4,5,13,17,20,21
4143,222,-0.47940237569905864,-0x1.eae874d50236cp-2,0,1,8,11,18,23
4144,222,0.34324686762290313,0x1.5f7c1b5b94492p-2,4,5,13,16,18,20
4145,222,-0.41765297087192321,-0x1.abad386be37b8p-2,6,10,19,23,27,28
4146,222,-0.3266358138797637,-0x1.4e799e694382ap-2,0,4,14,16,27,29
4147,222,-0.36846444928687705,-0x1.794ebe9db401ap-2,6,9,13,17,18,20
4148,222,0.36667286788908426,0x1.7779179fa815cp-2,7,9,18,21,25,28
4149,222,-0.076232178074352341,-0x1.383f3b7bb70e8p-4,1,2,13,14,18,21
4150,222,-0.20646034416146297,-0x1.a6d4ae50c14e8p-3,0,2,21,22,25,29
4151,222,0.079678753937497571,0x1.465d3aa58fb38p-4,2,5,12,14,25,27
4152,222,0.11274122902633543,0x1.cdc9bf3943680p-4,1,4,6,8,22,23
4153,222,0.49445380469003541,0x1.fa5219221b1bep-2,0,3,8,10,25,28
4154,222,-0.49724278822399781,-0x1.fd2d36a6602dcp-2,0,2,13,15,28,29
4155,222,0.41887222151740455,0x1.acecd6f27b00cp-2,1,4,12,15,26,27
4156,222,0.10365208199626386,0x1.a88f15e561560p-4,7,11,14,15,24,25
4157,222,0.36070136174908696,0x1.715bb2a15708ap-2,6,7,16,17,27,28
4158,222,0.43215432312600677,0x1.ba86a9b29ad84p-2,7,11,20,21,25,28
4159,222,0.035730565683713023,0x1.24b46d6288360p-5,0,5,7,8,21,23
4160,222,0.032927796951315758,0x1.0dbe9861209a0p-5,4,5,14,16,18,23
4161,222,-0.15020674382328225,-0x1.339f97e2e08ecp-3,2,5,12,13,21,22
4162,222,0.26344825344577616,0x1.0dc56102f3a36p-2,6,9,22,23,24,27
4163,222,-0.025775797410830581,-0x1.a64f87ba1a080p-6,12,16,19,21,26,29
4164,222,-0.34584344453623816,-0x1.6224c8af46cacp-2,7,11,19,23,27,28
4165,222,-0.36103884939686026,-0x1.71b42b0afadd2p-2,1,5,13,15,26,27
4166,222,0.22419478379514268,0x1.cb26a282abe2cp-3,0,5,14,15,25,28
4167,222,-0.0020347820106874082,-0x1.0ab3f4617b000p-9,4,5,16,17,18,20
4168,222,-0.27552210468494898,-0x1.1a227773c9abcp-2,2,5,13,17,25,27
4169,222,0.052174846350261483,0x1.ab6a9557f13d0p-5,1,3,19,23,26,28
4170,222,0.20011939025491765,0x1.99d831e385cd0p-3,1,2,14,16,19,21
4171,222,-0.01725947970351227,-0x1.1ac78137d80a0p-6,0,1,8,10,28,29
4172,222,0.43275730084110098,0x1.bb24bad8defd0p-2,1,3,10,11,28,29
4173,222,-0.31073933754636174,-0x1.3e3273f15e8b6p-2,1,4,13,14,18,22
4174,222,0.41798119246111465,0x1.ac0342ffdab1ep-2,2,3,7,10,28,29
4175,222,-0.43159498378277772,-0x1.b9f40911dbd54p-2,1,2,9,10,18,20
4176,222,-0.0024222266334483766,-0x1.3d7c70592ba00p-9,0,3,20,21,25,29
4177,222,0.33658686012129846,0x1.58aa39d1efed4p-2,8,11,20,23,27,28
4178,222,0.40205763113392823,0x1.9bb4fee34f4fep-2,0,1,9,11,27,28
4179,222,0.12545438478471649,0x1.00ee3a7e523e0p-3,1,4,6,9,20,22
4180,222,0.39244547436569166,0x1.91dd39f77495ap-2,9,11,13,14,26,27
4181,222,0.46276769373304283,0x1.d9dfc638ea40ep-2,1,3,6,11,19,21
4182,222,0.2676923206642029,0x1.121def8a9287ep-2,0,1,9,10,19,21
4183,222,0.20420544655872841,0x1.a236771514198p-3,6,8,15,17,26,27
4184,222,0.23222755004706086,0x1.db9a1e2575694p-3,3,5,12,15,26,28
4185,222,-0.21109616734214953,-0x1.b0532ff85d224p-3,10,11,21,23,25,28
4186,222,0.21692056009808292,0x1.bc40d8bb9c32cp-3,0,3,14,16,19,23
4187,222,-0.021131430506905247,-0x1.5a37a4bc78800p-6,0,5,8,10,19,23
4188,222,-0.1862652392359011,-0x1.7d78a13732d04p-3,9,10,12,17,27,28
4189,222,-0.42589227506785721,-0x1.b41d1ac42455ap-2,6,10,20,23,25,27
4190,222,-0.075724297258394468,-0x1.362aae43cc560p-4,2,5,12,17,20,21
4191,222,-0.4324235840140136,-0x1.bacd3f7d6feb8p-2,6,7,16,17,26,29
4192,222,0.38026183162911553,0x1.85635b8b0e72cp-2,4,5,7,9,14,17
4193,222,0.4072401740093432,0x1.a1039173f32d8p-2,8,11,15,16,24,26
4194,222,0.13899145463244345,0x1.1ca78d408ef9cp-3,0,1,10,11,14,15
4195,222,-0.34175512718268286,-0x1.5df50e59f5b3cp-2,7,8,21,23,25,26
4196,222,-0.28397637671360554,-0x1.22cab40b493a6p-2,2,4,6,9,19,23
4197,222,0.49549359109126723,0x1.fb62ac0475570p-2,6,10,19,22,24,27
4198,222,0.034693003400217859,0x1.1c34806020610p-5,0,5,7,9,19,21
4199,222,0.37758503658529041,0x1.82a5a6de5f034p-2,4,5,19,22,24,27
4200,222,-0.19920855645497315,-0x1.97faa7d875b7cp-3,6,9,16,17,24,26
4201,222,0.023399368430478296,0x1.7f601089fb3c0p-6,8,9,13,16,24,25
4202,222,-0.17239702778852162,-0x1.6111b1623c038p-3,0,3,15,16,18,23
4203,222,-0.27228499248014915,-0x1.16d1e087934c8p-2,0,1,13,15,28,29
4204,222,-0.38318885104035305,-0x1.8862a87da3f9ap-2,1,2,10,11,19,21
4205,222,0.2742879326676132,0x1.18deef91fab9ap-2,0,1,12,13,28,29
4206,222,0.17185339995446391,0x1.5ff4ace4162e4p-3,2,4,12,14,24,29
4207,222,0.031610457430168881,0x1.02f3ef1bf93f0p-5,15,17,18,19,26,29
4208,222,0.15883726210170412,0x1.454c7870e76c4p-3,8,10,18,20,27,28
4209,222,-0.27481189771240866,-0x1.19684a44e7edap-2,1,2,9,11,19,23
4210,222,0.17184290028177951,0x1.5fef2ba6148bcp-3,0,4,8,9,25,29
4211,222,-0.03430603274818711,-0x1.1908f716afdf0p-5,9,10,20,22,24,27
4212,222,-0.43362010159650788,-0x1.bc06e86cfb156p-2,2,4,15,17,24,27
4213,222,-0.15358042827568619,-0x1.3a886025ff7acp-3,1,4,8,9,26,27
4214,222,-0.39514942616621906,-0x1.94a20d19ab166p-2,2,4,18,20,27,29
4215,222,-0.40052871274859181,-0x1.9a2432e974ebap-2,1,4,15,16,18,20
4216,222,-0.43503017736076632,-0x1.bd788d0226790p-2,9,11,20,21,25,28
4217,222,0.47843186009281802,0x1.e9ea0aa1da372p-2,2,4,12,15,19,22
4218,222,-0.13274515465175496,-0x1.0fdcb10f74394p-3,7,8,12,16,26,27
4219,222,0.42369641254240065,0x1.b1dd78ed3562ep-2,4,5,6,8,18,21
4220,222,-0.18054404181345318,-0x1.71c113189c8b8p-3,3,5,7,8,18,22
4221,222,0.45179253578919454,0x1.cea2b3d72a7f0p-2,1,2,16,17,27,28
4222,222,-0.077587291470232134,-0x1.3dcc2bf732a78p-4,6,8,18,23,26,27
4223,222,0.11838167731587124,0x1.e4e42f8846d40p-4,0,3,14,16,28,29
4224,222,0.051355067439909252,0x1.a4b361e46cd40p-5,7,8,19,23,27,28
4225,222,0.42103786083591654,0x1.af248c8aac182p-2,0,1,8,10,21,22
4226,222,-0.067211060225917163,-0x1.134be79998c88p-4,7,11,19,20,24,27
4227,222,-0.054024304516589128,-0x1.ba912da2d00a0p-5,15,17,19,22,24,29
4228,222,0.26112562502232917,0x1.0b64840e794e6p-2,1,5,6,10,14,15
4229,222,-0.47510030649208412,-0x1.e680b1dacff3ap-2,7,9,14,16,28,29
4230,222,0.34053715760519576,0x1.5cb5c5cbf2cdep-2,9,10,19,23,26,28
4231,222,0.21236356587981009,0x1.b2ebab52869b4p-3,0,3,7,11,18,22
4232,222,-0.2115777042428213,-0x1.b14fa6c249118p-3,6,11,18,21,26,29
4233,222,0.42550533499134424,0x1.b3b7aba83ed20p-2,1,2,14,15,18,22
4234,222,-0.45704011704197522,-0x1.d402530e9f05ep-2,12,15,19,22,24,29
4235,222,0.081717585334450282,0x1.4eb7194850170p-4,0,1,13,14,26,29
4236,222,0.28866357347370297,0x1.27976c7e76d52p-2,0,5,12,17,26,27
4237,222,0.085406451468564737,0x1.5dd327becc608p-4,4,5,12,16,20,21
4238,222,-0.084396776421941988,-0x1.59b06f29ebc90p-4,7,9,12,14,25,28
4239,222,-0.43777179756153384,-0x1.c04740068d3b0p-2,8,9,18,22,26,27
4240,222,-0.16329655762269812,-0x1.4e6e6cf44f9a0p-3,6,8,16,17,20,21
4241,222,-0.0043567013425144241,-0x1.1d8551c8d7880p-8,2,3,15,16,20,23
4242,222,-0.11855733988303419,-0x1.e59c6197f9660p-4,1,3,14,17,19,21
4243,222,0.1496371399141907,0x1.3274f4f196600p-3,3,5,15,17,20,22
4244,222,-0.083325114791210519,-0x1.554cb72f6b4b8p-4,3,5,6,8,25,28
4245,222,0.068109598934015136,0x1.16fa173f71c08p-4,0,3,14,17,25,26
4246,222,0.019597473184454262,0x1.4115c29a557e0p-6,0,1,14,16,18,23
4247,222,0.3570075464143897,0x1.6d9362e1199b2p-2,2,4,12,15,25,29
4248,222,0.43161012508366414,0x1.b9f8012f6d5ecp-2,1,3,12,16,19,21
4249,222,0.084236718296921809,0x1.590899e352828p-4,1,3,8,11,12,15
4250,222,0.033096842331549636,0x1.0f211bed46a60p-5,8,11,18,19,27,29
4251,222,-0.021480956018621877,-0x1.5ff1a8e58e0e0p-6,1,4,6,9,19,22
4252,222,-0.25001268263094911,-0x1.0003531df0cc2p-2,1,3,8,10,21,23
4253,222,-0.14007130864626782,-0x1.1eddb4cdf2facp-3,7,9,20,22,24,29
4254,222,-0.11132794999028894,-0x1.c7ffd1056c9a8p-4,3,5,8,10,26,28
4255,222,0.097244077339243673,0x1.8e4fce3e6d8d8p-4,1,5,6,8,18,19
4256,222,-0.41774145578784661,-0x1.abc46a8b2b3eap-2,6,8,15,17,24,25
4257,222,0.11127318395031516,0x1.c7c663dfd0780p-4,8,11,19,21,24,26
4258,222,0.25607618741440508,0x1.0638d608eabd0p-2,14,16,18,21,25,29
4259,222,0.24419514905955408,0x1.f41c96186bc94p-3,3,4,8,11,20,23
4260,222,0.34898970358341341,0x1.655d8e8e20402p-2,6,10,14,15,24,28
4261,222,0.44505431674048435,0x1.c7bc519d60430p-2,0,5,8,9,20,21
4262,222,-0.41043444689283415,-0x1.a448ed7a39edep-2,0,5,15,17,25,27
4263,222,0.20805897149643637,0x1.aa1ad271bb93cp-3,7,9,12,14,28,29
4264,222,-0.39212001658879625,-0x1.9187e8dd6c65ep-2,8,11,15,16,19,23
4265,222,-0.26095073431855609,-0x1.0b36ab570fc0ap-2,1,2,15,17,24,28
4266,222,-0.34031742282359401,-0x1.5c7c2ba525366p-2,6,7,14,17,27,29
4267,222,-0.42337750189399836,-0x1.b189df31fcd3ap-2,0,2,13,17,27,29
4268,222,-0.10112562994850838,-0x1.9e35e896a8ed0p-4,1,4,18,22,27,29
4269,222,-0.098577487365555605,-0x1.93c5fcc5b5ec0p-4,0,4,12,15,19,23
4270,222,-0.18842381068891301,-0x1.81e457c59296cp-3,1,2,13,15,28,29
4271,222,-0.2400381632736921,-0x1.eb9920e86b590p-3,8,10,21,23,25,28
4272,222,0.24479192079614909,0x1.f555777127e68p-3,14,16,18,23,27,28
4273,222,0.038161507899064695,0x1.389e7b8c8f980p-5,9,10,13,14,26,29
4274,222,-0.11137055946507091,-0x1.c82c7eea3c390p-4,8,11,19,21,24,29
4275,222,0.36354213865576335,0x1.744463f0fa444p-2,9,10,12,17,24,27
4276,222,0.4903896316431321,0x1.f628b318d1a72p-2,9,11,14,16,21,23
4277,222,-0.060206035261948121,-0x1.ed35350f19b90p-5,3,4,13,15,18,23
4278,222,0.089849076676668749,0x1.700595de6ef48p-4,1,2,6,11,20,23
4279,222,-0.045488653545073698,-0x1.74a49eea15d70p-5,0,2,15,16,19,23
4280,222,-0.15813363918377621,-0x1.43db91c588c58p-3,1,2,13,17,24,28
4281,222,-0.36837533154934732,-0x1.79376206a162ep-2,15,17,18,20,25,28
4282,222,0.11264856311100435,0x1.cd6894680ced0p-4,3,5,12,14,21,22
4283,222,0.3993290803649846,0x1.98e9b8f20996ep-2,6,11,18,23,25,26
4284,222,-0.49358034116078453,-0x1.f96d1ffcefb5ep-2,8,10,12,13,26,27
4285,222,0.24362661481090842,0x1.f2f282b862634p-3,6,7,14,16,26,29
4286,222,-0.47238051636452882,-0x1.e3b7b7d43685ap-2,0,1,8,9,19,21
4287,222,-0.057531525677682493,-0x1.d74c5aa8c9c60p-5,0,3,15,17,26,29
4288,222,0.26200763145193828,0x1.0c4bba818dd1ep-2,0,4,13,17,26,27
4289,222,0.22767892734714923,0x1.d24954578e0fcp-3,7,10,18,23,25,28
4290,222,-0.14821484810569274,-0x1.2f8b442b2a1a4p-3,0,2,9,10,12,13
4291,222,0.33852696055414966,0x1.5aa6cfc193d1cp-2,1,4,6,11,18,23
4292,222,-0.14399547311627958,-0x1.26e7193e73a58p-3,0,1,12,15,26,27
4293,222,0.38404663849414944,0x1.894385a1e269cp-2,1,3,8,11,18,19
4294,222,0.31837607853732708,0x1.460460f496108p-2,7,10,19,21,26,29
4295,222,0.48374050073112862,0x1.ef59ab79903e0p-2,4,5,7,8,24,25
4296,222,0.04056085619771066,0x1.4c4647dbbddc0p-5,10,11,12,13,26,29
4297,222,0.3533468588711578,0x1.69d3c24bfbda6p-2,1,3,6,8,24,28
4298,222,-0.11281533840627178,-0x1.ce1774cf12e20p-4,3,5,6,8,24,28
4299,222,-0.10633721403599627,-0x1.b38ea68a1e218p-4,6,8,13,17,18,22
4300,222,0.32528221952284819,0x1.4d16c83b48a0cp-2,0,5,8,9,20,22
4301,222,0.029103711700097956,0x1.dcd5d07c6cae0p-6,6,11,14,15,24,27
4302,222,0.1541948903277347,0x1.3bca87d957ea4p-3,0,2,7,9,19,23
4303,222,0.258666058005671,0x1.08dfc14ee0ddcp-2,6,9,13,17,20,21
4304,222,0.1761675005048392,0x1.68ca81aa4a70cp-3,7,9,18,23,26,27
4305,222,0.076700007645647217,0x1.3a29c9870e5b0p-4,6,8,13,15,18,20
4306,222,-0.1966096607644664,-0x1.92a815f87d014p-3,4,5,6,7,22,23
4307,222,0.38017607432909761,0x1.854ce077dc4d8p-2,3,4,6,8,15,16
4308,222,0.091751092539794188,0x1.77cffe5d4a7d0p-4,2,5,19,21,24,28
4309,222,0.25418518351996533,0x1.04491ee962504p-2,8,10,18,19,26,29
4310,222,0.25348716708996066,0x1.039223d26da36p-2,1,4,12,13,20,22
4311,222,0.02285728156176825,0x1.767e633220e80p-6,0,1,8,9,19,20
4312,222,0.14601960203178688,0x1.2b0c533a6963cp-3,2,5,16,17,25,27
4313,222,0.18701746602278135,0x1.7f030362ca024p-3,0,1,9,11,20,22
4314,222,0.10835102582187095,0x1.bbce490649ad0p-4,0,5,16,17,20,21
4315,222,0.025101800189286316,0x1.9b4494b88eba0p-6,1,4,19,23,24,27
4316,222,-0.22292900195371224,-0x1.c88f0025c4d78p-3,0,3,10,11,26,29
4317,222,-0.24915603291588362,-0x1.fe4584a7cc6e4p-3,8,11,13,16,25,29
4318,222,-0.35844172420755016,-0x1.6f0b58ebf91e4p-2,4,5,16,17,18,21
4319,222,0.13440523299204776,0x1.13430d00e5978p-3,0,5,15,16,27,28
4320,222,0.2714893028627916,0x1.16014ab409c20p-2,7,11,15,16,27,28
4321,222,-0.4128130621024636,-0x1.a6b877a45de62p-2,6,11,13,14,27,29
4322,222,-0.43288043778571972,-0x1.bb45026d78a82p-2,1,5,12,17,20,21
4323,222,-0.12577305098416991,-0x1.01954d258fab0p-3,3,4,6,8,16,17
4324,222,0.42536271873198817,0x1.b39248d790eecp-2,8,10,15,17,25,27
4325,222,-0.13038318694389006,-0x1.0b06571efa648p-3,4,5,14,15,18,23
4326,222,-0.38614003009040898,-0x1.8b684ac3a8b78p-2,13,16,20,23,25,28
4327,222,0.24541082988621132,0x1.f699f4039060cp-3,0,3,8,11,26,29
4328,222,0.3772731699370413,0x1.8253e5da26c04p-2,1,3,6,10,19,23
4329,222,0.07804395177655532,0x1.3fab03c87e978p-4,6,7,18,19,26,28
4330,222,0.263882093300845,0x1.0e371b82e89a0p-2,3,5,7,8,19,20
4331,222,-0.016583178765754325,-0x1.0fb2e49d9bd60p-6,8,11,13,16,21,23
4332,222,0.13657926940888987,0x1.17b6df3b61cd8p-3,0,2,9,11,12,13
4333,222,-0.22870960919051642,-0x1.d465b41e089ecp-3,1,3,8,11,18,20
4334,222,0.41792329263641204,0x1.abf4156870ab0p-2,7,10,12,14,25,28
4335,222,-0.33432673810231728,-0x1.5659bf994fad6p-2,7,9,19,22,24,27
4336,222,0.27191449934659839,0x1.1670c12801e5ep-2,1,2,19,22,24,29
4337,222,-0.42423193413828986,-0x1.b269db2c2bcecp-2,1,5,12,16,24,26
4338,222,-0.40247914971070342,-0x1.9c237e8551438p-2,8,10,15,17,18,22
4339,222,0.45544366589322338,0x1.d25fd308ba1b6p-2,6,8,19,20,27,28
4340,222,-0.29135856741840549,-0x1.2a59e679e2c72p-2,2,3,14,17,19,22
4341,222,0.386980510978012,0x1.8c449e7b5c16cp-2,7,11,22,23,26,27
4342,222,-0.21286576873466301,-0x1.b3f2f7d939e94p-3,7,10,14,15,24,29
4343,222,-0.42004460535317756,-0x1.ae202c4b69996p-2,6,10,15,17,26,28
4344,222,0.42231571634410492,0x1.b07387f92393cp-2,1,2,6,9,21,23
4345,222,-0.42832638290139724,-0x1.b69b30fa4d494p-2,2,4,9,11,21,23
4346,222,0.23566810873290944,0x1.e2a5f61dbe804p-3,1,4,19,22,26,27
4347,222,-0.071771969710173966,-0x1.25fa5d6acb920p-4,14,17,18,22,27,29
4348,222,0.39535536813616279,0x1.94d809a1c57d0p-2,7,9,12,16,21,23
4349,222,-0.37249673148811968,-0x1.7d6fc87e6ef7ep-2,8,9,19,20,24,29
4350,222,-0.34890670011361213,-0x1.6547cc495f7b4p-2,7,8,21,23,24,26
4351,222,-0.42512737991562466,-0x1.b35497857cb2ap-2,2,3,6,7,20,21
4352,222,-0.42482532786020366,-0x1.b3056926b02e8p-2,12,17,20,21,25,28
4353,222,0.26652713215159418,0x1.10ec7d1059dfap-2,1,2,6,11,15,16
4354,222,-0.091101647543285091,-0x1.7527004cf6490p-4,12,13,21,23,24,25
4355,222,0.42990152154749028,0x1.b8381abe303dap-2,2,5,13,14,27,28
4356,222,0.25253905310189317,0x1.029998f8244a0p-2,9,11,20,21,28,29
4357,222,0.42151855813525096,0x1.afa28f9764544p-2,10,11,18,23,25,28
4358,222,0.49697173242044557,0x1.fce62867210d2p-2,3,4,13,14,18,22
4359,222,0.3383313206400137,0x1.5a73869572056p-2,0,2,13,15,18,20
4360,222,-0.15008058471169317,-0x1.335d7318cf6bcp-3,7,8,12,15,25,27
4361,222,-0.32773775019027929,-0x1.4f9a7c1aed6eap-2,1,4,14,16,24,29
4362,222,0.098149843123582436,0x1.920591e52c4e8p-4,3,5,16,17,19,21
4363,222,-0.05335816257781989,-0x1.b51c2d67e2680p-5,2,3,16,17,24,28
4364,222,0.22764566683937681,0x1.d237e43135bacp-3,4,5,14,16,19,23
4365,222,0.15905945621377782,0x1.45c0f6d47635cp-3,12,15,20,23,24,27
4366,222,0.096293233503899733,0x1.8a6ac60b9aff0p-4,6,11,18,23,25,27
4367,222,-0.030656979774568716,-0x1.f648b161a8720p-6,0,3,15,17,18,22
4368,222,0.018334508096577329,0x1.2c64802a6f5c0p-6,0,1,15,16,20,23
4369,222,0.30034731541686344,0x1.338e3f24a096cp-2,14,16,18,19,26,27
4370,222,0.046062889613226576,0x1.7958e18e568f0p-5,0,2,18,23,27,28
4371,222,-0.34634839065958956,-0x1.62a9270b9ee4ap-2,4,5,6,7,14,17
4372,222,-0.22579500814122733,-0x1.ce6d9cfc8872cp-3,1,5,13,14,24,26
4373,222,-0.24051399936544848,-0x1.ec929a8c09c2cp-3,10,11,14,15,18,19
4374,222,0.40143716303981525,0x1.9b1257fa9ebf4p-2,0,5,8,10,20,23
4375,222,-0.31518440660367231,-0x1.42bfb37a49aa6p-2,3,4,15,17,20,22
4376,222,-0.15021599549302622,-0x1.33a4719fd43c8p-3,2,5,7,10,24,27
4377,222,0.45301082843667395,0x1.cfe212137a3f2p-2,7,11,12,14,24,26
4378,222,-0.28378212961171712,-0x1.2297c8577c79cp-2,2,3,6,7,25,29
4379,222,-0.44153277381724898,-0x1.c4212adea1060p-2,8,10,18,22,27,29
4380,222,0.42375755393204451,0x1.b1ed800e48cb2p-2,2,3,16,17,18,19
4381,222,-0.35467044634414069,-0x1.6b2ebabf9f8bep-2,1,2,9,11,27,29
4382,222,-0.10353745643634016,-0x1.a816e454e1b68p-4,12,15,19,23,24,27
4383,222,-0.071609443010402285,-0x1.254ff17d08008p-4,0,5,16,17,25,28
4384,222,0.22378476536320413,0x1.ca4faac49fbc0p-3,3,5,7,8,18,19
4385,222,-0.13526248854801881,-0x1.15047fe583b7cp-3,1,2,16,17,18,21
4386,222,-0.26103228168201842,-0x1.0b4c0be4191e2p-2,0,1,16,17,19,21
4387,222,0.11705882497866094,0x1.df79130fdd558p-4,8,10,12,15,25,28
4388,222,0.42829214900676615,0x1.b692379478714p-2,2,5,13,15,18,22
4389,222,-0.38000639393923996,-0x1.85206568f5afcp-2,0,5,18,21,25,26
4390,222,0.26645644768369925,0x1.10d9f58270758p-2,2,5,14,16,27,28
4391,222,-0.012076147795378134,-0x1.8bb611ebe1400p-7,7,10,12,15,26,27
4392,222,-0.34353919409499301,-0x1.5fc8bd0e20f6cp-2,3,4,13,14,18,23
4393,222,-0.2426144666777309,-0x1.f0dfda7f56b44p-3,1,4,12,13,24,29
4394,222,-0.30753098097589415,-0x1.3ae966c7316c0p-2,7,10,18,20,25,27
4395,222,-0.14317592913536525,-0x1.25396be9afbbcp-3,3,4,7,8,18,20
4396,222,0.47470929319466459,0x1.e61a31658370cp-2,2,5,12,16,19,20
4397,222,-0.33932143239846135,-0x1.5b7713dbeedd6p-2,6,8,22,23,24,27
4398,222,0.15932926271838155,0x1.464e6ba55eb38p-3,4,5,15,17,24,27
4399,222,0.084421139416707591,0x1.59c9fb0e2c4d0p-4,9,11,12,16,19,23
4400,222,0.19687159084509398,0x1.933169a187850p-3,7,10,18,20,27,29
4401,222,0.47530590262274564,0x1.e6b6972d711aap-2,1,4,14,16,18,19
4402,222,-0.23488268352346575,-0x1.e10a2c210a3f4p-3,13,15,18,20,25,27
4403,222,0.42494973084693666,0x1.b32605b1b9f42p-2,7,9,19,23,24,28
4404,222,-0.21140950853531471,-0x1.b0f777e9c7e78p-3,6,7,14,15,24,28
4405,222,-0.13070473377213776,-0x1.0baeec67dea7cp-3,1,4,12,15,19,23
4406,222,0.10058081794726337,0x1.9bfaa1bb03cb0p-4,0,5,9,10,27,28
4407,222,0.31257406661906073,0x1.40136a86d38cap-2,1,3,13,14,24,26
4408,222,0.067000282345874296,0x1.126ee357f9058p-4,2,4,7,11,24,25
4409,222,0.17281606338490796,0x1.61ed6363b171cp-3,4,5,14,15,19,23
4410,222,-0.27608517124522125,-0x1.1ab61235a2988p-2,9,10,12,13,20,21
4411,222,0.28336217700169208,0x1.2229b1cc95204p-2,0,1,13,15,20,22
4412,222,-0.1944928733282999,-0x1.8e524792003e4p-3,9,10,18,22,25,29
4413,222,0.36658753656807763,0x1.7762b922b971ap-2,1,5,15,16,18,20
4414,222,0.055770105306933049,0x1.c8de634c687a0p-5,8,11,20,23,25,28
4415,222,-0.19882450358324744,-0x1.97314d2444928p-3,7,11,19,20,24,28
4416,222,0.10762849874045155,0x1.b8d8a92353378p-4,2,5,9,10,12,14
4417,222,-0.23012635806441395,-0x1.d74c7ceeac880p-3,1,2,13,16,24,29
4418,222,0.016666637768428139,0x1.1110f20994500p-6,2,3,7,11,20,23
4419,222,0.3219031567420424,0x1.49a0fb2abeb42p-2,10,11,19,21,24,29
4420,222,0.20461217410706323,0x1.a30bb52139f28p-3,7,11,12,14,25,29
4421,222,-0.42292764559328166,-0x1.b113f1d996f62p-2,4,5,6,8,20,21
4422,222,-0.21219759034934682,-0x1.b294a676b93dcp-3,0,4,7,11,14,15
4423,222,-0.0021815166470825487,-0x1.1def8d4f4ef00p-9,2,3,12,17,21,22
4424,222,-0.070715052435068371,-0x1.21a61b58b25b0p-4,1,2,14,16,21,23
4425,222,-0.40079197994318982,-0x1.9a6936796b9c4p-2,0,5,12,15,26,27
4426,222,-0.43411515376607057,-0x1.bc88aed07e3e4p-2,2,4,15,16,19,23
4427,222,-0.48882613247036721,-0x1.f48ed6718fc2ap-2,10,11,14,15,24,27
4428,222,-0.16126120267800559,-0x1.4a43503cece00p-3,2,3,6,10,14,15
4429,222,-0.23724614859465643,-0x1.e5e14f0a872e0p-3,4,5,12,16,19,23
4430,222,0.1021550003899554,0x1.a26d481cc37c0p-4,7,10,14,17,25,26
4431,222,-0.17085252492350367,-0x1.5de7edb7e23fcp-3,6,8,13,15,27,29
4432,222,0.15250051768202288,0x1.3852310089f30p-3,2,5,9,10,20,21
4433,222,-0.23682552228180909,-0x1.e504c78877c94p-3,8,11,13,15,20,22
4434,222,0.49099914185622684,0x1.f6c87aa28bd62p-2,9,10,13,14,18,22
4435,222,-0.23072107818336962,-0x1.d8844aea5d0b4p-3,0,4,8,11,19,20
4436,222,0.11341159937983047,0x1.d088ae652cc08p-4,0,1,15,16,26,27
4437,222,-0.47125861714432926,-0x1.e2919e725f502p-2,12,15,19,22,26,29
4438,222,-0.15242264068816158,-0x1.38295c8767a7cp-3,7,10,20,21,25,29
4439,222,0.46369399707749537,0x1.dad29963328c0p-2,2,5,6,7,19,20
4440,222,-0.25524938810696307,-0x1.05601878f9428p-2,0,1,9,10,13,14
4441,222,-0.45408905276291645,-0x1.d0fcb87c5a770p-2,6,11,19,23,27,28
4442,222,0.18011481760599346,0x1.70e0099924588p-3,1,5,6,8,24,26
4443,222,0.30797273112034396,0x1.3b5d3420e2ffcp-2,2,4,7,11,22,23
4444,222,-0.14803106870377924,-0x1.2f2ae9b6ff4e4p-3,2,5,16,17,18,19
4445,222,-0.35521126146751869,-0x1.6bbc803cb2124p-2,1,5,8,10,27,28
4446,222,0.37354044468060188,0x1.7e8162e68bc20p-2,2,3,7,10,24,28
4447,222,0.10106379677755872,0x1.9df5125f81dd0p-4,6,7,19,20,24,27
4448,222,-0.36036814399093897,-0x1.710458c3d85f8p-2,6,7,18,22,26,27
4449,222,-0.26621260200958197,-0x1.109a094da828ep-2,7,9,14,17,27,29
4450,222,0.27408849760757859,0x1.18aaa7b5bcbf8p-2,7,9,12,16,24,28
4451,222,-0.424993035035657,-0x1.b3315fca06124p-2,2,4,14,16,19,23
4452,222,-0.44610757700164749,-0x1.c8d06cb6e127ap-2,0,4,22,23,26,27
4453,222,0.3585866938119906,0x1.6f3159aad024cp-2,2,3,6,10,19,20
4454,222,-0.25197689706820836,-0x1.02063b5105a54p-2,0,4,7,11,18,22
4455,222,0.38250276807646977,0x1.87aece3e12572p-2,1,3,14,16,24,28
4456,222,-0.20214235704587946,-0x1.9dfccfe52ff04p-3,9,10,12,17,25,27
4457,222,0.4918929011792682,0x1.f7b2c5cecc4e2p-2,1,5,18,19,26,28
4458,222,0.22791476493855545,0x1.d2c4f9ed7e344p-3,7,11,12,14,26,28
4459,222,0.30253837372804671,0x1.35cc9e93c9b6cp-2,2,4,22,23,24,27
4460,222,0.0046262041755325001,0x1.2f2ed3a376c00p-8,0,2,9,11,25,29
4461,222,-0.35161270493956454,-0x1.680d29324b4acp-2,9,11,19,20,24,28
4462,222,0.0088663255450774914,0x1.228821203ae40p-7,12,16,20,21,24,29
4463,222,0.21593241310123068,0x1.ba3ac5e354454p-3,2,4,9,11,20,22
4464,222,-0.28437102207048626,-0x1.2332283ee42e4p-2,9,10,13,14,25,26
4465,222,-0.25944610914865474,-0x1.09ac3da778bfap-2,0,5,13,17,18,21
4466,222,0.49728159654357074,0x1.fd3763083aadap-2,3,4,6,7,25,26
4467,222,-0.06766099479899701,-0x1.1523b1fe06380p-4,0,1,9,10,12,13
4468,222,0.45203970352870992,0x1.cee37efc98edep-2,3,5,14,17,18,19
4469,222,-0.056270279777482557,-0x1.ccf7546c31a00p-5,7,10,18,22,27,29
4470,222,0.25508364248208681,0x1.0534a578d20acp-2,1,2,14,16,19,23
4471,222,0.42211039881868684,0x1.b03db558e93e6p-2,2,4,15,17,25,27
4472,222,-0.41301529913949797,-0x1.a6ed7b8a350b4p-2,3,4,16,17,19,20
4473,222,0.18488394238053996,0x1.7aa46eb0a3c60p-3,0,1,12,17,20,22
4474,222,0.13339134370723804,0x1.112f7b16562f8p-3,15,16,18,19,26,28
4475,222,0.089538179619562897,0x1.6ebf961359b00p-4,2,3,12,13,25,29
4476,222,-0.085253430406396102,-0x1.5d32b37779fe0p-4,8,9,12,13,22,23
4477,222,0.35312225936878028,0x1.6998e1adea06ap-2,16,17,20,21,24,29
4478,222,0.32446004347198321,0x1.4c3f40ee489bap-2,12,15,20,22,24,27
4479,222,-0.41000942530782725,-0x1.a3d982c2fed88p-2,3,4,7,11,22,23
4480,222,-0.1630238543778344,-0x1.4ddf73582a528p-3,9,10,19,20,28,29
4481,222,0.29063007099797111,0x1.299aede8ae88ep-2,1,3,10,11,18,21
4482,222,-0.39642863573761733,-0x1.95f16366c38bep-2,6,8,18,21,25,26
4483,222,-0.0093415666042020451,-0x1.321abd877b680p-7,0,3,8,10,18,19
4484,222,0.49749701846652572,0x1.fd6fdbc0af588p-2,9,11,13,14,21,22
4485,222,0.2942564642448634,0x1.2d51910a45ebap-2,6,11,13,16,26,27
4486,222,-0.20208612316070595,-0x1.9ddf544f9af3cp-3,1,4,13,17,20,22
4487,222,0.32157962527226247,0x1.494c2b566ace4p-2,7,9,12,16,19,21
4488,222,-0.083717734316528181,-0x1.56e8682fc15a8p-4,2,5,15,16,25,27
4489,222,0.064527745480559839,0x1.084e3ec860bb8p-4,6,7,16,17,26,28
4490,222,0.20938848443360225,0x1.acd3dea6691e0p-3,15,16,19,20,24,29
4491,222,0.20600700022065455,0x1.a5e6ff858ee6cp-3,6,8,20,23,24,25
4492,222,-0.3408061719484865,-0x1.5cfc4b0b2cc04p-2,1,4,13,16,18,21
4493,222,-0.13062879402038863,-0x1.0b871bf1de2fcp-3,8,9,19,21,26,29
4494,222,-0.27663500572700916,-0x1.1b4634fa1ae86p-2,1,5,12,16,19,21
4495,222,0.12833859160343208,0x1.06d6622e02f38p-3,4,5,12,13,25,27
4496,222,-0.13924868213002495,-0x1.1d2e69be13928p-3,3,4,8,11,13,16
4497,222,0.24101529771443098,0x1.ed996dac274a4p-3,12,13,20,23,25,27
4498,222,0.24659630682028988,0x1.f9077c08dc370p-3,3,4,7,11,19,23
4499,222,0.49257380014838825,0x1.f865442a03dbap-2,6,9,19,23,26,27
4500,222,-0.47917819479070001,-0x1.eaadb04e5459ep-2,0,2,10,11,20,21
4501,222,0.30756604156253131,0x1.3af297a77c28ap-2,2,5,7,9,21,22
4502,222,-0.29614916953361936,-0x1.2f41ba5789ae8p-2,1,2,16,17,24,27
4503,222,0.33444092392261326,0x1.5677ae7ac43f6p-2,1,4,15,17,26,29
4504,222,0.24552887146428004,0x1.f6d7d7494d8f0p-3,0,4,12,15,19,22
4505,222,-0.36306558604383654,-0x1.73c7770972064p-2,1,2,13,14,21,23
4506,222,0.090140219083968076,0x1.7136ded051958p-4,6,10,21,22,25,26
4507,222,0.12080708942947227,0x1.eed36a2397ad8p-4,8,9,22,23,24,27
4508,222,0.24025314245782203,0x1.ec09d6ecf0cb0p-3,6,10,13,15,25,28
4509,222,0.35315167793876345,0x1.69a097ed191a2p-2,4,5,22,23,24,26
4510,222,-0.30127373310735739,-0x1.348119fb5c174p-2,1,5,8,9,22,23
4511,222,0.26872213562674707,0x1.132be540e9a18p-2,0,1,14,17,18,22
4512,222,-0.21313771617556776,-0x1.b4818c042542cp-3,0,3,7,10,18,21
4513,222,0.10768790569065312,0x1.b916f411db7e8p-4,2,3,12,15,24,25
4514,222,0.22039022644811002,0x1.c35bf3779f0fcp-3,2,3,7,11,24,29
4515,222,-0.0057562488561229141,-0x1.793dd495adf00p-8,8,10,21,22,25,26
4516,222,-0.23606069583084777,-0x1.e373ca43b7490p-3,3,5,7,10,21,22
4517,222,0.24032496579924834,0x1.ec2f7ee429250p-3,0,4,7,9,18,20
4518,222,0.0082558570553912247,0x1.0e872606d4600p-7,7,10,20,23,25,28
4519,222,0.063325312019450797,0x1.036167021edf0p-4,1,3,6,11,19,20
4520,222,0.42366082963403995,0x1.b1d424ff7f6a6p-2,10,11,19,21,24,28
4521,222,-0.0048066784866913626,-0x1.3b02aee719100p-8,7,8,16,17,27,29
4522,222,-0.26217319183070797,-0x1.0c772113340b8p-2,0,4,8,9,22,23
4523,222,0.22214734878938891,0x1.c6f5306f8c59cp-3,0,3,10,11,19,22
4524,222,0.32111346841913213,0x1.48d1f814a944cp-2,0,1,15,17,26,29
4525,222,-0.1517277123619839,-0x1.36bd04d3eed44p-3,7,10,12,17,26,29
4526,222,0.11882003202254132,0x1.e6afd57a58038p-4,0,3,15,16,18,20
4527,222,-0.012844769087188568,-0x1.a4e5bb93bb140p-7,9,10,12,14,26,28
4528,222,0.36617453262169164,0x1.76f674e8f3f80p-2,6,10,13,14,25,26
4529,222,0.34546822549891498,0x1.61c26c294ccb0p-2,10,11,13,15,24,25
4530,222,0.39490188002275517,0x1.9461288f4e7d2p-2,1,2,14,17,19,22
4531,222,0.33422510401432826,0x1.563f1b0cf9968p-2,9,10,18,20,25,28
4532,222,0.058734258713894705,0x1.e126ab0a97650p-5,1,5,15,16,19,20
4533,222,0.34988949298020877,0x1.66496e66418e0p-2,6,11,21,22,25,26
4534,222,-0.31170413788620033,-0x1.3f2f5e98ff156p-2,12,16,20,21,24,25
4535,222,-0.191988902508616,-0x1.89317a4bc168cp-3,0,5,14,16,25,28
4536,222,0.27866594822706336,0x1.1d5a9b3893862p-2,0,5,7,8,12,16
4537,222,-0.18692759245056423,-0x1.7ed3e4c25c8c8p-3,1,4,8,9,18,19
4538,222,-0.10824444217484763,-0x1.bb5e8631d5f30p-4,6,11,18,21,26,28
4539,222,0.47350887288334631,0x1.e4df828d99638p-2,2,5,7,9,20,23
4540,222,0.16640622246735615,0x1.54ccc91ac91a8p-3,0,1,8,10,13,17
4541,222,-0.31530737139541121,-0x1.42dfef8152f62p-2,0,5,12,15,19,20
4542,222,0.0046817429792530563,0x1.32d29cfbf2880p-8,9,10,18,19,26,27
4543,222,-0.26635479140119622,-0x1.10bf4f78cddd6p-2,7,11,21,22,26,29
4544,222,-0.27142365520124223,-0x1.15f01529cceb2p-2,8,11,20,22,24,29
4545,222,-0.39378155997106734,-0x1.933b79275fd7ep-2,1,3,19,21,24,28
4546,222,0.13709729635062584,0x1.18c677a191528p-3,3,5,6,10,25,28
4547,222,-0.43832837230292265,-0x1.c0d9271fccc3ap-2,8,9,19,23,24,27
4548,222,-0.196520519066956,-0x1.92795993158bcp-3,6,11,15,16,24,28
4549,222,-0.46599209061964231,-0x1.dd2d07d59fc6ep-2,10,11,18,21,25,26
4550,222,0.27878268724160715,0x1.1d7935719325ep-2,3,4,12,17,21,22
4551,222,-0.42576396231778701,-0x1.b3fb77d7e18eep-2,6,7,19,21,24,26
4552,222,0.36187038901249102,0x1.728e26b8cc3bcp-2,0,4,15,17,27,29
4553,222,-0.3312743027645213,-0x1.5339922183e9cp-2,2,4,15,16,25,27
4554,222,0.30284751708258095,0x1.361da8d62d8dep-2,0,2,16,17,25,27
4555,222,-0.131570321347798,-0x1.0d74bd9a8107cp-3,8,11,20,23,24,25
4556,222,0.015965670350987393,0x1.0594e001098c0p-6,6,8,18,21,25,29
4557,222,-0.22707868570590206,-0x1.d10ea145cdd94p-3,4,5,7,9,14,16
4558,222,0.32888542274627863,0x1.50c7571b4e3c2p-2,2,5,6,7,18,20
4559,222,-0.37590441844711187,-0x1.80ed167e9be60p-2,8,9,13,17,27,28
4560,222,0.4080613539735044,0x1.a1dad5e84f8bap-2,0,1,8,9,20,22
4561,222,0.41917118170231749,0x1.ad3b35d35937ep-2,8,10,13,17,28,29
4562,222,-0.23093499203591195,-0x1.d8f471f25ebecp-3,2,4,7,11,12,14
4563,222,-0.27248487188313897,-0x1.1706463592428p-2,6,10,18,19,26,29
4564,222,0.21231488827561795,0x1.b2d225ecc808cp-3,0,1,15,16,26,28
4565,222,0.079391155149682868,0x1.452fa8ef5a510p-4,0,3,13,15,26,28
4566,222,0.42393840624195633,0x1.b21ce8d94f6d2p-2,0,4,18,19,26,29
4567,222,-0.35617299673769254,-0x1.6cb89d32d3aa4p-2,1,4,8,9,13,17
4568,222,0.40321402296591613,0x1.9ce42307b574ap-2,0,3,7,10,21,23
4569,222,-0.20677375787046204,-0x1.a778fffdcc190p-3,0,3,7,8,18,19
4570,222,-0.052825151263668157,-0x1.b0be5f22adbc0p-5,6,9,22,23,25,27
4571,222,0.083901945730487704,0x1.57a9910fbb3c0p-4,12,14,19,21,28,29
4572,222,-0.42793068128257783,-0x1.b63375e441330p-2,1,5,8,10,12,15
4573,222,-0.016432167437115175,-0x1.0d39816faae60p-6,0,4,12,15,27,29
4574,222,0.49298105136802084,0x1.f8d00654b1818p-2,14,17,21,22,26,29
4575,222,0.41507631264694123,0x1.a909c3d0a6cb0p-2,12,15,20,23,24,28
4576,222,0.29588762587056749,0x1.2efd2a719ee52p-2,4,5,13,16,18,21
4577,222,-0.22752929966731639,-0x1.d1fae1a79f8e0p-3,0,4,14,17,18,22
4578,222,0.30173849579763246,0x1.34faefad948bep-2,3,5,7,10,18,23
4579,222,-0.20735996469032125,-0x1.a8ac5756c1d50p-3,0,2,16,17,27,28
4580,222,-0.47941092631870641,-0x1.eaeab2a7891fap-2,9,11,13,16,24,29
4581,222,0.43629836769405683,0x1.bec4ffd22d378p-2,0,2,13,15,20,23
4582,222,-0.21551545451239595,-0x1.b9602aa74e78cp-3,1,2,13,16,24,28
4583,222,0.33695655511477729,0x1.590b23a1902b4p-2,0,2,12,13,25,29
4584,222,0.43698665591402119,0x1.bf796e0fc1aa4p-2,2,4,9,11,19,20
4585,222,0.40394895541462117,0x1.9da4cb8309614p-2,0,4,22,23,25,27
4586,222,0.36085632808318413,0x1.7184523eb00c6p-2,0,1,14,17,27,28
4587,222,-0.20822559748197622,-0x1.aa722e9b004d8p-3,2,5,13,17,18,21
4588,222,-0.30270866656320694,-0x1.35f942bc6b41ap-2,9,10,12,14,19,23
4589,222,-0.41019068092560151,-0x1.a409069ecc374p-2,0,1,9,10,22,23
4590,222,-0.0018390097788408832,-0x1.e215db6db7a00p-10,2,3,14,15,18,19
4591,222,-0.20798621520295513,-0x1.a9f4ad42862a4p-3,1,3,12,17,24,26
4592,222,0.20409340915061236,0x1.a1fbb9ad0c580p-3,1,3,14,15,24,28
4593,222,-0.27206021373261613,-0x1.1696f3e218f0ep-2,0,4,7,9,19,23
4594,222,-0.057392854751022959,-0x1.d6298a45c0480p-5,1,3,13,14,18,22
4595,222,0.21017151286976277,0x1.ae6e66f29c9e8p-3,1,5,8,9,19,22
4596,222,-0.37658189893514382,-0x1.819eaf70c4a0ep-2,0,5,18,20,25,27
4597,222,0.40924310493640881,0x1.a3109fdf42f0ep-2,6,8,16,17,18,21
4598,222,0.14299090232291756,0x1.24d86a08d1d74p-3,0,5,20,23,25,27
4599,222,-0.036004789578147678,-0x1.26f3843799a60p-5,3,5,13,14,21,23
4600,222,-0.45885583719144662,-0x1.d5de4df9438c0p-2,13,16,20,23,24,25
4601,222,-0.28983749186163799,-0x1.28cb28d2cd360p-2,2,5,6,9,13,17
4602,222,0.47125883840626681,0x1.e291ad4b9f9b0p-2,3,5,18,19,26,28
4603,222,-0.31048513663438426,-0x1.3defd0cef480ap-2,8,10,13,17,24,27
4604,222,-0.25460105747594608,-0x1.04b623bd8b794p-2,6,9,14,17,26,28
4605,222,-0.047019292512680444,-0x1.812e9a73efc80p-5,8,10,18,22,26,27
4606,222,-0.37731180270630282,-0x1.825e067412d0ep-2,13,15,20,22,25,29
4607,222,0.39221827823586242,0x1.91a1ab17aa73ep-2,8,9,13,16,28,29
4608,222,-0.23282245679034907,-0x1.dcd2052d82e9cp-3,14,15,18,22,26,27
4609,222,-0.22675613025232944,-0x1.d065849ccf674p-3,6,7,14,15,18,22
4610,222,0.37958713413260092,0x1.84b27d5c53da0p-2,12,15,20,22,24,29
4611,222,-0.3005300292512556,-0x1.33be24dc6677cp-2,0,3,14,17,25,28
4612,222,0.054202233729427896,0x1.bc0652a79e080p-5,1,3,6,10,18,19
4613,222,-0.081219713199387589,-0x1.4cad0abfb5bc8p-4,0,1,9,11,12,16
4614,222,-0.34026659493424316,-0x1.5c6ed8a4a7c94p-2,2,3,12,17,20,21
4615,222,-0.34788570386377438,-0x1.643c26635d084p-2,3,4,15,16,24,25
4616,222,0.11169545431658512,0x1.c9812c366cef0p-4,0,1,9,11,19,23
4617,222,-0.16590770133332999,-0x1.53c76abb0cac4p-3,0,4,7,8,18,21
4618,222,-0.34443705655259771,-0x1.60b41b95b2156p-2,1,3,13,17,28,29
4619,222,0.12812674850668704,0x1.06675114a1de8p-3,6,7,16,17,24,26
4620,222,-0.11187410893122285,-0x1.ca3c81720f558p-4,1,5,12,14,21,22
4621,222,0.36125882818777399,0x1.71edd591d4c24p-2,6,11,14,15,19,22
4622,222,-0.28010879918067177,-0x1.1ed4d74f3615ap-2,2,3,10,11,18,22
4623,222,0.27069806415989495,0x1.1531df92a1086p-2,7,11,19,21,24,26
4624,222,0.36598359160869476,0x1.76c4671353ee6p-2,0,2,14,16,27,29
4625,222,0.11023731712849139,0x1.c388347dd9b50p-4,15,17,19,20,24,28
4626,222,-0.23058685725811867,-0x1.d83dec167d028p-3,1,3,10,11,18,23
4627,222,0.36601531246570385,0x1.76ccb7d3806dep-2,2,5,14,17,18,22
4628,222,0.28047173917152346,0x1.1f33fbccc6970p-2,9,11,13,14,21,23
4629,222,0.42935789364970733,0x1.b7a9987e050ecp-2,0,5,9,10,13,17
4630,222,0.49252312208709148,0x1.f857fb378d2eap-2,7,9,16,17,25,29
4631,222,0.33802976694432996,0x1.5a2479a866cf0p-2,0,4,18,22,27,29
4632,222,-0.46784041567120227,-0x1.df118ed4382d2p-2,7,10,14,17,24,26
4633,222,-0.11794863949974099,-0x1.e31e1cd425328p-4,1,5,8,10,24,28
4634,222,0.45845643929603186,0x1.d5759ad5ab136p-2,4,5,8,9,13,17
4635,222,-0.43836302693574503,-0x1.c0e23cc1dbbe0p-2,0,2,10,11,20,23
4636,222,0.0098565811227356859,0x1.42fafec9485c0p-7,2,5,7,9,22,23
4637,222,0.086995579968216274,0x1.64557a2dc2bb0p-4,0,3,8,11,18,22
4638,222,-0.49684272528074525,-0x1.fcc456e158628p-2,1,5,12,16,26,27
4639,222,-0.012933995529694875,-0x1.a7d237e7404c0p-7,6,11,13,14,28,29
4640,222,0.46325409583334054,0x1.da5f481d5e762p-2,13,15,20,22,24,25
4641,222,-0.1060504694498613,-0x1.b261fa20339d8p-4,2,3,13,15,18,20
4642,222,0.23005760176295498,0x1.d728709e25090p-3,0,3,14,15,28,29
4643,222,0.18096512957638911,0x1.729dd889f9d7cp-3,7,11,12,15,27,28
4644,222,-0.061691992854232436,-0x1.f9617c777ce10p-5,4,5,15,16,18,23
4645,222,-0.031884373965921475,-0x1.053260edfc730p-5,2,4,7,9,21,23
4646,222,0.027212886326319352,0x1.bddb1e33489e0p-6,0,4,13,17,25,27
4647,222,-0.39685209220311424,-0x1.96606515723acp-2,4,5,13,15,25,27
4648,222,0.3853533387007817,0x1.8a9a10cc7f404p-2,1,2,6,11,18,22
4649,222,-0.10598958900771283,-0x1.b22223a812df8p-4,10,11,13,15,24,29
4650,222,-0.23039278428361265,-0x1.d7d82c0ddc288p-3,6,7,14,15,28,29
4651,222,-0.28879741671534476,-0x1.27ba828fd8c52p-2,0,3,14,17,26,29
4652,222,0.14409419433727155,0x1.271adb61c6c20p-3,0,4,16,17,26,27
4653,222,0.046753318542733346,0x1.7f00d0c3db380p-5,0,5,13,15,25,26
4654,222,0.41494350551433612,0x1.a8e6f3477c96ep-2,0,5,12,13,20,22
4655,222,-0.23659749096040816,-0x1.e48d39afecc44p-3,1,5,19,22,24,27
4656,222,0.31550849948811388,0x1.4314a8fba55b8p-2,2,4,6,9,16,17
4657,222,-0.20866136451816708,-0x1.ab56a6445aa64p-3,0,1,8,9,18,23
4658,222,-0.43356747212353397,-0x1.bbf91c858516ep-2,7,8,15,16,27,28
4659,222,-0.2435775169534834,-0x1.f2d8c4ead9494p-3,9,11,13,16,18,20
4660,222,-0.20931231788127247,-0x1.acabefbf99a4cp-3,1,2,6,9,18,20
4661,222,0.2860997870079719,0x1.24f757b25e022p-2,2,4,6,9,14,17
4662,222,0.1457156814508227,0x1.2a6cfbb2c3dd8p-3,3,4,6,11,18,21
4663,222,0.35592625605432582,0x1.6c77eeb62a096p-2,4,5,6,9,18,20
4664,222,-0.39024158076284809,-0x1.8f9b7d2ba9c10p-2,0,1,8,10,21,23
4665,222,0.071524737487307699,0x1.24f71f85cebb8p-4,6,10,19,22,27,29
4666,222,-0.48877022731124908,-0x1.f4802eb63dbf8p-2,6,10,18,20,25,29
4667,222,0.41206286472218767,0x1.a5f3cebf82efep-2,7,10,19,21,24,28
4668,222,-0.10804937331649744,-0x1.ba91facbf6618p-4,1,4,20,22,27,29
4669,222,0.19603822145816086,0x1.917c7caf6e320p-3,9,11,12,14,19,21
4670,222,-0.071070400842173309,-0x1.231ab7754abb8p-4,7,10,19,20,27,28
4671,222,-0.13384510296776031,-0x1.121d619fcf6d8p-3,1,2,6,9,13,16
4672,222,-0.13024325120508473,-0x1.0abcf9439abacp-3,2,5,13,16,24,25
4673,222,0.25514448790896682,0x1.054498bd4b72cp-2,7,8,22,23,25,26
4674,222,0.48381894708847983,0x1.ef6e3bebb87fep-2,7,9,12,14,21,22
4675,222,-0.083627360419581631,-0x1.5689a4a0d8b60p-4,2,5,18,20,25,27
4676,222,0.3615967124643038,0x1.72466899804ecp-2,8,9,18,19,26,29
4677,222,0.21898669502107582,0x1.c07c18aaff46cp-3,3,4,12,16,19,23
4678,222,-0.46666150175280774,-0x1.dddc8341527d4p-2,8,10,18,19,28,29
4679,222,-0.48518428843064021,-0x1.f0d4266d5edaap-2,1,2,20,23,24,28
4680,222,0.24690829914845458,0x1.f9ab0eefa0f78p-3,2,4,13,15,24,27
4681,222,0.23957160816373857,0x1.eaa484f0e835cp-3,6,8,15,17,26,29
4682,222,-0.0031673581812626805,-0x1.9f26e79b42700p-9,1,3,6,8,19,21
4683,222,-0.21155155928112623,-0x1.b141f1a43defcp-3,7,10,15,17,18,22
4684,222,-0.41196163786477891,-0x1.a5d9458757e16p-2,9,11,18,21,25,28
4685,222,-0.11565998250805709,-0x1.d9be48253fa40p-4,2,4,7,9,19,23
4686,222,-0.2652679963168959,-0x1.0fa269e36d12ap-2,1,4,16,17,24,26
4687,222,0.38704508932114634,0x1.8c558c42d8cdcp-2,1,4,8,9,21,23
4688,222,0.27621405681245048,0x1.1ad7db92d1e14p-2,15,17,18,20,28,29
4689,222,-0.29116611045206509,-0x1.2a2772e8616d4p-2,6,8,13,16,27,28
4690,222,0.43501847154675932,0x1.bd757b71cc050p-2,0,5,15,17,18,22
4691,222,0.45750276564664205,0x1.d47b9ae120a52p-2,1,2,9,11,20,22
4692,222,-0.47910802673456165,-0x1.ea9b4b684ddc6p-2,8,11,18,23,25,27
4693,222,-0.32956776379937425,-0x1.517a363d562f6p-2,6,8,15,16,25,28
4694,222,0.28204361040605308,0x1.20d00a4af5848p-2,0,2,13,14,18,21
4695,222,0.48459208914171681,0x1.f038e89b0e538p-2,6,11,19,23,24,28
4696,222,0.29523246805120251,0x1.2e516b8bfd36ep-2,3,4,6,8,25,29
4697,222,0.34878025967738113,0x1.6526a703380dap-2,2,5,13,14,24,28
4698,222,-0.42397467679761247,-0x1.b2266aecb62f8p-2,0,3,20,22,25,29
4699,222,0.077549942144335415,0x1.3da5021510d88p-4,1,3,10,11,18,20
4700,222,0.038400230884054865,0x1.3a931ef9c9a50p-5,1,3,8,10,12,13
4701,222,0.26347156483855183,0x1.0dcb7d69a14dep-2,3,5,14,15,18,22
4702,222,0.4065694684294392,0x1.a053bf29d380cp-2,1,5,13,14,24,28
4703,222,0.10932907517650681,0x1.bfcfd826290d0p-4,2,4,6,7,18,21
4704,222,0.35668661657306122,0x1.6d3f41a468a46p-2,9,11,18,21,25,29
4705,222,-0.041397571151678636,-0x1.5320ffc75e8f0p-5,1,5,20,23,27,28
4706,222,0.082537720241743329,0x1.52131291feb58p-4,3,4,12,14,21,22
4707,222,0.0905813452405968,0x1.73056cb6fa0e0p-4,7,11,14,16,19,21
4708,222,0.032440971507137095,0x1.09c1a5f58e4f0p-5,0,1,12,14,28,29
4709,222,-0.26082800442405951,-0x1.0b167f1387742p-2,16,17,18,20,25,27
4710,222,0.24393185694660346,0x1.f3928ba04e424p-3,16,17,18,19,26,28
4711,222,-0.13519266254721163,-0x1.14dfe402653fcp-3,2,3,13,14,24,25
4712,222,-0.090375725234841497,-0x1.722dd103c65a8p-4,0,3,13,14,21,23
4713,222,-0.068556192113981673,-0x1.18ce60b115e40p-4,9,11,13,16,26,28
4714,222,-0.25573675160846787,-0x1.05dfdae22cb14p-2,7,10,18,21,25,29
4715,222,-0.082514757081129431,-0x1.51fafe719d058p-4,7,8,15,16,19,20
4716,222,-0.29212070169812132,-0x1.2b21b0711caccp-2,2,5,12,14,19,21
4717,222,0.081829946414551102,0x1.4f2ceafaf1600p-4,0,4,7,8,26,29
4718,222,0.33783315516906109,0x1.59f0ef43d28bap-2,0,4,7,8,18,20
4719,222,-0.027934465736297431,-0x1.c9ada431313c0p-6,2,5,18,19,27,28
4720,222,0.4702936184568367,0x1.e194a67b28910p-2,0,2,18,22,25,29
4721,222,0.37507337968721188,0x1.80133c6d6d540p-2,6,11,13,16,27,28
4722,222,0.46191935852477428,0x1.d901636903480p-2,6,11,14,16,25,28
4723,222,-0.19772404690768886,-0x1.94f05858cf730p-3,1,2,12,13,22,23
4724,222,0.035498559891523285,0x1.22cde039410b0p-5,0,2,18,20,25,29
4725,222,0.48577244701000377,0x1.f16e5514d2cccp-2,13,14,18,22,25,27
4726,222,-0.036676250240523789,-0x1.2c73abea55b40p-5,2,5,6,10,24,27
4727,222,0.053471347673255232,0x1.b6098b30f31d0p-5,6,10,13,15,24,26
4728,222,-0.37392165118995058,-0x1.7ee5513c82358p-2,0,4,8,11,27,29
4729,222,0.02128231195197916,0x1.5cb07c744a100p-6,0,1,12,15,27,28
4730,222,0.34139919467656943,0x1.5d97c02011006p-2,8,9,19,20,24,27
4731,222,0.091687168069461089,0x1.778cf6c523990p-4,0,4,14,15,19,22
4732,222,0.18274700825638501,0x1.7644103f39604p-3,9,11,19,22,26,27
4733,222,0.012161603051565772,0x1.8e82ebafcbdc0p-7,13,15,20,23,25,28
4734,222,0.31339645921729298,0x1.40eb005c14f66p-2,1,4,8,9,24,29
4735,222,-0.3837539273229712,-0x1.88f6ca1e41406p-2,2,4,22,23,24,25
4736,222,0.22910404423230946,0x1.d534804adf734p-3,3,4,8,11,20,21
4737,222,0.094956446052861576,0x1.84f10ce5767e0p-4,9,10,18,20,28,29
4738,222,0.099386465464938345,0x1.9716432d641f0p-4,10,11,12,15,26,27
4739,222,-0.47150656658249346,-0x1.e2d29e0d48c2ep-2,2,4,13,16,21,23
4740,222,-0.077283945817748667,-0x1.3c8e173cb0668p-4,0,3,10,11,25,26
4741,222,-0.49311358614981893,-0x1.f8f2c496e8316p-2,1,4,19,21,24,29
4742,222,-0.48314896149514197,-0x1.eebe99f2df3aep-2,1,5,15,16,20,23
4743,222,0.41447376228152988,0x1.a86bcf58326e6p-2,7,10,12,15,24,26
4744,222,-0.3588773066412827,-0x1.6f7d885d34180p-2,6,9,14,16,24,26
4745,222,0.20873506986663837,0x1.ab7d4ad4d8098p-3,8,10,12,17,19,22
4746,222,-0.045375854031820539,-0x1.73b81023081a0p-5,4,5,7,9,25,27
4747,222,0.47841107111575032,0x1.e9e49781f2274p-2,0,1,16,17,19,20
4748,222,0.058236176614999247,0x1.dd121d402d120p-5,7,11,18,23,25,27
4749,222,-0.17706791854530268,-0x1.6aa295ba953b4p-3,10,11,20,22,24,27
4750,222,0.43398342332517059,0x1.bc662688c03cap-2,6,8,18,20,25,29
4751,222,0.13700442538947522,0x1.1895c6b3a3facp-3,2,5,6,9,24,27
4752,222,0.48834901412501663,0x1.f411c392cd9b8p-2,6,10,13,15,27,28
4753,222,-0.12225951528949019,-0x1.f4c664bcb0d58p-4,0,1,14,17,27,29
4754,222,0.2786363071754463,0x1.1d52d60b2fdfcp-2,10,11,20,22,24,29
4755,222,0.14420173366344535,0x1.27533d10e3540p-3,6,10,13,14,26,29
4756,222,0.10210605331400957,0x1.a239f4fb511d8p-4,10,11,12,15,27,29
4757,222,-0.35597482384680645,-0x1.6c84aa0a7c4eep-2,0,3,13,14,25,29
4758,222,0.0715412576485428,0x1.2508721ea4aa0p-4,13,15,20,22,24,29
4759,222,-0.36009472188679348,-0x1.70bcabb7dd2d6p-2,3,5,6,10,22,23
4760,222,0.12540914267134107,0x1.00d6823324788p-3,2,5,16,17,18,20
4761,222,0.29142087203768907,0x1.2a6a3bab183e6p-2,8,11,15,16,25,27
4762,222,0.32715201650980674,0x1.4f00f02eeb980p-2,0,2,13,17,18,20
4763,222,0.25787825725740798,0x1.08113ce51485ep-2,1,5,6,9,13,14
4764,222,-0.098776806298886966,-0x1.9496fd0a83430p-4,0,1,9,10,12,17
4765,222,-0.493735603989372,-0x1.f995d3800548ap-2,0,3,14,17,18,21
4766,222,0.15408561402885357,0x1.3b913d084dd58p-3,0,2,14,16,27,28
4767,222,-0.37990327555075176,-0x1.85055d4088f72p-2,1,2,6,11,21,22
4768,222,-0.078490359295768641,-0x1.417f1b63a0380p-4,3,5,12,13,24,26
4769,222,0.22862752707302836,0x1.d43aab3df3bc4p-3,0,1,12,13,21,22
4770,222,-0.31924003146121904,-0x1.46e6dbdaccbeep-2,2,5,9,10,24,28
4771,222,0.48975649924548881,0x1.f582ba4d0d218p-2,6,7,15,17,24,29
4772,222,0.49711524013892572,0x1.fd0bc70af5a12p-2,1,5,20,23,24,27
4773,222,0.49828558688946012,0x1.fe3e93af08996p-2,8,10,19,21,24,29
4774,222,0.34907888425449052,0x1.6574ef5e638a0p-2,3,5,6,8,16,17
4775,222,0.069045664399063345,0x1.1acfa06864a20p-4,6,11,13,14,24,29
4776,222,-0.46857442100155622,-0x1.dfd1f917c678ap-2,6,8,22,23,24,25
4777,222,-0.032494952274018107,-0x1.0a32daa9a9e40p-5,8,9,12,13,28,29
4778,222,0.34733912455204619,0x1.63acde124a0b6p-2,1,2,9,10,18,22
4779,222,-0.44806088536147592,-0x1.cad07904fa356p-2,2,5,12,16,24,27
4780,222,0.31421057035464994,0x1.41c06a6eec442p-2,6,8,13,16,24,26
4781,222,0.36819454280349206,0x1.7907fd7fa06e4p-2,0,1,9,11,13,14
4782,222,0.47468567056032052,0x1.e614001bbee16p-2,9,11,14,16,28,29
4783,222,0.064749111842008267,0x1.09365d5ce74f0p-4,2,4,12,13,20,22
4784,222,0.068395827509630913,0x1.1826392563368p-4,2,5,16,17,18,21
4785,222,0.27095998720820258,0x1.157688ee55d1ep-2,4,5,14,17,24,25
4786,222,0.15169392792173697,0x1.36ab4e5b67b6cp-3,2,4,20,21,24,29
4787,222,0.42361987630447584,0x1.b1c968aaa7354p-2,3,4,12,14,19,23
4788,222,-0.038470525328684113,-0x1.3b268a04b1420p-5,3,4,14,15,18,19
4789,222,-0.39370969937533196,-0x1.9328a2abbd7bcp-2,0,3,7,11,26,28
4790,222,-0.032299635087914336,-0x1.08993e8c02ac0p-5,1,3,13,15,18,23
4791,222,-0.26340873802749842,-0x1.0dbb052d3c25ap-2,8,11,18,22,25,27
4792,222,0.18451422516781613,0x1.79e29815f0be4p-3,3,5,12,17,24,26
4793,222,-0.15420561650114861,-0x1.3bd0277ddb094p-3,1,5,14,16,26,28
4794,222,0.25589510413851813,0x1.06095dbded012p-2,2,4,7,11,24,27
4795,222,-0.079945055241567031,-0x1.4774775bd4c30p-4,6,10,13,15,24,29
4796,222,-0.044779413958876524,-0x1.6ed53ccf98f30p-5,1,4,14,17,24,29
4797,222,0.3226893299777176,0x1.4a6f125c16fd0p-2,2,5,6,7,15,17
4798,222,0.071882719100165193,0x1.266e7e7aec9a0p-4,1,5,9,10,13,14
4799,222,-0.37563559401859203,-0x1.80a69dfe17f28p-2,3,5,7,10,18,19
4800,222,0.26148041036627745,0x1.0bc1854c4572ep-2,0,4,7,8,20,22
4801,222,-0.058979363134060159,-0x1.e328b079971d0p-5,1,4,8,11,19,21
4802,222,0.027314833012411111,0x1.bf86b69ef9f80p-6,2,4,12,15,24,29
4803,222,0.2186358547188344,0x1.bfc427ae00d24p-3,1,3,6,11,20,22
4804,222,-0.17539739189794823,-0x1.6736bf700b064p-3,0,5,13,14,21,22
4805,222,-0.3492203738240014,-0x1.659a0692af158p-2,3,5,7,8,20,21
4806,222,-0.15809524454329926,-0x1.43c77087bb950p-3,2,5,13,16,20,23
4807,222,-0.0015706332520742938,-0x1.9bbb69ce82600p-10,6,7,14,17,18,22
4808,222,-0.30868138396541245,-0x1.3c16f9040fd62p-2,0,2,20,21,25,29
4809,222,-0.060890349953326539,-0x1.f2d051b621090p-5,6,8,13,17,27,28
4810,222,-0.39169064183782332,-0x1.91175a035eecep-2,1,3,12,14,24,28
4811,222,-0.087521315922003629,-0x1.667cc05967ff0p-4,0,3,12,13,26,29
4812,222,0.38354555144568081,0x1.88c02a3ff122ep-2,2,4,13,14,18,22
4813,222,0.053453089807700582,0x1.b5e3411303e40p-5,1,2,6,10,13,15
4814,222,0.36081240203687781,0x1.7178ce6af5582p-2,6,7,15,16,24,29
4815,222,-0.16286967953326614,-0x1.4d8e9e58d7d0cp-3,7,8,18,20,27,29
4816,222,0.48818581520100901,0x1.f3e6fb7aa3428p-2,3,4,14,16,25,26
4817,222,-0.05339449475491298,-0x1.b5685f18480c0p-5,8,11,18,20,27,29
4818,222,-0.1568706402584058,-0x1.414564ece643cp-3,6,8,13,17,24,26
4819,222,-0.41150511376200394,-0x1.a56198b6fa6fap-2,1,5,18,21,26,28
4820,222,-0.10841757029351928,-0x1.bc140feb8f240p-4,2,5,13,17,18,20
4821,222,-0.22507301463627183,-0x1.ccf314a8996e0p-3,6,10,19,23,24,27
4822,222,0.48957743132272324,0x1.f553c94190294p-2,2,5,14,16,25,27
4823,222,-0.08811949397190888,-0x1.68effc8bfd9d8p-4,6,8,15,16,19,23
4824,222,-0.41136081398292734,-0x1.a53bc4eba683ep-2,6,9,13,17,27,28
4825,222,-0.14449949501848514,-0x1.27ef59eb24ad4p-3,3,4,18,23,25,26
4826,222,-0.48671382230438209,-0x1.f2651bb53be14p-2,7,8,12,15,24,27
4827,222,0.29691831985485595,0x1.300b5b257082cp-2,0,5,12,15,20,23
4828,222,0.46824097582298574,0x1.df7a8ff73a370p-2,14,16,18,21,25,28
4829,222,-0.14904403861854654,-0x1.313e003c3e4c0p-3,3,4,7,8,24,29
4830,222,-0.0033483092189229291,-0x1.b6de9d2f30d00p-9,6,7,18,20,25,28
4831,222,-0.16099297064440532,-0x1.49b6aebe6dca8p-3,1,4,14,16,24,26
4832,222,0.27785227688809344,0x1.1c854ea969fb6p-2,3,5,7,10,15,17
4833,222,-0.24255534672971424,-0x1.f0c0db8d647b4p-3,0,4,12,14,19,23
4834,222,0.030429156763985388,0x1.f28d22495aec0p-6,6,11,14,16,24,27
4835,222,0.22701363709460975,0x1.d0ec869889f4cp-3,6,8,13,15,28,29
4836,222,-0.26644441494517868,-0x1.10d6ce0190ca2p-2,3,5,8,10,20,22
4837,222,0.089233074879666807,0x1.6d7fa92546670p-4,0,2,7,9,18,20
4838,222,-0.49565366772078889,-0x1.fb8ca29403512p-2,1,4,14,17,27,29
4839,222,-0.47426794880055367,-0x1.e5a67f468eb9cp-2,1,5,15,16,26,27
4840,222,0.40448746088592791,0x1.9e31f60096abcp-2,3,5,13,17,26,28
4841,222,0.12638219396097661,0x1.02d4aaeedf7c0p-3,1,4,13,14,27,29
4842,222,-0.4659534051254921,-0x1.dd22e3b1e5330p-2,0,5,13,14,25,26
4843,222,0.37620841510567571,0x1.813cc75d6f7b8p-2,0,5,7,9,25,28
4844,222,0.26379877254273998,0x1.0e2143f32f1d8p-2,1,2,13,17,28,29
4845,222,0.14092643086546519,0x1.209e095dac658p-3,8,10,12,13,24,29
4846,222,-0.44676736520288762,-0x1.c97d6259ddafcp-2,10,11,19,20,28,29
4847,222,0.49326150834276605,0x1.f9198b7ad4cc8p-2,7,10,14,17,18,21
4848,222,0.43537160753979576,0x1.bdd20dfff6238p-2,3,5,6,7,20,22
4849,222,-0.36461678807005693,-0x1.755e1a715575ep-2,9,11,12,13,26,29
4850,222,0.46414768032914311,0x1.db49878e1c9a4p-2,2,4,13,16,24,27
4851,222,0.077878022073580522,0x1.3efd065e21908p-4,7,9,14,17,24,29
4852,222,0.1334366337774241,0x1.114739d14c864p-3,4,5,14,17,24,27
4853,222,0.36821436532576957,0x1.790d2fc3f75fep-2,1,3,6,10,14,17
4854,222,0.34340648201684321,0x1.5fa5f2e5fcad0p-2,0,2,13,14,27,29
4855,222,-0.20208638477921914,-0x1.9ddf776cbfbb0p-3,8,9,12,13,26,27
4856,222,-0.15736406069677211,-0x1.424816b211318p-3,10,11,12,13,24,28
4857,222,-0.34693353665014792,-0x1.63428b873127ap-2,3,4,14,17,25,26
4858,222,0.095557840849690767,0x1.8767a89536748p-4,3,4,12,13,21,22
4859,222,0.34570498442417508,0x1.62007cc8aa018p-2,8,9,13,17,26,29
4860,222,0.32703186629884839,0x1.4ee1710a037aep-2,7,9,14,16,18,23
4861,222,0.39274698658143758,0x1.922c441be119ep-2,6,11,14,15,25,27
4862,222,-0.14945888662882756,-0x1.3217803156ce8p-3,3,5,7,10,24,28
4863,222,-0.25335617525367427,-0x1.036fcd1bd1136p-2,2,3,6,11,28,29
4864,222,0.25760110996679186,0x1.07c895dae1f78p-2,2,5,7,9,19,23
4865,222,0.3427909474895916,0x1.5f04971354a20p-2,0,5,7,8,12,17
4866,222,-0.18265142404382317,-0x1.7611f326b03a4p-3,2,4,6,9,20,21
4867,222,0.23235485958709712,0x1.dbdcdd57f22f4p-3,8,10,19,21,26,29
4868,222,0.46964474998551853,0x1.e0ea8da7b41ecp-2,3,5,14,16,25,28
4869,222,-0.26446187706742574,-0x1.0ecf18242c682p-2,1,2,12,17,27,29
4870,222,-0.43040125120378891,-0x1.b8bb1b084f9ecp-2,15,17,18,20,25,29
4871,222,0.25146321618831258,0x1.017f92c6b3ffcp-2,0,1,12,14,22,23
4872,222,-0.063569905880171529,-0x1.0461e0ac3dfe0p-4,6,11,13,14,24,25
4873,222,0.1472718164952791,0x1.2d9cd89bc2058p-3,8,9,20,21,25,29
4874,222,-0.20438993250970294,-0x1.a297305e16298p-3,7,8,12,17,20,22
4875,222,0.31377441283849006,0x1.414e1465da070p-2,12,14,19,22,27,29
4876,222,-0.36662596129132696,-0x1.776ccbc671788p-2,3,5,7,10,20,21
4877,222,-0.29193469853628462,-0x1.2af0edfb1fb46p-2,12,14,19,22,24,29
4878,222,-0.49827506573827995,-0x1.fe3bd19f085bcp-2,7,10,14,17,19,21
4879,222,0.46565154866631464,0x1.dcd3c2736a0f4p-2,0,2,10,11,13,14
4880,222,0.18878871718166101,0x1.82a3a8b131354p-3,6,8,13,16,20,21
4881,222,-0.40587002236144665,-0x1.9f9c6421e0768p-2,6,11,13,15,27,28
4882,222,-0.29950090810412755,-0x1.32b05db5b7d68p-2,14,15,18,19,26,27
4883,222,0.32512872817511518,0x1.4cee8b9a023f0p-2,2,3,15,16,24,25
4884,222,0.14132858978448826,0x1.2170e238e9d58p-3,9,10,18,21,28,29
4885,222,-0.05643514497735358,-0x1.ce5113c0ba630p-5,0,4,13,15,18,23
4886,222,-0.38628956067094433,-0x1.8b8f7d9778be6p-2,9,10,18,21,25,26
4887,222,-0.19216163057340463,-0x1.898c0976ded60p-3,3,5,6,10,21,22
4888,222,0.22535550255991921,0x1.cd872f8bbf7b8p-3,2,4,14,17,21,22
4889,222,-0.26395549690623255,-0x1.0e4a598b3f2dcp-2,2,3,12,13,25,28
4890,222,0.12457288974004166,0x1.fe4024766d558p-4,0,5,13,16,20,23
4891,222,-0.23118950739603938,-0x1.d979e26b8e01cp-3,4,5,8,9,22,23
4892,222,-0.35233385579751364,-0x1.68ca34cfb2132p-2,3,5,12,16,24,25
4893,222,0.15772038508716402,0x1.4302e7bee5298p-3,0,5,13,17,25,27
4894,222,-0.26100955973868556,-0x1.0b46170c15846p-2,1,5,6,10,13,17
4895,222,0.13086947938733207,0x1.0c054c301ae7cp-3,1,4,13,14,21,23
4896,222,0.40196928464270032,0x1.9b9dd60e25cc8p-2,6,9,18,21,28,29
4897,222,0.43740516846883781,0x1.bfe723f6b33acp-2,1,5,12,16,26,28
4898,222,0.32276803708000612,0x1.4a83b44dcf9b8p-2,3,4,7,11,18,20
4899,222,-0.24466283977661751,-0x1.f511ca7b18b30p-3,2,5,9,10,19,23
4900,222,-0.065447783487575295,-0x1.0c12f99acc150p-4,3,5,19,21,24,28
4901,222,0.06939411587878519,0x1.1c3d0123bf5a0p-4,6,10,18,19,26,27
4902,222,-0.44574081015777567,-0x1.c87047687b136p-2,3,4,13,16,20,23
4903,222,-0.20498627030718719,-0x1.a3cfd778c97e0p-3,6,10,21,23,24,25
4904,222,-0.417724953407549,-0x1.abc017166f26ep-2,2,5,9,10,24,27
4905,222,-0.34620307611281087,-0x1.62830f26b76bap-2,0,1,13,17,21,22
4906,222,-0.016221543242914249,-0x1.09c6156e038c0p-6,2,4,7,9,20,21
4907,222,-0.13673091923045433,-0x1.180661539315cp-3,0,3,7,11,21,23
4908,222,-0.079704463034287132,-0x1.46782fe13d750p-4,0,4,14,15,27,29
4909,222,0.33116576450342794,0x1.531d1e406363ep-2,10,11,12,13,25,27
4910,222,-0.25694344525693558,-0x1.071c2eb9334eap-2,6,9,16,17,24,25
4911,222,-0.13550061744233488,-0x1.158159040565cp-3,2,3,13,15,24,28
4912,222,0.19270332723871164,0x1.8aa80ac290b24p-3,3,4,13,17,20,22
4913,222,-0.11344775720501021,-0x1.d0ae987000468p-4,4,5,14,17,25,26
4914,222,0.10006089827746434,0x1.99d974db5c898p-4,7,10,20,23,24,25
4915,222,-0.37044792017279882,-0x1.7b56b3180db60p-2,0,4,7,11,20,23
4916,222,-0.021455193049910171,-0x1.5f859a1ea3860p-6,2,4,6,9,18,23
4917,222,-0.24416422232566215,-0x1.f40c5f2def998p-3,7,10,14,15,25,26
4918,222,0.046793464060675416,0x1.7f5501b9d4310p-5,7,9,12,17,25,26
4919,222,-0.37449311410167763,-0x1.7f7b1f76935b0p-2,2,3,10,11,19,23
4920,222,-0.0044341345253237074,-0x1.22986ec5b7680p-8,6,11,19,23,26,28
4921,222,0.19956376808853737,0x1.98b4e38b411e8p-3,6,9,18,22,25,29
4922,222,0.090100098893484915,0x1.710ccd21d2778p-4,9,11,13,16,26,27
4923,222,0.20280139724959501,0x1.9f5656c629320p-3,0,2,18,20,27,29
4924,222,-0.40119043738160542,-0x1.9ad1aa8016752p-2,8,11,12,13,26,28
4925,222,-0.15080291474687746,-0x1.34d82897d5a30p-3,6,7,15,16,26,27
4926,222,0.36556874715954724,0x1.7657a755f5b50p-2,7,10,22,23,26,27
4927,222,-0.030766971770137097,-0x1.f81608632e300p-6,6,8,21,23,24,25
4928,222,0.33400440532609454,0x1.5605403661cbep-2,3,4,14,17,26,29
4929,222,0.3336675419984666,0x1.55acf1b27b00ep-2,6,7,14,17,28,29
4930,222,0.35347141145171868,0x1.69f468e1063cep-2,1,2,14,15,19,22
4931,222,-0.21735076602579473,-0x1.bd2265febb0e8p-3,1,2,15,17,19,22
4932,222,0.49725968717616631,0x1.fd31a4b829ce0p-2,7,10,14,17,28,29
4933,222,-0.23831250104259305,-0x1.e8106271a5b08p-3,4,5,12,15,20,22
4934,222,0.27688667923333354,0x1.1b882e800555cp-2,3,4,13,17,21,22
4935,222,-0.25264855299499256,-0x1.02b64d61fb19ep-2,6,7,14,17,24,28
4936,222,-0.44831207102629189,-0x1.cb1251cdd6fdep-2,0,1,18,19,27,29
4937,222,0.38695118893312641,0x1.8c3ceeb676e1ap-2,1,3,10,11,19,23
4938,222,-0.15168652407054295,-0x1.36a76ca103e38p-3,8,11,19,23,24,26
4939,222,0.38339207415533805,0x1.8897ee902bcf8p-2,2,5,20,23,25,28
4940,222,-0.14811346525239222,-0x1.2f561ccad99d4p-3,8,9,19,21,24,26
4941,222,0.057289393034913427,0x1.d55090afc3bc0p-5,3,5,13,16,26,28
4942,222,0.10570341267006123,0x1.b0f60fc7e5658p-4,0,2,7,9,20,23
4943,222,-0.27679212744150283,-0x1.1b6f653c9b27cp-2,4,5,12,16,19,21
4944,222,-0.28325928982452087,-0x1.220eb9285687ep-2,8,9,22,23,24,26
4945,222,0.35815468937971229,0x1.6ec01a572dfb0p-2,0,4,14,16,26,27
4946,222,0.39405632524824152,0x1.93838056e47dep-2,7,8,18,20,28,29
4947,222,-0.19221665446406133,-0x1.89a8e2a55b7f0p-3,1,3,13,17,18,22
4948,222,0.42253166689218113,0x1.b0ac242b4e1d6p-2,3,4,14,16,24,25
4949,222,0.18784219495221199,0x1.80b368a107630p-3,13,16,18,23,25,27
4950,222,-0.11136235229808533,-0x1.c823e3d203b70p-4,8,9,16,17,27,28
4951,222,-0.0054654139207027663,-0x1.662e6e0c6be80p-8,0,2,10,11,27,28
4952,222,0.33130668829135634,0x1.53420f7ca1386p-2,9,10,12,14,27,29
4953,222,0.32986646346027859,0x1.51c883a26fb18p-2,3,4,7,8,15,16
4954,222,-0.073036141630107076,-0x1.2b27f1fba3290p-4,1,2,9,10,20,22
4955,222,0.24828087429529899,0x1.fc7aaeda9094cp-3,7,8,19,22,24,27
4956,222,-0.0170379903426785,-0x1.172682d3ed740p-6,1,5,12,17,24,28
4957,222,0.24463256774488618,0x1.f501eb70019e8p-3,7,8,15,16,26,27
4958,222,0.22645410737011684,0x1.cfc72bc998a04p-3,1,4,6,9,14,16
4959,222,-0.091812401903497043,-0x1.781047f8af038p-4,7,10,12,17,19,22
4960,222,-0.29606227619347025,-0x1.2f2af30752336p-2,0,5,12,17,21,22
4961,222,-0.36365110530400568,-0x1.7460f491bd654p-2,7,11,12,16,25,26
4962,222,0.1165470504545173,0x1.dd6070a25bce8p-4,1,5,16,17,24,28
4963,222,-0.25131834580295065,-0x1.015998b06f188p-2,10,11,12,13,21,22
4964,222,0.44545314545347414,0x1.c824de8e7df46p-2,14,16,18,19,26,29
4965,222,0.28927204958007924,0x1.2836eea25f922p-2,8,11,12,13,22,23
4966,222,-0.2094150504567639,-0x1.ace1cc480413cp-3,0,2,13,14,18,22
4967,222,-0.19553993740125153,-0x1.90773e219a234p-3,2,5,21,23,24,25
4968,222,0.065570977149243093,0x1.0c942726c3a28p-4,2,3,10,11,18,21
4969,222,-0.28764042401340351,-0x1.268b3618949fep-2,2,5,14,15,25,28
4970,222,0.090784767935137345,0x1.73daba941a118p-4,2,3,13,14,22,23
4971,222,-0.48406408589548433,-0x1.efae7ee85b61cp-2,10,11,18,23,26,27
4972,222,-0.42259331192733662,-0x1.b0bc4d18f1e84p-2,3,4,7,11,20,23
4973,222,-0.1881969560860236,-0x1.816d67dcc50ecp-3,1,5,12,15,26,28
4974,222,-0.14694320242497627,-0x1.2cf08ec6473b4p-3,1,2,16,17,27,29
4975,222,-0.47304050701011191,-0x1.e464bb0d2ab0ap-2,0,5,8,10,12,17
4976,222,-0.080475432130099112,-0x1.49a09b52157a0p-4,6,7,14,17,18,21
4977,222,-0.32523739986292133,-0x1.4d0b086f63a86p-2,9,10,14,17,26,27
4978,222,0.036750587774306953,0x1.2d0f91932e7f0p-5,0,2,12,17,20,21
4979,222,-0.24047966193356429,-0x1.ec8099dadcc38p-3,2,4,12,17,24,29
4980,222,0.035507760013890111,0x1.22e12b8071a90p-5,2,4,12,17,19,20
4981,222,0.39116710305956548,0x1.908e1beba5c7ep-2,9,10,13,14,24,25
4982,222,-0.084835901728160579,-0x1.5b7ce3f72f980p-4,6,8,13,16,18,21
4983,222,0.41696020887925977,0x1.aaf79df37a9fap-2,7,9,12,17,26,28
4984,222,0.30158825821625102,0x1.34d38d6795ea4p-2,15,17,18,22,25,26
4985,222,-0.47805821376229474,-0x1.e98817a6c5deep-2,7,10,12,15,26,28
4986,222,-0.23743022777322631,-0x1.e641d1baf1550p-3,3,5,6,10,15,17
4987,222,0.12805020312380555,0x1.063f2f554d9f8p-3,0,4,20,23,25,27
4988,222,-0.38358954229421205,-0x1.88cbb26cf70a2p-2,7,11,12,16,24,26
4989,222,0.46269364862187656,0x1.d9cc5d23976cap-2,1,5,8,10,21,22
4990,222,0.087402562975790965,0x1.66003ad914e68p-4,4,5,14,17,25,27
4991,222,0.054946423815303347,0x1.c21f00aa344b0p-5,10,11,12,14,25,27
4992,222,0.43290468834244777,0x1.bb4b5ddadd112p-2,6,7,16,17,24,28
4993,222,-0.37739727496283304,-0x1.82746e664271ep-2,0,5,9,10,25,28
4994,222,-0.1358936090809193,-0x1.164f6375e7560p-3,3,4,15,17,18,22
4995,222,0.21852793405379378,0x1.bf8b92d0301b0p-3,0,1,8,10,18,22
4996,222,-0.24356657440334872,-0x1.f2d3083bb066cp-3,9,10,12,13,21,23
4997,222,-0.39999703784128393,-0x1.9998d2d019cb2p-2,8,10,12,15,28,29
4998,222,0.10808415232249868,0x1.bab672b70e650p-4,7,10,20,21,24,28
4999,222,-0.16972408108045278,-0x1.5b984c8cac6f8p-3,0,4,12,13,20,23
5000,222,0.4992353847668235,0x1.ff378f8a51642p-2,1,5,6,10,24,26
5001,222,0.19620093502174929,0x1.91d1cbbae77e8p-3,6,10,20,22,24,29
5002,222,-0.35334900795490454,-0x1.69d45284f620ap-2,1,5,21,23,24,26
5003,222,-0.19137839940611601,-0x1.87f165f4e1790p-3,0,5,8,10,27,28
5004,222,-0.23231453415667014,-0x1.dbc7b8f4b4fd0p-3,2,3,13,15,20,23
5005,222,-0.48312892950737618,-0x1.eeb9599ff1538p-2,0,4,7,8,12,15
5006,222,0.17658034529290878,0x1.69a2f4c13208cp-3,0,2,12,16,21,23
5007,222,-0.25247654487804783,-0x1.0289361d087dap-2,1,5,6,8,24,27
5008,222,0.35915355640995072,0x1.6fc5f32c1760ap-2,9,10,19,21,24,29
5009,222,0.43888285054421816,0x1.c16a818773608p-2,2,4,12,17,25,29
5010,222,-0.49471377226713642,-0x1.fa963f4312940p-2,1,4,13,16,26,29
5011,222,-0.26214378585531906,-0x1.0c6f6bac64948p-2,3,4,12,16,19,21
5012,222,-0.13245786378607149,-0x1.0f461188793dcp-3,4,5,6,9,13,14
5013,222,0.45169923373792087,0x1.ce8a3e722169cp-2,7,10,22,23,24,27
5014,222,0.27459415605633719,0x1.192f35dfbd1f0p-2,1,3,10,11,12,15
5015,222,0.19090842924778961,0x1.86faffa1332c0p-3,0,5,14,16,18,23
5016,222,-0.44014234418317666,-0x1.c2b4acb767f4cp-2,13,15,18,23,25,26
5017,222,-0.42167903490933767,-0x1.afcca10160b6ep-2,7,9,20,21,28,29
5018,222,0.050005192119883746,0x1.99a47d191f850p-5,1,3,13,16,26,29
5019,222,-0.49915047257720646,-0x1.ff214d2e02188p-2,3,4,7,8,18,23
5020,222,0.26895456552589447,0x1.1368d35c2ca70p-2,0,3,16,17,25,26
5021,222,0.49509439307639913,0x1.fafa064ac8cf4p-2,2,4,14,15,19,23
5022,222,-0.29037232524445589,-0x1.29575ce25a890p-2,7,10,19,20,24,27
5023,222,0.43770857807217889,0x1.c036ad6ffea3ap-2,12,17,19,22,26,29
5024,222,0.2032500785401341,0x1.a04193c1ea1a0p-3,3,4,14,15,26,29
5025,222,0.25021236531185242,0x1.0037ab9846df4p-2,0,2,12,14,21,23
5026,222,0.11576599054303671,0x1.da2d7075f1348p-4,0,1,12,16,26,28
5027,222,-0.37904379701432411,-0x1.84240e9fb6760p-2,2,3,14,16,18,21
5028,222,0.14658764711535877,0x1.2c3624f2dd4bcp-3,3,4,7,8,25,26
5029,222,0.061170000519417012,0x1.f51ac9f745370p-5,2,4,7,9,18,22
5030,222,0.14975284175341141,0x1.32b19e2e83004p-3,0,3,13,17,21,22
5031,222,-0.18317851152862941,-0x1.77264ba2c36ccp-3,9,10,13,14,22,23
5032,222,0.062085647214209949,0x1.fc9b0a0ac0b80p-5,12,16,19,20,27,28
5033,222,-0.27452657557665883,-0x1.191d7e9ff040cp-2,2,4,9,11,24,25
5034,222,0.31701113931808234,0x1.449e916f5aff0p-2,0,3,12,16,26,28
5035,222,0.20299805861959586,0x1.9fbd723761990p-3,7,11,19,21,24,28
5036,222,0.47566349941819264,0x1.e71455179bb3ap-2,9,10,12,17,24,25
5037,222,0.31145145231955618,0x1.3eed2128044c4p-2,0,4,15,16,18,23
5038,222,-0.26752377841297492,-0x1.11f1c0dcbe8b4p-2,8,11,13,16,18,20
5039,222,-0.49583652488979679,-0x1.fbbc91ea4180ap-2,1,2,9,10,19,22
5040,222,-0.2007260076358911,-0x1.9b163cb205bb4p-3,1,3,10,11,13,14
5041,222,-0.097209650770112344,-0x1.8e2bb4ee9c860p-4,7,9,16,17,19,20
5042,222,0.091935187432242382,0x1.789107f5f8438p-4,7,9,12,16,20,23
5043,222,-0.047866425189744599,-0x1.881f2b5886370p-5,1,3,12,17,20,22
5044,222,-0.43155341934295244,-0x1.b9e923ba38460p-2,0,3,14,15,25,26
5045,222,-0.34779328882281535,-0x1.6423ec850c91ap-2,7,10,22,23,24,26
5046,222,-0.39200713325590908,-0x1.916a516488082p-2,7,9,14,16,25,26
5047,222,0.16776134909583496,0x1.5793431f32130p-3,0,5,13,15,27,28
5048,222,0.12741745457348574,0x1.04f37142a957cp-3,9,11,12,14,24,26
5049,222,0.2681265017617841,0x1.128fc0f107ef6p-2,6,11,14,16,27,28
5050,222,0.13038814544048805,0x1.0b08f0a39fb80p-3,2,3,12,14,25,29
5051,222,-0.42188197158098917,-0x1.b001d3dad9724p-2,1,3,14,17,24,26
5052,222,-0.19236454512069145,-0x1.89f66c31a0548p-3,6,8,15,16,25,27
5053,222,-0.42673827028251454,-0x1.b4fae08b4291ap-2,14,15,19,23,26,27
5054,222,-0.38537222498143731,-0x1.8a9f043c53ff0p-2,6,7,14,15,25,28
5055,222,0.022726703344107313,0x1.745ab3e6f7260p-6,3,5,12,16,19,21
5056,222,0.15120800609829299,0x1.35ac8b08af2e0p-3,9,11,19,20,24,27
5057,222,-0.15786510503355333,-0x1.434ec7ba63c58p-3,6,7,15,17,24,27
5058,222,-0.1933523295680335,-0x1.8bfc4e60cd0a8p-3,1,5,8,9,19,21
5059,222,-0.44091306100866345,-0x1.c37eb6a5a5566p-2,6,10,20,22,25,27
5060,222,0.41037427547910277,0x1.a439277135b32p-2,0,2,12,15,22,23
5061,222,-0.10101379301980073,-0x1.9dc0a39770770p-4,0,3,13,15,20,22
5062,222,0.47106635849873002,0x1.e25f382ffdce4p-2,1,2,21,23,24,28
5063,222,0.20518137410328285,0x1.a43621dc2cef8p-3,15,16,19,23,26,27
5064,222,0.14814653566997715,0x1.2f67736dbef98p-3,0,1,16,17,26,27
5065,222,-0.39868079290273084,-0x1.983fc71c3e082p-2,2,4,19,22,27,29
5066,222,0.48809844678996639,0x1.f3d01448c3e4ap-2,13,15,18,23,27,28
5067,222,0.10010231383915058,0x1.9a04e24316db0p-4,3,5,15,16,24,28
5068,222,0.41761119576906014,0x1.aba244f11615ap-2,10,11,13,14,18,21
5069,222,0.1383325791501816,0x1.1b4e1c7b5ef2cp-3,6,9,14,16,25,28
5070,222,0.03104784934231819,0x1.fcb01e62543e0p-6,2,3,6,11,19,21
5071,222,0.068244786876843544,0x1.1787d87c22f38p-4,1,5,16,17,20,21
5072,222,0.4815573160190616,0x1.ed1d5c6dce3d8p-2,6,9,20,23,27,28
5073,222,0.23157382565862383,0x1.da4360be81d54p-3,4,5,16,17,20,21
5074,222,-0.40273740067412878,-0x1.9c67317315f22p-2,0,4,12,14,21,22
5075,222,-0.36457173751065175,-0x1.75524b269dd86p-2,14,16,21,23,24,28
5076,222,-0.13383025282890915,-0x1.12159878ecb34p-3,9,11,12,16,25,26
5077,222,0.48802021506428728,0x1.f3bb923df3b66p-2,9,11,13,14,25,27
5078,222,-0.24900785212302046,-0x1.fdf7d42a864d4p-3,3,5,7,8,21,23
5079,222,-0.38482532121037938,-0x1.8a0fa62515c90p-2,0,5,15,16,18,23
5080,222,-0.43378088423753125,-0x1.bc310e5db87b8p-2,7,9,14,16,27,28
5081,222,-0.22071546381808282,-0x1.c40678168fa40p-3,0,5,12,17,20,21
5082,222,0.32366198205816232,0x1.4b6e0bef97e80p-2,7,9,14,17,26,29
5083,222,-0.17806342949969856,-0x1.6cac84f284b98p-3,6,8,13,17,18,20
5084,222,0.34019704464648948,0x1.5c5c9d33cf628p-2,3,4,6,7,19,23
5085,222,-0.065263519719198748,-0x1.0b51c2ad0d8e8p-4,2,4,7,11,14,16
5086,222,0.27660699715852521,0x1.1b3edd5a90018p-2,1,3,16,17,24,29
5087,222,-0.11741627343754024,-0x1.e0efe2e6eb3a8p-4,1,3,12,13,24,29
5088,222,0.12854611584518849,0x1.07432f9ca9cdcp-3,0,1,12,13,26,28
5089,222,-0.44152294579921358,-0x1.c41e975290978p-2,6,7,15,16,19,20
5090,222,0.42309541909527393,0x1.b13fecf0680dep-2,12,14,21,22,25,29
5091,222,-0.11448567537735033,-0x1.d4eeee79b2f68p-4,2,3,13,14,24,28
5092,222,0.11130729917961013,0x1.c7ea299c852c8p-4,1,2,10,11,12,13
5093,222,-0.3674782291770754,-0x1.784c36813ae9ap-2,9,10,14,17,21,22
5094,222,-0.033948648056882469,-0x1.161b79a4ba280p-5,0,1,22,23,26,27
5095,222,0.021101132692601277,0x1.59b890b4b09a0p-6,0,5,8,9,25,26
5096,222,-0.49592861808456812,-0x1.fbd4b62f4b768p-2,0,2,12,14,27,29
5097,222,-0.18113794572395969,-0x1.72f87387979d0p-3,6,10,18,20,27,28
5098,222,-0.36390185598599323,-0x1.74a2b029a777cp-2,0,4,13,17,27,29
5099,222,-0.13648396897916315,-0x1.1784e8398cdecp-3,7,11,12,15,27,29
5100,222,-0.027221692302338507,-0x1.be000d8b8a580p-6,0,2,9,10,20,22
5101,222,0.020205280584658092,0x1.4b0b16d453ba0p-6,0,5,8,9,13,16
5102,222,0.15509238710972939,0x1.3da113d3f5790p-3,3,5,7,8,24,25
5103,222,-0.38045233954898694,-0x1.85954c5032c6cp-2,2,3,10,11,25,28
5104,222,-0.34854158797545487,-0x1.64e816069a18ep-2,9,10,14,17,18,21
5105,222,-0.17566066943522474,-0x1.67c0c7f357910p-3,1,5,8,10,18,19
5106,222,0.15525965177654533,0x1.3df8c5b6261d4p-3,9,10,12,14,25,26
5107,222,0.45959204717911428,0x1.d69f4c308b3fap-2,14,17,19,22,26,27
5108,222,-0.10119420812841529,-0x1.9e7dd1674c6f8p-4,0,3,18,21,25,29
5109,222,0.39184862793896813,0x1.9140c447ebde4p-2,4,5,14,16,24,25
5110,222,-0.25249647444699919,-0x1.028e6f906baf6p-2,8,11,20,21,24,29
5111,222,0.012559039341177636,0x1.9b88db9ea9180p-7,0,1,19,21,28,29
5112,222,-0.28573411610558219,-0x1.24977bf0198a8p-2,4,5,7,8,12,16
5113,222,-0.081307524948408205,-0x1.4d091e8927648p-4,0,5,7,9,19,20
5114,222,-0.053072284705735884,-0x1.b2c4a5e4530a0p-5,2,4,13,14,24,27
5115,222,-0.15044178181178269,-0x1.341ad226ab290p-3,1,2,9,10,18,21
5116,222,-0.1474266653656654,-0x1.2dee08126e52cp-3,2,4,15,16,24,27
5117,222,-0.40851855061129294,-0x1.a252afdabd428p-2,8,11,18,21,26,29
5118,222,-0.42269288110342851,-0x1.b0d667125d6e8p-2,1,3,10,11,21,22
5119,222,-0.31260116833682194,-0x1.401a854acacb4p-2,1,5,15,17,26,28
5120,222,-0.080198794029883835,-0x1.487e87d897840p-4,3,5,13,17,18,22
5121,222,0.38058352230474068,0x1.85b7afd6c8094p-2,0,5,13,17,26,27
5122,222,0.47312803608948029,0x1.e47bad074cd38p-2,7,9,12,16,24,27
5123,222,-0.20301494441110257,-0x1.9fc64c96c271cp-3,3,5,8,10,24,28
5124,222,-0.37494243653562753,-0x1.7ff0e8fb36598p-2,3,4,18,21,25,26
5125,222,-0.012294503020471859,-0x1.92ddc4325e340p-7,1,2,14,17,24,28
5126,222,0.1359737161639073,0x1.1679634051094p-3,9,11,13,16,18,21
5127,222,0.06085888634740777,0x1.f28e55d10f220p-5,3,5,7,8,24,28
5128,222,-0.42077271492724044,-0x1.aedf0ae6a5820p-2,1,2,6,10,14,15
5129,222,-0.14800702666581222,-0x1.2f1e4ed8dce78p-3,1,4,6,11,13,15
5130,222,0.47560804714298166,0x1.e705cbc0c62d6p-2,0,4,13,16,25,26
5131,222,-0.44462569590936374,-0x1.c74bf55b915d8p-2,0,2,9,11,20,22
5132,222,0.40415887410520868,0x1.9ddbd2eaae224p-2,3,4,13,14,25,26
5133,222,0.0017192635783642718,0x1.c2b1d35e7e400p-10,3,5,6,7,25,28
5134,222,-0.037436130237813559,-0x1.32ad4161ed350p-5,0,3,7,8,28,29
5135,222,0.17272721221357856,0x1.61becdfcb14c8p-3,8,11,12,13,24,25
5136,222,-0.41331188481777204,-0x1.a73b3b115c9eep-2,3,5,19,23,24,28
5137,222,-0.34809980029068122,-0x1.64744627f86e0p-2,4,5,6,7,26,27
5138,222,-0.022971434755567843,-0x1.785d2e411c740p-6,4,5,7,9,12,14
5139,222,0.047713751618510214,0x1.86defd58abc60p-5,2,3,18,19,28,29
5140,222,0.022144037558813112,0x1.6aced34774b40p-6,6,7,14,16,28,29
5141,222,0.27936654545058826,0x1.1e1243813a230p-2,6,9,19,22,24,27
5142,222,0.29327470910836495,0x1.2c5034917515cp-2,6,7,21,23,25,26
5143,222,-0.28958016731737024,-0x1.2887b410cb12ap-2,12,16,20,21,28,29
5144,222,-0.20812131272319323,-0x1.aa3b81bdf93fcp-3,0,1,8,9,20,23
5145,222,0.27183925604752224,0x1.165d07a9f8e98p-2,1,4,13,14,24,27
5146,222,0.49855717177940839,0x1.fe85c56fea4e0p-2,12,13,22,23,25,26
5147,222,-0.32607565229763191,-0x1.4de6c69a8f8fap-2,4,5,6,8,20,22
5148,222,-0.41478199333616783,-0x1.a8bc9c6164e54p-2,6,7,18,20,27,29
5149,222,0.18943456176746765,0x1.83f6447c2fda4p-3,0,2,7,11,14,15
5150,222,-0.41687524685776289,-0x1.aae1583f10672p-2,0,5,8,9,22,23
5151,222,-0.095825660526870582,-0x1.88807ce149c20p-4,2,5,6,7,18,23
5152,222,0.32524962900303978,0x1.4d0e3d1e6ab08p-2,13,16,20,23,24,27
5153,222,0.20693232756321989,0x1.a7cc22daf4194p-3,3,5,12,16,26,28
5154,222,-0.26515785929143443,-0x1.0f858ab7bc7fap-2,0,2,14,17,21,22
5155,222,-0.077685743597113333,-0x1.3e336801d7378p-4,4,5,12,15,25,26
5156,222,0.22368478697624483,0x1.ca1b3fe567d48p-3,7,9,21,23,24,26
5157,222,0.47007885649421588,0x1.e15c5a0cbc24ep-2,0,1,10,11,18,23
5158,222,-0.41719861326119578,-0x1.ab361cff92d44p-2,0,3,12,16,25,28
5159,222,-0.0071198321838891188,-0x1.d29af661fff80p-8,2,5,7,10,20,21
5160,222,0.36104091829395868,0x1.71b4b5e25c878p-2,6,8,20,21,25,28
5161,222,0.25007820821806725,0x1.00148076f49c4p-2,14,15,22,23,25,26
5162,222,0.21825529046406811,0x1.befca135c6f84p-3,0,3,12,17,19,21
5163,222,0.28200976700263991,0x1.20c72b19b7366p-2,3,4,14,15,19,22
5164,222,-0.19021318910484786,-0x1.858e7e13c9154p-3,2,3,6,11,19,22
5165,222,-0.28108720152173439,-0x1.1fd552c770a6ap-2,7,10,12,17,20,21
5166,222,-0.17387062816711729,-0x1.641648adb3b3cp-3,0,5,9,10,26,28
5167,222,0.27734428145476397,0x1.1c0023aa52c54p-2,1,2,9,11,19,20
5168,222,-0.4416253428070358,-0x1.c4396f11c3978p-2,0,4,15,16,19,23
5169,222,-0.4997896584866296,-0x1.ffc8dc3850fb2p-2,6,11,13,14,22,23
5170,222,0.044631334064553219,0x1.6d9eb105e4340p-5,10,11,13,15,26,29
5171,222,0.3389614731238686,0x1.5b18b766af1a4p-2,0,3,7,11,14,15
5172,222,-0.19234215655248399,-0x1.89eaaf4047be4p-3,0,4,9,11,21,22
5173,222,-0.028772820734489946,-0x1.d769f5045f1c0p-6,0,1,9,10,18,23
5174,222,-0.29829518082083584,-0x1.31744ab8b836cp-2,6,9,20,22,24,25
5175,222,-0.45508205801641854,-0x1.d20107f0b5234p-2,2,3,6,7,22,23
5176,222,-0.16476066086825703,-0x1.516e0990c5a78p-3,6,11,15,16,24,25
5177,222,-0.064197316561263484,-0x1.06f3c3f1f2040p-4,6,8,20,22,25,29
5178,222,-0.090502532089818621,-0x1.72b2c8787ed18p-4,7,8,16,17,19,21
5179,222,-0.16082314828520439,-0x1.495da59299024p-3,1,5,8,10,19,20
5180,222,0.07633449691266847,0x1.38aa857cbe900p-4,0,3,13,14,26,28
5181,222,-0.32694308315989318,-0x1.4eca2ae74cf40p-2,2,5,15,17,27,28
5182,222,0.23054654746421344,0x1.d828c9cc841d0p-3,1,3,13,16,18,20
5183,222,-0.10705229138171235,-0x1.b67c76a7241d8p-4,1,3,14,15,24,29
5184,222,-0.015864032320943466,-0x1.03ea930012aa0p-6,14,15,22,23,26,27
5185,222,-0.10663712481968468,-0x1.b4c9213a3d810p-4,4,5,12,14,24,26
5186,222,0.22318719567171641,0x1.c9165e525e280p-3,6,8,13,15,24,25
5187,222,0.2291765681487189,0x1.d55a8649aa85cp-3,9,11,20,22,24,29
5188,222,-0.17253434419686697,-0x1.6159afae194b8p-3,2,3,12,14,19,21
5189,222,-0.10209826871103789,-0x1.a231cb51795b0p-4,6,10,20,21,24,28
5190,222,0.29181416661141468,0x1.2ad155386c0dcp-2,0,3,7,10,18,22
5191,222,-0.014958418851799937,-0x1.ea284fe259500p-7,8,10,12,17,28,29
5192,222,-0.099409068434147874,-0x1.972df69d9b9c8p-4,6,10,19,20,27,28
5193,222,0.38822467454167497,0x1.8d8ac4e2a07fep-2,6,9,19,20,27,29
5194,222,0.43399265393466202,0x1.bc6891fd6a1b2p-2,0,4,12,17,26,29
5195,222,-0.13983328772754022,-0x1.1e60ea2d749ecp-3,2,4,15,17,20,22
5196,222,0.15907540481975013,0x1.45c9536a63eacp-3,0,2,14,15,19,23
5197,222,-0.47781324209449305,-0x1.e947dfe190f9ep-2,0,5,7,10,27,28
5198,222,0.4808928416340057,0x1.ec6f2c4ecb53cp-2,1,4,20,22,24,29
5199,222,-0.0087190087135475824,-0x1.1db458a39ce80p-7,6,7,19,22,24,29
5200,222,-0.26117049629035849,-0x1.0b704750fd1c8p-2,2,4,6,9,18,20
5201,222,-0.19485758760852634,-0x1.8f117eb13fa48p-3,6,11,19,22,24,27
5202,222,0.35239445148746085,0x1.68da1751b8d5cp-2,0,5,12,16,25,26
5203,222,-0.29533068312084132,-0x1.2e6b2aa60993cp-2,1,5,6,9,14,16
5204,222,-0.30212225470330023,-0x1.355f894d60b94p-2,8,11,12,16,26,27
5205,222,0.35251275184862108,0x1.68f91a52737f8p-2,2,5,13,15,22,23
5206,222,0.050809218944982693,0x1.a03aa7b687340p-5,7,9,22,23,25,27
5207,222,0.35960194069172602,0x1.703b7dbb65792p-2,0,2,7,11,18,21
5208,222,0.30059235202409662,0x1.33ce7b457c1fap-2,0,1,13,14,21,23
5209,222,0.41306693164475095,0x1.a6fb0489e4a1ap-2,16,17,20,21,24,25
5210,222,0.15310001400145246,0x1.398c80093a1f8p-3,6,7,21,23,25,28
5211,222,0.18433999438991522,0x1.79873f39fefecp-3,1,5,13,16,21,23
5212,222,0.11209966488281398,0x1.cb2904a907268p-4,15,17,20,22,25,27
5213,222,-0.41316461245031533,-0x1.a7149fc95abeep-2,1,5,18,19,26,27
5214,222,0.29520719286556474,0x1.2e4acb5b9b33ep-2,6,7,14,15,19,22
5215,222,-0.3184606795722853,-0x1.461a8e6f4cb2cp-2,1,2,6,11,18,20
5216,222,-0.47255513119153914,-0x1.e3e57e08193dep-2,9,11,13,14,18,23
5217,222,0.38605528586768745,0x1.8b5213acffa3ep-2,0,1,10,11,13,15
5218,222,-0.24951657225824397,-0x1.ff028b6d45ff8p-3,0,1,8,9,18,19
5219,222,-0.11916204885083792,-0x1.e81676ebd1ba8p-4,1,4,12,14,19,22
5220,222,0.45688070495441324,0x1.d3d88917cf7e4p-2,1,5,9,10,19,23
5221,222,-0.25011798234860261,-0x1.001eeda950a4cp-2,7,8,16,17,24,26
5222,222,-0.15415653769534932,-0x1.3bb66c3eedce8p-3,2,3,15,17,18,19
5223,222,0.34271367425153265,0x1.5ef0555b35960p-2,1,4,8,11,13,16
5224,222,-0.15773387379430281,-0x1.4309fa2b57e78p-3,15,17,19,20,24,29
5225,222,-0.4681776687942697,-0x1.df69f780c1712p-2,7,9,19,22,26,27
5226,222,0.49182506554089189,0x1.f7a0fd6f679dap-2,1,2,13,15,24,27
5227,222,0.292775280162347,0x1.2bcd48757f81ap-2,2,5,14,17,19,21
5228,222,0.43177643985874414,0x1.ba239a6181a7ep-2,3,4,12,15,19,20
5229,222,-0.017593571738954594,-0x1.2040c9cf45e00p-6,15,16,18,19,28,29
5230,222,0.26834047161600405,0x1.12c7d83722c4cp-2,6,9,16,17,18,21
5231,222,0.41733830831786245,0x1.ab5abbc65f6bap-2,4,5,21,23,25,26
5232,222,-0.10107812678675976,-0x1.9e04190e3dbf0p-4,6,9,14,16,24,28
5233,222,0.069858076886015752,0x1.1e2380b963e80p-4,0,1,12,14,21,22
5234,222,-0.38680005223262803,-0x1.8c155019b88e0p-2,10,11,13,15,27,28
5235,222,0.12963597063549992,0x1.097e95721e150p-3,1,3,12,14,19,22
5236,222,-0.078784846500053685,-0x1.42b3e63235b38p-4,9,10,13,14,21,23
5237,222,-0.22972404723890616,-0x1.d6798faff7860p-3,7,11,15,16,24,25
5238,222,0.16698263750602671,0x1.55fafe38b4a64p-3,8,9,12,17,25,26
5239,222,0.20221900773400736,0x1.9e24ffc6c6ed8p-3,9,11,12,16,20,23
5240,222,0.0325063605066227,0x1.0a4ac76936ba0p-5,1,3,8,10,13,15
5241,222,0.46506020731221942,0x1.dc38be344ecf4p-2,2,5,6,9,18,23
5242,222,0.24409294983489627,0x1.f3e70125cce60p-3,0,2,18,19,27,28
5243,222,-0.24146183084214112,-0x1.ee838a5598204p-3,2,3,20,23,25,28
5244,222,0.37905623486088347,0x1.842751504a208p-2,12,17,20,22,24,29
5245,222,0.30844416485518844,0x1.3bd8c982c7bfap-2,2,4,7,11,18,19
5246,222,-0.21012170462711843,-0x1.ae5449cc6d0c0p-3,0,5,7,8,25,28
5247,222,-0.30109508168728139,-0x1.345244e355526p-2,0,1,10,11,18,22
5248,222,-0.48369378686778608,-0x1.ef4d6c8f808c6p-2,6,8,21,22,25,29
5249,222,0.15433078578268034,0x1.3c11c76d9ee98p-3,1,2,14,16,18,19
5250,222,0.015640534372207471,0x1.004127e7b7d40p-6,0,4,8,11,21,23
5251,222,-0.29292798052775126,-0x1.2bf55001ccd12p-2,14,15,18,23,26,28
5252,222,0.16864198498372063,0x1.5960f811e69c8p-3,0,5,15,16,18,20
5253,222,-0.14165124127953455,-0x1.221a0bc5de040p-3,0,3,18,21,26,29
5254,222,-0.013764338687533906,-0x1.c307a441cb980p-7,0,4,13,17,20,21
5255,222,-0.45916926985960904,-0x1.d630781580398p-2,2,3,7,11,20,21
5256,222,-0.26257093735050518,-0x1.0cdf655333b24p-2,8,10,12,15,24,29
5257,222,-0.23560249591384086,-0x1.e2838fb672864p-3,0,1,15,17,28,29
5258,222,0.42518533174887463,0x1.b363c89a66bc2p-2,4,5,6,9,21,23
5259,222,-0.43431966990878335,-0x1.bcbe4ba9122a6p-2,13,17,18,22,25,29
5260,222,0.33032745583981071,0x1.52415c4f3623ep-2,8,11,12,13,21,22
5261,222,0.0077961839646847331,0x1.feee432973a00p-8,7,9,14,17,25,26
5262,222,0.42968537901121484,0x1.b7ff71a9b0ac6p-2,7,10,19,22,26,29
5263,222,0.34604632237791078,0x1.6259f7960e8a6p-2,8,10,13,15,25,29
5264,222,-0.45495200528859037,-0x1.d1def03fdb40ep-2,1,2,6,10,24,28
5265,222,-0.089884931184848749,-0x1.702b2e7d79638p-4,8,10,21,23,26,28
5266,222,-0.22459796219873407,-0x1.cbfa0433226bcp-3,2,3,10,11,12,13
5267,222,0.056986454887213656,0x1.d2d54201c72a0p-5,0,3,12,14,26,29
5268,222,-0.042000093576459396,-0x1.5810948adfe90p-5,1,2,6,9,18,19
5269,222,-0.11429459780707207,-0x1.d426927b0db68p-4,8,11,13,15,26,29
5270,222,0.016983151996084911,0x1.16408099fee20p-6,8,9,13,16,25,27
5271,222,-0.24809070243637366,-0x1.fc16fa6b3f448p-3,7,8,12,16,24,28
5272,222,0.10082188649004209,0x1.9cf7691321d00p-4,1,3,13,14,26,29
5273,222,-0.31438996323331891,-0x1.41ef71491c69cp-2,7,8,15,17,18,20
5274,222,-0.19759591588270808,-0x1.94ad2ae450b00p-3,12,17,19,21,28,29
5275,222,-0.43218781458045985,-0x1.ba8f714569410p-2,8,11,19,22,24,26
5276,222,0.091117521395200574,0x1.7537a567c26c8p-4,1,2,6,11,18,21
5277,222,-0.21648237750553656,-0x1.bb5b1cdc5f72cp-3,2,5,7,9,24,27
5278,222,-0.035508573459320458,-0x1.22e2e037885b0p-5,6,9,14,17,24,26
5279,222,-0.24923799420474146,-0x1.fe707d503d71cp-3,0,2,15,16,20,23
5280,222,-0.11946876531685779,-0x1.e958147eded60p-4,1,3,6,10,18,23
5281,222,-0.41614425459905069,-0x1.aa21b82faf546p-2,8,9,13,17,25,27
5282,222,-0.19401206978929386,-0x1.8d56333631bd4p-3,16,17,19,21,26,29
5283,222,-0.059773552177202594,-0x1.e9aa397889e90p-5,4,5,12,14,24,27
5284,222,-0.47233291521476262,-0x1.e3ab3d5eafde4p-2,0,5,14,17,18,21
5285,222,-0.33394246360987656,-0x1.55f5035fcce46p-2,1,3,6,11,15,16
5286,222,-0.042177053216312155,-0x1.5983b10695320p-5,2,5,6,7,19,21
5287,222,-0.059878428342586831,-0x1.ea862a6ef40a0p-5,0,2,14,16,25,29
5288,222,0.49042276535607165,0x1.f63162a9ac3f2p-2,0,5,19,21,26,28
5289,222,0.37657285832176812,0x1.819c50bc36836p-2,6,9,13,17,24,28
5290,222,-0.17682773287110709,-0x1.6a24a88da867cp-3,9,10,12,14,24,28
5291,222,0.062854777093750536,0x1.017402c03d8e8p-4,12,13,20,21,24,29
5292,222,-0.4823836270920373,-0x1.edf5f939f1d3ep-2,0,4,14,15,19,23
5293,222,0.47938796810330919,0x1.eae4adf465feap-2,7,8,12,15,24,26
5294,222,-0.19780538703919204,-0x1.951afda272970p-3,2,4,7,11,25,29
5295,222,-0.020573534315726394,-0x1.5113a84325be0p-6,1,3,6,11,24,28
5296,222,-0.13079928047141665,-0x1.0be07e3fb8748p-3,0,3,15,16,25,28
5297,222,-0.4917244511520531,-0x1.f7869d515dd10p-2,6,8,18,19,27,28
5298,222,-0.29347805000175209,-0x1.2c85828b67cfap-2,0,4,13,15,22,23
5299,222,-0.45989635387284122,-0x1.d6ef11ddbbe66p-2,1,2,10,11,24,29
5300,222,0.3698428098824359,0x1.7ab812d46c58ep-2,1,2,18,19,28,29
5301,222,0.19401331567767133,0x1.8d56da6e97cd8p-3,7,8,15,17,25,29
5302,222,0.16852541884753025,0x1.5923dad3f5710p-3,2,4,6,11,18,23
5303,222,-0.017056965874415964,-0x1.177619a65fec0p-6,0,3,14,16,26,29
5304,222,-0.2294561637128989,-0x1.d5ed1cf819a58p-3,0,2,12,17,25,27
5305,222,0.4915279225711644,0x1.f75318820e4e8p-2,3,4,6,7,18,21
5306,222,-0.21701395814089786,-0x1.bc71d067ece40p-3,1,2,6,11,14,15
5307,222,0.22763651636908899,0x1.d233180971e18p-3,3,5,21,23,24,25
5308,222,0.007941752194013052,0x1.043c3ef91dd00p-7,2,3,7,11,19,21
5309,222,-0.34977038040746145,-0x1.662a34e3d68e0p-2,1,5,13,15,18,22
5310,222,0.18208945803991217,0x1.74eb5159d2820p-3,0,3,16,17,28,29
5311,222,0.40458257734665781,0x1.9e4ae528f0eecp-2,0,5,9,10,20,21
5312,222,0.47193768560520388,0x1.e343a1f5b276ap-2,1,3,12,17,19,21
5313,222,-0.40102122793245198,-0x1.9aa54f0be2f66p-2,1,5,14,16,18,23
5314,222,-0.47998721479814255,-0x1.eb81c4b8397f4p-2,1,2,9,11,18,20
5315,222,-0.32843295047340992,-0x1.5050ba34d92c6p-2,2,4,13,14,27,29
5316,222,0.18106193609904386,0x1.72d099b0c4454p-3,0,2,10,11,25,27
5317,222,0.085604350334523183,0x1.5ea2aad1504c0p-4,9,10,19,23,24,26
5318,222,0.26383782983760473,0x1.0e2b810a66874p-2,2,4,12,16,24,29
5319,222,0.47333138715983136,0x1.e4b0fbb016502p-2,0,2,10,11,12,15
5320,222,0.20252958931116882,0x1.9ec7d554829fcp-3,0,1,12,15,27,29
5321,222,0.44646878158364312,0x1.c92f1cbe58cbap-2,3,5,8,10,25,26
5322,222,0.43186978903968742,0x1.ba3c12f03937cp-2,10,11,12,13,24,27
5323,222,-0.26207599784162972,-0x1.0c5da67f2f7aap-2,0,3,7,11,20,23
5324,222,0.48998849369971442,0x1.f5bf8b2f6d222p-2,1,4,8,11,18,19
5325,222,-0.32319175829637647,-0x1.4af2c7c0e0f22p-2,2,4,6,9,21,23
5326,222,-0.46947281877638647,-0x1.e0bd7b8c05a5ap-2,7,10,14,17,27,29
5327,222,0.40877187733468423,0x1.a2951852b53d8p-2,13,15,20,23,24,28
5328,222,-0.33202387733041394,-0x1.53fe113a803fep-2,0,4,14,16,19,23
5329,222,-0.12886606903554554,-0x1.07eaef0092efcp-3,10,11,19,20,27,29
5330,222,-0.17674827909770519,-0x1.69fb0072ca98cp-3,2,4,12,17,24,27
5331,222,0.24552125488030074,0x1.f6d3d901785d8p-3,7,8,16,17,24,25
5332,222,0.45701098059170953,0x1.d3faafbe37960p-2,0,3,14,15,26,28
5333,222,-0.31970070019114516,-0x1.475f9ecf512c0p-2,0,5,7,9,20,22
5334,222,0.38453922348731551,0x1.89c4a673a1078p-2,0,5,7,10,18,22
5335,222,0.075329306414413821,0x1.348c80b7af300p-4,9,11,13,16,28,29
5336,222,0.3706504848835297,0x1.7b8bccfb49038p-2,1,2,6,10,18,21
5337,222,0.45078411555641917,0x1.cd9a59e77c030p-2,4,5,13,14,24,25
5338,222,0.18060511409518687,0x1.71e118143bc0cp-3,6,11,20,22,27,29
5339,222,0.251393615671613,0x1.016d53f6ee5b8p-2,2,5,16,17,19,20
5340,222,0.47149805286540702,0x1.e2d062b4bd086p-2,6,11,21,22,24,29
5341,222,-0.23148197182474006,-0x1.da133854ce8b8p-3,9,10,12,13,26,29
5342,222,-0.39694620343132558,-0x1.967910c8091ecp-2,1,5,14,16,26,27
5343,222,0.42293382765629617,0x1.b11590b89fa24p-2,0,4,12,17,25,27
5344,222,0.3672263681687532,0x1.780a30660dfa6p-2,7,10,14,15,22,23
5345,222,-0.36197740665438927,-0x1.72aa348de2cf8p-2,3,4,6,7,16,17
5346,222,0.13068488095465625,0x1.0ba483ce4155cp-3,8,10,13,17,20,22
5347,222,-0.036503582900632936,-0x1.2b098fd7d7650p-5,14,16,21,23,26,28
5348,222,-0.40802964101846229,-0x1.a1d285afe4440p-2,1,2,12,13,20,21
5349,222,-0.36883151005383596,-0x1.79aef7a5a97e4p-2,3,4,13,16,20,21
5350,222,-0.30161618823141745,-0x1.34dadfc197ac4p-2,1,5,13,16,18,20
5351,222,-0.44237530484544985,-0x1.c4fe082b7a196p-2,2,5,7,10,19,23
5352,222,-0.29942159211756925,-0x1.329b92e771e16p-2,1,2,9,11,20,23
5353,222,-0.43856483446585315,-0x1.c11723d4d372ep-2,6,7,18,19,27,28
5354,222,-0.44306264177419097,-0x1.c5b23691ff808p-2,1,2,6,10,19,22
5355,222,0.34289856660012885,0x1.5f20cd4592426p-2,7,10,15,17,24,28
5356,222,-0.29159357251142437,-0x1.2a978166a438ap-2,4,5,6,8,18,19
5357,222,-0.16589818927388889,-0x1.53c26e0b2cff0p-3,8,9,16,17,26,27
5358,222,-0.19007458831717949,-0x1.8545d364fbcd0p-3,6,7,20,21,25,28
5359,222,-0.065023024731522661,-0x1.0a55954b579c0p-4,13,17,21,22,25,26
5360,222,0.1767399889987169,0x1.69f6a7c528bb8p-3,2,4,13,17,25,29
5361,222,-0.091017293662042698,-0x1.74ce8cba61e68p-4,1,3,21,23,26,28
5362,222,-0.25874035009174667,-0x1.08f33af732d58p-2,0,3,13,17,18,20
5363,222,-0.15913165753396741,-0x1.45e6d186eeec8p-3,1,4,9,11,13,14
5364,222,0.19482150061095416,0x1.8efe932d741b0p-3,0,4,7,9,19,21
5365,222,0.083539985652352211,0x1.562e062490060p-4,1,4,9,11,19,21
5366,222,0.03697140995993875,0x1.2edeaa95473c0p-5,2,3,6,10,19,23
5367,222,0.12684549313316285,0x1.03c791e537258p-3,8,11,13,15,26,28
5368,222,0.16884595666801727,0x1.59cbe8af9b94cp-3,8,10,18,20,25,28
5369,222,0.21720708205005612,0x1.bcd7110eeaa8cp-3,0,5,16,17,19,21
5370,222,0.1032178196216943,0x1.a6c7ba7a3bd18p-4,4,5,6,7,24,26
5371,222,-0.24453028687173051,-0x1.f4cc4b87f6f30p-3,1,4,6,9,18,21
5372,222,0.37429323295828809,0x1.7f46b9aaae092p-2,2,5,13,15,27,28
5373,222,0.40325962030226215,0x1.9cf01703fb7cep-2,0,2,13,14,25,27
5374,222,0.13537201486187422,0x1.153dec4500c50p-3,13,16,21,23,25,26
5375,222,-0.069274403681964025,-0x1.1bbf7a2439168p-4,6,10,19,23,26,27
5376,222,0.25539473772269905,0x1.058632b85ba34p-2,6,10,15,17,24,27
5377,222,-0.19691504299145235,-0x1.934831ade8e70p-3,1,3,10,11,19,22
5378,222,0.29365922303099634,0x1.2cb500dc58fc2p-2,2,3,6,7,24,29
5379,222,-0.1305618404590706,-0x1.0b64019704aa4p-3,6,9,18,19,28,29
5380,222,0.094329844853632272,0x1.826002eaedff0p-4,2,4,20,21,25,29
5381,222,-0.40886279182683682,-0x1.a2aced7dca42cp-2,8,10,20,21,24,29
5382,222,-0.11580036975437968,-0x1.da517d0f5b360p-4,0,1,16,17,20,21
5383,222,0.03815308462842637,0x1.388cd1570f400p-5,1,2,9,10,19,21
5384,222,-0.092857296493841668,-0x1.7c57eeba2d290p-4,9,10,14,17,25,28
5385,222,0.34148800488807129,0x1.5daf0813e1d90p-2,0,3,10,11,21,23
5386,222,0.1994304658106042,0x1.986f0003dc58cp-3,1,5,12,14,27,28
5387,222,0.22675594831456836,0x1.d0656c3179eecp-3,8,9,12,16,24,26
5388,222,-0.063655755291543548,-0x1.04bbe5b2dea70p-4,7,10,12,14,21,23
5389,222,0.088469217762182972,0x1.6a5eb2cfdc468p-4,0,5,7,10,20,21
5390,222,-0.41544484942812199,-0x1.a96a5fe6577a8p-2,2,5,13,17,25,28
5391,222,0.078840635583451002,0x1.42ee65f6d4130p-4,2,4,6,11,14,16
5392,222,0.28770242223687725,0x1.269b76b9f3116p-2,7,11,14,16,26,28
5393,222,0.45867897531672663,0x1.d5aff0f9647ccp-2,6,8,13,15,18,23
5394,222,0.106646678295228,0x1.b4d325b814a20p-4,0,3,7,10,14,15
5395,222,0.010354991549362147,0x1.534ff70705e00p-7,8,11,18,20,27,28
5396,222,-0.088905699193518428,-0x1.6c2861e76d430p-4,2,3,14,16,24,28
5397,222,0.23418970554698026,0x1.df9eda3312bd4p-3,2,5,12,13,27,28
5398,222,-0.068010750064391279,-0x1.169270b4d90c8p-4,4,5,7,8,18,21
5399,222,0.055070408461492915,0x1.c323046a39210p-5,2,5,6,7,21,22
5400,222,0.276739629173124,0x1.1b61a2233912ap-2,0,1,13,16,18,21
5401,222,-0.4613897550990177,-0x1.d8768e53705d2p-2,1,3,10,11,12,13
5402,222,0.15564933147622362,0x1.3ec513a2ad59cp-3,3,4,13,15,24,26
5403,222,0.11863508683175394,0x1.e5ede7a19ba98p-4,2,4,6,7,25,27
5404,222,0.37122428966985399,0x1.7c22385e738fep-2,9,10,18,22,26,27
5405,222,-0.40099882883871207,-0x1.9a9f6fde62e34p-2,0,4,8,11,12,13
5406,222,-0.25967416259638554,-0x1.09e8060fdee2ep-2,3,5,16,17,19,20
5407,222,-0.1683339172868964,-0x1.58bf73ec70354p-3,0,3,15,16,25,26
5408,222,0.19349475745696132,0x1.8c46fab9cd01cp-3,2,4,19,22,24,29
5409,222,-0.26758270013164198,-0x1.1201330829c18p-2,7,10,19,22,26,27
5410,222,0.34490892303414433,0x1.612fce021ef4ep-2,13,17,18,20,28,29
5411,222,0.078041913033710109,0x1.3fa8e08327298p-4,2,5,7,9,25,27
5412,222,-0.20710335246636746,-0x1.a825cd6de14c8p-3,0,1,8,11,27,29
5413,222,-0.38315511698535343,-0x1.8859d0a2fd142p-2,1,3,19,21,26,29
5414,222,-0.1014026763749718,-0x1.9f5869ac1e360p-4,0,4,9,11,26,27
5415,222,0.087342475879441772,0x1.65c13957430e8p-4,3,5,7,8,26,28
5416,222,-0.35731974875034556,-0x1.6de53a6c6403ep-2,7,10,12,14,25,29
5417,222,-0.4228165877201765,-0x1.b0f6d4e1db9eep-2,16,17,18,20,28,29
5418,222,0.31388905777487264,0x1.416c2216dc802p-2,9,10,19,22,26,27
5419,222,0.055820860102083758,0x1.c948d412565a0p-5,7,9,18,19,27,28
5420,222,-0.33239390156194537,-0x1.545f112264c2ap-2,0,1,8,11,18,19
5421,222,-0.17192401396476464,-0x1.6019b28b01750p-3,6,11,14,16,19,21
5422,222,0.42047284508044913,0x1.ae906ef9e80acp-2,0,5,13,14,22,23
5423,222,-0.46369989816624424,-0x1.dad425672154ap-2,1,4,15,16,19,20
5424,222,0.00056464067649830696,0x1.2808c9ea9a000p-11,0,3,7,8,19,22
5425,222,0.14687525997444562,0x1.2cccefb174350p-3,4,5,7,9,19,22
5426,222,-0.10254927239141198,-0x1.a40ab4b265368p-4,1,2,12,16,20,23
5427,222,0.35284893329471623,0x1.69513b13b7984p-2,2,3,7,10,21,23
5428,222,0.15253697467199956,0x1.38654e2d2d180p-3,6,9,20,23,24,27
5429,222,-0.4497946466005226,-0x1.cc96f7c442af6p-2,2,3,7,11,25,29
5430,222,-0.21946949821465167,-0x1.c179396a69638p-3,2,4,13,16,18,23
5431,222,0.18888584450019952,0x1.82d694e672120p-3,7,9,20,23,24,28
5432,222,0.12960007415525188,0x1.096bc38072a68p-3,7,9,18,20,27,29
5433,222,0.46116485446807187,0x1.d83b998005166p-2,6,9,21,22,26,29
5434,222,0.3228469815426791,0x1.4a98662d5a3ccp-2,7,9,20,21,24,25
5435,222,0.31110967259403055,0x1.3e9388b50ae24p-2,3,4,6,7,22,23
5436,222,-0.28101202122267344,-0x1.1fc19d83bca98p-2,1,4,13,16,20,21
5437,222,0.4781680850591542,0x1.e9a4e4fd47b1ap-2,0,4,18,21,25,26
5438,222,-0.30607866281218987,-0x1.396caf5b20878p-2,1,3,8,11,19,21
5439,222,-0.043172364153377996,-0x1.61ab028427010p-5,2,3,14,17,25,28
5440,222,-0.067728234840741419,-0x1.156a339a82388p-4,2,4,14,16,24,27
5441,222,-0.2684179053652257,-0x1.12dc24b4d15fep-2,6,9,13,17,24,25
5442,222,0.19421021394136029,0x1.8dbe15ab6b1f4p-3,12,14,19,23,24,27
5443,222,0.3722318522090835,0x1.7d2a58bf11f08p-2,3,4,7,11,20,22
5444,222,0.37159271136244498,0x1.7c82ccbaef46ep-2,0,5,8,9,12,17
5445,222,0.22936655691958552,0x1.d5be2226203d8p-3,6,11,22,23,26,27
5446,222,0.053484013913303485,0x1.b6241b53b9f00p-5,2,5,7,9,12,14
5447,222,-0.43452124091207112,-0x1.bcf322dc89ea4p-2,3,5,6,7,15,17
5448,222,0.0046998626599576987,0x1.34029c6b92e00p-8,2,5,12,14,27,28
5449,222,-0.18555198694384933,-0x1.7c02ae1d0d9f8p-3,2,4,6,7,27,29
5450,222,-0.3154972387637679,-0x1.4311b549dfef6p-2,4,5,12,14,19,22
5451,222,-0.43986729676169301,-0x1.c26c9298af830p-2,8,10,15,17,26,27
5452,222,0.41909362115854887,0x1.ad26e0d35a4c2p-2,3,5,7,8,16,17
5453,222,0.15483750911108185,0x1.3d1b72ae9c0e0p-3,3,4,6,8,18,23
5454,222,-0.13187381839688794,-0x1.0e13dc49b4ca8p-3,9,10,21,22,26,29
5455,222,0.24142408327898468,0x1.ee6fbff1333d8p-3,6,9,13,16,21,23
5456,222,-0.35232547820230475,-0x1.68c80299b4b1ep-2,13,16,18,21,25,29
5457,222,-0.040407715554863,-0x1.4b051f1a0dfc0p-5,8,11,13,16,24,29
5458,222,0.39368894863931048,0x1.9323321ccf524p-2,1,4,6,9,18,23
5459,222,-0.34150979623843392,-0x1.5db4be786e484p-2,4,5,7,9,19,20
5460,222,-0.2704586179512859,-0x1.14f31a9c16a9ap-2,3,5,12,17,25,28
5461,222,-0.27842332583278595,-0x1.1d1b011b94db4p-2,6,7,18,21,26,28
5462,222,-0.48206000644064939,-0x1.eda123697d11ep-2,2,5,15,16,27,28
5463,222,0.12501783442836734,0x1.000959b24aeacp-3,6,7,15,16,18,20
5464,222,-0.18882677930702196,-0x1.82b79d4ddc818p-3,7,10,12,17,25,28
5465,222,-0.37430956379859415,-0x1.7f4b019c61446p-2,3,4,8,11,19,21
5466,222,-0.30169897446158167,-0x1.34f09372326a0p-2,1,3,13,16,24,29
5467,222,-0.0054983536346985273,-0x1.6857110af9b80p-8,7,9,18,21,26,28
5468,222,0.45543507413076767,0x1.d25d92735f36ep-2,1,3,15,16,26,28
5469,222,-0.11243898757870352,-0x1.cc8cd2e722550p-4,9,10,13,17,24,26
5470,222,-0.11609265996277485,-0x1.db83fa1d88428p-4,6,8,20,22,24,29
5471,222,0.025435275360166432,0x1.a0bb46f58bfe0p-6,2,3,10,11,24,28
5472,222,0.44679525791487607,0x1.c984b23302552p-2,7,9,22,23,24,25
5473,222,0.41385377902538367,0x1.a7c948f8f5cb6p-2,4,5,14,16,18,19
5474,222,0.45070127091944723,0x1.cd84a24b7569ep-2,1,5,12,16,24,27
5475,222,-0.38305865367573955,-0x1.88408717f2c82p-2,1,2,6,9,18,23
5476,222,-0.13228603910419168,-0x1.0eebfb9d5bea4p-3,3,5,7,8,18,20
5477,222,0.2501461906949155,0x1.002652b103baap-2,3,5,15,16,19,20
5478,222,0.02438944356974837,0x1.8f98bd9ffb320p-6,0,4,7,9,20,22
5479,222,0.33656067675553469,0x1.58a35caf237b0p-2,10,11,18,19,26,29
5480,222,0.090039757882703797,0x1.70cd877722b28p-4,1,5,12,15,20,23
5481,222,0.049793367087659468,0x1.97e8426660030p-5,0,3,12,16,19,20
5482,222,-0.41404804927097838,-0x1.a7fc363a5da4cp-2,14,16,18,21,25,26
5483,222,0.28105797092896245,0x1.1fcda925ae17cp-2,6,8,21,22,24,29
5484,222,-0.17698783759097625,-0x1.6a789971f1ab4p-3,0,2,7,11,28,29
5485,222,-0.12782697229424589,-0x1.05ca25cc67644p-3,1,5,13,14,24,27
5486,222,0.033075933386899181,0x1.0ef54285ce150p-5,7,11,19,21,24,29
5487,222,-0.22609153069633858,-0x1.cf091391f263cp-3,3,5,16,17,18,20
5488,222,0.16856401020842493,0x1.5938167905b98p-3,7,10,19,22,27,29
5489,222,-0.13050928424381492,-0x1.0b48739d36618p-3,2,5,6,10,27,28
5490,222,0.12768884090458243,0x1.0581ba1dfea00p-3,3,4,6,7,19,21
5491,222,-0.19367308081635726,-0x1.8ca478e1c6494p-3,6,8,16,17,27,28
5492,222,-0.37729826660832833,-0x1.825a7a0fae586p-2,1,4,6,8,18,21
5493,222,0.26462461836766682,0x1.0ef9c1866c250p-2,0,2,13,16,25,29
5494,222,0.20491976798499634,0x1.a3acf9ae654f0p-3,0,1,15,16,28,29
5495,222,0.23494149038076684,0x1.e129010d45694p-3,2,3,6,10,24,29
5496,222,-0.077384670744896855,-0x1.3cf7b560fa1a0p-4,1,2,15,16,27,28
5497,222,0.17126407078894179,0x1.5ebfb278258c4p-3,10,11,12,15,20,23
5498,222,0.42566570875896759,0x1.b3e1b62897fd2p-2,0,3,13,15,25,29
5499,222,-0.14031145255990163,-0x1.1f5b9c5ffe050p-3,3,5,6,8,20,21
5500,222,-0.22141915246768951,-0x1.c57767947440cp-3,6,7,20,22,25,29
5501,222,0.46534155148707501,0x1.dc827ee46d73ep-2,0,3,13,16,18,21
5502,222,-0.25758662552134959,-0x1.07c4c9d201396p-2,13,17,18,22,26,29
5503,222,0.25946924628155643,0x1.09b24e5c63624p-2,1,2,10,11,22,23
5504,222,-0.25367202370358566,-0x1.03c29956de3f0p-2,1,4,15,16,18,23
5505,222,-0.41897766150453586,-0x1.ad087ae7aa896p-2,1,4,6,11,26,29
5506,222,0.41074802957762091,0x1.a49b21a7bab2cp-2,8,9,21,22,25,29
5507,222,0.21544571010486357,0x1.b93b99b7b609cp-3,0,4,12,17,19,21
5508,222,0.28863204697670986,0x1.278f28c95eb98p-2,1,4,15,16,27,29
5509,222,0.12127944854916806,0x1.f0c2b81321248p-4,2,5,7,9,19,20
5510,222,0.27972084127923047,0x1.1e6f23e537320p-2,4,5,8,9,24,25
5511,222,0.089341516993222014,0x1.6df15eda931d8p-4,2,3,10,11,14,15
5512,222,-0.35559790003372072,-0x1.6c21db1caf36ep-2,10,11,20,23,25,27
5513,222,-0.17078363507822736,-0x1.5dc3cf7ad2e9cp-3,1,5,15,17,24,28
5514,222,0.47971930681677577,0x1.eb3b89b826c00p-2,3,5,6,8,19,22
5515,222,0.38346430327997683,0x1.88aaddc7156dap-2,6,10,15,17,18,22
5516,222,0.39446912257371425,0x1.93efb6b2f1948p-2,6,10,15,17,24,25
5517,222,0.40058242431593305,0x1.9a32476f28458p-2,0,4,9,11,18,20
5518,222,-0.21197249120669603,-0x1.b21ea22b13440p-3,0,4,14,16,18,21
5519,222,0.48640394918143637,0x1.f213e079849fap-2,2,3,15,17,19,20
5520,222,0.33007379099027145,0x1.51fedd2647a26p-2,1,4,6,11,18,19
5521,222,0.086400499260883112,0x1.61e57d6aefe20p-4,9,10,12,14,25,27
5522,222,0.023737782296903487,0x1.84eb79a943e20p-6,6,11,13,16,25,28
5523,222,0.43448538031974915,0x1.bce9bc4c40f7ap-2,7,9,20,23,27,28
5524,222,0.38238045661437647,0x1.878ebe0f27368p-2,7,9,14,17,24,25
5525,222,-0.43555109255961377,-0x1.be011b091f584p-2,1,4,12,16,27,29
5526,222,-0.19675848753132452,-0x1.92f61d29427bcp-3,0,2,9,10,28,29
5527,222,-0.24522879369030615,-0x1.f63a83877fc98p-3,1,2,10,11,20,22
5528,222,-0.0049484779429581627,-0x1.444daeee13580p-8,14,17,19,21,24,26
5529,222,0.051611602709687121,0x1.a6cd60376e9a0p-5,6,9,13,17,26,28
5530,222,0.0012851298519993559,0x1.50e39abde6c00p-10,0,1,10,11,26,27
5531,222,0.19753119960704935,0x1.948b3cd203f14p-3,6,10,13,14,24,25
5532,222,-0.19484552708499459,-0x1.8f0b2bf4d0c2cp-3,0,3,14,15,26,29
5533,222,-0.47176753856023446,-0x1.e3170795b8f60p-2,0,1,14,15,27,29
5534,222,0.30625133036332586,0x1.3999f2e111624p-2,1,5,8,9,18,22
5535,222,-0.14419021228127415,-0x1.274d32b136018p-3,1,4,6,11,14,16
5536,222,0.24463922740284116,0x1.f50569481c7ccp-3,2,3,12,14,19,22
5537,222,0.30513242249244876,0x1.3874a23e37a04p-2,3,4,6,8,26,29
5538,222,-0.2768147155002576,-0x1.1b75511880278p-2,1,5,14,15,24,26
5539,222,0.4028885168096048,0x1.9c8eceae86590p-2,4,5,13,17,24,27
5540,222,0.44703915057618493,0x1.c9c4a18f067c6p-2,13,14,22,23,25,26
5541,222,0.009149332409895905,0x1.2bce29bd88c00p-7,7,9,19,20,24,29
5542,222,0.045923469133062889,0x1.78347ec173ad0p-5,1,4,6,8,18,22
5543,222,-0.450407531385146,-0x1.cd37a1c4af682p-2,1,4,14,17,19,22
5544,222,-0.061863107720950938,-0x1.fac8570fb16f0p-5,3,4,15,17,25,26
5545,222,0.39205021182360689,0x1.91759c58b0660p-2,7,10,19,23,24,26
5546,222,-0.4343963005338729,-0x1.bcd262412f7c0p-2,2,5,7,10,14,15
5547,222,0.35180460490561449,0x1.683f77629b758p-2,7,11,15,16,25,28
5548,222,0.40250303013605204,0x1.9c29c11be6a6ep-2,7,11,12,15,28,29
5549,222,-0.19731198326904187,-0x1.94184e19fed74p-3,2,3,6,11,20,21
5550,222,-0.22738589032057643,-0x1.d1afb193fd604p-3,0,5,14,17,18,22
5551,222,-0.14317541654708354,-0x1.2539271d49868p-3,12,16,19,21,24,26
5552,222,-0.32037191005744869,-0x1.480f92f103e30p-2,3,4,8,11,19,22
5553,222,0.28629588442965248,0x1.252abf926b446p-2,7,8,18,20,25,29
5554,222,0.095912062938301568,0x1.88db1659ca568p-4,0,3,10,11,26,28
5555,222,0.33269825834166356,0x1.54aeda2c0dee4p-2,2,4,6,9,20,23
5556,222,-0.3486560272962026,-0x1.650615eb2971ep-2,3,5,15,17,18,22
5557,222,-0.48852036164558188,-0x1.f43eae82ca9dap-2,0,4,14,17,18,19
5558,222,-0.45049511699210376,-0x1.cd4e9789f482ap-2,8,10,13,17,26,28
5559,222,0.040725310155970362,0x1.4d9f2a67a8c00p-5,4,5,12,16,20,23
5560,222,-0.19726002491920891,-0x1.93fd105eb06e0p-3,1,4,19,22,26,29
5561,222,0.23171755893000123,0x1.da8ebc4c1b414p-3,10,11,12,13,27,29
5562,222,0.12333967651324507,0x1.f933064ec7180p-4,2,4,6,11,20,22
5563,222,-0.022086961283607431,-0x1.69df6e1864240p-6,1,3,6,11,24,29
5564,222,-0.050859622655641368,-0x1.a0a45bffc5ad0p-5,7,8,20,21,25,28
5565,222,-0.044335757248610719,-0x1.6b32d26da3400p-5,3,4,12,17,19,21
5566,222,0.31389764062449654,0x1.416e621318582p-2,6,9,14,17,18,22
5567,222,0.47573878726569219,0x1.e7281192fab9cp-2,3,5,12,16,19,20
5568,222,-0.020206865770938776,-0x1.4b11bce903960p-6,8,9,19,23,27,28
5569,222,-0.24358027437752994,-0x1.f2da370337b38p-3,2,3,12,13,24,25
5570,222,0.49368912109712704,0x1.f989a41603384p-2,2,5,6,9,24,28
5571,222,-0.47293518124649514,-0x1.e4491ec2537c6p-2,14,16,18,23,26,27
5572,222,-0.3020689430893353,-0x1.35518f9ed2ec8p-2,7,11,12,14,27,29
5573,222,-0.36046163334121273,-0x1.711cdabaa72b8p-2,6,9,13,16,24,29
5574,222,-0.15172891082656259,-0x1.36bda5aedcbf4p-3,9,10,13,14,28,29
5575,222,-0.086321661457119392,-0x1.6192d28e50bd0p-4,8,11,13,15,25,28
5576,222,0.35049241295212819,0x1.66e77bac8087ap-2,0,3,7,11,25,26
5577,222,0.38512668843009334,0x1.8a5ea68e7f026p-2,0,1,9,11,18,19
5578,222,0.3747215145498547,0x1.7fb6ff2865986p-2,0,5,7,10,19,21
5579,222,0.29813185344554083,0x1.31497a01c7214p-2,1,5,6,8,20,21
5580,222,-0.43248897188494617,-0x1.bade6398818b2p-2,1,4,6,9,18,20
5581,222,-0.10884573317561164,-0x1.bdd50604c6390p-4,3,4,22,23,24,25
5582,222,-0.22272199913096746,-0x1.c82278b2f01e8p-3,6,11,18,23,25,28
5583,222,-0.06296373727372262,-0x1.01e64386cb0f0p-4,8,9,13,16,24,28
5584,222,0.19277279549447324,0x1.8acc76a1a8774p-3,1,3,8,10,19,20
5585,222,-0.4609018675598342,-0x1.d7f6a8bf56d8cp-2,12,13,20,21,25,29
5586,222,-0.18683299470567816,-0x1.7ea24c1098d70p-3,0,2,14,15,18,22
5587,222,0.26140711427933927,0x1.0bae4e7b16034p-2,9,10,12,13,24,26
5588,222,0.094855533141757542,0x1.84873c4b04110p-4,1,4,15,17,27,29
5589,222,-0.40993278814339673,-0x1.a3c56bba89338p-2,8,9,13,17,24,26
5590,222,-0.2499145768896468,-0x1.ffd336b447164p-3,1,4,6,11,18,21
5591,222,0.28908315154373099,0x1.280569e6d1daep-2,0,3,7,10,12,17
5592,222,0.39716450113961377,0x1.96b24a7e1b706p-2,12,13,21,22,25,26
5593,222,0.062074472711798778,0x1.fc839ac6d5fa0p-5,12,17,21,22,25,29
5594,222,-0.22694152311172444,-0x1.d0c6b79ef44b8p-3,10,11,12,15,25,29
5595,222,-0.25301409266440589,-0x1.03162055aed5ap-2,7,8,12,17,26,29
5596,222,-0.36368881750638127,-0x1.746ad764717acp-2,8,9,18,23,25,28
5597,222,-0.19397718818864984,-0x1.8d43e97b85b60p-3,7,8,12,17,19,20
5598,222,-0.43031156432080508,-0x1.b8a3983f64d24p-2,2,4,14,15,24,27
5599,222,-0.099373023972964769,-0x1.97082b01189b8p-4,7,10,21,22,25,29
5600,222,0.45788494586806949,0x1.d4dfca8f561b6p-2,10,11,12,15,24,25
5601,222,0.31475422448818668,0x1.424eee71d183cp-2,2,4,6,9,25,29
5602,222,-0.13409479665663404,-0x1.12a04af1a1d1cp-3,9,10,20,21,24,28
5603,222,0.10364913874802861,0x1.a88bffd2e6ce8p-4,0,5,9,10,20,23
5604,222,-0.44650773473611549,-0x1.c93952d8691f8p-2,14,17,19,21,26,28
5605,222,-0.082888527941415879,-0x1.5382ebcb8d298p-4,3,4,6,8,15,17
5606,222,0.2204503736215716,0x1.c37b7c48c3da4p-3,1,3,13,16,24,26
5607,222,0.39837371206358696,0x1.97ef474398ceep-2,6,9,20,21,25,29
5608,222,-0.0070872255753775537,-0x1.d077ea10cc900p-8,0,1,12,13,27,28
5609,222,0.074070505745473247,0x1.2f648dfc66598p-4,1,5,12,15,22,23
5610,222,-0.49411178690484459,-0x1.f9f870b54c370p-2,1,4,14,16,21,23
5611,222,0.16741642128634171,0x1.56de6bb1e7d34p-3,0,3,7,11,18,21
5612,222,0.11364428999287723,0x1.d17cacce58428p-4,1,4,15,17,19,22
5613,222,-0.3162612933944895,-0x1.43da00207adf8p-2,6,9,20,21,24,28
5614,222,-0.35696993400389954,-0x1.6d8986c0cee02p-2,12,17,19,20,28,29
5615,222,0.10264586627690686,0x1.a46ffdeba9978p-4,7,11,15,16,24,26
5616,222,-0.4806835205421327,-0x1.ec384d01d183cp-2,0,1,18,19,26,29
5617,222,0.34288234625652092,0x1.5f1c8cbe30a54p-2,6,11,13,14,26,29
5618,222,0.21216014273380834,0x1.b281045473814p-3,0,3,19,21,26,29
5619,222,0.21410507070170715,0x1.b67cb82492a30p-3,6,11,21,22,24,26
5620,222,0.15385875604850929,0x1.3b1a4cab73e54p-3,7,9,12,14,25,29
5621,222,-0.49513819623555,-0x1.fb0581df5416ap-2,4,5,12,13,21,23
5622,222,-0.33744767138218923,-0x1.598be1e2ca9b4p-2,4,5,6,9,20,22
5623,222,0.46133669020397394,0x1.d868a5337bdacp-2,1,4,18,22,26,29
5624,222,0.20408249499433662,0x1.a1f600cd7e7bcp-3,7,8,15,17,19,20
5625,222,0.11462651795271739,0x1.d5829d9dc7cb8p-4,0,1,18,22,26,29
5626,222,-0.42210974337080409,-0x1.b03d895c66f84p-2,1,5,6,10,27,28
5627,222,-0.2057944705356044,-0x1.a57792452f384p-3,6,7,14,16,19,23
5628,222,-0.047771802558813192,-0x1.8758bb3527800p-5,4,5,18,22,25,27
5629,222,0.27979639355709396,0x1.1e82f21f77424p-2,2,5,12,16,27,28
5630,222,0.32848885458772581,0x1.505f61de3818cp-2,2,3,15,17,25,29
5631,222,-0.19176532189832418,-0x1.88bc41d07b520p-3,7,8,16,17,25,26
5632,222,-0.48437906837299072,-0x1.f00111061da34p-2,0,1,9,10,26,28
5633,222,0.43334499213076938,0x1.bbbeca24591eep-2,6,7,20,23,24,28
5634,222,-0.32057268788854276,-0x1.484434e9e36fep-2,0,2,7,10,18,21
5635,222,0.46748840245609058,0x1.deb5479f3b978p-2,14,17,18,22,26,29
5636,222,-0.31110373881196385,-0x1.3e91fa7f715e2p-2,6,10,18,20,28,29
5637,222,0.29988931845898092,0x1.33162f7ccde0ap-2,1,2,6,9,20,21
5638,222,0.48251222517952541,0x1.ee17af4c43d6ep-2,1,3,6,8,21,22
5639,222,-0.23203296215741032,-0x1.db3419007b0ccp-3,1,3,15,17,18,20
5640,222,0.21730293488925678,0x1.bd09523564b60p-3,0,1,21,22,26,29
5641,222,-0.45772703810522508,-0x1.d4b6658ca0a72p-2,3,4,7,11,25,26
5642,222,-0.45030326858540803,-0x1.cd1c4ccf6cc80p-2,1,2,18,20,28,29
5643,222,-0.32863714816931511,-0x1.508641ae8d398p-2,0,2,9,10,20,21
5644,222,-0.1803524217375605,-0x1.715c9c48f0120p-3,3,5,16,17,20,21
5645,222,0.16412082102420389,0x1.501e93b7220c4p-3,0,1,8,11,13,16
5646,222,-0.037746806964572888,-0x1.3538caae1ed90p-5,8,10,20,22,27,29
5647,222,0.41711429871356176,0x1.ab2002beacc5ap-2,0,5,14,15,27,28
5648,222,-0.25899677878966976,-0x1.0936739aaf14ep-2,2,5,14,16,18,19
5649,222,0.37397332835331187,0x1.7ef2dd3b6a3bep-2,7,11,18,19,26,27
5650,222,-0.35384516068862848,-0x1.6a5662c405a82p-2,0,4,20,22,25,27
5651,222,0.087233872606494844,0x1.654f585f2c578p-4,2,5,20,21,24,25
5652,222,-0.48632228190471116,-0x1.f1fe77e06326ap-2,4,5,14,15,22,23
5653,222,0.44293408620837982,0x1.c590835a31cdap-2,4,5,6,9,19,21
5654,222,0.39257037389128424,0x1.91fdf7d4f75b0p-2,7,10,14,15,28,29
5655,222,0.21871807150798062,0x1.bfef42a15e238p-3,6,10,13,15,24,28
5656,222,0.44307288373901976,0x1.c5b4e5e59d2f2p-2,3,4,12,14,22,23
5657,222,0.27761491639159186,0x1.1c4715ab22782p-2,8,11,12,16,19,23
5658,222,-0.13907134517609232,-0x1.1cd16ffabc818p-3,6,11,20,21,25,28
5659,222,-0.31147318664797141,-0x1.3ef2d3b8ef8e4p-2,6,8,15,16,25,26
5660,222,0.44007704359536315,0x1.c2a38e77d98ccp-2,16,17,20,21,25,29
5661,222,0.22098154895107325,0x1.c491f96e1d404p-3,7,11,19,23,24,28
5662,222,-0.029902254627584113,-0x1.e9eb256cefd60p-6,2,3,7,10,14,15
5663,222,-0.32879550991390993,-0x1.50afc5289b884p-2,7,11,18,20,25,27
5664,222,0.31893711896208599,0x1.469773bdb0c38p-2,8,9,12,13,24,26
5665,222,0.48382933337464984,0x1.ef70f4eec2272p-2,2,3,13,16,28,29
5666,222,-0.47179033919814162,-0x1.e31d01b5b2f5ap-2,15,16,18,23,26,28
5667,222,-0.052955893828156575,-0x1.b1d08f03ea8b0p-5,4,5,15,16,20,23
5668,222,0.48604959468081188,0x1.f1b6fc258d754p-2,1,4,6,11,19,21
5669,222,0.30635086290540714,0x1.39b40a651ed36p-2,6,10,14,17,24,27
5670,222,0.13561189948778107,0x1.15bbb109fcd80p-3,0,3,14,15,25,29
5671,222,-0.20936314947735124,-0x1.acc6963ff1384p-3,6,11,13,16,21,23
5672,222,-0.1026431430940552,-0x1.a46d22ebf63b8p-4,1,5,9,10,12,13
5673,222,-0.093516281556126124,-0x1.7f0aedaed55c0p-4,2,3,13,15,22,23
5674,222,-0.1622949401203595,-0x1.4c614a20fc5c0p-3,13,17,20,22,25,29
5675,222,-0.12985884899341393,-0x1.09f36fac2eee4p-3,0,1,12,16,21,23
5676,222,0.26241397594364302,0x1.0cb63fd2c3de4p-2,0,3,15,17,18,19
5677,222,0.15840490582646372,0x1.4469ca9067ac4p-3,2,5,12,14,24,25
5678,222,-0.29631026677566918,-0x1.2f6bf56515070p-2,4,5,7,9,20,21
5679,222,0.061459382178160493,0x1.f779aa8f9a210p-5,1,5,8,10,19,22
5680,222,-0.46862802962318673,-0x1.dfe006b4e1cc6p-2,6,10,14,17,19,21
5681,222,-0.15236417107262079,-0x1.380ab4deb662cp-3,6,8,13,15,20,23
5682,222,0.23265279817220386,0x1.dc7911fbc7b04p-3,2,5,6,9,20,21
5683,222,0.10195734062382733,0x1.a19e053910438p-4,2,3,15,17,19,22
5684,222,-0.11367295185344406,-0x1.d19abaaa67bb0p-4,6,11,13,15,20,22
5685,222,0.23521557624947231,0x1.e1b8b43c029e0p-3,15,16,20,23,27,28
5686,222,0.094036819468197086,0x1.812cc083c5af0p-4,7,10,12,14,25,26
5687,222,-0.26620788808982432,-0x1.1098ccf521d0ep-2,0,1,12,17,26,27
5688,222,-0.1515660466643648,-0x1.3668426cdc124p-3,2,4,9,11,18,23
5689,222,0.25101191802713019,0x1.010944ab54be4p-2,3,5,12,17,19,22
5690,222,-0.17094836746156328,-0x1.5e1a2d7c6a818p-3,2,5,12,17,19,20
5691,222,-0.46162652360452905,-0x1.d8b49f9763f7ap-2,9,10,13,17,18,21
5692,222,-0.17762793235377328,-0x1.6bc8318286428p-3,12,17,20,22,25,29
5693,222,0.022535363543643383,0x1.71382a5b194c0p-6,9,10,19,22,24,29
5694,222,0.35990334861936624,0x1.708a80e02a0cep-2,0,4,13,14,21,22
5695,222,0.149837420839809,0x1.32ddf631cab00p-3,0,2,7,9,19,21
5696,222,-0.047167858267784024,-0x1.82662b15d7010p-5,2,4,14,15,24,29
5697,222,0.28871655781576178,0x1.27a5503687914p-2,0,5,12,16,27,28
5698,222,0.24049037393841277,0x1.ec8637988bdd8p-3,6,11,13,14,21,23
5699,222,-0.34663812589621035,-0x1.62f51ad915750p-2,8,11,13,16,28,29
5700,222,-0.1085476999690782,-0x1.bc9c8356c5790p-4,9,11,14,16,25,27
5701,222,-0.10023206143920094,-0x1.9a8cef1e45c20p-4,7,11,12,16,24,29
5702,222,-0.48878406649966955,-0x1.f483cf71b018ep-2,2,3,6,11,24,28
5703,222,0.096490424104517469,0x1.8b398afe7f460p-4,7,11,18,22,26,29
5704,222,0.34860298546761048,0x1.64f82e577c434p-2,0,5,18,19,27,28
5705,222,-0.38841164329063504,-0x1.8dbbc825468c8p-2,0,2,7,11,25,27
5706,222,-0.28112699124668117,-0x1.1fdfc105b5a18p-2,13,16,18,21,25,28
5707,222,0.25524589811699183,0x1.055f2e43670b0p-2,0,3,13,16,25,28
5708,222,-0.15912988705740883,-0x1.45e5e3e5d26bcp-3,7,8,22,23,24,27
5709,222,0.40924078666211749,0x1.a310044b9cc84p-2,7,10,12,14,24,28
5710,222,-0.2188553859581015,-0x1.c03740a9f2b20p-3,0,5,12,15,25,26
5711,222,0.09571985845975084,0x1.88118bda991a8p-4,2,3,14,16,24,29
5712,222,-0.13227023269066696,-0x1.0ee3b21d20344p-3,3,4,16,17,18,19
5713,222,-0.2035679928358336,-0x1.a0e8417df02a0p-3,4,5,22,23,24,25
5714,222,-0.43985807064441707,-0x1.c26a2771329d8p-2,0,5,7,9,25,26
5715,222,0.13377190008534401,0x1.11f7007fec334p-3,6,8,15,17,20,22
5716,222,0.29481251620376159,0x1.2de3550e2fbecp-2,10,11,19,22,26,29
5717,222,0.1823831875791091,0x1.7585510ff0a78p-3,6,11,18,22,26,29
5718,222,0.31480842839704426,0x1.425d2401e1c10p-2,6,10,13,14,24,26
5719,222,-0.30476907968087974,-0x1.381562b83edecp-2,0,2,14,16,18,21
5720,222,-0.16993083227811911,-0x1.5c04b239bb8fcp-3,1,4,13,17,27,29
5721,222,-0.34817961946258336,-0x1.648932bae6eeep-2,2,3,13,16,18,21
5722,222,-0.10219235676914407,-0x1.a29473e3981e0p-4,6,9,13,16,26,29
5723,222,-0.34967929633989281,-0x1.6612545778f7ap-2,2,4,6,9,13,14
5724,222,0.22903896186929928,0x1.d5126115e84ecp-3,8,11,12,13,24,27
5725,222,0.45563724554082341,0x1.d29291f1bfdaep-2,1,5,6,9,22,23
5726,222,-0.4134516999643445,-0x1.a75fe1e74a340p-2,8,9,19,22,26,27
5727,222,-0.0055309733912271009,-0x1.6a7a55d492e80p-8,3,5,13,15,24,25
5728,222,0.41157725707830228,0x1.a574822bb6fb4p-2,0,5,16,17,25,27
5729,222,-0.42177200648908475,-0x1.afe50038f4a72p-2,8,11,20,22,24,25
5730,222,-0.36096860066745518,-0x1.71a1c0baff982p-2,9,10,18,20,27,28
5731,222,-0.04878241752723822,-0x1.8fa024fcc71c0p-5,4,5,19,23,26,27
5732,222,0.47733384163462034,0x1.e8ca33dc6102ep-2,6,8,15,17,26,28
5733,222,-0.10064267273309413,-0x1.9c3b7dbf87dd8p-4,0,4,9,11,26,29
5734,222,0.20708531445229472,0x1.a81c58686f944p-3,1,3,6,8,19,22
5735,222,0.21927173003877609,0x1.c111896ba18e0p-3,6,9,19,21,26,29
5736,222,0.21212283960817102,0x1.b26d7596d0614p-3,0,2,7,10,22,23
5737,222,-0.3044515316601728,-0x1.37c2246eca4acp-2,0,3,12,15,20,22
5738,222,-0.24828707179095677,-0x1.fc7deeaae4e44p-3,2,4,13,14,22,23
5739,222,0.3665776533735754,0x1.776021e2bc584p-2,13,14,22,23,24,25
5740,222,0.41309245829526209,0x1.a701b59a68da2p-2,6,10,15,17,19,20
5741,222,0.065235357153429319,0x1.0b343ad8450d8p-4,1,3,8,10,21,22
5742,222,0.19155336248336063,0x1.884d211a705e4p-3,15,17,19,22,24,27
5743,222,-0.39320475895186957,-0x1.92a444b151c26p-2,8,11,15,16,25,26
5744,222,-0.28513175807748126,-0x1.23f9945ff99dcp-2,0,3,16,17,18,20
5745,222,-0.43880149376959898,-0x1.c1552dc4b49bcp-2,1,5,13,16,18,23
5746,222,-0.030623272990485062,-0x1.f5bb50ff66360p-6,1,4,12,14,19,23
5747,222,0.027928984811852908,0x1.c996a71827240p-6,0,2,13,16,18,21
5748,222,0.084956573905073718,0x1.5bfb6ca80a3c0p-4,16,17,18,19,26,29
5749,222,-0.2064250530911359,-0x1.a6c22da0cfdb4p-3,2,4,14,16,18,21
5750,222,-0.24432218255103155,-0x1.f45f303df3c20p-3,1,4,13,15,24,26
5751,222,0.4378640759259621,0x1.c05f70b8c7f46p-2,7,8,15,17,24,29
5752,222,0.25903567088059576,0x1.0940a59bb7e36p-2,2,3,20,21,24,29
5753,222,0.0018891333247913478,0x1.ef3997641be00p-10,9,11,19,23,26,28
5754,222,-0.32625165571800696,-0x1.4e14e9fe4c7bep-2,2,5,9,10,12,17
5755,222,0.029722064943596527,0x1.e6f76039bfdc0p-6,13,14,21,23,25,26
5756,222,0.29972649586076661,0x1.32eb80a5dddf4p-2,2,4,6,11,13,14
5757,222,-0.051433817940708448,-0x1.a55888bed7210p-5,0,5,16,17,26,27
5758,222,0.38564193751399289,0x1.8ae5b8565acdap-2,0,5,7,8,26,28
5759,222,-0.17687309109692029,-0x1.6a3c706e6dfb0p-3,2,4,12,16,25,29
5760,222,-0.45365389723315641,-0x1.d08aa5b147042p-2,0,2,12,13,25,28
5761,222,0.22471652743155113,0x1.cc382dc1837acp-3,8,9,12,17,21,22
5762,222,0.12884776461111602,0x1.07e1563956efcp-3,8,11,12,16,20,21
5763,222,0.42646041841818905,0x1.b4b20a3894118p-2,8,9,13,17,25,28
5764,222,0.33213380038536067,0x1.541ae20a348c4p-2,13,16,20,23,27,28
5765,222,-0.012009976059211835,-0x1.898afb3335180p-7,6,7,18,20,27,28
5766,222,-0.0072417499363200966,-0x1.da9867246e180p-8,0,3,8,10,25,29
5767,222,0.089724026614813379,0x1.6f8275ff9dee0p-4,6,9,13,14,22,23
5768,222,0.19865669933533048,0x1.96d952d6365f8p-3,0,1,12,16,26,27
5769,222,0.41927706527423503,0x1.ad56f78d43460p-2,10,11,20,21,24,25
5770,222,0.23695342020462884,0x1.e547d5b3a2418p-3,1,3,14,15,28,29
5771,222,0.047679765208226255,0x1.8697b70802610p-5,9,11,21,23,25,28
5772,222,-0.16260446209195412,-0x1.4d039176f2ec4p-3,1,3,14,15,22,23
5773,222,0.30005428672183643,0x1.33416e51fac5ap-2,0,3,12,13,26,28
5774,222,-0.076990585660513866,-0x1.3b5a7af8304e8p-4,0,5,14,16,26,27
5775,222,-0.39529953958075559,-0x1.94c9670a7e28ep-2,6,10,19,21,24,29
5776,222,-0.068659636354566733,-0x1.193ad8cb2b7c8p-4,8,10,19,21,24,26
5777,222,0.44466600699589254,0x1.c7568696c2d50p-2,9,10,14,17,24,29
5778,222,-0.30153400873828751,-0x1.34c554c8a6a0ep-2,1,3,6,8,13,16
5779,222,0.46812380251533259,0x1.df5bd899214bep-2,0,4,12,17,19,20
5780,222,-0.40289073734906766,-0x1.9c8f63b31a2f6p-2,4,5,13,15,25,26
5781,222,-0.41765062036394629,-0x1.abac9aae78134p-2,6,11,20,22,24,27
5782,222,-0.18348436275991475,-0x1.77c6a64b0cc48p-3,1,4,9,11,20,21
5783,222,0.33118804855346584,0x1.5322f5b573e9ap-2,9,10,21,23,24,26
5784,222,-0.23881447907637676,-0x1.e91790cb8df4cp-3,6,11,15,16,25,27
5785,222,-0.3851239442927924,-0x1.8a5dee669386ep-2,7,11,18,23,25,28
5786,222,0.38595487501693415,0x1.8b37c137b7cecp-2,8,11,20,23,24,28
5787,222,-0.4010130787750793,-0x1.9aa32c2a6dcfap-2,3,5,8,10,24,25
5788,222,-0.36609216276533563,-0x1.76e0dd29989a2p-2,0,1,13,14,18,21
5789,222,-0.043966876852122749,-0x1.682d3945fcf10p-5,1,5,6,10,20,22
5790,222,-0.076512561980358607,-0x1.39653c7705610p-4,3,4,6,8,19,20
5791,222,0.10915077098673454,0x1.bf14e0fb8a140p-4,8,11,13,15,25,26
5792,222,-0.30852401055451162,-0x1.3bedb7dd73156p-2,9,11,13,14,22,23
5793,222,0.30522555033049015,0x1.388d0bf24acf8p-2,1,2,6,11,19,20
5794,222,0.30432204062679702,0x1.37a0326fc6bc0p-2,6,9,19,21,24,28
5795,222,-0.060199160159091547,-0x1.ed26ca0428ab0p-5,7,10,12,14,27,29
5796,222,0.046519836619561605,0x1.7d172b1cae540p-5,0,1,16,17,18,19
5797,222,-0.18597326574597572,-0x1.7cdf8d3279694p-3,1,5,6,9,13,17
5798,222,0.038580685861814623,0x1.3c0d9001146d0p-5,4,5,15,17,19,20
5799,222,0.32653348684379313,0x1.4e5ecb5c2bf7ep-2,0,1,15,17,26,28
5800,222,-0.46220008524653466,-0x1.d94afaa95e7e4p-2,1,2,10,11,18,21
5801,222,-0.43365207423913554,-0x1.bc0f4a12cc716p-2,1,4,15,17,18,19
5802,222,-0.48435435424697892,-0x1.effa967ca9f4ep-2,8,11,12,15,22,23
5803,222,0.1060063195579618,0x1.b233aebabb7a8p-4,1,5,6,9,24,28
5804,222,-0.31071728016710798,-0x1.3e2cabb27aac6p-2,3,4,19,21,24,29
5805,222,-0.29802176660710833,-0x1.312c9e344b718p-2,8,11,18,21,28,29
5806,222,0.13443872388325806,0x1.13549c1328130p-3,7,11,19,22,26,29
5807,222,0.12550303494477844,0x1.0107bc3517b14p-3,4,5,7,8,24,26
5808,222,-0.28459744827335354,-0x1.236d83736fb94p-2,0,2,7,10,28,29
5809,222,0.16764032866947154,0x1.5753d0090231cp-3,6,10,20,23,25,28
5810,222,-0.36684495834761843,-0x1.77a6346b38d5ep-2,2,3,6,10,18,21
5811,222,-0.31124512429652951,-0x1.3eb70ab7927b8p-2,2,3,7,11,14,16
5812,222,0.48842951059403417,0x1.f426dd999c538p-2,6,8,13,17,24,28
5813,222,-0.25056431805847756,-0x1.0093eebe6c3d8p-2,0,1,9,11,27,29
5814,222,-0.083730422291002804,-0x1.56f5b616b8d68p-4,1,4,14,15,18,23
5815,222,-0.27316307471495394,-0x1.17b80fa1808b6p-2,0,3,7,8,18,20
5816,222,-0.36093131030050662,-0x1.7197fa375f56ap-2,7,11,18,23,26,27
5817,222,-0.033606543109181319,-0x1.134e0772bccf0p-5,8,11,12,15,27,28
5818,222,0.26388691979172363,0x1.0e385f6963f8ap-2,2,5,7,9,24,25
5819,222,0.16171680777696329,0x1.4b322e84ecb30p-3,7,9,18,21,25,29
5820,222,-0.039871209774805294,-0x1.469ffcc11ca00p-5,14,16,19,23,24,28
5821,222,-0.10810430159600548,-0x1.bacb937e96960p-4,2,5,7,10,21,22
5822,222,0.24576272802440691,0x1.f75272fb8649cp-3,0,5,12,13,20,21
5823,222,0.11880846625133057,0x1.e6a3b4d099208p-4,2,3,7,11,21,23
5824,222,0.14354383241074331,0x1.25fa4f0df9224p-3,1,3,6,8,19,20
5825,222,0.042649590417770056,0x1.5d62ac81071b0p-5,1,5,6,8,19,21
5826,222,0.22549960213274567,0x1.cdd2bc435e864p-3,0,1,13,14,28,29
5827,222,-0.43856541769491164,-0x1.c1174af89ff98p-2,1,2,12,16,21,23
5828,222,-0.18592698080019465,-0x1.7cc748efd8cb0p-3,4,5,6,9,26,27
5829,222,0.40986864980332915,0x1.a3b49b7a3e706p-2,14,15,18,19,27,28
5830,222,-0.058331594731779957,-0x1.ddda387649e60p-5,1,2,9,11,12,13
5831,222,0.46098973557823952,0x1.d80db17866a1cp-2,2,3,13,14,18,22
5832,222,-0.48006314730397748,-0x1.eb95ac76bddd2p-2,0,4,14,15,18,22
5833,222,0.0074316716223796764,0x1.e70ac2929e900p-8,2,4,7,9,12,16
5834,222,0.18614984549657443,0x1.7d3c215481840p-3,12,13,21,22,25,29
5835,222,0.41345059414773577,0x1.a75f97b181534p-2,4,5,8,9,19,23
5836,222,0.48252472444218331,0x1.ee1af61bf65d0p-2,6,8,18,21,26,29
5837,222,-0.16838730250602441,-0x1.58db712a99ab4p-3,4,5,14,17,18,22
5838,222,0.31395869864953896,0x1.417e639bfa5b6p-2,10,11,12,13,26,27
5839,222,-0.061470170300806815,-0x1.f7904a63e3750p-5,1,5,12,14,21,23
5840,222,0.25807573337192558,0x1.0845014ae500ep-2,2,3,6,11,13,16
5841,222,-0.38956716434885963,-0x1.8eeab1d9e52e4p-2,0,1,13,14,26,28
5842,222,0.19850276079587648,0x1.96889d8e45a20p-3,8,9,12,16,25,29
5843,222,0.2188429241137253,0x1.c030b8103c558p-3,0,1,10,11,12,13
5844,222,-0.37447682301776042,-0x1.7f76da2fe2924p-2,1,5,12,16,24,28
5845,222,-0.33994835487540842,-0x1.5c1b6bea1355ap-2,1,4,6,11,21,23
5846,222,-0.45247970995172071,-0x1.cf56d7516283ep-2,2,4,7,9,12,14
5847,222,0.38579131208289252,0x1.8b0ce0b1e8666p-2,3,5,14,16,18,21
5848,222,-0.42773127001001077,-0x1.b5ff2fa0ad9c6p-2,2,5,12,14,21,23
5849,222,0.43571824248721469,0x1.be2cec470342ep-2,0,2,19,21,28,29
5850,222,0.13068208139799797,0x1.0ba30c0e388c4p-3,0,3,7,11,19,22
5851,222,-0.22747438563913425,-0x1.d1de1737fb70cp-3,3,4,16,17,18,21
5852,222,-0.029618177225639308,-0x1.e543a3a347ba0p-6,3,5,8,10,12,15
5853,222,-0.48995328969769192,-0x1.f5b650af46dc8p-2,6,8,18,23,25,26
5854,222,0.12013788267427794,0x1.ec15b3518c1e8p-4,8,10,20,23,24,28
5855,222,-0.13867153580725122,-0x1.1bffd2796d078p-3,1,5,19,23,26,28
5856,222,0.0078437766971969358,0x1.01065e321f8c0p-7,6,10,22,23,25,27
5857,222,-0.041418090786858097,-0x1.534c082c8dd70p-5,7,9,18,21,25,26
5858,222,-0.37442034078677844,-0x1.7f680bba8ba96p-2,14,17,19,21,24,28
5859,222,0.4728425474330108,0x1.e430d6358747ep-2,1,2,6,10,19,21
5860,222,-0.11129623381860432,-0x1.c7de8f46b3b60p-4,2,4,7,9,18,21
5861,222,0.30428210170602799,0x1.3795ba2e5796cp-2,6,8,13,17,24,25
5862,222,-0.34291988613207691,-0x1.5f266400575cap-2,3,4,15,17,24,29
5863,222,-0.23968610536667267,-0x1.eae08c7ed8004p-3,14,17,21,22,24,29
5864,222,-0.14656553217370671,-0x1.2c2a8cbb41580p-3,0,4,8,9,18,21
5865,222,-0.11192190036742355,-0x1.ca6e9e5c8c4e8p-4,6,9,18,19,27,28
5866,222,-0.41601537000541999,-0x1.a9ffeee339fa2p-2,7,10,18,22,25,27
5867,222,-0.31753930143414577,-0x1.452905cb6ad8ap-2,6,11,18,21,25,29
5868,222,0.33065887469453048,0x1.52983d73c7dacp-2,6,10,13,15,22,23
5869,222,0.012352884483006088,0x1.94c7816ed1c80p-7,1,2,9,10,19,20
5870,222,-0.39807864929274039,-0x1.97a1edefcaee0p-2,0,2,7,9,19,22
5871,222,0.24434583182609326,0x1.f46b9664db1bcp-3,2,5,12,14,19,22
5872,222,-0.45675961663147946,-0x1.d3b8cafe43476p-2,9,11,13,16,20,21
5873,222,0.038615961320888181,0x1.3c578a5f42130p-5,3,5,12,14,19,23
5874,222,0.18748404538361696,0x1.7ff7a29b8e294p-3,1,5,19,21,24,26
5875,222,0.3170998775868199,0x1.44b5d48f34380p-2,2,5,16,17,24,25
5876,222,-0.0078889895998731641,-0x1.0281a42a3b740p-7,0,2,9,11,21,23
5877,222,0.36490625533613341,0x1.75a9fc43191b6p-2,8,10,12,13,25,29
5878,222,0.33562081529873244,0x1.57acfba642786p-2,7,11,14,16,18,21
5879,222,-0.060324174805149622,-0x1.ee2cf6be48210p-5,0,3,20,21,28,29
5880,222,-0.47923467926369245,-0x1.eabc7eea2fba2p-2,12,16,19,20,24,28
5881,222,0.49182035894559861,0x1.f79fc194b69b6p-2,1,5,12,15,24,28
5882,222,0.20199937472507967,0x1.9db1d9220da70p-3,6,8,15,16,18,23
5883,222,-0.4039706100967051,-0x1.9daa78bba45e4p-2,0,2,15,17,18,19
5884,222,-0.41212398424338548,-0x1.a603d468e3e6cp-2,0,2,14,15,27,29
5885,222,-0.25056148642324594,-0x1.009330b74cca0p-2,2,3,13,16,24,25
5886,222,-0.4398174272206371,-0x1.c25f7fe87e75ep-2,7,8,15,16,24,28
5887,222,-0.39307419131278942,-0x1.92820a725c3d6p-2,3,5,13,17,25,28
5888,222,-0.34560630645236501,-0x1.61e69e9e045d2p-2,6,11,19,22,27,29
5889,222,0.24843147219797135,0x1.fcc9a3c3196fcp-3,8,9,18,22,26,29
5890,222,0.38576581843821034,0x1.8b0631d86d59ap-2,0,2,7,9,21,23
5891,222,0.34753271494337756,0x1.63df9db3e3390p-2,1,4,9,11,22,23
5892,222,-0.163243931721477,-0x1.4e52d5a01d154p-3,0,3,12,14,19,22
5893,222,0.39620644510564174,0x1.95b72470c5c94p-2,7,11,14,15,19,22
5894,222,-0.093524340514302806,-0x1.7f1360fe38ed8p-4,7,10,15,17,27,29
5895,222,0.19005903903400412,0x1.853dac67ae8fcp-3,1,4,6,11,18,22
5896,222,0.060358232123370215,0x1.ee74632074c00p-5,13,15,20,23,24,27
5897,222,-0.19168020546121134,-0x1.888fa1adf8c1cp-3,0,1,12,15,26,29
5898,222,0.35989545544177293,0x1.70886f2c67dfep-2,3,4,6,8,13,16
5899,222,-0.37745692244957318,-0x1.8284114647660p-2,3,5,14,15,24,25
5900,222,-0.26697514612005857,-0x1.1161eec5b8cdep-2,2,5,13,14,21,22
5901,222,0.043142733924206089,0x1.616cdee876be0p-5,0,2,12,16,27,28
5902,222,0.45760677647738923,0x1.d496deed97ee0p-2,8,11,13,16,20,21
5903,222,0.36245210224810287,0x1.7326a4d616944p-2,3,4,7,8,19,21
5904,222,-0.064425325317490456,-0x1.07e2d9945d510p-4,14,16,21,23,24,25
5905,222,0.39846932600048646,0x1.980857ce8666ep-2,6,9,18,20,27,29
5906,222,0.19828172371302644,0x1.9614ba75ef86cp-3,0,5,14,17,18,19
5907,222,0.049914641848222696,0x1.98e6974a8ca70p-5,0,4,8,11,25,29
5908,222,0.31118766913593587,0x1.3ea7faf76de38p-2,6,10,13,15,24,27
5909,222,-0.023410292584599368,-0x1.7f8de24299f00p-6,1,2,14,15,19,23
5910,222,-0.09060357564365018,-0x1.731cbc24a4698p-4,0,2,7,10,19,20
5911,222,0.27801649993769029,0x1.1cb05b7bec4dep-2,8,10,18,22,26,29
5912,222,0.12729231007598318,0x1.04b1d4a67817cp-3,2,3,21,23,25,28
5913,222,0.38539670886609467,0x1.8aa56f52437dep-2,1,5,6,10,19,23
5914,222,0.20824684628251033,0x1.aa7d52923a694p-3,6,11,14,15,26,28
5915,222,-0.47902577529673007,-0x1.ea85bb9b5cac2p-2,13,14,21,23,24,25
5916,222,0.10072683146611239,0x1.9c93bcefa0628p-4,3,4,15,17,25,29
5917,222,0.41458417881250986,0x1.a888c145c146ap-2,0,4,9,11,20,21
5918,222,0.4491464590117652,0x1.cbed0ca24768ep-2,1,3,6,8,15,16
5919,222,0.27686999315887828,0x1.1b83ceb771cb0p-2,3,4,13,16,24,26
5920,222,0.25651665338794005,0x1.06ac4d34b8e76p-2,1,4,15,17,18,20
5921,222,0.31344968582675892,0x1.40f8f4564505ap-2,1,2,13,14,21,22
5922,222,-0.0041877529168683481,-0x1.1272d5d259800p-8,0,3,13,17,18,21
5923,222,0.19137533395947859,0x1.87efca84efb20p-3,0,1,14,17,18,21
5924,222,0.29847801175294741,0x1.31a4384c374f2p-2,12,17,19,20,24,27
5925,222,-0.27303671300959642,-0x1.1796efa3ef28ep-2,6,9,14,17,19,22
5926,222,-0.21626267378869146,-0x1.bae7ecba24c10p-3,3,4,7,11,14,15
5927,222,0.085910769182210966,0x1.5fe3f88030560p-4,8,9,18,21,25,26
5928,222,-0.089647536165816555,-0x1.6f32413ffc8e8p-4,6,9,19,20,24,29
5929,222,0.44619516367679701,0x1.c8e7628e80372p-2,1,4,22,23,24,26
5930,222,0.24024816609276156,0x1.ec073b0256cf0p-3,7,9,18,23,25,28
5931,222,0.46754673403549973,0x1.dec4923022e64p-2,1,5,12,14,24,26
5932,222,-0.038483312284246729,-0x1.3b415af67ba80p-5,0,5,13,17,26,28
5933,222,0.25146030642353245,0x1.017ecf815328ep-2,3,5,21,22,24,25
5934,222,-0.01651260513420405,-0x1.0e8ae2c17b960p-6,2,4,7,11,20,23
5935,222,-0.18391505054893176,-0x1.78a8743acc7d8p-3,3,5,12,13,25,28
5936,222,0.037109772873625713,0x1.3000d59b55b10p-5,9,11,14,16,25,28
5937,222,0.31229462588553947,0x1.3fca2993946d0p-2,2,3,13,17,18,20
5938,222,-0.011299699254605611,-0x1.7244bf6067c40p-7,7,10,12,15,27,29
5939,222,0.34446653991459242,0x1.60bbd62dff70ap-2,2,3,20,21,25,28
5940,222,0.18810966673601992,0x1.813fa4158a93cp-3,6,8,18,19,26,28
5941,222,-0.34361717683447401,-0x1.5fdd2e636443cp-2,0,3,15,16,18,19
5942,222,-0.38146780811566749,-0x1.869f7f41559a0p-2,4,5,7,9,26,27
5943,222,-0.17286397932918984,-0x1.6206828f00984p-3,9,11,18,23,26,28
5944,222,0.32354800429627406,0x1.4b502b048de3ep-2,8,9,18,22,25,26
5945,222,0.2110309735975342,0x1.b03101d05b080p-3,3,5,12,17,21,22
5946,222,0.19441370998183327,0x1.8e28c67220c60p-3,0,3,18,22,25,29
5947,222,-0.24055273830785084,-0x1.eca6e9fff6b6cp-3,1,5,13,14,27,28
5948,222,0.3954740675967896,0x1.94f7276afa2b0p-2,7,10,18,19,27,29
5949,222,0.29043685289386334,0x1.29684742ede1ap-2,2,5,7,9,14,16
5950,222,0.23893413797804564,0x1.e9564d241bf88p-3,7,9,12,17,19,20
5951,222,-0.13137463398577509,-0x1.0d0e24e3f1680p-3,9,11,12,13,28,29
5952,222,-0.47324059532673934,-0x1.e4992ec0458bcp-2,0,5,21,23,25,28
5953,222,-0.10843332660813454,-0x1.bc249579413a0p-4,0,1,9,10,14,17
5954,222,-0.4164081232678809,-0x1.aa66e41ce5ab0p-2,1,2,6,10,24,29
5955,222,-0.37602471686090955,-0x1.810c9f959efe2p-2,4,5,6,8,22,23
5956,222,0.022288872574130147,0x1.6d2e4eb151840p-6,0,5,14,16,27,28
5957,222,-0.082332901245357859,-0x1.513c4de3bcdd8p-4,4,5,12,14,22,23
5958,222,0.0011455252754075662,0x1.2c4ae660e3400p-10,7,10,19,23,24,27
5959,222,0.054633202127519098,0x1.bf8e210d3b000p-5,6,11,13,14,18,21
5960,222,0.18759814112261675,0x1.803374474bd74p-3,10,11,21,22,24,25
5961,222,-0.32639256348536316,-0x1.4e39da274f17ap-2,0,2,12,17,19,21
5962,222,0.323694286448308,0x1.4b7683d8ca47ap-2,9,11,19,21,26,28
5963,222,0.32782964322741071,0x1.4fb292f148c86p-2,2,5,6,10,24,25
5964,222,-0.12643563991099938,-0x1.02f0b053bb8b8p-3,8,11,13,15,27,28
5965,222,0.029508935492304933,0x1.e379723845320p-6,2,4,6,7,20,22
5966,222,-0.20084776303570073,-0x1.9b56126db469cp-3,0,5,15,16,25,27
5967,222,-0.24612902213850962,-0x1.f8127e25736c4p-3,0,2,9,10,27,29
5968,222,0.21913580935114529,0x1.c0ca46745d830p-3,0,4,7,9,18,22
5969,222,0.18622216293374194,0x1.7d620b9cb9f80p-3,6,10,18,20,27,29
5970,222,-0.18857176821607924,-0x1.8231ea4b7ee10p-3,0,1,19,22,26,27
5971,222,0.096841833349295525,0x1.8caa05b1eb230p-4,0,1,8,11,18,21
5972,222,-0.29826765072352657,-0x1.316d13353fcaep-2,13,15,22,23,26,27
5973,222,-0.32125825035077216,-0x1.48f7ec3b4e96cp-2,9,11,18,22,25,26
5974,222,-0.20866926937496943,-0x1.ab5acb3d2a690p-3,1,5,16,17,27,28
5975,222,-0.48645144931905304,-0x1.f2205427ab254p-2,0,2,19,20,27,28
5976,222,0.35539830660988214,0x1.6bed889fc5dcap-2,6,11,21,22,26,29
5977,222,0.25520817430758691,0x1.05554aa94ab44p-2,0,1,13,16,18,23
5978,222,-0.34096309966256932,-0x1.5d256e48c62b2p-2,0,2,15,17,20,22
5979,222,-0.38235604694070979,-0x1.878857f4271b2p-2,3,4,6,7,20,23
5980,222,-0.33127731474165079,-0x1.533a5c42e36b4p-2,0,3,7,11,20,22
5981,222,0.27947639073304376,0x1.1e2f0f18cf66cp-2,6,9,16,17,26,29
5982,222,0.38905785614605604,0x1.8e652ec198c38p-2,0,1,13,17,18,22
5983,222,0.49202466448858595,0x1.f7d5504b37244p-2,0,5,18,22,25,27
5984,222,-0.09398866308413889,-0x1.80fa41a2421b0p-4,1,2,16,17,20,21
5985,222,0.19115207783186772,0x1.877abd96cd73cp-3,8,11,13,16,26,28
5986,222,-0.28288732184432763,-0x1.21ad36cf18ffep-2,2,3,7,11,18,20
5987,222,0.26865591145140855,0x1.131a89063e552p-2,15,16,18,23,27,28
5988,222,0.034501562142844722,0x1.1aa305220fcf0p-5,0,3,7,11,18,23
5989,222,-0.19534138807705459,-0x1.900f254ac5014p-3,3,5,12,16,25,26
5990,222,0.0753285435186547,0x1.348bb3ede30f8p-4,9,10,21,23,26,28
5991,222,-0.24418196007451487,-0x1.f415abe658834p-3,3,5,13,16,20,21
5992,222,0.21024728360635481,0x1.ae9620b94c0b4p-3,0,1,9,11,21,22
5993,222,-0.017128457057520419,-0x1.18a1f4b926c20p-6,0,5,14,15,26,28
5994,222,-0.38449480296980254,-0x1.89b90170f2f5cp-2,0,3,16,17,25,28
5995,222,-0.38810496658555915,-0x1.8d6b636b99c0cp-2,7,8,20,21,24,28
5996,222,0.073831686311885969,0x1.2e6a2261e3a90p-4,7,9,19,21,24,29
5997,222,0.36522912608146907,0x1.75fe9fc0442b0p-2,0,2,9,11,22,23
5998,222,-0.25288956113106109,-0x1.02f57b2a3b15cp-2,0,4,14,17,18,21
5999,222,0.026463464774938772,0x1.b193d0efd24a0p-6,7,10,14,15,19,22
6000,222,-0.13636662171397562,-0x1.1747622438610p-3,0,4,9,11,25,27
6001,222,0.27380228563614328,0x1.185fa05982574p-2,2,5,20,21,24,28
6002,222,0.1470697754988205,0x1.2d32eb1ffadf4p-3,13,14,21,22,24,29
6003,222,0.29167941819548493,0x1.2aae0268437f4p-2,6,11,15,16,24,29
6004,222,-0.46170388721979971,-0x1.d8c8e7602e31ep-2,0,1,20,23,27,28
6005,222,0.24014070751626904,0x1.ebcee429c3f24p-3,3,4,13,17,25,29
6006,222,0.25947325987540293,0x1.09b35bb567cc2p-2,2,3,6,10,15,17
6007,222,-0.25812778215040977,-0x1.0852a63a199f8p-2,6,9,16,17,27,28
6008,222,0.019566092194183593,0x1.4092238569180p-6,1,4,14,16,27,29
6009,222,0.2175772537701407,0x1.bd9924aa5eb6cp-3,6,9,13,17,25,27
6010,222,-0.27003547461086619,-0x1.14842df0daa20p-2,1,3,6,8,24,29
6011,222,-0.33975218084037406,-0x1.5be7fee5d0fb8p-2,3,4,6,8,19,21
6012,222,-0.075081602304369999,-0x1.3388c426db548p-4,15,17,19,22,26,29
6013,222,-0.38684935806284193,-0x1.8c223cf56f1aap-2,0,4,14,16,21,23
6014,222,0.18354755216837104,0x1.77e7c76e97914p-3,8,10,21,22,24,25
6015,222,-0.051394453214270164,-0x1.a505faf808f30p-5,8,10,12,15,20,22
6016,222,0.085153942988839049,0x1.5cca618433400p-4,8,10,18,22,25,27
6017,222,-0.056380433029472155,-0x1.cdde567fde6c0p-5,8,11,12,16,25,28
6018,222,0.11025230157684673,0x1.c397ead94cf28p-4,1,5,6,8,18,22
6019,222,-0.34917993260723534,-0x1.658f6c9bdec80p-2,1,5,19,23,26,27
6020,222,0.45966243122177775,0x1.d6b1bf953085ap-2,6,9,18,21,25,28
6021,222,-0.31211740471726712,-0x1.3f9bb477179cap-2,2,5,7,9,12,16
6022,222,0.1833595315167792,0x1.778533ba3211cp-3,9,10,12,14,26,29
6023,222,-0.38303548814328303,-0x1.883a747b21956p-2,6,11,18,21,28,29
6024,222,-0.28754621764928179,-0x1.2672840391934p-2,14,15,19,22,27,29
6025,222,-0.30510215094154958,-0x1.386cb2c0eeceep-2,3,5,19,21,24,26
6026,222,-0.10952731004753447,-0x1.c09fb56ac4a90p-4,0,1,9,10,26,27
6027,222,0.070827867998147997,0x1.221c670b28c20p-4,7,8,16,17,20,21
6028,222,0.11621263433352935,0x1.dc01c77d83228p-4,0,2,7,9,20,22
6029,222,0.051153234196220754,0x1.a30c1b7ea2ff0p-5,0,1,12,17,27,28
6030,222,0.1676868883490209,0x1.576c392b6a984p-3,1,4,14,15,18,22
6031,222,0.41467112242491377,0x1.a89f8bf5a478cp-2,1,5,8,9,26,28
6032,222,0.26881805490973976,0x1.13450a49a58b6p-2,6,10,13,14,22,23
6033,222,0.42255125853351794,0x1.b0b146f123f16p-2,13,14,18,21,26,29
6034,222,0.3715208355467805,0x1.7c6ff539d2f60p-2,1,4,12,17,19,21
6035,222,0.33631465334123123,0x1.5862de55108dap-2,0,5,8,9,19,23
6036,222,-0.15605461554481703,-0x1.3f998ff13d1e0p-3,7,11,12,16,19,20
6037,222,0.09073819509930181,0x1.73a9e4c7316f0p-4,6,9,14,16,26,27
6038,222,-0.44677388294093656,-0x1.c97f17bfc0c5ep-2,2,4,18,22,25,29
6039,222,0.38131391412953619,0x1.8677279ac8d12p-2,2,5,13,14,25,27
6040,222,0.20917316979934453,0x1.ac62fb9be924cp-3,0,1,19,21,26,28
6041,222,-0.010707913880331987,-0x1.5ee07df653140p-7,3,5,6,7,25,26
6042,222,0.42034841355331631,0x1.ae6fd0848c43ap-2,6,11,21,23,25,28
6043,222,0.3807048151610043,0x1.85d77baa2f592p-2,10,11,12,15,22,23
6044,222,-0.11623309887741284,-0x1.dc173ce642728p-4,4,5,12,16,24,26
6045,222,-0.2737772161184413,-0x1.18590df6797a0p-2,1,3,13,14,21,22
6046,222,-0.34211242655008245,-0x1.5e52b84e59e9ep-2,4,5,7,8,18,22
6047,222,-0.055808739887196257,-0x1.c92f6914aff40p-5,8,10,12,15,26,27
6048,222,0.20727945263423964,0x1.a882213193210p-3,1,4,12,15,20,23
6049,222,-0.010218069565396393,-0x1.4ed3614e49e80p-7,6,7,18,21,28,29
6050,222,-0.23176509558342984,-0x1.daa7a88f14c70p-3,1,3,16,17,26,29
6051,222,-0.33195852364555856,-0x1.53ecef6abe956p-2,8,10,12,15,25,29
6052,222,-0.12451517841758319,-0x1.fe03a0b28bc68p-4,2,4,9,11,12,14
6053,222,-0.1553384129417128,-0x1.3e2210db2d770p-3,6,7,15,17,24,25
6054,222,-0.43156712647858031,-0x1.b9ecbb99044c8p-2,0,4,14,17,21,22
6055,222,0.38653873064945299,0x1.8bd0cf1b1b654p-2,8,9,21,22,25,26
6056,222,0.34085021267253979,0x1.5d07d6910d852p-2,7,9,16,17,24,25
6057,222,0.31010803392618624,0x1.3d8cf5dfc2626p-2,0,1,12,16,27,28
6058,222,-0.051621801249419841,-0x1.a6e2c3840f520p-5,1,4,8,11,24,29
6059,222,0.21349789153453014,0x1.b53e61ef3f004p-3,1,5,8,10,24,26
6060,222,-0.36104091647390235,-0x1.71b4b5c317d64p-2,6,9,18,22,27,29
6061,222,0.13284591833489756,0x1.101185553e680p-3,1,2,16,17,24,28
6062,222,-0.18093589203591298,-0x1.728e8457bc130p-3,8,9,18,22,25,29
6063,222,-0.26957086471678582,-0x1.140a627fa6f2cp-2,0,2,10,11,19,22
6064,222,-0.35584668113634588,-0x1.6c6312877ba4cp-2,12,13,22,23,24,27
6065,222,-0.24803050508516544,-0x1.fbf76ade02598p-3,7,11,15,16,26,28
6066,222,0.17412208545924868,0x1.649a1eb478670p-3,6,9,18,22,25,27
6067,222,-0.45287358806464895,-0x1.cfbe1807d6e12p-2,3,4,13,16,18,21
6068,222,-0.38791434225643928,-0x1.8d396ad69022cp-2,2,5,7,10,12,15
6069,222,0.10821054952403353,0x1.bb3afc349b4a0p-4,8,9,16,17,19,20
6070,222,0.072130627967003647,0x1.2772720288158p-4,6,9,19,20,24,27
6071,222,0.30398144424673457,0x1.3746e96685b4cp-2,1,4,12,17,19,20
6072,222,-0.3772069613222705,-0x1.82428aaacf8dap-2,3,5,6,10,20,21
6073,222,0.1308827838919695,0x1.0c0c45e3674f8p-3,2,5,13,15,20,23
6074,222,0.14475869876332192,0x1.28773fa7fff74p-3,1,3,6,8,26,29
6075,222,0.15071838020246153,0x1.34abd68f015d4p-3,12,13,21,22,24,26
6076,222,0.27605486160808446,0x1.1aae202a08bbcp-2,0,4,8,9,21,22
6077,222,-0.034015292596604407,-0x1.16a73d28856c0p-5,9,10,12,13,25,29
6078,222,-0.35504241802154479,-0x1.6b903d5861954p-2,1,5,13,14,26,27
6079,222,0.38726902194884438,0x1.8c90402018c60p-2,4,5,7,9,24,27
6080,222,0.46507830241034354,0x1.dc3d7c8bb9fb8p-2,1,2,13,15,27,28
6081,222,-0.083299720324624404,-0x1.55321668f69d0p-4,0,5,12,16,26,28
6082,222,-0.33925835089179224,-0x1.5b668a87e68b2p-2,8,11,18,19,27,28
6083,222,0.20807528777573658,0x1.aa236060d2140p-3,2,4,7,11,15,16
6084,222,-0.30591006312665447,-0x1.39407cd295c98p-2,9,11,21,22,25,26
6085,222,0.47966837967238796,0x1.eb2e300e790e0p-2,8,9,21,22,24,26
6086,222,0.48687525997935721,0x1.f28f6d9b5f10ap-2,7,9,21,22,25,26
6087,222,0.22782174772785668,0x1.d294355e783b4p-3,6,9,13,16,27,29
6088,222,0.32962023167594456,0x1.5187f74c97ae2p-2,8,9,12,16,24,29
6089,222,-0.18922573673769238,-0x1.8388c876cc958p-3,2,3,12,16,24,29
6090,222,-0.44000596201499609,-0x1.c290ec4399034p-2,6,10,13,15,24,25
6091,222,0.048229678940851617,0x1.8b18f7b7ebd40p-5,3,5,13,17,18,21
6092,222,0.49743796479108127,0x1.fd6060ba4416ep-2,6,8,16,17,25,28
6093,222,-0.14191482218693707,-0x1.22a43d00e2680p-3,0,4,8,11,25,26
6094,222,0.49323221611621904,0x1.f911ddb636080p-2,13,17,20,21,28,29
6095,222,-0.15588998169613411,-0x1.3f433f29457f8p-3,1,3,8,11,21,23
6096,222,-0.46874514990773486,-0x1.dffeba840ca28p-2,0,1,13,17,20,21
6097,222,-0.39189490578400554,-0x1.914ce5ef3ec6cp-2,0,4,9,11,19,20
6098,222,-0.27068105012661003,-0x1.152d69c7c34dep-2,6,8,21,22,24,25
6099,222,0.44046706658624946,0x1.c309cc77cfde2p-2,2,3,15,16,28,29
6100,222,-0.11453612387922174,-0x1.d523d4a4598c0p-4,6,8,13,17,25,26
6101,222,-0.063751868590216976,-0x1.0520adea76420p-4,1,5,8,10,19,21
6102,222,-0.028716620272216553,-0x1.d67e3c3aeeba0p-6,3,4,21,22,26,29
6103,222,0.1289018684377472,0x1.07fdb3eaaad78p-3,12,17,20,21,24,29
6104,222,-0.11697617899918455,-0x1.df2269f366900p-4,9,10,13,14,26,28
6105,222,0.023455754243749127,0x1.804c9058508a0p-6,3,4,6,7,15,16
6106,222,-0.43446745764994765,-0x1.bce509872193cp-2,9,11,22,23,24,25
6107,222,-0.0089686491985638828,-0x1.25e27b7fa1e80p-7,0,1,9,11,21,23
6108,222,-0.23780270278750071,-0x1.e7051a7afb568p-3,7,10,12,15,25,28
6109,222,0.078567632176355873,0x1.41d0222b8bb28p-4,3,5,12,16,19,23
6110,222,-0.46773115922446706,-0x1.def4eac0c1cc0p-2,1,5,19,20,24,27
6111,222,0.32981753998999197,0x1.51bbb06f9de36p-2,6,7,14,15,24,26
6112,222,-0.49211114180738846,-0x1.f7ebfbb03d640p-2,0,1,8,11,26,28
6113,222,-0.10131852710492517,-0x1.9f002d06500c8p-4,6,9,21,22,24,26
6114,222,0.11020820119840824,0x1.c369acbe5ed40p-4,4,5,13,14,24,27
6115,222,0.29880354926134245,0x1.31f98ec00656ep-2,6,11,21,23,24,28
6116,222,0.28967158647571889,0x1.289fab19f97f0p-2,0,1,12,16,19,23
6117,222,0.4467333833558389,0x1.c97479de2dd54p-2,2,4,12,16,19,21
6118,222,-0.18491942003030071,-0x1.7ab7086b67474p-3,0,5,8,10,25,26
6119,222,0.057594877771840691,0x1.d7d1368e4f3e0p-5,3,4,12,17,20,21
6120,222,-0.48942339205843344,-0x1.f52b67db27474p-2,1,2,6,11,13,14
6121,222,0.13138185218628784,0x1.0d11edb36c91cp-3,4,5,12,17,24,25
6122,222,-0.49359163437217657,-0x1.f97015dcd4ac2p-2,0,1,14,15,26,27
6123,222,-0.16054276679525259,-0x1.48caa567f5b00p-3,0,3,12,16,19,21
6124,222,-0.060832964641185039,-0x1.f257f934e2370p-5,8,10,18,19,27,29
6125,222,-0.45800386737103294,-0x1.d4fef73f334f8p-2,1,4,12,16,24,29
6126,222,-0.388895355469008,-0x1.8e3a958539054p-2,7,10,19,22,24,29
6127,222,0.386400024183013,0x1.8bac72ac289a0p-2,1,2,12,17,21,22
6128,222,0.31533101079067405,0x1.42e621eb0ad26p-2,6,8,13,15,24,26
6129,222,-0.082697905775377945,-0x1.52bb0a0c0c088p-4,0,4,13,17,26,29
6130,222,0.065896553670266367,0x1.0de98b6eed2b8p-4,3,4,6,8,24,26
6131,222,0.38374536044450447,0x1.88f48b34674ccp-2,3,5,12,16,21,23
6132,222,0.20024391235259886,0x1.9a197af638534p-3,4,5,15,17,20,22
6133,222,0.24406695059127337,0x1.f3d95f96977c0p-3,8,10,15,17,25,26
6134,222,-0.26931365018164599,-0x1.13c6f51f96124p-2,7,10,18,22,25,29
6135,222,-0.39849969219357362,-0x1.98104da5bff6ep-2,0,5,8,9,12,16
6136,222,0.014198137257795507,0x1.d13e9b97da580p-7,13,15,18,22,26,27
6137,222,0.32933912266166632,0x1.513e46648031ap-2,6,9,13,16,25,28
6138,222,0.13078128260532884,0x1.0bd70e9dc0254p-3,3,4,8,11,15,16
6139,222,-0.23871596437368348,-0x1.e8e3ea602502cp-3,3,4,14,16,19,23
6140,222,0.29380072016472347,0x1.2cda1892984e0p-2,6,10,18,23,25,28
6141,222,0.36799558452371983,0x1.78d3d5a268392p-2,6,11,19,22,24,29
6142,222,0.40453959561514019,0x1.9e3fa0b46a972p-2,0,1,14,17,21,22
6143,222,-0.45125702822143343,-0x1.ce165289346f4p-2,2,4,20,21,24,25
6144,222,-0.1122655221536808,-0x1.cbd6eea1e50f0p-4,0,3,14,15,22,23
6145,222,0.37755852623366892,0x1.829eb3c9ff8e4p-2,0,3,8,11,25,28
6146,222,-0.20815627303469897,-0x1.aa4dd6092156cp-3,2,3,6,7,14,16
6147,222,0.42724065813104484,0x1.b57e9338c704cp-2,3,5,12,17,24,28
6148,222,-0.077271079465783599,-0x1.3c809973b6eb0p-4,6,9,13,14,24,29
6149,222,0.49319847215033952,0x1.f90905314a9fcp-2,0,1,10,11,27,28
