seed,label,trial,optimizer,optimizer_execution,restart,initializer_role,step,max_steps,restart_count,parameter_count,energy_min,objective_calls,gradient_l2,gradient_abs_mean,gradient_variance,gamma_gradient_variance,beta_gradient_variance,spsa_a_k,spsa_c_k,spsa_update_l2,elapsed_sec
336110603,XY-Warm-Same-State S2 p2=1,0,spsa,sequential,0,deterministic_linear_ramp,1,120,5,2,1.8857163190841675,19,5.389641761779785,3.8110523223876953,0.0,0.0,0.0,0.013011508487268942,0.02,0.07012737542390823,0.05458784103393555
336110603,XY-Warm-Same-State S2 p2=1,0,spsa,sequential,0,deterministic_linear_ramp,5,120,5,2,1.8143590688705444,27,0.09401053935289383,0.06647548824548721,0.004418990574777126,0.0,0.0,0.011071113337582704,0.016999416915812672,0.0010408012894913554,0.0677492618560791
336110603,XY-Warm-Same-State S2 p2=1,0,spsa,sequential,0,deterministic_linear_ramp,10,120,5,2,1.8143590688705444,37,0.10197658836841583,0.07210833579301834,0.005199612118303776,0.0,0.0,0.009479448982457438,0.015850026609609436,0.0009666818659752607,0.08409643173217773
336110603,XY-Warm-Same-State S2 p2=1,0,spsa,sequential,0,deterministic_linear_ramp,15,120,5,2,1.8143590688705444,47,0.09939686954021454,0.07028420269489288,0.004939869046211243,0.0,0.0,0.008379933290918623,0.015214047873475552,0.0008329391712322831,0.09875917434692383
336110603,XY-Warm-Same-State S2 p2=1,0,spsa,sequential,0,deterministic_linear_ramp,20,120,5,2,1.8143590688705444,57,0.03899161145091057,0.027571232989430428,0.0007601729012094438,0.0,0.0,0.007565214747376277,0.014778350620464044,0.00029497992363758385,0.11512970924377441
336110603,XY-Warm-Same-State S2 p2=1,0,spsa,sequential,0,deterministic_linear_ramp,25,120,5,2,1.8143590688705444,67,0.024513941258192062,0.017333973199129105,0.0003004666359629482,0.0,0.0,0.0069320886748555285,0.014449008773880907,0.000169932798598893,0.13097882270812988
336110603,XY-Warm-Same-State S2 p2=1,0,spsa,sequential,0,deterministic_linear_ramp,30,120,5,2,1.8143590688705444,77,0.07037462294101715,0.04976237192749977,0.002476293593645096,0.0,0.0,0.006422815911774693,0.014185372641231635,0.00045200323802419007,0.14681386947631836
336110603,XY-Warm-Same-State S2 p2=1,0,spsa,sequential,0,deterministic_linear_ramp,35,120,5,2,1.8143590688705444,87,0.07882412523031235,0.055737074464559555,0.0,0.0,0.0,0.006002312976678208,0.013966227856027484,0.0004731270601041615,0.16228032112121582
336110603,XY-Warm-Same-State S2 p2=1,0,spsa,sequential,0,deterministic_linear_ramp,40,120,5,2,1.8143590688705444,97,0.06928668171167374,0.048993080854415894,0.0,0.0,0.0,0.00564790696978528,0.013779134410346052,0.0003913247201126069,0.1790027618408203
336110603,XY-Warm-Same-State S2 p2=1,0,spsa,sequential,0,deterministic_linear_ramp,45,120,5,2,1.8143590688705444,107,0.043570127338171005,0.03080873191356659,0.0009491779492236674,0.0,0.0,0.005344226845939298,0.013616187769422706,0.00023284864437300712,0.19393372535705566
336110603,XY-Warm-Same-State S2 p2=1,0,spsa,sequential,0,deterministic_linear_ramp,50,120,5,2,1.8143590688705444,117,0.06688029319047928,0.047291506081819534,0.0022364866454154253,0.0,0.0,0.005080444955849887,0.013472060523173781,0.0003397816326469183,0.21057796478271484
336110603,XY-Warm-Same-State S2 p2=1,0,spsa,sequential,0,deterministic_linear_ramp,55,120,5,2,1.8143590688705444,127,0.11225474625825882,0.07937609404325485,0.006300564389675856,0.0,0.0,0.004848691091151497,0.01334299625175472,0.0005442886031232774,0.22591185569763184
336110603,XY-Warm-Same-State S2 p2=1,0,spsa,sequential,0,deterministic_linear_ramp,60,120,5,2,1.8143590688705444,137,0.0579771026968956,0.040996003895998,0.0,0.0,0.0,0.004643093021582216,0.013226249755755135,0.00026919308584183455,0.24223756790161133
336110603,XY-Warm-Same-State S2 p2=1,0,spsa,sequential,0,deterministic_linear_ramp,65,120,5,2,1.8143590688705444,147,0.028912248089909554,0.020444046705961227,0.0,0.0,0.0,0.004459171040196638,0.01311975565249048,0.00012892465747427195,0.25786638259887695
336110603,XY-Warm-Same-State S2 p2=1,0,spsa,sequential,0,deterministic_linear_ramp,70,120,5,2,1.8143590688705444,157,0.05886741727590561,0.04162554815411568,0.0017326863016933203,0.0,0.0,0.0042934420780810995,0.013021922119457682,0.00025274386280216277,0.27405357360839844
336110603,XY-Warm-Same-State S2 p2=1,0,spsa,sequential,0,deterministic_linear_ramp,75,120,5,2,1.8143590688705444,167,0.08002085238695145,0.05658328905701637,0.003201668616384268,0.0,0.0,0.00414315286609963,0.01293149713891721,0.000331538642058149,0.29004716873168945
336110603,XY-Warm-Same-State S2 p2=1,0,spsa,sequential,0,deterministic_linear_ramp,80,120,5,2,1.8143590688705444,177,0.09887591004371643,0.06991582363843918,0.0,0.0,0.0,0.004006095290488709,0.012847478719003411,0.0003961063048336655,0.30519604682922363
336110603,XY-Warm-Same-State S2 p2=1,0,spsa,sequential,0,deterministic_linear_ramp,85,120,5,2,1.8143590688705444,187,0.08105866611003876,0.05731713026762009,0.0,0.0,0.0,0.003880475657369682,0.012769052840860788,0.0003145461669191718,0.3220176696777344
336110603,XY-Warm-Same-State S2 p2=1,0,spsa,sequential,0,deterministic_linear_ramp,90,120,5,2,1.8143590688705444,197,0.06853421777486801,0.048461008816957474,0.0023484693374484777,0.0,0.0,0.0037648202347170937,0.01269554947299621,0.0002580190193839371,0.33696889877319336
336110603,XY-Warm-Same-State S2 p2=1,0,spsa,sequential,0,deterministic_linear_ramp,95,120,5,2,1.8143590688705444,207,0.07548534125089645,0.05337619408965111,0.0028490182012319565,0.0,0.0,0.0036579057673706656,0.012626410699612943,0.0002761182840913534,0.35358428955078125
336110603,XY-Warm-Same-State S2 p2=1,0,spsa,sequential,0,deterministic_linear_ramp,100,120,5,2,1.8143590688705444,217,0.056718479841947556,0.040106020867824554,0.0016084929229691625,0.0,0.0,0.003558707534245679,0.012561167176266359,0.00020184446475468576,0.3711099624633789
336110603,XY-Warm-Same-State S2 p2=1,0,spsa,sequential,0,deterministic_linear_ramp,105,120,5,2,1.8143590688705444,227,0.05047066509723663,0.03568815067410469,0.001273644040338695,0.0,0.0,0.0034663599532386525,0.01249942043693397,0.00017494951316621155,0.3869481086730957
336110603,XY-Warm-Same-State S2 p2=1,0,spsa,sequential,0,deterministic_linear_ramp,110,120,5,2,1.8143590688705444,237,0.09188348799943924,0.0649714395403862,0.0,0.0,0.0,0.0033801263091124125,0.012440829393713411,0.00031057780142873526,0.4025893211364746
336110603,XY-Warm-Same-State S2 p2=1,0,spsa,sequential,0,deterministic_linear_ramp,115,120,5,2,1.8143590688705444,247,0.08042716979980469,0.05687059834599495,0.0032342649064958096,0.0,0.0,0.0032993752132788423,0.012385099893453082,0.00026535941287875175,0.41955065727233887
336110603,XY-Warm-Same-State S2 p2=1,0,spsa,sequential,0,deterministic_linear_ramp,120,120,5,2,1.8143590688705444,257,0.06600239127874374,0.046670738607645035,0.002178157912567258,0.0,0.0,0.0032235620984904876,0.012331976538504544,0.0002127628104062751,0.4352986812591553
336110603,XY-Warm-Same-State S2 p2=1,0,spsa,sequential,1,random_shared_stream,1,120,5,2,1.0821266174316406,19,8.793892860412598,6.218221664428711,0.0,0.0,0.0,0.007345770148351386,0.02,0.06459791958332062,0.4592108726501465
336110603,XY-Warm-Same-State S2 p2=1,0,spsa,sequential,1,random_shared_stream,5,120,5,2,-0.010672629810869694,27,5.438492298126221,3.845594882965088,0.0,0.0,0.0,0.006250301718959247,0.016999416915812672,0.0339922197163105,0.475156307220459
336110603,XY-Warm-Same-State S2 p2=1,0,spsa,sequential,1,random_shared_stream,10,120,5,2,-0.0483894981443882,37,0.20710687339305878,0.14644667506217957,0.0,0.0,0.0,0.005351712557101948,0.015850026609609436,0.001108376425690949,0.489565372467041
336110603,XY-Warm-Same-State S2 p2=1,0,spsa,sequential,1,random_shared_stream,15,120,5,2,-0.0483894981443882,47,0.06996461004018784,0.04947245121002197,0.002447523409500718,0.0,0.0,0.004730970576842514,0.015214047873475552,0.000331000512233004,0.5056219100952148
336110603,XY-Warm-Same-State S2 p2=1,0,spsa,sequential,1,random_shared_stream,20,120,5,2,-0.0483894981443882,57,0.08857156336307526,0.06262955069541931,0.003922460600733757,0.0,0.0,0.00427101351941774,0.014778350620464044,0.0003782903659157455,0.5201053619384766
336110603,XY-Warm-Same-State S2 p2=1,0,spsa,sequential,1,random_shared_stream,25,120,5,2,-0.0483894981443882,67,0.08775641769170761,0.06205315515398979,0.003850594162940979,0.0,0.0,0.003913576208577386,0.014449008773880907,0.0003434414102230221,0.5349187850952148
336110603,XY-Warm-Same-State S2 p2=1,0,spsa,sequential,1,random_shared_stream,30,120,5,2,-0.0483894981443882,77,0.00816285889595747,0.005772012751549482,3.331612970214337e-05,0.0,0.0,0.0036260614546910087,0.014185372641231635,2.9599026674986817e-05,0.551795482635498
336110603,XY-Warm-Same-State S2 p2=1,0,spsa,sequential,1,random_shared_stream,35,120,5,2,-0.0483894981443882,87,0.07751668244600296,0.05481256917119026,0.0,0.0,0.0,0.0033886625465668475,0.013966227856027484,0.0002626778732519597,0.569169282913208
336110603,XY-Warm-Same-State S2 p2=1,0,spsa,sequential,1,random_shared_stream,40,120,5,2,-0.0483894981443882,97,0.04424913227558136,0.031288862228393555,0.0,0.0,0.0,0.003188579284247359,0.013779134410346052,0.0001410918775945902,0.5840950012207031
336110603,XY-Warm-Same-State S2 p2=1,0,spsa,sequential,1,random_shared_stream,45,120,5,2,-0.0483894981443882,107,0.09746401757001877,0.06891746819019318,0.004749617539346218,0.0,0.0,0.003017133798846635,0.013616187769422706,0.00029406198882497847,0.6004235744476318
336110603,XY-Warm-Same-State S2 p2=1,0,spsa,sequential,1,random_shared_stream,50,120,5,2,-0.0483894981443882,117,0.054920170456171036,0.038834426552057266,0.0,0.0,0.0,0.00286821323857567,0.013472060523173781,0.00015752276522107422,0.616302490234375
336110603,XY-Warm-Same-State S2 p2=1,0,spsa,sequential,1,random_shared_stream,55,120,5,2,-0.0483894981443882,127,0.05403037741780281,0.03820524737238884,0.0014596409164369106,0.0,0.0,0.0027373744028840043,0.01334299625175472,0.0001479013735661283,0.6312129497528076
336110603,XY-Warm-Same-State S2 p2=1,0,spsa,sequential,1,random_shared_stream,60,120,5,2,-0.0483894981443882,137,0.037689778953790665,0.026650698855519295,0.0007102597737684846,0.0,0.0,0.0026213020686517035,0.013226249755755135,9.879629942588508e-05,0.6475341320037842
336110603,XY-Warm-Same-State S2 p2=1,0,spsa,sequential,1,random_shared_stream,65,120,5,2,-0.0483894981443882,147,0.08502449840307236,0.06012139841914177,0.0,0.0,0.0,0.002517467174964339,0.01311975565249048,0.00021404637664090842,0.6628799438476562
336110603,XY-Warm-Same-State S2 p2=1,0,spsa,sequential,1,random_shared_stream,70,120,5,2,-0.0483894981443882,157,0.043768033385276794,0.03094867430627346,0.0009578204480931163,0.0,0.0,0.0024239033223321287,0.013021922119457682,0.00010608947923174128,0.6795337200164795
336110603,XY-Warm-Same-State S2 p2=1,0,spsa,sequential,1,random_shared_stream,75,120,5,2,-0.0483894981443882,167,0.035701099783182144,0.025244489312171936,0.0006372842472046614,0.0,0.0,0.0023390561266304986,0.01293149713891721,8.350687858182937e-05,0.6950395107269287
336110603,XY-Warm-Same-State S2 p2=1,0,spsa,sequential,1,random_shared_stream,80,120,5,2,-0.0483894981443882,177,0.05697358772158623,0.040286410599946976,0.0,0.0,0.0,0.0022616789763551704,0.012847478719003411,0.00012885595788247883,0.7120053768157959
336110603,XY-Warm-Same-State S2 p2=1,0,spsa,sequential,1,random_shared_stream,85,120,5,2,-0.0483894981443882,187,0.036255333572626114,0.02563639171421528,0.0006572245620191097,0.0,0.0,0.0021907592246664643,0.012769052840860788,7.942670345073566e-05,0.7278087139129639
336110603,XY-Warm-Same-State S2 p2=1,0,spsa,sequential,1,random_shared_stream,90,120,5,2,-0.0483894981443882,197,0.07993943244218826,0.056525714695453644,0.0,0.0,0.0,0.002125464862214362,0.01269554947299621,0.00016990845324471593,0.7441532611846924
336110603,XY-Warm-Same-State S2 p2=1,0,spsa,sequential,1,random_shared_stream,95,120,5,2,-0.0483894981443882,207,0.027192946523427963,0.019228316843509674,0.0003697281645145267,0.0,0.0,0.002065105288731493,0.012626410699612943,5.615629561361857e-05,0.7591204643249512
336110603,XY-Warm-Same-State S2 p2=1,0,spsa,sequential,1,random_shared_stream,100,120,5,2,-0.0483894981443882,217,0.03637973219156265,0.02572435699403286,0.0006617425242438912,0.0,0.0,0.0020091019882401084,0.012561167176266359,7.309059583349153e-05,0.775470495223999
336110603,XY-Warm-Same-State S2 p2=1,0,spsa,sequential,1,random_shared_stream,105,120,5,2,-0.0483894981443882,227,0.055394064635038376,0.039169520139694214,0.0,0.0,0.0,0.0019569662881790723,0.01249942043693397,0.00010840431787073612,0.7910749912261963
336110603,XY-Warm-Same-State S2 p2=1,0,spsa,sequential,1,random_shared_stream,110,120,5,2,-0.0483894981443882,237,0.05511798337101936,0.038974300026893616,0.0,0.0,0.0,0.0019082822689951407,0.012440829393713411,0.00010518066846998408,0.8072447776794434
336110603,XY-Warm-Same-State S2 p2=1,0,spsa,sequential,1,random_shared_stream,115,120,5,2,-0.0483894981443882,247,0.07182133942842484,0.050785355269908905,0.002579152351245284,0.0,0.0,0.0018626934742907223,0.012385099893453082,0.00013378114090301096,0.8228738307952881
336110603,XY-Warm-Same-State S2 p2=1,0,spsa,sequential,1,random_shared_stream,120,120,5,2,-0.0483894981443882,257,0.07332606613636017,0.0518493615090847,0.0026883562095463276,0.0,0.0,0.0018198924634770463,0.012331976538504544,0.00013344557373784482,0.8379974365234375
336110603,XY-Warm-Same-State S2 p2=1,0,spsa,sequential,2,random_shared_stream,1,120,5,2,1.377829670906067,19,3.3577044010162354,2.374255657196045,5.637089729309082,0.0,0.0,0.021071061803063854,0.02,0.070750392973423,0.8645622730255127
336110603,XY-Warm-Same-State S2 p2=1,0,spsa,sequential,2,random_shared_stream,5,120,5,2,1.132604956626892,27,1.6602164506912231,1.1739503145217896,1.3781592845916748,0.0,0.0,0.01792875234975112,0.016999416915812672,0.02976561151444912,0.8788430690765381
336110603,XY-Warm-Same-State S2 p2=1,0,spsa,sequential,2,random_shared_stream,10,120,5,2,1.058173656463623,37,1.016213297843933,0.7185713648796082,0.5163447856903076,0.0,0.0,0.015351183574432452,0.015850026609609436,0.01560007780790329,0.8959336280822754
336110603,XY-Warm-Same-State S2 p2=1,0,spsa,sequential,2,random_shared_stream,15,120,5,2,1.015918493270874,47,1.137512445449829,0.8043427467346191,0.0,0.0,0.0,0.013570608853790227,0.015214047873475552,0.01543673686683178,0.9127407073974609
336110603,XY-Warm-Same-State S2 p2=1,0,spsa,sequential,2,random_shared_stream,20,120,5,2,0.997107982635498,57,0.914483368396759,0.6466373801231384,0.0,0.0,0.0,0.012251239558532885,0.014778350620464044,0.011203554458916187,0.9287831783294678
336110603,XY-Warm-Same-State S2 p2=1,0,spsa,sequential,2,random_shared_stream,25,120,5,2,0.985234797000885,67,0.7127010822296143,0.5039557814598083,0.0,0.0,0.0,0.01122594425043937,0.014449008773880907,0.008000742644071579,0.9471950531005859
336110603,XY-Warm-Same-State S2 p2=1,0,spsa,sequential,2,random_shared_stream,30,120,5,2,0.9808359146118164,77,0.17935039103031158,0.12681987881660461,0.016083281487226486,0.0,0.0,0.01040121913297947,0.014185372641231635,0.0018654628656804562,0.9636757373809814
336110603,XY-Warm-Same-State S2 p2=1,0,spsa,sequential,2,random_shared_stream,35,120,5,2,0.9773772358894348,87,0.4692540466785431,0.33181270956993103,0.0,0.0,0.0,0.009720249409718154,0.013966227856027484,0.004561265930533409,0.9808416366577148
336110603,XY-Warm-Same-State S2 p2=1,0,spsa,sequential,2,random_shared_stream,40,120,5,2,0.9766638875007629,97,0.041412338614463806,0.02928294613957405,0.00085749092977494,0.0,0.0,0.009146318194753748,0.013779134410346052,0.0003787704335991293,0.9967629909515381
336110603,XY-Warm-Same-State S2 p2=1,0,spsa,sequential,2,random_shared_stream,45,120,5,2,0.9749224781990051,107,0.3363034129142761,0.2378024309873581,0.0,0.0,0.0,0.008654533351806312,0.013616187769422706,0.0029105490539222956,1.013967514038086
336110603,XY-Warm-Same-State S2 p2=1,0,spsa,sequential,2,random_shared_stream,50,120,5,2,0.9739928245544434,117,0.2687099874019623,0.19000664353370667,0.0,0.0,0.0,0.00822736039841345,0.013472060523173781,0.0022107737604528666,1.0311119556427002
336110603,XY-Warm-Same-State S2 p2=1,0,spsa,sequential,2,random_shared_stream,55,120,5,2,0.9735020399093628,127,0.2530675232410431,0.17894576489925385,0.0,0.0,0.0,0.007852054183078255,0.01334299625175472,0.0019870998803526163,1.0460948944091797
336110603,XY-Warm-Same-State S2 p2=1,0,spsa,sequential,2,random_shared_stream,60,120,5,2,0.9731194972991943,137,0.12655605375766754,0.08948864042758942,0.008008216507732868,0.0,0.0,0.00751910511458833,0.013226249755755135,0.0009515882702544332,1.0629603862762451
336110603,XY-Warm-Same-State S2 p2=1,0,spsa,sequential,2,random_shared_stream,65,120,5,2,0.9728829860687256,147,0.12798167765140533,0.09049671143293381,0.008189654909074306,0.0,0.0,0.007221258678065665,0.01311975565249048,0.0009241887601092458,1.079599142074585
336110603,XY-Warm-Same-State S2 p2=1,0,spsa,sequential,2,random_shared_stream,70,120,5,2,0.972270131111145,157,0.14393840730190277,0.10177981853485107,0.01035913173109293,0.0,0.0,0.006952874331491939,0.013021922119457682,0.0010007856180891395,1.0971202850341797
336110603,XY-Warm-Same-State S2 p2=1,0,spsa,sequential,2,random_shared_stream,75,120,5,2,0.9719467759132385,167,0.14245158433914185,0.10072848200798035,0.010146226733922958,0.0,0.0,0.006709493383226503,0.01293149713891721,0.0009557779412716627,1.1123747825622559
336110603,XY-Warm-Same-State S2 p2=1,0,spsa,sequential,2,random_shared_stream,80,120,5,2,0.9713943600654602,177,0.16576312482357025,0.11721222847700119,0.013738706707954407,0.0,0.0,0.00648753997566415,0.012847478719003411,0.0010753949172794819,1.1305642127990723
336110603,XY-Warm-Same-State S2 p2=1,0,spsa,sequential,2,random_shared_stream,85,120,5,2,0.9710170030593872,187,0.16078384220600128,0.11369134485721588,0.01292572170495987,0.0,0.0,0.006284109369926228,0.012769052840860788,0.0010103832464665174,1.1479475498199463
336110603,XY-Warm-Same-State S2 p2=1,0,spsa,sequential,2,random_shared_stream,90,120,5,2,0.9705975651741028,197,0.15211382508277893,0.10756071656942368,0.0,0.0,0.0,0.006096814978891045,0.01269554947299621,0.0009274097974412143,1.1631596088409424
336110603,XY-Warm-Same-State S2 p2=1,0,spsa,sequential,2,random_shared_stream,95,120,5,2,0.9702365398406982,207,0.15977296233177185,0.1129765436053276,0.012763699516654015,0.0,0.0,0.005923675842002921,0.012626410699612943,0.0009464431786909699,1.1798648834228516
336110603,XY-Warm-Same-State S2 p2=1,0,spsa,sequential,2,random_shared_stream,100,120,5,2,0.9699622988700867,217,0.15001675486564636,0.10607786476612091,0.0,0.0,0.0,0.00576303250822064,0.012561167176266359,0.0008645514608360827,1.1954023838043213
336110603,XY-Warm-Same-State S2 p2=1,0,spsa,sequential,2,random_shared_stream,105,120,5,2,0.9694184064865112,227,0.1334228813648224,0.09434422850608826,0.0,0.0,0.0,0.005613483238920588,0.01249942043693397,0.0007489671115763485,1.212268352508545
336110603,XY-Warm-Same-State S2 p2=1,0,spsa,sequential,2,random_shared_stream,110,120,5,2,0.9694184064865112,237,0.10863608121871948,0.07681731134653091,0.0,0.0,0.0,0.005473834984710456,0.012440829393713411,0.0005946559831500053,1.2277264595031738
336110603,XY-Warm-Same-State S2 p2=1,0,spsa,sequential,2,random_shared_stream,115,120,5,2,0.9687823057174683,247,0.13108806312084198,0.0926932543516159,0.0,0.0,0.0,0.005343065263994436,0.012385099893453082,0.0007004120852798223,1.2453539371490479
336110603,XY-Warm-Same-State S2 p2=1,0,spsa,sequential,2,random_shared_stream,120,120,5,2,0.9684747457504272,257,0.1707887202501297,0.12076585739850998,0.014584392309188843,0.0,0.0,0.005220292195156858,0.012331976538504544,0.000891566916834563,1.2625641822814941
336110603,XY-Warm-Same-State S2 p2=1,0,spsa,sequential,3,random_shared_stream,1,120,5,2,2.084111452102661,19,0.1484496295452118,0.10496973991394043,0.0,0.0,0.0,0.1570551118080015,0.02,0.02331477217376232,1.2877073287963867
336110603,XY-Warm-Same-State S2 p2=1,0,spsa,sequential,3,random_shared_stream,5,120,5,2,0.14248967170715332,27,6.750921726226807,4.773622512817383,0.0,0.0,0.0,0.13363361709938593,0.016999416915812672,0.25,1.2990875244140625
336110603,XY-Warm-Same-State S2 p2=1,0,spsa,sequential,3,random_shared_stream,10,120,5,2,0.14248967170715332,37,12.73189926147461,9.002812385559082,0.0,0.0,0.0,0.1144214693688134,0.015850026609609436,0.25,1.311464786529541
336110603,XY-Warm-Same-State S2 p2=1,0,spsa,sequential,3,random_shared_stream,15,120,5,2,0.14248967170715332,47,9.980168342590332,7.057044982910156,49.801883697509766,0.0,0.0,0.10114979068234572,0.015214047873475552,0.25,1.323767900466919
336110603,XY-Warm-Same-State S2 p2=1,0,spsa,sequential,3,random_shared_stream,20,120,5,2,0.14248967170715332,57,10.644174575805664,7.526568412780762,0.0,0.0,0.0,0.09131574937396914,0.014778350620464044,0.25,1.3361084461212158
336110603,XY-Warm-Same-State S2 p2=1,0,spsa,sequential,3,random_shared_stream,25,120,5,2,0.14248967170715332,67,8.215340614318848,5.809122562408447,0.0,0.0,0.0,0.08367361578080433,0.014449008773880907,0.25,1.3488261699676514
336110603,XY-Warm-Same-State S2 p2=1,0,spsa,sequential,3,random_shared_stream,30,120,5,2,0.14248967170715332,77,12.003202438354492,8.48754596710205,72.03843688964844,0.0,0.0,0.07752645069040068,0.014185372641231635,0.25,1.3589086532592773
336110603,XY-Warm-Same-State S2 p2=1,0,spsa,sequential,3,random_shared_stream,35,120,5,2,0.14248967170715332,87,10.912863731384277,7.716559886932373,59.54529571533203,0.0,0.0,0.0724507797524929,0.013966227856027484,0.25,1.366795539855957
336110603,XY-Warm-Same-State S2 p2=1,0,spsa,sequential,3,random_shared_stream,40,120,5,2,0.14248967170715332,97,13.757023811340332,9.72768497467041,94.62785339355469,0.0,0.0,0.06817293025545283,0.013779134410346052,0.25,1.3812031745910645
336110603,XY-Warm-Same-State S2 p2=1,0,spsa,sequential,3,random_shared_stream,45,120,5,2,0.14248967170715332,107,10.313529014587402,7.292766571044922,53.184444427490234,0.0,0.0,0.06450736635475945,0.013616187769422706,0.25,1.3987772464752197
336110603,XY-Warm-Same-State S2 p2=1,0,spsa,sequential,3,random_shared_stream,50,120,5,2,0.14248967170715332,117,15.909626960754395,11.249805450439453,126.55812072753906,0.0,0.0,0.06132339316045583,0.013472060523173781,0.25,1.4176833629608154
336110603,XY-Warm-Same-State S2 p2=1,0,spsa,sequential,3,random_shared_stream,55,120,5,2,0.07607511430978775,127,6.353900909423828,4.492886543273926,20.1860294342041,0.0,0.0,0.05852601350476444,0.01334299625175472,0.25,1.4348535537719727
336110603,XY-Warm-Same-State S2 p2=1,0,spsa,sequential,3,random_shared_stream,60,120,5,2,0.07607511430978775,137,16.649885177612305,11.773246765136719,0.0,0.0,0.0,0.05604434676832823,0.013226249755755135,0.25,1.4506442546844482
336110603,XY-Warm-Same-State S2 p2=1,0,spsa,sequential,3,random_shared_stream,65,120,5,2,0.07092764973640442,147,7.163398265838623,5.0652875900268555,0.0,0.0,0.0,0.05382432075222684,0.01311975565249048,0.25,1.4664013385772705
336110603,XY-Warm-Same-State S2 p2=1,0,spsa,sequential,3,random_shared_stream,70,120,5,2,0.004568702075630426,157,13.722248077392578,9.703094482421875,94.15003967285156,0.0,0.0,0.05182389315381674,0.013021922119457682,0.25,1.4828095436096191
336110603,XY-Warm-Same-State S2 p2=1,0,spsa,sequential,3,random_shared_stream,75,120,5,2,0.004568702075630426,167,11.568946838378906,8.18048095703125,0.0,0.0,0.0,0.05000983070176662,0.01293149713891721,0.25,1.5000829696655273
336110603,XY-Warm-Same-State S2 p2=1,0,spsa,sequential,3,random_shared_stream,80,120,5,2,0.004568702075630426,177,13.722845077514648,9.703516960144043,94.15824127197266,0.0,0.0,0.048355480410040765,0.012847478719003411,0.25,1.5150372982025146
336110603,XY-Warm-Same-State S2 p2=1,0,spsa,sequential,3,random_shared_stream,85,120,5,2,0.004568702075630426,187,9.463263511657715,6.691537857055664,0.0,0.0,0.0,0.04683919153822449,0.012769052840860788,0.25,1.5317976474761963
336110603,XY-Warm-Same-State S2 p2=1,0,spsa,sequential,3,random_shared_stream,90,120,5,2,-0.0019097065087407827,197,13.58159065246582,9.60363483428955,92.22980499267578,0.0,0.0,0.045443175438040814,0.01269554947299621,0.25,1.5470631122589111
336110603,XY-Warm-Same-State S2 p2=1,0,spsa,sequential,3,random_shared_stream,95,120,5,2,-0.0019097065087407827,207,9.463911056518555,6.691995620727539,0.0,0.0,0.0,0.04415266683641205,0.012626410699612943,0.25,1.563270092010498
336110603,XY-Warm-Same-State S2 p2=1,0,spsa,sequential,3,random_shared_stream,100,120,5,2,-0.045533403754234314,217,9.9197998046875,7.014358043670654,0.0,0.0,0.0,0.042955296861220876,0.012561167176266359,0.25,1.5795714855194092
336110603,XY-Warm-Same-State S2 p2=1,0,spsa,sequential,3,random_shared_stream,105,120,5,2,-0.045533403754234314,227,9.01158332824707,6.372151851654053,40.60432052612305,0.0,0.0,0.04184061752373683,0.01249942043693397,0.25,1.5963189601898193
336110603,XY-Warm-Same-State S2 p2=1,0,spsa,sequential,3,random_shared_stream,110,120,5,2,-0.045533403754234314,237,11.60955810546875,8.209197044372559,67.39091491699219,0.0,0.0,0.040799736319754254,0.012440829393713411,0.25,1.6115050315856934
336110603,XY-Warm-Same-State S2 p2=1,0,spsa,sequential,3,random_shared_stream,115,120,5,2,-0.045533403754234314,247,7.735447406768799,5.469787120819092,0.0,0.0,0.0,0.03982503208794523,0.012385099893453082,0.25,1.6278610229492188
336110603,XY-Warm-Same-State S2 p2=1,0,spsa,sequential,3,random_shared_stream,120,120,5,2,-0.045533403754234314,257,11.609777450561523,8.209352493286133,67.39347076416016,0.0,0.0,0.03890993164196327,0.012331976538504544,0.25,1.6447842121124268
336110603,XY-Warm-Same-State S2 p2=1,0,spsa,sequential,4,continuation,1,120,5,2,0.04387381672859192,19,0.2403358370065689,0.16994309425354004,0.0,0.0,0.0,0.29515859578307063,0.02,0.07093718647956848,1.6682863235473633
336110603,XY-Warm-Same-State S2 p2=1,0,spsa,sequential,4,continuation,5,120,5,2,0.04387381672859192,27,17.168027877807617,12.139628410339355,0.0,0.0,0.0,0.25114184644105153,0.016999416915812672,0.25,1.6818599700927734
336110603,XY-Warm-Same-State S2 p2=1,0,spsa,sequential,4,continuation,10,120,5,2,0.04387381672859192,37,7.946462631225586,5.618997573852539,31.57313346862793,0.0,0.0,0.2150358548508829,0.015850026609609436,0.25,1.6981956958770752
336110603,XY-Warm-Same-State S2 p2=1,0,spsa,sequential,4,continuation,15,120,5,2,0.04387381672859192,47,17.186838150024414,12.15293025970459,0.0,0.0,0.0,0.19009397298733227,0.015214047873475552,0.25,1.7151851654052734
336110603,XY-Warm-Same-State S2 p2=1,0,spsa,sequential,4,continuation,20,120,5,2,0.04387381672859192,57,8.665066719055176,6.127127647399902,0.0,0.0,0.0,0.17161255082896565,0.014778350620464044,0.25,1.7299389839172363
336110603,XY-Warm-Same-State S2 p2=1,0,spsa,sequential,4,continuation,25,120,5,2,-0.005503111518919468,67,13.494240760803223,9.541869163513184,0.0,0.0,0.0,0.1572504495628658,0.014449008773880907,0.25,1.7467446327209473
336110603,XY-Warm-Same-State S2 p2=1,0,spsa,sequential,4,continuation,30,120,5,2,-0.005503111518919468,77,6.502649784088135,4.598067760467529,0.0,0.0,0.0,0.1456978894758797,0.014185372641231635,0.25,1.7624974250793457
336110603,XY-Warm-Same-State S2 p2=1,0,spsa,sequential,4,continuation,35,120,5,2,-0.005503111518919468,87,13.758706092834473,9.728874206542969,94.65099334716797,0.0,0.0,0.13615902194432652,0.013966227856027484,0.25,1.779479742050171
336110603,XY-Warm-Same-State S2 p2=1,0,spsa,sequential,4,continuation,40,120,5,2,-0.05126555636525154,97,10.628891944885254,7.515761852264404,0.0,0.0,0.0,0.1281195252607596,0.013779134410346052,0.25,1.7952046394348145
336110603,XY-Warm-Same-State S2 p2=1,0,spsa,sequential,4,continuation,45,120,5,2,-0.05126555636525154,107,9.609322547912598,6.794816970825195,0.0,0.0,0.0,0.12123071609544943,0.013616187769422706,0.25,1.8122951984405518
336110603,XY-Warm-Same-State S2 p2=1,0,spsa,sequential,4,continuation,50,120,5,2,-0.05126555636525154,117,10.63056468963623,7.51694393157959,0.0,0.0,0.0,0.11524697544401197,0.013472060523173781,0.25,1.8276903629302979
336110603,XY-Warm-Same-State S2 p2=1,0,spsa,sequential,4,continuation,55,120,5,2,-0.05126555636525154,127,8.13961124420166,5.7555742263793945,0.0,0.0,0.0,0.10998977215058858,0.01334299625175472,0.25,1.8441665172576904
336110603,XY-Warm-Same-State S2 p2=1,0,spsa,sequential,4,continuation,60,120,5,2,-0.05126555636525154,137,11.995488166809082,8.482090950012207,71.94586944580078,0.0,0.0,0.10532589804489552,0.013226249755755135,0.25,1.860036849975586
336110603,XY-Warm-Same-State S2 p2=1,0,spsa,sequential,4,continuation,65,120,5,2,-0.05126555636525154,147,9.916643142700195,7.012125492095947,49.16990280151367,0.0,0.0,0.10115373354817148,0.01311975565249048,0.25,1.8754782676696777
336110603,XY-Warm-Same-State S2 p2=1,0,spsa,sequential,4,continuation,70,120,5,2,-0.05126555636525154,157,10.63293743133545,7.518622398376465,0.0,0.0,0.0,0.09739426724290254,0.013021922119457682,0.25,1.8928546905517578
336110603,XY-Warm-Same-State S2 p2=1,0,spsa,sequential,4,continuation,75,120,5,2,-0.05126555636525154,167,8.550758361816406,6.046298980712891,36.55773162841797,0.0,0.0,0.09398504280031024,0.01293149713891721,0.25,1.9081971645355225
336110603,XY-Warm-Same-State S2 p2=1,0,spsa,sequential,4,continuation,80,120,5,2,-0.05126555636525154,177,7.8536458015441895,5.553366184234619,0.0,0.0,0.0,0.09087597042808426,0.012847478719003411,0.25,1.9248309135437012
336110603,XY-Warm-Same-State S2 p2=1,0,spsa,sequential,4,continuation,85,120,5,2,-0.05126555636525154,187,5.8110527992248535,4.109035015106201,16.88416862487793,0.0,0.0,0.08802636121094583,0.012769052840860788,0.25,1.9405598640441895
336110603,XY-Warm-Same-State S2 p2=1,0,spsa,sequential,4,continuation,90,120,5,2,-0.05126555636525154,197,7.854054927825928,5.553655624389648,0.0,0.0,0.0,0.085402784384459,0.01269554947299621,0.25,1.9572162628173828
336110603,XY-Warm-Same-State S2 p2=1,0,spsa,sequential,4,continuation,95,120,5,2,-0.05126555636525154,207,5.811389446258545,4.1092729568481445,16.886123657226562,0.0,0.0,0.082977491107992,0.012626410699612943,0.25,1.972416639328003
336110603,XY-Warm-Same-State S2 p2=1,0,spsa,sequential,4,continuation,100,120,5,2,-0.05126555636525154,217,7.092894077301025,5.015433311462402,25.154571533203125,0.0,0.0,0.08072723617237244,0.012561167176266359,0.25,1.9894306659698486
336110603,XY-Warm-Same-State S2 p2=1,0,spsa,sequential,4,continuation,105,120,5,2,-0.05126555636525154,227,3.999723434448242,2.8282315731048584,0.0,0.0,0.0,0.07863238434480249,0.01249942043693397,0.25,2.0043210983276367
336110603,XY-Warm-Same-State S2 p2=1,0,spsa,sequential,4,continuation,110,120,5,2,-0.05126555636525154,237,6.9089884757995605,4.885392665863037,23.867061614990234,0.0,0.0,0.07667622366332101,0.012440829393713411,0.25,2.02081298828125
336110603,XY-Warm-Same-State S2 p2=1,0,spsa,sequential,4,continuation,115,120,5,2,-0.05126555636525154,247,5.473125457763672,3.870084047317505,0.0,0.0,0.0,0.07484443144049754,0.012385099893453082,0.25,2.037172555923462
336110603,XY-Warm-Same-State S2 p2=1,0,spsa,sequential,4,continuation,120,120,5,2,-0.05126555636525154,257,7.855003356933594,5.554326057434082,0.0,0.0,0.0,0.07312465448114144,0.012331976538504544,0.25,2.053520441055298
336110603,XY-Warm-Same-State S2 p2=2,0,spsa,sequential,0,deterministic_linear_ramp,1,120,5,4,1.8723430633544922,19,4.0457844734191895,2.0228922367095947,4.092092990875244,4.092092990875244,4.092092990875244,0.027311878327824144,0.02,0.11049797385931015,0.03592634201049805
336110603,XY-Warm-Same-State S2 p2=2,0,spsa,sequential,0,deterministic_linear_ramp,5,120,5,4,1.8051806688308716,27,0.19457027316093445,0.09728513658046722,0.007098298519849777,0.0,0.00946439802646637,0.02323888123544364,0.016999416915812672,0.004521595314145088,0.05412864685058594
336110603,XY-Warm-Same-State S2 p2=2,0,spsa,sequential,0,deterministic_linear_ramp,10,120,5,4,1.8038250207901,37,1.0122318267822266,0.5061159133911133,0.19211497902870178,0.0,0.25615331530570984,0.01989788943203742,0.015850026609609436,0.020141277462244034,0.07551169395446777
336110603,XY-Warm-Same-State S2 p2=2,0,spsa,sequential,0,deterministic_linear_ramp,15,120,5,4,1.8038250207901,47,12.139798164367676,6.069899082183838,27.632755279541016,36.84367370605469,0.0,0.017589944982996476,0.015214047873475552,0.21353839337825775,0.0959310531616211
336110603,XY-Warm-Same-State S2 p2=2,0,spsa,sequential,0,deterministic_linear_ramp,20,120,5,4,1.7931182384490967,57,4.6492133140563965,2.3246066570281982,0.0,0.0,0.0,0.01587980555109106,0.014778350620464044,0.07382860779762268,0.11715507507324219
336110603,XY-Warm-Same-State S2 p2=2,0,spsa,sequential,0,deterministic_linear_ramp,25,120,5,4,1.7888585329055786,67,4.0391621589660645,2.0195810794830322,0.0,0.0,0.0,0.014550838792488164,0.014449008773880907,0.05877319723367691,0.1367475986480713
336110603,XY-Warm-Same-State S2 p2=2,0,spsa,sequential,0,deterministic_linear_ramp,30,120,5,4,1.7888585329055786,77,0.007109510246664286,0.003554755123332143,9.477213097852655e-06,0.0,1.2636283827305306e-05,0.013481847003062057,0.014185372641231635,9.58493328653276e-05,0.15848064422607422
336110603,XY-Warm-Same-State S2 p2=2,0,spsa,sequential,0,deterministic_linear_ramp,35,120,5,4,1.7888585329055786,87,0.206252783536911,0.1031263917684555,0.010635052807629108,0.010635052807629108,0.010635052807629108,0.012599188008443153,0.013966227856027484,0.0025986176915466785,0.18024301528930664
336110603,XY-Warm-Same-State S2 p2=2,0,spsa,sequential,0,deterministic_linear_ramp,40,120,5,4,1.7888585329055786,97,0.041102971881628036,0.020551485940814018,0.00031677266815677285,0.00042236357694491744,0.0,0.011855270133864622,0.013779134410346052,0.0004872868303209543,0.2020425796508789
336110603,XY-Warm-Same-State S2 p2=2,0,spsa,sequential,0,deterministic_linear_ramp,45,120,5,4,1.7888585329055786,107,0.18523761630058289,0.09261880815029144,0.006433682516217232,0.0,0.008578243665397167,0.01121782870259819,0.013616187769422706,0.002077963901683688,0.2242567539215088
336110603,XY-Warm-Same-State S2 p2=2,0,spsa,sequential,0,deterministic_linear_ramp,50,120,5,4,1.7888585329055786,117,0.0320674367249012,0.0160337183624506,0.00019281009736005217,0.0,0.0002570801298134029,0.01066413587795341,0.013472060523173781,0.00034197152126580477,0.2452714443206787
336110603,XY-Warm-Same-State S2 p2=2,0,spsa,sequential,0,deterministic_linear_ramp,55,120,5,4,1.7888585329055786,127,0.004342032130807638,0.002171016065403819,3.5349830795894377e-06,0.0,4.713310772785917e-06,0.010177671655850443,0.01334299625175472,4.419178003445268e-05,0.26664257049560547
336110603,XY-Warm-Same-State S2 p2=2,0,spsa,sequential,0,deterministic_linear_ramp,60,120,5,4,1.7888585329055786,137,0.3208477199077606,0.1604238599538803,0.01930186152458191,0.02573581412434578,0.0,0.009746109899117473,0.013226249755755135,0.003127017291262746,0.28722357749938965
336110603,XY-Warm-Same-State S2 p2=2,0,spsa,sequential,0,deterministic_linear_ramp,65,120,5,4,1.7888585329055786,147,0.280192494392395,0.1400962471961975,0.0,0.0,0.0,0.009360047454295627,0.01311975565249048,0.002622614847496152,0.3069579601287842
336110603,XY-Warm-Same-State S2 p2=2,0,spsa,sequential,0,deterministic_linear_ramp,70,120,5,4,1.7888585329055786,157,0.025632621720433235,0.012816310860216618,0.00016425782814621925,0.00016425782814621925,0.00016425782814621925,0.00901217316645844,0.013021922119457682,0.000231005615205504,0.3279402256011963
336110603,XY-Warm-Same-State S2 p2=2,0,spsa,sequential,0,deterministic_linear_ramp,75,120,5,4,1.7888585329055786,167,0.2327861189842224,0.1163930594921112,0.013547344133257866,0.0,0.0,0.008696707770909674,0.01293149713891721,0.002024472923949361,0.3495149612426758
336110603,XY-Warm-Same-State S2 p2=2,0,spsa,sequential,0,deterministic_linear_ramp,80,120,5,4,1.7888585329055786,177,0.05198916420340538,0.02599458210170269,0.0006757183000445366,0.0,0.0,0.008409016314330704,0.012847478719003411,0.0004371777467895299,0.3700399398803711
336110603,XY-Warm-Same-State S2 p2=2,0,spsa,sequential,0,deterministic_linear_ramp,85,120,5,4,1.7888585329055786,187,0.23282545804977417,0.11641272902488708,0.010163942351937294,0.01355192344635725,0.0,0.008145333733737551,0.012769052840860788,0.0018964412156492472,0.39188313484191895
336110603,XY-Warm-Same-State S2 p2=2,0,spsa,sequential,0,deterministic_linear_ramp,90,120,5,4,1.7888585329055786,197,0.2561832368373871,0.12809161841869354,0.01640746183693409,0.01640746183693409,0.01640746183693409,0.007902566583830893,0.01269554947299621,0.002024505054578185,0.4124486446380615
336110603,XY-Warm-Same-State S2 p2=2,0,spsa,sequential,0,deterministic_linear_ramp,95,120,5,4,1.7888585329055786,207,0.10995297878980637,0.05497648939490318,0.002266810741275549,0.0,0.0030224143993109465,0.0076781471841504585,0.012626410699612943,0.0008442351827397943,0.43344926834106445
336110603,XY-Warm-Same-State S2 p2=2,0,spsa,sequential,0,deterministic_linear_ramp,100,120,5,4,1.7888585329055786,217,0.0043655396439135075,0.0021827698219567537,3.5733628465095535e-06,0.0,4.764483946928522e-06,0.0074699245882773,0.012561167176266359,3.2610252674203366e-05,0.4548349380493164
336110603,XY-Warm-Same-State S2 p2=2,0,spsa,sequential,0,deterministic_linear_ramp,105,120,5,4,1.7888585329055786,227,0.23370873928070068,0.11685436964035034,0.0,0.0,0.0,0.007276081891344765,0.01249942043693397,0.0017004839610308409,0.4761197566986084
336110603,XY-Warm-Same-State S2 p2=2,0,spsa,sequential,0,deterministic_linear_ramp,110,120,5,4,1.7888585329055786,237,0.28027647733688354,0.14013823866844177,0.014729045331478119,0.019638726487755775,0.0,0.007095072687189443,0.012440829393713411,0.001988582080230117,0.4979848861694336
336110603,XY-Warm-Same-State S2 p2=2,0,spsa,sequential,0,deterministic_linear_ramp,115,120,5,4,1.7888585329055786,247,0.29040244221687317,0.14520122110843658,0.021083394065499306,0.0,0.0,0.0069255716561289135,0.012385099893453082,0.002011202974244952,0.5181519985198975
336110603,XY-Warm-Same-State S2 p2=2,0,spsa,sequential,0,deterministic_linear_ramp,120,120,5,4,1.7888585329055786,257,0.028062377125024796,0.014031188562512398,0.0001476556935813278,0.0,0.00019687425810843706,0.0067664357212925425,0.012331976538504544,0.00018988226656801999,0.5400776863098145
336110603,XY-Warm-Same-State S2 p2=2,0,spsa,sequential,1,random_shared_stream,1,120,5,4,1.940496802330017,19,2.9012084007263184,1.4506042003631592,1.5781893730163574,0.0,2.104252576828003,0.014830644127324405,0.02,0.04302679002285004,0.5791583061218262
336110603,XY-Warm-Same-State S2 p2=2,0,spsa,sequential,1,random_shared_stream,5,120,5,4,1.940496802330017,27,1.342342734336853,0.6711713671684265,0.45047101378440857,0.45047101378440857,0.45047101378440857,0.012618962833065557,0.016999416915812672,0.01693897321820259,0.5961349010467529
336110603,XY-Warm-Same-State S2 p2=2,0,spsa,sequential,1,random_shared_stream,10,120,5,4,1.9243160486221313,37,0.47139111161231995,0.23569555580615997,0.055552393198013306,0.055552393198013306,0.055552393198013306,0.010804768295659942,0.015850026609609436,0.005093271844089031,0.6173582077026367
336110603,XY-Warm-Same-State S2 p2=2,0,spsa,sequential,1,random_shared_stream,15,120,5,4,1.9091829061508179,47,1.4876900911331177,0.7438450455665588,0.553305447101593,0.553305447101593,0.553305447101593,0.009551529599349195,0.015214047873475552,0.014209716580808163,0.6389884948730469
336110603,XY-Warm-Same-State S2 p2=2,0,spsa,sequential,1,random_shared_stream,20,120,5,4,1.9036390781402588,57,0.3374531865119934,0.1687265932559967,0.0284686628729105,0.0,0.0,0.008622905466718381,0.014778350620464044,0.0029098268132656813,0.6615877151489258
336110603,XY-Warm-Same-State S2 p2=2,0,spsa,sequential,1,random_shared_stream,25,120,5,4,1.8982149362564087,67,1.2463959455490112,0.6231979727745056,0.0,0.0,0.0,0.00790126220156791,0.014449008773880907,0.009848101995885372,0.682293176651001
336110603,XY-Warm-Same-State S2 p2=2,0,spsa,sequential,1,random_shared_stream,30,120,5,4,1.8882015943527222,77,1.2742242813110352,0.6371121406555176,0.3044339120388031,0.4059118926525116,0.0,0.007320788145052395,0.014185372641231635,0.0093283262103796,0.7034096717834473
336110603,XY-Warm-Same-State S2 p2=2,0,spsa,sequential,1,random_shared_stream,35,120,5,4,1.8805583715438843,87,0.8915627002716064,0.4457813501358032,0.1987210065126419,0.1987210065126419,0.1987210065126419,0.0068414948032378565,0.013966227856027484,0.006099621299654245,0.7261745929718018
336110603,XY-Warm-Same-State S2 p2=2,0,spsa,sequential,1,random_shared_stream,40,120,5,4,1.87894868850708,97,0.1312682330608368,0.0656341165304184,0.004307837225496769,0.0,0.0,0.0064375393840827395,0.013779134410346052,0.0008450444438494742,0.7477273941040039
336110603,XY-Warm-Same-State S2 p2=2,0,spsa,sequential,1,random_shared_stream,45,120,5,4,1.8743526935577393,107,1.1548240184783936,0.5774120092391968,0.33340463042259216,0.33340463042259216,0.33340463042259216,0.006091401820578227,0.013616187769422706,0.007034497335553169,0.7700033187866211
336110603,XY-Warm-Same-State S2 p2=2,0,spsa,sequential,1,random_shared_stream,50,120,5,4,1.8727366924285889,117,0.4631107747554779,0.23155538737773895,0.053617898374795914,0.053617898374795914,0.053617898374795914,0.0057907406525840015,0.013472060523173781,0.0026817545294761658,0.791008710861206
336110603,XY-Warm-Same-State S2 p2=2,0,spsa,sequential,1,random_shared_stream,55,120,5,4,1.8719176054000854,127,0.17320775985717773,0.08660387992858887,0.0,0.0,0.0,0.005526585339936211,0.01334299625175472,0.000957247510086745,0.8107330799102783
336110603,XY-Warm-Same-State S2 p2=2,0,spsa,sequential,1,random_shared_stream,60,120,5,4,1.8719176054000854,137,0.08881491422653198,0.04440745711326599,0.0014790166169404984,0.001972022233530879,0.0,0.005292242657377127,0.013226249755755135,0.00047003009240143,0.8326249122619629
336110603,XY-Warm-Same-State S2 p2=2,0,spsa,sequential,1,random_shared_stream,65,120,5,4,1.8719176054000854,147,0.1745285540819168,0.0872642770409584,0.0,0.0,0.0,0.005082606591290648,0.01311975565249048,0.0008870600140653551,0.8516285419464111
336110603,XY-Warm-Same-State S2 p2=2,0,spsa,sequential,1,random_shared_stream,70,120,5,4,1.8713151216506958,157,0.18752093613147736,0.09376046806573868,0.0,0.0,0.0,0.004893707105798149,0.013021922119457682,0.0009176725288853049,0.8747007846832275
336110603,XY-Warm-Same-State S2 p2=2,0,spsa,sequential,1,random_shared_stream,75,120,5,4,1.8713151216506958,167,0.012002515606582165,0.006001257803291082,3.6015095247421414e-05,0.0,0.0,0.0047224059979170735,0.01293149713891721,5.668075391440652e-05,0.8953180313110352
336110603,XY-Warm-Same-State S2 p2=2,0,spsa,sequential,1,random_shared_stream,80,120,5,4,1.8713151216506958,177,0.13103534281253815,0.06551767140626907,0.004292565397918224,0.0,0.0,0.004566186438069092,0.012847478719003411,0.0005983317969366908,0.9159266948699951
336110603,XY-Warm-Same-State S2 p2=2,0,spsa,sequential,1,random_shared_stream,85,120,5,4,1.8713151216506958,187,0.09237771481275558,0.04618885740637779,0.001600058050826192,0.0,0.002133410656824708,0.004423003956497781,0.012769052840860788,0.00040858701686374843,0.9364278316497803
336110603,XY-Warm-Same-State S2 p2=2,0,spsa,sequential,1,random_shared_stream,90,120,5,4,1.8713151216506958,197,0.07916581630706787,0.039582908153533936,0.0011751048732548952,0.0,0.0015668065752834082,0.004291178779083947,0.01269554947299621,0.00033971466473303735,0.9571723937988281
336110603,XY-Warm-Same-State S2 p2=2,0,spsa,sequential,1,random_shared_stream,95,120,5,4,1.8713151216506958,207,0.15551652014255524,0.07775826007127762,0.004534760024398565,0.0,0.006046346854418516,0.004169316627679384,0.012626410699612943,0.000648397603072226,0.9788172245025635
336110603,XY-Warm-Same-State S2 p2=2,0,spsa,sequential,1,random_shared_stream,100,120,5,4,1.8713151216506958,217,0.003985927440226078,0.001992963720113039,2.9789282507408643e-06,3.971904334321152e-06,0.0,0.004056249515209258,0.012561167176266359,1.6167916328413412e-05,0.998579740524292
336110603,XY-Warm-Same-State S2 p2=2,0,spsa,sequential,1,random_shared_stream,105,120,5,4,1.8713151216506958,227,0.031043540686368942,0.015521770343184471,0.0002409253502264619,0.0,0.0,0.003950990842759824,0.01249942043693397,0.00012265273835510015,1.0192735195159912
336110603,XY-Warm-Same-State S2 p2=2,0,spsa,sequential,1,random_shared_stream,110,120,5,4,1.8713151216506958,237,0.0367761068046093,0.01838805340230465,0.00033812050241976976,0.00033812050241976976,0.00033812050241976976,0.0038527008951269315,0.012440829393713411,0.00014168734196573496,1.0400021076202393
336110603,XY-Warm-Same-State S2 p2=2,0,spsa,sequential,1,random_shared_stream,115,120,5,4,1.8713151216506958,247,0.00642002047970891,0.003210010239854455,1.0304165698471479e-05,0.0,0.0,0.0037606600094470793,0.012385099893453082,2.4143515474861488e-05,1.0622913837432861
336110603,XY-Warm-Same-State S2 p2=2,0,spsa,sequential,1,random_shared_stream,120,120,5,4,1.8713151216506958,257,0.031204048544168472,0.015602024272084236,0.00018256736802868545,0.0002434231573715806,0.0,0.0036742474826666365,0.012331976538504544,0.0001146513968706131,1.0816073417663574
336110603,XY-Warm-Same-State S2 p2=2,0,spsa,sequential,2,random_shared_stream,1,120,5,4,1.8842902183532715,19,0.9052872657775879,0.45264363288879395,0.153664693236351,0.20488625764846802,0.0,0.07384533042245835,0.02,0.06685123592615128,1.1214253902435303
336110603,XY-Warm-Same-State S2 p2=2,0,spsa,sequential,2,random_shared_stream,5,120,5,4,1.4410885572433472,27,4.4077534675598145,2.2038767337799072,4.857072830200195,0.0,0.0,0.06283283935588321,0.016999416915812672,0.25,1.1394426822662354
336110603,XY-Warm-Same-State S2 p2=2,0,spsa,sequential,2,random_shared_stream,10,120,5,4,1.093184471130371,37,1.201529860496521,0.6007649302482605,0.36091849207878113,0.0,0.0,0.053799530086563824,0.015850026609609436,0.06464173644781113,1.1622483730316162
336110603,XY-Warm-Same-State S2 p2=2,0,spsa,sequential,2,random_shared_stream,15,120,5,4,1.052443265914917,47,0.9008992910385132,0.4504496455192566,0.0,0.0,0.0,0.04755935435092137,0.015214047873475552,0.0428461879491806,1.1849555969238281
336110603,XY-Warm-Same-State S2 p2=2,0,spsa,sequential,2,random_shared_stream,20,120,5,4,1.032252311706543,57,1.170898199081421,0.5854490995407104,0.3427506387233734,0.3427506387233734,0.3427506387233734,0.042935512303086946,0.014778350620464044,0.0502731129527092,1.2063891887664795
336110603,XY-Warm-Same-State S2 p2=2,0,spsa,sequential,2,random_shared_stream,25,120,5,4,1.0114738941192627,67,1.455674171447754,0.727837085723877,0.5297468304634094,0.5297468304634094,0.5297468304634094,0.039342277585520294,0.014449008773880907,0.05726953595876694,1.2281816005706787
336110603,XY-Warm-Same-State S2 p2=2,0,spsa,sequential,2,random_shared_stream,30,120,5,4,1.007349967956543,77,0.6092749238014221,0.30463746190071106,0.06960298866033554,0.0,0.09280398488044739,0.036451958180844075,0.014185372641231635,0.02220926433801651,1.2486417293548584
336110603,XY-Warm-Same-State S2 p2=2,0,spsa,sequential,2,random_shared_stream,35,120,5,4,1.0009058713912964,87,0.2062271684408188,0.1031135842204094,0.007974308915436268,0.0,0.010632411576807499,0.03406544179681402,0.013966227856027484,0.00702521950006485,1.2713103294372559
336110603,XY-Warm-Same-State S2 p2=2,0,spsa,sequential,2,random_shared_stream,40,120,5,4,0.9960977435112,97,0.21997572481632233,0.10998786240816116,0.009072997607290745,0.0,0.012097329832613468,0.0320540509801136,0.013779134410346052,0.007051113061606884,1.2921974658966064
336110603,XY-Warm-Same-State S2 p2=2,0,spsa,sequential,2,random_shared_stream,45,120,5,4,0.9954236745834351,107,0.17831680178642273,0.08915840089321136,0.007949220016598701,0.0,0.0,0.03033054911942761,0.013616187769422706,0.00540844677016139,1.3139567375183105
336110603,XY-Warm-Same-State S2 p2=2,0,spsa,sequential,2,random_shared_stream,50,120,5,4,0.9893812537193298,117,0.3951975405216217,0.19759877026081085,0.029283955693244934,0.0,0.03904527425765991,0.028833485127794944,0.013472060523173781,0.011394921690225601,1.335836410522461
336110603,XY-Warm-Same-State S2 p2=2,0,spsa,sequential,2,random_shared_stream,55,120,5,4,0.9851088523864746,127,0.46755462884902954,0.23377731442451477,0.054651834070682526,0.0,0.0,0.027518192536464786,0.01334299625175472,0.01286625862121582,1.357182502746582
336110603,XY-Warm-Same-State S2 p2=2,0,spsa,sequential,2,random_shared_stream,60,120,5,4,0.9841130375862122,137,0.42873430252075195,0.21436715126037598,0.04595327377319336,0.04595327377319336,0.04595327377319336,0.0263513441732317,0.013226249755755135,0.011297725141048431,1.3788373470306396
336110603,XY-Warm-Same-State S2 p2=2,0,spsa,sequential,2,random_shared_stream,65,120,5,4,0.9826609492301941,147,0.050583116710186005,0.025291558355093002,0.0004797471920028329,0.0,0.0006396629032678902,0.025307515972938073,0.01311975565249048,0.0012801330303773284,1.399705410003662
336110603,XY-Warm-Same-State S2 p2=2,0,spsa,sequential,2,random_shared_stream,70,120,5,4,0.9790573716163635,157,0.1510036140680313,0.07550180703401566,0.005700523033738136,0.0,0.0,0.024366940175753016,0.013021922119457682,0.0036794960033148527,1.4213063716888428
336110603,XY-Warm-Same-State S2 p2=2,0,spsa,sequential,2,random_shared_stream,75,120,5,4,0.976951539516449,167,0.43581023812294006,0.21790511906147003,0.03561197966337204,0.0,0.04748263955116272,0.023513990917136202,0.01293149713891721,0.010247638449072838,1.4418249130249023
336110603,XY-Warm-Same-State S2 p2=2,0,spsa,sequential,2,random_shared_stream,80,120,5,4,0.9746745228767395,177,0.17988362908363342,0.08994181454181671,0.0060671474784612656,0.008089530281722546,0.0,0.022736136299603388,0.012847478719003411,0.00408985884860158,1.4645357131958008
336110603,XY-Warm-Same-State S2 p2=2,0,spsa,sequential,2,random_shared_stream,85,120,5,4,0.9743198752403259,187,0.48260006308555603,0.24130003154277802,0.04366927966475487,0.0,0.05822570621967316,0.02202319641839753,0.012769052840860788,0.010628396645188332,1.4848687648773193
336110603,XY-Warm-Same-State S2 p2=2,0,spsa,sequential,2,random_shared_stream,90,120,5,4,0.972685694694519,197,0.11854684352874756,0.05927342176437378,0.0,0.0,0.0,0.021366807275717725,0.01269554947299621,0.002532967599108815,1.5062932968139648
336110603,XY-Warm-Same-State S2 p2=2,0,spsa,sequential,2,random_shared_stream,95,120,5,4,0.9715906977653503,207,0.393063485622406,0.196531742811203,0.03862472623586655,0.03862472623586655,0.03862472623586655,0.020760026426605335,0.012626410699612943,0.008160008117556572,1.5276527404785156
336110603,XY-Warm-Same-State S2 p2=2,0,spsa,sequential,2,random_shared_stream,100,120,5,4,0.9692435264587402,217,0.1906696856021881,0.09533484280109406,0.009088732302188873,0.0,0.0,0.020197038183573705,0.012561167176266359,0.003850962733849883,1.5491747856140137
336110603,XY-Warm-Same-State S2 p2=2,0,spsa,sequential,2,random_shared_stream,105,120,5,4,0.967441737651825,227,0.16083510220050812,0.08041755110025406,0.0064669824205338955,0.0064669824205338955,0.0064669824205338955,0.019672930034249508,0.01249942043693397,0.0031640976667404175,1.572115182876587
336110603,XY-Warm-Same-State S2 p2=2,0,spsa,sequential,2,random_shared_stream,110,120,5,4,0.9657049775123596,237,0.21496006846427917,0.10748003423213959,0.011551957577466965,0.0,0.0,0.019183520835441732,0.012440829393713411,0.004123691003769636,1.5938026905059814
336110603,XY-Warm-Same-State S2 p2=2,0,spsa,sequential,2,random_shared_stream,115,120,5,4,0.9655117392539978,247,0.3278012275695801,0.16390061378479004,0.02014755830168724,0.02686341106891632,0.0,0.018725227213327113,0.012385099893453082,0.006138152442872524,1.6150357723236084
336110603,XY-Warm-Same-State S2 p2=2,0,spsa,sequential,2,random_shared_stream,120,120,5,4,0.9645389914512634,257,0.032016050070524216,0.016008025035262108,0.00025625686976127326,0.00025625686976127326,0.00025625686976127326,0.018294958538685766,0.012331976538504544,0.0005857322830706835,1.6375494003295898
336110603,XY-Warm-Same-State S2 p2=2,0,spsa,sequential,3,random_shared_stream,1,120,5,4,1.9871541261672974,19,3.039616346359253,1.5198081731796265,1.7323626279830933,2.309816837310791,0.0,0.05242196221030419,0.02,0.15934264659881592,1.676931619644165
336110603,XY-Warm-Same-State S2 p2=2,0,spsa,sequential,3,random_shared_stream,5,120,5,4,1.928915023803711,27,0.6780015826225281,0.33900079131126404,0.08619115501642227,0.11492154002189636,0.0,0.044604319750981634,0.016999416915812672,0.030241800472140312,1.696338415145874
336110603,XY-Warm-Same-State S2 p2=2,0,spsa,sequential,3,random_shared_stream,10,120,5,4,1.9159741401672363,37,0.14022298157215118,0.07011149078607559,0.0036867158487439156,0.004915621131658554,0.0,0.038191675993533784,0.015850026609609436,0.0053553506731987,1.7182555198669434
336110603,XY-Warm-Same-State S2 p2=2,0,spsa,sequential,3,random_shared_stream,15,120,5,4,1.9060614109039307,47,0.28213974833488464,0.14106987416744232,0.014925532042980194,0.01990070939064026,0.0,0.03376184604046719,0.015214047873475552,0.009525558911263943,1.740967035293579
336110603,XY-Warm-Same-State S2 p2=2,0,spsa,sequential,3,random_shared_stream,20,120,5,4,1.8969324827194214,57,0.18115703761577606,0.09057851880788803,0.006153351627290249,0.0,0.00820446852594614,0.03047943303328977,0.014778350620464044,0.005521563813090324,1.7617547512054443
336110603,XY-Warm-Same-State S2 p2=2,0,spsa,sequential,3,random_shared_stream,25,120,5,4,1.8790504932403564,67,0.07377457618713379,0.036887288093566895,0.0010205040453001857,0.0,0.0013606720604002476,0.027928636476494274,0.014449008773880907,0.0020604233723133802,1.7839093208312988
336110603,XY-Warm-Same-State S2 p2=2,0,spsa,sequential,3,random_shared_stream,30,120,5,4,1.8545341491699219,77,1.049467921257019,0.5247339606285095,0.27534574270248413,0.27534574270248413,0.27534574270248413,0.025876831524971364,0.014185372641231635,0.027156904339790344,1.8057596683502197
336110603,XY-Warm-Same-State S2 p2=2,0,spsa,sequential,3,random_shared_stream,35,120,5,4,1.8412511348724365,87,0.38699284195899963,0.19349642097949982,0.037440866231918335,0.037440866231918335,0.037440866231918335,0.024182670621605055,0.013966227856027484,0.009358519688248634,1.829066514968872
336110603,XY-Warm-Same-State S2 p2=2,0,spsa,sequential,3,random_shared_stream,40,120,5,4,1.8100870847702026,97,1.6034656763076782,0.8017328381538391,0.48208165168762207,0.6427755355834961,0.0,0.022754807102273376,0.013779134410346052,0.03648655116558075,1.8508021831512451
336110603,XY-Warm-Same-State S2 p2=2,0,spsa,sequential,3,random_shared_stream,45,120,5,4,1.7820391654968262,107,1.7499079704284668,0.8749539852142334,0.7655444741249084,0.7655444741249084,0.7655444741249084,0.02153131268639908,0.013616187769422706,0.037677813321352005,1.8709287643432617
336110603,XY-Warm-Same-State S2 p2=2,0,spsa,sequential,3,random_shared_stream,50,120,5,4,1.726685881614685,117,1.522044062614441,0.7610220313072205,0.5791545510292053,0.0,0.0,0.02046856394457874,0.013472060523173781,0.031154057011008263,1.8928682804107666
336110603,XY-Warm-Same-State S2 p2=2,0,spsa,sequential,3,random_shared_stream,55,120,5,4,1.707166075706482,127,0.6512869000434875,0.3256434500217438,0.07953274250030518,0.0,0.10604365915060043,0.019534852657436434,0.01334299625175472,0.012722793035209179,1.9152934551239014
336110603,XY-Warm-Same-State S2 p2=2,0,spsa,sequential,3,random_shared_stream,60,120,5,4,1.6656452417373657,137,0.15250135958194733,0.07625067979097366,0.004360624589025974,0.005814166273921728,0.0,0.018706520243556988,0.013226249755755135,0.0028527698013931513,1.9367573261260986
336110603,XY-Warm-Same-State S2 p2=2,0,spsa,sequential,3,random_shared_stream,65,120,5,4,1.6457276344299316,147,1.8045551776885986,0.9022775888442993,0.0,0.0,0.0,0.017965518447549036,0.01311975565249048,0.03241976723074913,1.9572327136993408
336110603,XY-Warm-Same-State S2 p2=2,0,spsa,sequential,3,random_shared_stream,70,120,5,4,1.6096525192260742,157,2.5346453189849854,1.2673226594924927,1.2045800685882568,1.6061067581176758,0.0,0.017297814360995634,0.013021922119457682,0.043843820691108704,1.9782769680023193
336110603,XY-Warm-Same-State S2 p2=2,0,spsa,sequential,3,random_shared_stream,75,120,5,4,1.5956227779388428,167,0.06105427071452141,0.030527135357260704,0.0006989294779486954,0.0009319059900008142,0.0,0.016692315359952244,0.01293149713891721,0.0010191372130066156,2.0011637210845947
336110603,XY-Warm-Same-State S2 p2=2,0,spsa,sequential,3,random_shared_stream,80,120,5,4,1.5510334968566895,177,1.9613546133041382,0.9806773066520691,0.721295952796936,0.0,0.9617279767990112,0.01614012519258298,0.012847478719003411,0.03165651112794876,2.023277759552002
336110603,XY-Warm-Same-State S2 p2=2,0,spsa,sequential,3,random_shared_stream,85,120,5,4,1.5192188024520874,187,0.0823604092001915,0.04118020460009575,0.0012718569487333298,0.0016958093037828803,0.0,0.01563401726000305,0.012769052840860788,0.0012876240070909262,2.046257734298706
336110603,XY-Warm-Same-State S2 p2=2,0,spsa,sequential,3,random_shared_stream,90,120,5,4,1.4564120769500732,197,0.24488726258277893,0.12244363129138947,0.011244332417845726,0.0,0.014992442913353443,0.015168054055072357,0.01269554947299621,0.003714463207870722,2.0696640014648438
336110603,XY-Warm-Same-State S2 p2=2,0,spsa,sequential,3,random_shared_stream,95,120,5,4,1.3697880506515503,207,3.216724157333374,1.608362078666687,1.9401214122772217,0.0,2.5868284702301025,0.014737307214884447,0.012626410699612943,0.047405850142240524,2.0909719467163086
336110603,XY-Warm-Same-State S2 p2=2,0,spsa,sequential,3,random_shared_stream,100,120,5,4,1.2698332071304321,217,6.111973762512207,3.0559868812561035,7.004292011260986,9.339056015014648,0.0,0.014337648248877925,0.012561167176266359,0.08763132989406586,2.1133852005004883
336110603,XY-Warm-Same-State S2 p2=2,0,spsa,sequential,3,random_shared_stream,105,120,5,4,1.2283750772476196,227,1.3726681470870972,0.6863340735435486,0.47105446457862854,0.47105446457862854,0.47105446457862854,0.013965589820256828,0.01249942043693397,0.019170120358467102,2.1355044841766357
336110603,XY-Warm-Same-State S2 p2=2,0,spsa,sequential,3,random_shared_stream,110,120,5,4,1.176651954650879,237,0.0017631066730245948,0.0008815533365122974,7.771362788844272e-07,0.0,0.0,0.01361816378290953,0.012440829393713411,2.4010274501051754e-05,2.1555471420288086
336110603,XY-Warm-Same-State S2 p2=2,0,spsa,sequential,3,random_shared_stream,115,120,5,4,1.1404398679733276,247,0.5422077775001526,0.2711038887500763,0.0551229864358902,0.0,0.07349731773138046,0.013292826340416222,0.012385099893453082,0.007207474205642939,2.1779396533966064
336110603,XY-Warm-Same-State S2 p2=2,0,spsa,sequential,3,random_shared_stream,120,120,5,4,1.0612260103225708,257,1.3646358251571655,0.6823179125785828,0.3491683006286621,0.465557724237442,0.0,0.012987383490160296,0.012331976538504544,0.017723048105835915,2.2009832859039307
336110603,XY-Warm-Same-State S2 p2=2,0,spsa,sequential,4,continuation,1,120,5,4,-0.051650598645210266,19,2.774578332901001,1.3872891664505005,1.9245712757110596,0.0,0.0,0.07277266756778633,0.02,0.20191346108913422,2.238978862762451
336110603,XY-Warm-Same-State S2 p2=2,0,spsa,sequential,4,continuation,5,120,5,4,-0.051650598645210266,27,0.41952985525131226,0.20976492762565613,0.04400132596492767,0.04400132596492767,0.04400132596492767,0.06192014179674097,0.016999416915812672,0.025977347046136856,2.2574782371520996
336110603,XY-Warm-Same-State S2 p2=2,0,spsa,sequential,4,continuation,10,120,5,4,-0.051650598645210266,37,38.022804260253906,19.011402130126953,271.0750732421875,361.43341064453125,0.0,0.0530180486145124,0.015850026609609436,0.25,2.2790496349334717
336110603,XY-Warm-Same-State S2 p2=2,0,spsa,sequential,4,continuation,15,120,5,4,-0.051650598645210266,47,37.369171142578125,18.684585571289062,261.8352966308594,349.1137390136719,0.0,0.04686851645348673,0.015214047873475552,0.25,2.2995805740356445
336110603,XY-Warm-Same-State S2 p2=2,0,spsa,sequential,4,continuation,20,120,5,4,-0.051650598645210266,57,19.381406784057617,9.690703392028809,0.0,0.0,0.0,0.042311839432637874,0.014778350620464044,0.25,2.3217215538024902
336110603,XY-Warm-Same-State S2 p2=2,0,spsa,sequential,4,continuation,25,120,5,4,-0.051650598645210266,67,40.36757278442383,20.183786392211914,305.5389099121094,407.3852233886719,0.0,0.03877079934115796,0.014449008773880907,0.25,2.3427717685699463
336110603,XY-Warm-Same-State S2 p2=2,0,spsa,sequential,4,continuation,30,120,5,4,-0.051650598645210266,77,8.602163314819336,4.301081657409668,13.87447738647461,0.0,18.499303817749023,0.03592246415194665,0.014185372641231635,0.25,2.3644540309906006
336110603,XY-Warm-Same-State S2 p2=2,0,spsa,sequential,4,continuation,35,120,5,4,-0.051650598645210266,87,38.398067474365234,19.199033737182617,276.4521789550781,368.6029052734375,0.0,0.03357061383904892,0.013966227856027484,0.25,2.3860535621643066
336110603,XY-Warm-Same-State S2 p2=2,0,spsa,sequential,4,continuation,40,120,5,4,-0.051650598645210266,97,32.760677337646484,16.380338668823242,268.31549072265625,0.0,0.0,0.031588440092716524,0.013779134410346052,0.25,2.4062607288360596
336110603,XY-Warm-Same-State S2 p2=2,0,spsa,sequential,4,continuation,45,120,5,4,-0.051650598645210266,107,43.37775802612305,21.688879013061523,0.0,0.0,0.0,0.029889973483621116,0.013616187769422706,0.25,2.42836856842041
336110603,XY-Warm-Same-State S2 p2=2,0,spsa,sequential,4,continuation,50,120,5,4,-0.051650598645210266,117,19.323379516601562,9.661689758300781,70.01118469238281,93.34825134277344,0.0,0.028414655551295173,0.013472060523173781,0.25,2.449676990509033
336110603,XY-Warm-Same-State S2 p2=2,0,spsa,sequential,4,continuation,55,120,5,4,-0.051650598645210266,127,36.931671142578125,18.465835571289062,0.0,0.0,0.0,0.027118468643393796,0.01334299625175472,0.25,2.47172474861145
336110603,XY-Warm-Same-State S2 p2=2,0,spsa,sequential,4,continuation,60,120,5,4,-0.051650598645210266,137,0.004443449899554253,0.0022217249497771263,4.936061941407388e-06,4.936061941407388e-06,4.936061941407388e-06,0.025968569691709343,0.013226249755755135,0.00011539003753568977,2.4930176734924316
336110603,XY-Warm-Same-State S2 p2=2,0,spsa,sequential,4,continuation,65,120,5,4,-0.051650598645210266,147,0.0464840829372406,0.0232420414686203,0.00040514435386285186,0.0,0.0005401924718171358,0.024939903936091752,0.01311975565249048,0.0011593085946515203,2.5132453441619873
336110603,XY-Warm-Same-State S2 p2=2,0,spsa,sequential,4,continuation,70,120,5,4,-0.051650598645210266,157,30.892793655395508,15.446396827697754,178.94337463378906,238.59117126464844,0.0,0.02401299075933066,0.013021922119457682,0.25,2.535357713699341
336110603,XY-Warm-Same-State S2 p2=2,0,spsa,sequential,4,continuation,75,120,5,4,-0.051650598645210266,167,0.9519230127334595,0.47596150636672974,0.22653935849666595,0.22653935849666595,0.22653935849666595,0.02317243127514378,0.01293149713891721,0.02205836959183216,2.556643486022949
336110603,XY-Warm-Same-State S2 p2=2,0,spsa,sequential,4,continuation,80,120,5,4,-0.051650598645210266,177,31.885526657104492,15.942763328552246,254.1717071533203,0.0,0.0,0.02240587562194343,0.012847478719003411,0.25,2.578685760498047
336110603,XY-Warm-Same-State S2 p2=2,0,spsa,sequential,4,continuation,85,120,5,4,-0.051650598645210266,187,17.803958892822266,8.901979446411133,0.0,0.0,0.0,0.02170329176628189,0.012769052840860788,0.25,2.5999913215637207
336110603,XY-Warm-Same-State S2 p2=2,0,spsa,sequential,4,continuation,90,120,5,4,-0.051650598645210266,197,19.65874671936035,9.829373359680176,0.0,0.0,0.0,0.02105643720415762,0.01269554947299621,0.25,2.6202337741851807
336110603,XY-Warm-Same-State S2 p2=2,0,spsa,sequential,4,continuation,95,120,5,4,-0.051650598645210266,207,2.804150104522705,1.4020750522613525,1.4743608236312866,0.0,1.965814471244812,0.02045847033521223,0.012626410699612943,0.057368624955415726,2.6423566341400146
336110603,XY-Warm-Same-State S2 p2=2,0,spsa,sequential,4,continuation,100,120,5,4,-0.051650598645210266,217,1.7767935991287231,0.8883967995643616,0.5919366478919983,0.0,0.7892488837242126,0.019903659949500246,0.012561167176266359,0.03536469489336014,2.663648843765259
336110603,XY-Warm-Same-State S2 p2=2,0,spsa,sequential,4,continuation,105,120,5,4,-0.051650598645210266,227,3.7548182010650635,1.8774091005325317,3.524664878845215,3.524664878845215,3.524664878845215,0.019387164892844127,0.01249942043693397,0.07279527932405472,2.6854045391082764
336110603,XY-Warm-Same-State S2 p2=2,0,spsa,sequential,4,continuation,110,120,5,4,-0.051650598645210266,237,5.3530120849609375,2.6765060424804688,5.372763156890869,0.0,7.163684368133545,0.018904864756522664,0.012440829393713411,0.1011979728937149,2.7067086696624756
336110603,XY-Warm-Same-State S2 p2=2,0,spsa,sequential,4,continuation,115,120,5,4,-0.051650598645210266,247,4.969419479370117,2.4847097396850586,6.1737823486328125,6.1737823486328125,6.1737823486328125,0.01845322821810126,0.012385099893453082,0.09170182794332504,2.72685170173645
336110603,XY-Warm-Same-State S2 p2=2,0,spsa,sequential,4,continuation,120,120,5,4,-0.051650598645210266,257,6.900425434112549,3.4502127170562744,8.92797565460205,0.0,11.90396785736084,0.01802920954223677,0.012331976538504544,0.12440921366214752,2.749330759048462
336110603,XY-Warm-Same-State S2 p2=3,0,spsa,sequential,0,deterministic_linear_ramp,1,120,5,6,2.342672109603882,19,0.5354001522064209,0.21857619285583496,0.042467158287763596,0.0,0.042467158287763596,0.03645651654287937,0.02,0.01951882615685463,0.04636526107788086
336110603,XY-Warm-Same-State S2 p2=3,0,spsa,sequential,0,deterministic_linear_ramp,5,120,5,6,1.8951386213302612,27,13.955793380737305,5.6974287033081055,18.03371810913086,0.0,28.85395050048828,0.031019787362440793,0.016999416915812672,0.25,0.0706937313079834
336110603,XY-Warm-Same-State S2 p2=3,0,spsa,sequential,0,deterministic_linear_ramp,10,120,5,6,1.872641682624817,37,3.7716822624206543,1.5397828817367554,2.107494592666626,2.107494592666626,2.107494592666626,0.02656015549499733,0.015850026609609436,0.10017647594213486,0.09712100028991699
336110603,XY-Warm-Same-State S2 p2=3,0,spsa,sequential,0,deterministic_linear_ramp,15,120,5,6,1.872641682624817,47,3.4376044273376465,1.4033961296081543,1.7506850957870483,1.7506850957870483,0.0,0.023479458738202313,0.015214047873475552,0.08071308583021164,0.1253218650817871
336110603,XY-Warm-Same-State S2 p2=3,0,spsa,sequential,0,deterministic_linear_ramp,20,120,5,6,1.872641682624817,57,0.6924458742141724,0.2826898694038391,0.0710342600941658,0.0710342675447464,0.0710342675447464,0.021196725718467996,0.014778350620464044,0.014677584171295166,0.15386295318603516
336110603,XY-Warm-Same-State S2 p2=3,0,spsa,sequential,0,deterministic_linear_ramp,25,120,5,6,1.872641682624817,67,4.759957790374756,1.9432446956634521,2.097888946533203,3.3566224575042725,0.0,0.019422790654815312,0.014449008773880907,0.09245166182518005,0.18248271942138672
336110603,XY-Warm-Same-State S2 p2=3,0,spsa,sequential,0,deterministic_linear_ramp,30,120,5,6,1.872641682624817,77,0.6785340905189514,0.27701038122177124,0.0767347514629364,0.06820867210626602,0.06820867210626602,0.017995876094504298,0.014185372641231635,0.012210814282298088,0.20914077758789062
336110603,XY-Warm-Same-State S2 p2=3,0,spsa,sequential,0,deterministic_linear_ramp,35,120,5,6,1.872641682624817,87,1.746139407157898,0.7128583788871765,0.4517040550708771,0.45170411467552185,0.0,0.016817682787811688,0.013966227856027484,0.029366018250584602,0.23645305633544922
336110603,XY-Warm-Same-State S2 p2=3,0,spsa,sequential,0,deterministic_linear_ramp,40,120,5,6,1.872641682624817,97,0.9740720391273499,0.3976632356643677,0.1581360548734665,0.14056538045406342,0.14056538045406342,0.01582468428453824,0.013779134410346052,0.015414383262395859,0.2640836238861084
336110603,XY-Warm-Same-State S2 p2=3,0,spsa,sequential,0,deterministic_linear_ramp,45,120,5,6,1.872641682624817,107,0.15483435988426208,0.0632108673453331,0.002219785237684846,0.0,0.003551656613126397,0.014973812960158966,0.013616187769422706,0.002318460727110505,0.29237818717956543
336110603,XY-Warm-Same-State S2 p2=3,0,spsa,sequential,0,deterministic_linear_ramp,50,120,5,6,1.872641682624817,117,0.44936925172805786,0.1834542453289032,0.033655453473329544,0.029915958642959595,0.029915958642959595,0.014234731181196449,0.013472060523173781,0.0063966503366827965,0.3204789161682129
336110603,XY-Warm-Same-State S2 p2=3,0,spsa,sequential,0,deterministic_linear_ramp,55,120,5,6,1.8701086044311523,127,0.8814443349838257,0.35984814167022705,0.07193927466869354,0.0,0.11510283499956131,0.013585387670371405,0.01334299625175472,0.011974763125181198,0.34781551361083984
336110603,XY-Warm-Same-State S2 p2=3,0,spsa,sequential,0,deterministic_linear_ramp,60,120,5,6,1.8657914400100708,137,0.8454450368881226,0.34515151381492615,0.10589292645454407,0.10589292645454407,0.10589292645454407,0.013009329219364714,0.013226249755755135,0.010998672805726528,0.37396955490112305
336110603,XY-Warm-Same-State S2 p2=3,0,spsa,sequential,0,deterministic_linear_ramp,65,120,5,6,1.8617709875106812,147,0.3225769102573395,0.13169148564338684,0.015415683388710022,0.015415683388710022,0.015415683388710022,0.01249400428501578,0.01311975565249048,0.004030277486890554,0.4034111499786377
336110603,XY-Warm-Same-State S2 p2=3,0,spsa,sequential,0,deterministic_linear_ramp,70,120,5,6,1.8140153884887695,157,3.4807236194610596,1.4209994077682495,1.79487943649292,1.79487943649292,1.7948795557022095,0.012029653771398465,0.013021922119457682,0.041871894150972366,0.4311482906341553
336110603,XY-Warm-Same-State S2 p2=3,0,spsa,sequential,0,deterministic_linear_ramp,75,120,5,6,1.5200046300888062,167,3.633174180984497,1.4832371473312378,1.9555487632751465,1.9555487632751465,1.9555487632751465,0.011608563384516756,0.01293149713891721,0.042175933718681335,0.46191835403442383
336110603,XY-Warm-Same-State S2 p2=3,0,spsa,sequential,0,deterministic_linear_ramp,80,120,5,6,1.501654028892517,177,0.2395908534526825,0.09781256318092346,0.008504264056682587,0.008504264056682587,0.008504264056682587,0.011224546283234807,0.012847478719003411,0.0026892987079918385,0.48990893363952637
336110603,XY-Warm-Same-State S2 p2=3,0,spsa,sequential,0,deterministic_linear_ramp,85,120,5,6,1.4935497045516968,187,0.9639294147491455,0.39352256059646606,0.1548599749803543,0.13765330612659454,0.13765330612659454,0.01087257677582564,0.012769052840860788,0.010480396449565887,0.51654052734375
336110603,XY-Warm-Same-State S2 p2=3,0,spsa,sequential,0,deterministic_linear_ramp,90,120,5,6,1.4643827676773071,197,4.236627578735352,1.7295960187911987,1.6619457006454468,0.0,2.6591131687164307,0.010548525661127194,0.01269554947299621,0.044690173119306564,0.5454416275024414
336110603,XY-Warm-Same-State S2 p2=3,0,spsa,sequential,0,deterministic_linear_ramp,95,120,5,6,1.451250433921814,207,0.511634349822998,0.20887383818626404,0.043628279119729996,0.03878069296479225,0.03878069296479225,0.010248965540845836,0.012626410699612943,0.005243722815066576,0.5732495784759521
336110603,XY-Warm-Same-State S2 p2=3,0,spsa,sequential,0,deterministic_linear_ramp,100,120,5,6,1.4199210405349731,217,1.572653889656067,0.6420332789421082,0.22900374233722687,0.0,0.36640599370002747,0.009971025282767079,0.012561167176266359,0.01568097248673439,0.6024072170257568
336110603,XY-Warm-Same-State S2 p2=3,0,spsa,sequential,0,deterministic_linear_ramp,105,120,5,6,1.4021763801574707,227,0.3467625379562378,0.1415652334690094,0.017813965678215027,0.017813965678215027,0.0,0.009712279640939948,0.01249942043693397,0.003367854980751872,0.6300592422485352
336110603,XY-Warm-Same-State S2 p2=3,0,spsa,sequential,0,deterministic_linear_ramp,110,120,5,6,1.3982586860656738,237,0.24040436744689941,0.09814467281103134,0.008562113158404827,0.008562113158404827,0.0,0.009470664437236468,0.012440829393713411,0.002276789164170623,0.6582198143005371
336110603,XY-Warm-Same-State S2 p2=3,0,spsa,sequential,0,deterministic_linear_ramp,115,120,5,6,1.3980474472045898,247,0.37979984283447266,0.15505263209342957,0.013356287963688374,0.0,0.021370062604546547,0.00924441060479324,0.012385099893453082,0.003511025570333004,0.6856989860534668
336110603,XY-Warm-Same-State S2 p2=3,0,spsa,sequential,0,deterministic_linear_ramp,120,120,5,6,1.3935226202011108,257,0.13417387008666992,0.05477625131607056,0.0030004375148564577,0.0026670556981116533,0.0026670556981116533,0.009031992338598112,0.012331976538504544,0.0012118573067709804,0.7137975692749023
336110603,XY-Warm-Same-State S2 p2=3,0,spsa,sequential,1,random_shared_stream,1,120,5,6,1.8494000434875488,19,1.186338186264038,0.4843205213546753,0.20850342512130737,0.20850344002246857,0.20850342512130737,0.10417606067803294,0.02,0.12358803302049637,0.7663726806640625
336110603,XY-Warm-Same-State S2 p2=3,0,spsa,sequential,1,random_shared_stream,5,120,5,6,1.6966228485107422,27,1.0366424322128296,0.42320752143859863,0.15920411050319672,0.0,0.15920409560203552,0.08864037370900393,0.016999416915812672,0.09188838303089142,0.7904930114746094
336110603,XY-Warm-Same-State S2 p2=3,0,spsa,sequential,1,random_shared_stream,10,120,5,6,1.5109525918960571,37,8.562872886657715,3.4957785606384277,10.862635612487793,10.86263656616211,10.86263656616211,0.07589678424734918,0.015850026609609436,0.25,0.8185529708862305
336110603,XY-Warm-Same-State S2 p2=3,0,spsa,sequential,1,random_shared_stream,15,120,5,6,1.3873032331466675,47,0.3361350893974304,0.13722658157348633,0.016738785430788994,0.0,0.016738785430788994,0.06709356104611382,0.015214047873475552,0.022552499547600746,0.8476607799530029
336110603,XY-Warm-Same-State S2 p2=3,0,spsa,sequential,1,random_shared_stream,20,120,5,6,1.2409051656723022,57,5.752398490905762,2.3484067916870117,5.5150146484375,4.902235507965088,4.902235507965088,0.06057055347088679,0.014778350620464044,0.25,0.8772485256195068
336110603,XY-Warm-Same-State S2 p2=3,0,spsa,sequential,1,random_shared_stream,25,120,5,6,1.1796791553497314,67,3.9583020210266113,1.6159701347351074,2.6113593578338623,0.0,0.0,0.05550145789197669,0.014449008773880907,0.21969154477119446,0.9046604633331299
336110603,XY-Warm-Same-State S2 p2=3,0,spsa,sequential,1,random_shared_stream,30,120,5,6,1.1796791553497314,77,9.575002670288086,3.9089784622192383,13.582321166992188,0.0,13.582322120666504,0.05142398829494348,0.014185372641231635,0.25,0.9321930408477783
336110603,XY-Warm-Same-State S2 p2=3,0,spsa,sequential,1,random_shared_stream,35,120,5,6,1.1796791553497314,87,4.7392354011535645,1.9347848892211914,3.7433927059173584,3.3274600505828857,3.3274600505828857,0.048057250354852636,0.013966227856027484,0.2277546525001526,0.9595141410827637
336110603,XY-Warm-Same-State S2 p2=3,0,spsa,sequential,1,random_shared_stream,40,120,5,6,1.1731573343276978,97,5.7639570236206055,2.35312557220459,4.921955585479736,0.0,4.921955585479736,0.045219714513803785,0.013779134410346052,0.25,0.9874253273010254
336110603,XY-Warm-Same-State S2 p2=3,0,spsa,sequential,1,random_shared_stream,45,120,5,6,1.1731573343276978,107,2.766570806503296,1.1294478178024292,1.133913278579712,1.133913278579712,1.133913278579712,0.042788313186321585,0.013616187769422706,0.11837690323591232,1.0148429870605469
336110603,XY-Warm-Same-State S2 p2=3,0,spsa,sequential,1,random_shared_stream,50,120,5,6,1.1731573343276978,117,0.39455410838127136,0.16107603907585144,0.02594549022614956,0.023062659427523613,0.023062659427523613,0.040676355282700485,0.013472060523173781,0.01604902185499668,1.0409786701202393
336110603,XY-Warm-Same-State S2 p2=3,0,spsa,sequential,1,random_shared_stream,55,120,5,6,1.1731573343276978,127,1.3569788932800293,0.5539842844009399,0.17049922049045563,0.2727987468242645,0.0,0.03882082833170853,0.01334299625175472,0.052679043263196945,1.0629689693450928
336110603,XY-Warm-Same-State S2 p2=3,0,spsa,sequential,1,random_shared_stream,60,120,5,6,1.1489801406860352,137,2.499112606048584,1.0202584266662598,0.9252687096595764,0.9252687096595764,0.0,0.03717471658442783,0.013226249755755135,0.09290380030870438,1.0873758792877197
336110603,XY-Warm-Same-State S2 p2=3,0,spsa,sequential,1,random_shared_stream,65,120,5,6,1.1414233446121216,147,0.05156867951154709,0.021052828058600426,0.0002462341508362442,0.0,0.0003939746820833534,0.03570215346758437,0.01311975565249048,0.0018411128548905253,1.1117174625396729
336110603,XY-Warm-Same-State S2 p2=3,0,spsa,sequential,1,random_shared_stream,70,120,5,6,1.1299233436584473,157,0.730760395526886,0.29833167791366577,0.08900179713964462,0.0791127011179924,0.0791127011179924,0.03437525194572403,0.013021922119457682,0.025120070204138756,1.1315875053405762
336110603,XY-Warm-Same-State S2 p2=3,0,spsa,sequential,1,random_shared_stream,75,120,5,6,1.1245445013046265,167,0.5823894739151001,0.2377595156431198,0.03140532225370407,0.0,0.05024851858615875,0.033171968092667765,0.01293149713891721,0.01931900344789028,1.1574711799621582
336110603,XY-Warm-Same-State S2 p2=3,0,spsa,sequential,1,random_shared_stream,80,120,5,6,1.1245445013046265,177,4.171878814697266,1.7031625509262085,2.9007625579833984,2.5784554481506348,2.5784554481506348,0.032074622744340336,0.012847478719003411,0.13381144404411316,1.187082052230835
336110603,XY-Warm-Same-State S2 p2=3,0,spsa,sequential,1,random_shared_stream,85,120,5,6,1.1198582649230957,187,0.4196610152721405,0.1713258922100067,0.02935256063938141,0.026091165840625763,0.026091165840625763,0.03106885477093706,0.012769052840860788,0.013038386590778828,1.215162992477417
336110603,XY-Warm-Same-State S2 p2=3,0,spsa,sequential,1,random_shared_stream,90,120,5,6,1.0998605489730835,197,3.237884283065796,1.321860671043396,0.0,0.0,0.0,0.030142864802918487,0.01269554947299621,0.097599096596241,1.2429125308990479
336110603,XY-Warm-Same-State S2 p2=3,0,spsa,sequential,1,random_shared_stream,95,120,5,6,1.0998605489730835,207,2.5722668170928955,1.0501235723495483,1.1027594804763794,0.9802306294441223,0.9802306294441223,0.029286858902561972,0.012626410699612943,0.0753336176276207,1.2699110507965088
336110603,XY-Warm-Same-State S2 p2=3,0,spsa,sequential,1,random_shared_stream,100,120,5,6,1.0998605489730835,217,2.6406633853912354,1.0780463218688965,0.6456577181816101,0.0,1.0330523252487183,0.02849263268634011,0.012561167176266359,0.07523944973945618,1.2965645790100098
336110603,XY-Warm-Same-State S2 p2=3,0,spsa,sequential,1,random_shared_stream,105,120,5,6,1.0998605489730835,227,0.8895843029022217,0.3631712794303894,0.0,0.0,0.0,0.027753255909860226,0.01249942043693397,0.02468886226415634,1.3250441551208496
336110603,XY-Warm-Same-State S2 p2=3,0,spsa,sequential,1,random_shared_stream,110,120,5,6,1.0998605489730835,237,0.522728443145752,0.21340298652648926,0.025300463661551476,0.0,0.04048074409365654,0.027062830095530326,0.012440829393713411,0.014146510511636734,1.3526389598846436
336110603,XY-Warm-Same-State S2 p2=3,0,spsa,sequential,1,random_shared_stream,115,120,5,6,1.0998605489730835,247,0.6138238906860352,0.25059255957603455,0.06279662996530533,0.055819228291511536,0.055819228291511536,0.026416300058862658,0.012385099893453082,0.01621495746076107,1.3794991970062256
336110603,XY-Warm-Same-State S2 p2=3,0,spsa,sequential,1,random_shared_stream,120,120,5,6,1.0998605489730835,257,0.015059486962854862,0.0061480095610022545,3.779802136705257e-05,3.359824404469691e-05,3.3598240406718105e-05,0.025809305746549834,0.012331976538504544,0.00038867490366101265,1.406482458114624
336110603,XY-Warm-Same-State S2 p2=3,0,spsa,sequential,2,random_shared_stream,1,120,5,6,1.914815068244934,19,0.6381847858428955,0.26053786277770996,0.06033775582909584,0.06033775582909584,0.0,0.2319970684421951,0.02,0.1480569988489151,1.4591898918151855
336110603,XY-Warm-Same-State S2 p2=3,0,spsa,sequential,2,random_shared_stream,5,120,5,6,1.9079711437225342,27,1.174077033996582,0.47931498289108276,0.1276348978281021,0.0,0.20421583950519562,0.19739954373649898,0.016999416915812672,0.23176227509975433,1.4822838306427002
336110603,XY-Warm-Same-State S2 p2=3,0,spsa,sequential,2,random_shared_stream,10,120,5,6,1.89715576171875,37,0.9839619398117065,0.40170082449913025,0.14343424141407013,0.0,0.14343424141407013,0.1690199392737035,0.015850026609609436,0.16630919277668,1.510364055633545
336110603,XY-Warm-Same-State S2 p2=3,0,spsa,sequential,2,random_shared_stream,15,120,5,6,1.8938634395599365,47,0.02815600298345089,0.01149464026093483,0.00011744600487872958,0.0,0.00011744599760277197,0.14941541629369826,0.015214047873475552,0.004206940997391939,1.5406525135040283
336110603,XY-Warm-Same-State S2 p2=3,0,spsa,sequential,2,random_shared_stream,20,120,5,6,1.8917564153671265,57,0.5620973110198975,0.2294752597808838,0.0468079037964344,0.0468079037964344,0.0468079037964344,0.13488886743948525,0.014778350620464044,0.0758206695318222,1.5703747272491455
336110603,XY-Warm-Same-State S2 p2=3,0,spsa,sequential,2,random_shared_stream,25,120,5,6,1.8917564153671265,67,0.005729288794100285,0.00233897240832448,4.862926289206371e-06,0.0,4.862926289206371e-06,0.12360013847136818,0.014449008773880907,0.0007081408984959126,1.5979132652282715
336110603,XY-Warm-Same-State S2 p2=3,0,spsa,sequential,2,random_shared_stream,30,120,5,6,1.888208031654358,77,0.2486119419336319,0.1014954075217247,0.009156725369393826,0.009156725369393826,0.009156725369393826,0.11451973183075355,0.014185372641231635,0.028470972552895546,1.6271843910217285
336110603,XY-Warm-Same-State S2 p2=3,0,spsa,sequential,2,random_shared_stream,35,120,5,6,1.8864530324935913,87,0.2462197095155716,0.10051878541707993,0.008981355465948582,0.008981355465948582,0.008981355465948582,0.10702210399542793,0.013966227856027484,0.026350952684879303,1.6542017459869385
336110603,XY-Warm-Same-State S2 p2=3,0,spsa,sequential,2,random_shared_stream,40,120,5,6,1.8785654306411743,97,0.01969759538769722,0.008041510358452797,5.748077455791645e-05,0.0,5.7480778195895255e-05,0.10070299390009098,0.013779134410346052,0.0019836067222058773,1.6822295188903809
336110603,XY-Warm-Same-State S2 p2=3,0,spsa,sequential,2,random_shared_stream,45,120,5,6,1.8757473230361938,107,0.3670775592327118,0.14985880255699158,0.012476474978029728,0.0,0.019962361082434654,0.09528833359799266,0.013616187769422706,0.03497821092605591,1.7118494510650635
336110603,XY-Warm-Same-State S2 p2=3,0,spsa,sequential,2,random_shared_stream,50,120,5,6,1.8757473230361938,117,0.984353244304657,0.4018605649471283,0.14354835450649261,0.14354835450649261,0.14354833960533142,0.09058506454438812,0.013472060523173781,0.08916770666837692,1.7391226291656494
336110603,XY-Warm-Same-State S2 p2=3,0,spsa,sequential,2,random_shared_stream,55,120,5,6,1.8742841482162476,127,0.46984463930130005,0.19181327521800995,0.0367923341691494,0.0,0.0,0.08645285979174297,0.01334299625175472,0.04061941057443619,1.7671585083007812
336110603,XY-Warm-Same-State S2 p2=3,0,spsa,sequential,2,random_shared_stream,60,120,5,6,1.8672679662704468,137,0.11273851990699768,0.04602530598640442,0.002118328819051385,0.001882959040813148,0.001882959040813148,0.08278701662958249,0.013226249755755135,0.009333284571766853,1.796959400177002
336110603,XY-Warm-Same-State S2 p2=3,0,spsa,sequential,2,random_shared_stream,65,120,5,6,1.8649319410324097,147,0.5594656467437744,0.22840091586112976,0.05216697230935097,0.04637064412236214,0.04637064412236214,0.0795076612385236,0.01311975565249048,0.04448181018233299,1.8258466720581055
336110603,XY-Warm-Same-State S2 p2=3,0,spsa,sequential,2,random_shared_stream,70,120,5,6,1.861118197441101,157,0.7080562114715576,0.2890627384185791,0.07427313178777695,0.07427313178777695,0.07427313178777695,0.07655268999868675,0.013021922119457682,0.05420360714197159,1.853081464767456
336110603,XY-Warm-Same-State S2 p2=3,0,spsa,sequential,2,random_shared_stream,75,120,5,6,1.8515949249267578,167,0.7499832510948181,0.30617937445640564,0.08332961052656174,0.08332961052656174,0.08332961052656174,0.07387301172523342,0.01293149713891721,0.05540351942181587,1.881807804107666
336110603,XY-Warm-Same-State S2 p2=3,0,spsa,sequential,2,random_shared_stream,80,120,5,6,1.8445723056793213,177,1.9222044944763184,0.7847367525100708,0.5473881959915161,0.0,0.5473881959915161,0.07142925543205343,0.012847478719003411,0.13730162382125854,1.9090862274169922
336110603,XY-Warm-Same-State S2 p2=3,0,spsa,sequential,2,random_shared_stream,85,120,5,6,1.8406877517700195,187,0.5450802445411682,0.22252807021141052,0.04401665925979614,0.04401665925979614,0.04401665925979614,0.06918943929921122,0.012769052840860788,0.03771379590034485,1.9368104934692383
336110603,XY-Warm-Same-State S2 p2=3,0,spsa,sequential,2,random_shared_stream,90,120,5,6,1.8385010957717896,197,2.025421142578125,0.826874852180481,0.607752799987793,0.607752799987793,0.607752799987793,0.06712728647265026,0.01269554947299621,0.13596104085445404,1.965527057647705
336110603,XY-Warm-Same-State S2 p2=3,0,spsa,sequential,2,random_shared_stream,95,120,5,6,1.8385010957717896,207,1.3984116315841675,0.5708991289138794,0.2897118628025055,0.2897118628025055,0.2897118628025055,0.06522098613685912,0.012626410699612943,0.09120578318834305,1.9936103820800781
336110603,XY-Warm-Same-State S2 p2=3,0,spsa,sequential,2,random_shared_stream,100,120,5,6,1.8340038061141968,217,1.6601765155792236,0.6777642965316772,0.25520241260528564,0.0,0.40832388401031494,0.06345226736745893,0.012561167176266359,0.10534195601940155,2.022477149963379
336110603,XY-Warm-Same-State S2 p2=3,0,spsa,sequential,2,random_shared_stream,105,120,5,6,1.8227351903915405,227,1.7714242935180664,0.7231809496879578,0.4648806154727936,0.4648806154727936,0.0,0.06180569671100347,0.01249942043693397,0.10948410630226135,2.052398443222046
336110603,XY-Warm-Same-State S2 p2=3,0,spsa,sequential,2,random_shared_stream,110,120,5,6,1.8200063705444336,237,0.2611999213695526,0.10663442313671112,0.010107466019690037,0.010107465088367462,0.010107465088367462,0.06026813842881429,0.012440829393713411,0.01574203185737133,2.0802206993103027
336110603,XY-Warm-Same-State S2 p2=3,0,spsa,sequential,2,random_shared_stream,115,120,5,6,1.8014239072799683,247,1.6038050651550293,0.6547507047653198,0.42869842052459717,0.3810652494430542,0.3810652494430542,0.05882833477152019,0.012385099893453082,0.09434917569160461,2.1086862087249756
336110603,XY-Warm-Same-State S2 p2=3,0,spsa,sequential,2,random_shared_stream,120,120,5,6,1.8014239072799683,257,0.7639374136924744,0.3118761479854584,0.08645931631326675,0.08645931631326675,0.08645931631326675,0.057476576026745954,0.012331976538504544,0.043908510357141495,2.136040449142456
336110603,XY-Warm-Same-State S2 p2=3,0,spsa,sequential,3,random_shared_stream,1,120,5,6,1.9554883241653442,19,0.5345314741134644,0.2182215452194214,0.04232946038246155,0.0,0.04232946038246155,0.2602788175919966,0.02,0.1391272097826004,2.184800148010254
336110603,XY-Warm-Same-State S2 p2=3,0,spsa,sequential,3,random_shared_stream,5,120,5,6,1.9416699409484863,27,0.30078092217445374,0.1227933019399643,0.013402838259935379,0.013402838259935379,0.013402838259935379,0.22146365978644797,0.016999416915812672,0.06661204248666763,2.208858013153076
336110603,XY-Warm-Same-State S2 p2=3,0,spsa,sequential,3,random_shared_stream,10,120,5,6,1.9374808073043823,37,0.1903720498085022,0.0777190625667572,0.0053691137582063675,0.0,0.0053691137582063675,0.18962442171803498,0.015850026609609436,0.03609919175505638,2.235192060470581
336110603,XY-Warm-Same-State S2 p2=3,0,spsa,sequential,3,random_shared_stream,15,120,5,6,1.9365999698638916,47,0.10842077434062958,0.0442625992000103,0.0010884319199249148,0.0,0.0017414911417290568,0.16762999698261086,0.015214047873475552,0.01817457377910614,2.2626583576202393
336110603,XY-Warm-Same-State S2 p2=3,0,spsa,sequential,3,random_shared_stream,20,120,5,6,1.931398868560791,57,0.6259576082229614,0.2555461525917053,0.058047834783792496,0.058047834783792496,0.0,0.15133258001585723,0.014778350620464044,0.0947277843952179,2.292243719100952
336110603,XY-Warm-Same-State S2 p2=3,0,spsa,sequential,3,random_shared_stream,25,120,5,6,1.9289004802703857,67,0.043550681322813034,0.01777949184179306,0.0003161103231832385,0.00028098694747313857,0.00028098694747313857,0.13866769141330954,0.014449008773880907,0.006039072759449482,2.3213140964508057
336110603,XY-Warm-Same-State S2 p2=3,0,spsa,sequential,3,random_shared_stream,30,120,5,6,1.9289004802703857,77,0.07500042766332626,0.03061879798769951,0.000833342841360718,0.000833342841360718,0.000833342841360718,0.12848033206629877,0.014185372641231635,0.009636079892516136,2.347755193710327
336110603,XY-Warm-Same-State S2 p2=3,0,spsa,sequential,3,random_shared_stream,35,120,5,6,1.9289004802703857,87,0.07314564287662506,0.029861584305763245,0.0007926348480395973,0.0,0.0007926349062472582,0.12006870117446436,0.013966227856027484,0.008782502263784409,2.3753483295440674
336110603,XY-Warm-Same-State S2 p2=3,0,spsa,sequential,3,random_shared_stream,40,120,5,6,1.9285764694213867,97,0.0961780920624733,0.03926454111933708,0.0013704037992283702,0.0013704037992283702,0.0,0.11297925597202313,0.013779134410346052,0.010866128839552402,2.4023702144622803
336110603,XY-Warm-Same-State S2 p2=3,0,spsa,sequential,3,random_shared_stream,45,120,5,6,1.9285764694213867,107,0.048787835985422134,0.019917551428079605,0.00039670884143561125,0.00035263007157482207,0.00035263007157482207,0.1069045180860846,0.013616187769422706,0.005215640179812908,2.4302241802215576
336110603,XY-Warm-Same-State S2 p2=3,0,spsa,sequential,3,random_shared_stream,50,120,5,6,1.9285764694213867,117,0.01179099828004837,0.004813655279576778,2.3171271095634438e-05,0.0,0.0,0.10162789404807772,0.013472060523173781,0.0011982942232862115,2.4588489532470703
336110603,XY-Warm-Same-State S2 p2=3,0,spsa,sequential,3,random_shared_stream,55,120,5,6,1.9274102449417114,127,0.11820796132087708,0.04825820028781891,0.002070092363283038,0.002070092363283038,0.002070092363283038,0.09699195026530319,0.01334299625175472,0.011465220712125301,2.486679792404175
336110603,XY-Warm-Same-State S2 p2=3,0,spsa,sequential,3,random_shared_stream,60,120,5,6,1.9274102449417114,137,0.18042799830436707,0.07365942001342773,0.00542571023106575,0.004822853486984968,0.004822853486984968,0.0928792201772393,0.013226249755755135,0.016758011654019356,2.51458477973938
336110603,XY-Warm-Same-State S2 p2=3,0,spsa,sequential,3,random_shared_stream,65,120,5,6,1.927313208580017,147,0.004462460055947304,0.0018217917531728745,1.8438472579873633e-06,2.950155476355576e-06,0.0,0.08920009289610549,0.01311975565249048,0.00039805189589969814,2.5422966480255127
336110603,XY-Warm-Same-State S2 p2=3,0,spsa,sequential,3,random_shared_stream,70,120,5,6,1.9266914129257202,157,0.12699760496616364,0.05184655636548996,0.002389391651377082,0.0023893914185464382,0.0023893914185464382,0.0858848940210183,0.013021922119457682,0.01090717501938343,2.570139169692993
336110603,XY-Warm-Same-State S2 p2=3,0,spsa,sequential,3,random_shared_stream,75,120,5,6,1.9266268014907837,167,0.09287431836128235,0.037915781140327454,0.001277872477658093,0.0,0.0012778723612427711,0.08287854787524715,0.01293149713891721,0.007697288412600756,2.5981223583221436
336110603,XY-Warm-Same-State S2 p2=3,0,spsa,sequential,3,random_shared_stream,80,120,5,6,1.9261659383773804,177,0.16493959724903107,0.0673363134264946,0.002518988447263837,0.0,0.004030381329357624,0.08013688392775478,0.012847478719003411,0.01321774534881115,2.626422643661499
336110603,XY-Warm-Same-State S2 p2=3,0,spsa,sequential,3,random_shared_stream,85,120,5,6,1.9261659383773804,187,0.17927321791648865,0.07318799197673798,0.004761316813528538,0.004761316813528538,0.004761316813528538,0.07762402159464774,0.012769052840860788,0.01391590852290392,2.6546432971954346
336110603,XY-Warm-Same-State S2 p2=3,0,spsa,sequential,3,random_shared_stream,90,120,5,6,1.9258793592453003,197,0.16122087836265564,0.06581814587116241,0.0038506919518113136,0.0038506919518113136,0.0038506919518113136,0.07531048072538019,0.01269554947299621,0.012141621671617031,2.683354377746582
336110603,XY-Warm-Same-State S2 p2=3,0,spsa,sequential,3,random_shared_stream,95,120,5,6,1.9253933429718018,207,0.16302873194217682,0.06655620038509369,0.003937535919249058,0.003937535919249058,0.003937535919249058,0.0731717916432008,0.012626410699612943,0.011929105035960674,2.7104721069335938
336110603,XY-Warm-Same-State S2 p2=3,0,spsa,sequential,3,random_shared_stream,100,120,5,6,1.925373911857605,217,0.02423437312245369,0.009893642738461494,9.788415627554059e-05,8.700813486939296e-05,8.700813486939296e-05,0.07118745609515505,0.012561167176266359,0.001725183567032218,2.7386181354522705
336110603,XY-Warm-Same-State S2 p2=3,0,spsa,sequential,3,random_shared_stream,105,120,5,6,1.925140142440796,227,0.0771271362900734,0.03148702532052994,0.0009914325783029199,0.0008812733576633036,0.0008812734740786254,0.06934015920290708,0.01249942043693397,0.0053480081260204315,2.7659595012664795
336110603,XY-Warm-Same-State S2 p2=3,0,spsa,sequential,3,random_shared_stream,110,120,5,6,1.924834966659546,237,0.09879052639007568,0.04033106565475464,0.0014458619989454746,0.0014458619989454746,0.0014458621153607965,0.06761516390725879,0.012440829393713411,0.006679737940430641,2.793900489807129
336110603,XY-Warm-Same-State S2 p2=3,0,spsa,sequential,3,random_shared_stream,115,120,5,6,1.9246513843536377,247,0.13698163628578186,0.05592251941561699,0.002779846778139472,0.0027798470109701157,0.0027798470109701157,0.06599984007579186,0.012385099893453082,0.009040765464305878,2.8207955360412598
336110603,XY-Warm-Same-State S2 p2=3,0,spsa,sequential,3,random_shared_stream,120,120,5,6,1.9243829250335693,257,0.12419340014457703,0.050701748579740524,0.0014281482435762882,0.0,0.002285037189722061,0.06448329432751168,0.012331976538504544,0.008008399046957493,2.8490240573883057
336110603,XY-Warm-Same-State S2 p2=3,0,spsa,sequential,4,continuation,1,120,5,6,-0.05165060609579086,19,1.9116116762161255,0.7804121971130371,0.6090431809425354,0.541371762752533,0.541371762752533,0.049373430191159265,0.02,0.09438282251358032,2.8983187675476074
336110603,XY-Warm-Same-State S2 p2=3,0,spsa,sequential,4,continuation,5,120,5,6,-0.07176045328378677,27,17.142066955566406,6.998219966888428,48.97507858276367,43.53340148925781,43.53340148925781,0.04201041270859477,0.016999416915812672,0.25,2.9198529720306396
336110603,XY-Warm-Same-State S2 p2=3,0,spsa,sequential,4,continuation,10,120,5,6,-0.07176045328378677,37,29.45317268371582,12.02420711517334,144.58155822753906,0.0,0.0,0.035970688029290605,0.015850026609609436,0.25,2.944892644882202
336110603,XY-Warm-Same-State S2 p2=3,0,spsa,sequential,4,continuation,15,120,5,6,-0.07176045328378677,47,50.5938835144043,20.65486717224121,426.62353515625,0.0,0.0,0.03179846915909638,0.015214047873475552,0.25,2.9734389781951904
336110603,XY-Warm-Same-State S2 p2=3,0,spsa,sequential,4,continuation,20,120,5,6,-0.07176045328378677,57,11.862926483154297,4.843019485473633,13.03046703338623,0.0,20.848745346069336,0.028706940673034254,0.014778350620464044,0.25,3.0017311573028564
336110603,XY-Warm-Same-State S2 p2=3,0,spsa,sequential,4,continuation,25,120,5,6,-0.07784805446863174,67,8.866802215576172,3.619856834411621,11.64743423461914,11.64743423461914,11.64743423461914,0.026304482420450255,0.014449008773880907,0.233236625790596,3.028641700744629
336110603,XY-Warm-Same-State S2 p2=3,0,spsa,sequential,4,continuation,30,120,5,6,-0.10923110693693161,77,53.17667007446289,21.709285736083984,418.9271240234375,418.9271240234375,0.0,0.02437199755592951,0.014185372641231635,0.25,3.056741714477539
336110603,XY-Warm-Same-State S2 p2=3,0,spsa,sequential,4,continuation,35,120,5,6,-0.10923110693693161,87,2.3246569633483887,0.9490372538566589,0.8005971312522888,0.8005971312522888,0.8005971312522888,0.022776358408364256,0.013966227856027484,0.05294721946120262,3.0837595462799072
336110603,XY-Warm-Same-State S2 p2=3,0,spsa,sequential,4,continuation,40,120,5,6,-0.10923110693693161,97,23.655006408691406,9.657115936279297,51.81105041503906,82.8976821899414,0.0,0.021431530461798604,0.013779134410346052,0.25,3.1111626625061035
336110603,XY-Warm-Same-State S2 p2=3,0,spsa,sequential,4,continuation,45,120,5,6,-0.10923110693693161,107,1.1683813333511353,0.4769896864891052,0.22751913964748383,0.2022392302751541,0.2022392302751541,0.020279186795434112,0.013616187769422706,0.02369382418692112,3.1385016441345215
336110603,XY-Warm-Same-State S2 p2=3,0,spsa,sequential,4,continuation,50,120,5,6,-0.10923110693693161,117,2.51603102684021,1.027165412902832,0.9378388524055481,0.9378388524055481,0.9378388524055481,0.019278240844488863,0.013472060523173781,0.048504654318094254,3.1657207012176514
336110603,XY-Warm-Same-State S2 p2=3,0,spsa,sequential,4,continuation,55,120,5,6,-0.10923110693693161,127,13.392471313476562,5.467453956604004,26.571596145629883,26.57159996032715,26.57159996032715,0.018398828340441913,0.01334299625175472,0.24640579521656036,3.1930599212646484
336110603,XY-Warm-Same-State S2 p2=3,0,spsa,sequential,4,continuation,60,120,5,6,-0.10923110693693161,137,18.93854331970215,7.73162841796875,33.21004104614258,53.13606643676758,0.0,0.0176186665363553,0.013226249755755135,0.25,3.2211899757385254
336110603,XY-Warm-Same-State S2 p2=3,0,spsa,sequential,4,continuation,65,120,5,6,-0.10923110693693161,147,0.7251915335655212,0.2960582375526428,0.08765047043561935,0.07791151851415634,0.07791151851415634,0.016920756749996123,0.01311975565249048,0.012270789593458176,3.2455480098724365
336110603,XY-Warm-Same-State S2 p2=3,0,spsa,sequential,4,continuation,70,120,5,6,-0.10923110693693161,157,17.058605194091797,6.964147090911865,43.11051940917969,43.11051940917969,43.11051940917969,0.016291882138749384,0.013021922119457682,0.25,3.27344012260437
336110603,XY-Warm-Same-State S2 p2=3,0,spsa,sequential,4,continuation,75,120,5,6,-0.10923110693693161,167,17.92247200012207,7.316819190979004,47.5874137878418,47.587406158447266,47.5874137878418,0.01572159515599779,0.01293149713891721,0.25,3.3004531860351562
336110603,XY-Warm-Same-State S2 p2=3,0,spsa,sequential,4,continuation,80,120,5,6,-0.10923110693693161,177,12.40683650970459,5.065070152282715,25.654932022094727,22.80438232421875,22.80438232421875,0.015201516900027969,0.012847478719003411,0.1886027455329895,3.3288724422454834
336110603,XY-Warm-Same-State S2 p2=3,0,spsa,sequential,4,continuation,85,120,5,6,-0.10923110693693161,187,2.837242603302002,1.158299446105957,0.7453653812408447,0.0,1.1925846338272095,0.014724841025550394,0.012769052840860788,0.041777949780225754,3.3579771518707275
336110603,XY-Warm-Same-State S2 p2=3,0,spsa,sequential,4,continuation,90,120,5,6,-0.10923110693693161,197,47.46947479248047,19.379331588745117,208.64361572265625,333.82977294921875,0.0,0.01428597531354215,0.01269554947299621,0.25,3.38537859916687
336110603,XY-Warm-Same-State S2 p2=3,0,spsa,sequential,4,continuation,95,120,5,6,-0.10923110693693161,207,33.20211410522461,13.554706573486328,102.072265625,163.3156280517578,0.0,0.013880278003724553,0.012626410699612943,0.25,3.4140233993530273
336110603,XY-Warm-Same-State S2 p2=3,0,spsa,sequential,4,continuation,100,120,5,6,-0.10923110693693161,217,34.33391189575195,14.01676082611084,109.14977264404297,0.0,174.6396484375,0.013503860692613003,0.012561167176266359,0.25,3.4411468505859375
336110603,XY-Warm-Same-State S2 p2=3,0,spsa,sequential,4,continuation,105,120,5,6,-0.10923110693693161,227,0.8371033668518066,0.3417460322380066,0.10381362587213516,0.10381362587213516,0.0,0.013153438845012928,0.01249942043693397,0.011010787449777126,3.4693105220794678
336110603,XY-Warm-Same-State S2 p2=3,0,spsa,sequential,4,continuation,110,120,5,6,-0.10923110693693161,237,2.5830867290496826,1.0545408725738525,1.1120562553405762,0.9884944558143616,0.9884944558143616,0.012826216923545323,0.012440829393713411,0.033131230622529984,3.494917869567871
336110603,XY-Warm-Same-State S2 p2=3,0,spsa,sequential,4,continuation,115,120,5,6,-0.10923110693693161,247,7.102164268493652,2.8994462490081787,8.40678882598877,7.472701549530029,7.472701549530029,0.012519799063010598,0.012385099893453082,0.08891766518354416,3.523407220840454
336110603,XY-Warm-Same-State S2 p2=3,0,spsa,sequential,4,continuation,120,120,5,6,-0.10923110693693161,257,2.5747976303100586,1.051156759262085,0.6138502955436707,0.9821605086326599,0.0,0.012232118850202093,0.012331976538504544,0.03149523213505745,3.5517640113830566
336110603,XY-Warm-Same-State S2 p2=4,0,spsa,sequential,0,deterministic_linear_ramp,1,120,5,8,2.019270896911621,19,4.881751537322998,1.7259597778320312,2.2342028617858887,0.0,2.9789371490478516,0.02496659456998664,0.02,0.12188071012496948,0.05785202980041504
336110603,XY-Warm-Same-State S2 p2=4,0,spsa,sequential,0,deterministic_linear_ramp,5,120,5,8,1.7126420736312866,27,11.767823219299316,4.160553932189941,12.982656478881836,12.982656478881836,12.982656478881836,0.021243347641685763,0.016999416915812672,0.24998795986175537,0.08557748794555664
336110603,XY-Warm-Same-State S2 p2=4,0,spsa,sequential,0,deterministic_linear_ramp,10,120,5,8,1.6515752077102661,37,2.008962631225586,0.7102755904197693,0.2207149863243103,0.0,0.3783685564994812,0.01818924836604884,0.015850026609609436,0.036541521549224854,0.11888790130615234
336110603,XY-Warm-Same-State S2 p2=4,0,spsa,sequential,0,deterministic_linear_ramp,15,120,5,8,1.6515752077102661,47,3.1959471702575684,1.129938006401062,0.9575698971748352,0.9575698971748352,0.9575698971748352,0.01607948818560185,0.015214047873475552,0.051389195024967194,0.1519780158996582
336110603,XY-Warm-Same-State S2 p2=4,0,spsa,sequential,0,deterministic_linear_ramp,20,120,5,8,1.6442134380340576,57,14.318557739257812,5.062374591827393,25.627635955810547,19.220726013183594,19.220726013183594,0.014516199226049306,0.014778350620464044,0.20785103738307953,0.18528246879577637
336110603,XY-Warm-Same-State S2 p2=4,0,spsa,sequential,0,deterministic_linear_ramp,25,120,5,8,1.6442134380340576,67,6.6713032722473145,2.3586618900299072,5.215580940246582,0.0,4.172464370727539,0.01330135146417913,0.014449008773880907,0.08873734623193741,0.2185981273651123
336110603,XY-Warm-Same-State S2 p2=4,0,spsa,sequential,0,deterministic_linear_ramp,30,120,5,8,1.533994197845459,77,7.110706806182861,2.514014482498169,4.740201473236084,4.740201473236084,4.740201473236084,0.0123241544993678,0.014185372641231635,0.08763345330953598,0.2509329319000244
336110603,XY-Warm-Same-State S2 p2=4,0,spsa,sequential,0,deterministic_linear_ramp,35,120,5,8,1.4669811725616455,87,1.4623022079467773,0.5170019268989563,0.25058528780937195,0.2004682421684265,0.26729097962379456,0.011517289845179884,0.013966227856027484,0.016841759905219078,0.2863631248474121
336110603,XY-Warm-Same-State S2 p2=4,0,spsa,sequential,0,deterministic_linear_ramp,40,120,5,8,1.4669811725616455,97,0.9339569807052612,0.330203652381897,0.10221979767084122,0.1090344488620758,0.08177583664655685,0.010837252546205581,0.013779134410346052,0.010121527127921581,0.31823086738586426
336110603,XY-Warm-Same-State S2 p2=4,0,spsa,sequential,0,deterministic_linear_ramp,45,120,5,8,1.4642235040664673,107,2.213496208190918,0.7825890779495239,0.5741678476333618,0.45933425426483154,0.6124456524848938,0.010254548508588082,0.013616187769422706,0.022698404267430305,0.35210490226745605
336110603,XY-Warm-Same-State S2 p2=4,0,spsa,sequential,0,deterministic_linear_ramp,50,120,5,8,1.4571073055267334,117,2.1175942420959473,0.7486826181411743,0.42039424180984497,0.56052565574646,0.0,0.00974840154559675,0.013472060523173781,0.02064315788447857,0.3851175308227539
336110603,XY-Warm-Same-State S2 p2=4,0,spsa,sequential,0,deterministic_linear_ramp,55,120,5,8,1.4571073055267334,127,0.08845692127943039,0.03127424418926239,0.0004279092827346176,0.0,0.0007335587870329618,0.009303710233623691,0.01334299625175472,0.0008229775703512132,0.41715192794799805
336110603,XY-Warm-Same-State S2 p2=4,0,spsa,sequential,0,deterministic_linear_ramp,60,120,5,8,1.4571073055267334,137,3.311495304107666,1.170790433883667,1.2850782871246338,1.3707501888275146,1.0280625820159912,0.00890920688665738,0.013226249755755135,0.02950279600918293,0.45012378692626953
336110603,XY-Warm-Same-State S2 p2=4,0,spsa,sequential,0,deterministic_linear_ramp,65,120,5,8,1.4571073055267334,147,2.5768651962280273,0.9110594391822815,0.830029308795929,0.830029308795929,0.830029308795929,0.008556295804421583,0.01311975565249048,0.02204842120409012,0.48154735565185547
336110603,XY-Warm-Same-State S2 p2=4,0,spsa,sequential,0,deterministic_linear_ramp,70,120,5,8,1.4571073055267334,157,1.3933335542678833,0.49261781573295593,0.22750528156757355,0.18200422823429108,0.24267230927944183,0.00823829364428067,0.013021922119457682,0.011478690430521965,0.5138258934020996
336110603,XY-Warm-Same-State S2 p2=4,0,spsa,sequential,0,deterministic_linear_ramp,75,120,5,8,1.4571073055267334,167,2.3486342430114746,0.8303675651550293,0.6895102858543396,0.5171326994895935,0.5171326994895935,0.00794991740969915,0.01293149713891721,0.018671447411179543,0.5456085205078125
336110603,XY-Warm-Same-State S2 p2=4,0,spsa,sequential,0,deterministic_linear_ramp,80,120,5,8,1.4505988359451294,177,0.6403642296791077,0.22640293836593628,0.02242550253868103,0.0,0.03844371810555458,0.007686930152966291,0.012847478719003411,0.004922435153275728,0.5792200565338135
336110603,XY-Warm-Same-State S2 p2=4,0,spsa,sequential,0,deterministic_linear_ramp,85,120,5,8,1.4365345239639282,187,0.776602566242218,0.2745704650878906,0.07067713141441345,0.07538893818855286,0.05654170364141464,0.007445890118816376,0.012769052840860788,0.005782497115433216,0.6117608547210693
336110603,XY-Warm-Same-State S2 p2=4,0,spsa,sequential,0,deterministic_linear_ramp,90,120,5,8,1.4324978590011597,197,1.1597566604614258,0.4100359082221985,0.1576213538646698,0.12609708309173584,0.16812944412231445,0.007223969497543839,0.01269554947299621,0.008378046564757824,0.6460843086242676
336110603,XY-Warm-Same-State S2 p2=4,0,spsa,sequential,0,deterministic_linear_ramp,95,120,5,8,1.4295285940170288,207,0.39169326424598694,0.13848447799682617,0.01917795091867447,0.01917795091867447,0.01917795091867447,0.007018821096609689,0.012626410699612943,0.002749224891886115,0.6786549091339111
336110603,XY-Warm-Same-State S2 p2=4,0,spsa,sequential,0,deterministic_linear_ramp,100,120,5,8,1.4295285940170288,217,1.5733674764633179,0.5562694072723389,0.2900959551334381,0.3094356656074524,0.2320767492055893,0.006828478672369346,0.012561167176266359,0.010743705555796623,0.7111990451812744
336110603,XY-Warm-Same-State S2 p2=4,0,spsa,sequential,0,deterministic_linear_ramp,105,120,5,8,1.4245805740356445,227,0.05890042707324028,0.02082444541156292,0.00043365752208046615,0.00043365752208046615,0.00043365752208046615,0.006651281338426296,0.01249942043693397,0.00039176331483758986,0.7457010746002197
336110603,XY-Warm-Same-State S2 p2=4,0,spsa,sequential,0,deterministic_linear_ramp,110,120,5,8,1.420579433441162,237,0.9540407657623291,0.33730435371398926,0.08533066511154175,0.08533066511154175,0.08533066511154175,0.006485815479237186,0.012440829393713411,0.006187732797116041,0.7766227722167969
336110603,XY-Warm-Same-State S2 p2=4,0,spsa,sequential,0,deterministic_linear_ramp,115,120,5,8,1.4172779321670532,247,2.1137707233428955,0.7473307847976685,0.24434520304203033,0.4188774824142456,0.0,0.00633086958094019,0.012385099893453082,0.01338200643658638,0.8116288185119629
336110603,XY-Warm-Same-State S2 p2=4,0,spsa,sequential,0,deterministic_linear_ramp,120,120,5,8,1.4116134643554688,257,0.02269344963133335,0.008023345842957497,6.437407864723355e-05,4.828055898542516e-05,4.828055898542516e-05,0.006185398723209842,0.012331976538504544,0.00014036803622730076,0.8442072868347168
336110603,XY-Warm-Same-State S2 p2=4,0,spsa,sequential,1,random_shared_stream,1,120,5,8,1.784759759902954,19,3.3608486652374268,1.1882394552230835,1.4119130373001099,1.0589348077774048,1.0589348077774048,0.06878515266769963,0.02,0.231176495552063,0.9071512222290039
336110603,XY-Warm-Same-State S2 p2=4,0,spsa,sequential,1,random_shared_stream,5,120,5,8,1.6929606199264526,27,2.2362000942230225,0.7906161546707153,0.586006760597229,0.4688054323196411,0.6250739097595215,0.058527281588614116,0.016999416915812672,0.1308787316083908,0.9353113174438477
336110603,XY-Warm-Same-State S2 p2=4,0,spsa,sequential,1,random_shared_stream,10,120,5,8,1.6572535037994385,37,1.320382833480835,0.46682581305503845,0.20430593192577362,0.21792633831501007,0.16344475746154785,0.05011297084438717,0.015850026609609436,0.06616830080747604,0.9697813987731934
336110603,XY-Warm-Same-State S2 p2=4,0,spsa,sequential,1,random_shared_stream,15,120,5,8,1.6209157705307007,47,0.1645755171775818,0.058186233043670654,0.002539228182286024,0.0,0.00338563765399158,0.04430039693898421,0.015214047873475552,0.007290760520845652,1.0038065910339355
336110603,XY-Warm-Same-State S2 p2=4,0,spsa,sequential,1,random_shared_stream,20,120,5,8,1.6022799015045166,57,0.18645930290222168,0.06592331826686859,0.00407426618039608,0.003259412944316864,0.004345884080976248,0.03999339906447959,0.014778350620464044,0.007457141298800707,1.0364513397216797
336110603,XY-Warm-Same-State S2 p2=4,0,spsa,sequential,1,random_shared_stream,25,120,5,8,1.5977011919021606,67,2.5244922637939453,0.892542839050293,0.796632707118988,0.5974745154380798,0.5974745154380798,0.036646387178897545,0.014449008773880907,0.09251352399587631,1.0706379413604736
336110603,XY-Warm-Same-State S2 p2=4,0,spsa,sequential,1,random_shared_stream,30,120,5,8,1.5977011919021606,77,0.7099499106407166,0.2510052025318146,0.059065889567136765,0.06300361454486847,0.04725271090865135,0.033954124034136744,0.014185372641231635,0.024105729535222054,1.1026134490966797
336110603,XY-Warm-Same-State S2 p2=4,0,spsa,sequential,1,random_shared_stream,35,120,5,8,1.59575355052948,87,1.658227801322937,0.5862720608711243,0.322232723236084,0.3437149226665497,0.25778618454933167,0.03173114130956423,0.013966227856027484,0.05261745676398277,1.1354167461395264
336110603,XY-Warm-Same-State S2 p2=4,0,spsa,sequential,1,random_shared_stream,40,120,5,8,1.59575355052948,97,0.18108989298343658,0.06402494758367538,0.003842994337901473,0.0030743954703211784,0.004099193960428238,0.02985757904625462,0.013779134410346052,0.005406905896961689,1.1676597595214844
336110603,XY-Warm-Same-State S2 p2=4,0,spsa,sequential,1,random_shared_stream,45,120,5,8,1.5925145149230957,107,0.007490743417292833,0.0026483777910470963,7.013904905761592e-06,7.013904905761592e-06,7.013904905761592e-06,0.028252178434839712,0.013616187769422706,0.0002116298273904249,1.2015445232391357
336110603,XY-Warm-Same-State S2 p2=4,0,spsa,sequential,1,random_shared_stream,50,120,5,8,1.585692286491394,117,0.9686598181724548,0.34247297048568726,0.109957255423069,0.11728773266077042,0.08796580135822296,0.026857699262918356,0.013472060523173781,0.026015974581241608,1.2353572845458984
336110603,XY-Warm-Same-State S2 p2=4,0,spsa,sequential,1,random_shared_stream,55,120,5,8,1.585692286491394,127,0.0568191334605217,0.020088598132133484,0.00037832980160601437,0.00040355176315642893,0.0003026638296432793,0.025632535787045763,0.01334299625175472,0.001456418656744063,1.2683660984039307
336110603,XY-Warm-Same-State S2 p2=4,0,spsa,sequential,1,random_shared_stream,60,120,5,8,1.5834131240844727,137,0.42891713976860046,0.15164510905742645,0.01724717952311039,0.01724717952311039,0.01724717952311039,0.024545644546314943,0.013226249755755135,0.010528048500418663,1.3022630214691162
336110603,XY-Warm-Same-State S2 p2=4,0,spsa,sequential,1,random_shared_stream,65,120,5,8,1.5834131240844727,147,0.9426807165145874,0.33328795433044434,0.08331064879894257,0.11108086258172989,0.0,0.023573343634323746,0.01311975565249048,0.022222135215997696,1.3352432250976562
336110603,XY-Warm-Same-State S2 p2=4,0,spsa,sequential,1,random_shared_stream,70,120,5,8,1.5791553258895874,157,0.03667723387479782,0.012967360205948353,0.0001576428912812844,0.00016815242997836322,0.0001261143188457936,0.022697219857305058,0.013021922119457682,0.0008324711816385388,1.3706576824188232
336110603,XY-Warm-Same-State S2 p2=4,0,spsa,sequential,1,random_shared_stream,75,120,5,8,1.5790300369262695,167,0.21344108879566193,0.07546281814575195,0.005338721908628941,0.0,0.004270977806299925,0.021902718097530745,0.01293149713891721,0.004674939904361963,1.4037532806396484
336110603,XY-Warm-Same-State S2 p2=4,0,spsa,sequential,1,random_shared_stream,80,120,5,8,1.5765483379364014,177,0.36836686730384827,0.13023735582828522,0.01696176826953888,0.01272132620215416,0.01272132620215416,0.02117816519331627,0.012847478719003411,0.007801334373652935,1.4366662502288818
336110603,XY-Warm-Same-State S2 p2=4,0,spsa,sequential,1,random_shared_stream,85,120,5,8,1.575190782546997,187,0.4716440439224243,0.16675135493278503,0.01216513104736805,0.0,0.020854510366916656,0.02051407880774405,0.012769052840860788,0.00967534352093935,1.4728329181671143
336110603,XY-Warm-Same-State S2 p2=4,0,spsa,sequential,1,random_shared_stream,90,120,5,8,1.5738991498947144,197,0.4297431409358978,0.15193714201450348,0.023084895685315132,0.017313672229647636,0.017313672229647636,0.019902668077636198,0.01269554947299621,0.00855303555727005,1.505617380142212
336110603,XY-Warm-Same-State S2 p2=4,0,spsa,sequential,1,random_shared_stream,95,120,5,8,1.5738991498947144,207,0.15082380175590515,0.05332426726818085,0.002132608089596033,0.0028434775304049253,0.0,0.019337466282163717,0.012626410699612943,0.0029165500309318304,1.5384128093719482
336110603,XY-Warm-Same-State S2 p2=4,0,spsa,sequential,1,random_shared_stream,100,120,5,8,1.573626160621643,217,0.21848559379577637,0.07724632322788239,0.005966994445770979,0.004475245717912912,0.004475245717912912,0.0188130562480355,0.012561167176266359,0.004110381938517094,1.5719170570373535
336110603,XY-Warm-Same-State S2 p2=4,0,spsa,sequential,1,random_shared_stream,105,120,5,8,1.5735251903533936,227,0.45403367280960083,0.1605251431465149,0.024157799780368805,0.025768321007490158,0.019326239824295044,0.01832486208789824,0.01249942043693397,0.008320104330778122,1.6061406135559082
336110603,XY-Warm-Same-State S2 p2=4,0,spsa,sequential,1,random_shared_stream,110,120,5,8,1.572204351425171,237,0.1022568866610527,0.036153268069028854,0.001307058846578002,0.0009802940767258406,0.0009802940767258406,0.017868989167235796,0.012440829393713411,0.001827227184548974,1.6406595706939697
336110603,XY-Warm-Same-State S2 p2=4,0,spsa,sequential,1,random_shared_stream,115,120,5,8,1.5712870359420776,247,1.0542718172073364,0.37274137139320374,0.13025261461734772,0.1389361321926117,0.10420209914445877,0.01744209965934892,0.012385099893453082,0.018388712778687477,1.6734168529510498
336110603,XY-Warm-Same-State S2 p2=4,0,spsa,sequential,1,random_shared_stream,120,120,5,8,1.5700567960739136,257,0.3012213408946991,0.10649783164262772,0.010632926598191261,0.011341787874698639,0.00850634090602398,0.017041314717308322,0.012331976538504544,0.0051332078874111176,1.707834005355835
336110603,XY-Warm-Same-State S2 p2=4,0,spsa,sequential,2,random_shared_stream,1,120,5,8,1.720546841621399,19,6.600399017333984,2.3335933685302734,4.0842437744140625,4.0842437744140625,4.0842437744140625,0.022309178332836903,0.02,0.1472494751214981,1.770380973815918
336110603,XY-Warm-Same-State S2 p2=4,0,spsa,sequential,2,random_shared_stream,5,120,5,8,1.5849781036376953,27,4.591912746429443,1.6234863996505737,2.4709763526916504,2.6357080936431885,1.9767811298370361,0.018982229618713736,0.016999416915812672,0.0871647447347641,1.7976946830749512
336110603,XY-Warm-Same-State S2 p2=4,0,spsa,sequential,2,random_shared_stream,10,120,5,8,1.396440029144287,37,2.7072432041168213,0.9571549892425537,0.6871092319488525,0.9161456823348999,0.0,0.016253205233935232,0.015850026609609436,0.04400137811899185,1.83103609085083
336110603,XY-Warm-Same-State S2 p2=4,0,spsa,sequential,2,random_shared_stream,15,120,5,8,1.3823246955871582,47,3.029299736022949,1.071019172668457,0.5018483996391296,0.0,0.8603115677833557,0.01436800555349138,0.015214047873475552,0.04352499172091484,1.8638274669647217
336110603,XY-Warm-Same-State S2 p2=4,0,spsa,sequential,2,random_shared_stream,20,120,5,8,1.3569618463516235,57,0.09117055684328079,0.03223365917801857,0.0009740707464516163,0.0,0.0007792565738782287,0.012971111312002064,0.014778350620464044,0.0011825835099443793,1.897212028503418
336110603,XY-Warm-Same-State S2 p2=4,0,spsa,sequential,2,random_shared_stream,25,120,5,8,1.3476920127868652,67,0.0019485140219330788,0.0006889037322252989,4.449265986750106e-07,3.559412675713247e-07,4.7458834728786314e-07,0.011885570579130538,0.014449008773880907,2.3159200281952508e-05,1.933027982711792
336110603,XY-Warm-Same-State S2 p2=4,0,spsa,sequential,2,random_shared_stream,30,120,5,8,1.3476920127868652,77,0.6512043476104736,0.2302355170249939,0.049695368856191635,0.03975629433989525,0.0,0.011012385359849965,0.014185372641231635,0.007171313744038343,1.9652783870697021
336110603,XY-Warm-Same-State S2 p2=4,0,spsa,sequential,2,random_shared_stream,35,120,5,8,1.3409794569015503,87,2.2727181911468506,0.8035271763801575,0.6456559300422668,0.48424196243286133,0.48424196243286133,0.01029140247168387,0.013966227856027484,0.023389456793665886,1.9991796016693115
336110603,XY-Warm-Same-State S2 p2=4,0,spsa,sequential,2,random_shared_stream,40,120,5,8,1.3339993953704834,97,0.1042175367474556,0.03684646263718605,0.0013576617930084467,0.0013576617930084467,0.0013576617930084467,0.00968374757773064,0.013779134410346052,0.0010092162992805243,2.032231092453003
336110603,XY-Warm-Same-State S2 p2=4,0,spsa,sequential,2,random_shared_stream,45,120,5,8,1.3309216499328613,107,0.39437219500541687,0.13943162560462952,0.018226105719804764,0.01944117806851864,0.014580883085727692,0.009163065902301013,0.013616187769422706,0.0036136582493782043,2.065526008605957
336110603,XY-Warm-Same-State S2 p2=4,0,spsa,sequential,2,random_shared_stream,50,120,5,8,1.3284269571304321,117,1.2002286911010742,0.424344927072525,0.18006861209869385,0.18006861209869385,0.18006861209869385,0.008710792652605532,0.013472060523173781,0.010454942472279072,2.0990281105041504
336110603,XY-Warm-Same-State S2 p2=4,0,spsa,sequential,2,random_shared_stream,55,120,5,8,1.327410340309143,127,0.5092748403549194,0.18005584180355072,0.030393850058317184,0.024315079674124718,0.03242010623216629,0.00831343378357514,0.01334299625175472,0.00423382269218564,2.1317543983459473
336110603,XY-Warm-Same-State S2 p2=4,0,spsa,sequential,2,random_shared_stream,60,120,5,8,1.319335699081421,137,0.862448513507843,0.30492159724235535,0.06973288953304291,0.0,0.09297718107700348,0.007960920929020577,0.013226249755755135,0.006865885108709335,2.1651365756988525
336110603,XY-Warm-Same-State S2 p2=4,0,spsa,sequential,2,random_shared_stream,65,120,5,8,1.315700888633728,147,0.5926753878593445,0.2095423936843872,0.0439080148935318,0.0439080148935318,0.0439080148935318,0.007645573305332343,0.01311975565249048,0.004531343467533588,2.19818115234375
336110603,XY-Warm-Same-State S2 p2=4,0,spsa,sequential,2,random_shared_stream,70,120,5,8,1.3095595836639404,157,2.224843978881836,0.7866011261940002,0.5800699591636658,0.6187413334846497,0.46405601501464844,0.007361418937345793,0.013021922119457682,0.0163780078291893,2.230652332305908
336110603,XY-Warm-Same-State S2 p2=4,0,spsa,sequential,2,random_shared_stream,75,120,5,8,1.301565170288086,167,1.60525381565094,0.5675429105758667,0.32210496068000793,0.32210496068000793,0.32210496068000793,0.0071037371447329935,0.01293149713891721,0.011403300799429417,2.2643611431121826
336110603,XY-Warm-Same-State S2 p2=4,0,spsa,sequential,2,random_shared_stream,80,120,5,8,1.301565170288086,177,0.16097024083137512,0.05691157281398773,0.0030364941339939833,0.0032389271073043346,0.002429195214062929,0.00686874195573073,0.012847478719003411,0.0011056630173698068,2.2965941429138184
336110603,XY-Warm-Same-State S2 p2=4,0,spsa,sequential,2,random_shared_stream,85,120,5,8,1.301565170288086,187,2.5349531173706055,0.8962412476539612,0.8032483458518982,0.6024362444877625,0.6024362444877625,0.006653357951631591,0.012769052840860788,0.01686594821512699,2.3298747539520264
336110603,XY-Warm-Same-State S2 p2=4,0,spsa,sequential,2,random_shared_stream,90,120,5,8,1.295875072479248,197,0.22979745268821716,0.08124566823244095,0.0049506439827382565,0.0049506439827382565,0.0049506439827382565,0.006455058311613619,0.01269554947299621,0.0014833558816462755,2.3632023334503174
336110603,XY-Warm-Same-State S2 p2=4,0,spsa,sequential,2,random_shared_stream,95,120,5,8,1.2948254346847534,207,0.14955537021160126,0.05287580564618111,0.002621110063046217,0.002795850858092308,0.002096888143569231,0.006271745675670946,0.012626410699612943,0.0009379731491208076,2.395240306854248
336110603,XY-Warm-Same-State S2 p2=4,0,spsa,sequential,2,random_shared_stream,100,120,5,8,1.2879462242126465,217,0.21229837834835052,0.07505881041288376,0.005633824970573187,0.004225368611514568,0.004225368611514568,0.006101663084920382,0.012561167176266359,0.001295373192988336,2.428191900253296
336110603,XY-Warm-Same-State S2 p2=4,0,spsa,sequential,2,random_shared_stream,105,120,5,8,1.2837244272232056,227,1.2934626340866089,0.4573080837726593,0.19606003165245056,0.1568480134010315,0.2091306895017624,0.005943326435844862,0.01249942043693397,0.007687469944357872,2.4619104862213135
336110603,XY-Warm-Same-State S2 p2=4,0,spsa,sequential,2,random_shared_stream,110,120,5,8,1.2826874256134033,237,0.11120063811540604,0.0393153615295887,0.001545697683468461,0.0011592733208090067,0.0011592733208090067,0.0057954725765490675,0.012440829393713411,0.0006444602622650564,2.494872570037842
336110603,XY-Warm-Same-State S2 p2=4,0,spsa,sequential,2,random_shared_stream,115,120,5,8,1.2767598628997803,247,1.2480130195617676,0.44123923778533936,0.18252381682395935,0.14601904153823853,0.19469206035137177,0.005657018945343603,0.012385099893453082,0.007060033734887838,2.5287575721740723
336110603,XY-Warm-Same-State S2 p2=4,0,spsa,sequential,2,random_shared_stream,120,120,5,8,1.2757551670074463,257,0.512912929058075,0.18134211003780365,0.03288495913147926,0.024663720279932022,0.024663720279932022,0.005527031842046846,0.012331976538504544,0.002834886312484741,2.5604805946350098
336110603,XY-Warm-Same-State S2 p2=4,0,spsa,sequential,3,random_shared_stream,1,120,5,8,1.9099854230880737,19,0.09918839484453201,0.035068392753601074,0.0009223441011272371,0.0009223441011272371,0.0009223441011272371,0.46371680388613834,0.02,0.0459953248500824,2.6212234497070312
336110603,XY-Warm-Same-State S2 p2=4,0,spsa,sequential,3,random_shared_stream,5,120,5,8,1.9099854230880737,27,1.241797924041748,0.4390418529510498,0.18071040511131287,0.1927577555179596,0.1445683240890503,0.3945631129079503,0.016999416915812672,0.25,2.6470577716827393
336110603,XY-Warm-Same-State S2 p2=4,0,spsa,sequential,3,random_shared_stream,10,120,5,8,1.8720743656158447,37,1.150412917137146,0.40673238039016724,0.07237616181373596,0.12407342344522476,0.0,0.33783782941446816,0.015850026609609436,0.25,2.6828670501708984
336110603,XY-Warm-Same-State S2 p2=4,0,spsa,sequential,3,random_shared_stream,15,120,5,8,1.8713678121566772,47,1.6461540460586548,0.5820033550262451,0.3175573945045471,0.25404590368270874,0.3387278914451599,0.29865221901411293,0.015214047873475552,0.25,2.7146787643432617
336110603,XY-Warm-Same-State S2 p2=4,0,spsa,sequential,3,random_shared_stream,20,120,5,8,1.8594921827316284,57,0.8431450724601746,0.29809680581092834,0.08886170387268066,0.08886170387268066,0.08886170387268066,0.2696164865740287,0.014778350620464044,0.22732581198215485,2.74794340133667
336110603,XY-Warm-Same-State S2 p2=4,0,spsa,sequential,3,random_shared_stream,25,120,5,8,1.8594921827316284,67,1.2691826820373535,0.44872382283210754,0.1510148048400879,0.1510148048400879,0.1510148048400879,0.2470525233645693,0.014449008773880907,0.25,2.781019687652588
336110603,XY-Warm-Same-State S2 p2=4,0,spsa,sequential,3,random_shared_stream,30,120,5,8,1.8594921827316284,77,4.5064592361450195,1.5932739973068237,1.9038915634155273,2.5385220050811768,0.0,0.22890256494636008,0.014185372641231635,0.25,2.813290596008301
336110603,XY-Warm-Same-State S2 p2=4,0,spsa,sequential,3,random_shared_stream,35,120,5,8,1.8594921827316284,87,0.5531811714172363,0.19557908177375793,0.03586047887802124,0.028688382357358932,0.03825117647647858,0.2139162720596841,0.013966227856027484,0.11833445727825165,2.8490591049194336
336110603,XY-Warm-Same-State S2 p2=4,0,spsa,sequential,3,random_shared_stream,40,120,5,8,1.8594921827316284,97,1.7089449167251587,0.6042032837867737,0.36506161093711853,0.36506161093711853,0.36506161093711853,0.20128560583407015,0.013779134410346052,0.25,2.8816614151000977
336110603,XY-Warm-Same-State S2 p2=4,0,spsa,sequential,3,random_shared_stream,45,120,5,8,1.8594921827316284,107,1.6000971794128418,0.5657197833061218,0.3000364303588867,0.24002915620803833,0.32003888487815857,0.19046275800121576,0.013616187769422706,0.25,2.9142251014709473
336110603,XY-Warm-Same-State S2 p2=4,0,spsa,sequential,3,random_shared_stream,50,120,5,8,1.8594921827316284,117,2.2317955493927,0.7890589237213135,0.5837005972862244,0.6226139664649963,0.46696048974990845,0.18106184225689678,0.013472060523173781,0.25,2.9467504024505615
336110603,XY-Warm-Same-State S2 p2=4,0,spsa,sequential,3,random_shared_stream,55,120,5,8,1.8594921827316284,127,0.6772305369377136,0.23943714797496796,0.042997609823942184,0.042997609823942184,0.042997609823942184,0.17280237245511712,0.01334299625175472,0.11702704429626465,2.974297523498535
336110603,XY-Warm-Same-State S2 p2=4,0,spsa,sequential,3,random_shared_stream,60,120,5,8,1.8570386171340942,137,1.0271577835083008,0.3631551265716553,0.12363903224468231,0.13188163936138153,0.09891122579574585,0.16547506833821848,0.013226249755755135,0.16996900737285614,3.002342939376831
336110603,XY-Warm-Same-State S2 p2=4,0,spsa,sequential,3,random_shared_stream,65,120,5,8,1.7897342443466187,147,1.8769960403442383,0.6636183261871338,0.41286495327949524,0.3302919566631317,0.4403892755508423,0.15892027774987316,0.01311975565249048,0.25,3.032522439956665
336110603,XY-Warm-Same-State S2 p2=4,0,spsa,sequential,3,random_shared_stream,70,120,5,8,1.6873445510864258,157,1.653647541999817,0.5846526622772217,0.34181874990463257,0.25636404752731323,0.25636404752731323,0.15301386768998043,0.013021922119457682,0.25,3.0587048530578613
336110603,XY-Warm-Same-State S2 p2=4,0,spsa,sequential,3,random_shared_stream,75,120,5,8,1.6873445510864258,167,0.2818068861961365,0.09963378310203552,0.009926890954375267,0.009926890954375267,0.009926890954375267,0.14765771447324907,0.01293149713891721,0.0416109599173069,3.0911238193511963
336110603,XY-Warm-Same-State S2 p2=4,0,spsa,sequential,3,random_shared_stream,80,120,5,8,1.685286283493042,177,8.051490783691406,2.8466317653656006,8.103312492370605,6.077484130859375,6.077484130859375,0.14277312319216393,0.012847478719003411,0.25,3.1235461235046387
336110603,XY-Warm-Same-State S2 p2=4,0,spsa,sequential,3,random_shared_stream,85,120,5,8,1.6752724647521973,187,2.261786937713623,0.7996624112129211,0.47959497570991516,0.47959497570991516,0.47959497570991516,0.13829616843843182,0.012769052840860788,0.25,3.158902168273926
336110603,XY-Warm-Same-State S2 p2=4,0,spsa,sequential,3,random_shared_stream,90,120,5,8,1.6752724647521973,197,5.592477321624756,1.9772392511367798,3.665132761001587,3.909475088119507,2.9321062564849854,0.1341743279157104,0.01269554947299621,0.25,3.1926023960113525
336110603,XY-Warm-Same-State S2 p2=4,0,spsa,sequential,3,random_shared_stream,95,120,5,8,1.6725002527236938,207,2.003422260284424,0.7083167433738708,0.37628448009490967,0.37628448009490967,0.37628448009490967,0.13036400606597376,0.012626410699612943,0.25,3.2263031005859375
336110603,XY-Warm-Same-State S2 p2=4,0,spsa,sequential,3,random_shared_stream,100,120,5,8,1.6477696895599365,217,1.4019368886947632,0.49565955996513367,0.2456783950328827,0.2456783950328827,0.2456783950328827,0.1268286828818188,0.012561167176266359,0.1778058111667633,3.259411334991455
336110603,XY-Warm-Same-State S2 p2=4,0,spsa,sequential,3,random_shared_stream,105,120,5,8,1.6477696895599365,227,2.2250657081604004,0.7866795659065247,0.5801857113838196,0.46414852142333984,0.6188647150993347,0.1235375099057496,0.01249942043693397,0.25,3.2929024696350098
336110603,XY-Warm-Same-State S2 p2=4,0,spsa,sequential,3,random_shared_stream,110,120,5,8,1.6477696895599365,237,1.0789551734924316,0.3814682364463806,0.13642315566539764,0.14551801979541779,0.10913851857185364,0.12046423136308095,0.012440829393713411,0.12997549772262573,3.326827049255371
336110603,XY-Warm-Same-State S2 p2=4,0,spsa,sequential,3,random_shared_stream,115,120,5,8,1.6477696895599365,247,0.32692211866378784,0.11558442562818527,0.010019819252192974,0.010019819252192974,0.010019819252192974,0.11758634521276372,0.012385099893453082,0.038441576063632965,3.359696626663208
336110603,XY-Warm-Same-State S2 p2=4,0,spsa,sequential,3,random_shared_stream,120,120,5,8,1.6477696895599365,257,0.7278445363044739,0.257331907749176,0.062080979347229004,0.049664780497550964,0.0,0.11488444363719261,0.012331976538504544,0.08361801505088806,3.392117977142334
336110603,XY-Warm-Same-State S2 p2=4,0,spsa,sequential,4,continuation,1,120,5,8,-0.12332293391227722,19,2.0092577934265137,0.7103798985481262,0.3784797191619873,0.0,0.5046396255493164,0.06152103624190331,0.02,0.12361162155866623,3.455157518386841
336110603,XY-Warm-Same-State S2 p2=4,0,spsa,sequential,4,continuation,5,120,5,8,-0.12332293391227722,27,39.82237243652344,14.07933521270752,148.67076110839844,198.22767639160156,0.0,0.0523464566422925,0.016999416915812672,0.25,3.4832513332366943
336110603,XY-Warm-Same-State S2 p2=4,0,spsa,sequential,4,continuation,10,120,5,8,-0.12332293391227722,37,29.1234188079834,10.296683311462402,99.39532470703125,0.0,79.51626586914062,0.04482074657013466,0.015850026609609436,0.25,3.5160202980041504
336110603,XY-Warm-Same-State S2 p2=4,0,spsa,sequential,4,continuation,15,120,5,8,-0.12332293391227722,47,23.64944076538086,8.361339569091797,52.43400192260742,52.43400192260742,52.43400192260742,0.039622014634180726,0.015214047873475552,0.25,3.548168182373047
336110603,XY-Warm-Same-State S2 p2=4,0,spsa,sequential,4,continuation,20,120,5,8,-0.12332293391227722,57,60.546836853027344,21.406539916992188,200.47998046875,0.0,343.6799621582031,0.03576986105081555,0.014778350620464044,0.25,3.5812461376190186
336110603,XY-Warm-Same-State S2 p2=4,0,spsa,sequential,4,continuation,25,120,5,8,-0.12332293391227722,67,26.29851722717285,9.297929763793945,64.838623046875,64.838623046875,64.838623046875,0.032776313293355,0.014449008773880907,0.25,3.613652467727661
336110603,XY-Warm-Same-State S2 p2=4,0,spsa,sequential,4,continuation,30,120,5,8,-0.12332293391227722,77,3.0491349697113037,1.0780320167541504,1.1621530055999756,1.1621530055999756,1.1621530055999756,0.030368368961215034,0.014185372641231635,0.09259725362062454,3.6448781490325928
336110603,XY-Warm-Same-State S2 p2=4,0,spsa,sequential,4,continuation,35,120,5,8,-0.12332293391227722,87,24.88613510131836,8.798577308654785,72.57652282714844,77.41496276855469,58.061222076416016,0.028380146278563768,0.013966227856027484,0.25,3.6781864166259766
336110603,XY-Warm-Same-State S2 p2=4,0,spsa,sequential,4,continuation,40,120,5,8,-0.12332293391227722,97,31.63161277770996,11.183464050292969,125.06986999511719,93.80239868164062,93.80239868164062,0.026704443202648975,0.013779134410346052,0.25,3.71075701713562
336110603,XY-Warm-Same-State S2 p2=4,0,spsa,sequential,4,continuation,45,120,5,8,-0.12332293391227722,107,18.72179412841797,6.61915397644043,43.81319808959961,32.85989761352539,32.85989761352539,0.025268582331993247,0.013616187769422706,0.25,3.745234966278076
336110603,XY-Warm-Same-State S2 p2=4,0,spsa,sequential,4,continuation,50,120,5,8,-0.12332293391227722,117,19.49473762512207,6.892430305480957,20.7836971282959,35.62919616699219,0.0,0.02402136835707045,0.013472060523173781,0.25,3.7767746448516846
336110603,XY-Warm-Same-State S2 p2=4,0,spsa,sequential,4,continuation,55,120,5,8,-0.12332293391227722,127,15.74470043182373,5.566592216491699,23.240211486816406,23.240211486816406,23.240211486816406,0.02292558934549303,0.01334299625175472,0.25,3.8080356121063232
336110603,XY-Warm-Same-State S2 p2=4,0,spsa,sequential,4,continuation,60,120,5,8,-0.12332293391227722,137,29.862218856811523,10.557888984680176,104.50221252441406,83.60176086425781,0.0,0.021953480208292443,0.013226249755755135,0.25,3.84187388420105
336110603,XY-Warm-Same-State S2 p2=4,0,spsa,sequential,4,continuation,65,120,5,8,-0.12332293391227722,147,11.585240364074707,4.096001148223877,16.777225494384766,16.777225494384766,16.777225494384766,0.02108385998757968,0.01311975565249048,0.24426159262657166,3.8742358684539795
336110603,XY-Warm-Same-State S2 p2=4,0,spsa,sequential,4,continuation,70,120,5,8,-0.12332293391227722,157,4.823172569274902,1.7052490711212158,2.726132392883301,2.180905818939209,2.907874345779419,0.02030026003107816,0.013021922119457682,0.09791165590286255,3.9087605476379395
336110603,XY-Warm-Same-State S2 p2=4,0,spsa,sequential,4,continuation,75,120,5,8,-0.12332293391227722,167,28.788780212402344,10.178370475769043,77.69941711425781,77.69941711425781,77.69941711425781,0.019589662327043636,0.01293149713891721,0.25,3.9403281211853027
336110603,XY-Warm-Same-State S2 p2=4,0,spsa,sequential,4,continuation,80,120,5,8,-0.12332293391227722,177,54.754364013671875,19.358591079711914,374.7550354003906,0.0,0.0,0.018941626468277756,0.012847478719003411,0.25,3.9720680713653564
336110603,XY-Warm-Same-State S2 p2=4,0,spsa,sequential,4,continuation,85,120,5,8,-0.12332293391227722,187,25.590848922729492,9.047731399536133,61.396080017089844,61.396080017089844,61.396080017089844,0.01834767150837653,0.012769052840860788,0.25,4.005056619644165
336110603,XY-Warm-Same-State S2 p2=4,0,spsa,sequential,4,continuation,90,120,5,8,-0.12332293391227722,197,33.137664794921875,11.715933799743652,128.6841583251953,137.2631072998047,102.94732666015625,0.017800829345106652,0.01269554947299621,0.25,4.037388563156128
336110603,XY-Warm-Same-State S2 p2=4,0,spsa,sequential,4,continuation,95,120,5,8,-0.12332293391227722,207,34.158451080322266,12.076836585998535,109.38748168945312,109.38748168945312,109.38748168945312,0.017295316181368633,0.012626410699612943,0.25,4.0718910694122314
336110603,XY-Warm-Same-State S2 p2=4,0,spsa,sequential,4,continuation,100,120,5,8,-0.12332293391227722,217,2.65733003616333,0.9395080208778381,0.6620064973831177,0.6620064973831177,0.6620064973831177,0.016826286929211873,0.012561167176266359,0.04471299424767494,4.10402250289917
336110603,XY-Warm-Same-State S2 p2=4,0,spsa,sequential,4,continuation,105,120,5,8,-0.12332293391227722,227,0.6169877052307129,0.21813809871673584,0.044610217213630676,0.03568817302584648,0.047584231942892075,0.01638964894188364,0.01249942043693397,0.010112212039530277,4.135254144668579
336110603,XY-Warm-Same-State S2 p2=4,0,spsa,sequential,4,continuation,110,120,5,8,-0.12332293391227722,237,0.3370540738105774,0.11916660517454147,0.014200679957866669,0.014200679957866669,0.014200679957866669,0.015981918881164497,0.012440829393713411,0.005386770237237215,4.169032096862793
336110603,XY-Warm-Same-State S2 p2=4,0,spsa,sequential,4,continuation,115,120,5,8,-0.12332293391227722,247,45.0018196105957,15.91054630279541,189.85910034179688,189.85910034179688,189.85910034179688,0.01560011141447366,0.012385099893453082,0.25,4.201462984085083
336110603,XY-Warm-Same-State S2 p2=4,0,spsa,sequential,4,continuation,120,120,5,8,-0.12332293391227722,257,5.303500175476074,1.8750704526901245,3.2961461544036865,2.6369168758392334,3.5158891677856445,0.015241651718038806,0.012331976538504544,0.08083410561084747,4.23524284362793
336110603,XY-Warm-Same-State S2 p2=5,0,spsa,sequential,0,deterministic_linear_ramp,1,120,5,10,1.9855226278305054,19,6.423579692840576,2.0313146114349365,3.4660401344299316,2.6407923698425293,3.9611880779266357,0.022058925775569595,0.02,0.14169727265834808,0.06708359718322754
336110603,XY-Warm-Same-State S2 p2=5,0,spsa,sequential,0,deterministic_linear_ramp,5,120,5,10,1.6569348573684692,27,3.425459384918213,1.0832254886627197,1.1733771562576294,0.7509613633155823,0.750961422920227,0.01876929701161156,0.016999416915812672,0.06429346650838852,0.10118484497070312
336110603,XY-Warm-Same-State S2 p2=5,0,spsa,sequential,0,deterministic_linear_ramp,10,120,5,10,1.6309453248977661,37,0.721194326877594,0.22806166112422943,0.04993163421750069,0.049931637942790985,0.03328775614500046,0.016070885378273142,0.015850026609609436,0.011590231209993362,0.13866686820983887
336110603,XY-Warm-Same-State S2 p2=5,0,spsa,sequential,0,deterministic_linear_ramp,15,120,5,10,1.6219319105148315,47,2.305302619934082,0.7290007472038269,0.5314420461654663,0.5101844072341919,0.5101844072341919,0.014206832870259936,0.015214047873475552,0.03275105357170105,0.18070602416992188
336110603,XY-Warm-Same-State S2 p2=5,0,spsa,sequential,0,deterministic_linear_ramp,20,120,5,10,1.606301188468933,57,1.1232774257659912,0.3552115559577942,0.12617522478103638,0.08075214922428131,0.08075214922428131,0.01282560824918197,0.014778350620464044,0.014406716451048851,0.22036027908325195
336110603,XY-Warm-Same-State S2 p2=5,0,spsa,sequential,0,deterministic_linear_ramp,25,120,5,10,1.599769949913025,67,0.18125943839550018,0.057319264858961105,0.0032854981254786253,0.003154078032821417,0.003154078032821417,0.011752244537819976,0.014449008773880907,0.0021302050445228815,0.2597353458404541
336110603,XY-Warm-Same-State S2 p2=5,0,spsa,sequential,0,deterministic_linear_ramp,30,120,5,10,1.5866868495941162,77,2.73435640335083,0.8646795153617859,0.7476705312728882,0.7177637815475464,0.7177637815475464,0.010888854248268902,0.014185372641231635,0.029774008318781853,0.300462007522583
336110603,XY-Warm-Same-State S2 p2=5,0,spsa,sequential,0,deterministic_linear_ramp,35,120,5,10,1.5778179168701172,87,0.40144824981689453,0.12694910168647766,0.015471428632736206,0.015471428632736206,0.015471428632736206,0.01017595896462224,0.013966227856027484,0.004085120745003223,0.3409252166748047
336110603,XY-Warm-Same-State S2 p2=5,0,spsa,sequential,0,deterministic_linear_ramp,40,120,5,10,1.5718377828598022,97,1.089897632598877,0.3446559011936188,0.11878769099712372,0.1140361875295639,0.1140361800789833,0.00957512042171875,0.013779134410346052,0.010435901582241058,0.38156604766845703
336110603,XY-Warm-Same-State S2 p2=5,0,spsa,sequential,0,deterministic_linear_ramp,45,120,5,10,1.5718377828598022,107,0.7624210119247437,0.24109868705272675,0.03720229119062424,0.03720229119062424,0.03720229119062424,0.009060279477796777,0.013616187769422706,0.006907747592777014,0.4200096130371094
336110603,XY-Warm-Same-State S2 p2=5,0,spsa,sequential,0,deterministic_linear_ramp,50,120,5,10,1.566703200340271,117,0.6887166500091553,0.217791348695755,0.04553573951125145,0.030357161536812782,0.04553573951125145,0.008613079590088514,0.013472060523173781,0.0059319715946912766,0.4603304862976074
336110603,XY-Warm-Same-State S2 p2=5,0,spsa,sequential,0,deterministic_linear_ramp,55,120,5,10,1.5625910758972168,127,0.6623089909553528,0.20944051444530487,0.043865326792001724,0.042110711336135864,0.042110711336135864,0.00822017808258189,0.01334299625175472,0.005444298032671213,0.5000772476196289
336110603,XY-Warm-Same-State S2 p2=5,0,spsa,sequential,0,deterministic_linear_ramp,60,120,5,10,1.5590059757232666,137,0.7525491118431091,0.23797693848609924,0.05436769872903824,0.03624513000249863,0.05436769872903824,0.007871619530691718,0.013226249755755135,0.005923780146986246,0.5417129993438721
336110603,XY-Warm-Same-State S2 p2=5,0,spsa,sequential,0,deterministic_linear_ramp,65,120,5,10,1.5524649620056152,147,1.8424605131149292,0.5826372504234314,0.3394660949707031,0.32588744163513184,0.3258874714374542,0.00755980930977461,0.01311975565249048,0.013928650878369808,0.5814335346221924
336110603,XY-Warm-Same-State S2 p2=5,0,spsa,sequential,0,deterministic_linear_ramp,70,120,5,10,1.5524649620056152,157,0.8778089880943298,0.27758756279945374,0.0647260770201683,0.049315109848976135,0.0739726647734642,0.0072788424351231526,0.013021922119457682,0.006389433518052101,0.6220765113830566
336110603,XY-Warm-Same-State S2 p2=5,0,spsa,sequential,0,deterministic_linear_ramp,75,120,5,10,1.5448676347732544,167,0.2737182676792145,0.0865573137998581,0.007492168340831995,0.007192482240498066,0.007192481309175491,0.007024051180503304,0.01293149713891721,0.0019226109143346548,0.6623413562774658
336110603,XY-Warm-Same-State S2 p2=5,0,spsa,sequential,0,deterministic_linear_ramp,80,120,5,10,1.5436375141143799,177,1.3698832988739014,0.4331951141357422,0.12010111659765244,0.18015170097351074,0.0,0.00679169204317968,0.012847478719003411,0.009303824976086617,0.7016050815582275
336110603,XY-Warm-Same-State S2 p2=5,0,spsa,sequential,0,deterministic_linear_ramp,85,120,5,10,1.539428949356079,187,0.8397641777992249,0.26555678248405457,0.04513304680585861,0.0,0.06769957393407822,0.006578724102864518,0.012769052840860788,0.0055245766416192055,0.7400357723236084
336110603,XY-Warm-Same-State S2 p2=5,0,spsa,sequential,0,deterministic_linear_ramp,90,120,5,10,1.5340404510498047,197,0.47323712706565857,0.1496507227420807,0.018812086433172226,0.0,0.021499525755643845,0.006382648883274737,0.01269554947299621,0.0030205061193555593,0.781076192855835
336110603,XY-Warm-Same-State S2 p2=5,0,spsa,sequential,0,deterministic_linear_ramp,95,120,5,10,1.5340404510498047,207,0.09149341285228729,0.028932755813002586,0.0007031677523627877,0.000803620379883796,0.0005357468617148697,0.006201392551479157,0.012626410699612943,0.0005673865671269596,0.8192839622497559
336110603,XY-Warm-Same-State S2 p2=5,0,spsa,sequential,0,deterministic_linear_ramp,100,120,5,10,1.5285370349884033,217,1.6604772806167603,0.5250890254974365,0.26468974351882935,0.26468974351882935,0.26468974351882935,0.0060332178572296185,0.012561167176266359,0.010018021799623966,0.8585562705993652
336110603,XY-Warm-Same-State S2 p2=5,0,spsa,sequential,0,deterministic_linear_ramp,105,120,5,10,1.527292013168335,227,0.16883137822151184,0.05338916927576065,0.0023943386040627956,0.0027363873086869717,0.0018242582445964217,0.0058766573448969725,0.01249942043693397,0.0009921641321852803,0.8994321823120117
336110603,XY-Warm-Same-State S2 p2=5,0,spsa,sequential,0,deterministic_linear_ramp,110,120,5,10,1.527292013168335,237,0.780197024345398,0.24671995639801025,0.060870736837387085,0.05843590945005417,0.05843590945005417,0.005730462031955446,0.012440829393713411,0.0044708894565701485,0.9388177394866943
336110603,XY-Warm-Same-State S2 p2=5,0,spsa,sequential,0,deterministic_linear_ramp,115,120,5,10,1.5233302116394043,247,1.5141950845718384,0.4788305461406708,0.22927865386009216,0.2201075255870819,0.2201075255870819,0.0055935615003198155,0.012385099893453082,0.00846974365413189,0.9785375595092773
336110603,XY-Warm-Same-State S2 p2=5,0,spsa,sequential,0,deterministic_linear_ramp,120,120,5,10,1.5233302116394043,257,0.5743253231048584,0.1816176176071167,0.031665559858083725,0.031665559858083725,0.031665559858083725,0.005465032523563018,0.012331976538504544,0.0031387065537273884,1.0174062252044678
336110603,XY-Warm-Same-State S2 p2=5,0,spsa,sequential,1,random_shared_stream,1,120,5,10,1.9357985258102417,19,0.17191848158836365,0.05436539649963379,0.0018915815744549036,0.0018915816908702254,0.0018915816908702254,0.841553772070626,0.02,0.14467865228652954,1.0935938358306885
336110603,XY-Warm-Same-State S2 p2=5,0,spsa,sequential,1,random_shared_stream,5,120,5,10,1.93364417552948,27,0.009579874575138092,0.0030294223688542843,7.709016244916711e-06,5.873535883438308e-06,8.81030337041011e-06,0.7160535766763909,0.016999416915812672,0.006859703920781612,1.125208854675293
336110603,XY-Warm-Same-State S2 p2=5,0,spsa,sequential,1,random_shared_stream,10,120,5,10,1.9322428703308105,37,0.23088064789772034,0.0730108767747879,0.004477693699300289,0.005117363296449184,0.003411575686186552,0.6131084690252198,0.015850026609609436,0.14155487716197968,1.164764165878296
336110603,XY-Warm-Same-State S2 p2=5,0,spsa,sequential,1,random_shared_stream,15,120,5,10,1.9238369464874268,47,0.07314448803663254,0.023130320012569427,0.0005350116989575326,0.00051361124496907,0.00051361124496907,0.5419943796349934,0.015214047873475552,0.03964390605688095,1.20505690574646
336110603,XY-Warm-Same-State S2 p2=5,0,spsa,sequential,1,random_shared_stream,20,120,5,10,1.904362678527832,57,0.21174564957618713,0.06695985794067383,0.004304277710616589,0.004304277710616589,0.004304277710616589,0.4893003000695995,0.014778350620464044,0.10360722243785858,1.2442734241485596
336110603,XY-Warm-Same-State S2 p2=5,0,spsa,sequential,1,random_shared_stream,25,120,5,10,1.8240076303482056,67,1.2693638801574707,0.4014081060886383,0.15468332171440125,0.15468332171440125,0.10312221944332123,0.44835119451066896,0.014449008773880907,0.25,1.282888412475586
336110603,XY-Warm-Same-State S2 p2=5,0,spsa,sequential,1,random_shared_stream,30,120,5,10,1.8240076303482056,77,0.08848065137863159,0.02798004262149334,0.000751567364204675,0.000751567364204675,0.000751567364204675,0.4154126297621734,0.014185372641231635,0.03675598278641701,1.3223788738250732
336110603,XY-Warm-Same-State S2 p2=5,0,spsa,sequential,1,random_shared_stream,35,120,5,10,1.8166029453277588,87,0.025156307965517044,0.007955122739076614,6.0752623539883643e-05,6.0752623539883643e-05,4.050174538861029e-05,0.3882154887432466,0.013966227856027484,0.009766067378222942,1.3622114658355713
336110603,XY-Warm-Same-State S2 p2=5,0,spsa,sequential,1,random_shared_stream,40,120,5,10,1.712382435798645,97,3.8026723861694336,1.2025107145309448,1.388190507888794,0.9254603385925293,1.388190507888794,0.3652933416119547,0.013779134410346052,0.25,1.4026439189910889
336110603,XY-Warm-Same-State S2 p2=5,0,spsa,sequential,1,random_shared_stream,45,120,5,10,1.6664793491363525,107,0.2399652898311615,0.07588368654251099,0.005528000649064779,0.005528000649064779,0.005528000649064779,0.34565202531296324,0.013616187769422706,0.08294449001550674,1.4412336349487305
336110603,XY-Warm-Same-State S2 p2=5,0,spsa,sequential,1,random_shared_stream,50,120,5,10,1.4704235792160034,117,15.775748252868652,4.988729476928711,23.891925811767578,15.927950859069824,23.891925811767578,0.3285912329516575,0.013472060523173781,0.25,1.4819464683532715
336110603,XY-Warm-Same-State S2 p2=5,0,spsa,sequential,1,random_shared_stream,55,120,5,10,1.4704235792160034,127,0.7249448299407959,0.22924767434597015,0.05045231431722641,0.05045232176780701,0.05045231431722641,0.31360193795794444,0.01334299625175472,0.2273440957069397,1.5182757377624512
336110603,XY-Warm-Same-State S2 p2=5,0,spsa,sequential,1,random_shared_stream,60,120,5,10,1.4704235792160034,137,3.7806589603424072,1.1955493688583374,1.2006442546844482,1.3721648454666138,0.9147765040397644,0.3003043382871791,0.013226249755755135,0.25,1.5589041709899902
336110603,XY-Warm-Same-State S2 p2=5,0,spsa,sequential,1,random_shared_stream,65,120,5,10,1.4704235792160034,147,0.6208962798118591,0.19634464383125305,0.038551218807697296,0.03700916841626167,0.03700916841626167,0.2884086970282751,0.01311975565249048,0.17907185852527618,1.5986838340759277
336110603,XY-Warm-Same-State S2 p2=5,0,spsa,sequential,1,random_shared_stream,70,120,5,10,1.4704235792160034,157,7.692484378814697,2.432577133178711,3.787155866622925,0.0,5.680734157562256,0.27768973747441966,0.013021922119457682,0.25,1.637434959411621
336110603,XY-Warm-Same-State S2 p2=5,0,spsa,sequential,1,random_shared_stream,75,120,5,10,1.4189951419830322,167,4.604002475738525,1.4559134244918823,2.1196837425231934,2.0348966121673584,2.0348966121673584,0.26796938465227943,0.01293149713891721,0.25,1.6772382259368896
336110603,XY-Warm-Same-State S2 p2=5,0,spsa,sequential,1,random_shared_stream,80,120,5,10,1.4189951419830322,177,8.063155174255371,2.5497937202453613,4.16092586517334,6.24138879776001,0.0,0.259104822956064,0.012847478719003411,0.25,1.716714859008789
336110603,XY-Warm-Same-State S2 p2=5,0,spsa,sequential,1,random_shared_stream,85,120,5,10,1.4008744955062866,187,6.151638031005859,1.9453188180923462,3.1787827014923096,3.632894515991211,2.4219298362731934,0.250980040483618,0.012769052840860788,0.25,1.7558114528656006
336110603,XY-Warm-Same-State S2 p2=5,0,spsa,sequential,1,random_shared_stream,90,120,5,10,1.2939780950546265,197,10.138513565063477,3.2060794830322266,10.278945922851562,9.867788314819336,9.867788314819336,0.2434997197130524,0.01269554947299621,0.25,1.7949645519256592
336110603,XY-Warm-Same-State S2 p2=5,0,spsa,sequential,1,random_shared_stream,95,120,5,10,0.9762406349182129,207,23.29167938232422,7.365475654602051,52.08021926879883,52.080223083496094,34.72014617919922,0.23658474337711538,0.012626410699612943,0.25,1.8342621326446533
336110603,XY-Warm-Same-State S2 p2=5,0,spsa,sequential,1,random_shared_stream,100,120,5,10,0.9762406349182129,217,1.179056167602539,0.37285029888153076,0.13345664739608765,0.13345664739608765,0.0889711007475853,0.23016883492570445,0.012561167176266359,0.25,1.872859001159668
336110603,XY-Warm-Same-State S2 p2=5,0,spsa,sequential,1,random_shared_stream,105,120,5,10,0.9762406349182129,227,14.527881622314453,4.594119548797607,21.105934143066406,20.261695861816406,20.26169776916504,0.2241960105438043,0.01249942043693397,0.25,1.91212797164917
336110603,XY-Warm-Same-State S2 p2=5,0,spsa,sequential,1,random_shared_stream,110,120,5,10,0.9762406349182129,237,7.186793327331543,2.2726635932922363,5.164999961853027,4.958399772644043,4.958399772644043,0.2186186212222787,0.012440829393713411,0.25,1.949277400970459
336110603,XY-Warm-Same-State S2 p2=5,0,spsa,sequential,1,random_shared_stream,115,120,5,10,0.526145339012146,247,61.86592102050781,19.563724517822266,244.95309448242188,367.4296569824219,0.0,0.2133958302319743,0.012385099893453082,0.25,1.9898247718811035
336110603,XY-Warm-Same-State S2 p2=5,0,spsa,sequential,1,random_shared_stream,120,120,5,10,0.47829893231391907,257,43.2465934753418,13.675773620605469,187.0267791748047,179.5457000732422,179.5457000732422,0.20849241624388914,0.012331976538504544,0.25,2.0307047367095947
336110603,XY-Warm-Same-State S2 p2=5,0,spsa,sequential,2,random_shared_stream,1,120,5,10,1.8888492584228516,19,3.523329734802246,1.114174723625183,1.042763590812683,1.19173002243042,0.7944866418838501,0.030999743165713547,0.02,0.10922231525182724,2.1059930324554443
336110603,XY-Warm-Same-State S2 p2=5,0,spsa,sequential,2,random_shared_stream,5,120,5,10,1.8675342798233032,27,2.119558334350586,0.6702632308006287,0.4312826693058014,0.2875217795372009,0.4312826693058014,0.026376777939266134,0.016999416915812672,0.05590711906552315,2.139003276824951
336110603,XY-Warm-Same-State S2 p2=5,0,spsa,sequential,2,random_shared_stream,10,120,5,10,1.6184221506118774,37,6.520846366882324,2.06207275390625,3.571800947189331,4.082057952880859,2.721372127532959,0.02258465911897854,0.015850026609609436,0.14727111160755157,2.1788716316223145
336110603,XY-Warm-Same-State S2 p2=5,0,spsa,sequential,2,random_shared_stream,15,120,5,10,1.236716866493225,47,2.144047975540161,0.6780074834823608,0.2942042648792267,0.0,0.4413064122200012,0.01996507784001114,0.015214047873475552,0.04280608892440796,2.2186408042907715
336110603,XY-Warm-Same-State S2 p2=5,0,spsa,sequential,2,random_shared_stream,20,120,5,10,1.1855480670928955,57,0.9662346839904785,0.3055502474308014,0.08962651342153549,0.08962651342153549,0.08962651342153549,0.01802402191810411,0.014778350620464044,0.01741543598473072,2.2585666179656982
336110603,XY-Warm-Same-State S2 p2=5,0,spsa,sequential,2,random_shared_stream,25,120,5,10,1.1583791971206665,67,8.298811912536621,2.624315023422241,6.611546993255615,6.611546993255615,4.407698154449463,0.01651560760481647,0.014449008773880907,0.13705991208553314,2.2985849380493164
336110603,XY-Warm-Same-State S2 p2=5,0,spsa,sequential,2,random_shared_stream,30,120,5,10,1.1583791971206665,77,3.8361728191375732,1.213104486465454,1.4127572774887085,1.4127572774887085,0.9418381452560425,0.015302272127823448,0.014185372641231635,0.05870216339826584,2.336273193359375
336110603,XY-Warm-Same-State S2 p2=5,0,spsa,sequential,2,random_shared_stream,35,120,5,10,1.1583791971206665,87,17.554851531982422,5.551331996917725,29.5845890045166,29.5845890045166,19.723060607910156,0.014300429566588195,0.013966227856027484,0.25,2.37548828125
336110603,XY-Warm-Same-State S2 p2=5,0,spsa,sequential,2,random_shared_stream,40,120,5,10,1.1583791971206665,97,0.7594237327575684,0.24015088379383087,0.03691036254167557,0.03691036254167557,0.03691036254167557,0.013456062043728217,0.013779134410346052,0.010218853130936623,2.4120688438415527
336110603,XY-Warm-Same-State S2 p2=5,0,spsa,sequential,2,random_shared_stream,45,120,5,10,1.1583791971206665,107,9.013751983642578,2.8503987789154053,7.799781799316406,7.799781799316406,5.199854850769043,0.012732548251844007,0.013616187769422706,0.11476803570985794,2.4524168968200684
336110603,XY-Warm-Same-State S2 p2=5,0,spsa,sequential,2,random_shared_stream,50,120,5,10,1.1583791971206665,117,0.0858762264251709,0.027156447991728783,0.0007374725537374616,0.0004719824646599591,0.0004719824646599591,0.012104091462799206,0.013472060523173781,0.0010394536657258868,2.4922571182250977
336110603,XY-Warm-Same-State S2 p2=5,0,spsa,sequential,2,random_shared_stream,55,120,5,10,1.1583791971206665,127,5.214237213134766,1.6488865613937378,2.7188267707824707,2.6100738048553467,2.610074043273926,0.011551941011501336,0.01334299625175472,0.06023455783724785,2.5315637588500977
336110603,XY-Warm-Same-State S2 p2=5,0,spsa,sequential,2,random_shared_stream,60,120,5,10,1.1583791971206665,137,4.946628093719482,1.5642610788345337,2.34903621673584,2.34903621673584,2.34903621673584,0.011062106388694122,0.013226249755755135,0.05472012236714363,2.5693116188049316
336110603,XY-Warm-Same-State S2 p2=5,0,spsa,sequential,2,random_shared_stream,65,120,5,10,1.1583791971206665,147,0.9882935881614685,0.3125258684158325,0.06251035630702972,0.0,0.09376552700996399,0.010623914753107772,0.01311975565249048,0.010499547235667706,2.6083261966705322
336110603,XY-Warm-Same-State S2 p2=5,0,spsa,sequential,2,random_shared_stream,70,120,5,10,1.1583791971206665,157,2.970698356628418,0.93941730260849,0.5648031234741211,0.5648031234741211,0.5648031234741211,0.010229067740117018,0.013021922119457682,0.030387472361326218,2.647252082824707
336110603,XY-Warm-Same-State S2 p2=5,0,spsa,sequential,2,random_shared_stream,75,120,5,10,1.1583791971206665,167,11.804370880126953,3.732869863510132,13.376945495605469,8.917963027954102,0.0,0.009871005723206257,0.01293149713891721,0.11652102321386337,2.6878747940063477
336110603,XY-Warm-Same-State S2 p2=5,0,spsa,sequential,2,random_shared_stream,80,120,5,10,1.1583791971206665,177,13.736053466796875,4.343721389770508,18.11319923400879,18.113201141357422,12.07546615600586,0.00954446790116886,0.012847478719003411,0.1311033070087433,2.7280008792877197
336110603,XY-Warm-Same-State S2 p2=5,0,spsa,sequential,2,random_shared_stream,85,120,5,10,1.1583791971206665,187,0.3196388781070709,0.10107868164777756,0.009808224625885487,0.009808223694562912,0.009808223694562912,0.009245180822574455,0.012769052840860788,0.0029551188927143812,2.7673466205596924
336110603,XY-Warm-Same-State S2 p2=5,0,spsa,sequential,2,random_shared_stream,90,120,5,10,1.1583791971206665,197,3.394257068634033,1.073358416557312,0.9677623510360718,1.1060141324996948,0.7373427748680115,0.008969633340784754,0.01269554947299621,0.030445238575339317,2.8056416511535645
336110603,XY-Warm-Same-State S2 p2=5,0,spsa,sequential,2,random_shared_stream,95,120,5,10,1.1583791971206665,207,0.41483283042907715,0.13118165731430054,0.01652028039097786,0.01652028039097786,0.011013520881533623,0.008714911066908422,0.012626410699612943,0.0036152314860373735,2.8457140922546387
336110603,XY-Warm-Same-State S2 p2=5,0,spsa,sequential,2,random_shared_stream,100,120,5,10,1.1583791971206665,217,2.969511032104492,0.939041793346405,0.5643516778945923,0.0,0.8465275764465332,0.008478572616806651,0.012561167176266359,0.025177214294672012,2.88592791557312
336110603,XY-Warm-Same-State S2 p2=5,0,spsa,sequential,2,random_shared_stream,105,120,5,10,1.143865704536438,227,1.6945115327835083,0.5358515977859497,0.2756514847278595,0.2756514549255371,0.2756514549255371,0.008258555752813227,0.01249942043693397,0.013994218781590462,2.9238054752349854
336110603,XY-Warm-Same-State S2 p2=5,0,spsa,sequential,2,random_shared_stream,110,120,5,10,1.1213226318359375,237,1.5836502313613892,0.5007941722869873,0.21066763997077942,0.1605086624622345,0.24076299369335175,0.00805310526082972,0.012440829393713411,0.012753301300108433,2.9667141437530518
336110603,XY-Warm-Same-State S2 p2=5,0,spsa,sequential,2,random_shared_stream,115,120,5,10,1.1175777912139893,247,0.5013835430145264,0.1585513949394226,0.024133002385497093,0.0,0.016088668256998062,0.00786071686607596,0.012385099893453082,0.0039412337355315685,3.00700044631958
336110603,XY-Warm-Same-State S2 p2=5,0,spsa,sequential,2,random_shared_stream,120,120,5,10,1.0811655521392822,257,14.55915355682373,4.604008674621582,17.80539321899414,0.0,20.34902000427246,0.007680093144442815,0.012331976538504544,0.11181565374135971,3.044703722000122
336110603,XY-Warm-Same-State S2 p2=5,0,spsa,sequential,3,random_shared_stream,1,120,5,10,1.6371334791183472,19,16.302841186523438,5.155411720275879,22.325742721557617,17.010089874267578,25.51513671875,0.023659870409265784,0.02,0.25,3.1201202869415283
336110603,XY-Warm-Same-State S2 p2=5,0,spsa,sequential,3,random_shared_stream,5,120,5,10,1.3139698505401611,27,7.620413780212402,2.4097867012023926,4.877939224243164,3.7165253162384033,5.5747880935668945,0.020131494139191932,0.016999416915812672,0.15341033041477203,3.151777982711792
336110603,XY-Warm-Same-State S2 p2=5,0,spsa,sequential,3,random_shared_stream,10,120,5,10,1.1604629755020142,37,14.272727966308594,4.51343297958374,20.371076583862305,19.556232452392578,19.55623435974121,0.017237243067983833,0.015850026609609436,0.24602249264717102,3.192009687423706
336110603,XY-Warm-Same-State S2 p2=5,0,spsa,sequential,3,random_shared_stream,15,120,5,10,1.141440987586975,47,5.792365074157715,1.8317066431045532,3.355149030685425,3.220942974090576,3.2209434509277344,0.015237905420068814,0.015214047873475552,0.08826350420713425,3.232391119003296
336110603,XY-Warm-Same-State S2 p2=5,0,spsa,sequential,3,random_shared_stream,20,120,5,10,1.141440987586975,57,4.307497978210449,1.3621505498886108,1.5585812330245972,1.781235694885254,1.187490463256836,0.01375643728906015,0.014778350620464044,0.059255823493003845,3.270592451095581
336110603,XY-Warm-Same-State S2 p2=5,0,spsa,sequential,3,random_shared_stream,25,120,5,10,1.1327089071273804,67,3.8667550086975098,1.2227753400802612,1.495179295539856,1.4353721141815186,1.4353721141815186,0.012605173325836739,0.014449008773880907,0.048741117119789124,3.3086447715759277
336110603,XY-Warm-Same-State S2 p2=5,0,spsa,sequential,3,random_shared_stream,30,120,5,10,1.0996867418289185,77,11.051990509033203,3.494946241378784,11.726062774658203,11.72606372833252,11.72606372833252,0.011679121777759057,0.014185372641231635,0.12907755374908447,3.3437721729278564
336110603,XY-Warm-Same-State S2 p2=5,0,spsa,sequential,3,random_shared_stream,35,120,5,10,1.0996867418289185,87,22.346710205078125,7.066649913787842,31.96002769470215,31.960025787353516,31.960025787353516,0.01091448753409443,0.013966227856027484,0.24390287697315216,3.38364839553833
336110603,XY-Warm-Same-State S2 p2=5,0,spsa,sequential,3,random_shared_stream,40,120,5,10,1.0996867418289185,97,0.4622722268104553,0.1461833119392395,0.021369561553001404,0.020514776930212975,0.020514778792858124,0.010270042641055589,0.013779134410346052,0.004747555125504732,3.421113967895508
336110603,XY-Warm-Same-State S2 p2=5,0,spsa,sequential,3,random_shared_stream,45,120,5,10,1.0996867418289185,107,6.738393783569336,2.1308674812316895,3.8141002655029297,2.9059808254241943,4.35897159576416,0.00971783669329051,0.013616187769422706,0.06548261642456055,3.460812568664551
336110603,XY-Warm-Same-State S2 p2=5,0,spsa,sequential,3,random_shared_stream,50,120,5,10,1.0996867418289185,117,15.48726749420166,4.8975043296813965,23.985546112060547,23.026126861572266,23.026126861572266,0.009238180906881641,0.013472060523173781,0.1430741846561432,3.4980132579803467
336110603,XY-Warm-Same-State S2 p2=5,0,spsa,sequential,3,random_shared_stream,55,120,5,10,1.082271695137024,127,12.625388145446777,3.9924983978271484,15.940043449401855,15.302441596984863,15.302441596984863,0.008816764250159977,0.01334299625175472,0.11131507903337479,3.537870168685913
336110603,XY-Warm-Same-State S2 p2=5,0,spsa,sequential,3,random_shared_stream,60,120,5,10,0.9908825755119324,137,3.9069223403930664,1.235477328300476,0.9768986701965332,0.9768987894058228,0.9768987894058228,0.008442908775434355,0.013226249755755135,0.032985787838697433,3.5767083168029785
336110603,XY-Warm-Same-State S2 p2=5,0,spsa,sequential,3,random_shared_stream,65,120,5,10,0.9591655135154724,147,0.5174638628959656,0.16363643109798431,0.017137205228209496,0.017137203365564346,0.017137203365564346,0.00810846867194782,0.01311975565249048,0.004195839166641235,3.615363121032715
336110603,XY-Warm-Same-State S2 p2=5,0,spsa,sequential,3,random_shared_stream,70,120,5,10,0.9502728581428528,157,6.684201717376709,2.1137301921844482,1.6084280014038086,2.8594274520874023,0.0,0.007807110395883795,0.013021922119457682,0.05218430608510971,3.6554291248321533
336110603,XY-Warm-Same-State S2 p2=5,0,spsa,sequential,3,random_shared_stream,75,120,5,10,0.8982741236686707,167,11.119274139404297,3.516223192214966,12.363825798034668,11.869272232055664,11.869272232055664,0.007533827456947745,0.01293149713891721,0.08377068489789963,3.6942434310913086
336110603,XY-Warm-Same-State S2 p2=5,0,spsa,sequential,3,random_shared_stream,80,120,5,10,0.8719329833984375,177,9.994441986083984,3.160520076751709,9.988886833190918,9.58933162689209,9.58933162689209,0.007284604664622365,0.012847478719003411,0.07280555367469788,3.7326443195343018
336110603,XY-Warm-Same-State S2 p2=5,0,spsa,sequential,3,random_shared_stream,85,120,5,10,0.8397819399833679,187,9.651236534118652,3.0519890785217285,8.94205093383789,8.942049980163574,8.942049980163574,0.007056180401335462,0.012769052840860788,0.06810086220502853,3.7729973793029785
336110603,XY-Warm-Same-State S2 p2=5,0,spsa,sequential,3,random_shared_stream,90,120,5,10,0.8397583961486816,197,3.5822975635528564,1.1328219175338745,1.2832854986190796,0.8213027119636536,0.8213027715682983,0.006845874861838138,0.01269554947299621,0.024523960426449776,3.8137640953063965
336110603,XY-Warm-Same-State S2 p2=5,0,spsa,sequential,3,random_shared_stream,95,120,5,10,0.8308470249176025,207,7.643073558807373,2.416952133178711,5.841657638549805,5.6079912185668945,5.6079912185668945,0.006651463703073017,0.012626410699612943,0.05083763226866722,3.8525495529174805
336110603,XY-Warm-Same-State S2 p2=5,0,spsa,sequential,3,random_shared_stream,100,120,5,10,0.7583281397819519,217,12.226598739624023,3.8663899898529053,5.381629943847656,9.567342758178711,0.0,0.0064710835924300615,0.012561167176266359,0.07911934703588486,3.8923559188842773
336110603,XY-Warm-Same-State S2 p2=5,0,spsa,sequential,3,random_shared_stream,105,120,5,10,0.6596816778182983,227,5.547903537750244,1.7544010877609253,2.5854554176330566,1.9698708057403564,2.954806327819824,0.006303160572484046,0.01249942043693397,0.03496932610869408,3.9324710369110107
336110603,XY-Warm-Same-State S2 p2=5,0,spsa,sequential,3,random_shared_stream,110,120,5,10,0.6016327738761902,237,1.571893334388733,0.4970763325691223,0.2470848560333252,0.23720145225524902,0.2372014820575714,0.006146355014777814,0.012440829393713411,0.009661414660513401,3.97269606590271
336110603,XY-Warm-Same-State S2 p2=5,0,spsa,sequential,3,random_shared_stream,115,120,5,10,0.6016327738761902,247,29.960979461669922,9.474493980407715,75.40347290039062,86.17539978027344,57.45026397705078,0.005999518814755514,0.012385099893453082,0.1797514706850052,4.010408639907837
336110603,XY-Warm-Same-State S2 p2=5,0,spsa,sequential,3,random_shared_stream,120,120,5,10,0.6016327738761902,257,15.204710960388184,4.808152198791504,23.11832046508789,14.795727729797363,14.79572582244873,0.005861661742074792,0.012331976538504544,0.08912487328052521,4.0504982471466064
336110603,XY-Warm-Same-State S2 p2=5,0,spsa,sequential,4,continuation,1,120,5,10,-0.12332294136285782,19,3.182020425796509,1.0062432289123535,0.8505213856697083,0.9720244407653809,0.6480162739753723,0.05310481432925878,0.02,0.16898061335086823,4.124041318893433
336110603,XY-Warm-Same-State S2 p2=5,0,spsa,sequential,4,continuation,5,120,5,10,-0.12332294136285782,27,62.238861083984375,19.681655883789062,139.45233154296875,0.0,247.91525268554688,0.045185338716549825,0.016999416915812672,0.25,4.1533472537994385
336110603,XY-Warm-Same-State S2 p2=5,0,spsa,sequential,4,continuation,10,120,5,10,-0.12332294136285782,37,24.255369186401367,7.670220851898193,56.47900390625,37.652671813964844,56.47900390625,0.0386891634163431,0.015850026609609436,0.25,4.192636489868164
336110603,XY-Warm-Same-State S2 p2=5,0,spsa,sequential,4,continuation,15,120,5,10,-0.12332294136285782,47,32.981082916259766,10.429533958435059,104.42415618896484,69.61610412597656,0.0,0.0342016301907831,0.015214047873475552,0.25,4.230359077453613
336110603,XY-Warm-Same-State S2 p2=5,0,spsa,sequential,4,continuation,20,120,5,10,-0.12332294136285782,57,45.7403564453125,14.464370727539062,209.218017578125,133.8995361328125,133.8995361328125,0.030876460243904662,0.014778350620464044,0.25,4.2697434425354
336110603,XY-Warm-Same-State S2 p2=5,0,spsa,sequential,4,continuation,25,120,5,10,-0.12332294136285782,67,21.259597778320312,6.722875118255615,28.926111221313477,0.0,43.38916778564453,0.028292436834080618,0.014449008773880907,0.25,4.308823585510254
336110603,XY-Warm-Same-State S2 p2=5,0,spsa,sequential,4,continuation,30,120,5,10,-0.12332294136285782,77,103.2939224243164,32.664405822753906,896.2493286132812,1024.284912109375,0.0,0.02621390492882011,0.014185372641231635,0.25,4.345662355422974
336110603,XY-Warm-Same-State S2 p2=5,0,spsa,sequential,4,continuation,35,120,5,10,-0.12332294136285782,87,3.873565196990967,1.224928855895996,1.5004507303237915,1.4404327869415283,1.4404327869415283,0.02449767576791562,0.013966227856027484,0.09489335119724274,4.385336399078369
336110603,XY-Warm-Same-State S2 p2=5,0,spsa,sequential,4,continuation,40,120,5,10,-0.12332294136285782,97,34.339027404785156,10.858953475952148,117.9168701171875,75.466796875,75.46680450439453,0.02305121279925692,0.013779134410346052,0.25,4.424771547317505
336110603,XY-Warm-Same-State S2 p2=5,0,spsa,sequential,4,continuation,45,120,5,10,-0.12332294136285782,107,6.917256832122803,2.1874287128448486,4.0192694664001465,3.062300443649292,4.593450546264648,0.021811781060184814,0.013616187769422706,0.1508776992559433,4.462571620941162
336110603,XY-Warm-Same-State S2 p2=5,0,spsa,sequential,4,continuation,50,120,5,10,-0.12332294136285782,117,71.82685852050781,22.713645935058594,330.1822509765625,330.1822204589844,330.1822204589844,0.020735188879476077,0.013472060523173781,0.25,4.500659227371216
336110603,XY-Warm-Same-State S2 p2=5,0,spsa,sequential,4,continuation,55,120,5,10,-0.12332294136285782,127,23.538103103637695,7.443402290344238,53.18806076049805,53.18806076049805,35.45870590209961,0.01978931500428796,0.01334299625175472,0.25,4.5379791259765625
336110603,XY-Warm-Same-State S2 p2=5,0,spsa,sequential,4,continuation,60,120,5,10,-0.12332294136285782,137,15.02729606628418,4.752048492431641,14.452458381652832,0.0,21.67868423461914,0.01895019267488137,0.013226249755755135,0.25,4.577462434768677
336110603,XY-Warm-Same-State S2 p2=5,0,spsa,sequential,4,continuation,65,120,5,10,-0.12332294136285782,147,43.34716033935547,13.707574844360352,157.83399963378906,180.38172912597656,120.25447082519531,0.018199538538037276,0.01311975565249048,0.25,4.617447137832642
336110603,XY-Warm-Same-State S2 p2=5,0,spsa,sequential,4,continuation,70,120,5,10,-0.12332294136285782,157,4.526668548583984,1.4314583539962769,1.7212212085723877,1.3114067316055298,1.96711003780365,0.017523136891699514,0.013021922119457682,0.07932142913341522,4.6550822257995605
336110603,XY-Warm-Same-State S2 p2=5,0,spsa,sequential,4,continuation,75,120,5,10,-0.12332294136285782,167,11.804909706115723,3.7330405712127686,11.70589542388916,8.918777465820312,13.378168106079102,0.01690975061863398,0.01293149713891721,0.19961807131767273,4.694916248321533
336110603,XY-Warm-Same-State S2 p2=5,0,spsa,sequential,4,continuation,80,120,5,10,-0.12332294136285782,177,55.56887435913086,17.57242202758789,296.43841552734375,296.43841552734375,197.62562561035156,0.01635036758381078,0.012847478719003411,0.25,4.733016729354858
336110603,XY-Warm-Same-State S2 p2=5,0,spsa,sequential,4,continuation,85,120,5,10,-0.12332294136285782,187,14.42850399017334,4.562694072723389,19.98544692993164,13.323629379272461,19.98544692993164,0.015837667054166366,0.012769052840860788,0.22851383686065674,4.771588563919067
336110603,XY-Warm-Same-State S2 p2=5,0,spsa,sequential,4,continuation,90,120,5,10,-0.12332294136285782,197,29.755754470825195,9.409595489501953,84.99886322021484,84.99887084960938,56.66591262817383,0.015365634180180453,0.01269554947299621,0.25,4.8086817264556885
336110603,XY-Warm-Same-State S2 p2=5,0,spsa,sequential,4,continuation,95,120,5,10,-0.12332294136285782,207,3.6176397800445557,1.143998146057129,1.2563825845718384,0.8375883102416992,1.2563825845718384,0.014929276401749231,0.012626410699612943,0.05400874465703964,4.848674774169922
336110603,XY-Warm-Same-State S2 p2=5,0,spsa,sequential,4,continuation,100,120,5,10,-0.12332294136285782,217,5.241071701049805,1.6573723554611206,2.746882915496826,2.63700795173645,2.637007713317871,0.014524411450306644,0.012561167176266359,0.07612348347902298,4.889211177825928
336110603,XY-Warm-Same-State S2 p2=5,0,spsa,sequential,4,continuation,105,120,5,10,-0.12332294136285782,227,8.739119529724121,2.76355242729187,7.637220859527588,7.331732273101807,7.331732273101807,0.014147506562765533,0.01249942043693397,0.12363674491643906,4.928012847900391
336110603,XY-Warm-Same-State S2 p2=5,0,spsa,sequential,4,continuation,110,120,5,10,-0.12332294136285782,237,25.943626403808594,8.204095840454102,43.07659149169922,43.07659149169922,43.07659149169922,0.013795554929736966,0.012440829393713411,0.25,4.962144374847412
336110603,XY-Warm-Same-State S2 p2=5,0,spsa,sequential,4,continuation,115,120,5,10,-0.12332294136285782,247,20.205217361450195,6.389451026916504,39.192073822021484,39.192073822021484,26.128047943115234,0.013465979619132377,0.012385099893453082,0.25,5.00158953666687
336110603,XY-Warm-Same-State S2 p2=5,0,spsa,sequential,4,continuation,120,120,5,10,-0.12332294136285782,257,0.350699782371521,0.11090101301670074,0.011807071976363659,0.011807071976363659,0.011807071045041084,0.013156558049104762,0.012331976538504544,0.004614002071321011,5.039844512939453
336110603,XY-Warm-Same-State S2 p2=6,0,spsa,sequential,0,deterministic_linear_ramp,1,120,5,12,2.008906126022339,19,14.33104133605957,4.137015342712402,5.229551792144775,0.0,9.508275985717773,0.026544515894829316,0.02,0.25,0.08116507530212402
336110603,XY-Warm-Same-State S2 p2=6,0,spsa,sequential,0,deterministic_linear_ramp,5,120,5,12,1.574983835220337,27,8.843341827392578,2.5528531074523926,5.792940139770508,6.5170578956604,3.6205875873565674,0.02258595490680147,0.016999416915812672,0.19973532855510712,0.11816024780273438
336110603,XY-Warm-Same-State S2 p2=6,0,spsa,sequential,0,deterministic_linear_ramp,10,120,5,12,1.4868645668029785,37,5.887411594390869,1.6995494365692139,2.5675270557403564,2.5675270557403564,2.5675270557403564,0.01933883257542881,0.015850026609609436,0.11385566741228104,0.16586542129516602
336110603,XY-Warm-Same-State S2 p2=6,0,spsa,sequential,0,deterministic_linear_ramp,15,120,5,12,1.4488102197647095,47,14.010122299194336,4.044373989105225,16.35696029663086,14.539521217346191,14.539521217346191,0.017095732801161796,0.015214047873475552,0.2395133227109909,0.2108292579650879
336110603,XY-Warm-Same-State S2 p2=6,0,spsa,sequential,0,deterministic_linear_ramp,20,120,5,12,1.4050830602645874,57,2.46160626411438,0.7106045484542847,0.4488522708415985,0.2805326581001282,0.5049588084220886,0.015433641941363933,0.014778350620464044,0.03799155354499817,0.25405049324035645
336110603,XY-Warm-Same-State S2 p2=6,0,spsa,sequential,0,deterministic_linear_ramp,25,120,5,12,1.3912789821624756,67,2.221968650817871,0.6414271593093872,0.4114287197589874,0.4114287197589874,0.4114287197589874,0.014142014217191778,0.014449008773880907,0.03142311051487923,0.2981102466583252
336110603,XY-Warm-Same-State S2 p2=6,0,spsa,sequential,0,deterministic_linear_ramp,30,120,5,12,1.3812332153320312,77,1.0362128019332886,0.29912886023521423,0.08947807550430298,0.08947807550430298,0.08947807550430298,0.013103057130269082,0.014185372641231635,0.013577554374933243,0.34374356269836426
336110603,XY-Warm-Same-State S2 p2=6,0,spsa,sequential,0,deterministic_linear_ramp,35,120,5,12,1.3812332153320312,87,1.5995092391967773,0.46173855662345886,0.2072802037000656,0.18951332569122314,0.21320249140262604,0.012245197578057091,0.013966227856027484,0.01958630606532097,0.38928842544555664
336110603,XY-Warm-Same-State S2 p2=6,0,spsa,sequential,0,deterministic_linear_ramp,40,120,5,12,1.3664826154708862,97,4.68927526473999,1.3536771535873413,1.7815407514572144,1.832441806793213,1.6288371086120605,0.01152218103524831,0.013779134410346052,0.054030679166316986,0.43288397789001465
336110603,XY-Warm-Same-State S2 p2=6,0,spsa,sequential,0,deterministic_linear_ramp,45,120,5,12,1.3602523803710938,107,2.1943442821502686,0.6334525942802429,0.40126219391822815,0.40126219391822815,0.40126219391822815,0.010902649342803834,0.013616187769422706,0.023924166336655617,0.4775569438934326
336110603,XY-Warm-Same-State S2 p2=6,0,spsa,sequential,0,deterministic_linear_ramp,50,120,5,12,1.348119854927063,117,0.19395403563976288,0.05598970875144005,0.0031348473858088255,0.002786531113088131,0.002786531113088131,0.010364513231906505,0.013472060523173781,0.002010239055380225,0.5216965675354004
336110603,XY-Warm-Same-State S2 p2=6,0,spsa,sequential,0,deterministic_linear_ramp,55,120,5,12,1.348119854927063,127,0.8622870445251465,0.24892084300518036,0.060240428894758224,0.061961580067873,0.0550769604742527,0.009891716849289245,0.01334299625175472,0.008529499173164368,0.5625245571136475
336110603,XY-Warm-Same-State S2 p2=6,0,spsa,sequential,0,deterministic_linear_ramp,60,120,5,12,1.3403898477554321,137,1.7561880350112915,0.5069679021835327,0.22845900058746338,0.22845900058746338,0.22845900058746338,0.009472280376495343,0.013226249755755135,0.0166351068764925,0.6020348072052002
336110603,XY-Warm-Same-State S2 p2=6,0,spsa,sequential,0,deterministic_linear_ramp,65,120,5,12,1.3344217538833618,147,4.201387882232666,1.2128362655639648,1.4301114082336426,1.3075305223464966,0.8172065615653992,0.00909706485378521,0.01311975565249048,0.038220301270484924,0.6415004730224609
336110603,XY-Warm-Same-State S2 p2=6,0,spsa,sequential,0,deterministic_linear_ramp,70,120,5,12,1.2816481590270996,157,13.769286155700684,3.974850654602051,15.799437522888184,8.777464866638184,8.777464866638184,0.008758964542555817,0.013021922119457682,0.12060469388961792,0.6778573989868164
336110603,XY-Warm-Same-State S2 p2=6,0,spsa,sequential,0,deterministic_linear_ramp,75,120,5,12,1.2816481590270996,167,7.502023220062256,2.165647506713867,4.690029144287109,4.690029144287109,4.690029144287109,0.008452362554003388,0.01293149713891721,0.06340982019901276,0.7229621410369873
336110603,XY-Warm-Same-State S2 p2=6,0,spsa,sequential,0,deterministic_linear_ramp,80,120,5,12,1.2816481590270996,177,7.681824684143066,2.2175517082214355,3.6881515979766846,4.371142864227295,2.731964349746704,0.008172754159798321,0.012847478719003411,0.0627816691994667,0.7686142921447754
336110603,XY-Warm-Same-State S2 p2=6,0,spsa,sequential,0,deterministic_linear_ramp,85,120,5,12,1.2816481590270996,187,0.12142109870910645,0.03505125269293785,0.001228590146638453,0.0010920802596956491,0.0010920802596956491,0.007916480081255216,0.012769052840860788,0.0009612278081476688,0.8131077289581299
336110603,XY-Warm-Same-State S2 p2=6,0,spsa,sequential,0,deterministic_linear_ramp,90,120,5,12,1.2816481590270996,197,21.457115173339844,6.194135665893555,37.30155944824219,38.36731719970703,34.10428237915039,0.007680533787408604,0.01269554947299621,0.16480210423469543,0.8587856292724609
336110603,XY-Warm-Same-State S2 p2=6,0,spsa,sequential,0,deterministic_linear_ramp,95,120,5,12,1.2816481590270996,207,5.300858497619629,1.5302261114120483,1.756193995475769,1.3008843660354614,2.0814149379730225,0.007462419740091085,0.012626410699612943,0.03955722972750664,0.9045135974884033
336110603,XY-Warm-Same-State S2 p2=6,0,spsa,sequential,0,deterministic_linear_ramp,100,120,5,12,1.2816481590270996,217,17.238170623779297,4.976231575012207,24.762876510620117,22.011445999145508,22.011445999145508,0.007260047426496424,0.012561167176266359,0.1251499354839325,0.9491481781005859
336110603,XY-Warm-Same-State S2 p2=6,0,spsa,sequential,0,deterministic_linear_ramp,105,120,5,12,1.2816481590270996,227,8.016419410705566,2.314141035079956,4.760221481323242,4.760221481323242,4.760221481323242,0.007071650990042608,0.01249942043693397,0.056689321994781494,0.9928786754608154
336110603,XY-Warm-Same-State S2 p2=6,0,spsa,sequential,0,deterministic_linear_ramp,110,120,5,12,1.2816481590270996,237,6.962841033935547,2.0099990367889404,4.040096282958984,3.5911967754364014,3.5911967754364014,0.006895727472841068,0.012440829393713411,0.048013851046562195,1.0380885601043701
336110603,XY-Warm-Same-State S2 p2=6,0,spsa,sequential,0,deterministic_linear_ramp,115,120,5,12,1.2816481590270996,247,0.6945458054542542,0.20049810409545898,0.040199488401412964,0.040199488401412964,0.040199488401412964,0.006730988791774505,0.012385099893453082,0.004674979951232672,1.0833284854888916
336110603,XY-Warm-Same-State S2 p2=6,0,spsa,sequential,0,deterministic_linear_ramp,120,120,5,12,1.2816481590270996,257,0.7764986157417297,0.22415584325790405,0.05024584010243416,0.044662971049547195,0.044662971049547195,0.00657632398619066,0.012331976538504544,0.0051065064035356045,1.1295218467712402
336110603,XY-Warm-Same-State S2 p2=6,0,spsa,sequential,1,random_shared_stream,1,120,5,12,1.9118034839630127,19,0.05034930631518364,0.014534592628479004,0.00020538621174637228,0.00018778168305289,0.00021125438797753304,0.2704214309891846,0.02,0.013615530915558338,1.2184398174285889
336110603,XY-Warm-Same-State S2 p2=6,0,spsa,sequential,1,random_shared_stream,5,120,5,12,1.8721846342086792,27,2.4753258228302,0.7145650386810303,0.4964197874069214,0.453869491815567,0.2836684286594391,0.23009371390887523,0.016999416915812672,0.25,1.2567315101623535
336110603,XY-Warm-Same-State S2 p2=6,0,spsa,sequential,1,random_shared_stream,10,120,5,12,1.695616364479065,37,14.248291015625,4.113127708435059,16.917816162109375,9.398786544799805,9.398787498474121,0.19701375604014734,0.015850026609609436,0.25,1.3021271228790283
336110603,XY-Warm-Same-State S2 p2=6,0,spsa,sequential,1,random_shared_stream,15,120,5,12,1.6610679626464844,47,1.5377391576766968,0.44390708208084106,0.17515863478183746,0.17515863478183746,0.17515863478183746,0.17416224677879513,0.015214047873475552,0.25,1.3466005325317383
336110603,XY-Warm-Same-State S2 p2=6,0,spsa,sequential,1,random_shared_stream,20,120,5,12,1.6432218551635742,57,2.067692518234253,0.5968914031982422,0.3166927397251129,0.3166927397251129,0.3166927397251129,0.15722974778271684,0.014778350620464044,0.25,1.3926904201507568
336110603,XY-Warm-Same-State S2 p2=6,0,spsa,sequential,1,random_shared_stream,25,120,5,12,1.5027936697006226,67,5.418588161468506,1.5642116069793701,2.174896001815796,2.174896001815796,2.174896001815796,0.14407133047121576,0.014449008773880907,0.25,1.4388835430145264
336110603,XY-Warm-Same-State S2 p2=6,0,spsa,sequential,1,random_shared_stream,30,120,5,12,1.5027936697006226,77,1.4509599208831787,0.41885608434677124,0.17056705057621002,0.1559470146894455,0.17544038593769073,0.13348698742668055,0.014185372641231635,0.19368426501750946,1.4839446544647217
336110603,XY-Warm-Same-State S2 p2=6,0,spsa,sequential,1,random_shared_stream,35,120,5,12,1.5027936697006226,87,9.188559532165527,2.652508497238159,6.840362548828125,7.035801410675049,6.2540459632873535,0.1247475698906427,0.013966227856027484,0.25,1.5292103290557861
336110603,XY-Warm-Same-State S2 p2=6,0,spsa,sequential,1,random_shared_stream,40,120,5,12,1.5027936697006226,97,3.7866098880767822,1.0931003093719482,1.1948679685592651,1.1948679685592651,1.1948679685592651,0.1173818613235752,0.013779134410346052,0.25,1.5732536315917969
336110603,XY-Warm-Same-State S2 p2=6,0,spsa,sequential,1,random_shared_stream,45,120,5,12,1.5027936697006226,107,1.6157597303390503,0.4664296805858612,0.21151340007781982,0.19338367879390717,0.2175566405057907,0.11107040145450969,0.013616187769422706,0.17946308851242065,1.6177685260772705
336110603,XY-Warm-Same-State S2 p2=6,0,spsa,sequential,1,random_shared_stream,50,120,5,12,1.5027936697006226,117,1.0408841371536255,0.30047735571861267,0.08777868747711182,0.08025479316711426,0.09028664231300354,0.10558815654364442,0.013472060523173781,0.10990501940250397,1.662550449371338
336110603,XY-Warm-Same-State S2 p2=6,0,spsa,sequential,1,random_shared_stream,55,120,5,12,1.5027936697006226,127,6.462084770202637,1.865443229675293,3.0932252407073975,3.4798784255981445,1.9332658052444458,0.10077155808464693,0.01334299625175472,0.25,1.708667278289795
336110603,XY-Warm-Same-State S2 p2=6,0,spsa,sequential,1,random_shared_stream,60,120,5,12,1.5027936697006226,137,3.9899206161499023,1.1517908573150635,1.3266221284866333,0.7370123267173767,0.7370123267173767,0.09649856204918042,0.013226249755755135,0.25,1.7534406185150146
336110603,XY-Warm-Same-State S2 p2=6,0,spsa,sequential,1,random_shared_stream,65,120,5,12,1.5027936697006226,147,1.9064027070999146,0.5503310561180115,0.29445138573646545,0.2692126929759979,0.30286428332328796,0.09267606556882856,0.01311975565249048,0.1766779124736786,1.7977542877197266
336110603,XY-Warm-Same-State S2 p2=6,0,spsa,sequential,1,random_shared_stream,70,120,5,12,1.5027936697006226,157,4.5110368728637695,1.3022241592407227,1.695787787437439,1.695787787437439,1.695787787437439,0.08923167915233525,0.013021922119457682,0.25,1.8414363861083984
336110603,XY-Warm-Same-State S2 p2=6,0,spsa,sequential,1,random_shared_stream,75,120,5,12,1.5027936697006226,167,14.490723609924316,4.183112144470215,15.554153442382812,15.554153442382812,0.0,0.08610818091951843,0.01293149713891721,0.25,1.8864197731018066
336110603,XY-Warm-Same-State S2 p2=6,0,spsa,sequential,1,random_shared_stream,80,120,5,12,1.5027936697006226,177,5.766969203948975,1.664780616760254,2.4635508060455322,2.4635508060455322,2.463550567626953,0.08325967909047391,0.012847478719003411,0.25,1.9321329593658447
336110603,XY-Warm-Same-State S2 p2=6,0,spsa,sequential,1,random_shared_stream,85,120,5,12,1.5027936697006226,187,0.7987208962440491,0.23057088255882263,0.05316292867064476,0.05316292122006416,0.05316292122006416,0.08064889487728129,0.012769052840860788,0.06441595405340195,1.9786627292633057
336110603,XY-Warm-Same-State S2 p2=6,0,spsa,sequential,1,random_shared_stream,90,120,5,12,1.5027936697006226,197,1.6094390153884888,0.46460503339767456,0.19187362492084503,0.19187362492084503,0.19187362492084503,0.07824519933913723,0.01269554947299621,0.12593087553977966,2.0236971378326416
336110603,XY-Warm-Same-State S2 p2=6,0,spsa,sequential,1,random_shared_stream,95,120,5,12,1.4635246992111206,207,2.4817264080047607,0.7164127230644226,0.4989902973175049,0.4562196731567383,0.5132471323013306,0.07602316925849313,0.012626410699612943,0.18866869807243347,2.070197820663452
336110603,XY-Warm-Same-State S2 p2=6,0,spsa,sequential,1,random_shared_stream,100,120,5,12,1.4635246992111206,217,5.264317512512207,1.5196775197982788,2.245269298553467,2.309419870376587,2.0528178215026855,0.07396150760108386,0.012561167176266359,0.25,2.113574266433716
336110603,XY-Warm-Same-State S2 p2=6,0,spsa,sequential,1,random_shared_stream,105,120,5,12,1.4635246992111206,227,2.0552141666412354,0.5932892560958862,0.351992130279541,0.3128818869590759,0.3128818869590759,0.07204222475784211,0.01249942043693397,0.14806221425533295,2.1599340438842773
336110603,XY-Warm-Same-State S2 p2=6,0,spsa,sequential,1,random_shared_stream,110,120,5,12,1.4635246992111206,237,2.7930562496185303,0.8062859773635864,0.5778639912605286,0.36116495728492737,0.6500970125198364,0.07025000939197222,0.012440829393713411,0.19621223211288452,2.2040016651153564
336110603,XY-Warm-Same-State S2 p2=6,0,spsa,sequential,1,random_shared_stream,115,120,5,12,1.4635246992111206,247,6.977049827575684,2.0141007900238037,4.0566020011901855,3.605868339538574,3.605868339538574,0.06857173919673505,0.012385099893453082,0.25,2.2506117820739746
336110603,XY-Warm-Same-State S2 p2=6,0,spsa,sequential,1,random_shared_stream,120,120,5,12,1.4635246992111206,257,0.6568853259086609,0.18962648510932922,0.02696864865720272,0.019976776093244553,0.031962838023900986,0.06699609629500128,0.012331976538504544,0.044008754193782806,2.2978501319885254
336110603,XY-Warm-Same-State S2 p2=6,0,spsa,sequential,2,random_shared_stream,1,120,5,12,1.6121864318847656,19,0.5877561569213867,0.16967058181762695,0.02558942884206772,0.02878810651600361,0.01599339209496975,0.04392858111645708,0.02,0.025819294154644012,2.3866519927978516
336110603,XY-Warm-Same-State S2 p2=6,0,spsa,sequential,2,random_shared_stream,5,120,5,12,1.5867999792099,27,2.2603156566619873,0.6524969339370728,0.31931421160697937,0.37844645977020264,0.23652903735637665,0.03737754932683996,0.016999416915812672,0.08448505401611328,2.4227559566497803
336110603,XY-Warm-Same-State S2 p2=6,0,spsa,sequential,2,random_shared_stream,10,120,5,12,1.5867999792099,37,3.027475118637085,0.8739568591117859,0.7425838112831116,0.6789337992668152,0.4243336021900177,0.03200387902545207,0.015850026609609436,0.09689094871282578,2.468366861343384
336110603,XY-Warm-Same-State S2 p2=6,0,spsa,sequential,2,random_shared_stream,15,120,5,12,1.5867999792099,47,1.9325865507125854,0.5578896999359131,0.2766585648059845,0.1729116290807724,0.31124091148376465,0.02829176798991462,0.015214047873475552,0.05467629432678223,2.5114920139312744
336110603,XY-Warm-Same-State S2 p2=6,0,spsa,sequential,2,random_shared_stream,20,120,5,12,1.5867999792099,57,1.9461956024169922,0.5618183016777039,0.2805687189102173,0.1753554344177246,0.31563979387283325,0.025541169958787042,0.014778350620464044,0.04970811307430267,2.555527448654175
336110603,XY-Warm-Same-State S2 p2=6,0,spsa,sequential,2,random_shared_stream,25,120,5,12,1.5867999792099,67,3.5093274116516113,1.0130555629730225,0.7697111964225769,0.570156455039978,0.912250280380249,0.023403652232776684,0.014449008773880907,0.08213108032941818,2.5996999740600586
336110603,XY-Warm-Same-State S2 p2=6,0,spsa,sequential,2,random_shared_stream,30,120,5,12,1.5867999792099,77,8.645644187927246,2.4957826137542725,4.671698093414307,3.460517168045044,5.536827087402344,0.021684279732248544,0.014185372641231635,0.1874745786190033,2.6431381702423096
336110603,XY-Warm-Same-State S2 p2=6,0,spsa,sequential,2,random_shared_stream,35,120,5,12,1.580306887626648,87,3.9603350162506104,1.1432502269744873,1.1617965698242188,1.307021141052246,0.7261228561401367,0.020264605963279468,0.013966227856027484,0.08025462925434113,2.688652753829956
336110603,XY-Warm-Same-State S2 p2=6,0,spsa,sequential,2,random_shared_stream,40,120,5,12,1.580306887626648,97,0.9078795313835144,0.2620822787284851,0.06677912920713425,0.06868710368871689,0.061055202037096024,0.019068084204315962,0.013779134410346052,0.017311524599790573,2.73408842086792
336110603,XY-Warm-Same-State S2 p2=6,0,spsa,sequential,2,random_shared_stream,45,120,5,12,1.4856923818588257,107,5.616005897521973,1.6212012767791748,2.62829327583313,2.62829327583313,2.62829327583313,0.01804281976500236,0.013616187769422706,0.10132858157157898,2.7799301147460938
336110603,XY-Warm-Same-State S2 p2=6,0,spsa,sequential,2,random_shared_stream,50,120,5,12,1.4856923818588257,117,3.5511598587036133,1.0251315832138062,0.7881710529327393,0.9341287016868591,0.5838304162025452,0.01715225706297724,0.013472060523173781,0.060910407453775406,2.825526237487793
336110603,XY-Warm-Same-State S2 p2=6,0,spsa,sequential,2,random_shared_stream,55,120,5,12,1.4856923818588257,127,5.106733322143555,1.474186897277832,2.1128597259521484,2.173227071762085,1.9317573308944702,0.016369825229311154,0.01334299625175472,0.08359632641077042,2.871250629425049
336110603,XY-Warm-Same-State S2 p2=6,0,spsa,sequential,2,random_shared_stream,60,120,5,12,1.4856923818588257,137,0.07864880561828613,0.022703956812620163,0.00038660221616737545,0.00028637200011871755,0.000458195194369182,0.015675698834566217,0.013226249755755135,0.001232875045388937,2.9135351181030273
336110603,XY-Warm-Same-State S2 p2=6,0,spsa,sequential,2,random_shared_stream,65,120,5,12,1.473814606666565,147,6.180247783660889,1.7840838432312012,3.0945398807525635,2.8292934894561768,3.182955503463745,0.01505475379300542,0.01311975565249048,0.09304210543632507,2.9566802978515625
336110603,XY-Warm-Same-State S2 p2=6,0,spsa,sequential,2,random_shared_stream,70,120,5,12,1.3840163946151733,157,1.7099031209945679,0.4936065077781677,0.18273551762104034,0.21657544374465942,0.13535965979099274,0.014495230801281438,0.013021922119457682,0.024785442277789116,3.0032079219818115
336110603,XY-Warm-Same-State S2 p2=6,0,spsa,sequential,2,random_shared_stream,75,120,5,12,1.3760464191436768,167,0.8968635201454163,0.2589021921157837,0.06516838818788528,0.06703034788370132,0.059582531452178955,0.013987834457043869,0.01293149713891721,0.012545178644359112,3.049006700515747
336110603,XY-Warm-Same-State S2 p2=6,0,spsa,sequential,2,random_shared_stream,80,120,5,12,1.3383171558380127,177,2.3578946590423584,0.6806656122207642,0.450435996055603,0.46330559253692627,0.4118271768093109,0.01352510987489874,0.012847478719003411,0.031890783458948135,3.0960443019866943
336110603,XY-Warm-Same-State S2 p2=6,0,spsa,sequential,2,random_shared_stream,85,120,5,12,1.3369956016540527,187,9.339576721191406,2.696103572845459,7.067058563232422,6.461310863494873,7.268974304199219,0.013101001306035406,0.012769052840860788,0.1223578080534935,3.1401329040527344
336110603,XY-Warm-Same-State S2 p2=6,0,spsa,sequential,2,random_shared_stream,90,120,5,12,1.3369956016540527,197,1.5688285827636719,0.4528818130493164,0.18231283128261566,0.18231283128261566,0.18231284618377686,0.012710533235363707,0.01269554947299621,0.01994064822793007,3.1851906776428223
336110603,XY-Warm-Same-State S2 p2=6,0,spsa,sequential,2,random_shared_stream,95,120,5,12,1.3369956016540527,207,4.900134563446045,1.4145469665527344,1.1116350889205933,1.1116350889205933,1.1116350889205933,0.012349575790963947,0.012626410699612943,0.060514580458402634,3.2286317348480225
336110603,XY-Warm-Same-State S2 p2=6,0,spsa,sequential,2,random_shared_stream,100,120,5,12,1.3230986595153809,217,0.534290611743927,0.15423640608787537,0.023128068074584007,0.023788869380950928,0.021145662292838097,0.012014669378329018,0.012561167176266359,0.006419324781745672,3.273947238922119
336110603,XY-Warm-Same-State S2 p2=6,0,spsa,sequential,2,random_shared_stream,105,120,5,12,1.3023334741592407,227,7.905776500701904,2.2822012901306152,4.629725933074951,4.629725933074951,4.629725933074951,0.011702891677292661,0.01249942043693397,0.09252044558525085,3.3200860023498535
336110603,XY-Warm-Same-State S2 p2=6,0,spsa,sequential,2,random_shared_stream,110,120,5,12,1.286271095275879,237,7.005959510803223,2.0224461555480957,3.067716598510742,4.0902886390686035,0.0,0.011411755439348097,0.012440829393713411,0.07995029538869858,3.3639976978302
336110603,XY-Warm-Same-State S2 p2=6,0,spsa,sequential,2,random_shared_stream,115,120,5,12,1.286271095275879,247,0.933729887008667,0.2695446014404297,0.07063611596822739,0.07265429198741913,0.06458159536123276,0.011139129012747476,0.012385099893453082,0.010400938801467419,3.4097747802734375
336110603,XY-Warm-Same-State S2 p2=6,0,spsa,sequential,2,random_shared_stream,120,120,5,12,1.2801798582077026,257,1.9219837188720703,0.5548288822174072,0.2992841303348541,0.30783510208129883,0.27363118529319763,0.010883173866122465,0.012331976538504544,0.02091728150844574,3.45752215385437
336110603,XY-Warm-Same-State S2 p2=6,0,spsa,sequential,3,random_shared_stream,1,120,5,12,1.919076919555664,19,0.3034689128398895,0.08760392665863037,0.007674448657780886,0.006821731571108103,0.006821731571108103,1.0632201969311692,0.02,0.25,3.5427212715148926
336110603,XY-Warm-Same-State S2 p2=6,0,spsa,sequential,3,random_shared_stream,5,120,5,12,1.910151481628418,27,0.07661757618188858,0.02211759053170681,0.0004891877179034054,0.0004891877761110663,0.0004891877761110663,0.9046630768868417,0.016999416915812672,0.06931309401988983,3.5812957286834717
336110603,XY-Warm-Same-State S2 p2=6,0,spsa,sequential,3,random_shared_stream,10,120,5,12,1.9090520143508911,37,0.8022870421409607,0.2316003292798996,0.05363871157169342,0.04767885431647301,0.04767885431647301,0.7746020858218609,0.015850026609609436,0.25,3.6257965564727783
336110603,XY-Warm-Same-State S2 p2=6,0,spsa,sequential,3,random_shared_stream,15,120,5,12,1.8858875036239624,47,0.21843232214450836,0.06305597722530365,0.0038656105753034353,0.002208920195698738,0.003534272313117981,0.6847564471527828,0.015214047873475552,0.1495729386806488,3.6719374656677246
336110603,XY-Warm-Same-State S2 p2=6,0,spsa,sequential,3,random_shared_stream,20,120,5,12,1.8314675092697144,57,1.8954371213912964,0.54716557264328,0.2910737693309784,0.29939016699790955,0.26612457633018494,0.6181826743149813,0.014778350620464044,0.25,3.718803644180298
336110603,XY-Warm-Same-State S2 p2=6,0,spsa,sequential,3,random_shared_stream,25,120,5,12,1.7556440830230713,67,3.951646327972412,1.1407420635223389,1.2651454210281372,1.3012924194335938,1.156704306602478,0.5664475178443529,0.014449008773880907,0.25,3.7622735500335693
336110603,XY-Warm-Same-State S2 p2=6,0,spsa,sequential,3,random_shared_stream,30,120,5,12,1.7117429971694946,77,2.4027647972106934,0.6936184763908386,0.46774253249168396,0.4276503026485443,0.48110660910606384,0.5248328896877263,0.014185372641231635,0.25,3.807668685913086
336110603,XY-Warm-Same-State S2 p2=6,0,spsa,sequential,3,random_shared_stream,35,120,5,12,1.4522854089736938,87,4.215106964111328,1.216796636581421,1.4394664764404297,1.4805940389633179,1.316083550453186,0.49047198419388066,0.013966227856027484,0.25,3.8535726070404053
336110603,XY-Warm-Same-State S2 p2=6,0,spsa,sequential,3,random_shared_stream,40,120,5,12,1.4362348318099976,97,2.352721691131592,0.6791722774505615,0.41002216935157776,0.41002222895622253,0.41002222895622253,0.4615121118769254,0.013779134410346052,0.25,3.898927688598633
336110603,XY-Warm-Same-State S2 p2=6,0,spsa,sequential,3,random_shared_stream,45,120,5,12,1.4362348318099976,107,11.792125701904297,3.4040935039520264,11.587852478027344,10.300312995910645,10.300312995910645,0.4366972457608616,0.013616187769422706,0.25,3.943218231201172
336110603,XY-Warm-Same-State S2 p2=6,0,spsa,sequential,3,random_shared_stream,50,120,5,12,1.4362348318099976,117,0.7848893404006958,0.22657804191112518,0.049911558628082275,0.028520891442894936,0.04563342407345772,0.4151426171486486,0.013472060523173781,0.25,3.9860334396362305
336110603,XY-Warm-Same-State S2 p2=6,0,spsa,sequential,3,random_shared_stream,55,120,5,12,1.4362348318099976,127,1.7144691944122314,0.4949246346950531,0.21773368120193481,0.24495039880275726,0.13608355820178986,0.3962051211692027,0.01334299625175472,0.25,4.02897310256958
336110603,XY-Warm-Same-State S2 p2=6,0,spsa,sequential,3,random_shared_stream,60,120,5,12,1.4362348318099976,137,0.3686565160751343,0.10642196983098984,0.011011035181581974,0.011325635947287083,0.010067232884466648,0.3794049153952139,0.013226249755755135,0.13987009227275848,4.072842597961426
336110603,XY-Warm-Same-State S2 p2=6,0,spsa,sequential,3,random_shared_stream,65,120,5,12,1.4362348318099976,147,5.769553184509277,1.6655266284942627,2.465759038925171,2.7739784717559814,1.541099190711975,0.36437594581339494,0.01311975565249048,0.25,4.118394136428833
336110603,XY-Warm-Same-State S2 p2=6,0,spsa,sequential,3,random_shared_stream,70,120,5,12,1.4362348318099976,157,3.1160831451416016,0.8995357751846313,0.7866877913475037,0.7192573547363281,0.8091645240783691,0.35083359752148935,0.013021922119457682,0.25,4.161306858062744
336110603,XY-Warm-Same-State S2 p2=6,0,spsa,sequential,3,random_shared_stream,75,120,5,12,1.4362348318099976,167,7.609991550445557,2.196815252304077,4.289775371551514,2.681109666824341,4.825997352600098,0.33855289035245406,0.01293149713891721,0.25,4.205832242965698
336110603,XY-Warm-Same-State S2 p2=6,0,spsa,sequential,3,random_shared_stream,80,120,5,12,1.4358359575271606,177,4.864224433898926,1.4041807651519775,1.4787925481796265,1.7526429891586304,1.0954018831253052,0.32735339087285614,0.012847478719003411,0.25,4.250619888305664
336110603,XY-Warm-Same-State S2 p2=6,0,spsa,sequential,3,random_shared_stream,85,120,5,12,1.4358359575271606,187,1.0407546758651733,0.3004400134086609,0.0802348330616951,0.09026417881250381,0.05014676973223686,0.3170885294854224,0.012769052840860788,0.25,4.295896768569946
336110603,XY-Warm-Same-State S2 p2=6,0,spsa,sequential,3,random_shared_stream,90,120,5,12,1.4358359575271606,197,0.6957445740699768,0.2008441686630249,0.03921787068247795,0.03585633635520935,0.04033837839961052,0.3076378819014655,0.01269554947299621,0.21403740346431732,4.337960243225098
336110603,XY-Warm-Same-State S2 p2=6,0,spsa,sequential,3,random_shared_stream,95,120,5,12,1.4358359575271606,207,1.6597387790679932,0.47912535071372986,0.22318436205387115,0.0,0.1275339275598526,0.29890149125636206,0.012626410699612943,0.25,4.382817268371582
336110603,XY-Warm-Same-State S2 p2=6,0,spsa,sequential,3,random_shared_stream,100,120,5,12,1.4358359575271606,217,3.008639335632324,0.8685194253921509,0.7333723902702332,0.7543258666992188,0.6705119013786316,0.2907956236652547,0.012561167176266359,0.25,4.428874492645264
336110603,XY-Warm-Same-State S2 p2=6,0,spsa,sequential,3,random_shared_stream,105,120,5,12,1.4358359575271606,227,8.190842628479004,2.364492893218994,4.96962308883667,4.96962308883667,4.969622611999512,0.2832495490989984,0.01249942043693397,0.25,4.472442150115967
336110603,XY-Warm-Same-State S2 p2=6,0,spsa,sequential,3,random_shared_stream,110,120,5,12,1.2408438920974731,237,1.0423715114593506,0.3009067475795746,0.09054487198591232,0.08048433065414429,0.08048432320356369,0.2762030677336976,0.012440829393713411,0.25,4.517117500305176
336110603,XY-Warm-Same-State S2 p2=6,0,spsa,sequential,3,random_shared_stream,115,120,5,12,1.2408438920974731,247,5.75645637512207,1.6617457866668701,2.4545769691467285,2.4545769691467285,2.4545769691467285,0.26960458638938756,0.012385099893453082,0.25,4.561870813369751
336110603,XY-Warm-Same-State S2 p2=6,0,spsa,sequential,3,random_shared_stream,120,120,5,12,1.2408438920974731,257,7.126736164093018,2.057311534881592,3.174398183822632,2.3514058589935303,3.762249231338501,0.2634096063904037,0.012331976538504544,0.25,4.60693359375
336110603,XY-Warm-Same-State S2 p2=6,0,spsa,sequential,4,continuation,1,120,5,12,-0.13066750764846802,19,1.487621545791626,0.42943939566612244,0.18441815674304962,0.18441815674304962,0.184418186545372,0.11693163953653375,0.02,0.17395003139972687,4.693550109863281
336110603,XY-Warm-Same-State S2 p2=6,0,spsa,sequential,4,continuation,5,120,5,12,-0.13066750764846802,27,131.06253051757812,37.834495544433594,795.24951171875,795.24951171875,795.24951171875,0.0994937239848087,0.016999416915812672,0.25,4.729499101638794
336110603,XY-Warm-Same-State S2 p2=6,0,spsa,sequential,4,continuation,10,120,5,12,-0.13066750764846802,37,11.608016967773438,3.3509459495544434,11.228838920593262,9.98119068145752,9.98119068145752,0.08518977738101856,0.015850026609609436,0.25,4.77478814125061
336110603,XY-Warm-Same-State S2 p2=6,0,spsa,sequential,4,continuation,15,120,5,12,-0.13066750764846802,47,27.508602142333984,7.941049575805664,56.05357360839844,56.05356979370117,56.05356979370117,0.07530866539207615,0.015214047873475552,0.25,4.817944765090942
336110603,XY-Warm-Same-State S2 p2=6,0,spsa,sequential,4,continuation,20,120,5,12,-0.13066750764846802,57,35.87681579589844,10.356744766235352,104.28266143798828,107.26216888427734,95.3441390991211,0.06798696436483273,0.014778350620464044,0.25,4.863350868225098
336110603,XY-Warm-Same-State S2 p2=6,0,spsa,sequential,4,continuation,25,120,5,12,-0.13066750764846802,67,6.3850998878479,1.8432196378707886,3.019963264465332,1.887476921081543,3.39745831489563,0.06229719597513262,0.014449008773880907,0.25,4.908683776855469
336110603,XY-Warm-Same-State S2 p2=6,0,spsa,sequential,4,continuation,30,120,5,12,-0.13066750764846802,77,13.576658248901367,3.919243574142456,14.933789253234863,13.653751373291016,15.360469818115234,0.05772047074633924,0.014185372641231635,0.25,4.954018831253052
336110603,XY-Warm-Same-State S2 p2=6,0,spsa,sequential,4,continuation,35,120,5,12,-0.13066750764846802,87,20.643047332763672,5.959134578704834,35.51128005981445,31.565582275390625,31.565582275390625,0.05394150094596084,0.013966227856027484,0.25,4.99778151512146
336110603,XY-Warm-Same-State S2 p2=6,0,spsa,sequential,4,continuation,40,120,5,12,-0.13066750764846802,97,75.71257781982422,21.856338500976562,477.6995544433594,265.3886413574219,265.3886413574219,0.05075653008050476,0.013779134410346052,0.25,5.042738199234009
336110603,XY-Warm-Same-State S2 p2=6,0,spsa,sequential,4,continuation,45,120,5,12,-0.13066750764846802,107,39.190277099609375,11.31325912475586,113.76874542236328,0.0,113.76873779296875,0.04802742185983129,0.013616187769422706,0.25,5.087987184524536
336110603,XY-Warm-Same-State S2 p2=6,0,spsa,sequential,4,continuation,50,120,5,12,-0.13066750764846802,117,5.805030345916748,1.6757681369781494,2.496176242828369,1.5601102113723755,2.8081982135772705,0.045656870519194634,0.013472060523173781,0.25,5.133849859237671
336110603,XY-Warm-Same-State S2 p2=6,0,spsa,sequential,4,continuation,55,120,5,12,-0.13066750764846802,127,16.541433334350586,4.775100231170654,22.16820526123047,20.2680721282959,22.80158233642578,0.04357414818191714,0.01334299625175472,0.25,5.18085241317749
336110603,XY-Warm-Same-State S2 p2=6,0,spsa,sequential,4,continuation,60,120,5,12,-0.13066750764846802,137,10.066804885864258,2.906036376953125,8.21046257019043,7.50670862197876,8.445047378540039,0.04172648237254499,0.013226249755755135,0.25,5.22642183303833
336110603,XY-Warm-Same-State S2 p2=6,0,spsa,sequential,4,continuation,65,120,5,12,-0.13066750764846802,147,8.784332275390625,2.535818576812744,6.430374622344971,6.430374622344971,6.430374622344971,0.040073614924372766,0.01311975565249048,0.25,5.26921534538269
336110603,XY-Warm-Same-State S2 p2=6,0,spsa,sequential,4,continuation,70,120,5,12,-0.13066750764846802,157,1.8198014497756958,0.525331437587738,0.24530945718288422,0.1533184051513672,0.2759731113910675,0.03858424424319315,0.013021922119457682,0.07021566480398178,5.313084125518799
336110603,XY-Warm-Same-State S2 p2=6,0,spsa,sequential,4,continuation,75,120,5,12,-0.13066750764846802,167,2.5010948181152344,0.7220038771629333,0.521289587020874,0.4633685350418091,0.4633685350418091,0.03723362728906815,0.01293149713891721,0.09312482923269272,5.357996225357056
336110603,XY-Warm-Same-State S2 p2=6,0,spsa,sequential,4,continuation,80,120,5,12,-0.13066750764846802,177,50.75400161743164,14.651418685913086,160.99803161621094,119.25780487060547,190.81248474121094,0.036001920216612374,0.012847478719003411,0.25,5.403149127960205
336110603,XY-Warm-Same-State S2 p2=6,0,spsa,sequential,4,continuation,85,120,5,12,-0.13066750764846802,187,1.4234355688095093,0.4109104573726654,0.1641572117805481,0.16884739696979523,0.15008656680583954,0.034873003483171516,0.012769052840860788,0.04963947460055351,5.4492456912994385
336110603,XY-Warm-Same-State S2 p2=6,0,spsa,sequential,4,continuation,90,120,5,12,-0.13066750764846802,197,20.03036880493164,5.782269477844238,29.719675064086914,29.719675064086914,29.71967887878418,0.03383363297472584,0.01269554947299621,0.25,5.493711709976196
336110603,XY-Warm-Same-State S2 p2=6,0,spsa,sequential,4,continuation,95,120,5,12,-0.13066750764846802,207,8.418168067932129,2.4301156997680664,5.741421222686768,3.2808122634887695,5.2492995262146,0.03287281555918749,0.012626410699612943,0.25,5.5398054122924805
336110603,XY-Warm-Same-State S2 p2=6,0,spsa,sequential,4,continuation,100,120,5,12,-0.13066750764846802,217,20.405006408691406,5.89041805267334,33.733219146728516,19.276124954223633,0.0,0.03198134228767701,0.012561167176266359,0.25,5.584749698638916
336110603,XY-Warm-Same-State S2 p2=6,0,spsa,sequential,4,continuation,105,120,5,12,-0.13066750764846802,227,5.38405179977417,1.5542418956756592,1.8117507696151733,2.1472601890563965,1.3420376777648926,0.031151434359249646,0.01249942043693397,0.16772092878818512,5.629458665847778
336110603,XY-Warm-Same-State S2 p2=6,0,spsa,sequential,4,continuation,110,120,5,12,-0.13066750764846802,237,0.9322856664657593,0.2691276967525482,0.05432228744029999,0.06438197195529938,0.04023873060941696,0.030376471071883134,0.012440829393713411,0.028319548815488815,5.67344331741333
336110603,XY-Warm-Same-State S2 p2=6,0,spsa,sequential,4,continuation,115,120,5,12,-0.13066750764846802,247,18.69305419921875,5.3962202072143555,16.17732810974121,25.88372230529785,0.0,0.02965077827158792,0.012385099893453082,0.25,5.719054937362671
336110603,XY-Warm-Same-State S2 p2=6,0,spsa,sequential,4,continuation,120,120,5,12,-0.13066750764846802,257,15.14745807647705,4.372694969177246,16.995962142944336,19.12045669555664,10.622475624084473,0.028969462049164698,0.012331976538504544,0.25,5.764729022979736
336110603,XY-Warm-Same-State S2 p2=8,0,spsa,sequential,0,deterministic_linear_ramp,1,120,5,16,2.2606871128082275,19,33.79785919189453,8.449464797973633,53.54508972167969,53.54508972167969,53.54508972167969,0.009035089624005522,0.02,0.25,0.10175085067749023
336110603,XY-Warm-Same-State S2 p2=8,0,spsa,sequential,0,deterministic_linear_ramp,5,120,5,16,1.9857892990112305,27,4.928898334503174,1.2322245836257935,1.3048557043075562,1.1387830972671509,1.4234788417816162,0.007687694423783001,0.016999416915812672,0.03789186477661133,0.14631414413452148
336110603,XY-Warm-Same-State S2 p2=8,0,spsa,sequential,0,deterministic_linear_ramp,10,120,5,16,1.9857892990112305,37,9.881072044372559,2.4702680110931396,5.720835208892822,6.102223873138428,4.576667785644531,0.006582455157024454,0.015850026609609436,0.06504171341657639,0.20269417762756348
336110603,XY-Warm-Same-State S2 p2=8,0,spsa,sequential,0,deterministic_linear_ramp,15,120,5,16,1.9378478527069092,47,1.7377828359603882,0.43444570899009705,0.1857939511537552,0.17694664001464844,0.18874306976795197,0.005818960069135629,0.015214047873475552,0.010112089104950428,0.2597031593322754
336110603,XY-Warm-Same-State S2 p2=8,0,spsa,sequential,0,deterministic_linear_ramp,20,120,5,16,1.924607276916504,57,12.541313171386719,3.1353282928466797,8.447898864746094,9.215889930725098,7.372712135314941,0.005253225891084964,0.014778350620464044,0.0658823549747467,0.31681084632873535
336110603,XY-Warm-Same-State S2 p2=8,0,spsa,sequential,0,deterministic_linear_ramp,25,120,5,16,1.924607276916504,67,3.208789825439453,0.8021974563598633,0.6033006906509399,0.6033006906509399,0.6033006906509399,0.004813588103189992,0.014449008773880907,0.01544579304754734,0.37328529357910156
336110603,XY-Warm-Same-State S2 p2=8,0,spsa,sequential,0,deterministic_linear_ramp,30,120,5,16,1.9097912311553955,77,2.4605460166931152,0.6151365041732788,0.3547433316707611,0.37839290499687195,0.28379467129707336,0.004459953083699174,0.014185372641231635,0.010973919183015823,0.4298741817474365
336110603,XY-Warm-Same-State S2 p2=8,0,spsa,sequential,0,deterministic_linear_ramp,35,120,5,16,1.906223177909851,87,0.23228617012500763,0.05807154253125191,0.003161535132676363,0.003161535132676363,0.003161535132676363,0.004167959137764964,0.013966227856027484,0.0009681592346169055,0.48639607429504395
336110603,XY-Warm-Same-State S2 p2=8,0,spsa,sequential,0,deterministic_linear_ramp,40,120,5,16,1.906223177909851,97,7.47913122177124,1.86978280544281,3.4414610862731934,2.622065782546997,3.2775821685791016,0.003921862381289987,0.013779134410346052,0.029332121834158897,0.5433554649353027
336110603,XY-Warm-Same-State S2 p2=8,0,spsa,sequential,0,deterministic_linear_ramp,45,120,5,16,1.8955814838409424,107,3.5357987880706787,0.8839496970176697,0.6714873313903809,0.5860252976417542,0.7325316071510315,0.0037109892808603042,0.013616187769422706,0.01312131155282259,0.6003305912017822
336110603,XY-Warm-Same-State S2 p2=8,0,spsa,sequential,0,deterministic_linear_ramp,50,120,5,16,1.8856427669525146,117,0.5992646217346191,0.14981615543365479,0.016833659261465073,0.021042073145508766,0.0098196342587471,0.003527821201580386,0.013472060523173781,0.0021140985190868378,0.6575672626495361
336110603,XY-Warm-Same-State S2 p2=8,0,spsa,sequential,0,deterministic_linear_ramp,55,120,5,16,1.882728934288025,127,0.34377098083496094,0.08594274520874023,0.0069245207123458385,0.0069245207123458385,0.0069245207123458385,0.003366893132378542,0.01334299625175472,0.001157440128736198,0.714381217956543
336110603,XY-Warm-Same-State S2 p2=8,0,spsa,sequential,0,deterministic_linear_ramp,60,120,5,16,1.882728934288025,137,1.7487002611160278,0.43717506527900696,0.1791769117116928,0.1791769117116928,0.1791769117116928,0.003224127442535697,0.013226249755755135,0.0056380326859653,0.7710041999816895
336110603,XY-Warm-Same-State S2 p2=8,0,spsa,sequential,0,deterministic_linear_ramp,65,120,5,16,1.882728934288025,147,3.876354932785034,0.9690887331962585,0.9391329288482666,0.8804371356964111,0.8804371356964111,0.0030964134586214335,0.01311975565249048,0.012002797797322273,0.8237640857696533
336110603,XY-Warm-Same-State S2 p2=8,0,spsa,sequential,0,deterministic_linear_ramp,70,120,5,16,1.8712787628173828,157,6.841402053833008,1.710350513458252,2.8795909881591797,2.9252989292144775,2.7424678802490234,0.0029813325648517055,0.013021922119457682,0.02039649523794651,0.8792243003845215
336110603,XY-Warm-Same-State S2 p2=8,0,spsa,sequential,0,deterministic_linear_ramp,75,120,5,16,1.8564785718917847,167,0.574406087398529,0.14360152184963226,0.019332559779286385,0.019332559779286385,0.019332559779286385,0.00287697291269436,0.01293149713891721,0.0016525507671758533,0.9348862171173096
336110603,XY-Warm-Same-State S2 p2=8,0,spsa,sequential,0,deterministic_linear_ramp,80,120,5,16,1.8564785718917847,177,1.7469955682754517,0.4367488920688629,0.18776912987232208,0.19074960052967072,0.17882776260375977,0.0027818012052397458,0.012847478719003411,0.004859794396907091,0.9902703762054443
336110603,XY-Warm-Same-State S2 p2=8,0,spsa,sequential,0,deterministic_linear_ramp,85,120,5,16,1.8564785718917847,187,0.4452988803386688,0.1113247200846672,0.010650401003658772,0.011618618853390217,0.009294895455241203,0.002694571915501694,0.012769052840860788,0.0011998898116871715,1.0454702377319336
336110603,XY-Warm-Same-State S2 p2=8,0,spsa,sequential,0,deterministic_linear_ramp,90,120,5,16,1.8564785718917847,197,1.2607187032699585,0.3151796758174896,0.0977860614657402,0.09933822602033615,0.09312958270311356,0.0026142616954998544,0.01269554947299621,0.0032958483789116144,1.0994324684143066
336110603,XY-Warm-Same-State S2 p2=8,0,spsa,sequential,0,deterministic_linear_ramp,95,120,5,16,1.8564785718917847,207,1.7539416551589966,0.43848541378974915,0.16523157060146332,0.18025262653827667,0.1442020982503891,0.0025400211264280247,0.012626410699612943,0.004455049056559801,1.1543891429901123
336110603,XY-Warm-Same-State S2 p2=8,0,spsa,sequential,0,deterministic_linear_ramp,100,120,5,16,1.8564785718917847,217,3.2750847339630127,0.8187711834907532,0.6599115133285522,0.5027896761894226,0.6284871101379395,0.0024711386499877107,0.012561167176266359,0.008093188516795635,1.209214210510254
336110603,XY-Warm-Same-State S2 p2=8,0,spsa,sequential,0,deterministic_linear_ramp,105,120,5,16,1.8521603345870972,227,0.3710346817970276,0.0927586704492569,0.008066410198807716,0.006453128065913916,0.008604170754551888,0.0024070132127430605,0.01249942043693397,0.0008930853800848126,1.263537883758545
336110603,XY-Warm-Same-State S2 p2=8,0,spsa,sequential,0,deterministic_linear_ramp,110,120,5,16,1.8456512689590454,237,3.044463634490967,0.7611159086227417,0.5702458620071411,0.5430912971496582,0.5792974233627319,0.002347133245401264,0.012440829393713411,0.007145761977881193,1.3193790912628174
336110603,XY-Warm-Same-State S2 p2=8,0,spsa,sequential,0,deterministic_linear_ramp,115,120,5,16,1.8435086011886597,247,0.26519399881362915,0.06629849970340729,0.00432681106030941,0.0041207727044820786,0.004395490977913141,0.0022910603166699925,0.012385099893453082,0.000607575464528054,1.3745555877685547
336110603,XY-Warm-Same-State S2 p2=8,0,spsa,sequential,0,deterministic_linear_ramp,120,120,5,16,1.8368463516235352,257,2.0821645259857178,0.5205411314964294,0.2540278732776642,0.11854634433984756,0.2540278732776642,0.0022384162833161336,0.012331976538504544,0.0046607512049376965,1.432420015335083
336110603,XY-Warm-Same-State S2 p2=8,0,spsa,sequential,1,random_shared_stream,1,120,5,16,1.9353387355804443,19,0.054204463958740234,0.013551115989685059,0.00015780939429532737,0.0001377245644107461,0.00017215570551343262,1.241423360094713,0.02,0.06729068607091904,1.5365662574768066
336110603,XY-Warm-Same-State S2 p2=8,0,spsa,sequential,1,random_shared_stream,5,120,5,16,1.9353387355804443,27,0.21630917489528656,0.05407729372382164,0.002741581294685602,0.0012794046197086573,0.002741581294685602,1.0562909545022405,0.016999416915812672,0.22848543524742126,1.5821516513824463
336110603,XY-Warm-Same-State S2 p2=8,0,spsa,sequential,1,random_shared_stream,10,120,5,16,1.934380292892456,37,0.21033447980880737,0.05258361995220184,0.0027218335308134556,0.0027650371193885803,0.002592222299426794,0.9044308289975049,0.015850026609609436,0.19023297727108002,1.638051986694336
336110603,XY-Warm-Same-State S2 p2=8,0,spsa,sequential,1,random_shared_stream,15,120,5,16,1.934380292892456,47,0.13792002201080322,0.034480005502700806,0.001114566344767809,0.001114566344767809,0.001114566344767809,0.7995264310483724,0.015214047873475552,0.11027070879936218,1.6944499015808105
336110603,XY-Warm-Same-State S2 p2=8,0,spsa,sequential,1,random_shared_stream,20,120,5,16,1.9342468976974487,57,0.09700750559568405,0.024251876398921013,0.0005789636052213609,0.0005881534889340401,0.0005513938958756626,0.7217944268887148,0.014778350620464044,0.07001947611570358,1.7492287158966064
336110603,XY-Warm-Same-State S2 p2=8,0,spsa,sequential,1,random_shared_stream,25,120,5,16,1.9337067604064941,67,0.026549605652689934,0.0066374014131724834,4.1301656892756e-05,4.1301656892756e-05,4.1301656892756e-05,0.6613880952876315,0.014449008773880907,0.0175595935434103,1.8055272102355957
336110603,XY-Warm-Same-State S2 p2=8,0,spsa,sequential,1,random_shared_stream,30,120,5,16,1.93331778049469,77,0.09010422229766846,0.022526055574417114,0.0004994946648366749,0.0004757092392537743,0.00038056739140301943,0.6127985635383247,0.014185372641231635,0.0552157387137413,1.8634498119354248
336110603,XY-Warm-Same-State S2 p2=8,0,spsa,sequential,1,random_shared_stream,35,120,5,16,1.9331016540527344,87,0.024735992774367332,0.006183998193591833,3.764430221053772e-05,3.585172089515254e-05,3.8241832953644916e-05,0.5726785292526815,0.013966227856027484,0.014165771193802357,1.920624017715454
336110603,XY-Warm-Same-State S2 p2=8,0,spsa,sequential,1,random_shared_stream,40,120,5,16,1.9328913688659668,97,0.1310865581035614,0.03277163952589035,0.0009229519055224955,0.0010739803547039628,0.00046986641245894134,0.5388647791909379,0.013779134410346052,0.07063793390989304,1.9786734580993652
336110603,XY-Warm-Same-State S2 p2=8,0,spsa,sequential,1,random_shared_stream,45,120,5,16,1.9322015047073364,107,0.01740487664937973,0.0043512191623449326,1.8933107639895752e-05,1.4199830729921814e-05,1.4199830729921814e-05,0.50989076744528,0.013616187769422706,0.008874586783349514,2.034702777862549
336110603,XY-Warm-Same-State S2 p2=8,0,spsa,sequential,1,random_shared_stream,50,120,5,16,1.93202805519104,117,0.013733074069023132,0.003433268517255783,1.1603155144257471e-05,1.105062347050989e-05,8.840499504003674e-06,0.4847234318786669,0.013472060523173781,0.00665674265474081,2.089247703552246
336110603,XY-Warm-Same-State S2 p2=8,0,spsa,sequential,1,random_shared_stream,55,120,5,16,1.9318430423736572,127,0.01191825233399868,0.00297956308349967,7.629355877725175e-06,6.6583470470504835e-06,8.322933354065754e-06,0.4626118787324415,0.01334299625175472,0.005513525102287531,2.1462886333465576
336110603,XY-Warm-Same-State S2 p2=8,0,spsa,sequential,1,random_shared_stream,60,120,5,16,1.929505705833435,137,0.30547139048576355,0.07636784762144089,0.005467545241117477,0.005467545241117477,0.005467545241117477,0.44299584062253156,0.013226249755755135,0.13532255589962006,2.2038419246673584
336110603,XY-Warm-Same-State S2 p2=8,0,spsa,sequential,1,random_shared_stream,65,120,5,16,1.9271438121795654,147,0.019062938168644905,0.004765734542161226,2.2357347916113213e-05,2.129271160811186e-05,2.2712225472787395e-05,0.4254479103152682,0.01311975565249048,0.008110287599265575,2.261744499206543
336110603,XY-Warm-Same-State S2 p2=8,0,spsa,sequential,1,random_shared_stream,70,120,5,16,1.9268548488616943,157,0.2229122668504715,0.055728066712617874,0.003057092195376754,0.0023292130790650845,0.0013587076682597399,0.40963576945429214,0.013021922119457682,0.09131284058094025,2.3182153701782227
336110603,XY-Warm-Same-State S2 p2=8,0,spsa,sequential,1,random_shared_stream,75,120,5,16,1.9266773462295532,167,0.11875300109386444,0.02968825027346611,0.0006610441487282515,0.0006610441487282515,0.0006610441487282515,0.3952967296183982,0.01293149713891721,0.04694267362356186,2.3754475116729736
336110603,XY-Warm-Same-State S2 p2=8,0,spsa,sequential,1,random_shared_stream,80,120,5,16,1.9264123439788818,177,0.047321923077106476,0.011830480769276619,0.0001377734006382525,0.0001312127715209499,0.0001399602770106867,0.3822201154650259,0.012847478719003411,0.018087390810251236,2.4298717975616455
336110603,XY-Warm-Same-State S2 p2=8,0,spsa,sequential,1,random_shared_stream,85,120,5,16,1.925187349319458,187,0.05552932247519493,0.013882330618798733,0.0001927191042341292,0.0001927191042341292,0.0001927191042341292,0.370234791304259,0.012769052840860788,0.020558886229991913,2.47906231880188
336110603,XY-Warm-Same-State S2 p2=8,0,spsa,sequential,1,random_shared_stream,90,120,5,16,1.9205611944198608,197,0.4812297523021698,0.12030743807554245,0.01447387970983982,0.01447387970983982,0.01447387970983982,0.35920014889188745,0.01269554947299621,0.17285780608654022,2.5300300121307373
336110603,XY-Warm-Same-State S2 p2=8,0,spsa,sequential,1,random_shared_stream,95,120,5,16,1.9111967086791992,207,0.730546236038208,0.182636559009552,0.03283492475748062,0.033356111496686935,0.031271353363990784,0.3489994778916107,0.012626410699612943,0.25,2.581885576248169
336110603,XY-Warm-Same-State S2 p2=8,0,spsa,sequential,1,random_shared_stream,100,120,5,16,1.8983262777328491,217,0.015829825773835182,0.0039574564434587955,1.5661462384741753e-05,1.4682620530948043e-05,1.4682620530948043e-05,0.3395350100321021,0.012561167176266359,0.005374779924750328,2.6397910118103027
336110603,XY-Warm-Same-State S2 p2=8,0,spsa,sequential,1,random_shared_stream,105,120,5,16,1.887344241142273,227,0.3729230463504791,0.09323076158761978,0.008556162938475609,0.006518981419503689,0.008148727007210255,0.33072416043518316,0.01249942043693397,0.12333466112613678,2.695823907852173
336110603,XY-Warm-Same-State S2 p2=8,0,spsa,sequential,1,random_shared_stream,110,120,5,16,1.8697638511657715,237,2.0411791801452637,0.5102947950363159,0.22378191351890564,0.19530057907104492,0.24412572383880615,0.3224966393641902,0.012440829393713411,0.25,2.7526659965515137
336110603,XY-Warm-Same-State S2 p2=8,0,spsa,sequential,1,random_shared_stream,115,120,5,16,1.85027277469635,247,1.9593286514282227,0.48983216285705566,0.23618656396865845,0.22493958473205566,0.23993554711341858,0.31479220626028637,0.012385099893453082,0.25,2.8089232444763184
336110603,XY-Warm-Same-State S2 p2=8,0,spsa,sequential,1,random_shared_stream,120,120,5,16,1.85027277469635,257,0.4096739590167999,0.10241848975419998,0.010325646959245205,0.010489546693861485,0.00983395054936409,0.3075589041576214,0.012331976538504544,0.1259988695383072,2.8626747131347656
336110603,XY-Warm-Same-State S2 p2=8,0,spsa,sequential,2,random_shared_stream,1,120,5,16,1.9175078868865967,19,0.44444799423217773,0.11111199855804443,0.011574259027838707,0.011574259027838707,0.011574259027838707,0.663537582313275,0.02,0.25,2.9780960083007812
336110603,XY-Warm-Same-State S2 p2=8,0,spsa,sequential,2,random_shared_stream,5,120,5,16,1.885093331336975,27,0.3597719669342041,0.08994299173355103,0.008089741691946983,0.007584132719784975,0.007584132719784975,0.5645847892827831,0.016999416915812672,0.20312178134918213,3.023297071456909
336110603,XY-Warm-Same-State S2 p2=8,0,spsa,sequential,2,random_shared_stream,10,120,5,16,1.6539392471313477,37,13.033020973205566,3.2582552433013916,10.450347900390625,7.962170600891113,9.952713012695312,0.4834159440956626,0.015850026609609436,0.25,3.080252170562744
336110603,XY-Warm-Same-State S2 p2=8,0,spsa,sequential,2,random_shared_stream,15,120,5,16,1.55527663230896,47,2.296687126159668,0.574171781539917,0.32967323064804077,0.32967323064804077,0.32967323064804077,0.42734481411153985,0.015214047873475552,0.25,3.1353626251220703
336110603,XY-Warm-Same-State S2 p2=8,0,spsa,sequential,2,random_shared_stream,20,120,5,16,1.55527663230896,57,1.0261532068252563,0.2565383017063141,0.061698660254478455,0.06581190228462219,0.049358926713466644,0.38579725848593155,0.014778350620464044,0.25,3.1891138553619385
336110603,XY-Warm-Same-State S2 p2=8,0,spsa,sequential,2,random_shared_stream,25,120,5,16,1.507421851158142,67,14.623833656311035,3.655958414077759,12.530654907226562,12.530654907226562,12.530654907226562,0.35351023013168925,0.014449008773880907,0.25,3.2459704875946045
336110603,XY-Warm-Same-State S2 p2=8,0,spsa,sequential,2,random_shared_stream,30,120,5,16,1.3090078830718994,77,4.25192403793335,1.0629810094833374,1.0593080520629883,1.0593080520629883,1.0593080520629883,0.3275392508034048,0.014185372641231635,0.25,3.302656888961792
336110603,XY-Warm-Same-State S2 p2=8,0,spsa,sequential,2,random_shared_stream,35,120,5,16,1.3090078830718994,87,16.970291137695312,4.242572784423828,17.718183517456055,16.874460220336914,17.99942398071289,0.306095196012789,0.013966227856027484,0.25,3.357487678527832
336110603,XY-Warm-Same-State S2 p2=8,0,spsa,sequential,2,random_shared_stream,40,120,5,16,1.3090078830718994,97,10.411518096923828,2.602879524230957,6.351545333862305,6.351545333862305,6.351545333862305,0.2880218338656461,0.013779134410346052,0.25,3.411578416824341
336110603,XY-Warm-Same-State S2 p2=8,0,spsa,sequential,2,random_shared_stream,45,120,5,16,1.2826277017593384,107,4.4656291007995605,1.1164072751998901,1.2268906831741333,0.9347739219665527,1.1684672832489014,0.27253529935886556,0.013616187769422706,0.25,3.4680025577545166
336110603,XY-Warm-Same-State S2 p2=8,0,spsa,sequential,2,random_shared_stream,50,120,5,16,1.2826277017593384,117,12.83709716796875,3.2092742919921875,8.851081848144531,9.655726432800293,7.724580764770508,0.25908342344615254,0.013472060523173781,0.25,3.5217130184173584
336110603,XY-Warm-Same-State S2 p2=8,0,spsa,sequential,2,random_shared_stream,55,120,5,16,1.2826277017593384,127,0.5066954493522644,0.1266738623380661,0.01604626700282097,0.01604626700282097,0.01604626700282097,0.2472648553512856,0.01334299625175472,0.1252879798412323,3.577958345413208
336110603,XY-Warm-Same-State S2 p2=8,0,spsa,sequential,2,random_shared_stream,60,120,5,16,1.2826277017593384,137,3.2035019397735596,0.8008754849433899,0.6013139486312866,0.6013139486312866,0.6013139486312866,0.23678013360332228,0.013226249755755135,0.25,3.631133556365967
336110603,XY-Warm-Same-State S2 p2=8,0,spsa,sequential,2,random_shared_stream,65,120,5,16,1.2826277017593384,147,5.717264175415039,1.4293160438537598,2.01102352142334,1.5322083234786987,1.9152603149414062,0.2274008101388476,0.01311975565249048,0.25,3.68595027923584
336110603,XY-Warm-Same-State S2 p2=8,0,spsa,sequential,2,random_shared_stream,70,120,5,16,1.2826277017593384,157,4.6806817054748535,1.1701704263687134,1.3479036092758179,1.2837176322937012,1.3692988157272339,0.21894926165397896,0.013021922119457682,0.25,3.739885091781616
336110603,XY-Warm-Same-State S2 p2=8,0,spsa,sequential,2,random_shared_stream,75,120,5,16,1.2826277017593384,167,3.804889678955078,0.9512224197387695,0.8906862139701843,0.8482726216316223,0.9048240780830383,0.21128508186548448,0.01293149713891721,0.25,3.7946646213531494
336110603,XY-Warm-Same-State S2 p2=8,0,spsa,sequential,2,random_shared_stream,80,120,5,16,1.2826277017593384,177,15.026826858520508,3.756706714630127,14.112845420837402,14.112845420837402,14.112845420837402,0.20429566534644117,0.012847478719003411,0.25,3.8506314754486084
336110603,XY-Warm-Same-State S2 p2=8,0,spsa,sequential,2,random_shared_stream,85,120,5,16,1.1879620552062988,187,14.385810852050781,3.5964527130126953,12.732370376586914,12.93447208404541,12.126068115234375,0.19788954051222718,0.012769052840860788,0.25,3.9064042568206787
336110603,XY-Warm-Same-State S2 p2=8,0,spsa,sequential,2,random_shared_stream,90,120,5,16,1.1879620552062988,197,2.164191246032715,0.5410478115081787,0.27443695068359375,0.27443695068359375,0.12807057797908783,0.19199155261917036,0.01269554947299621,0.25,3.960050344467163
336110603,XY-Warm-Same-State S2 p2=8,0,spsa,sequential,2,random_shared_stream,95,120,5,16,1.1879620552062988,207,4.944390773773193,1.2360976934432983,1.504063367843628,1.4324413537979126,1.1459531784057617,0.18653932029370454,0.012626410699612943,0.25,4.013965845108032
336110603,XY-Warm-Same-State S2 p2=8,0,spsa,sequential,2,random_shared_stream,100,120,5,16,1.1879620552062988,217,20.964820861816406,5.241205215454102,25.75334358215332,25.75334358215332,25.75334358215332,0.18148058664710964,0.012561167176266359,0.25,4.0689427852630615
336110603,XY-Warm-Same-State S2 p2=8,0,spsa,sequential,2,random_shared_stream,105,120,5,16,1.1879620552062988,227,6.352071285247803,1.5880178213119507,2.5218005180358887,1.8913503885269165,1.8913503885269165,0.17677121027512044,0.01249942043693397,0.25,4.124993562698364
336110603,XY-Warm-Same-State S2 p2=8,0,spsa,sequential,2,random_shared_stream,110,120,5,16,1.1879620552062988,237,0.26550087332725525,0.06637521833181381,0.004336831159889698,0.004405669402331114,0.004130315035581589,0.17237362149488217,0.012440829393713411,0.04576534777879715,4.179527997970581
336110603,XY-Warm-Same-State S2 p2=8,0,spsa,sequential,2,random_shared_stream,115,120,5,16,1.1879620552062988,247,12.095260620117188,3.023815155029297,8.571992874145508,8.571992874145508,8.571992874145508,0.1682556218831553,0.012385099893453082,0.25,4.234386205673218
336110603,XY-Warm-Same-State S2 p2=8,0,spsa,sequential,2,random_shared_stream,120,120,5,16,1.1879620552062988,257,20.262157440185547,5.065539360046387,22.05129623413086,11.226113319396973,25.65968894958496,0.16438944057577465,0.012331976538504544,0.25,4.286553859710693
336110603,XY-Warm-Same-State S2 p2=8,0,spsa,sequential,3,random_shared_stream,1,120,5,16,1.9341442584991455,19,0.026857852935791016,0.006714463233947754,4.508401616476476e-05,3.381301212357357e-05,3.381301212357357e-05,4.332259384784223,0.02,0.11635518074035645,4.395569324493408
336110603,XY-Warm-Same-State S2 p2=8,0,spsa,sequential,3,random_shared_stream,5,120,5,16,1.9341442584991455,27,0.029635045677423477,0.007408761419355869,5.4889747843844816e-05,5.145913746673614e-05,5.145913746673614e-05,3.686193242211815,0.016999416915812672,0.10924050211906433,4.441863775253296
336110603,XY-Warm-Same-State S2 p2=8,0,spsa,sequential,3,random_shared_stream,10,120,5,16,1.9326608180999756,37,0.15105333924293518,0.037763334810733795,0.0006239053327590227,0.0006239053327590227,0.0006239053327590227,3.1562390984117443,0.015850026609609436,0.25,4.497047185897827
336110603,XY-Warm-Same-State S2 p2=8,0,spsa,sequential,3,random_shared_stream,15,120,5,16,1.9321459531784058,47,0.13856253027915955,0.034640632569789886,0.001124975155107677,0.001124975155107677,0.0005249883979558945,2.790148788587387,0.015214047873475552,0.25,4.554049015045166
336110603,XY-Warm-Same-State S2 p2=8,0,spsa,sequential,3,random_shared_stream,20,120,5,16,1.9290529489517212,57,0.13028980791568756,0.03257245197892189,0.0010609646560624242,0.0010609646560624242,0.0010609646560624242,2.5188833884477675,0.014778350620464044,0.25,4.608482599258423
336110603,XY-Warm-Same-State S2 p2=8,0,spsa,sequential,3,random_shared_stream,25,120,5,16,1.9290529489517212,67,0.23081162571907043,0.05770290642976761,0.003329625353217125,0.003329625353217125,0.003329625353217125,2.30808028501719,0.014449008773880907,0.25,4.6647984981536865
336110603,XY-Warm-Same-State S2 p2=8,0,spsa,sequential,3,random_shared_stream,30,120,5,16,1.9290529489517212,77,0.1208280622959137,0.030207015573978424,0.0008982066065073013,0.0006843478768132627,0.0008554348605684936,2.1385148799428526,0.014185372641231635,0.25,4.7200751304626465
336110603,XY-Warm-Same-State S2 p2=8,0,spsa,sequential,3,random_shared_stream,35,120,5,16,1.9290529489517212,87,0.06874523311853409,0.017186308279633522,0.0002538328990340233,0.00012922401947434992,0.00029536918736994267,1.9985059187464222,0.013966227856027484,0.13738775253295898,4.775974750518799
336110603,XY-Warm-Same-State S2 p2=8,0,spsa,sequential,3,random_shared_stream,40,120,5,16,1.9290529489517212,97,0.046665843576192856,0.011666460894048214,0.00013397964357864112,0.00012759966193698347,0.00010207972809439525,1.8805043241666646,0.013779134410346052,0.08775532245635986,4.830589771270752
336110603,XY-Warm-Same-State S2 p2=8,0,spsa,sequential,3,random_shared_stream,45,120,5,16,1.9290529489517212,107,0.028261035680770874,0.0070652589201927185,4.9137917812913656e-05,4.9917882279260084e-05,4.679801713791676e-05,1.7793922150064196,0.013616187769422706,0.05028746649622917,4.888822317123413
336110603,XY-Warm-Same-State S2 p2=8,0,spsa,sequential,3,random_shared_stream,50,120,5,16,1.9290529489517212,117,0.014529450796544552,0.003632362699136138,1.3194058738008607e-05,1.3194058738008607e-05,1.3194058738008607e-05,1.6915644608306366,0.013472060523173781,0.02457750216126442,4.944498062133789
336110603,XY-Warm-Same-State S2 p2=8,0,spsa,sequential,3,random_shared_stream,55,120,5,16,1.9290529489517212,127,0.20907866954803467,0.05226966738700867,0.0016648845048621297,0.002049088478088379,0.0011953016510233283,1.614400628805934,0.01334299625175472,0.25,4.9992687702178955
336110603,XY-Warm-Same-State S2 p2=8,0,spsa,sequential,3,random_shared_stream,60,120,5,16,1.9290529489517212,137,0.02530873566865921,0.0063271839171648026,3.002494304382708e-05,3.75311792595312e-05,1.751455056364648e-05,1.545945524829593,0.013226249755755135,0.03912592679262161,5.054123163223267
336110603,XY-Warm-Same-State S2 p2=8,0,spsa,sequential,3,random_shared_stream,65,120,5,16,1.9290529489517212,147,0.14623399078845978,0.036558497697114944,0.0012529910309240222,0.0005847291322425008,0.0012529910309240222,1.4847076037457,0.01311975565249048,0.21711471676826477,5.1093714237213135
336110603,XY-Warm-Same-State S2 p2=8,0,spsa,sequential,3,random_shared_stream,70,120,5,16,1.9290529489517212,157,0.14127236604690552,0.03531809151172638,0.0012473675888031721,0.0012473675888031721,0.0012473675888031721,1.4295271569775103,0.013021922119457682,0.20195268094539642,5.165389776229858
336110603,XY-Warm-Same-State S2 p2=8,0,spsa,sequential,3,random_shared_stream,75,120,5,16,1.9290529489517212,167,0.10420617461204529,0.026051543653011322,0.000509012199472636,0.0006362652638927102,0.00029692379757761955,1.3794874671386572,0.01293149713891721,0.1437511146068573,5.219916582107544
336110603,XY-Warm-Same-State S2 p2=8,0,spsa,sequential,3,random_shared_stream,80,120,5,16,1.9290529489517212,177,0.047878652811050415,0.011969663202762604,0.00013431828119792044,0.00013431828119792044,0.00013431828119792044,1.333853329576732,0.012847478719003411,0.06386309862136841,5.277917861938477
336110603,XY-Warm-Same-State S2 p2=8,0,spsa,sequential,3,random_shared_stream,85,120,5,16,1.9290529489517212,187,0.35649678111076355,0.08912419527769089,0.007819010876119137,0.007446677424013615,0.007943122647702694,1.292027523212655,0.012769052840860788,0.25,5.334611177444458
336110603,XY-Warm-Same-State S2 p2=8,0,spsa,sequential,3,random_shared_stream,90,120,5,16,1.9290529489517212,197,0.08264944702386856,0.02066236175596714,0.00042026236769743264,0.0004002498753834516,0.00042693319846875966,1.25351936017544,0.01269554947299621,0.10360268503427505,5.389423847198486
336110603,XY-Warm-Same-State S2 p2=8,0,spsa,sequential,3,random_shared_stream,95,120,5,16,1.9290529489517212,207,0.09401611983776093,0.02350402995944023,0.0005179119762033224,0.0005179119762033224,0.00024169225071091205,1.2179215503608463,0.012626410699612943,0.11450425535440445,5.44515323638916
336110603,XY-Warm-Same-State S2 p2=8,0,spsa,sequential,3,random_shared_stream,100,120,5,16,1.9290529489517212,217,0.3207153081893921,0.08017882704734802,0.006328197196125984,0.006428644526749849,0.006026854272931814,1.1848929067696572,0.012561167176266359,0.25,5.500824213027954
336110603,XY-Warm-Same-State S2 p2=8,0,spsa,sequential,3,random_shared_stream,105,120,5,16,1.9290529489517212,227,0.14635765552520752,0.03658941388130188,0.0013387852814048529,0.0012551111867651343,0.0012551111867651343,1.154145228675971,0.01249942043693397,0.16891799867153168,5.556777715682983
336110603,XY-Warm-Same-State S2 p2=8,0,spsa,sequential,3,random_shared_stream,110,120,5,16,1.9290529489517212,237,0.09037838131189346,0.022594595327973366,0.00047860853374004364,0.00047860853374004364,0.00022335065295919776,1.125433222345915,0.012440829393713411,0.1017148345708847,5.612180709838867
336110603,XY-Warm-Same-State S2 p2=8,0,spsa,sequential,3,random_shared_stream,115,120,5,16,1.9290529489517212,247,0.018307164311408997,0.004576791077852249,1.571026223246008e-05,1.571026223246008e-05,1.571026223246008e-05,1.0985466631818572,0.012385099893453082,0.02011127397418022,5.670539140701294
336110603,XY-Warm-Same-State S2 p2=8,0,spsa,sequential,3,random_shared_stream,120,120,5,16,1.9290529489517212,257,0.12893420457839966,0.032233551144599915,0.0010390018578618765,0.000974064227193594,0.000974064227193594,1.073304234269565,0.012331976538504544,0.1383856236934662,5.726211309432983
336110603,XY-Warm-Same-State S2 p2=8,0,spsa,sequential,4,continuation,1,120,5,16,-0.14279581606388092,19,6.550287246704102,1.6375718116760254,2.514038562774658,2.514038562774658,2.514038562774658,0.06673030564528652,0.02,0.25,5.835424423217773
336110603,XY-Warm-Same-State S2 p2=8,0,spsa,sequential,4,continuation,5,120,5,16,-0.14279581606388092,27,4.430032253265381,1.1075080633163452,1.2074089050292969,1.1499131917953491,1.2265740633010864,0.05677887214794173,0.016999416915812672,0.25,5.881780624389648
336110603,XY-Warm-Same-State S2 p2=8,0,spsa,sequential,4,continuation,10,120,5,16,-0.14279581606388092,37,23.767404556274414,5.9418511390686035,34.753944396972656,33.098995208740234,35.30559539794922,0.04861592555292242,0.015850026609609436,0.25,5.936141014099121
336110603,XY-Warm-Same-State S2 p2=8,0,spsa,sequential,4,continuation,15,120,5,16,-0.14279581606388092,47,52.789649963378906,13.197412490844727,149.67880249023438,130.62876892089844,163.2859649658203,0.04297699304713624,0.015214047873475552,0.25,5.990370035171509
336110603,XY-Warm-Same-State S2 p2=8,0,spsa,sequential,4,continuation,20,120,5,16,-0.14279581606388092,57,5.019828796386719,1.2549571990966797,1.1811881065368652,0.0,1.5749175548553467,0.038798659883179265,0.014778350620464044,0.19476263225078583,6.048894882202148
336110603,XY-Warm-Same-State S2 p2=8,0,spsa,sequential,4,continuation,25,120,5,16,-0.14279581606388092,67,0.7613788843154907,0.19034472107887268,0.036231108009815216,0.03396666422486305,0.03396666422486305,0.035551634653733545,0.014449008773880907,0.027068262919783592,6.104899168014526
336110603,XY-Warm-Same-State S2 p2=8,0,spsa,sequential,4,continuation,30,120,5,16,-0.14279581606388092,77,2.1595096588134766,0.5398774147033691,0.2914676368236542,0.2914676368236542,0.2914676368236542,0.03293979858795722,0.014185372641231635,0.0711338147521019,6.160855770111084
336110603,XY-Warm-Same-State S2 p2=8,0,spsa,sequential,4,continuation,35,120,5,16,-0.14279581606388092,87,41.821495056152344,10.455373764038086,102.48265838623047,102.48265838623047,102.48265838623047,0.030783223936279896,0.013966227856027484,0.25,6.216644048690796
336110603,XY-Warm-Same-State S2 p2=8,0,spsa,sequential,4,continuation,40,120,5,16,-0.14279581606388092,97,56.692100524902344,14.173025131225586,172.62664794921875,150.65597534179688,188.31997680664062,0.028965631365393096,0.013779134410346052,0.25,6.2721266746521
336110603,XY-Warm-Same-State S2 p2=8,0,spsa,sequential,4,continuation,45,120,5,16,-0.14279581606388092,107,6.762442111968994,1.6906105279922485,2.858164072036743,2.6795287132263184,2.6795289516448975,0.02740818954360366,0.013616187769422706,0.1853463053703308,6.328672885894775
336110603,XY-Warm-Same-State S2 p2=8,0,spsa,sequential,4,continuation,50,120,5,16,-0.14279581606388092,117,10.672049522399902,2.6680123805999756,7.00706672668457,7.118289947509766,6.673397064208984,0.026055368218806416,0.013472060523173781,0.25,6.383347511291504
336110603,XY-Warm-Same-State S2 p2=8,0,spsa,sequential,4,continuation,55,120,5,16,-0.14279581606388092,127,7.549882411956787,1.8874706029891968,3.506880283355713,2.6719088554382324,3.33988618850708,0.024866804552961554,0.01334299625175472,0.1877414435148239,6.443533420562744
336110603,XY-Warm-Same-State S2 p2=8,0,spsa,sequential,4,continuation,60,120,5,16,-0.14279581606388092,137,19.349159240722656,4.837289810180664,23.03375816345215,23.399372100830078,21.936912536621094,0.023812382459177196,0.013226249755755135,0.25,6.500493288040161
336110603,XY-Warm-Same-State S2 p2=8,0,spsa,sequential,4,continuation,65,120,5,16,-0.14279581606388092,147,54.4969596862793,13.624239921569824,182.71958923339844,174.01866149902344,139.21493530273438,0.022869127490335196,0.01311975565249048,0.25,6.556618928909302
336110603,XY-Warm-Same-State S2 p2=8,0,spsa,sequential,4,continuation,70,120,5,16,-0.14279581606388092,157,0.40561795234680176,0.10140448808670044,0.010282870382070541,0.009640190750360489,0.009640190750360489,0.022019176517543163,0.013021922119457682,0.008931373246014118,6.612456560134888
336110603,XY-Warm-Same-State S2 p2=8,0,spsa,sequential,4,continuation,75,120,5,16,-0.14279581606388092,167,19.171815872192383,4.792953968048096,17.229305267333984,17.229305267333984,17.229305267333984,0.0212484092340629,0.01293149713891721,0.25,6.6684839725494385
336110603,XY-Warm-Same-State S2 p2=8,0,spsa,sequential,4,continuation,80,120,5,16,-0.14279581606388092,177,6.089552402496338,1.5223881006240845,2.172811508178711,2.172811508178711,2.172811508178711,0.02054550119534721,0.012847478719003411,0.12511290609836578,6.725040912628174
336110603,XY-Warm-Same-State S2 p2=8,0,spsa,sequential,4,continuation,85,120,5,16,-0.14279581606388092,187,11.825822830200195,2.956455707550049,8.604058265686035,8.194341659545898,8.740630149841309,0.019901253334210788,0.012769052840860788,0.23534870147705078,6.7789225578308105
336110603,XY-Warm-Same-State S2 p2=8,0,spsa,sequential,4,continuation,90,120,5,16,-0.14279581606388092,197,10.117956161499023,2.529489040374756,6.298341274261475,6.398314952850342,5.998420238494873,0.0193081075271206,0.01269554947299621,0.19535857439041138,6.836728811264038
336110603,XY-Warm-Same-State S2 p2=8,0,spsa,sequential,4,continuation,95,120,5,16,-0.14279581606388092,207,45.870689392089844,11.467672348022461,123.28828430175781,57.5345344543457,123.28828430175781,0.018759790236246077,0.012626410699612943,0.25,6.8930206298828125
336110603,XY-Warm-Same-State S2 p2=8,0,spsa,sequential,4,continuation,100,120,5,16,-0.14279581606388092,217,7.38512659072876,1.84628164768219,3.3554940223693848,3.195708751678467,3.4087560176849365,0.01825104611773133,0.012561167176266359,0.13478629291057587,6.948495626449585
336110603,XY-Warm-Same-State S2 p2=8,0,spsa,sequential,4,continuation,105,120,5,16,-0.14279581606388092,227,4.80784797668457,1.2019619941711426,1.4221389293670654,1.4447126388549805,1.3544180393218994,0.017777435981579073,0.01249942043693397,0.08547120541334152,7.002439022064209
336110603,XY-Warm-Same-State S2 p2=8,0,spsa,sequential,4,continuation,110,120,5,16,-0.14279581606388092,237,9.960402488708496,2.490100622177124,5.813063144683838,5.813063144683838,5.813063144683838,0.017335181539284296,0.012440829393713411,0.17266538739204407,7.0573999881744385
336110603,XY-Warm-Same-State S2 p2=8,0,spsa,sequential,4,continuation,115,120,5,16,-0.14279581606388092,247,0.14145220816135406,0.035363052040338516,0.00123100564815104,0.0011723863426595926,0.0012505454942584038,0.016921044676411066,0.012385099893453082,0.0023935192730277777,7.113500118255615
336110603,XY-Warm-Same-State S2 p2=8,0,spsa,sequential,4,continuation,120,120,5,16,-0.14279581606388092,257,19.102678298950195,4.775669574737549,21.381580352783203,21.381580352783203,9.978071212768555,0.01653223254700285,0.012331976538504544,0.25,7.168267726898193
336110603,XY-Warm-Same-State S2 p2=9,0,spsa,sequential,0,deterministic_linear_ramp,1,120,5,18,2.001159429550171,19,11.088607788085938,2.61361026763916,6.071961879730225,6.071962356567383,6.071962356567383,0.015686578400840447,0.02,0.17394232749938965,0.11054086685180664
336110603,XY-Warm-Same-State S2 p2=9,0,spsa,sequential,0,deterministic_linear_ramp,5,120,5,18,1.9246275424957275,27,53.99039077758789,12.72565746307373,159.94305419921875,143.94874572753906,111.96014404296875,0.013347252359286863,0.016999416915812672,0.25,0.15957283973693848
336110603,XY-Warm-Same-State S2 p2=9,0,spsa,sequential,0,deterministic_linear_ramp,10,120,5,18,1.8459116220474243,37,8.903792381286621,2.0986437797546387,4.186810493469238,4.34993314743042,3.9149394035339355,0.011428353584488748,0.015850026609609436,0.10175568610429764,0.22057461738586426
336110603,XY-Warm-Same-State S2 p2=9,0,spsa,sequential,0,deterministic_linear_ramp,15,120,5,18,1.8459116220474243,47,30.701732635498047,7.2364678382873535,51.71996307373047,51.71996307373047,46.547969818115234,0.010102785598643464,0.015214047873475552,0.25,0.2807741165161133
336110603,XY-Warm-Same-State S2 p2=9,0,spsa,sequential,0,deterministic_linear_ramp,20,120,5,18,1.8459116220474243,57,3.3343305587768555,0.7859092354774475,0.6100280284881592,0.6100279688835144,0.6100279688835144,0.009120566948100352,0.014778350620464044,0.03041098453104496,0.3394737243652344
336110603,XY-Warm-Same-State S2 p2=9,0,spsa,sequential,0,deterministic_linear_ramp,25,120,5,18,1.8459116220474243,67,8.156473159790039,1.9224992990493774,2.965928792953491,2.5552618503570557,3.285336494445801,0.008357274837586769,0.014449008773880907,0.06816589832305908,0.40355896949768066
336110603,XY-Warm-Same-State S2 p2=9,0,spsa,sequential,0,deterministic_linear_ramp,30,120,5,18,1.8459116220474243,77,24.68136215209961,5.817453384399414,30.082454681396484,30.08245849609375,30.08245849609375,0.007743299360931104,0.014185372641231635,0.19111520051956177,0.46395230293273926
336110603,XY-Warm-Same-State S2 p2=9,0,spsa,sequential,0,deterministic_linear_ramp,35,120,5,18,1.8459116220474243,87,13.464348793029785,3.1735775470733643,8.08214282989502,8.95252799987793,6.963077545166016,0.007236344132363363,0.013966227856027484,0.09743266552686691,0.526289701461792
336110603,XY-Warm-Same-State S2 p2=9,0,spsa,sequential,0,deterministic_linear_ramp,40,120,5,18,1.7708743810653687,97,8.19397258758545,1.931337833404541,3.7300655841827393,3.684015989303589,3.684015989303589,0.006809074871593614,0.013779134410346052,0.05579337477684021,0.5888931751251221
336110603,XY-Warm-Same-State S2 p2=9,0,spsa,sequential,0,deterministic_linear_ramp,45,120,5,18,1.7614305019378662,107,11.107392311096191,2.618037462234497,6.769501209259033,6.092550754547119,4.738650798797607,0.006442960360263282,0.013616187769422706,0.07156448811292648,0.6518135070800781
336110603,XY-Warm-Same-State S2 p2=9,0,spsa,sequential,0,deterministic_linear_ramp,50,120,5,18,1.7614305019378662,117,26.98053550720215,6.359373569488525,40.44163513183594,27.959646224975586,27.95964813232422,0.0061249468644677665,0.013472060523173781,0.1652543544769287,0.7114527225494385
336110603,XY-Warm-Same-State S2 p2=9,0,spsa,sequential,0,deterministic_linear_ramp,55,120,5,18,1.7614305019378662,127,5.857430934906006,1.3806097507476807,1.8119558095932007,1.6942962408065796,1.8825514316558838,0.005845546119208588,0.01334299625175472,0.034239884465932846,0.7730686664581299
336110603,XY-Warm-Same-State S2 p2=9,0,spsa,sequential,0,deterministic_linear_ramp,60,120,5,18,1.675986886024475,137,5.450090408325195,1.2845985889434814,1.6298208236694336,1.6298208236694336,1.6298208236694336,0.005597678607112232,0.013226249755755135,0.030507853254675865,0.8354120254516602
336110603,XY-Warm-Same-State S2 p2=9,0,spsa,sequential,0,deterministic_linear_ramp,65,120,5,18,1.5179359912872314,147,13.30395221710205,3.1357715129852295,9.71166706085205,9.71166706085205,9.71166706085205,0.0053759436266166425,0.01311975565249048,0.07152128964662552,0.8968949317932129
336110603,XY-Warm-Same-State S2 p2=9,0,spsa,sequential,0,deterministic_linear_ramp,70,120,5,18,1.4967098236083984,157,12.448515892028809,2.934143543243408,8.502910614013672,8.502910614013672,7.652619361877441,0.005176142015599825,0.013021922119457682,0.06443528085947037,0.9591946601867676
336110603,XY-Warm-Same-State S2 p2=9,0,spsa,sequential,0,deterministic_linear_ramp,75,120,5,18,1.43997061252594,167,5.129176139831543,1.208958387374878,1.4615803956985474,1.4435362815856934,1.4435361623764038,0.004994954453154276,0.01293149713891721,0.025620000436902046,1.0212244987487793
336110603,XY-Warm-Same-State S2 p2=9,0,spsa,sequential,0,deterministic_linear_ramp,80,120,5,18,1.4384211301803589,177,0.047909215092659,0.011292310431599617,0.00012751627946272492,0.00012594199506565928,0.00012594199506565928,0.00482971885365761,0.012847478719003411,0.00023138803953770548,1.0832970142364502
336110603,XY-Warm-Same-State S2 p2=9,0,spsa,sequential,0,deterministic_linear_ramp,85,120,5,18,1.4104522466659546,187,22.09499168395996,5.207839012145996,27.12158966064453,24.108081817626953,24.10807991027832,0.004678272753035649,0.012769052840860788,0.10336638987064362,1.1452467441558838
336110603,XY-Warm-Same-State S2 p2=9,0,spsa,sequential,0,deterministic_linear_ramp,90,120,5,18,1.4077671766281128,197,24.894113540649414,5.867598533630371,32.72853469848633,34.0036735534668,30.60330581665039,0.004538839430858033,0.01269554947299621,0.11299038678407669,1.2068555355072021
336110603,XY-Warm-Same-State S2 p2=9,0,spsa,sequential,0,deterministic_linear_ramp,95,120,5,18,1.3824552297592163,207,17.100162506103516,4.030547142028809,13.036359786987305,11.23132610321045,14.440275192260742,0.0044099441397505625,0.012626410699612943,0.07541076838970184,1.2685043811798096
336110603,XY-Warm-Same-State S2 p2=9,0,spsa,sequential,0,deterministic_linear_ramp,100,120,5,18,1.3717557191848755,217,3.657818555831909,0.8621561527252197,0.7341364622116089,0.7341363430023193,0.6607227921485901,0.0042903514835522065,0.012561167176266359,0.01569332741200924,1.3304202556610107
336110603,XY-Warm-Same-State S2 p2=9,0,spsa,sequential,0,deterministic_linear_ramp,105,120,5,18,1.3717557191848755,227,1.6887576580047607,0.39804401993751526,0.1564829796552658,0.14083468914031982,0.156482994556427,0.004179017922880738,0.01249942043693397,0.007057348731905222,1.3920271396636963
336110603,XY-Warm-Same-State S2 p2=9,0,spsa,sequential,0,deterministic_linear_ramp,110,120,5,18,1.3717557191848755,237,1.149577021598816,0.270957887172699,0.07251178473234177,0.07251178473234177,0.07251177728176117,0.0040750552792948695,0.012440829393713411,0.0046845898032188416,1.453636884689331
336110603,XY-Warm-Same-State S2 p2=9,0,spsa,sequential,0,deterministic_linear_ramp,115,120,5,18,1.3717557191848755,247,11.388418197631836,2.6842758655548096,6.4047441482543945,4.981467247009277,7.116382122039795,0.003977702355382437,0.012385099893453082,0.04529973864555359,1.5153017044067383
336110603,XY-Warm-Same-State S2 p2=9,0,spsa,sequential,0,deterministic_linear_ramp,120,120,5,18,1.3717557191848755,257,1.9230033159255981,0.4532562494277954,0.20290488004684448,0.18261438608169556,0.1420334279537201,0.0038863026248974536,0.012331976538504544,0.007473372388631105,1.5769526958465576
336110603,XY-Warm-Same-State S2 p2=9,0,spsa,sequential,1,random_shared_stream,1,120,5,18,1.9009134769439697,19,0.43089672923088074,0.10156333446502686,0.010187763720750809,0.010187763720750809,0.010187763720750809,0.2795270909696768,0.02,0.1204473152756691,1.6953155994415283
336110603,XY-Warm-Same-State S2 p2=9,0,spsa,sequential,1,random_shared_stream,5,120,5,18,1.8811073303222656,27,0.051039110869169235,0.012030033394694328,0.00014293502317741513,0.00012864152085967362,0.00014293502317741513,0.23784145459214479,0.016999416915812672,0.0121392160654068,1.745638370513916
336110603,XY-Warm-Same-State S2 p2=9,0,spsa,sequential,1,random_shared_stream,10,120,5,18,1.872143268585205,37,2.9945220947265625,0.7058156132698059,0.4735744893550873,0.3444177806377411,0.49202537536621094,0.2036476247665242,0.015850026609609436,0.25,1.8060033321380615
336110603,XY-Warm-Same-State S2 p2=9,0,spsa,sequential,1,random_shared_stream,15,120,5,18,1.8452061414718628,47,0.6753668785095215,0.1591854989528656,0.02033458650112152,0.02252446487545967,0.0175190307199955,0.1800266569877246,0.015214047873475552,0.12158403545618057,1.8682341575622559
336110603,XY-Warm-Same-State S2 p2=9,0,spsa,sequential,1,random_shared_stream,20,120,5,18,1.8052600622177124,57,0.6741624474525452,0.1589016169309616,0.02244419790804386,0.02244419790804386,0.02244419790804386,0.16252400503478068,0.014778350620464044,0.10956758260726929,1.9309885501861572
336110603,XY-Warm-Same-State S2 p2=9,0,spsa,sequential,1,random_shared_stream,25,120,5,18,1.7748849391937256,67,2.3967597484588623,0.5649216771125793,0.2836768925189972,0.22063757479190826,0.31519654393196106,0.14892251605739248,0.014449008773880907,0.25,1.9916667938232422
336110603,XY-Warm-Same-State S2 p2=9,0,spsa,sequential,1,random_shared_stream,30,120,5,18,1.742639183998108,77,1.0390580892562866,0.24490836262702942,0.05701811984181404,0.05923960730433464,0.053315646946430206,0.1379817758570258,0.014185372641231635,0.1433710753917694,2.055591583251953
336110603,XY-Warm-Same-State S2 p2=9,0,spsa,sequential,1,random_shared_stream,35,120,5,18,1.742639183998108,87,1.443658471107483,0.34027352929115295,0.1143566370010376,0.1143566370010376,0.1143566370010376,0.12894808369852323,0.013966227856027484,0.1861569732427597,2.114931106567383
336110603,XY-Warm-Same-State S2 p2=9,0,spsa,sequential,1,random_shared_stream,40,120,5,18,1.7278282642364502,97,5.9472455978393555,1.4017791748046875,1.9649848937988281,1.9407258033752441,1.9407258033752441,0.12133435618753632,0.013779134410346052,0.25,2.1750712394714355
336110603,XY-Warm-Same-State S2 p2=9,0,spsa,sequential,1,random_shared_stream,45,120,5,18,1.7278282642364502,107,0.0539519228041172,0.012716589495539665,0.00016171166498679668,0.00015971522952895612,0.00015971522952895612,0.11481037615193664,0.013616187769422706,0.006194240879267454,2.237013578414917
336110603,XY-Warm-Same-State S2 p2=9,0,spsa,sequential,1,random_shared_stream,50,120,5,18,1.7278282642364502,117,12.249792098999023,2.887303590774536,6.6898016929626465,0.0,8.233601570129395,0.10914353249124033,0.013472060523173781,0.25,2.2996301651000977
336110603,XY-Warm-Same-State S2 p2=9,0,spsa,sequential,1,random_shared_stream,55,120,5,18,1.7278282642364502,127,9.012163162231445,2.1241869926452637,4.010818958282471,4.010819435119629,4.010818958282471,0.10416474900249219,0.01334299625175472,0.25,2.362611770629883
336110603,XY-Warm-Same-State S2 p2=9,0,spsa,sequential,1,random_shared_stream,60,120,5,18,1.6862566471099854,137,0.9720039963722229,0.22910353541374207,0.04989641159772873,0.05184043198823929,0.04665638506412506,0.09974787217749423,0.013226249755755135,0.09695533663034439,2.426015853881836
336110603,XY-Warm-Same-State S2 p2=9,0,spsa,sequential,1,random_shared_stream,65,120,5,18,1.6794896125793457,147,0.4047521948814392,0.09540101140737534,0.009101352654397488,0.008090090937912464,0.008090090937912464,0.09579666417786892,0.01311975565249048,0.03877391293644905,2.4886062145233154
336110603,XY-Warm-Same-State S2 p2=9,0,spsa,sequential,1,random_shared_stream,70,120,5,18,1.6704912185668945,157,1.1849477291107178,0.2792948782444,0.0770425945520401,0.0770425945520401,0.0770425945520401,0.0922362980054987,0.013021922119457682,0.10929520428180695,2.550889492034912
336110603,XY-Warm-Same-State S2 p2=9,0,spsa,sequential,1,random_shared_stream,75,120,5,18,1.6704912185668945,167,2.644598960876465,0.623337984085083,0.36936256289482117,0.34537798166275024,0.38375332951545715,0.08900762499879779,0.01293149713891721,0.23538948595523834,2.6128015518188477
336110603,XY-Warm-Same-State S2 p2=9,0,spsa,sequential,1,random_shared_stream,80,120,5,18,1.6704912185668945,177,1.4316469430923462,0.33744245767593384,0.09137506783008575,0.10121545195579529,0.07872314006090164,0.08606320810483327,0.012847478719003411,0.12321212887763977,2.6757051944732666
336110603,XY-Warm-Same-State S2 p2=9,0,spsa,sequential,1,random_shared_stream,85,120,5,18,1.6704912185668945,187,0.4028969705104828,0.09496372938156128,0.009018110111355782,0.008906775154173374,0.008906775154173374,0.08336451328026338,0.012769052840860788,0.03358731046319008,2.738647222518921
336110603,XY-Warm-Same-State S2 p2=9,0,spsa,sequential,1,random_shared_stream,90,120,5,18,1.6704912185668945,197,5.564716815948486,1.31161630153656,1.6990985870361328,1.6990984678268433,1.6990985870361328,0.08087988024324247,0.01269554947299621,0.25,2.8012824058532715
336110603,XY-Warm-Same-State S2 p2=9,0,spsa,sequential,1,random_shared_stream,95,120,5,18,1.6704912185668945,207,1.386074185371399,0.3267008364200592,0.10541573166847229,0.09487417340278625,0.0737910121679306,0.07858302972286192,0.012626410699612943,0.10892191529273987,2.8638060092926025
336110603,XY-Warm-Same-State S2 p2=9,0,spsa,sequential,1,random_shared_stream,100,120,5,18,1.6704912185668945,217,4.536962032318115,1.0693721771240234,1.0870850086212158,1.0164949893951416,1.129438877105713,0.07645194756879115,0.012561167176266359,0.25,2.9267663955688477
336110603,XY-Warm-Same-State S2 p2=9,0,spsa,sequential,1,random_shared_stream,105,120,5,18,1.6704912185668945,227,3.419879674911499,0.8060734272003174,0.6417326927185059,0.6417326927185059,0.5775594115257263,0.07446803842388008,0.01249942043693397,0.25,2.989351511001587
336110603,XY-Warm-Same-State S2 p2=9,0,spsa,sequential,1,random_shared_stream,110,120,5,18,1.6704912185668945,237,0.9092136025428772,0.21430368721485138,0.045359086245298386,0.04082317650318146,0.0317513607442379,0.07261547538632704,0.012440829393713411,0.06602297723293304,3.0518958568573
336110603,XY-Warm-Same-State S2 p2=9,0,spsa,sequential,1,random_shared_stream,115,120,5,18,1.6704912185668945,247,5.827672481536865,1.3735955953598022,1.6771243810653687,1.6771243810653687,1.6771243810653687,0.07088069429364613,0.012385099893453082,0.25,3.114543914794922
336110603,XY-Warm-Same-State S2 p2=9,0,spsa,sequential,1,random_shared_stream,120,120,5,18,1.6704912185668945,257,2.6183865070343018,0.6171596646308899,0.3761836886405945,0.3761836886405945,0.3761836886405945,0.06925199617191227,0.012331976538504544,0.18132849037647247,3.177147626876831
336110603,XY-Warm-Same-State S2 p2=9,0,spsa,sequential,2,random_shared_stream,1,120,5,18,1.8653502464294434,19,1.3846250772476196,0.32635927200317383,0.10651037096977234,0.07363680005073547,0.07363680005073547,0.08881721158732848,0.02,0.12297854572534561,3.2979137897491455
336110603,XY-Warm-Same-State S2 p2=9,0,spsa,sequential,2,random_shared_stream,5,120,5,18,1.8102914094924927,27,4.032684326171875,0.9505128860473633,0.8030886650085449,0.8030886650085449,0.8030886650085449,0.07557197666769296,0.016999416915812672,0.25,3.346885919570923
336110603,XY-Warm-Same-State S2 p2=9,0,spsa,sequential,2,random_shared_stream,10,120,5,18,1.70648992061615,37,6.5948405265808105,1.5544188022613525,1.6704715490341187,1.6704716682434082,1.6704716682434082,0.06470719569756257,0.015850026609609436,0.25,3.4065682888031006
336110603,XY-Warm-Same-State S2 p2=9,0,spsa,sequential,2,random_shared_stream,15,120,5,18,1.70648992061615,47,4.303502559661865,1.014345407485962,1.0288963317871094,0.9145745038986206,0.9145745038986206,0.057201846266745876,0.015214047873475552,0.24616828560829163,3.467679738998413
336110603,XY-Warm-Same-State S2 p2=9,0,spsa,sequential,2,random_shared_stream,20,120,5,18,1.7016639709472656,57,0.23655062913894653,0.05575552210211754,0.0024946178309619427,0.003070299280807376,0.0012281197123229504,0.05164053649726588,0.014778350620464044,0.012215602211654186,3.527951240539551
336110603,XY-Warm-Same-State S2 p2=9,0,spsa,sequential,2,random_shared_stream,25,120,5,18,1.7016639709472656,67,1.8715534210205078,0.4411293864250183,0.1945951282978058,0.19219273328781128,0.19219273328781128,0.047318786071513935,0.014449008773880907,0.08855963498353958,3.5886945724487305
336110603,XY-Warm-Same-State S2 p2=9,0,spsa,sequential,2,random_shared_stream,30,120,5,18,1.6914746761322021,77,6.537369728088379,1.5408730506896973,2.2570407390594482,2.1104793548583984,2.3449771404266357,0.04384246456747993,0.014185372641231635,0.25,3.644336223602295
336110603,XY-Warm-Same-State S2 p2=9,0,spsa,sequential,2,random_shared_stream,35,120,5,18,1.6683610677719116,87,0.2007480412721634,0.047316763550043106,0.002211235696449876,0.002211235696449876,0.002211235696449876,0.04097209037557896,0.013966227856027484,0.00822506658732891,3.699361801147461
336110603,XY-Warm-Same-State S2 p2=9,0,spsa,sequential,2,random_shared_stream,40,120,5,18,1.6557629108428955,97,1.245728611946106,0.2936210632324219,0.08195587992668152,0.08514896035194397,0.07663407176733017,0.038552897141156665,0.013779134410346052,0.04802644997835159,3.7522220611572266
336110603,XY-Warm-Same-State S2 p2=9,0,spsa,sequential,2,random_shared_stream,45,120,5,18,1.6475343704223633,107,1.9919124841690063,0.46949827671051025,0.20954327285289764,0.2177072912454605,0.19593656063079834,0.03647996133660446,0.013616187769422706,0.07266489416360855,3.8138840198516846
336110603,XY-Warm-Same-State S2 p2=9,0,spsa,sequential,2,random_shared_stream,50,120,5,18,1.6183483600616455,117,4.6279730796813965,1.090823769569397,1.131136178970337,1.1752064228057861,1.0576858520507812,0.0346793728830904,0.013472060523173781,0.16049520671367645,3.8780932426452637
336110603,XY-Warm-Same-State S2 p2=9,0,spsa,sequential,2,random_shared_stream,55,120,5,18,1.6183483600616455,127,3.672642707824707,0.8656501770019531,0.7400989532470703,0.7400989532470703,0.7400990128517151,0.0330974093423343,0.01334299625175472,0.12155494838953018,3.9377338886260986
336110603,XY-Warm-Same-State S2 p2=9,0,spsa,sequential,2,random_shared_stream,60,120,5,18,1.6183483600616455,137,0.20090912282466888,0.04735473915934563,0.0021317314822226763,0.0022147861309349537,0.001993307378143072,0.03169398657511648,0.013226249755755135,0.006367611698806286,3.997894763946533
336110603,XY-Warm-Same-State S2 p2=9,0,spsa,sequential,2,random_shared_stream,65,120,5,18,1.6183483600616455,147,0.24361461400985718,0.0574205182492733,0.003134294878691435,0.0029307694640010595,0.0032564105931669474,0.030438525876438315,0.01311975565249048,0.0074152699671685696,4.058321237564087
336110603,XY-Warm-Same-State S2 p2=9,0,spsa,sequential,2,random_shared_stream,70,120,5,18,1.6183483600616455,157,2.023798704147339,0.4770139753818512,0.2163056582212448,0.2247331440448761,0.15731321275234222,0.02930725164265009,0.013021922119457682,0.05931197851896286,4.117748498916626
336110603,XY-Warm-Same-State S2 p2=9,0,spsa,sequential,2,random_shared_stream,75,120,5,18,1.6153215169906616,167,3.635923147201538,0.8569952845573425,0.7253738045692444,0.7253738045692444,0.6528364419937134,0.02828136992010335,0.01293149713891721,0.10282889008522034,4.179396390914917
336110603,XY-Warm-Same-State S2 p2=9,0,spsa,sequential,2,random_shared_stream,80,120,5,18,1.5922609567642212,177,6.095808029174805,1.4367958307266235,1.8350061178207397,2.038895606994629,0.8155582547187805,0.02734580801315058,0.012847478719003411,0.1666947901248932,4.240693807601929
336110603,XY-Warm-Same-State S2 p2=9,0,spsa,sequential,2,random_shared_stream,85,120,5,18,1.5922609567642212,187,0.2619899809360504,0.061751630157232285,0.0037661870010197163,0.0026363309007138014,0.0033895683009177446,0.026488322077129256,0.012769052840860788,0.006939675658941269,4.302011013031006
336110603,XY-Warm-Same-State S2 p2=9,0,spsa,sequential,2,random_shared_stream,90,120,5,18,1.5865625143051147,197,0.5597802996635437,0.13194146752357483,0.015474268235266209,0.01547426637262106,0.015474270097911358,0.025698852343085152,0.01269554947299621,0.014385709539055824,4.365090370178223
336110603,XY-Warm-Same-State S2 p2=9,0,spsa,sequential,2,random_shared_stream,95,120,5,18,1.585006833076477,207,0.6417555809020996,0.15126323699951172,0.022598089650273323,0.022598091512918472,0.022598091512918472,0.024969048809748075,0.012626410699612943,0.01602402701973915,4.42381477355957
336110603,XY-Warm-Same-State S2 p2=9,0,spsa,sequential,2,random_shared_stream,100,120,5,18,1.572174310684204,217,1.1130565404891968,0.2623499929904938,0.05523194372653961,0.061180002987384796,0.04758444428443909,0.024291916679436535,0.012561167176266359,0.027038278058171272,4.484713315963745
336110603,XY-Warm-Same-State S2 p2=9,0,spsa,sequential,2,random_shared_stream,105,120,5,18,1.5697650909423828,227,1.4306451082229614,0.33720627427101135,0.11230426281690598,0.10107383877038956,0.11230427771806717,0.023661547445161794,0.01249942043693397,0.03385127708315849,4.54633903503418
336110603,XY-Warm-Same-State S2 p2=9,0,spsa,sequential,2,random_shared_stream,110,120,5,18,1.5666451454162598,237,0.8421354293823242,0.19849321246147156,0.038913145661354065,0.027239201590418816,0.0350218303501606,0.023072912251648252,0.012440829393713411,0.01943051628768444,4.6062211990356445
336110603,XY-Warm-Same-State S2 p2=9,0,spsa,sequential,2,random_shared_stream,115,120,5,18,1.5638831853866577,247,0.9035040736198425,0.2129579484462738,0.045351091772317886,0.04031207785010338,0.04031207785010338,0.02252170120862612,0.012385099893453082,0.020348448306322098,4.668376445770264
336110603,XY-Warm-Same-State S2 p2=9,0,spsa,sequential,2,random_shared_stream,120,120,5,18,1.5515658855438232,257,5.012558937072754,1.1814714670181274,1.3958748579025269,1.3786418437957764,1.3786418437957764,0.022004197072665245,0.012331976538504544,0.1102973222732544,4.728527545928955
336110603,XY-Warm-Same-State S2 p2=9,0,spsa,sequential,3,random_shared_stream,1,120,5,18,1.9342350959777832,19,0.0365666039288044,0.008618831634521484,7.336716953432187e-05,7.336716953432187e-05,7.336716953432187e-05,3.5909176231372237,0.02,0.1313076615333557,4.849194765090942
336110603,XY-Warm-Same-State S2 p2=9,0,spsa,sequential,3,random_shared_stream,5,120,5,18,1.9339511394500732,27,0.02463443949818611,0.0058063929900527,3.3297976187895983e-05,3.3297976187895983e-05,3.3297976187895983e-05,3.055407144419409,0.016999416915812672,0.07526823878288269,4.900463342666626
336110603,XY-Warm-Same-State S2 p2=9,0,spsa,sequential,3,random_shared_stream,10,120,5,18,1.9331635236740112,37,0.060803040862083435,0.014331413432955742,0.00018256838666275144,0.00018256840121466666,0.00018256838666275144,2.6161394308771238,0.015850026609609436,0.1590692400932312,4.96434473991394
336110603,XY-Warm-Same-State S2 p2=9,0,spsa,sequential,3,random_shared_stream,15,120,5,18,1.9203119277954102,47,1.1293346881866455,0.26618677377700806,0.07085537910461426,0.06998062133789062,0.06998062133789062,2.3126949626568702,0.015214047873475552,0.25,5.027193307876587
336110603,XY-Warm-Same-State S2 p2=9,0,spsa,sequential,3,random_shared_stream,20,120,5,18,1.61740243434906,57,19.624942779541016,4.625643253326416,21.396577835083008,21.132421493530273,21.132421493530273,2.0878488444096717,0.014778350620464044,0.25,5.09001898765564
336110603,XY-Warm-Same-State S2 p2=9,0,spsa,sequential,3,random_shared_stream,25,120,5,18,1.515800952911377,67,2.4552152156829834,0.5786997675895691,0.3183554708957672,0.3307589292526245,0.2315312772989273,1.9131186374004758,0.014449008773880907,0.25,5.152538537979126
336110603,XY-Warm-Same-State S2 p2=9,0,spsa,sequential,3,random_shared_stream,30,120,5,18,1.515800952911377,77,16.83293342590332,3.9675607681274414,15.741536140441895,15.547195434570312,15.547195434570312,1.7725694811116335,0.014185372641231635,0.25,5.212475299835205
336110603,XY-Warm-Same-State S2 p2=9,0,spsa,sequential,3,random_shared_stream,35,120,5,18,1.515800952911377,87,1.658982276916504,0.3910258710384369,0.1359121948480606,0.1057095006108284,0.1510135680437088,1.6565190322573486,0.013966227856027484,0.25,5.273177146911621
336110603,XY-Warm-Same-State S2 p2=9,0,spsa,sequential,3,random_shared_stream,40,120,5,18,1.515800952911377,97,10.074440002441406,2.374568223953247,5.012065887451172,5.01206636428833,5.012065887451172,1.5587100213234728,0.013779134410346052,0.25,5.332350492477417
336110603,XY-Warm-Same-State S2 p2=9,0,spsa,sequential,3,random_shared_stream,45,120,5,18,1.515800952911377,107,2.1948869228363037,0.517339825630188,0.2643362879753113,0.26433631777763367,0.2379026710987091,1.4749003454828877,0.013616187769422706,0.25,5.394251346588135
336110603,XY-Warm-Same-State S2 p2=9,0,spsa,sequential,3,random_shared_stream,50,120,5,18,1.515800952911377,117,3.517888069152832,0.8291742205619812,0.6790418028831482,0.6790417432785034,0.6790418028831482,1.402101788827192,0.013472060523173781,0.25,5.454202651977539
336110603,XY-Warm-Same-State S2 p2=9,0,spsa,sequential,3,random_shared_stream,55,120,5,18,1.515800952911377,127,0.6484923958778381,0.1528511345386505,0.023363469168543816,0.023075029253959656,0.023075032979249954,1.3381423303378186,0.01334299625175472,0.25,5.51488995552063
336110603,XY-Warm-Same-State S2 p2=9,0,spsa,sequential,3,random_shared_stream,60,120,5,18,1.515800952911377,137,12.010534286499023,2.8309102058410645,7.123601913452148,7.915112018585205,3.1660451889038086,1.2814013512252356,0.013226249755755135,0.25,5.575584888458252
336110603,XY-Warm-Same-State S2 p2=9,0,spsa,sequential,3,random_shared_stream,65,120,5,18,1.515800952911377,147,4.054172039031982,0.9555774331092834,0.9018551707267761,0.9018551707267761,0.9018551707267761,1.2306425414464923,0.01311975565249048,0.25,5.634744167327881
336110603,XY-Warm-Same-State S2 p2=9,0,spsa,sequential,3,random_shared_stream,70,120,5,18,1.515800952911377,157,8.392218589782715,1.9780648946762085,3.91274094581604,3.477991819381714,3.477991819381714,1.1849046432383619,0.013021922119457682,0.25,5.69634485244751
336110603,XY-Warm-Same-State S2 p2=9,0,spsa,sequential,3,random_shared_stream,75,120,5,18,1.515800952911377,167,0.3938465118408203,0.09283051639795303,0.008511115796864033,0.008511114865541458,0.008511114865541458,1.1434278090650063,0.01293149713891721,0.25,5.755247116088867
336110603,XY-Warm-Same-State S2 p2=9,0,spsa,sequential,3,random_shared_stream,80,120,5,18,1.3991477489471436,177,1.9947081804275513,0.470157265663147,0.17738406360149384,0.1964869648218155,0.15282319486141205,1.1056026434335753,0.012847478719003411,0.25,5.818986415863037
336110603,XY-Warm-Same-State S2 p2=9,0,spsa,sequential,3,random_shared_stream,85,120,5,18,1.3991477489471436,187,3.3405356407165527,0.7873718738555908,0.5893393158912659,0.551070511341095,0.6123006343841553,1.0709341224991644,0.012769052840860788,0.25,5.880300045013428
336110603,XY-Warm-Same-State S2 p2=9,0,spsa,sequential,3,random_shared_stream,90,120,5,18,1.3991477489471436,197,1.327533483505249,0.31290262937545776,0.0966993197798729,0.0966993197798729,0.0966993197798729,1.0390155255262676,0.01269554947299621,0.25,5.941931486129761
336110603,XY-Warm-Same-State S2 p2=9,0,spsa,sequential,3,random_shared_stream,95,120,5,18,1.3991477489471436,207,5.993663787841797,1.4127202033996582,1.971138834953308,1.971138834953308,1.7740249633789062,1.009509258413714,0.012626410699612943,0.25,6.002874135971069
336110603,XY-Warm-Same-State S2 p2=9,0,spsa,sequential,3,random_shared_stream,100,120,5,18,1.3991477489471436,217,5.235379695892334,1.2339909076690674,1.2219467163085938,1.3535408973693848,1.0527539253234863,0.9821325185175578,0.012561167176266359,0.25,6.0642499923706055
336110603,XY-Warm-Same-State S2 p2=9,0,spsa,sequential,3,random_shared_stream,105,120,5,18,1.3991477489471436,227,2.343062162399292,0.5522650480270386,0.3012312650680542,0.3012312650680542,0.3012312650680542,0.9566464223883743,0.01249942043693397,0.25,6.124989032745361
336110603,XY-Warm-Same-State S2 p2=9,0,spsa,sequential,3,random_shared_stream,110,120,5,18,1.3991477489471436,237,2.7512807846069336,0.6484830975532532,0.39976340532302856,0.4153386056423187,0.3738047182559967,0.9328476512694649,0.012440829393713411,0.25,6.185678958892822
336110603,XY-Warm-Same-State S2 p2=9,0,spsa,sequential,3,random_shared_stream,115,120,5,18,1.3991477489471436,247,3.2365455627441406,0.7628610730171204,0.553218424320221,0.5172951221466064,0.5747724175453186,0.9105619544649683,0.012385099893453082,0.25,6.248455286026001
336110603,XY-Warm-Same-State S2 p2=9,0,spsa,sequential,3,random_shared_stream,120,120,5,18,1.3991477489471436,257,3.401679754257202,0.801783561706543,0.5714283585548401,0.6349203586578369,0.4444442689418793,0.8896390422427,0.012331976538504544,0.25,6.307541608810425
336110603,XY-Warm-Same-State S2 p2=9,0,spsa,sequential,4,continuation,1,120,5,18,-0.14279581606388092,19,1.3477803468704224,0.3176748752593994,0.08970429003238678,0.06977000087499619,0.09967143833637238,0.051849873478295186,0.02,0.06988223642110825,6.428637742996216
336110603,XY-Warm-Same-State S2 p2=9,0,spsa,sequential,4,continuation,5,120,5,18,-0.14279581606388092,27,40.1319580078125,9.459193229675293,71.802001953125,61.86018371582031,79.53451538085938,0.044117546123048884,0.016999416915812672,0.25,6.47773289680481
336110603,XY-Warm-Same-State S2 p2=9,0,spsa,sequential,4,continuation,10,120,5,18,-0.14279581606388092,37,72.1697769165039,17.01058006286621,285.7874755859375,257.208740234375,285.7874755859375,0.03777488450822489,0.015850026609609436,0.25,6.537859678268433
336110603,XY-Warm-Same-State S2 p2=9,0,spsa,sequential,4,continuation,15,120,5,18,-0.14279581606388092,47,90.95852661132812,21.439130783081055,436.938232421875,453.9617919921875,408.56561279296875,0.03339339795349769,0.015214047873475552,0.25,6.600177526473999
336110603,XY-Warm-Same-State S2 p2=9,0,spsa,sequential,4,continuation,20,120,5,18,-0.14279581606388092,57,17.564733505249023,4.140047073364258,15.235546112060547,6.771353721618652,16.928382873535156,0.030146806411523584,0.014778350620464044,0.25,6.659835577011108
336110603,XY-Warm-Same-State S2 p2=9,0,spsa,sequential,4,continuation,25,120,5,18,-0.14279581606388092,67,36.25092697143555,8.544425010681152,58.58602523803711,50.4741096496582,64.89529418945312,0.027623847079934115,0.014449008773880907,0.25,6.720864772796631
336110603,XY-Warm-Same-State S2 p2=9,0,spsa,sequential,4,continuation,30,120,5,18,-0.14279581606388092,77,50.950416564941406,12.00912857055664,137.09722900390625,142.4386749267578,128.19480895996094,0.025594433783426664,0.014185372641231635,0.25,6.782393932342529
336110603,XY-Warm-Same-State S2 p2=9,0,spsa,sequential,4,continuation,35,120,5,18,-0.14279581606388092,87,8.996560096740723,2.120509624481201,4.496561050415039,4.441047668457031,4.441047668457031,0.02391876151196501,0.013966227856027484,0.21518658101558685,6.8422651290893555
336110603,XY-Warm-Same-State S2 p2=9,0,spsa,sequential,4,continuation,40,120,5,18,-0.14279581606388092,97,103.39958953857422,24.371517181396484,586.6378173828125,410.6465148925781,234.65513610839844,0.02250648048126623,0.013779134410346052,0.25,6.902540922164917
336110603,XY-Warm-Same-State S2 p2=9,0,spsa,sequential,4,continuation,45,120,5,18,-0.14279581606388092,107,52.142356872558594,12.290071487426758,143.58677673339844,149.1810760498047,134.26296997070312,0.021296338243362488,0.013616187769422706,0.25,6.962381362915039
336110603,XY-Warm-Same-State S2 p2=9,0,spsa,sequential,4,continuation,50,120,5,18,-0.14279581606388092,117,71.4931640625,16.85110092163086,252.4085235595703,252.4085235595703,252.4085235595703,0.020245187437874887,0.013472060523173781,0.25,7.023078918457031
336110603,XY-Warm-Same-State S2 p2=9,0,spsa,sequential,4,continuation,55,120,5,18,-0.14279581606388092,127,31.48882293701172,7.421987056732178,54.40581130981445,54.40581130981445,54.40580749511719,0.01932166588197882,0.01334299625175472,0.25,7.084266662597656
336110603,XY-Warm-Same-State S2 p2=9,0,spsa,sequential,4,continuation,60,120,5,18,-0.14279581606388092,137,93.20647430419922,21.968976974487305,476.6774597167969,429.0097351074219,333.67425537109375,0.018502373183904693,0.013226249755755135,0.25,7.1446533203125
336110603,XY-Warm-Same-State S2 p2=9,0,spsa,sequential,4,continuation,65,120,5,18,-0.14279581606388092,147,0.35735541582107544,0.0842294842004776,0.0063063157722353935,0.0063063157722353935,0.006306315306574106,0.017769458051577775,0.01311975565249048,0.0063500115647912025,7.206956624984741
336110603,XY-Warm-Same-State S2 p2=9,0,spsa,sequential,4,continuation,70,120,5,18,-0.14279581606388092,157,0.409861296415329,0.09660523384809494,0.008295618928968906,0.008295617997646332,0.008295618928968906,0.017109040719814304,0.013021922119457682,0.007012333255261183,7.266987562179565
336110603,XY-Warm-Same-State S2 p2=9,0,spsa,sequential,4,continuation,75,120,5,18,-0.14279581606388092,167,14.180333137512207,3.342336416244507,11.033297538757324,11.033297538757324,11.033297538757324,0.01651014962013771,0.01293149713891721,0.23411941528320312,7.326902389526367
336110603,XY-Warm-Same-State S2 p2=9,0,spsa,sequential,4,continuation,80,120,5,18,-0.14279581606388092,177,4.719648361206055,1.1124317646026611,1.1763931512832642,1.222226619720459,1.1000038385391235,0.015963985586842002,0.012847478719003411,0.07534440606832504,7.3887104988098145
336110603,XY-Warm-Same-State S2 p2=9,0,spsa,sequential,4,continuation,85,120,5,18,-0.14279581606388092,187,36.29558563232422,8.554951667785645,69.57301330566406,72.28365325927734,65.05528259277344,0.01546340088599933,0.012769052840860788,0.25,7.448882818222046
336110603,XY-Warm-Same-State S2 p2=9,0,spsa,sequential,4,continuation,90,120,5,18,-0.14279581606388092,197,45.16958999633789,10.646574020385742,107.75202941894531,111.95016479492188,100.7551498413086,0.015002522807375095,0.01269554947299621,0.25,7.511362552642822
336110603,XY-Warm-Same-State S2 p2=9,0,spsa,sequential,4,continuation,95,120,5,18,-0.14279581606388092,207,1.7610673904418945,0.41508761048316956,0.16378916800022125,0.11911939084529877,0.17017056047916412,0.01457647677202603,0.012626410699612943,0.025670159608125687,7.570674180984497
336110603,XY-Warm-Same-State S2 p2=9,0,spsa,sequential,4,continuation,100,120,5,18,-0.14279581606388092,217,7.46278190612793,1.758994698524475,3.055863380432129,3.055863618850708,3.055863380432129,0.014181179344227128,0.012561167176266359,0.10583104193210602,7.631367444992065
336110603,XY-Warm-Same-State S2 p2=9,0,spsa,sequential,4,continuation,105,120,5,18,-0.14279581606388092,227,42.43572235107422,10.002195358276367,95.10347747802734,98.80880737304688,69.16616821289062,0.013813181245011658,0.01249942043693397,0.25,7.690571069717407
336110603,XY-Warm-Same-State S2 p2=9,0,spsa,sequential,4,continuation,110,120,5,18,-0.14279581606388092,237,75.4491958618164,17.783546447753906,316.2545166015625,281.1151123046875,281.1151123046875,0.013469546720091452,0.012440829393713411,0.25,7.751950979232788
336110603,XY-Warm-Same-State S2 p2=9,0,spsa,sequential,4,continuation,115,120,5,18,-0.14279581606388092,247,16.288921356201172,3.8393356800079346,14.012572288513184,13.102664947509766,14.558517456054688,0.013147759733878365,0.012385099893453082,0.21416284143924713,7.813383102416992
336110603,XY-Warm-Same-State S2 p2=9,0,spsa,sequential,4,continuation,120,120,5,18,-0.14279581606388092,257,1.7709400653839111,0.4174145758152008,0.17208386957645416,0.1548754870891571,0.17208386957645416,0.012845650227235238,0.012331976538504544,0.022748876363039017,7.874978542327881
336110603,XY-Warm-Same-State S2 p2=10,0,spsa,sequential,0,deterministic_linear_ramp,1,120,5,20,1.8515039682388306,19,9.820499420166016,2.1959304809570312,4.822111129760742,4.822110652923584,4.822110652923584,0.007556780023123441,0.02,0.07421135902404785,0.1251516342163086
336110603,XY-Warm-Same-State S2 p2=10,0,spsa,sequential,0,deterministic_linear_ramp,5,120,5,20,1.7580851316452026,27,16.479215621948242,3.6848647594451904,13.442445755004883,11.40571117401123,13.035099983215332,0.006429843871295874,0.016999416915812672,0.10595878958702087,0.18126606941223145
336110603,XY-Warm-Same-State S2 p2=10,0,spsa,sequential,0,deterministic_linear_ramp,10,120,5,20,1.7470945119857788,37,1.236769437789917,0.2765500545501709,0.07647993415594101,0.07647993415594101,0.07647993415594101,0.005505442414378186,0.015850026609609436,0.006808963138610125,0.25135064125061035
336110603,XY-Warm-Same-State S2 p2=10,0,spsa,sequential,0,deterministic_linear_ramp,15,120,5,20,1.732574224472046,47,4.654729843139648,1.0408291816711426,1.0724921226501465,1.0833253860473633,1.039992332458496,0.004866869398723547,0.015214047873475552,0.022653959691524506,0.3178389072418213
336110603,XY-Warm-Same-State S2 p2=10,0,spsa,sequential,0,deterministic_linear_ramp,20,120,5,20,1.6752055883407593,57,1.779910922050476,0.39800018072128296,0.14414776861667633,0.13305947184562683,0.15206797420978546,0.0043936999103177275,0.014778350620464044,0.007820394821465015,0.3854207992553711
336110603,XY-Warm-Same-State S2 p2=10,0,spsa,sequential,0,deterministic_linear_ramp,25,120,5,20,1.6152962446212769,67,20.897178649902344,4.6727519035339355,18.341068267822266,18.341068267822266,18.3410701751709,0.004025995084883792,0.014449008773880907,0.08413194864988327,0.4547762870788574
336110603,XY-Warm-Same-State S2 p2=10,0,spsa,sequential,0,deterministic_linear_ramp,30,120,5,20,1.489326000213623,77,6.728111267089844,1.5044513940811157,2.1728391647338867,1.4485594034194946,2.1728391647338867,0.003730221366860578,0.014185372641231635,0.025097345933318138,0.524470329284668
336110603,XY-Warm-Same-State S2 p2=10,0,spsa,sequential,0,deterministic_linear_ramp,35,120,5,20,1.4306635856628418,87,10.0449857711792,2.246127128601074,4.843283653259277,4.843283653259277,3.228855609893799,0.0034860030901933455,0.013966227856027484,0.035016849637031555,0.5935428142547607
336110603,XY-Warm-Same-State S2 p2=10,0,spsa,sequential,0,deterministic_linear_ramp,40,120,5,20,1.232405185699463,97,19.98823356628418,4.4695048332214355,19.177413940429688,16.78023910522461,19.97647476196289,0.0032801723646026988,0.013779134410346052,0.0655648484826088,0.6626009941101074
336110603,XY-Warm-Same-State S2 p2=10,0,spsa,sequential,0,deterministic_linear_ramp,45,120,5,20,1.1512515544891357,107,21.747896194458008,4.862977504730225,22.70261001586914,22.702606201171875,22.702608108520508,0.003103802046315288,0.013616187769422706,0.06750116497278214,0.7319517135620117
336110603,XY-Warm-Same-State S2 p2=10,0,spsa,sequential,0,deterministic_linear_ramp,50,120,5,20,1.1327706575393677,117,24.541400909423828,5.487624168395996,28.90945816040039,30.1140193939209,25.2957763671875,0.00295060368968817,0.013472060523173781,0.07241193950176239,0.7989490032196045
336110603,XY-Warm-Same-State S2 p2=10,0,spsa,sequential,0,deterministic_linear_ramp,55,120,5,20,1.1327706575393677,127,22.65287971496582,5.065337657928467,24.63134002685547,16.420894622802734,24.63134002685547,0.0028160064616459322,0.01334299625175472,0.06379064917564392,0.8654208183288574
336110603,XY-Warm-Same-State S2 p2=10,0,spsa,sequential,0,deterministic_linear_ramp,60,120,5,20,1.0975481271743774,137,28.955141067504883,6.4745659828186035,41.50080490112305,40.24320983886719,41.920005798339844,0.002696599908098812,0.013226249755755135,0.0780804231762886,0.9320366382598877
336110603,XY-Warm-Same-State S2 p2=10,0,spsa,sequential,0,deterministic_linear_ramp,65,120,5,20,1.0975481271743774,147,5.812438488006592,1.2997007369995117,1.6723296642303467,1.689221978187561,1.6216531991958618,0.0025897823199530785,0.01311975565249048,0.015052950009703636,0.9985768795013428
336110603,XY-Warm-Same-State S2 p2=10,0,spsa,sequential,0,deterministic_linear_ramp,70,120,5,20,1.0975481271743774,157,16.763458251953125,3.7484230995178223,13.910168647766113,13.488649368286133,14.050674438476562,0.00249353081219031,0.013021922119457682,0.04180019721388817,1.0652248859405518
336110603,XY-Warm-Same-State S2 p2=10,0,spsa,sequential,0,deterministic_linear_ramp,75,120,5,20,1.0975481271743774,167,5.666374206542969,1.2670397758483887,1.5411741733551025,1.541174292564392,1.5411741733551025,0.0024062463504460206,0.01293149713891721,0.013634691946208477,1.134340763092041
336110603,XY-Warm-Same-State S2 p2=10,0,spsa,sequential,0,deterministic_linear_ramp,80,120,5,20,1.0975481271743774,177,11.712085723876953,2.6189019680023193,6.584300994873047,6.85864782333374,5.761263847351074,0.0023266465138546116,0.012847478719003411,0.027249883860349655,1.2049274444580078
336110603,XY-Warm-Same-State S2 p2=10,0,spsa,sequential,0,deterministic_linear_ramp,85,120,5,20,1.0975481271743774,187,10.250694274902344,2.2921249866485596,5.043683052062988,5.2538371086120605,4.413222789764404,0.0022536895669337544,0.012769052840860788,0.02310188300907612,1.2754859924316406
336110603,XY-Warm-Same-State S2 p2=10,0,spsa,sequential,0,deterministic_linear_ramp,90,120,5,20,1.0975481271743774,197,0.937213659286499,0.2095673531293869,0.04391847550868988,0.0421617291867733,0.0421617329120636,0.0021865196005672782,0.01269554947299621,0.002049235859885812,1.3460466861724854
336110603,XY-Warm-Same-State S2 p2=10,0,spsa,sequential,0,deterministic_linear_ramp,95,120,5,20,1.0975481271743774,207,12.406822204589844,2.774249792098999,7.619496822357178,6.465027809143066,4.9257354736328125,0.002124426176748135,0.012626410699612943,0.02635737881064415,1.4165899753570557
336110603,XY-Warm-Same-State S2 p2=10,0,spsa,sequential,0,deterministic_linear_ramp,100,120,5,20,1.0975481271743774,217,3.9755778312683105,0.8889662027359009,0.7823583483695984,0.6638191938400269,0.7586504817008972,0.0020668141614202037,0.012561167176266359,0.008216779679059982,1.485292673110962
336110603,XY-Warm-Same-State S2 p2=10,0,spsa,sequential,0,deterministic_linear_ramp,105,120,5,20,1.0364136695861816,227,10.680235862731934,2.3881733417510986,5.4752373695373535,5.4752373695373535,5.4752373695373535,0.0020131808447282555,0.01249942043693397,0.021501246839761734,1.551191806793213
336110603,XY-Warm-Same-State S2 p2=10,0,spsa,sequential,0,deterministic_linear_ramp,110,120,5,20,1.0276514291763306,237,5.560278415679932,1.2433160543441772,1.5458347797393799,1.5458347797393799,1.5458347797393799,0.001963098359681121,0.012440829393713411,0.010915372520685196,1.6179945468902588
336110603,XY-Warm-Same-State S2 p2=10,0,spsa,sequential,0,deterministic_linear_ramp,115,120,5,20,1.0051734447479248,247,22.380878448486328,5.0045166015625,21.03795623779297,21.03795623779297,21.03795623779297,0.0019162000105437005,0.012385099893453082,0.042886242270469666,1.6858627796173096
336110603,XY-Warm-Same-State S2 p2=10,0,spsa,sequential,0,deterministic_linear_ramp,120,120,5,20,0.9818224310874939,257,6.995194435119629,1.5641731023788452,2.422170877456665,2.055175304412842,2.348771572113037,0.0018721695253863524,0.012331976538504544,0.013096188195049763,1.7517035007476807
336110603,XY-Warm-Same-State S2 p2=10,0,spsa,sequential,1,random_shared_stream,1,120,5,20,1.931919813156128,19,0.20139946043491364,0.04503428936004639,0.0020280871540308,0.0019469637190923095,0.0019469637190923095,4.399571508178451,0.02,0.25,1.8868155479431152
336110603,XY-Warm-Same-State S2 p2=10,0,spsa,sequential,1,random_shared_stream,5,120,5,20,1.93163001537323,27,0.13747131824493408,0.030739521607756615,0.000944918196182698,0.0009071215172298253,0.0009071215172298253,3.743467166124635,0.016999416915812672,0.25,1.9412736892700195
336110603,XY-Warm-Same-State S2 p2=10,0,spsa,sequential,1,random_shared_stream,10,120,5,20,1.9294648170471191,37,0.03950463980436325,0.0088335070759058,7.72505154600367e-05,7.490960706491023e-05,6.554590072482824e-05,3.2052789034613123,0.015850026609609436,0.12662339210510254,2.0069217681884766
336110603,XY-Warm-Same-State S2 p2=10,0,spsa,sequential,1,random_shared_stream,15,120,5,20,1.9278860092163086,47,0.34203818440437317,0.07648207247257233,0.004913584794849157,0.0037436839193105698,0.005615525878965855,2.8335004955985785,0.015214047873475552,0.25,2.076936960220337
336110603,XY-Warm-Same-State S2 p2=10,0,spsa,sequential,1,random_shared_stream,20,120,5,20,1.9275422096252441,57,0.20591267943382263,0.04604347422719002,0.0020352015271782875,0.0020352015271782875,0.0013568010181188583,2.5580203316452055,0.014778350620464044,0.25,2.1448216438293457
336110603,XY-Warm-Same-State S2 p2=10,0,spsa,sequential,1,random_shared_stream,25,120,5,20,1.9232491254806519,67,0.23099152743816376,0.051651276648044586,0.002641175640746951,0.002561140339821577,0.002667854307219386,2.343941892356429,0.014449008773880907,0.25,2.211681365966797
336110603,XY-Warm-Same-State S2 p2=10,0,spsa,sequential,1,random_shared_stream,30,120,5,20,1.9228849411010742,77,0.11372428387403488,0.02542952261865139,0.0006466606864705682,0.0006207942496985197,0.0006207942496985197,2.1717418787658413,0.014185372641231635,0.24697981774806976,2.2778396606445312
336110603,XY-Warm-Same-State S2 p2=10,0,spsa,sequential,1,random_shared_stream,35,120,5,20,1.9228849411010742,87,0.022006211802363396,0.0049207392148673534,2.32451220654184e-05,2.0339482944109477e-05,2.4213670258177444e-05,2.0295575398657,0.013966227856027484,0.044662874191999435,2.344290018081665
336110603,XY-Warm-Same-State S2 p2=10,0,spsa,sequential,1,random_shared_stream,40,120,5,20,1.9199193716049194,97,0.26224350929260254,0.05863943323493004,0.0031291102059185505,0.0028884096536785364,0.0033010393381118774,1.909722505228552,0.013779134410346052,0.25,2.4111361503601074
336110603,XY-Warm-Same-State S2 p2=10,0,spsa,sequential,1,random_shared_stream,45,120,5,20,1.9048863649368286,107,1.3144190311431885,0.2939130365848541,0.07861022651195526,0.08292947709560394,0.0725632905960083,1.8070393749996359,0.013616187769422706,0.25,2.48101544380188
336110603,XY-Warm-Same-State S2 p2=10,0,spsa,sequential,1,random_shared_stream,50,120,5,20,1.860050916671753,117,1.1963094472885132,0.26750293374061584,0.060108572244644165,0.025760814547538757,0.07155781984329224,1.7178470043266776,0.013472060523173781,0.25,2.5472259521484375
336110603,XY-Warm-Same-State S2 p2=10,0,spsa,sequential,1,random_shared_stream,55,120,5,20,1.8439801931381226,127,6.626066207885742,1.4816335439682007,2.1074283123016357,2.195237636566162,1.8439998626708984,1.6394842456169614,0.01334299625175472,0.25,2.6166927814483643
336110603,XY-Warm-Same-State S2 p2=10,0,spsa,sequential,1,random_shared_stream,60,120,5,20,1.7440159320831299,137,10.485754013061523,2.3446857929229736,5.277649402618408,5.497551918029785,4.617943286895752,1.5699655261004235,0.013226249755755135,0.25,2.6842145919799805
336110603,XY-Warm-Same-State S2 p2=10,0,spsa,sequential,1,random_shared_stream,65,120,5,20,1.6193692684173584,147,11.840160369873047,2.647540330886841,6.729090690612793,7.009469509124756,5.887954235076904,1.5077761258611315,0.01311975565249048,0.25,2.7523720264434814
336110603,XY-Warm-Same-State S2 p2=10,0,spsa,sequential,1,random_shared_stream,70,120,5,20,1.610148549079895,157,5.786918640136719,1.2939943075180054,1.6744213104248047,1.6074445247650146,1.607444405555725,1.4517383174458403,0.013021922119457682,0.25,2.8184356689453125
336110603,XY-Warm-Same-State S2 p2=10,0,spsa,sequential,1,random_shared_stream,75,120,5,20,1.576218843460083,167,1.63329017162323,0.3652147948741913,0.13338182866573334,0.12804657220840454,0.12804655730724335,1.400921140047292,0.01293149713891721,0.25,2.8850607872009277
336110603,XY-Warm-Same-State S2 p2=10,0,spsa,sequential,1,random_shared_stream,80,120,5,20,1.576218843460083,177,2.935267686843872,0.656345784664154,0.43078985810279846,0.4135581851005554,0.4135581851005554,1.3545779658313417,0.012847478719003411,0.25,2.95143723487854
336110603,XY-Warm-Same-State S2 p2=10,0,spsa,sequential,1,random_shared_stream,85,120,5,20,1.576218843460083,187,5.3291335105896,1.1916306018829346,1.419983148574829,1.419983148574829,1.419983148574829,1.3121022944455787,0.012769052840860788,0.25,3.018796920776367
336110603,XY-Warm-Same-State S2 p2=10,0,spsa,sequential,1,random_shared_stream,90,120,5,20,1.576218843460083,197,0.6319688558578491,0.14131252467632294,0.019170459359884262,0.01677415333688259,0.019969230517745018,1.2729958139966338,0.01269554947299621,0.25,3.0850508213043213
336110603,XY-Warm-Same-State S2 p2=10,0,spsa,sequential,1,random_shared_stream,95,120,5,20,1.576218843460083,207,4.1086626052856445,0.9187248349189758,0.8440553545951843,0.8440553545951843,0.8440553545951843,1.2368449061438156,0.012626410699612943,0.25,3.1507716178894043
336110603,XY-Warm-Same-State S2 p2=10,0,spsa,sequential,1,random_shared_stream,100,120,5,20,1.576218843460083,217,4.2784647941589355,0.9566938281059265,0.8328892588615417,0.7688208818435669,0.8786523938179016,1.2033030827230062,0.012561167176266359,0.25,3.21551775932312
336110603,XY-Warm-Same-State S2 p2=10,0,spsa,sequential,1,random_shared_stream,105,120,5,20,1.576218843460083,227,5.002050876617432,1.118492603302002,1.2510255575180054,1.2009847164154053,1.2009847164154053,1.1720776651132612,0.01249942043693397,0.25,3.2818667888641357
336110603,XY-Warm-Same-State S2 p2=10,0,spsa,sequential,1,random_shared_stream,110,120,5,20,1.576218843460083,237,7.675047397613525,1.716192603111267,2.8275046348571777,2.8275046348571777,2.8275046348571777,1.1429195483495194,0.012440829393713411,0.25,3.3481545448303223
336110603,XY-Warm-Same-State S2 p2=10,0,spsa,sequential,1,random_shared_stream,115,120,5,20,1.576218843460083,247,5.994658470153809,1.3404463529586792,1.635084867477417,1.1499497890472412,1.796796441078186,1.1156152414867775,0.012385099893453082,0.25,3.4142990112304688
336110603,XY-Warm-Same-State S2 p2=10,0,spsa,sequential,1,random_shared_stream,120,120,5,20,1.576218843460083,257,2.9605040550231934,0.6619888544082642,0.43384695053100586,0.4382292330265045,0.4207000732421875,1.08998061041418,0.012331976538504544,0.25,3.4841225147247314
336110603,XY-Warm-Same-State S2 p2=10,0,spsa,sequential,2,random_shared_stream,1,120,5,20,1.9353840351104736,19,0.1278688609600067,0.028592348098754883,0.0006131417467258871,0.0008175222901627421,0.0,0.8611816045364289,0.02,0.1101183146238327,3.6178369522094727
336110603,XY-Warm-Same-State S2 p2=10,0,spsa,sequential,2,random_shared_stream,5,120,5,20,1.934576153755188,27,0.0010505963582545519,0.00023492048785556108,5.4635762580801384e-08,5.5187637570952575e-08,5.298013050492045e-08,0.7327543272475185,0.016999416915812672,0.0007698290864937007,3.6724674701690674
336110603,XY-Warm-Same-State S2 p2=10,0,spsa,sequential,2,random_shared_stream,10,120,5,20,1.934576153755188,37,0.11656308174133301,0.026064297184348106,0.0006725540733896196,0.0006521736504510045,0.0006793475477024913,0.627408197352481,0.015850026609609436,0.07313262671232224,3.739102363586426
336110603,XY-Warm-Same-State S2 p2=10,0,spsa,sequential,2,random_shared_stream,15,120,5,20,1.9340486526489258,47,0.06995996832847595,0.01564352586865425,0.0002055646909866482,8.809914288576692e-05,0.0002447198494337499,0.5546354909150337,0.015214047873475552,0.03880228102207184,3.8044371604919434
336110603,XY-Warm-Same-State S2 p2=10,0,spsa,sequential,2,random_shared_stream,20,120,5,20,1.9332939386367798,57,0.0987536832690239,0.022081993520259857,0.0004827383381780237,0.00046810987987555563,0.00040959619218483567,0.5007124101853951,0.014778350620464044,0.0494471900165081,3.8705830574035645
336110603,XY-Warm-Same-State S2 p2=10,0,spsa,sequential,2,random_shared_stream,25,120,5,20,1.9330788850784302,67,0.06403414905071259,0.01431847270578146,0.00019681788398884237,0.00019681788398884237,0.00019681788398884237,0.4588082353127622,0.014449008773880907,0.02937939763069153,3.9365792274475098
336110603,XY-Warm-Same-State S2 p2=10,0,spsa,sequential,2,random_shared_stream,30,120,5,20,1.9322279691696167,77,0.09468881785869598,0.021173065528273582,0.00043036663555540144,0.0003765708243008703,0.000448298582341522,0.4251014337004989,0.014185372641231635,0.04025235399603844,4.006761789321899
336110603,XY-Warm-Same-State S2 p2=10,0,spsa,sequential,2,random_shared_stream,35,120,5,20,1.931910514831543,87,0.15608568489551544,0.03490182384848595,0.0011085047153756022,0.0010232351487502456,0.0011694116983562708,0.397269964911696,0.013966227856027484,0.06200815364718437,4.077364683151245
336110603,XY-Warm-Same-State S2 p2=10,0,spsa,sequential,2,random_shared_stream,40,120,5,20,1.9314771890640259,97,0.2581036388874054,0.05771372839808464,0.0031976394820958376,0.0031976394820958376,0.0021317596547305584,0.37381319708404337,0.013779134410346052,0.09648255258798599,4.147813081741333
336110603,XY-Warm-Same-State S2 p2=10,0,spsa,sequential,2,random_shared_stream,45,120,5,20,1.9311485290527344,107,0.08897612243890762,0.01989566534757614,0.00039583747275173664,0.00039583753095939755,0.00039583753095939755,0.3537137799737681,0.013616187769422706,0.03147207945585251,4.215372562408447
336110603,XY-Warm-Same-State S2 p2=10,0,spsa,sequential,2,random_shared_stream,50,120,5,20,1.9311485290527344,117,0.021883469074964523,0.004893292672932148,2.011322430917062e-05,2.394431248831097e-05,8.61995249579195e-06,0.33625507320067427,0.013472060523173781,0.007358428090810776,4.281828880310059
336110603,XY-Warm-Same-State S2 p2=10,0,spsa,sequential,2,random_shared_stream,55,120,5,20,1.9311485290527344,127,0.05148208886384964,0.011511745862662792,0.00013119509094394743,0.0001325202756561339,0.00012721946404781193,0.32091617800233824,0.01334299625175472,0.016521435230970383,4.35093355178833
336110603,XY-Warm-Same-State S2 p2=10,0,spsa,sequential,2,random_shared_stream,60,120,5,20,1.9307615756988525,137,0.07712884247303009,0.017246533185243607,0.0002974428643938154,0.0002855451893992722,0.0002855451893992722,0.30730843408744113,0.013226249755755135,0.023702342063188553,4.420924663543701
336110603,XY-Warm-Same-State S2 p2=10,0,spsa,sequential,2,random_shared_stream,65,120,5,20,1.9307615756988525,147,0.03898920118808746,0.008718251250684261,7.296757394215092e-05,7.296758121810853e-05,4.8645051720086485e-05,0.29513534691663945,0.01311975565249048,0.011507091112434864,4.4896721839904785
336110603,XY-Warm-Same-State S2 p2=10,0,spsa,sequential,2,random_shared_stream,70,120,5,20,1.9302952289581299,157,0.16507090628147125,0.036910977214574814,0.0013487960677593946,0.0013079234631732106,0.0011444330448284745,0.28416638558118296,0.013021922119457682,0.04690760374069214,4.558729887008667
336110603,XY-Warm-Same-State S2 p2=10,0,spsa,sequential,2,random_shared_stream,75,120,5,20,1.9302952289581299,167,0.06472557783126831,0.014473079703748226,0.00019061773491557688,0.0002010912139667198,0.00017595481767784804,0.27421932180718983,0.01293149713891721,0.017749005928635597,4.627841472625732
336110603,XY-Warm-Same-State S2 p2=10,0,spsa,sequential,2,random_shared_stream,80,120,5,20,1.9302287101745605,177,0.020831039175391197,0.00465796235948801,2.16966109292116e-05,2.1696609110222198e-05,2.1696609110222198e-05,0.2651480090540242,0.012847478719003411,0.0055233086459338665,4.696940898895264
336110603,XY-Warm-Same-State S2 p2=10,0,spsa,sequential,2,random_shared_stream,85,120,5,20,1.9302287101745605,187,0.04642706364393234,0.010381407104432583,0.00010669588664313778,0.00010777361603686586,0.00010346267663408071,0.25683372963618645,0.012769052840860788,0.011924035847187042,4.766075849533081
336110603,XY-Warm-Same-State S2 p2=10,0,spsa,sequential,2,random_shared_stream,90,120,5,20,1.9301880598068237,197,0.013752602972090244,0.0030751756858080626,9.078436050913297e-06,9.456704901822377e-06,7.943631317175459e-06,0.24917894291020856,0.01269554947299621,0.0034268591552972794,4.8351569175720215
336110603,XY-Warm-Same-State S2 p2=10,0,spsa,sequential,2,random_shared_stream,95,120,5,20,1.9301880598068237,207,0.025966912508010864,0.005806378088891506,3.337688758620061e-05,3.371402635821141e-05,3.236546763218939e-05,0.24210268633106993,0.012626410699612943,0.006286659277975559,4.904262542724609
336110603,XY-Warm-Same-State S2 p2=10,0,spsa,sequential,2,random_shared_stream,100,120,5,20,1.9300897121429443,217,0.09927166998386383,0.022197820246219635,0.00044839634210802615,0.0004139042866881937,0.0004730334912892431,0.23553713755912384,0.012561167176266359,0.023382164537906647,4.973366022109985
336110603,XY-Warm-Same-State S2 p2=10,0,spsa,sequential,2,random_shared_stream,105,120,5,20,1.9300897121429443,227,0.008274408988654613,0.001850214204750955,3.286360424681334e-06,3.286360424681334e-06,3.286360424681334e-06,0.22942500705062033,0.01249942043693397,0.001898356480523944,5.04251503944397
336110603,XY-Warm-Same-State S2 p2=10,0,spsa,sequential,2,random_shared_stream,110,120,5,20,1.930072546005249,237,0.051422953605651855,0.011498522013425827,0.00012692736345343292,0.00012692736345343292,0.00012692736345343292,0.22371753446307824,0.012440829393713411,0.011504216119647026,5.108795404434204
336110603,XY-Warm-Same-State S2 p2=10,0,spsa,sequential,2,random_shared_stream,115,120,5,20,1.929906964302063,247,0.04552038386464119,0.01017866749316454,0.0001036052854033187,9.946106001734734e-05,9.946106001734734e-05,0.21837293061902194,0.012385099893453082,0.009940419346094131,5.175169944763184
336110603,XY-Warm-Same-State S2 p2=10,0,spsa,sequential,2,random_shared_stream,120,120,5,20,1.929906964302063,257,0.05377901345491409,0.012025352567434311,0.000131594279082492,5.205928027862683e-05,0.00013882474740967155,0.21335515271093222,0.012331976538504544,0.011474029161036015,5.241048097610474
336110603,XY-Warm-Same-State S2 p2=10,0,spsa,sequential,3,random_shared_stream,1,120,5,20,1.9135661125183105,19,2.60337233543396,0.5821318030357361,0.33548861742019653,0.3253222703933716,0.3388773798942566,0.1736960462890846,0.02,0.25,5.373875141143799
336110603,XY-Warm-Same-State S2 p2=10,0,spsa,sequential,3,random_shared_stream,5,120,5,20,1.9135661125183105,27,0.7644578218460083,0.17093797028064728,0.028050998225808144,0.024544622749090195,0.029219787567853928,0.1477929032316297,0.016999416915812672,0.11298144608736038,5.427676439285278
336110603,XY-Warm-Same-State S2 p2=10,0,spsa,sequential,3,random_shared_stream,10,120,5,20,1.9107686281204224,37,3.473397970199585,0.7766754031181335,0.6032246351242065,0.579095721244812,0.5790956616401672,0.1265451128024853,0.015850026609609436,0.25,5.487863779067993
336110603,XY-Warm-Same-State S2 p2=10,0,spsa,sequential,3,random_shared_stream,15,120,5,20,1.9107686281204224,47,0.2590078115463257,0.057915907353162766,0.0030523694586008787,0.0012075308477506042,0.0032200824934989214,0.11186721987101114,0.015214047873475552,0.028974484652280807,5.548577547073364
336110603,XY-Warm-Same-State S2 p2=10,0,spsa,sequential,3,random_shared_stream,20,120,5,20,1.9107686281204224,57,0.20288243889808655,0.045365892350673676,0.002037483500316739,0.0017287738155573606,0.0019757417030632496,0.1009912026905151,0.014778350620464044,0.020489342510700226,5.608137607574463
336110603,XY-Warm-Same-State S2 p2=10,0,spsa,sequential,3,random_shared_stream,25,120,5,20,1.9036924839019775,67,2.1145291328430176,0.47282305359840393,0.2213260680437088,0.2146192044019699,0.22356167435646057,0.09253933904173131,0.014449008773880907,0.19567714631557465,5.676060914993286
336110603,XY-Warm-Same-State S2 p2=10,0,spsa,sequential,3,random_shared_stream,30,120,5,20,1.892539143562317,77,2.862518548965454,0.6400786638259888,0.4056035876274109,0.34414854645729065,0.39331260323524475,0.08574084480746086,0.014185372641231635,0.24543476104736328,5.744745254516602
336110603,XY-Warm-Same-State S2 p2=10,0,spsa,sequential,3,random_shared_stream,35,120,5,20,1.8822304010391235,87,0.734011173248291,0.16412988305091858,0.02693862095475197,0.02693862095475197,0.02693862095475197,0.08012737598094621,0.013966227856027484,0.058814384043216705,5.811995029449463
336110603,XY-Warm-Same-State S2 p2=10,0,spsa,sequential,3,random_shared_stream,40,120,5,20,1.8822304010391235,97,1.2671685218811035,0.283347487449646,0.07948293536901474,0.07707436382770538,0.08028580248355865,0.0753962625794036,0.013779134410346052,0.09553977102041245,5.879690885543823
336110603,XY-Warm-Same-State S2 p2=10,0,spsa,sequential,3,random_shared_stream,45,120,5,20,1.8822304010391235,107,1.7665038108825684,0.3950022757053375,0.14978572726249695,0.14978572726249695,0.14978572726249695,0.07134231011876171,0.013616187769422706,0.1260264664888382,5.9467387199401855
336110603,XY-Warm-Same-State S2 p2=10,0,spsa,sequential,3,random_shared_stream,50,120,5,20,1.8820301294326782,117,0.17148645222187042,0.038345541805028915,0.0014556765090674162,0.0014115652302280068,0.0014703802298754454,0.06782097579876162,0.013472060523173781,0.011630378663539886,6.013489246368408
336110603,XY-Warm-Same-State S2 p2=10,0,spsa,sequential,3,random_shared_stream,55,120,5,20,1.8616290092468262,127,3.726288318634033,0.8332234621047974,0.5206959247589111,0.6664907932281494,0.24993404746055603,0.06472719692986931,0.01334299625175472,0.24119219183921814,6.080806016921997
336110603,XY-Warm-Same-State S2 p2=10,0,spsa,sequential,3,random_shared_stream,60,120,5,20,1.8616290092468262,137,2.841856002807617,0.6354584097862244,0.33919817209243774,0.38765501976013184,0.2584366798400879,0.06198258266444464,0.013226249755755135,0.17614558339118958,6.148956537246704
336110603,XY-Warm-Same-State S2 p2=10,0,spsa,sequential,3,random_shared_stream,65,120,5,20,1.8616290092468262,147,0.8034741878509521,0.17966228723526,0.030987396836280823,0.02711397409439087,0.03227853775024414,0.059527331528606904,0.01311975565249048,0.04782867431640625,6.214425325393677
336110603,XY-Warm-Same-State S2 p2=10,0,spsa,sequential,3,random_shared_stream,70,120,5,20,1.8616290092468262,157,2.2730820178985596,0.5082765817642212,0.2480112761259079,0.21700987219810486,0.2583450973033905,0.05731494658467603,0.013021922119457682,0.13028156757354736,6.281390905380249
336110603,XY-Warm-Same-State S2 p2=10,0,spsa,sequential,3,random_shared_stream,75,120,5,20,1.8545358180999756,167,3.6447508335113525,0.8149911165237427,0.6044315099716187,0.5579367876052856,0.6376420259475708,0.05530867329617722,0.01293149713891721,0.20158633589744568,6.347525119781494
336110603,XY-Warm-Same-State S2 p2=10,0,spsa,sequential,3,random_shared_stream,80,120,5,20,1.8117092847824097,177,15.916552543640137,3.559049367904663,12.540163040161133,12.160158157348633,10.640138626098633,0.05347903463276801,0.012847478719003411,0.25,6.416752099990845
336110603,XY-Warm-Same-State S2 p2=10,0,spsa,sequential,3,random_shared_stream,85,120,5,20,1.7794429063796997,187,9.60466194152832,2.147667646408081,4.427977085113525,3.8744800090789795,4.612476348876953,0.051802085827761295,0.012769052840860788,0.25,6.483594655990601
336110603,XY-Warm-Same-State S2 p2=10,0,spsa,sequential,3,random_shared_stream,90,120,5,20,1.7331945896148682,197,1.367680549621582,0.3058226704597473,0.09259222447872162,0.08978639543056488,0.09352751076221466,0.05025815341851732,0.01269554947299621,0.06873709708452225,6.55000114440918
336110603,XY-Warm-Same-State S2 p2=10,0,spsa,sequential,3,random_shared_stream,95,120,5,20,1.7331945896148682,207,0.45125430822372437,0.10090353339910507,0.010079706087708473,0.010181521996855736,0.00977426115423441,0.048830907662397005,0.012626410699612943,0.022035157307982445,6.617113828659058
336110603,XY-Warm-Same-State S2 p2=10,0,spsa,sequential,3,random_shared_stream,100,120,5,20,1.7331945896148682,217,1.935924768447876,0.43288594484329224,0.17989464104175568,0.17989464104175568,0.17989464104175568,0.04750666913082843,0.012561167176266359,0.09196934103965759,6.682971239089966
336110603,XY-Warm-Same-State S2 p2=10,0,spsa,sequential,3,random_shared_stream,105,120,5,20,1.7331945896148682,227,6.4351019859313965,1.4389326572418213,1.8841794729232788,1.9877055883407593,1.7392425537109375,0.046273882807784016,0.01249942043693397,0.25,6.751426696777344
336110603,XY-Warm-Same-State S2 p2=10,0,spsa,sequential,3,random_shared_stream,110,120,5,20,1.7331945896148682,237,6.493369102478027,1.4519615173339844,2.0871102809906006,2.108191967010498,2.023864507675171,0.04512271397470956,0.012440829393713411,0.25,6.817884683609009
336110603,XY-Warm-Same-State S2 p2=10,0,spsa,sequential,3,random_shared_stream,115,120,5,20,1.7331945896148682,247,0.5766130685806274,0.1289346069097519,0.01595916785299778,0.01595916785299778,0.01595916785299778,0.044044733962359264,0.012385099893453082,0.025396769866347313,6.884917497634888
336110603,XY-Warm-Same-State S2 p2=10,0,spsa,sequential,3,random_shared_stream,120,120,5,20,1.7331945896148682,257,1.2417374849319458,0.27766093611717224,0.07709559798240662,0.07709559798240662,0.07709559798240662,0.04303267311572627,0.012331976538504544,0.05343528091907501,6.951297760009766
336110603,XY-Warm-Same-State S2 p2=10,0,spsa,sequential,4,continuation,1,120,5,20,-0.14279581606388092,19,6.154734134674072,1.3762403726577759,1.8940376043319702,1.8182761669158936,1.8182761669158936,0.07400035744839714,0.02,0.25,7.083624839782715
336110603,XY-Warm-Same-State S2 p2=10,0,spsa,sequential,4,continuation,5,120,5,20,-0.14279581606388092,27,127.26918029785156,28.458255767822266,736.9837646484375,809.8721923828125,518.3182373046875,0.0629647473338272,0.016999416915812672,0.25,7.139640808105469
336110603,XY-Warm-Same-State S2 p2=10,0,spsa,sequential,4,continuation,10,120,5,20,-0.14279581606388092,37,6.329151153564453,1.4152412414550781,2.0029079914093018,1.9227912425994873,1.9227914810180664,0.05391247400730344,0.015850026609609436,0.25,7.206786870956421
336110603,XY-Warm-Same-State S2 p2=10,0,spsa,sequential,4,continuation,15,120,5,20,-0.14279581606388092,47,16.38522720336914,3.6638481616973877,12.886831283569336,11.275979042053223,13.423784255981445,0.04765919797296778,0.015214047873475552,0.25,7.272627353668213
336110603,XY-Warm-Same-State S2 p2=10,0,spsa,sequential,4,continuation,20,120,5,20,-0.14279581606388092,57,52.426490783691406,11.722920417785645,136.05258178710938,131.92979431152344,115.43856048583984,0.04302564887287988,0.014778350620464044,0.25,7.339528799057007
336110603,XY-Warm-Same-State S2 p2=10,0,spsa,sequential,4,continuation,25,120,5,20,-0.14279581606388092,67,1.2368128299713135,0.2765597999095917,0.0696016252040863,0.07342588901519775,0.06424765288829803,0.03942487070620713,0.014449008773880907,0.048761188983917236,7.405263423919678
336110603,XY-Warm-Same-State S2 p2=10,0,spsa,sequential,4,continuation,30,120,5,20,-0.14279581606388092,77,23.19385528564453,5.186303615570068,24.476947784423828,26.89774513244629,17.214557647705078,0.03652848351608319,0.014185372641231635,0.25,7.470665693283081
336110603,XY-Warm-Same-State S2 p2=10,0,spsa,sequential,4,continuation,35,120,5,20,-0.14279581606388092,87,2.7823448181152344,0.6221511960029602,0.3870721459388733,0.3870721459388733,0.3870721459388733,0.034136957004327326,0.013966227856027484,0.09498079121112823,7.5382866859436035
336110603,XY-Warm-Same-State S2 p2=10,0,spsa,sequential,4,continuation,40,120,5,20,-0.14279581606388092,97,77.81820678710938,17.400680541992188,299.755859375,290.6723327636719,254.33828735351562,0.03212134357890501,0.013779134410346052,0.25,7.603821039199829
336110603,XY-Warm-Same-State S2 p2=10,0,spsa,sequential,4,continuation,45,120,5,20,-0.14279581606388092,107,27.868160247802734,6.231510162353516,35.33686065673828,37.27845001220703,32.61864471435547,0.030394223488520083,0.013616187769422706,0.25,7.669764995574951
336110603,XY-Warm-Same-State S2 p2=10,0,spsa,sequential,4,continuation,50,120,5,20,-0.14279581606388092,117,26.99094581604004,6.0353593826293945,36.061302185058594,30.597469329833984,34.96853256225586,0.028894016639012244,0.013472060523173781,0.25,7.738485336303711
336110603,XY-Warm-Same-State S2 p2=10,0,spsa,sequential,4,continuation,55,120,5,20,-0.14279581606388092,127,35.15224075317383,7.8602800369262695,61.16615676879883,51.8985595703125,59.31264114379883,0.027575962791181418,0.01334299625175472,0.25,7.805332660675049
336110603,XY-Warm-Same-State S2 p2=10,0,spsa,sequential,4,continuation,60,120,5,20,-0.14279581606388092,137,76.16094207763672,17.03010368347168,290.02447509765625,243.6205291748047,243.6205291748047,0.026406664807499227,0.013226249755755135,0.25,7.8728718757629395
336110603,XY-Warm-Same-State S2 p2=10,0,spsa,sequential,4,continuation,65,120,5,20,-0.14279581606388092,147,143.9109649658203,32.17947006225586,1025.1630859375,869.8353271484375,662.7317504882812,0.025360645248854886,0.01311975565249048,0.25,7.9383485317230225
336110603,XY-Warm-Same-State S2 p2=10,0,spsa,sequential,4,continuation,70,120,5,20,-0.14279581606388092,157,58.088497161865234,12.988983154296875,107.97676086425781,107.97676086425781,107.97676086425781,0.024418094856016006,0.013021922119457682,0.25,8.004287719726562
336110603,XY-Warm-Same-State S2 p2=10,0,spsa,sequential,4,continuation,75,120,5,20,-0.14279581606388092,167,0.9268537759780884,0.20725078880786896,0.041234780102968216,0.03608042746782303,0.042952895164489746,0.02356335496031918,0.01293149713891721,0.02183978445827961,8.072027921676636
336110603,XY-Warm-Same-State S2 p2=10,0,spsa,sequential,4,continuation,80,120,5,20,-0.14279581606388092,177,28.166906356811523,6.298311710357666,33.32173538208008,25.387989044189453,38.08198547363281,0.02278386735546978,0.012847478719003411,0.25,8.13541841506958
336110603,XY-Warm-Same-State S2 p2=10,0,spsa,sequential,4,continuation,85,120,5,20,-0.14279581606388092,187,28.730806350708008,6.424403667449951,40.8602294921875,41.2729606628418,39.62204360961914,0.022069430765550936,0.012769052840860788,0.25,8.199783325195312
336110603,XY-Warm-Same-State S2 p2=10,0,spsa,sequential,4,continuation,90,120,5,20,-0.14279581606388092,197,53.88298416137695,12.048602104187012,143.71710205078125,145.16879272460938,139.36204528808594,0.021411663633822048,0.01269554947299621,0.25,8.267849683761597
336110603,XY-Warm-Same-State S2 p2=10,0,spsa,sequential,4,continuation,95,120,5,20,-0.14279581606388092,207,57.39314651489258,12.83349895477295,164.69866943359375,158.11073303222656,158.1107177734375,0.02080360894071849,0.012626410699612943,0.25,8.333644151687622
336110603,XY-Warm-Same-State S2 p2=10,0,spsa,sequential,4,continuation,100,120,5,20,-0.14279581606388092,217,0.3061760663986206,0.0684630498290062,0.004687189124524593,0.0044997017830610275,0.00449970131739974,0.02023943878960335,0.012561167176266359,0.006196832284331322,8.401583909988403
336110603,XY-Warm-Same-State S2 p2=10,0,spsa,sequential,4,continuation,105,120,5,20,-0.14279581606388092,227,52.880523681640625,11.824443817138672,139.81747436523438,134.2247772216797,134.2247772216797,0.01971423035503166,0.01249942043693397,0.25,8.46903657913208
336110603,XY-Warm-Same-State S2 p2=10,0,spsa,sequential,4,continuation,110,120,5,20,-0.14279581606388092,237,21.30909538269043,4.764858245849609,20.660526275634766,21.795719146728516,8.173395156860352,0.01922379371613899,0.012440829393713411,0.25,8.533817291259766
336110603,XY-Warm-Same-State S2 p2=10,0,spsa,sequential,4,continuation,115,120,5,20,-0.14279581606388092,247,119.33116149902344,26.68326187133789,704.8763427734375,598.076904296875,683.5164794921875,0.018764537976354415,0.012385099893453082,0.25,8.602220058441162
336110603,XY-Warm-Same-State S2 p2=10,0,spsa,sequential,4,continuation,120,120,5,20,-0.14279581606388092,257,100.6218032836914,22.499719619750977,501.17498779296875,485.9878845214844,425.2394104003906,0.018333366018152653,0.012331976538504544,0.25,8.669665575027466
336110603,XY-Warm-Same-State S2 p2=12,0,spsa,sequential,0,deterministic_linear_ramp,1,120,5,24,2.28564190864563,19,8.485137939453125,1.732021689414978,2.999898672103882,2.999898672103882,2.999898672103882,0.025013859798949423,0.02,0.21224604547023773,0.1449909210205078
336110603,XY-Warm-Same-State S2 p2=12,0,spsa,sequential,0,deterministic_linear_ramp,5,120,5,24,2.168898820877075,27,21.335973739624023,4.35518741607666,18.835935592651367,18.440778732299805,16.860137939453125,0.0212835642474149,0.016999416915812672,0.25,0.20905733108520508
336110603,XY-Warm-Same-State S2 p2=12,0,spsa,sequential,0,deterministic_linear_ramp,10,120,5,24,1.937842845916748,37,18.68311882019043,3.81367564201355,14.544121742248535,12.928108215332031,12.928108215332031,0.018223683137930616,0.015850026609609436,0.25,0.2878139019012451
336110603,XY-Warm-Same-State S2 p2=12,0,spsa,sequential,0,deterministic_linear_ramp,15,120,5,24,1.8743847608566284,47,4.850797653198242,0.9901649355888367,0.97361820936203,0.9531925320625305,0.9804266095161438,0.016109928888620697,0.015214047873475552,0.07814601063728333,0.3656005859375
336110603,XY-Warm-Same-State S2 p2=12,0,spsa,sequential,0,deterministic_linear_ramp,20,120,5,24,1.8420240879058838,57,4.298222541809082,0.8773710131645203,0.7483971118927002,0.6842488646507263,0.7697799205780029,0.014543680406078298,0.014778350620464044,0.06251197308301926,0.44417881965637207
336110603,XY-Warm-Same-State S2 p2=12,0,spsa,sequential,0,deterministic_linear_ramp,25,120,5,24,1.7422418594360352,67,12.011783599853516,2.451895236968994,5.844795227050781,4.5088419914245605,5.844795227050781,0.013326532768770213,0.014449008773880907,0.16007542610168457,0.5226809978485107
336110603,XY-Warm-Same-State S2 p2=12,0,spsa,sequential,0,deterministic_linear_ramp,30,120,5,24,1.6235545873641968,77,7.960996150970459,1.6250314712524414,2.567373514175415,2.567373752593994,2.567373752593994,0.012347485834466482,0.014185372641231635,0.09829828143119812,0.6005840301513672
336110603,XY-Warm-Same-State S2 p2=12,0,spsa,sequential,0,deterministic_linear_ramp,35,120,5,24,1.569383978843689,87,27.869421005249023,5.688821792602539,32.1379508972168,31.463729858398438,28.7668399810791,0.011539093673492842,0.013966227856027484,0.25,0.675710916519165
336110603,XY-Warm-Same-State S2 p2=12,0,spsa,sequential,0,deterministic_linear_ramp,40,120,5,24,1.4935606718063354,97,6.756010055541992,1.379064917564392,1.7829560041427612,1.6905064582824707,1.8489913940429688,0.010857768969520265,0.013779134410346052,0.07335519790649414,0.7532529830932617
336110603,XY-Warm-Same-State S2 p2=12,0,spsa,sequential,0,deterministic_linear_ramp,45,120,5,24,1.4935606718063354,107,0.5485039949417114,0.11196290701627731,0.01114283874630928,0.009401769377291203,0.012187478132545948,0.010273961792278404,0.013616187769422706,0.005635309033095837,0.8307011127471924
336110603,XY-Warm-Same-State S2 p2=12,0,spsa,sequential,0,deterministic_linear_ramp,50,120,5,24,1.4935606718063354,117,12.927529335021973,2.6388211250305176,6.963375568389893,6.769948482513428,6.769948482513428,0.009766856622831341,0.013472060523173781,0.12626132369041443,0.9089374542236328
336110603,XY-Warm-Same-State S2 p2=12,0,spsa,sequential,0,deterministic_linear_ramp,55,120,5,24,1.4935606718063354,127,0.8203762173652649,0.16745859384536743,0.02628973126411438,0.021031783893704414,0.0280423816293478,0.009321323448480164,0.01334299625175472,0.007646992336958647,0.9865531921386719
336110603,XY-Warm-Same-State S2 p2=12,0,spsa,sequential,0,deterministic_linear_ramp,60,120,5,24,1.4935606718063354,137,13.37215805053711,2.7295806407928467,6.984945774078369,6.6227641105651855,7.243648052215576,0.008926073251919742,0.013226249755755135,0.11936086416244507,1.0630505084991455
336110603,XY-Warm-Same-State S2 p2=12,0,spsa,sequential,0,deterministic_linear_ramp,65,120,5,24,1.4935606718063354,147,34.42913818359375,7.027818202972412,40.81553268432617,43.90242385864258,37.042667388916016,0.008572494060020103,0.01311975565249048,0.25,1.141376256942749
336110603,XY-Warm-Same-State S2 p2=12,0,spsa,sequential,0,deterministic_linear_ramp,70,120,5,24,1.4935606718063354,157,3.0853230953216553,0.6297889947891235,0.3966341018676758,0.3856165111064911,0.3856165111064911,0.008253889877650345,0.013021922119457682,0.025465918704867363,1.2179224491119385
336110603,XY-Warm-Same-State S2 p2=12,0,spsa,sequential,0,deterministic_linear_ramp,75,120,5,24,1.4935606718063354,167,4.2646989822387695,0.8705281019210815,0.7104553580284119,0.7367684841156006,0.673616886138916,0.007964967706829234,0.01293149713891721,0.03396818786859512,1.2955358028411865
336110603,XY-Warm-Same-State S2 p2=12,0,spsa,sequential,0,deterministic_linear_ramp,80,120,5,24,1.4935606718063354,177,12.091230392456055,2.468111991882324,5.922365665435791,3.384209394454956,5.414734363555908,0.007701482578715923,0.012847478719003411,0.09312040358781815,1.374556303024292
336110603,XY-Warm-Same-State S2 p2=12,0,spsa,sequential,0,deterministic_linear_ramp,85,120,5,24,1.4935606718063354,187,15.760287284851074,3.217055082321167,10.277572631835938,10.061959266662598,10.349443435668945,0.007459986222324248,0.012769052840860788,0.11757152527570724,1.4502406120300293
336110603,XY-Warm-Same-State S2 p2=12,0,spsa,sequential,0,deterministic_linear_ramp,90,120,5,24,1.4935606718063354,197,8.453957557678223,1.7256569862365723,2.9778919219970703,2.9778919219970703,2.9778919219970703,0.007237645474512362,0.01269554947299621,0.06118674948811531,1.5291836261749268
336110603,XY-Warm-Same-State S2 p2=12,0,spsa,sequential,0,deterministic_linear_ramp,95,120,5,24,1.4935606718063354,207,5.305192470550537,1.0829179286956787,1.140135645866394,1.1401357650756836,1.140135645866394,0.00703210869918,0.012626410699612943,0.037306688725948334,1.6068346500396729
336110603,XY-Warm-Same-State S2 p2=12,0,spsa,sequential,0,deterministic_linear_ramp,100,120,5,24,1.4935606718063354,217,5.157934665679932,1.0528590679168701,1.1085121631622314,0.9853442311286926,0.9853441715240479,0.006841405930310444,0.012561167176266359,0.0352875255048275,1.6851177215576172
336110603,XY-Warm-Same-State S2 p2=12,0,spsa,sequential,0,deterministic_linear_ramp,105,120,5,24,1.4935606718063354,227,2.311617851257324,0.4718570411205292,0.21646438539028168,0.21646438539028168,0.21646438539028168,0.006663873137218693,0.01249942043693397,0.015404329635202885,1.7627527713775635
336110603,XY-Warm-Same-State S2 p2=12,0,spsa,sequential,0,deterministic_linear_ramp,110,120,5,24,1.4935606718063354,237,23.905359268188477,4.8796610832214355,19.677221298217773,17.858318328857422,21.165414810180664,0.006498094028190957,0.012440829393713411,0.1553392857313156,1.8383419513702393
336110603,XY-Warm-Same-State S2 p2=12,0,spsa,sequential,0,deterministic_linear_ramp,115,120,5,24,1.4935606718063354,247,6.557671546936035,1.3385790586471558,1.791793942451477,1.791793942451477,1.791793942451477,0.0063428547958015065,0.012385099893453082,0.041594356298446655,1.9128592014312744
336110603,XY-Warm-Same-State S2 p2=12,0,spsa,sequential,0,deterministic_linear_ramp,120,120,5,24,1.4935606718063354,257,15.036565780639648,3.069326162338257,6.215087413787842,7.065572261810303,5.233757495880127,0.006197108541545663,0.012331976538504544,0.09318322688341141,1.9923768043518066
336110603,XY-Warm-Same-State S2 p2=12,0,spsa,sequential,1,random_shared_stream,1,120,5,24,1.9317625761032104,19,0.1395915299654007,0.02849400043487549,0.0008062698761932552,0.0007216960075311363,0.0007893550209701061,0.8751579771002322,0.02,0.12216462939977646,2.1451544761657715
336110603,XY-Warm-Same-State S2 p2=12,0,spsa,sequential,1,random_shared_stream,5,120,5,24,1.9317625761032104,27,0.30331453680992126,0.06191382557153702,0.0037268400192260742,0.0038333211559802294,0.0034073966089636087,0.7446464153058361,0.016999416915812672,0.22586208581924438,2.208815813064575
336110603,XY-Warm-Same-State S2 p2=12,0,spsa,sequential,1,random_shared_stream,10,120,5,24,1.9295653104782104,37,0.3569602370262146,0.07286420464515686,0.00497736781835556,0.005161714740097523,0.0047192820347845554,0.6375905917157498,0.015850026609609436,0.2275944948196411,2.287541389465332
336110603,XY-Warm-Same-State S2 p2=12,0,spsa,sequential,1,random_shared_stream,15,120,5,24,1.9294990301132202,47,0.16837942600250244,0.034370310604572296,0.0011074856156483293,0.0011485036229714751,0.0010500603821128607,0.5636368353670083,0.015214047873475552,0.09490485489368439,2.3634068965911865
336110603,XY-Warm-Same-State S2 p2=12,0,spsa,sequential,1,random_shared_stream,20,120,5,24,1.927430510520935,57,0.2066766619682312,0.04218770191073418,0.0015820461558178067,0.0017303628847002983,0.0013348512584343553,0.5088386209116892,0.014778350620464044,0.10516506433486938,2.4418580532073975
336110603,XY-Warm-Same-State S2 p2=12,0,spsa,sequential,1,random_shared_stream,25,120,5,24,1.927090048789978,67,0.03150603920221329,0.006431143265217543,3.877462586387992e-05,4.135960261919536e-05,3.101970287389122e-05,0.46625437071358067,0.014449008773880907,0.01468982920050621,2.5179004669189453
336110603,XY-Warm-Same-State S2 p2=12,0,spsa,sequential,1,random_shared_stream,30,120,5,24,1.927090048789978,77,0.265522301197052,0.05419951304793358,0.0027539879083633423,0.0028559875208884478,0.0026111884508281946,0.43200053138617617,0.014185372641231635,0.11470576375722885,2.595492124557495
336110603,XY-Warm-Same-State S2 p2=12,0,spsa,sequential,1,random_shared_stream,35,120,5,24,1.927090048789978,87,0.6041075587272644,0.12331294268369675,0.014783690683543682,0.015206080861389637,0.013516516424715519,0.40371737740723324,0.013966227856027484,0.243888720870018,2.6723544597625732
336110603,XY-Warm-Same-State S2 p2=12,0,spsa,sequential,1,random_shared_stream,40,120,5,24,1.9248261451721191,97,0.04954596608877182,0.010113527998328209,0.00010228345490759239,0.00010228345490759239,0.00010228345490759239,0.379879922713332,0.013779134410346052,0.018821517005562782,2.7511608600616455
336110603,XY-Warm-Same-State S2 p2=12,0,spsa,sequential,1,random_shared_stream,45,120,5,24,1.9248261451721191,107,0.13154487311840057,0.026851486414670944,0.0006408909684978426,0.0006408909102901816,0.0006408909684978426,0.359454306180811,0.013616187769422706,0.04728437587618828,2.828864812850952
336110603,XY-Warm-Same-State S2 p2=12,0,spsa,sequential,1,random_shared_stream,50,120,5,24,1.9193665981292725,117,1.261116623878479,0.25742435455322266,0.06626730412244797,0.058904264122247696,0.058904264122247696,0.3417122568594583,0.013472060523173781,0.25,2.9053735733032227
336110603,XY-Warm-Same-State S2 p2=12,0,spsa,sequential,1,random_shared_stream,55,120,5,24,1.9068175554275513,127,0.8540342450141907,0.17432901263237,0.02701386995613575,0.029546422883868217,0.02279295213520527,0.32612442216580584,0.01334299625175472,0.25,2.9836010932922363
336110603,XY-Warm-Same-State S2 p2=12,0,spsa,sequential,1,random_shared_stream,60,120,5,24,1.9068175554275513,137,0.2643333375453949,0.05395681783556938,0.0028911202680319548,0.0028304674196988344,0.002911337884142995,0.3122958341249943,0.013226249755755135,0.08255019783973694,3.060180425643921
336110603,XY-Warm-Same-State S2 p2=12,0,spsa,sequential,1,random_shared_stream,65,120,5,24,1.9068175554275513,147,2.5881378650665283,0.5283014178276062,0.27134954929351807,0.27134954929351807,0.27134954929351807,0.29992518629955883,0.01311975565249048,0.25,3.1380743980407715
336110603,XY-Warm-Same-State S2 p2=12,0,spsa,sequential,1,random_shared_stream,70,120,5,24,1.9068175554275513,157,0.9110594987869263,0.1859692633152008,0.03362387791275978,0.03458455950021744,0.03074183128774166,0.2887782064260208,0.013021922119457682,0.25,3.216067314147949
336110603,XY-Warm-Same-State S2 p2=12,0,spsa,sequential,1,random_shared_stream,75,120,5,24,1.9068175554275513,167,0.14207760989665985,0.029001470655202866,0.000841085275169462,0.0008177217678166926,0.0008177217678166926,0.27866970879360703,0.01293149713891721,0.03959272801876068,3.2920963764190674
336110603,XY-Warm-Same-State S2 p2=12,0,spsa,sequential,1,random_shared_stream,80,120,5,24,1.9068175554275513,177,0.840448796749115,0.17155590653419495,0.029227040708065033,0.029431423172354698,0.02861388586461544,0.26945117500597754,0.012847478719003411,0.22645990550518036,3.3694136142730713
336110603,XY-Warm-Same-State S2 p2=12,0,spsa,sequential,1,random_shared_stream,85,120,5,24,1.905134916305542,187,0.11825012415647507,0.0241377055644989,0.0005178922438062727,0.0005178923020139337,0.0005178923020139337,0.26100196067298237,0.012769052840860788,0.03086351603269577,3.4470882415771484
336110603,XY-Warm-Same-State S2 p2=12,0,spsa,sequential,1,random_shared_stream,90,120,5,24,1.905134916305542,197,2.649846076965332,0.5408975481987,0.2844431698322296,0.284443199634552,0.2844432294368744,0.25322294213502067,0.01269554947299621,0.25,3.523958921432495
336110603,XY-Warm-Same-State S2 p2=12,0,spsa,sequential,1,random_shared_stream,95,120,5,24,1.8966623544692993,207,0.9342787265777588,0.19070884585380554,0.03535958752036095,0.03636986389756203,0.0323287695646286,0.24603184288183266,0.012626410699612943,0.22986231744289398,3.6028170585632324
336110603,XY-Warm-Same-State S2 p2=12,0,spsa,sequential,1,random_shared_stream,100,120,5,24,1.8966623544692993,217,0.034799862653017044,0.007103492505848408,4.485297540668398e-05,3.7844700273126364e-05,4.905794412479736e-05,0.23935973986483633,0.012561167176266359,0.008329685777425766,3.6800100803375244
336110603,XY-Warm-Same-State S2 p2=12,0,spsa,sequential,1,random_shared_stream,105,120,5,24,1.8966623544692993,227,1.4693284034729004,0.29992541670799255,0.08745649456977844,0.07996021956205368,0.08995524793863297,0.23314841377122575,0.01249942043693397,0.25,3.758345603942871
336110603,XY-Warm-Same-State S2 p2=12,0,spsa,sequential,1,random_shared_stream,110,120,5,24,1.89341139793396,237,1.029566764831543,0.21015945076942444,0.041406553238630295,0.04294012859463692,0.03925954923033714,0.22734831291240964,0.012440829393713411,0.23407025635242462,3.8348920345306396
336110603,XY-Warm-Same-State S2 p2=12,0,spsa,sequential,1,random_shared_stream,115,120,5,24,1.89341139793396,247,1.1538993120193481,0.23553870618343353,0.05393742024898529,0.05547848343849182,0.04931420460343361,0.2219169699019139,0.012385099893453082,0.25,3.912813425064087
336110603,XY-Warm-Same-State S2 p2=12,0,spsa,sequential,1,random_shared_stream,120,120,5,24,1.89341139793396,257,0.10245659202337265,0.02091386541724205,0.0004343523469287902,0.00043738973909057677,0.0004252400540281087,0.21681775698276906,0.012331976538504544,0.022214410826563835,3.9908030033111572
336110603,XY-Warm-Same-State S2 p2=12,0,spsa,sequential,2,random_shared_stream,1,120,5,24,1.9365317821502686,19,0.2386239767074585,0.04870891571044922,0.002356082433834672,0.0023725584615021944,0.002306654118001461,1.2668144862150659,0.02,0.25,4.14534068107605
336110603,XY-Warm-Same-State S2 p2=12,0,spsa,sequential,2,random_shared_stream,5,120,5,24,1.93369722366333,27,0.18413929641246796,0.037587277591228485,0.0014029922895133495,0.0013735588872805238,0.0012558252783492208,1.0778955236667098,0.016999416915812672,0.1984829306602478,4.2077391147613525
336110603,XY-Warm-Same-State S2 p2=12,0,spsa,sequential,2,random_shared_stream,10,120,5,24,1.93369722366333,37,0.2487262785434723,0.050771038979291916,0.0025060956832021475,0.0025776983238756657,0.0022912875283509493,0.9229293670340848,0.015850026609609436,0.22955679893493652,4.286007881164551
336110603,XY-Warm-Same-State S2 p2=12,0,spsa,sequential,2,random_shared_stream,15,120,5,24,1.93195378780365,47,0.11087746173143387,0.022632768377661705,0.0004980132216587663,0.0005122421425767243,0.00045532637159340084,0.8158793345782012,0.015214047873475552,0.09046262502670288,4.36164665222168
336110603,XY-Warm-Same-State S2 p2=12,0,spsa,sequential,2,random_shared_stream,20,120,5,24,1.9316550493240356,57,0.09017899632453918,0.018407709896564484,0.0003364906879141927,0.0003388437908142805,0.00032943146652542055,0.7365574593200529,0.014778350620464044,0.06642201542854309,4.435861349105835
336110603,XY-Warm-Same-State S2 p2=12,0,spsa,sequential,2,random_shared_stream,25,120,5,24,1.930879831314087,67,0.1182638481259346,0.024140506982803345,0.0005787170957773924,0.0005665762000717223,0.000582764099817723,0.6749156227063736,0.014449008773880907,0.07981811463832855,4.515628337860107
336110603,XY-Warm-Same-State S2 p2=12,0,spsa,sequential,2,random_shared_stream,30,120,5,24,1.930879831314087,77,0.4343787729740143,0.08866719901561737,0.006988330278545618,0.005896403919905424,0.0076434859074652195,0.6253322777516495,0.014185372641231635,0.25,4.591104745864868
336110603,XY-Warm-Same-State S2 p2=12,0,spsa,sequential,2,random_shared_stream,35,120,5,24,1.930879831314087,87,0.010286596603691578,0.0020997426472604275,4.286448984203162e-06,4.2864494389505126e-06,4.2864494389505126e-06,0.5843916588989316,0.013966227856027484,0.0060114008374512196,4.66858434677124
336110603,XY-Warm-Same-State S2 p2=12,0,spsa,sequential,2,random_shared_stream,40,120,5,24,1.930879831314087,97,0.29594072699546814,0.06040864810347557,0.0036492047365754843,0.0036492047365754843,0.0036492047365754843,0.5498863081955228,0.013779134410346052,0.1627337485551834,4.744729995727539
336110603,XY-Warm-Same-State S2 p2=12,0,spsa,sequential,2,random_shared_stream,45,120,5,24,1.930879831314087,107,0.1371420919895172,0.02799401246011257,0.000761896139010787,0.0007836646400392056,0.0006965908105485141,0.5203196841226806,0.013616187769422706,0.07135772705078125,4.822230815887451
336110603,XY-Warm-Same-State S2 p2=12,0,spsa,sequential,2,random_shared_stream,50,120,5,24,1.930879831314087,117,0.10783128440380096,0.02201097086071968,0.0004710249195341021,0.0003633620508480817,0.0004710249195341021,0.49463759507870725,0.013472060523173781,0.05333741009235382,4.899642467498779
336110603,XY-Warm-Same-State S2 p2=12,0,spsa,sequential,2,random_shared_stream,55,120,5,24,1.930879831314087,127,0.28324830532073975,0.057817816734313965,0.002205385360866785,0.0018571666441857815,0.002507175086066127,0.47207378909698666,0.01334299625175472,0.13371409475803375,4.977053642272949
336110603,XY-Warm-Same-State S2 p2=12,0,spsa,sequential,2,random_shared_stream,60,120,5,24,1.9299991130828857,137,0.24764278531074524,0.05054987594485283,0.0025375443510711193,0.0024843092542141676,0.002555289538577199,0.4520565395118937,0.013226249755755135,0.11194854229688644,5.055742502212524
336110603,XY-Warm-Same-State S2 p2=12,0,spsa,sequential,2,random_shared_stream,65,120,5,24,1.927677035331726,147,0.4162885546684265,0.08497454971075058,0.0071705300360918045,0.007020098622888327,0.007220672909170389,0.43414969722834135,0.01311975565249048,0.18073153495788574,5.13284969329834
336110603,XY-Warm-Same-State S2 p2=12,0,spsa,sequential,2,random_shared_stream,70,120,5,24,1.927677035331726,157,0.20322756469249725,0.04148365184664726,0.00172089331317693,0.0016730907373130322,0.0016730907373130322,0.41801414690389005,0.013021922119457682,0.08495199680328369,5.210021257400513
336110603,XY-Warm-Same-State S2 p2=12,0,spsa,sequential,2,random_shared_stream,75,120,5,24,1.927677035331726,167,0.025448419153690338,0.00519463699311018,2.623468935780693e-05,2.623468935780693e-05,2.623468935780693e-05,0.4033818272888157,0.01293149713891721,0.010265430435538292,5.287681341171265
336110603,XY-Warm-Same-State S2 p2=12,0,spsa,sequential,2,random_shared_stream,80,120,5,24,1.927677035331726,177,0.3575851023197174,0.0729917511343956,0.005179801490157843,0.0039958469569683075,0.005179801490157843,0.3900377540478602,0.012847478719003411,0.13947167992591858,5.364741563796997
336110603,XY-Warm-Same-State S2 p2=12,0,spsa,sequential,2,random_shared_stream,85,120,5,24,1.927677035331726,187,0.1092858836054802,0.02230788767337799,0.0004976418567821383,0.00044234833330847323,0.00044234830420464277,0.37780729121229334,0.012769052840860788,0.04128900170326233,5.442731618881226
336110603,XY-Warm-Same-State S2 p2=12,0,spsa,sequential,2,random_shared_stream,90,120,5,24,1.927677035331726,197,1.2630865573883057,0.2578265070915222,0.062319833785295486,0.059088435024023056,0.0646279826760292,0.36654695464417125,0.01269554947299621,0.25,5.518629789352417
336110603,XY-Warm-Same-State S2 p2=12,0,spsa,sequential,2,random_shared_stream,95,120,5,24,1.9239078760147095,207,0.45369139313697815,0.09260936826467514,0.007087519858032465,0.008338258601725101,0.004764719400554895,0.3561376469030324,0.012626410699612943,0.16157658398151398,5.597582817077637
336110603,XY-Warm-Same-State S2 p2=12,0,spsa,sequential,2,random_shared_stream,100,120,5,24,1.9239078760147095,217,0.13599145412445068,0.027759140357375145,0.0007224091677926481,0.0007491650176234543,0.0006849509081803262,0.346479600039932,0.012561167176266359,0.04711826145648956,5.675256729125977
336110603,XY-Warm-Same-State S2 p2=12,0,spsa,sequential,2,random_shared_stream,105,120,5,24,1.9239078760147095,227,0.3115454614162445,0.06359395384788513,0.003931852523237467,0.003931852523237467,0.003931852523237467,0.33748854004861073,0.01249942043693397,0.10514302551746368,5.752431631088257
336110603,XY-Warm-Same-State S2 p2=12,0,spsa,sequential,2,random_shared_stream,110,120,5,24,1.9239078760147095,237,0.597625195980072,0.12198974192142487,0.014468121342360973,0.013227995485067368,0.014881495386362076,0.32909273953976714,0.012440829393713411,0.19667412340641022,5.829426050186157
336110603,XY-Warm-Same-State S2 p2=12,0,spsa,sequential,2,random_shared_stream,115,120,5,24,1.9239078760147095,247,0.1399758905172348,0.028572460636496544,0.0008163854363374412,0.0007256758981384337,0.0007256758981384337,0.3212307258401412,0.012385099893453082,0.04496455565094948,5.90620756149292
336110603,XY-Warm-Same-State S2 p2=12,0,spsa,sequential,2,random_shared_stream,120,120,5,24,1.9224601984024048,257,0.12961576879024506,0.026457708328962326,0.0006805656012147665,0.0006222313968464732,0.0007000102777965367,0.31384947929574974,0.012331976538504544,0.04067984223365784,5.984581232070923
336110603,XY-Warm-Same-State S2 p2=12,0,spsa,sequential,3,random_shared_stream,1,120,5,24,1.9327077865600586,19,0.09344061464071274,0.019073486328125,0.0003612714644987136,0.00027284841053187847,0.0003233758907299489,1.2693544170914628,0.02,0.11860926449298859,6.1407997608184814
336110603,XY-Warm-Same-State S2 p2=12,0,spsa,sequential,3,random_shared_stream,5,120,5,24,1.9274779558181763,27,0.05227014422416687,0.010669599287211895,0.00010672531061572954,0.00011384033132344484,8.538024849258363e-05,1.080056676820453,0.016999416915812672,0.05645471811294556,6.203192472457886
336110603,XY-Warm-Same-State S2 p2=12,0,spsa,sequential,3,random_shared_stream,10,120,5,24,1.9192475080490112,37,0.12203264981508255,0.024909812957048416,0.000616189616266638,0.0006032625678926706,0.0006204986711964011,0.924779816978865,0.015850026609609436,0.11285333335399628,6.2826573848724365
336110603,XY-Warm-Same-State S2 p2=12,0,spsa,sequential,3,random_shared_stream,15,120,5,24,1.9192475080490112,47,0.5944620966911316,0.12134407460689545,0.014724384061992168,0.01431537326425314,0.014315374195575714,0.8175151519262495,0.015214047873475552,0.25,6.358878135681152
336110603,XY-Warm-Same-State S2 p2=12,0,spsa,sequential,3,random_shared_stream,20,120,5,24,1.9192475080490112,57,0.21440234780311584,0.04376469552516937,0.0019020475447177887,0.0019153485773131251,0.0018621444469317794,0.7380342383224443,0.014778350620464044,0.15823626518249512,6.436594724655151
336110603,XY-Warm-Same-State S2 p2=12,0,spsa,sequential,3,random_shared_stream,25,120,5,24,1.9192475080490112,67,0.2803612947463989,0.057228513062000275,0.0032523584086447954,0.00327510223723948,0.0031841269228607416,0.6762688113916375,0.014449008773880907,0.18959958851337433,6.515105724334717
336110603,XY-Warm-Same-State S2 p2=12,0,spsa,sequential,3,random_shared_stream,30,120,5,24,1.9192475080490112,77,0.419001966714859,0.0855284184217453,0.006502319592982531,0.006502320524305105,0.006502320524305105,0.6265860530893587,0.014185372641231635,0.25,6.591653347015381
336110603,XY-Warm-Same-State S2 p2=12,0,spsa,sequential,3,random_shared_stream,35,120,5,24,1.9192475080490112,87,0.14813117682933807,0.030237149447202682,0.0009079359588213265,0.0008126979228109121,0.00068571389419958,0.5855633493354542,0.013966227856027484,0.08674018830060959,6.66990327835083
336110603,XY-Warm-Same-State S2 p2=12,0,spsa,sequential,3,random_shared_stream,40,120,5,24,1.9192475080490112,97,0.10799241065979004,0.022043859586119652,0.000472433544928208,0.00043193926103413105,0.00048593166866339743,0.5509888162800859,0.013779134410346052,0.059502605348825455,6.746028423309326
336110603,XY-Warm-Same-State S2 p2=12,0,spsa,sequential,3,random_shared_stream,45,120,5,24,1.9192475080490112,107,0.3119204640388489,0.06367050111293793,0.003941323142498732,0.003941323608160019,0.003941323608160019,0.5213629118767686,0.013616187769422706,0.16262376308441162,6.823890447616577
336110603,XY-Warm-Same-State S2 p2=12,0,spsa,sequential,3,random_shared_stream,50,120,5,24,1.9192475080490112,117,0.6741026639938354,0.1376006305217743,0.01840798929333687,0.018407991155982018,0.018407991155982018,0.49562933089641237,0.013472060523173781,0.25,6.899857044219971
336110603,XY-Warm-Same-State S2 p2=12,0,spsa,sequential,3,random_shared_stream,55,120,5,24,1.9140512943267822,127,0.3949894905090332,0.08062689006328583,0.006320120766758919,0.006500695366412401,0.005778396036475897,0.47302028505666555,0.01334299625175472,0.1868380308151245,6.979529619216919
336110603,XY-Warm-Same-State S2 p2=12,0,spsa,sequential,3,random_shared_stream,60,120,5,24,1.9028946161270142,137,0.4930557906627655,0.10064458847045898,0.010129333473742008,0.010129333473742008,0.010129333473742008,0.4529629013944563,0.013226249755755135,0.22333598136901855,7.0588908195495605
336110603,XY-Warm-Same-State S2 p2=12,0,spsa,sequential,3,random_shared_stream,65,120,5,24,1.885259747505188,147,0.2297777384519577,0.04690318554639816,0.00218463153578341,0.0021388002205640078,0.002199908485636115,0.43502015634683733,0.01311975565249048,0.09995794296264648,7.138463258743286
336110603,XY-Warm-Same-State S2 p2=12,0,spsa,sequential,3,random_shared_stream,70,120,5,24,1.8769539594650269,157,0.3518754541873932,0.07182627171278,0.005015707109123468,0.0051590134389698505,0.004585789982229471,0.41885225465371867,0.013021922119457682,0.14738380908966064,7.216731309890747
336110603,XY-Warm-Same-State S2 p2=12,0,spsa,sequential,3,random_shared_stream,75,120,5,24,1.8696205615997314,167,0.8163365721702576,0.16663400828838348,0.027574067935347557,0.027766892686486244,0.026995591819286346,0.4041905976093774,0.01293149713891721,0.25,7.294875383377075
336110603,XY-Warm-Same-State S2 p2=12,0,spsa,sequential,3,random_shared_stream,80,120,5,24,1.8520560264587402,177,0.7648997902870178,0.15613451600074768,0.02166932076215744,0.023700818419456482,0.01828349009156227,0.3908197698404224,0.012847478719003411,0.25,7.372504711151123
336110603,XY-Warm-Same-State S2 p2=12,0,spsa,sequential,3,random_shared_stream,85,120,5,24,1.8345801830291748,187,0.730562150478363,0.1491253674030304,0.02223837561905384,0.02223837561905384,0.02223837561905384,0.3785647852374407,0.012769052840860788,0.25,7.451273441314697
336110603,XY-Warm-Same-State S2 p2=12,0,spsa,sequential,3,random_shared_stream,90,120,5,24,1.8345801830291748,197,2.910071611404419,0.5940159559249878,0.3136487603187561,0.3136487901210785,0.3136487603187561,0.3672818719804355,0.01269554947299621,0.25,7.528315305709839
336110603,XY-Warm-Same-State S2 p2=12,0,spsa,sequential,3,random_shared_stream,95,120,5,24,1.8069250583648682,207,0.673367977142334,0.1374506652355194,0.01771189086139202,0.0188926849514246,0.014169514179229736,0.35685169384160115,0.012626410699612943,0.2402925193309784,7.6065144538879395
336110603,XY-Warm-Same-State S2 p2=12,0,spsa,sequential,3,random_shared_stream,100,120,5,24,1.8069250583648682,217,5.309291839599609,1.0837547779083252,1.141898512840271,1.141898512840271,0.8808931708335876,0.34717428283978885,0.012561167176266359,0.25,7.684201955795288
336110603,XY-Warm-Same-State S2 p2=12,0,spsa,sequential,3,random_shared_stream,105,120,5,24,1.8069250583648682,227,0.15016604959964752,0.030652515590190887,0.0009134774445556104,0.0008351793512701988,0.0009395767119713128,0.33816519600149675,0.01249942043693397,0.05078092962503433,7.758276462554932
336110603,XY-Warm-Same-State S2 p2=12,0,spsa,sequential,3,random_shared_stream,110,120,5,24,1.8069250583648682,237,8.421417236328125,1.7190146446228027,2.7703235149383545,2.8729279041290283,2.6266767978668213,0.3297525621258291,0.012440829393713411,0.25,7.836138725280762
336110603,XY-Warm-Same-State S2 p2=12,0,spsa,sequential,3,random_shared_stream,115,120,5,24,1.8069250583648682,247,0.3619050085544586,0.07387354969978333,0.0054573011584579945,0.005305709317326546,0.005305709782987833,0.32187478528837704,0.012385099893453082,0.11648809909820557,7.9131879806518555
336110603,XY-Warm-Same-State S2 p2=12,0,spsa,sequential,3,random_shared_stream,120,120,5,24,1.8069250583648682,257,4.255039215087891,0.8685562014579773,0.6705687642097473,0.7543899416923523,0.41910549998283386,0.3144787395320975,0.012331976538504544,0.25,7.990821838378906
336110603,XY-Warm-Same-State S2 p2=12,0,spsa,sequential,4,continuation,1,120,5,24,-0.14359261095523834,19,6.048964500427246,1.2347396612167358,1.5139946937561035,1.524582028388977,1.4822325706481934,0.04628543796159316,0.02,0.25,8.146032571792603
336110603,XY-Warm-Same-State S2 p2=12,0,spsa,sequential,4,continuation,5,120,5,24,-0.14359261095523834,27,176.55809020996094,36.039772033691406,1154.546630859375,1154.546630859375,1154.5465087890625,0.03938293012327027,0.016999416915812672,0.25,8.207885980606079
336110603,XY-Warm-Same-State S2 p2=12,0,spsa,sequential,4,continuation,10,120,5,24,-0.14359261095523834,37,47.14524841308594,9.623483657836914,90.03888702392578,90.03888702392578,69.45858001708984,0.03372095158812097,0.015850026609609436,0.25,8.284698486328125
336110603,XY-Warm-Same-State S2 p2=12,0,spsa,sequential,4,continuation,15,120,5,24,-0.14359261095523834,47,85.75849151611328,17.50537872314453,306.4382629394531,297.9261169433594,297.9261169433594,0.02980967831966692,0.015214047873475552,0.25,8.363192796707153
336110603,XY-Warm-Same-State S2 p2=12,0,spsa,sequential,4,continuation,20,120,5,24,-0.14359261095523834,57,28.44835090637207,5.806995391845703,29.974397659301758,25.290895462036133,32.78449630737305,0.02691150516471063,0.014778350620464044,0.25,8.438905715942383
336110603,XY-Warm-Same-State S2 p2=12,0,spsa,sequential,4,continuation,25,120,5,24,-0.14359261095523834,67,137.4582061767578,28.05854034423828,738.0764770507812,787.2816772460938,590.4612426757812,0.024659305307930063,0.014449008773880907,0.25,8.51675534248352
336110603,XY-Warm-Same-State S2 p2=12,0,spsa,sequential,4,continuation,30,120,5,24,-0.14359261095523834,77,55.02994155883789,11.232939720153809,118.29275512695312,112.15904998779297,122.67395782470703,0.022847685010085966,0.014185372641231635,0.25,8.593528032302856
336110603,XY-Warm-Same-State S2 p2=12,0,spsa,sequential,4,continuation,35,120,5,24,-0.14359261095523834,87,33.71022033691406,6.881070613861084,46.03387451171875,46.03387451171875,46.03387451171875,0.02135184288431555,0.013966227856027484,0.25,8.6712486743927
336110603,XY-Warm-Same-State S2 p2=12,0,spsa,sequential,4,continuation,40,120,5,24,-0.14359261095523834,97,98.50190734863281,20.106616973876953,359.3564758300781,393.046142578125,303.20703125,0.020091125323295718,0.013779134410346052,0.25,8.750014781951904
336110603,XY-Warm-Same-State S2 p2=12,0,spsa,sequential,4,continuation,45,120,5,24,-0.14359261095523834,107,39.34128952026367,8.030508041381836,64.48904418945312,62.69768142700195,62.69768142700195,0.01901085338202195,0.013616187769422706,0.25,8.825668096542358
336110603,XY-Warm-Same-State S2 p2=12,0,spsa,sequential,4,continuation,50,120,5,24,-0.14359261095523834,117,12.752603530883789,2.603114604949951,6.729147434234619,5.082153797149658,6.023292541503906,0.018072510197519452,0.013472060523173781,0.23047155141830444,8.903488397598267
336110603,XY-Warm-Same-State S2 p2=12,0,spsa,sequential,4,continuation,55,120,5,24,-0.14359261095523834,127,37.9282112121582,7.742064476013184,59.523311614990234,59.93955993652344,58.274566650390625,0.017248099320229367,0.01334299625175472,0.25,8.980301856994629
336110603,XY-Warm-Same-State S2 p2=12,0,spsa,sequential,4,continuation,60,120,5,24,-0.14359261095523834,137,153.5379638671875,31.340805053710938,975.4248657226562,954.96142578125,873.1076049804688,0.01651673164649781,0.013226249755755135,0.25,9.057941675186157
336110603,XY-Warm-Same-State S2 p2=12,0,spsa,sequential,4,continuation,65,120,5,24,-0.14359261095523834,147,77.40339660644531,15.799901962280273,247.9033203125,242.70252990722656,221.89947509765625,0.015862471652929436,0.01311975565249048,0.25,9.135632514953613
336110603,XY-Warm-Same-State S2 p2=12,0,spsa,sequential,4,continuation,70,120,5,24,-0.14359261095523834,157,73.49554443359375,15.002215385437012,218.8146209716797,218.81463623046875,218.8146209716797,0.015272929125870138,0.013021922119457682,0.25,9.21217393875122
336110603,XY-Warm-Same-State S2 p2=12,0,spsa,sequential,4,continuation,75,120,5,24,-0.14359261095523834,167,51.1615104675293,10.443300247192383,108.30512237548828,106.03298950195312,96.94445037841797,0.014738309945913313,0.01293149713891721,0.25,9.289959192276001
336110603,XY-Warm-Same-State S2 p2=12,0,spsa,sequential,4,continuation,80,120,5,24,-0.14359261095523834,177,19.580198287963867,3.996791362762451,14.975943565368652,14.19941234588623,15.530609130859375,0.014250759258050126,0.012847478719003411,0.25,9.366775751113892
336110603,XY-Warm-Same-State S2 p2=12,0,spsa,sequential,4,continuation,85,120,5,24,-0.14359261095523834,187,37.15266036987305,7.5837554931640625,51.12297439575195,55.91575622558594,43.135013580322266,0.013803896410350503,0.012769052840860788,0.25,9.440983295440674
336110603,XY-Warm-Same-State S2 p2=12,0,spsa,sequential,4,continuation,90,120,5,24,-0.14359261095523834,197,63.60164260864258,12.982630729675293,139.28677368164062,149.82107543945312,126.41152954101562,0.013392478941319452,0.01269554947299621,0.25,9.509966850280762
336110603,XY-Warm-Same-State S2 p2=12,0,spsa,sequential,4,continuation,95,120,5,24,-0.14359261095523834,207,59.311668395996094,12.10694408416748,145.56019592285156,146.5780792236328,142.5064697265625,0.013012155403091598,0.012626410699612943,0.25,9.580671787261963
336110603,XY-Warm-Same-State S2 p2=12,0,spsa,sequential,4,continuation,100,120,5,24,-0.14359261095523834,217,21.659564971923828,4.42124080657959,18.325654983520508,14.660523414611816,19.547365188598633,0.012659280586947206,0.012561167176266359,0.25,9.661913633346558
336110603,XY-Warm-Same-State S2 p2=12,0,spsa,sequential,4,continuation,105,120,5,24,-0.14359261095523834,227,27.36393165588379,5.585638999938965,25.782806396484375,23.39952278137207,27.73276710510254,0.012330775384357812,0.01249942043693397,0.25,9.741313219070435
336110603,XY-Warm-Same-State S2 p2=12,0,spsa,sequential,4,continuation,110,120,5,24,-0.14359261095523834,237,94.82769012451172,19.35662078857422,364.2710266113281,364.2710266113281,364.2710266113281,0.012024019100925147,0.012440829393713411,0.25,9.819307327270508
336110603,XY-Warm-Same-State S2 p2=12,0,spsa,sequential,4,continuation,115,120,5,24,-0.14359261095523834,247,140.9449920654297,28.770275115966797,821.9806518554688,804.736328125,735.7588500976562,0.011736765717492133,0.012385099893453082,0.25,9.896947860717773
336110603,XY-Warm-Same-State S2 p2=12,0,spsa,sequential,4,continuation,120,120,5,24,-0.14359261095523834,257,48.92009735107422,9.985773086547852,99.71566772460938,96.94579315185547,96.94579315185547,0.011467078061779889,0.012331976538504544,0.25,9.973702192306519
336110603,XY-Warm-Same-State S2 p2=16,0,spsa,sequential,0,deterministic_linear_ramp,1,120,5,32,2.3179829120635986,19,10.151591300964355,1.7945647239685059,3.107243061065674,3.170142650604248,3.01918363571167,0.02538917408780083,0.02,0.25,0.18768310546875
336110603,XY-Warm-Same-State S2 p2=16,0,spsa,sequential,0,deterministic_linear_ramp,5,120,5,32,2.268897533416748,27,7.368156433105469,1.302518367767334,1.6899268627166748,1.6700454950332642,1.5905194282531738,0.02160290823686499,0.016999416915812672,0.1591736078262329,0.2686023712158203
336110603,XY-Warm-Same-State S2 p2=16,0,spsa,sequential,0,deterministic_linear_ramp,10,120,5,32,1.8828115463256836,37,4.111653804779053,0.7268445491790771,0.45401039719581604,0.4952840805053711,0.39622727036476135,0.018497115896095075,0.015850026609609436,0.07605373114347458,0.36850595474243164
336110603,XY-Warm-Same-State S2 p2=16,0,spsa,sequential,0,deterministic_linear_ramp,15,120,5,32,1.739967703819275,47,1.7998923063278198,0.31817901134490967,0.09135137498378754,0.08700130879878998,0.09491051733493805,0.016351646342579296,0.015214047873475552,0.02943120151758194,0.4690077304840088
336110603,XY-Warm-Same-State S2 p2=16,0,spsa,sequential,0,deterministic_linear_ramp,20,120,5,32,1.7063037157058716,57,12.654797554016113,2.2370731830596924,4.926301002502441,4.691715240478516,5.0044965744018555,0.01476189747104796,0.014778350620464044,0.18680882453918457,0.5682535171508789
336110603,XY-Warm-Same-State S2 p2=16,0,spsa,sequential,0,deterministic_linear_ramp,25,120,5,32,1.7063037157058716,67,14.570380210876465,2.5757036209106445,6.4010138511657715,5.701307773590088,6.634249210357666,0.013526487442265905,0.014449008773880907,0.19708606600761414,0.6672048568725586
336110603,XY-Warm-Same-State S2 p2=16,0,spsa,sequential,0,deterministic_linear_ramp,30,120,5,32,1.7063037157058716,77,1.2719603776931763,0.22485296428203583,0.04739892855286598,0.037919145077466965,0.05055885389447212,0.012532750639750961,0.014185372641231635,0.015941163524985313,0.7661824226379395
336110603,XY-Warm-Same-State S2 p2=16,0,spsa,sequential,0,deterministic_linear_ramp,35,120,5,32,1.7063037157058716,87,1.3427140712738037,0.23736055195331573,0.056119952350854874,0.05545971915125847,0.05281877890229225,0.011712229158014852,0.013966227856027484,0.015726175159215927,0.8658461570739746
336110603,XY-Warm-Same-State S2 p2=16,0,spsa,sequential,0,deterministic_linear_ramp,40,120,5,32,1.652740240097046,97,29.55914306640625,5.225367546081543,26.87783432006836,27.304466247558594,25.597936630249023,0.011020681685592957,0.013779134410346052,0.25,0.9686505794525146
336110603,XY-Warm-Same-State S2 p2=16,0,spsa,sequential,0,deterministic_linear_ramp,45,120,5,32,1.652740240097046,107,36.687904357910156,6.48556661605835,41.89826202392578,39.433658599853516,36.14752197265625,0.010428114917575662,0.013616187769422706,0.25,1.0671896934509277
336110603,XY-Warm-Same-State S2 p2=16,0,spsa,sequential,0,deterministic_linear_ramp,50,120,5,32,1.652740240097046,117,16.480018615722656,2.913283348083496,8.188840866088867,5.171899318695068,7.95676851272583,0.009913401013708016,0.013472060523173781,0.16337303817272186,1.166790246963501
336110603,XY-Warm-Same-State S2 p2=16,0,spsa,sequential,0,deterministic_linear_ramp,55,120,5,32,1.652740240097046,127,9.761797904968262,1.7256584167480469,2.8732054233551025,2.791778564453125,1.8146560192108154,0.009461182946747889,0.01334299625175472,0.09235816448926926,1.2665140628814697
336110603,XY-Warm-Same-State S2 p2=16,0,spsa,sequential,0,deterministic_linear_ramp,60,120,5,32,1.6393674612045288,137,19.02798843383789,3.3637049198150635,11.314510345458984,11.314510345458984,11.314510345458984,0.009060002316114805,0.013226249755755135,0.17239360511302948,1.366509199142456
336110603,XY-Warm-Same-State S2 p2=16,0,spsa,sequential,0,deterministic_linear_ramp,65,120,5,32,1.5946319103240967,147,22.32927703857422,3.947295665740967,15.520277976989746,15.337687492370605,14.607320785522461,0.008701117932452398,0.01311975565249048,0.1942896544933319,1.465254306793213
336110603,XY-Warm-Same-State S2 p2=16,0,spsa,sequential,0,deterministic_linear_ramp,70,120,5,32,1.5946319103240967,157,9.763912200927734,1.7260321378707886,2.9326372146606445,2.9326372146606445,2.9326372146606445,0.008377733332222609,0.013021922119457682,0.0817994549870491,1.5652496814727783
336110603,XY-Warm-Same-State S2 p2=16,0,spsa,sequential,0,deterministic_linear_ramp,75,120,5,32,1.5946319103240967,167,6.906537055969238,1.2209148406982422,1.4673418998718262,1.3974684476852417,1.4906330108642578,0.008084476099961692,0.01293149713891721,0.05583573132753372,1.6644556522369385
336110603,XY-Warm-Same-State S2 p2=16,0,spsa,sequential,0,deterministic_linear_ramp,80,120,5,32,1.5634418725967407,177,50.10765838623047,8.857866287231445,63.4437141418457,67.4281005859375,58.846343994140625,0.00781703757424099,0.012847478719003411,0.25,1.7633850574493408
336110603,XY-Warm-Same-State S2 p2=16,0,spsa,sequential,0,deterministic_linear_ramp,85,120,5,32,1.5634418725967407,187,11.775588035583496,2.0816495418548584,4.316338062286377,4.062435626983643,4.265557289123535,0.007571917745342958,0.012769052840860788,0.08916378766298294,1.8612151145935059
336110603,XY-Warm-Same-State S2 p2=16,0,spsa,sequential,0,deterministic_linear_ramp,90,120,5,32,1.5634418725967407,197,0.36369213461875916,0.0642922967672348,0.0041173528879880905,0.0038751554675400257,0.0040689134038984776,0.007346240940628282,0.01269554947299621,0.002671770052984357,1.9601356983184814
336110603,XY-Warm-Same-State S2 p2=16,0,spsa,sequential,0,deterministic_linear_ramp,95,120,5,32,1.5466173887252808,207,0.5628120303153992,0.09949205070734024,0.009280000813305378,0.00742400111630559,0.00989866815507412,0.00713762023945294,0.012626410699612943,0.0040171388536691666,2.060065746307373
336110603,XY-Warm-Same-State S2 p2=16,0,spsa,sequential,0,deterministic_linear_ramp,100,120,5,32,1.5466173887252808,217,16.397518157958984,2.8986992835998535,8.369634628295898,8.402457237243652,8.27116870880127,0.0069440561179310726,0.012561167176266359,0.11386529356241226,2.1590850353240967
336110603,XY-Warm-Same-State S2 p2=16,0,spsa,sequential,0,deterministic_linear_ramp,105,120,5,32,1.5466173887252808,227,85.9107894897461,15.18702507019043,229.74478149414062,198.211181640625,172.9842987060547,0.006763859577839755,0.01249942043693397,0.25,2.257810115814209
336110603,XY-Warm-Same-State S2 p2=16,0,spsa,sequential,0,deterministic_linear_ramp,110,120,5,32,1.475189208984375,237,0.7543918490409851,0.133358895778656,0.017506711184978485,0.017506711184978485,0.017506711184978485,0.006595593077065553,0.012440829393713411,0.0049756611697375774,2.3570892810821533
336110603,XY-Warm-Same-State S2 p2=16,0,spsa,sequential,0,deterministic_linear_ramp,115,120,5,32,1.42393958568573,247,19.687772750854492,3.480339288711548,11.923500061035156,9.08457088470459,11.355713844299316,0.006438024595908644,0.012385099893453082,0.12675036489963531,2.458627700805664
336110603,XY-Warm-Same-State S2 p2=16,0,spsa,sequential,0,deterministic_linear_ramp,120,120,5,32,1.42393958568573,257,23.196887969970703,4.1006693840026855,14.450810432434082,15.764520645141602,12.611616134643555,0.006290091527933988,0.012331976538504544,0.14591056108474731,2.555725336074829
336110603,XY-Warm-Same-State S2 p2=16,0,spsa,sequential,1,random_shared_stream,1,120,5,32,1.9308656454086304,19,0.29111671447753906,0.051462650299072266,0.002648404333740473,0.002482878975570202,0.0024828792084008455,0.7032850286097546,0.02,0.20473803579807281,2.762842893600464
336110603,XY-Warm-Same-State S2 p2=16,0,spsa,sequential,1,random_shared_stream,5,120,5,32,1.9299986362457275,27,0.0912981629371643,0.01613938808441162,0.00025946233654394746,0.00025640983949415386,0.00024419985129497945,0.5984047328549194,0.016999416915812672,0.0546332523226738,2.842961549758911
336110603,XY-Warm-Same-State S2 p2=16,0,spsa,sequential,1,random_shared_stream,10,120,5,32,1.9215375185012817,37,0.7101292610168457,0.1255343109369278,0.01575886271893978,0.015512630343437195,0.015512630343437195,0.5123736848310361,0.015850026609609436,0.25,2.944406032562256
336110603,XY-Warm-Same-State S2 p2=16,0,spsa,sequential,1,random_shared_stream,15,120,5,32,1.9130139350891113,47,0.6171914339065552,0.10910505801439285,0.011159919202327728,0.011159919202327728,0.011159919202327728,0.4529437635934367,0.015214047873475552,0.25,3.046560049057007
336110603,XY-Warm-Same-State S2 p2=16,0,spsa,sequential,1,random_shared_stream,20,120,5,32,1.909745216369629,57,0.7179567217826843,0.1269180178642273,0.015856493264436722,0.013842969201505184,0.015856493264436722,0.4089074126380724,0.014778350620464044,0.25,3.1479079723358154
336110603,XY-Warm-Same-State S2 p2=16,0,spsa,sequential,1,random_shared_stream,25,120,5,32,1.907364010810852,67,1.7170023918151855,0.30352601408958435,0.09212803840637207,0.08637003600597382,0.08637003600597382,0.3746863161017248,0.014449008773880907,0.25,3.247629165649414
336110603,XY-Warm-Same-State S2 p2=16,0,spsa,sequential,1,random_shared_stream,30,120,5,32,1.9044504165649414,77,0.697934627532959,0.12337857484817505,0.015162810683250427,0.014984424225986004,0.01427088025957346,0.34715961463556366,0.014185372641231635,0.24229471385478973,3.3463282585144043
336110603,XY-Warm-Same-State S2 p2=16,0,spsa,sequential,1,random_shared_stream,35,120,5,32,1.9044504165649414,87,1.2915568351745605,0.22831714153289795,0.05029606446623802,0.048870671540498734,0.03176593780517578,0.32443101102828964,0.013966227856027484,0.25,3.4460082054138184
336110603,XY-Warm-Same-State S2 p2=16,0,spsa,sequential,1,random_shared_stream,40,120,5,32,1.8823518753051758,97,0.292660653591156,0.05173558369278908,0.0025824725162237883,0.002509284997358918,0.0026347492821514606,0.30527501240283916,0.013779134410346052,0.08934199810028076,3.548034429550171
336110603,XY-Warm-Same-State S2 p2=16,0,spsa,sequential,1,random_shared_stream,45,120,5,32,1.8816381692886353,107,0.37146660685539246,0.06566663831472397,0.004295263439416885,0.0040426007471978664,0.0037057173904031515,0.2888607984171045,0.013616187769422706,0.10730213671922684,3.648819923400879
336110603,XY-Warm-Same-State S2 p2=16,0,spsa,sequential,1,random_shared_stream,50,120,5,32,1.8816381692886353,117,1.4371659755706787,0.2540574371814728,0.06353666633367538,0.06353666633367538,0.055468518286943436,0.27460312381313506,0.013472060523173781,0.25,3.7481820583343506
336110603,XY-Warm-Same-State S2 p2=16,0,spsa,sequential,1,random_shared_stream,55,120,5,32,1.8816381692886353,127,1.4583958387374878,0.2578103840351105,0.059975359588861465,0.062312059104442596,0.05711938813328743,0.2620765959686269,0.01334299625175472,0.25,3.84761905670166
336110603,XY-Warm-Same-State S2 p2=16,0,spsa,sequential,1,random_shared_stream,60,120,5,32,1.8816381692886353,137,0.25370481610298157,0.04484909772872925,0.0019407268846407533,0.0020114416256546974,0.0017285826615989208,0.25096381497320125,0.013226249755755135,0.06367072463035583,3.945878505706787
336110603,XY-Warm-Same-State S2 p2=16,0,spsa,sequential,1,random_shared_stream,65,120,5,32,1.8816381692886353,147,1.1664100885391235,0.20619411766529083,0.04234993830323219,0.042516015470027924,0.0418517030775547,0.2410226481924794,0.01311975565249048,0.25,4.044746160507202
336110603,XY-Warm-Same-State S2 p2=16,0,spsa,sequential,1,random_shared_stream,70,120,5,32,1.8816381692886353,157,2.5643250942230225,0.4533129334449768,0.19826827943325043,0.20228180289268494,0.19264933466911316,0.23206483227306202,0.013021922119457682,0.25,4.1449830532073975
336110603,XY-Warm-Same-State S2 p2=16,0,spsa,sequential,1,random_shared_stream,75,120,5,32,1.8816381692886353,167,1.7248157262802124,0.3049072325229645,0.09260526299476624,0.08715789765119553,0.07989473640918732,0.2239415502684011,0.01293149713891721,0.25,4.242878198623657
336110603,XY-Warm-Same-State S2 p2=16,0,spsa,sequential,1,random_shared_stream,80,120,5,32,1.8816381692886353,177,2.2528746128082275,0.39825573563575745,0.1586076319217682,0.13630343973636627,0.13630343973636627,0.21653345142428757,0.012847478719003411,0.25,4.341010570526123
336110603,XY-Warm-Same-State S2 p2=16,0,spsa,sequential,1,random_shared_stream,85,120,5,32,1.8816381692886353,187,1.4586201906204224,0.2578500509262085,0.06414922326803207,0.05713696405291557,0.0664866492152214,0.20974358479517966,0.012769052840860788,0.25,4.4396374225616455
336110603,XY-Warm-Same-State S2 p2=16,0,spsa,sequential,1,random_shared_stream,90,120,5,32,1.8811134099960327,197,0.4619320333003998,0.08165881782770157,0.006642115768045187,0.006668162997812033,0.006563972681760788,0.20349229369325367,0.01269554947299621,0.09399960935115814,4.539696931838989
336110603,XY-Warm-Same-State S2 p2=16,0,spsa,sequential,1,random_shared_stream,95,120,5,32,1.8785409927368164,207,0.574535071849823,0.10156441479921341,0.01027503702789545,0.01031533069908619,0.010154154151678085,0.19771345995540535,0.012626410699612943,0.11359331756830215,4.638992071151733
336110603,XY-Warm-Same-State S2 p2=16,0,spsa,sequential,1,random_shared_stream,100,120,5,32,1.8769820928573608,217,1.3100814819335938,0.23159188032150269,0.05028263106942177,0.040226101875305176,0.053634803742170334,0.19235169638359473,0.012561167176266359,0.25,4.737106561660767
336110603,XY-Warm-Same-State S2 p2=16,0,spsa,sequential,1,random_shared_stream,105,120,5,32,1.8769820928573608,227,1.530224323272705,0.2705079913139343,0.07288873940706253,0.07203122228384018,0.07317457348108292,0.1873602174006532,0.01249942043693397,0.25,4.835740566253662
336110603,XY-Warm-Same-State S2 p2=16,0,spsa,sequential,1,random_shared_stream,110,120,5,32,1.8677505254745483,237,1.6484688520431519,0.2914108633995056,0.08359342068433762,0.07297837734222412,0.08359342068433762,0.1826992028122382,0.012440829393713411,0.25,4.934570074081421
336110603,XY-Warm-Same-State S2 p2=16,0,spsa,sequential,1,random_shared_stream,115,120,5,32,1.8611785173416138,247,1.0736417770385742,0.1897948533296585,0.03250430151820183,0.03377070277929306,0.030956478789448738,0.1783345254345807,0.012385099893453082,0.19146740436553955,5.032768726348877
336110603,XY-Warm-Same-State S2 p2=16,0,spsa,sequential,1,random_shared_stream,120,120,5,32,1.8568408489227295,257,0.815542459487915,0.1441688984632492,0.020703481510281563,0.019485630095005035,0.020459908992052078,0.17423675086408474,0.012331976538504544,0.14209745824337006,5.131314277648926
336110603,XY-Warm-Same-State S2 p2=16,0,spsa,sequential,2,random_shared_stream,1,120,5,32,1.9323078393936157,19,0.32092297077178955,0.0567317008972168,0.003205913817510009,0.0030173305422067642,0.002765886252745986,1.5559852073406832,0.02,0.25,5.332197904586792
336110603,XY-Warm-Same-State S2 p2=16,0,spsa,sequential,2,random_shared_stream,5,120,5,32,1.929503083229065,27,0.2104836404323578,0.03720860183238983,0.0012979501625522971,0.0011897876393049955,0.0013628476299345493,1.3239424620847011,0.016999416915812672,0.25,5.413432598114014
336110603,XY-Warm-Same-State S2 p2=16,0,spsa,sequential,2,random_shared_stream,10,120,5,32,1.9252053499221802,37,1.7062078714370728,0.3016178011894226,0.08208917826414108,0.08528745919466019,0.07818017154932022,1.1336027951621772,0.015850026609609436,0.25,5.514064073562622
336110603,XY-Warm-Same-State S2 p2=16,0,spsa,sequential,2,random_shared_stream,15,120,5,32,1.9252053499221802,47,0.26117995381355286,0.04617053270339966,0.0021317179780453444,0.001998485531657934,0.001998485531657934,1.0021168761430788,0.015214047873475552,0.25,5.613866329193115
336110603,XY-Warm-Same-State S2 p2=16,0,spsa,sequential,2,random_shared_stream,20,120,5,32,1.9229600429534912,57,0.7025106549263,0.12418751418590546,0.013916431926190853,0.013253744691610336,0.014458630234003067,0.904688510851045,0.014778350620464044,0.25,5.711364030838013
336110603,XY-Warm-Same-State S2 p2=16,0,spsa,sequential,2,random_shared_stream,25,120,5,32,1.9222215414047241,67,0.8509055376052856,0.15042026340961456,0.02183080092072487,0.019444437697529793,0.022626254707574844,0.8289759365413183,0.014449008773880907,0.25,5.811233758926392
336110603,XY-Warm-Same-State S2 p2=16,0,spsa,sequential,2,random_shared_stream,30,120,5,32,1.9222215414047241,77,0.4076177477836609,0.0720573216676712,0.005009717307984829,0.005192257463932037,0.004462096374481916,0.7680743979817701,0.014185372641231635,0.25,5.9079999923706055
336110603,XY-Warm-Same-State S2 p2=16,0,spsa,sequential,2,random_shared_stream,35,120,5,32,1.9222215414047241,87,0.31826597452163696,0.05626200884580612,0.003153048688545823,0.0031159541103988886,0.003165413625538349,0.7177884263518347,0.013966227856027484,0.22844763100147247,6.005093336105347
336110603,XY-Warm-Same-State S2 p2=16,0,spsa,sequential,2,random_shared_stream,40,120,5,32,1.9163222312927246,97,2.909991502761841,0.5144186615943909,0.22741346061229706,0.19846992194652557,0.24808740615844727,0.6754066760222983,0.013779134410346052,0.25,6.107889413833618
336110603,XY-Warm-Same-State S2 p2=16,0,spsa,sequential,2,random_shared_stream,45,120,5,32,1.9134536981582642,107,0.13644295930862427,0.024119935929775238,0.0004999596858397126,0.0005454105557873845,0.0004363284388091415,0.6390909958742147,0.013616187769422706,0.08719947189092636,6.208482503890991
336110603,XY-Warm-Same-State S2 p2=16,0,spsa,sequential,2,random_shared_stream,50,120,5,32,1.9134536981582642,117,1.1796058416366577,0.2085268199443817,0.04331357777118683,0.0434834323823452,0.04280400648713112,0.6075465581677733,0.013472060523173781,0.25,6.308866739273071
336110603,XY-Warm-Same-State S2 p2=16,0,spsa,sequential,2,random_shared_stream,55,120,5,32,1.9134536981582642,127,0.3439977467060089,0.06081078201532364,0.003683506278321147,0.003640170907601714,0.003466829424723983,0.5798322016373554,0.01334299625175472,0.1994609534740448,6.40871524810791
336110603,XY-Warm-Same-State S2 p2=16,0,spsa,sequential,2,random_shared_stream,60,120,5,32,1.9134536981582642,137,0.04372023046016693,0.0077287182211875916,5.599976793746464e-05,4.479981362237595e-05,5.9733083617175e-05,0.5552456938376937,0.013226249755755135,0.02427547052502632,6.508222341537476
336110603,XY-Warm-Same-State S2 p2=16,0,spsa,sequential,2,random_shared_stream,65,120,5,32,1.9134536981582642,147,1.3411685228347778,0.23708733916282654,0.055990833789110184,0.04830582067370415,0.04215780273079872,0.5332513276486573,0.01311975565249048,0.25,6.607377767562866
336110603,XY-Warm-Same-State S2 p2=16,0,spsa,sequential,2,random_shared_stream,70,120,5,32,1.9134536981582642,157,1.1668357849121094,0.20626936852931976,0.034403279423713684,0.03656386956572533,0.03191028907895088,0.5134325792128386,0.013021922119457682,0.25,6.7069597244262695
336110603,XY-Warm-Same-State S2 p2=16,0,spsa,sequential,2,random_shared_stream,75,120,5,32,1.9134536981582642,167,0.11110095679759979,0.019640060141682625,0.0003842251899186522,0.00037970487028360367,0.00036162370815873146,0.4954601980016316,0.01293149713891721,0.05504610389471054,6.80621075630188
336110603,XY-Warm-Same-State S2 p2=16,0,spsa,sequential,2,random_shared_stream,80,120,5,32,1.9134536981582642,177,1.2359815835952759,0.21849274635314941,0.047552596777677536,0.04475538805127144,0.046993155032396317,0.47907012605776483,0.012847478719003411,0.25,6.906151294708252
336110603,XY-Warm-Same-State S2 p2=16,0,spsa,sequential,2,random_shared_stream,85,120,5,32,1.9134536981582642,187,0.20385141670703888,0.0360361784696579,0.0012783154379576445,0.001298606162890792,0.0012174432631582022,0.46404786395218195,0.012769052840860788,0.09459681063890457,7.005040407180786
336110603,XY-Warm-Same-State S2 p2=16,0,spsa,sequential,2,random_shared_stream,90,120,5,32,1.9134536981582642,197,0.3211454153060913,0.05677102506160736,0.003210359485819936,0.0030215149745345116,0.00276972190476954,0.4502171749915406,0.01269554947299621,0.14458519220352173,7.103968858718872
336110603,XY-Warm-Same-State S2 p2=16,0,spsa,sequential,2,random_shared_stream,95,120,5,32,1.9134536981582642,207,0.44608914852142334,0.07885816693305969,0.005999987479299307,0.0046639577485620975,0.006121444515883923,0.43743177583474624,0.012626410699612943,0.19513356685638428,7.203434467315674
336110603,XY-Warm-Same-State S2 p2=16,0,spsa,sequential,2,random_shared_stream,100,120,5,32,1.9067789316177368,217,0.7541705965995789,0.13331978023052216,0.01666327938437462,0.013330623507499695,0.01777416467666626,0.42556912489862797,0.012561167176266359,0.25,7.30421781539917
336110603,XY-Warm-Same-State S2 p2=16,0,spsa,sequential,2,random_shared_stream,105,120,5,32,1.894565224647522,227,0.689325213432312,0.12185662984848022,0.014791034162044525,0.013920973055064678,0.01461702212691307,0.41452571128357923,0.01249942043693397,0.25,7.403226852416992
336110603,XY-Warm-Same-State S2 p2=16,0,spsa,sequential,2,random_shared_stream,110,120,5,32,1.894565224647522,237,1.2773030996322632,0.22579742968082428,0.05078532546758652,0.047797951847314835,0.050187848508358,0.40421343467346926,0.012440829393713411,0.25,7.502802610397339
336110603,XY-Warm-Same-State S2 p2=16,0,spsa,sequential,2,random_shared_stream,115,120,5,32,1.894238829612732,247,1.7764896154403687,0.31404197216033936,0.09823711216449738,0.09862235188484192,0.09708137810230255,0.3945567902715904,0.012385099893453082,0.25,7.602470874786377
336110603,XY-Warm-Same-State S2 p2=16,0,spsa,sequential,2,random_shared_stream,120,120,5,32,1.8755583763122559,257,3.316251277923584,0.5862359404563904,0.3436725437641144,0.33830270171165466,0.3383026719093323,0.38549065583771425,0.012331976538504544,0.25,7.703892946243286
336110603,XY-Warm-Same-State S2 p2=16,0,spsa,sequential,3,random_shared_stream,1,120,5,32,1.933127522468567,19,0.09840446710586548,0.017395615577697754,0.0002919688995461911,0.0002978792181238532,0.00028369450592435896,5.2326599610136455,0.02,0.25,7.902904272079468
336110603,XY-Warm-Same-State S2 p2=16,0,spsa,sequential,3,random_shared_stream,5,120,5,32,1.9318504333496094,27,0.32536500692367554,0.057516951113939285,0.002842984162271023,0.0024811497423797846,0.0031014373525977135,4.452317849394317,0.016999416915812672,0.25,7.982683181762695
336110603,XY-Warm-Same-State S2 p2=16,0,spsa,sequential,3,random_shared_stream,10,120,5,32,1.931614637374878,37,0.3877609968185425,0.06854710727930069,0.004533517174422741,0.00440503703430295,0.004625288769602776,3.8122200198009457,0.015850026609609436,0.25,8.081609010696411
336110603,XY-Warm-Same-State S2 p2=16,0,spsa,sequential,3,random_shared_stream,15,120,5,32,1.931614637374878,47,0.05221383646130562,0.009230189025402069,8.486359001835808e-05,7.987161370692775e-05,8.386519766645506e-05,3.370042870145257,0.015214047873475552,0.17596285045146942,8.17936897277832
336110603,XY-Warm-Same-State S2 p2=16,0,spsa,sequential,3,random_shared_stream,20,120,5,32,1.931614637374878,57,0.052201759070158005,0.00922805443406105,7.983467367012054e-05,6.386773748090491e-05,8.515698573319241e-05,3.042398684502935,0.014778350620464044,0.1588185727596283,8.278512477874756
336110603,XY-Warm-Same-State S2 p2=16,0,spsa,sequential,3,random_shared_stream,25,120,5,32,1.931614637374878,67,0.2952873706817627,0.05219992622733116,0.002629037480801344,0.0025545302778482437,0.002682256978005171,2.7877830530260264,0.014449008773880907,0.25,8.377923965454102
336110603,XY-Warm-Same-State S2 p2=16,0,spsa,sequential,3,random_shared_stream,30,120,5,32,1.931614637374878,77,0.44398465752601624,0.0784861370921135,0.006063822656869888,0.005775068886578083,0.006160073447972536,2.5829758087917942,0.014185372641231635,0.25,8.477009534835815
336110603,XY-Warm-Same-State S2 p2=16,0,spsa,sequential,3,random_shared_stream,35,120,5,32,1.931614637374878,87,0.20540142059326172,0.03631018474698067,0.0012720784870907664,0.001318429596722126,0.0011330253910273314,2.413867909110445,0.013966227856027484,0.25,8.57545518875122
336110603,XY-Warm-Same-State S2 p2=16,0,spsa,sequential,3,random_shared_stream,40,120,5,32,1.931614637374878,97,0.035261206328868866,0.006233359221369028,3.870299406116828e-05,3.885476689902134e-05,3.8247664633672684e-05,2.2713413047566253,0.013779134410346052,0.08009023219347,8.674742221832275
336110603,XY-Warm-Same-State S2 p2=16,0,spsa,sequential,3,random_shared_stream,45,120,5,32,1.931614637374878,107,0.0954110249876976,0.016866445541381836,0.00028336577815935016,0.00028447702061384916,0.0002800320216920227,2.1492144332598007,0.013616187769422706,0.205058753490448,8.77257513999939
336110603,XY-Warm-Same-State S2 p2=16,0,spsa,sequential,3,random_shared_stream,50,120,5,32,1.931614637374878,117,0.18122561275959015,0.03203646466135979,0.0010223259450867772,0.0009621890494599938,0.0010102984961122274,2.0431328873681855,0.013472060523173781,0.25,8.871015548706055
336110603,XY-Warm-Same-State S2 p2=16,0,spsa,sequential,3,random_shared_stream,55,120,5,32,1.931614637374878,127,0.028049472719430923,0.004958493169397116,2.4586654035374522e-05,2.4586654035374522e-05,2.4586654035374522e-05,1.9499316132957756,0.01334299625175472,0.05469455569982529,8.969957113265991
336110603,XY-Warm-Same-State S2 p2=16,0,spsa,sequential,3,random_shared_stream,60,120,5,32,1.931614637374878,137,0.07454108446836472,0.01317712664604187,0.0001627843885216862,0.0001627843885216862,0.0001627843885216862,1.867249056715229,0.013226249755755135,0.1391867697238922,9.068339347839355
336110603,XY-Warm-Same-State S2 p2=16,0,spsa,sequential,3,random_shared_stream,65,120,5,32,1.931614637374878,147,0.002621377119794488,0.0004633984062820673,2.0131695066538668e-07,2.0131695066538668e-07,2.0131695066538668e-07,1.7932836753078183,0.01311975565249048,0.004700873047113419,9.166980028152466
336110603,XY-Warm-Same-State S2 p2=16,0,spsa,sequential,3,random_shared_stream,70,120,5,32,1.931614637374878,157,0.08811339735984802,0.015576395206153393,0.00024167633091565222,0.0002388330758549273,0.00024262408260256052,1.7266347310066374,0.013021922119457682,0.15213964879512787,9.265228509902954
336110603,XY-Warm-Same-State S2 p2=16,0,spsa,sequential,3,random_shared_stream,75,120,5,32,1.931614637374878,167,0.03295743092894554,0.005826105829328299,3.275018389103934e-05,2.545763345551677e-05,3.341314004501328e-05,1.6661949793147268,0.01293149713891721,0.05491350591182709,9.364002704620361
336110603,XY-Warm-Same-State S2 p2=16,0,spsa,sequential,3,random_shared_stream,80,120,5,32,1.931614637374878,177,0.01081270631402731,0.0019114345777779818,3.639310534708784e-06,3.596494934754446e-06,3.4252332170581212e-06,1.6110764133963642,0.012847478719003411,0.017420096322894096,9.463536977767944
336110603,XY-Warm-Same-State S2 p2=16,0,spsa,sequential,3,random_shared_stream,85,120,5,32,1.931614637374878,187,0.3587731719017029,0.06342273950576782,0.0039595928974449635,0.003456787671893835,0.0039595928974449635,1.560557687978607,0.012769052840860788,0.25,9.563152551651001
336110603,XY-Warm-Same-State S2 p2=16,0,spsa,sequential,3,random_shared_stream,90,120,5,32,1.931614637374878,197,0.10809310525655746,0.01910834200680256,0.00034230819437652826,0.00034230819437652826,0.00034230819437652826,1.514046132459856,0.01269554947299621,0.16365793347358704,9.663322925567627
336110603,XY-Warm-Same-State S2 p2=16,0,spsa,sequential,3,random_shared_stream,95,120,5,32,1.931614637374878,207,0.1581139713525772,0.027950866147875786,0.0007324228063225746,0.0005859382217749953,0.0007812509429641068,1.471049807084966,0.012626410699612943,0.23259353637695312,9.76287317276001
336110603,XY-Warm-Same-State S2 p2=16,0,spsa,sequential,3,random_shared_stream,100,120,5,32,1.9313730001449585,217,0.161190003156662,0.028494635596871376,0.0007833993877284229,0.0007611977634951472,0.0007992576574906707,1.4311566138257603,0.012561167176266359,0.23068813979625702,9.86097240447998
336110603,XY-Warm-Same-State S2 p2=16,0,spsa,sequential,3,random_shared_stream,105,120,5,32,1.9313730001449585,227,0.4447946548461914,0.07862932980060577,0.005965215619653463,0.006085969042032957,0.00463692843914032,1.3940184533961115,0.01249942043693397,0.25,9.960741758346558
336110603,XY-Warm-Same-State S2 p2=16,0,spsa,sequential,3,random_shared_stream,110,120,5,32,1.9313730001449585,237,0.04713085666298866,0.008331636898219585,6.91450186423026e-05,6.833154475316405e-05,6.941617175471038e-05,1.359339051130557,0.012440829393713411,0.0640668123960495,10.060004234313965
336110603,XY-Warm-Same-State S2 p2=16,0,spsa,sequential,3,random_shared_stream,115,120,5,32,1.9313730001449585,247,0.2589568495750427,0.04577753692865372,0.0020628394559025764,0.0020628394559025764,0.001800891594029963,1.3268644901378994,0.012385099893453082,0.25,10.159571886062622
336110603,XY-Warm-Same-State S2 p2=16,0,spsa,sequential,3,random_shared_stream,120,120,5,32,1.9313730001449585,257,0.10441720485687256,0.018458528444170952,0.0003287389117758721,0.00031942242640070617,0.0003353935608174652,1.2963757692750641,0.012331976538504544,0.13536393642425537,10.259569644927979
336110603,XY-Warm-Same-State S2 p2=16,0,spsa,sequential,4,continuation,1,120,5,32,-0.14417044818401337,19,4.158355712890625,0.7351003885269165,0.5403725504875183,0.5319292545318604,0.5319292545318604,0.027664350874101108,0.02,0.11503820866346359,10.459105968475342
336110603,XY-Warm-Same-State S2 p2=16,0,spsa,sequential,4,continuation,5,120,5,32,-0.14417044818401337,27,107.17851257324219,18.94666290283203,353.3670654296875,358.9760437011719,336.5400390625,0.023538789851883984,0.016999416915812672,0.25,10.541299104690552
336110603,XY-Warm-Same-State S2 p2=16,0,spsa,sequential,4,continuation,10,120,5,32,-0.14417044818401337,37,5.54420804977417,0.9800867438316345,0.9605700969696045,0.9605700373649597,0.9605700969696045,0.02015468098879032,0.015850026609609436,0.11174173653125763,10.64085054397583
336110603,XY-Warm-Same-State S2 p2=16,0,spsa,sequential,4,continuation,15,120,5,32,-0.14417044818401337,47,11.447461128234863,2.02364444732666,3.951166868209839,3.071352481842041,4.031149864196777,0.017816951438671562,0.015214047873475552,0.20395886898040771,10.73987603187561
336110603,XY-Warm-Same-State S2 p2=16,0,spsa,sequential,4,continuation,20,120,5,32,-0.14417044818401337,57,120.47132110595703,21.29652214050293,446.4552917480469,446.4552917480469,389.7625427246094,0.016084741858649002,0.014778350620464044,0.25,10.838899374008179
336110603,XY-Warm-Same-State S2 p2=16,0,spsa,sequential,4,continuation,25,120,5,32,-0.14417044818401337,67,26.763469696044922,4.7311577796936035,22.296417236328125,22.383853912353516,22.034107208251953,0.014738624163310827,0.014449008773880907,0.25,10.937973976135254
336110603,XY-Warm-Same-State S2 p2=16,0,spsa,sequential,4,continuation,30,120,5,32,-0.14417044818401337,77,1.9066928625106812,0.3370588719844818,0.10961462557315826,0.09763246029615402,0.11360868066549301,0.013655836535552199,0.014185372641231635,0.026037488132715225,11.03718090057373
336110603,XY-Warm-Same-State S2 p2=16,0,spsa,sequential,4,continuation,35,120,5,32,-0.14417044818401337,87,101.884033203125,18.010723114013672,292.7077941894531,304.1120300292969,278.76934814453125,0.012761786414347517,0.013966227856027484,0.25,11.136003255844116
336110603,XY-Warm-Same-State S2 p2=16,0,spsa,sequential,4,continuation,40,120,5,32,-0.14417044818401337,97,27.87087631225586,4.926921367645264,24.179729461669922,24.274553298950195,23.895263671875,0.012008267932138623,0.013779134410346052,0.25,11.235403299331665
336110603,XY-Warm-Same-State S2 p2=16,0,spsa,sequential,4,continuation,45,120,5,32,-0.14417044818401337,107,64.58954620361328,11.417926788330078,129.8597869873047,130.36904907226562,128.33203125,0.011362600021474325,0.013616187769422706,0.25,11.334397554397583
336110603,XY-Warm-Same-State S2 p2=16,0,spsa,sequential,4,continuation,50,120,5,32,-0.14417044818401337,117,12.711190223693848,2.247042179107666,4.970305442810059,4.73362398147583,5.049199104309082,0.010801761532316276,0.013472060523173781,0.13730323314666748,11.433028221130371
336110603,XY-Warm-Same-State S2 p2=16,0,spsa,sequential,4,continuation,55,120,5,32,-0.14417044818401337,127,123.81858825683594,21.888240814208984,462.25189208984375,471.6092224121094,449.1516418457031,0.010309019262216054,0.01334299625175472,0.25,11.531219720840454
336110603,XY-Warm-Same-State S2 p2=16,0,spsa,sequential,4,continuation,60,120,5,32,-0.14417044818401337,137,99.9422378540039,17.667457580566406,252.39370727539062,190.20974731445312,292.6304016113281,0.009871887999444516,0.013226249755755135,0.25,11.630027532577515
336110603,XY-Warm-Same-State S2 p2=16,0,spsa,sequential,4,continuation,65,120,5,32,-0.14417044818401337,147,21.03030776977539,3.717668294906616,13.335161209106445,10.365793228149414,13.605103492736816,0.00948084323845551,0.01311975565249048,0.19938504695892334,11.730556726455688
336110603,XY-Warm-Same-State S2 p2=16,0,spsa,sequential,4,continuation,70,120,5,32,-0.14417044818401337,157,47.69788360595703,8.43187427520752,70.81879425048828,69.98562622070312,66.6529769897461,0.009128479470453447,0.013021922119457682,0.25,11.82896614074707
336110603,XY-Warm-Same-State S2 p2=16,0,spsa,sequential,4,continuation,75,120,5,32,-0.14417044818401337,167,29.650684356689453,5.241549968719482,27.366525650024414,25.756731033325195,23.610336303710938,0.008808942846631886,0.01293149713891721,0.25,11.925799369812012
336110603,XY-Warm-Same-State S2 p2=16,0,spsa,sequential,4,continuation,80,120,5,32,-0.14417044818401337,177,91.1080322265625,16.105775833129883,222.91845703125,222.91847229003906,222.91845703125,0.008517538597434796,0.012847478719003411,0.25,12.025849103927612
336110603,XY-Warm-Same-State S2 p2=16,0,spsa,sequential,4,continuation,85,120,5,32,-0.14417044818401337,187,45.01902389526367,7.958314418792725,57.14973449707031,62.34516525268555,47.50107955932617,0.008250453069981857,0.012769052840860788,0.25,12.12364411354065
336110603,XY-Warm-Same-State S2 p2=16,0,spsa,sequential,4,continuation,90,120,5,32,-0.14417044818401337,197,23.21561050415039,4.103979110717773,16.250518798828125,12.631982803344727,16.579477310180664,0.008004552896617313,0.01269554947299621,0.18583059310913086,12.220202922821045
336110603,XY-Warm-Same-State S2 p2=16,0,spsa,sequential,4,continuation,95,120,5,32,-0.14417044818401337,207,4.539240837097168,0.8024320006370544,0.6413819193840027,0.6036535501480103,0.6338362693786621,0.007777237259765277,0.012626410699612943,0.03530275449156761,12.318201303482056
336110603,XY-Warm-Same-State S2 p2=16,0,spsa,sequential,4,continuation,100,120,5,32,-0.14417044818401337,217,16.15770721435547,2.8563060760498047,8.031007766723633,8.03100872039795,8.031007766723633,0.007566327454038631,0.012561167176266359,0.12225449830293655,12.415086269378662
336110603,XY-Warm-Same-State S2 p2=16,0,spsa,sequential,4,continuation,105,120,5,32,-0.14417044818401337,227,1.5727370977401733,0.27802327275276184,0.0697484165430069,0.06642705947160721,0.07246588170528412,0.0073699831265648,0.01249942043693397,0.011591046117246151,12.51505160331726
336110603,XY-Warm-Same-State S2 p2=16,0,spsa,sequential,4,continuation,110,120,5,32,-0.14417044818401337,237,18.51445960998535,3.2729249000549316,10.042534828186035,10.042534828186035,10.042534828186035,0.007186637914086566,0.012440829393713411,0.13305671513080597,12.613204002380371
336110603,XY-Warm-Same-State S2 p2=16,0,spsa,sequential,4,continuation,115,120,5,32,-0.14417044818401337,247,6.675951957702637,1.1801527738571167,1.3927605152130127,1.370998740196228,1.3709986209869385,0.00701494939305199,0.012385099893453082,0.046831466257572174,12.711227893829346
336110603,XY-Warm-Same-State S2 p2=16,0,spsa,sequential,4,continuation,120,120,5,32,-0.14417044818401337,257,8.258966445922852,1.45999276638031,2.1232523918151855,2.1315789222717285,2.0982730388641357,0.006853759734649532,0.012331976538504544,0.05660497397184372,12.809942245483398
336110603,XY-Warm-Same-State S2 p2=20,0,spsa,sequential,0,deterministic_linear_ramp,1,120,5,40,2.2994959354400635,19,8.991783142089844,1.4217257499694824,1.9758247137069702,1.940451979637146,2.001091241836548,0.021771441966442644,0.02,0.19576407968997955,0.2314903736114502
336110603,XY-Warm-Same-State S2 p2=20,0,spsa,sequential,0,deterministic_linear_ramp,5,120,5,40,1.7289998531341553,27,56.24588394165039,8.893256187438965,79.0899887084961,71.97188568115234,71.97188568115234,0.018524685417446392,0.016999416915812672,0.25,0.33155107498168945
336110603,XY-Warm-Same-State S2 p2=20,0,spsa,sequential,0,deterministic_linear_ramp,10,120,5,40,1.6894159317016602,37,17.31686782836914,2.738037586212158,7.478106498718262,7.421879768371582,7.196974754333496,0.015861440938793436,0.015850026609609436,0.25,0.45157766342163086
336110603,XY-Warm-Same-State S2 p2=20,0,spsa,sequential,0,deterministic_linear_ramp,15,120,5,40,1.5623116493225098,47,18.784160614013672,2.970036506652832,8.46827220916748,6.615837097167969,8.732904434204102,0.01402168176767562,0.015214047873475552,0.25,0.5720081329345703
336110603,XY-Warm-Same-State S2 p2=20,0,spsa,sequential,0,deterministic_linear_ramp,20,120,5,40,1.5115728378295898,57,10.177030563354492,1.6091299057006836,2.5828258991241455,2.563405752182007,2.589298963546753,0.01265845801025563,0.014778350620464044,0.12882553040981293,0.6913933753967285
336110603,XY-Warm-Same-State S2 p2=20,0,spsa,sequential,0,deterministic_linear_ramp,25,120,5,40,1.4612939357757568,67,30.083375930786133,4.756599426269531,22.625240325927734,20.588966369628906,20.58896827697754,0.01159908295325788,0.014449008773880907,0.25,0.8109383583068848
336110603,XY-Warm-Same-State S2 p2=20,0,spsa,sequential,0,deterministic_linear_ramp,30,120,5,40,1.4612939357757568,77,19.08495330810547,3.0175962448120117,7.2619452476501465,8.286356925964355,5.827767372131348,0.010746944831275106,0.014185372641231635,0.20510494709014893,0.9288144111633301
336110603,XY-Warm-Same-State S2 p2=20,0,spsa,sequential,0,deterministic_linear_ramp,35,120,5,40,1.4612939357757568,87,3.0639142990112305,0.4844473898410797,0.23468923568725586,0.23468926548957825,0.23468926548957825,0.01004334038317214,0.013966227856027484,0.030771933495998383,1.048065185546875
336110603,XY-Warm-Same-State S2 p2=20,0,spsa,sequential,0,deterministic_linear_ramp,40,120,5,40,1.4612939357757568,97,15.770302772521973,2.493504047393799,5.96885871887207,6.155385971069336,5.657980918884277,0.009450332291975207,0.013779134410346052,0.14903460443019867,1.1668667793273926
336110603,XY-Warm-Same-State S2 p2=20,0,spsa,sequential,0,deterministic_linear_ramp,45,120,5,40,1.4612939357757568,107,11.729962348937988,1.8546699285507202,3.405402421951294,3.405402660369873,3.130218505859375,0.00894220103270239,0.013616187769422706,0.10489168018102646,1.2859394550323486
336110603,XY-Warm-Same-State S2 p2=20,0,spsa,sequential,0,deterministic_linear_ramp,50,120,5,40,1.4612939357757568,117,7.120171546936035,1.1257981061935425,1.1882072687149048,1.2547467947006226,1.0646337270736694,0.00850082929494429,0.013472060523173781,0.060527365654706955,1.4049406051635742
336110603,XY-Warm-Same-State S2 p2=20,0,spsa,sequential,0,deterministic_linear_ramp,55,120,5,40,1.4612939357757568,127,0.4444116950035095,0.07026765495538712,0.004888168070465326,0.0044931648299098015,0.004888168536126614,0.008113048291633515,0.01334299625175472,0.0036055331584066153,1.5235779285430908
336110603,XY-Warm-Same-State S2 p2=20,0,spsa,sequential,0,deterministic_linear_ramp,60,120,5,40,1.4612939357757568,137,15.962928771972656,2.523960590362549,6.227044105529785,5.351117134094238,6.306673526763916,0.00776903234264344,0.013226249755755135,0.12401651591062546,1.6421618461608887
336110603,XY-Warm-Same-State S2 p2=20,0,spsa,sequential,0,deterministic_linear_ramp,65,120,5,40,1.4612939357757568,147,47.815189361572266,7.560245037078857,57.0144157409668,54.87101364135742,56.585731506347656,0.007461285800572075,0.01311975565249048,0.25,1.7617053985595703
336110603,XY-Warm-Same-State S2 p2=20,0,spsa,sequential,0,deterministic_linear_ramp,70,120,5,40,1.4612939357757568,157,8.038962364196777,1.271071434020996,1.5509977340698242,1.5509978532791138,1.5509978532791138,0.0071839806376551366,0.013021922119457682,0.057751741260290146,1.8803339004516602
336110603,XY-Warm-Same-State S2 p2=20,0,spsa,sequential,0,deterministic_linear_ramp,75,120,5,40,1.4612939357757568,167,12.517898559570312,1.9792534112930298,3.90765118598938,3.760746717453003,3.878269910812378,0.0069325099599824875,0.01293149713891721,0.08678045868873596,1.9957067966461182
336110603,XY-Warm-Same-State S2 p2=20,0,spsa,sequential,0,deterministic_linear_ramp,80,120,5,40,1.4612939357757568,177,23.168987274169922,3.6633384227752686,12.21224594116211,11.272842407226562,12.883249282836914,0.006703179052163911,0.012847478719003411,0.155305877327919,2.108292818069458
336110603,XY-Warm-Same-State S2 p2=20,0,spsa,sequential,0,deterministic_linear_ramp,85,120,5,40,1.4612939357757568,187,0.004605491645634174,0.0007281922153197229,4.971224143446307e-07,4.825401447305921e-07,5.090533363727445e-07,0.006492986624823708,0.012769052840860788,2.9903398171882145e-05,2.2229509353637695
336110603,XY-Warm-Same-State S2 p2=20,0,spsa,sequential,0,deterministic_linear_ramp,90,120,5,40,1.4612939357757568,197,0.11618991196155548,0.01837123930454254,0.0003299086238257587,0.000334127398673445,0.00028350201318971813,0.0062994667631682405,0.01269554947299621,0.0007319345022551715,2.345062017440796
336110603,XY-Warm-Same-State S2 p2=20,0,spsa,sequential,0,deterministic_linear_ramp,95,120,5,40,1.4134855270385742,207,0.28736305236816406,0.04543609172105789,0.002017988357692957,0.001878638518974185,0.002064438071101904,0.006120572661574763,0.012626410699612943,0.0017588264308869839,2.468057155609131
336110603,XY-Warm-Same-State S2 p2=20,0,spsa,sequential,0,deterministic_linear_ramp,100,120,5,40,1.3183283805847168,217,11.795393943786621,1.8650153875350952,3.4000213146209717,3.478282928466797,3.1652374267578125,0.005954589710576619,0.012561167176266359,0.07023672759532928,2.5891010761260986
336110603,XY-Warm-Same-State S2 p2=20,0,spsa,sequential,0,deterministic_linear_ramp,105,120,5,40,1.3183283805847168,227,17.548871994018555,2.7747201919555664,7.6798248291015625,7.622081756591797,7.699072360992432,0.005800069579217289,0.01249942043693397,0.10178467631340027,2.710845708847046
336110603,XY-Warm-Same-State S2 p2=20,0,spsa,sequential,0,deterministic_linear_ramp,110,120,5,40,1.3183283805847168,237,4.429014682769775,0.700288712978363,0.48917824029922485,0.4855002462863922,0.49040427803993225,0.005655779562384401,0.012440829393713411,0.02504952996969223,2.832271099090576
336110603,XY-Warm-Same-State S2 p2=20,0,spsa,sequential,0,deterministic_linear_ramp,115,120,5,40,1.3183283805847168,247,69.64256286621094,11.011456489562988,120.94905090332031,121.2521743774414,120.03965759277344,0.005520663192258109,0.012385099893453082,0.25,2.9527084827423096
336110603,XY-Warm-Same-State S2 p2=20,0,spsa,sequential,0,deterministic_linear_ramp,120,120,5,40,1.3183283805847168,257,9.84383487701416,1.55644690990448,2.3680200576782227,2.0349228382110596,2.398301601409912,0.0053938092743957096,0.012331976538504544,0.05309576168656349,3.0752434730529785
336110603,XY-Warm-Same-State S2 p2=20,0,spsa,sequential,1,random_shared_stream,1,120,5,40,1.9331650733947754,19,0.2943592667579651,0.04654228687286377,0.0021174452267587185,0.0020795369055122137,0.002144522499293089,1.228650018308312,0.02,0.25,3.328162431716919
336110603,XY-Warm-Same-State S2 p2=20,0,spsa,sequential,1,random_shared_stream,5,120,5,40,1.9329864978790283,27,0.3699561357498169,0.05849520117044449,0.003113736631348729,0.0028742183931171894,0.003284820821136236,1.0454224902688047,0.016999416915812672,0.25,3.4261887073516846
336110603,XY-Warm-Same-State S2 p2=20,0,spsa,sequential,1,random_shared_stream,10,120,5,40,1.9329864978790283,37,0.02999129332602024,0.004742039833217859,2.2262071070144884e-05,2.1587464289041236e-05,1.888902988866903e-05,0.8951248947994713,0.015850026609609436,0.02684595249593258,3.5463223457336426
336110603,XY-Warm-Same-State S2 p2=20,0,spsa,sequential,1,random_shared_stream,15,120,5,40,1.9319565296173096,47,0.1974802166223526,0.031224364414811134,0.0008555281674489379,0.0008189670625142753,0.0008872143807820976,0.791299886664462,0.015214047873475552,0.15626606345176697,3.6714112758636475
336110603,XY-Warm-Same-State S2 p2=20,0,spsa,sequential,1,random_shared_stream,20,120,5,40,1.9316182136535645,57,0.3090859353542328,0.04887077957391739,0.0023644694592803717,0.002292818622663617,0.0023883527610450983,0.7143676881865643,0.014778350620464044,0.2208009958267212,3.792726755142212
336110603,XY-Warm-Same-State S2 p2=20,0,spsa,sequential,1,random_shared_stream,25,120,5,40,1.9300005435943604,67,0.15729586780071259,0.02487066201865673,0.0006046324851922691,0.0005628804210573435,0.0006185498205013573,0.6545828937213253,0.014449008773880907,0.10296318680047989,3.915796995162964
336110603,XY-Warm-Same-State S2 p2=20,0,spsa,sequential,1,random_shared_stream,30,120,5,40,1.9300005435943604,77,0.039782412350177765,0.00629015127196908,3.867577834171243e-05,3.917035064660013e-05,3.798336911131628e-05,0.6064933128479449,0.014185372641231635,0.024127766489982605,4.036261320114136
336110603,XY-Warm-Same-State S2 p2=20,0,spsa,sequential,1,random_shared_stream,35,120,5,40,1.9300005435943604,87,0.05047456547617912,0.007980729453265667,6.305512215476483e-05,6.305512215476483e-05,6.305512215476483e-05,0.5667860844808029,0.013966227856027484,0.028608283028006554,4.159921407699585
336110603,XY-Warm-Same-State S2 p2=20,0,spsa,sequential,1,random_shared_stream,40,120,5,40,1.9300005435943604,97,0.2811059355735779,0.04444675147533417,0.0018964933697134256,0.0017977174138650298,0.0019557583145797253,0.5333202532681017,0.013779134410346052,0.14991949498653412,4.281999826431274
336110603,XY-Warm-Same-State S2 p2=20,0,spsa,sequential,1,random_shared_stream,45,120,5,40,1.9300005435943604,107,0.036323558539152145,0.005743259098380804,3.2242864108411595e-05,2.770742321445141e-05,3.2655174436513335e-05,0.5046443629907899,0.013616187769422706,0.01833047717809677,4.40141487121582
336110603,XY-Warm-Same-State S2 p2=20,0,spsa,sequential,1,random_shared_stream,50,120,5,40,1.9300005435943604,117,0.3221827447414398,0.05094156414270401,0.002536654705181718,0.0024912413209676743,0.0025690924376249313,0.4797359809684543,0.013472060523173781,0.15456265211105347,4.524516820907593
336110603,XY-Warm-Same-State S2 p2=20,0,spsa,sequential,1,random_shared_stream,55,120,5,40,1.9300005435943604,127,0.20076219737529755,0.03174329549074173,0.0009446592885069549,0.0009673311142250896,0.0009169491822831333,0.45785193959206005,0.01334299625175472,0.09191936999559402,4.644989013671875
336110603,XY-Warm-Same-State S2 p2=20,0,spsa,sequential,1,random_shared_stream,60,120,5,40,1.9300005435943604,137,0.029442433267831802,0.004655257798731327,2.16714215639513e-05,2.1454707166412845e-05,2.1454707166412845e-05,0.4384377362206666,0.013226249755755135,0.012908673845231533,4.764978647232056
336110603,XY-Warm-Same-State S2 p2=20,0,spsa,sequential,1,random_shared_stream,65,120,5,40,1.9300005435943604,147,0.0925784483551979,0.01463793870061636,0.00021373355411924422,0.00021212652791291475,0.00021426922467071563,0.4210703613296003,0.01311975565249048,0.03898204118013382,4.884676933288574
336110603,XY-Warm-Same-State S2 p2=20,0,spsa,sequential,1,random_shared_stream,70,120,5,40,1.929695725440979,157,0.5938907265663147,0.09390237182378769,0.008729477412998676,0.0074068293906748295,0.008464948274195194,0.4054209158762381,0.013021922119457682,0.2407757043838501,5.002341270446777
336110603,XY-Warm-Same-State S2 p2=20,0,spsa,sequential,1,random_shared_stream,75,120,5,40,1.9295697212219238,167,0.0073753357864916325,0.0011661429889500141,1.3292918765728245e-06,1.3462906736094737e-06,1.3054938108325587e-06,0.3912294143118156,0.01293149713891721,0.002885448280721903,5.12460994720459
336110603,XY-Warm-Same-State S2 p2=20,0,spsa,sequential,1,random_shared_stream,80,120,5,40,1.928612470626831,177,0.31243541836738586,0.04940037801861763,0.0024403973948210478,0.0024159932509064674,0.0024159932509064674,0.37828734898953437,0.012847478719003411,0.11819036304950714,5.249622583389282
336110603,XY-Warm-Same-State S2 p2=20,0,spsa,sequential,1,random_shared_stream,85,120,5,40,1.928612470626831,187,0.25324299931526184,0.040041234344244,0.0015672261361032724,0.0015872673830017447,0.0015391682973131537,0.36642534508102587,0.012769052840860788,0.09279465675354004,5.369690418243408
336110603,XY-Warm-Same-State S2 p2=20,0,spsa,sequential,1,random_shared_stream,90,120,5,40,1.928612470626831,197,0.2740098536014557,0.04332476109266281,0.001872342312708497,0.0018019534181803465,0.0018582645570859313,0.3555042410984557,0.01269554947299621,0.09741166234016418,5.492774486541748
336110603,XY-Warm-Same-State S2 p2=20,0,spsa,sequential,1,random_shared_stream,95,120,5,40,1.928612470626831,207,0.22129195928573608,0.034989334642887115,0.001196707715280354,0.001175283221527934,0.00121201085858047,0.34540852756984053,0.012626410699612943,0.0764361321926117,5.613554954528809
336110603,XY-Warm-Same-State S2 p2=20,0,spsa,sequential,1,random_shared_stream,100,120,5,40,1.928612470626831,217,0.324838787317276,0.05136152729392052,0.0025324858725070953,0.0025324858725070953,0.0025324858725070953,0.33604144218812476,0.012561167176266359,0.10915930569171906,5.734137058258057
336110603,XY-Warm-Same-State S2 p2=20,0,spsa,sequential,1,random_shared_stream,105,120,5,40,1.9283246994018555,227,0.41556406021118164,0.06570644676685333,0.004306544084101915,0.004274164326488972,0.004317337181419134,0.32732124981334915,0.01249942043693397,0.13602295517921448,5.853323936462402
336110603,XY-Warm-Same-State S2 p2=20,0,spsa,sequential,1,random_shared_stream,110,120,5,40,1.9283246994018555,237,0.7407750487327576,0.11712681502103806,0.012484008446335793,0.012484008446335793,0.012484008446335793,0.3191783839390222,0.012440829393713411,0.23643937706947327,5.968580007553101
336110603,XY-Warm-Same-State S2 p2=20,0,spsa,sequential,1,random_shared_stream,115,120,5,40,1.9283246994018555,247,0.2163809984922409,0.03421283885836601,0.0011236976133659482,0.00098323542624712,0.0011705183424055576,0.31155322383776196,0.012385099893453082,0.06741419434547424,6.09390926361084
336110603,XY-Warm-Same-State S2 p2=20,0,spsa,sequential,1,random_shared_stream,120,120,5,40,1.9248993396759033,257,0.49292081594467163,0.07793762534856796,0.005831302143633366,0.005102389492094517,0.006074273027479649,0.30439434714303726,0.012331976538504544,0.1500423103570938,6.215975761413574
336110603,XY-Warm-Same-State S2 p2=20,0,spsa,sequential,2,random_shared_stream,1,120,5,40,1.929129958152771,19,0.6434550285339355,0.10173916816711426,0.010117964819073677,0.009936823509633541,0.007763144560158253,0.9218313228915499,0.02,0.25,6.464895486831665
336110603,XY-Warm-Same-State S2 p2=20,0,spsa,sequential,2,random_shared_stream,5,120,5,40,1.929129958152771,27,1.734622597694397,0.27426791191101074,0.07353036850690842,0.074470654129982,0.07221397012472153,0.7843594048954332,0.016999416915812672,0.25,6.558773756027222
336110603,XY-Warm-Same-State S2 p2=20,0,spsa,sequential,2,random_shared_stream,10,120,5,40,1.929129958152771,37,0.7527315020561218,0.11901730298995972,0.012429891154170036,0.011898700147867203,0.012890256941318512,0.6715941510034598,0.015850026609609436,0.25,6.679840564727783
336110603,XY-Warm-Same-State S2 p2=20,0,spsa,sequential,2,random_shared_stream,15,120,5,40,1.929129958152771,47,0.8277320861816406,0.13087593019008636,0.016957221552729607,0.017128508538007736,0.016443368047475815,0.5936963418860185,0.015214047873475552,0.25,6.800979375839233
336110603,XY-Warm-Same-State S2 p2=20,0,spsa,sequential,2,random_shared_stream,20,120,5,40,1.889830470085144,57,1.2133606672286987,0.19184915721416473,0.036714084446430206,0.036806099116802216,0.03643804043531418,0.5359756653393473,0.014778350620464044,0.25,6.923921585083008
336110603,XY-Warm-Same-State S2 p2=20,0,spsa,sequential,2,random_shared_stream,25,120,5,40,1.8850306272506714,67,1.17892324924469,0.18640415370464325,0.034746501594781876,0.034399040043354034,0.034399040043354034,0.49112034010476835,0.014449008773880907,0.25,7.044282913208008
336110603,XY-Warm-Same-State S2 p2=20,0,spsa,sequential,2,random_shared_stream,30,120,5,40,1.8726862668991089,77,2.671720027923584,0.422435998916626,0.17845217883586884,0.17845217883586884,0.17845217883586884,0.45503969769787245,0.014185372641231635,0.25,7.1677234172821045
336110603,XY-Warm-Same-State S2 p2=20,0,spsa,sequential,2,random_shared_stream,35,120,5,40,1.857961654663086,87,0.17326001822948456,0.027394814416766167,0.0007335901609621942,0.000682933023199439,0.0007504758541472256,0.42524816527724263,0.013966227856027484,0.07367850095033646,7.289773225784302
336110603,XY-Warm-Same-State S2 p2=20,0,spsa,sequential,2,random_shared_stream,40,120,5,40,1.857961654663086,97,0.05504478141665459,0.00870334543287754,7.499071944039315e-05,7.499071944039315e-05,7.499071944039315e-05,0.4001394272324203,0.013779134410346052,0.022025588899850845,7.408147811889648
336110603,XY-Warm-Same-State S2 p2=20,0,spsa,sequential,2,random_shared_stream,45,120,5,40,1.857961654663086,107,2.1410412788391113,0.3385283350944519,0.11431492865085602,0.11345541477203369,0.11001737415790558,0.37862448524281783,0.013616187769422706,0.25,7.529686212539673
336110603,XY-Warm-Same-State S2 p2=20,0,spsa,sequential,2,random_shared_stream,50,120,5,40,1.857961654663086,117,7.909063339233398,1.2505327463150024,1.5481939315795898,1.5481938123703003,1.5481939315795898,0.35993622869409586,0.013472060523173781,0.25,7.65012788772583
336110603,XY-Warm-Same-State S2 p2=20,0,spsa,sequential,2,random_shared_stream,55,120,5,40,1.857961654663086,127,0.3784986138343811,0.05984589084982872,0.003545715007930994,0.0035815301816910505,0.003438269253820181,0.34351707392129,0.01334299625175472,0.13002073764801025,7.770324945449829
336110603,XY-Warm-Same-State S2 p2=20,0,spsa,sequential,2,random_shared_stream,60,120,5,40,1.857961654663086,137,4.8712544441223145,0.7702129483222961,0.5872957110404968,0.5932279825210571,0.5694988965988159,0.32895098877901446,0.013226249755755135,0.25,7.89108681678772
336110603,XY-Warm-Same-State S2 p2=20,0,spsa,sequential,2,random_shared_stream,65,120,5,40,1.857961654663086,147,0.14182719588279724,0.0224248506128788,0.0004978451179340482,0.0004576152132358402,0.0004978451179340482,0.31592059775437714,0.01311975565249048,0.04480613395571709,8.011716604232788
336110603,XY-Warm-Same-State S2 p2=20,0,spsa,sequential,2,random_shared_stream,70,120,5,40,1.857961654663086,157,1.034293293952942,0.16353613138198853,0.025674303993582726,0.024337099865078926,0.026476625353097916,0.3041791345306554,0.013021922119457682,0.25,8.132901430130005
336110603,XY-Warm-Same-State S2 p2=20,0,spsa,sequential,2,random_shared_stream,75,120,5,40,1.857961654663086,167,0.5722153186798096,0.0904751867055893,0.00816529430449009,0.007858328521251678,0.008103901520371437,0.293531537195361,0.01293149713891721,0.16796325147151947,8.2538161277771
336110603,XY-Warm-Same-State S2 p2=20,0,spsa,sequential,2,random_shared_stream,80,120,5,40,1.857961654663086,177,0.7385717630386353,0.11677844822406769,0.01333036832511425,0.013637205585837364,0.012409856542944908,0.28382136666737456,0.012847478719003411,0.20962245762348175,8.373956441879272
336110603,XY-Warm-Same-State S2 p2=20,0,spsa,sequential,2,random_shared_stream,85,120,5,40,1.857961654663086,187,0.8935539722442627,0.1412833034992218,0.019911065697669983,0.019761357456445694,0.019162528216838837,0.2749215444298094,0.012769052840860788,0.24565723538398743,8.493393182754517
336110603,XY-Warm-Same-State S2 p2=20,0,spsa,sequential,2,random_shared_stream,90,120,5,40,1.857961654663086,197,1.8924139738082886,0.29921695590019226,0.08147300034761429,0.07520584762096405,0.08594954013824463,0.2667276604256808,0.01269554947299621,0.25,8.616117238998413
336110603,XY-Warm-Same-State S2 p2=20,0,spsa,sequential,2,random_shared_stream,95,120,5,40,1.857961654663086,207,0.2272929847240448,0.03593818098306656,0.001262492616660893,0.001291552558541298,0.0011753127910196781,0.2591530502283592,0.012626410699612943,0.058903664350509644,8.737579822540283
336110603,XY-Warm-Same-State S2 p2=20,0,spsa,sequential,2,random_shared_stream,100,120,5,40,1.857961654663086,217,0.8921661972999573,0.1410638689994812,0.018108103424310684,0.018108103424310684,0.018108103424310684,0.2521251150308697,0.012561167176266359,0.22493751347064972,8.857871055603027
336110603,XY-Warm-Same-State S2 p2=20,0,spsa,sequential,2,random_shared_stream,105,120,5,40,1.857961654663086,227,0.3096749782562256,0.048963915556669235,0.0023914710618555546,0.0023974645882844925,0.0023734900169074535,0.2455825306065629,0.01249942043693397,0.076050765812397,8.976011276245117
336110603,XY-Warm-Same-State S2 p2=20,0,spsa,sequential,2,random_shared_stream,110,120,5,40,1.857961654663086,237,0.7580467462539673,0.11985772103071213,0.01436587143689394,0.014222213998436928,0.014222212135791779,0.2394731026089998,0.012440829393713411,0.18153181672096252,9.098408937454224
336110603,XY-Warm-Same-State S2 p2=20,0,spsa,sequential,2,random_shared_stream,115,120,5,40,1.857961654663086,247,0.9003141522407532,0.1423521637916565,0.020061498507857323,0.020061496645212173,0.020061498507857323,0.23375209880916853,0.012385099893453082,0.21045032143592834,9.219249248504639
336110603,XY-Warm-Same-State S2 p2=20,0,spsa,sequential,2,random_shared_stream,120,120,5,40,1.857961654663086,257,0.07562704384326935,0.011957685463130474,0.00013726679026149213,0.00013726679026149213,0.00013726680481340736,0.22838093804281628,0.012331976538504544,0.017271773889660835,9.339977979660034
336110603,XY-Warm-Same-State S2 p2=20,0,spsa,sequential,3,random_shared_stream,1,120,5,40,1.932710886001587,19,0.11115045100450516,0.017574429512023926,0.00030577194411307573,0.0003057719732169062,0.00028106311219744384,2.689464542630999,0.02,0.25,9.587748050689697
336110603,XY-Warm-Same-State S2 p2=20,0,spsa,sequential,3,random_shared_stream,5,120,5,40,1.932710886001587,27,0.06138216331601143,0.009705372154712677,9.325230348622426e-05,9.325231076218188e-05,8.571676153223962e-05,2.2883869920241304,0.016999416915812672,0.14046615362167358,9.68283748626709
336110603,XY-Warm-Same-State S2 p2=20,0,spsa,sequential,3,random_shared_stream,10,120,5,40,1.932710886001587,37,0.13456839323043823,0.021277129650115967,0.0004346075584180653,0.0004346076457295567,0.00043460758752189577,1.9593917144152742,0.015850026609609436,0.25,9.806380987167358
336110603,XY-Warm-Same-State S2 p2=20,0,spsa,sequential,3,random_shared_stream,15,120,5,40,1.932710886001587,47,0.3119543194770813,0.049324315041303635,0.0023781475611031055,0.0018246658146381378,0.002335572149604559,1.7321230261341718,0.015214047873475552,0.25,9.92736291885376
336110603,XY-Warm-Same-State S2 p2=20,0,spsa,sequential,3,random_shared_stream,20,120,5,40,1.9325265884399414,57,0.4177519679069519,0.0660523921251297,0.004319288767874241,0.003970255143940449,0.004319288302212954,1.563721596182753,0.014778350620464044,0.25,10.04944896697998
336110603,XY-Warm-Same-State S2 p2=20,0,spsa,sequential,3,random_shared_stream,25,120,5,40,1.9325265884399414,67,0.2801791727542877,0.04430022090673447,0.0015651013236492872,0.001256006071344018,0.001785883679986,1.4328551309511588,0.014449008773880907,0.25,10.170588731765747
336110603,XY-Warm-Same-State S2 p2=20,0,spsa,sequential,3,random_shared_stream,30,120,5,40,1.9325265884399414,77,0.0024183031637221575,0.00038236728869378567,1.370669480138531e-07,1.3304631352184515e-07,1.4035654771760164e-07,1.3275890090273423,0.014185372641231635,0.0032105129212141037,10.291295528411865
336110603,XY-Warm-Same-State S2 p2=20,0,spsa,sequential,3,random_shared_stream,35,120,5,40,1.9319558143615723,87,0.29078209400177,0.045976683497428894,0.0020662937313318253,0.0019236085936427116,0.0021138552110642195,1.240671513248831,0.013966227856027484,0.25,10.411104202270508
336110603,XY-Warm-Same-State S2 p2=20,0,spsa,sequential,3,random_shared_stream,40,120,5,40,1.9319558143615723,97,0.5102859139442444,0.08068329095840454,0.006493519060313702,0.00644469540566206,0.006249401718378067,1.167416180082305,0.013779134410346052,0.25,10.528985261917114
336110603,XY-Warm-Same-State S2 p2=20,0,spsa,sequential,3,random_shared_stream,45,120,5,40,1.9319558143615723,107,0.0964013934135437,0.015242399647831917,0.00022710328630637378,0.00021142096375115216,0.00023233072715811431,1.1046458313418273,0.013616187769422706,0.1064893901348114,10.649788618087769
336110603,XY-Warm-Same-State S2 p2=20,0,spsa,sequential,3,random_shared_stream,50,120,5,40,1.9319558143615723,117,0.09275975078344345,0.014666604809463024,0.00021510929218493402,0.0002151092776330188,0.00021510929218493402,1.0501224037870744,0.013472060523173781,0.09740909934043884,10.771439552307129
336110603,XY-Warm-Same-State S2 p2=20,0,spsa,sequential,3,random_shared_stream,55,120,5,40,1.9319558143615723,127,0.15188537538051605,0.024015188217163086,0.0005752873839810491,0.00048445258289575577,0.0005248236120678484,1.002219133975286,0.01334299625175472,0.1522224396467209,10.890966653823853
336110603,XY-Warm-Same-State S2 p2=20,0,spsa,sequential,3,random_shared_stream,60,120,5,40,1.9319558143615723,137,0.04506145790219307,0.007124842144548893,4.87328325107228e-05,4.87328325107228e-05,4.87328325107228e-05,0.9597222383477733,0.013226249755755135,0.04324648156762123,11.010935544967651
336110603,XY-Warm-Same-State S2 p2=20,0,spsa,sequential,3,random_shared_stream,65,120,5,40,1.9319558143615723,147,0.14392471313476562,0.02275649644434452,0.0005062062991783023,0.0004971438320353627,0.0005126795149408281,0.92170576638905,0.01311975565249048,0.1326562464237213,11.130652666091919
336110603,XY-Warm-Same-State S2 p2=20,0,spsa,sequential,3,random_shared_stream,70,120,5,40,1.9319558143615723,157,0.021682873368263245,0.0034283630084246397,1.101906946132658e-05,1.1753674698411487e-05,8.815255569061264e-06,0.8874497715723926,0.013021922119457682,0.019242461770772934,11.252898216247559
336110603,XY-Warm-Same-State S2 p2=20,0,spsa,sequential,3,random_shared_stream,75,120,5,40,1.9319558143615723,167,0.008249882608652115,0.0013044209918007255,1.5951691239024512e-06,1.6334533938788809e-06,1.548377667859313e-06,0.8563851561852067,0.01293149713891721,0.007065076846629381,11.374603748321533
336110603,XY-Warm-Same-State S2 p2=20,0,spsa,sequential,3,random_shared_stream,80,120,5,40,1.9319558143615723,177,0.38294464349746704,0.06054886803030968,0.0036569994408637285,0.00351951876655221,0.003629503306001425,0.8280555055328471,0.012847478719003411,0.25,11.495716094970703
336110603,XY-Warm-Same-State S2 p2=20,0,spsa,sequential,3,random_shared_stream,85,120,5,40,1.9319558143615723,187,0.14288833737373352,0.022592630237340927,0.0005091508501209319,0.0005053227068856359,0.0005104269366711378,0.8020900650566329,0.012769052840860788,0.11460931599140167,11.617895603179932
336110603,XY-Warm-Same-State S2 p2=20,0,spsa,sequential,3,random_shared_stream,90,120,5,40,1.931885838508606,197,0.4089362323284149,0.0646585002541542,0.003668583231046796,0.003804456442594528,0.0035118062514811754,0.7781842159622343,0.01269554947299621,0.25,11.73799753189087
336110603,XY-Warm-Same-State S2 p2=20,0,spsa,sequential,3,random_shared_stream,95,120,5,40,1.931885838508606,207,0.06986280530691147,0.011046280153095722,0.00011439403897384182,0.00010249704064335674,0.00012080010492354631,0.7560851127488103,0.012626410699612943,0.05282222852110863,11.858248949050903
336110603,XY-Warm-Same-State S2 p2=20,0,spsa,sequential,3,random_shared_stream,100,120,5,40,1.931885838508606,217,0.01863681524991989,0.0029467393178492785,7.619571078976151e-06,7.293948328879196e-06,7.90177728049457e-06,0.7355809466913286,0.012561167176266359,0.013708885759115219,11.978176832199097
336110603,XY-Warm-Same-State S2 p2=20,0,spsa,sequential,3,random_shared_stream,105,120,5,40,1.929818868637085,227,0.6618141531944275,0.10464201122522354,0.010840450413525105,0.010840450413525105,0.010840450413525105,0.716492802917749,0.01249942043693397,0.25,12.0975501537323
336110603,XY-Warm-Same-State S2 p2=20,0,spsa,sequential,3,random_shared_stream,110,120,5,40,1.929818868637085,237,0.5560888051986694,0.08792535960674286,0.007711541838943958,0.007653559558093548,0.007730868645012379,0.6986684031960483,0.012440829393713411,0.25,12.223002195358276
336110603,XY-Warm-Same-State S2 p2=20,0,spsa,sequential,3,random_shared_stream,115,120,5,40,1.929818868637085,247,0.08087273687124252,0.012787100858986378,0.00015983099001459777,0.00016187487926799804,0.00015696957416366786,0.6819772401971169,0.012385099893453082,0.05515335872769356,12.344566345214844
336110603,XY-Warm-Same-State S2 p2=20,0,spsa,sequential,3,random_shared_stream,120,120,5,40,1.929818868637085,257,0.24253229796886444,0.03834772855043411,0.0014668714720755816,0.0013381987810134888,0.0014117261162027717,0.6663067524677967,0.012331976538504544,0.16160090267658234,12.464951276779175
336110603,XY-Warm-Same-State S2 p2=20,0,spsa,sequential,4,continuation,1,120,5,40,-0.14417050778865814,19,13.954504013061523,2.2064008712768555,4.563941478729248,4.673476219177246,4.430066108703613,0.056865368524669606,0.02,0.25,12.708391666412354
336110603,XY-Warm-Same-State S2 p2=20,0,spsa,sequential,4,continuation,5,120,5,40,-0.14417050778865814,27,46.02409362792969,7.277047634124756,49.64571762084961,52.95542526245117,39.71657180786133,0.04838508467607877,0.016999416915812672,0.25,12.806396961212158
336110603,XY-Warm-Same-State S2 p2=20,0,spsa,sequential,4,continuation,10,120,5,40,-0.14417050778865814,37,87.2981948852539,13.803057670593262,190.52438354492188,182.90341186523438,182.90341186523438,0.04142889045691205,0.015850026609609436,0.25,12.928216218948364
336110603,XY-Warm-Same-State S2 p2=20,0,spsa,sequential,4,continuation,15,120,5,40,-0.14417050778865814,47,46.076534271240234,7.285340309143066,52.94348907470703,52.54541015625,53.076171875,0.03662357790924025,0.015214047873475552,0.25,13.048553705215454
336110603,XY-Warm-Same-State S2 p2=20,0,spsa,sequential,4,continuation,20,120,5,40,-0.14417050778865814,57,55.33131790161133,8.748649597167969,73.47731018066406,69.65037536621094,75.77348327636719,0.03306294001181673,0.014778350620464044,0.25,13.167738437652588
336110603,XY-Warm-Same-State S2 p2=20,0,spsa,sequential,4,continuation,25,120,5,40,-0.14417050778865814,67,299.9228820800781,47.421974182128906,2226.35498046875,2226.35498046875,2046.447509765625,0.03029593206099412,0.014449008773880907,0.25,13.282896280288696
336110603,XY-Warm-Same-State S2 p2=20,0,spsa,sequential,4,continuation,30,120,5,40,-0.14417050778865814,77,187.0270233154297,29.571569442749023,819.8226318359375,865.7327880859375,734.5611572265625,0.02807021139374756,0.014185372641231635,0.25,13.402944564819336
336110603,XY-Warm-Same-State S2 p2=20,0,spsa,sequential,4,continuation,35,120,5,40,-0.14417050778865814,87,23.503440856933594,3.7162201404571533,13.77576732635498,13.67219066619873,13.810295104980469,0.02623244950830872,0.013966227856027484,0.25,13.526510238647461
336110603,XY-Warm-Same-State S2 p2=20,0,spsa,sequential,4,continuation,40,120,5,40,-0.14417050778865814,97,98.5536880493164,15.5827054977417,237.35726928710938,233.10791015625,240.3925323486328,0.024683556986811926,0.013779134410346052,0.25,13.647704362869263
336110603,XY-Warm-Same-State S2 p2=20,0,spsa,sequential,4,continuation,45,120,5,40,-0.14417050778865814,107,271.91229248046875,42.99311065673828,1829.9232177734375,1829.9232177734375,1682.05078125,0.023356356364915107,0.013616187769422706,0.25,13.767319440841675
336110603,XY-Warm-Same-State S2 p2=20,0,spsa,sequential,4,continuation,50,120,5,40,-0.14417050778865814,117,127.53414154052734,20.164920806884766,390.3589782714844,402.5577087402344,370.0278015136719,0.022203526590815894,0.013472060523173781,0.25,13.888519763946533
336110603,XY-Warm-Same-State S2 p2=20,0,spsa,sequential,4,continuation,55,120,5,40,-0.14417050778865814,127,3.877823829650879,0.6131378412246704,0.3749980926513672,0.3721785545349121,0.3609004318714142,0.021190671783397903,0.01334299625175472,0.08217369019985199,14.009403228759766
336110603,XY-Warm-Same-State S2 p2=20,0,spsa,sequential,4,continuation,60,120,5,40,-0.14417050778865814,137,3.9751555919647217,0.6285272836685181,0.3910960853099823,0.37924468517303467,0.39504653215408325,0.02029212800536807,0.013226249755755135,0.08066435903310776,14.129369020462036
336110603,XY-Warm-Same-State S2 p2=20,0,spsa,sequential,4,continuation,65,120,5,40,-0.14417050778865814,147,3.6714162826538086,0.5805019736289978,0.32940036058425903,0.30665403604507446,0.3369824290275574,0.019488317189618947,0.01311975565249048,0.07154973596334457,14.249162673950195
336110603,XY-Warm-Same-State S2 p2=20,0,spsa,sequential,4,continuation,70,120,5,40,-0.14417050778865814,157,4.2418532371521,0.670695960521698,0.4487083852291107,0.44533467292785645,0.4498330056667328,0.018764016966079742,0.013021922119457682,0.0795942172408104,14.367071151733398
336110603,XY-Warm-Same-State S2 p2=20,0,spsa,sequential,4,continuation,75,120,5,40,-0.14417050778865814,167,17.35008430480957,2.7432892322540283,7.450379848480225,6.321534156799316,7.224610805511475,0.018107194474439328,0.01293149713891721,0.25,14.487936019897461
336110603,XY-Warm-Same-State S2 p2=20,0,spsa,sequential,4,continuation,80,120,5,40,-0.14417050778865814,177,16.14409065246582,2.552605152130127,6.3691864013671875,5.929370403289795,6.515791893005371,0.017508199396056322,0.012847478719003411,0.25,14.606235265731812
336110603,XY-Warm-Same-State S2 p2=20,0,spsa,sequential,4,continuation,85,120,5,40,-0.14417050778865814,187,4.8406081199646,0.765367329120636,0.5843226909637451,0.5799292922019958,0.5857871770858765,0.016959192588871994,0.012769052840860788,0.08209279924631119,14.726300477981567
336110603,XY-Warm-Same-State S2 p2=20,0,spsa,sequential,4,continuation,90,120,5,40,-0.14417050778865814,197,31.98590087890625,5.057415008544922,25.321672439575195,25.321670532226562,25.321672439575195,0.0164537332689591,0.01269554947299621,0.25,14.845832109451294
336110603,XY-Warm-Same-State S2 p2=20,0,spsa,sequential,4,continuation,95,120,5,40,-0.14417050778865814,207,12.68983268737793,2.006438970565796,3.9855384826660156,3.864764451980591,4.025795936584473,0.015986475334014653,0.012626410699612943,0.20286570489406586,14.96614694595337
336110603,XY-Warm-Same-State S2 p2=20,0,spsa,sequential,4,continuation,100,120,5,40,-0.14417050778865814,217,24.880762100219727,3.9339940547943115,14.857255935668945,15.321545600891113,14.083440780639648,0.015552940353103884,0.012561167176266359,0.25,15.0864896774292
336110603,XY-Warm-Same-State S2 p2=20,0,spsa,sequential,4,continuation,105,120,5,40,-0.14417050778865814,227,92.0376205444336,14.5524263381958,207.00820922851562,158.82981872558594,203.3021697998047,0.015149345394728035,0.01249942043693397,0.25,15.20644736289978
336110603,XY-Warm-Same-State S2 p2=20,0,spsa,sequential,4,continuation,110,120,5,40,-0.14417050778865814,237,26.643903732299805,4.212770938873291,17.569965362548828,17.569965362548828,17.569965362548828,0.01477247072587147,0.012440829393713411,0.25,15.327283143997192
336110603,XY-Warm-Same-State S2 p2=20,0,spsa,sequential,4,continuation,115,120,5,40,-0.14417050778865814,247,73.51876831054688,11.624338150024414,134.7873992919922,129.72019958496094,133.77395629882812,0.014419556932068096,0.012385099893453082,0.25,15.447729587554932
336110603,XY-Warm-Same-State S2 p2=20,0,spsa,sequential,4,continuation,120,120,5,40,-0.14417050778865814,257,12.25735855102539,1.9380584955215454,3.605827808380127,3.7185096740722656,3.4180240631103516,0.014088224041983823,0.012331976538504544,0.17268440127372742,15.56749701499939
